date,price,volume,sticker
May 04 2022 01: +0,0.081,17207,Sticker | FaZe Clan | Antwerp 2022
May 05 2022 01: +0,0.08,5643,Sticker | FaZe Clan | Antwerp 2022
May 06 2022 01: +0,0.087,4890,Sticker | FaZe Clan | Antwerp 2022
May 07 2022 01: +0,0.084,3800,Sticker | FaZe Clan | Antwerp 2022
May 08 2022 01: +0,0.085,3378,Sticker | FaZe Clan | Antwerp 2022
May 09 2022 01: +0,0.083,2786,Sticker | FaZe Clan | Antwerp 2022
May 10 2022 01: +0,0.085,2583,Sticker | FaZe Clan | Antwerp 2022
May 11 2022 01: +0,0.086,5225,Sticker | FaZe Clan | Antwerp 2022
May 12 2022 01: +0,0.084,4299,Sticker | FaZe Clan | Antwerp 2022
May 13 2022 01: +0,0.084,3586,Sticker | FaZe Clan | Antwerp 2022
May 14 2022 01: +0,0.084,3520,Sticker | FaZe Clan | Antwerp 2022
May 15 2022 01: +0,0.082,3124,Sticker | FaZe Clan | Antwerp 2022
May 16 2022 01: +0,0.083,2813,Sticker | FaZe Clan | Antwerp 2022
May 17 2022 01: +0,0.073,1886,Sticker | FaZe Clan | Antwerp 2022
May 18 2022 01: +0,0.082,2387,Sticker | FaZe Clan | Antwerp 2022
May 19 2022 01: +0,0.089,3632,Sticker | FaZe Clan | Antwerp 2022
May 20 2022 01: +0,0.094,2545,Sticker | FaZe Clan | Antwerp 2022
May 21 2022 01: +0,0.093,5810,Sticker | FaZe Clan | Antwerp 2022
May 22 2022 01: +0,0.128,29034,Sticker | FaZe Clan | Antwerp 2022
May 23 2022 01: +0,0.128,7594,Sticker | FaZe Clan | Antwerp 2022
May 24 2022 01: +0,0.126,3840,Sticker | FaZe Clan | Antwerp 2022
May 25 2022 01: +0,0.121,2536,Sticker | FaZe Clan | Antwerp 2022
May 26 2022 01: +0,0.129,2120,Sticker | FaZe Clan | Antwerp 2022
May 27 2022 01: +0,0.138,1615,Sticker | FaZe Clan | Antwerp 2022
May 28 2022 01: +0,0.129,1646,Sticker | FaZe Clan | Antwerp 2022
May 29 2022 01: +0,0.123,1697,Sticker | FaZe Clan | Antwerp 2022
May 30 2022 01: +0,0.11,1587,Sticker | FaZe Clan | Antwerp 2022
May 31 2022 01: +0,0.108,1417,Sticker | FaZe Clan | Antwerp 2022
Jun 01 2022 01: +0,0.119,1238,Sticker | FaZe Clan | Antwerp 2022
Jun 02 2022 01: +0,0.112,6909,Sticker | FaZe Clan | Antwerp 2022
Jun 03 2022 01: +0,0.03,32627,Sticker | FaZe Clan | Antwerp 2022
Jun 04 2022 01: +0,0.03,19702,Sticker | FaZe Clan | Antwerp 2022
Jun 05 2022 01: +0,0.03,21804,Sticker | FaZe Clan | Antwerp 2022
Jun 06 2022 01: +0,0.03,15308,Sticker | FaZe Clan | Antwerp 2022
Jun 07 2022 01: +0,0.03,16208,Sticker | FaZe Clan | Antwerp 2022
Jun 08 2022 01: +0,0.03,11878,Sticker | FaZe Clan | Antwerp 2022
Jun 09 2022 01: +0,0.03,11222,Sticker | FaZe Clan | Antwerp 2022
Jun 10 2022 01: +0,0.03,12908,Sticker | FaZe Clan | Antwerp 2022
Jun 11 2022 01: +0,0.03,12291,Sticker | FaZe Clan | Antwerp 2022
Jun 12 2022 01: +0,0.03,11429,Sticker | FaZe Clan | Antwerp 2022
Jun 13 2022 01: +0,0.03,13212,Sticker | FaZe Clan | Antwerp 2022
Jun 14 2022 01: +0,0.03,10801,Sticker | FaZe Clan | Antwerp 2022
Jun 15 2022 01: +0,0.03,12121,Sticker | FaZe Clan | Antwerp 2022
Jun 16 2022 01: +0,0.03,14164,Sticker | FaZe Clan | Antwerp 2022
Jun 17 2022 01: +0,0.03,13841,Sticker | FaZe Clan | Antwerp 2022
Jun 18 2022 01: +0,0.03,13048,Sticker | FaZe Clan | Antwerp 2022
Jun 19 2022 01: +0,0.03,13557,Sticker | FaZe Clan | Antwerp 2022
Jun 20 2022 01: +0,0.03,9647,Sticker | FaZe Clan | Antwerp 2022
Jun 21 2022 01: +0,0.03,10454,Sticker | FaZe Clan | Antwerp 2022
Jun 22 2022 01: +0,0.03,8624,Sticker | FaZe Clan | Antwerp 2022
Jun 23 2022 01: +0,0.03,9978,Sticker | FaZe Clan | Antwerp 2022
Jun 24 2022 01: +0,0.03,10696,Sticker | FaZe Clan | Antwerp 2022
Jun 25 2022 01: +0,0.03,8597,Sticker | FaZe Clan | Antwerp 2022
Jun 26 2022 01: +0,0.03,7676,Sticker | FaZe Clan | Antwerp 2022
Jun 27 2022 01: +0,0.03,6783,Sticker | FaZe Clan | Antwerp 2022
Jun 28 2022 01: +0,0.03,6286,Sticker | FaZe Clan | Antwerp 2022
Jun 29 2022 01: +0,0.03,7878,Sticker | FaZe Clan | Antwerp 2022
Jun 30 2022 01: +0,0.03,6005,Sticker | FaZe Clan | Antwerp 2022
Jul 01 2022 01: +0,0.03,6804,Sticker | FaZe Clan | Antwerp 2022
Jul 02 2022 01: +0,0.03,9012,Sticker | FaZe Clan | Antwerp 2022
Jul 03 2022 01: +0,0.03,9398,Sticker | FaZe Clan | Antwerp 2022
Jul 04 2022 01: +0,0.03,8862,Sticker | FaZe Clan | Antwerp 2022
Jul 05 2022 01: +0,0.03,9232,Sticker | FaZe Clan | Antwerp 2022
Jul 06 2022 01: +0,0.03,8760,Sticker | FaZe Clan | Antwerp 2022
Jul 07 2022 01: +0,0.03,8737,Sticker | FaZe Clan | Antwerp 2022
Jul 08 2022 01: +0,0.03,7600,Sticker | FaZe Clan | Antwerp 2022
Jul 09 2022 01: +0,0.03,8243,Sticker | FaZe Clan | Antwerp 2022
Jul 10 2022 01: +0,0.03,8477,Sticker | FaZe Clan | Antwerp 2022
Jul 11 2022 01: +0,0.03,7754,Sticker | FaZe Clan | Antwerp 2022
Jul 12 2022 01: +0,0.03,7177,Sticker | FaZe Clan | Antwerp 2022
Jul 13 2022 01: +0,0.03,5539,Sticker | FaZe Clan | Antwerp 2022
Jul 14 2022 01: +0,0.03,7298,Sticker | FaZe Clan | Antwerp 2022
Jul 15 2022 01: +0,0.03,6297,Sticker | FaZe Clan | Antwerp 2022
Jul 16 2022 01: +0,0.03,6745,Sticker | FaZe Clan | Antwerp 2022
Jul 17 2022 01: +0,0.03,11137,Sticker | FaZe Clan | Antwerp 2022
Jul 18 2022 01: +0,0.03,9422,Sticker | FaZe Clan | Antwerp 2022
Jul 19 2022 01: +0,0.03,6879,Sticker | FaZe Clan | Antwerp 2022
Jul 20 2022 01: +0,0.03,5748,Sticker | FaZe Clan | Antwerp 2022
Jul 21 2022 01: +0,0.03,6717,Sticker | FaZe Clan | Antwerp 2022
Jul 22 2022 01: +0,0.03,6499,Sticker | FaZe Clan | Antwerp 2022
Jul 23 2022 01: +0,0.03,8002,Sticker | FaZe Clan | Antwerp 2022
Jul 24 2022 01: +0,0.03,6767,Sticker | FaZe Clan | Antwerp 2022
Jul 25 2022 01: +0,0.03,6710,Sticker | FaZe Clan | Antwerp 2022
Jul 26 2022 01: +0,0.03,6679,Sticker | FaZe Clan | Antwerp 2022
Jul 27 2022 01: +0,0.03,6268,Sticker | FaZe Clan | Antwerp 2022
Jul 28 2022 01: +0,0.03,6081,Sticker | FaZe Clan | Antwerp 2022
Jul 29 2022 01: +0,0.03,5516,Sticker | FaZe Clan | Antwerp 2022
Jul 30 2022 01: +0,0.03,6269,Sticker | FaZe Clan | Antwerp 2022
Jul 31 2022 01: +0,0.03,6657,Sticker | FaZe Clan | Antwerp 2022
Aug 01 2022 01: +0,0.03,6517,Sticker | FaZe Clan | Antwerp 2022
Aug 02 2022 01: +0,0.03,6986,Sticker | FaZe Clan | Antwerp 2022
Aug 03 2022 01: +0,0.03,7099,Sticker | FaZe Clan | Antwerp 2022
Aug 04 2022 01: +0,0.03,7494,Sticker | FaZe Clan | Antwerp 2022
Aug 05 2022 01: +0,0.03,5802,Sticker | FaZe Clan | Antwerp 2022
Aug 06 2022 01: +0,0.03,6231,Sticker | FaZe Clan | Antwerp 2022
Aug 07 2022 01: +0,0.03,7180,Sticker | FaZe Clan | Antwerp 2022
Aug 08 2022 01: +0,0.03,7378,Sticker | FaZe Clan | Antwerp 2022
Aug 09 2022 01: +0,0.03,3473,Sticker | FaZe Clan | Antwerp 2022
Aug 10 2022 01: +0,0.03,6172,Sticker | FaZe Clan | Antwerp 2022
Aug 11 2022 01: +0,0.03,5519,Sticker | FaZe Clan | Antwerp 2022
Aug 12 2022 01: +0,0.03,5157,Sticker | FaZe Clan | Antwerp 2022
Aug 13 2022 01: +0,0.03,5936,Sticker | FaZe Clan | Antwerp 2022
Aug 14 2022 01: +0,0.03,4576,Sticker | FaZe Clan | Antwerp 2022
Aug 15 2022 01: +0,0.03,5037,Sticker | FaZe Clan | Antwerp 2022
Aug 16 2022 01: +0,0.03,5562,Sticker | FaZe Clan | Antwerp 2022
Aug 17 2022 01: +0,0.03,6354,Sticker | FaZe Clan | Antwerp 2022
Aug 18 2022 01: +0,0.03,5373,Sticker | FaZe Clan | Antwerp 2022
Aug 19 2022 01: +0,0.03,4419,Sticker | FaZe Clan | Antwerp 2022
Aug 20 2022 01: +0,0.03,4383,Sticker | FaZe Clan | Antwerp 2022
Aug 21 2022 01: +0,0.03,4947,Sticker | FaZe Clan | Antwerp 2022
Aug 22 2022 01: +0,0.03,4025,Sticker | FaZe Clan | Antwerp 2022
Aug 23 2022 01: +0,0.03,5158,Sticker | FaZe Clan | Antwerp 2022
Aug 24 2022 01: +0,0.03,4266,Sticker | FaZe Clan | Antwerp 2022
Aug 25 2022 01: +0,0.03,4982,Sticker | FaZe Clan | Antwerp 2022
Aug 26 2022 01: +0,0.03,3958,Sticker | FaZe Clan | Antwerp 2022
Aug 27 2022 01: +0,0.03,3966,Sticker | FaZe Clan | Antwerp 2022
Aug 28 2022 01: +0,0.03,4574,Sticker | FaZe Clan | Antwerp 2022
Aug 29 2022 01: +0,0.03,3694,Sticker | FaZe Clan | Antwerp 2022
Aug 30 2022 01: +0,0.03,3599,Sticker | FaZe Clan | Antwerp 2022
Aug 31 2022 01: +0,0.03,4158,Sticker | FaZe Clan | Antwerp 2022
Sep 01 2022 01: +0,0.03,3571,Sticker | FaZe Clan | Antwerp 2022
Sep 02 2022 01: +0,0.03,3757,Sticker | FaZe Clan | Antwerp 2022
Sep 03 2022 01: +0,0.03,3657,Sticker | FaZe Clan | Antwerp 2022
Sep 04 2022 01: +0,0.03,3716,Sticker | FaZe Clan | Antwerp 2022
Sep 05 2022 01: +0,0.03,4126,Sticker | FaZe Clan | Antwerp 2022
Sep 06 2022 01: +0,0.03,2789,Sticker | FaZe Clan | Antwerp 2022
Sep 07 2022 01: +0,0.03,2970,Sticker | FaZe Clan | Antwerp 2022
Sep 08 2022 01: +0,0.03,3443,Sticker | FaZe Clan | Antwerp 2022
Sep 09 2022 01: +0,0.03,3858,Sticker | FaZe Clan | Antwerp 2022
Sep 10 2022 01: +0,0.03,4034,Sticker | FaZe Clan | Antwerp 2022
Sep 11 2022 01: +0,0.03,4725,Sticker | FaZe Clan | Antwerp 2022
Sep 12 2022 01: +0,0.03,3758,Sticker | FaZe Clan | Antwerp 2022
Sep 13 2022 01: +0,0.03,3184,Sticker | FaZe Clan | Antwerp 2022
Sep 14 2022 01: +0,0.03,3422,Sticker | FaZe Clan | Antwerp 2022
Sep 15 2022 01: +0,0.03,3009,Sticker | FaZe Clan | Antwerp 2022
Sep 16 2022 01: +0,0.03,3535,Sticker | FaZe Clan | Antwerp 2022
Sep 17 2022 01: +0,0.03,3832,Sticker | FaZe Clan | Antwerp 2022
Sep 18 2022 01: +0,0.03,3569,Sticker | FaZe Clan | Antwerp 2022
Sep 19 2022 01: +0,0.03,2963,Sticker | FaZe Clan | Antwerp 2022
Sep 20 2022 01: +0,0.03,3037,Sticker | FaZe Clan | Antwerp 2022
Sep 21 2022 01: +0,0.03,3145,Sticker | FaZe Clan | Antwerp 2022
Sep 22 2022 01: +0,0.03,4527,Sticker | FaZe Clan | Antwerp 2022
Sep 23 2022 01: +0,0.03,3254,Sticker | FaZe Clan | Antwerp 2022
Sep 24 2022 01: +0,0.03,4740,Sticker | FaZe Clan | Antwerp 2022
Sep 25 2022 01: +0,0.03,5335,Sticker | FaZe Clan | Antwerp 2022
Sep 26 2022 01: +0,0.03,2962,Sticker | FaZe Clan | Antwerp 2022
Sep 27 2022 01: +0,0.03,3516,Sticker | FaZe Clan | Antwerp 2022
Sep 28 2022 01: +0,0.03,3580,Sticker | FaZe Clan | Antwerp 2022
Sep 29 2022 01: +0,0.03,3331,Sticker | FaZe Clan | Antwerp 2022
Sep 30 2022 01: +0,0.03,3786,Sticker | FaZe Clan | Antwerp 2022
Oct 01 2022 01: +0,0.03,4480,Sticker | FaZe Clan | Antwerp 2022
Oct 02 2022 01: +0,0.03,4666,Sticker | FaZe Clan | Antwerp 2022
Oct 03 2022 01: +0,0.03,4765,Sticker | FaZe Clan | Antwerp 2022
Oct 04 2022 01: +0,0.03,5607,Sticker | FaZe Clan | Antwerp 2022
Oct 05 2022 01: +0,0.03,7039,Sticker | FaZe Clan | Antwerp 2022
Oct 06 2022 01: +0,0.03,6804,Sticker | FaZe Clan | Antwerp 2022
Oct 07 2022 01: +0,0.03,3185,Sticker | FaZe Clan | Antwerp 2022
Oct 08 2022 01: +0,0.03,5841,Sticker | FaZe Clan | Antwerp 2022
Oct 09 2022 01: +0,0.03,4248,Sticker | FaZe Clan | Antwerp 2022
Oct 10 2022 01: +0,0.03,3588,Sticker | FaZe Clan | Antwerp 2022
Oct 11 2022 01: +0,0.03,3542,Sticker | FaZe Clan | Antwerp 2022
Oct 12 2022 01: +0,0.03,2411,Sticker | FaZe Clan | Antwerp 2022
Oct 13 2022 01: +0,0.03,4473,Sticker | FaZe Clan | Antwerp 2022
Oct 14 2022 01: +0,0.03,2594,Sticker | FaZe Clan | Antwerp 2022
Oct 15 2022 01: +0,0.03,5060,Sticker | FaZe Clan | Antwerp 2022
Oct 16 2022 01: +0,0.03,4486,Sticker | FaZe Clan | Antwerp 2022
Oct 17 2022 01: +0,0.03,3363,Sticker | FaZe Clan | Antwerp 2022
Oct 18 2022 01: +0,0.03,4559,Sticker | FaZe Clan | Antwerp 2022
Oct 19 2022 01: +0,0.03,3329,Sticker | FaZe Clan | Antwerp 2022
Oct 20 2022 01: +0,0.03,3034,Sticker | FaZe Clan | Antwerp 2022
Oct 21 2022 01: +0,0.03,4639,Sticker | FaZe Clan | Antwerp 2022
Oct 22 2022 01: +0,0.03,7998,Sticker | FaZe Clan | Antwerp 2022
Oct 23 2022 01: +0,0.03,5044,Sticker | FaZe Clan | Antwerp 2022
Oct 24 2022 01: +0,0.03,3567,Sticker | FaZe Clan | Antwerp 2022
Oct 25 2022 01: +0,0.03,3019,Sticker | FaZe Clan | Antwerp 2022
Oct 26 2022 01: +0,0.03,3361,Sticker | FaZe Clan | Antwerp 2022
Oct 27 2022 01: +0,0.03,3975,Sticker | FaZe Clan | Antwerp 2022
Oct 28 2022 01: +0,0.03,4928,Sticker | FaZe Clan | Antwerp 2022
Oct 29 2022 01: +0,0.03,3310,Sticker | FaZe Clan | Antwerp 2022
Oct 30 2022 01: +0,0.03,4130,Sticker | FaZe Clan | Antwerp 2022
Oct 31 2022 01: +0,0.03,2688,Sticker | FaZe Clan | Antwerp 2022
Nov 01 2022 01: +0,0.03,3203,Sticker | FaZe Clan | Antwerp 2022
Nov 02 2022 01: +0,0.03,3027,Sticker | FaZe Clan | Antwerp 2022
Nov 03 2022 01: +0,0.03,2695,Sticker | FaZe Clan | Antwerp 2022
Nov 04 2022 01: +0,0.03,3286,Sticker | FaZe Clan | Antwerp 2022
Nov 05 2022 01: +0,0.03,3500,Sticker | FaZe Clan | Antwerp 2022
Nov 06 2022 01: +0,0.03,4175,Sticker | FaZe Clan | Antwerp 2022
Nov 07 2022 01: +0,0.03,3796,Sticker | FaZe Clan | Antwerp 2022
Nov 08 2022 01: +0,0.03,3121,Sticker | FaZe Clan | Antwerp 2022
Nov 09 2022 01: +0,0.03,3657,Sticker | FaZe Clan | Antwerp 2022
Nov 10 2022 01: +0,0.03,3664,Sticker | FaZe Clan | Antwerp 2022
Nov 11 2022 01: +0,0.03,3450,Sticker | FaZe Clan | Antwerp 2022
Nov 12 2022 01: +0,0.03,3891,Sticker | FaZe Clan | Antwerp 2022
Nov 13 2022 01: +0,0.03,4119,Sticker | FaZe Clan | Antwerp 2022
Nov 14 2022 01: +0,0.03,2806,Sticker | FaZe Clan | Antwerp 2022
Nov 15 2022 01: +0,0.03,3823,Sticker | FaZe Clan | Antwerp 2022
Nov 16 2022 01: +0,0.03,2992,Sticker | FaZe Clan | Antwerp 2022
Nov 17 2022 01: +0,0.03,2076,Sticker | FaZe Clan | Antwerp 2022
Nov 18 2022 01: +0,0.03,2597,Sticker | FaZe Clan | Antwerp 2022
Nov 19 2022 01: +0,0.03,3774,Sticker | FaZe Clan | Antwerp 2022
Nov 20 2022 01: +0,0.03,3665,Sticker | FaZe Clan | Antwerp 2022
Nov 21 2022 01: +0,0.03,2110,Sticker | FaZe Clan | Antwerp 2022
Nov 22 2022 01: +0,0.03,2256,Sticker | FaZe Clan | Antwerp 2022
Nov 23 2022 01: +0,0.03,2987,Sticker | FaZe Clan | Antwerp 2022
Nov 24 2022 01: +0,0.03,3963,Sticker | FaZe Clan | Antwerp 2022
Nov 25 2022 01: +0,0.03,2799,Sticker | FaZe Clan | Antwerp 2022
Nov 26 2022 01: +0,0.03,2532,Sticker | FaZe Clan | Antwerp 2022
Nov 27 2022 01: +0,0.03,2978,Sticker | FaZe Clan | Antwerp 2022
Nov 28 2022 01: +0,0.03,2992,Sticker | FaZe Clan | Antwerp 2022
Nov 29 2022 01: +0,0.03,2014,Sticker | FaZe Clan | Antwerp 2022
Nov 30 2022 01: +0,0.03,1810,Sticker | FaZe Clan | Antwerp 2022
Dec 01 2022 01: +0,0.03,1922,Sticker | FaZe Clan | Antwerp 2022
Dec 02 2022 01: +0,0.03,1962,Sticker | FaZe Clan | Antwerp 2022
Dec 03 2022 01: +0,0.03,2292,Sticker | FaZe Clan | Antwerp 2022
Dec 04 2022 01: +0,0.03,2484,Sticker | FaZe Clan | Antwerp 2022
Dec 05 2022 01: +0,0.03,2528,Sticker | FaZe Clan | Antwerp 2022
Dec 06 2022 01: +0,0.03,2107,Sticker | FaZe Clan | Antwerp 2022
Dec 07 2022 01: +0,0.03,2326,Sticker | FaZe Clan | Antwerp 2022
Dec 08 2022 01: +0,0.03,3438,Sticker | FaZe Clan | Antwerp 2022
Dec 09 2022 01: +0,0.03,2024,Sticker | FaZe Clan | Antwerp 2022
Dec 10 2022 01: +0,0.03,4128,Sticker | FaZe Clan | Antwerp 2022
Dec 11 2022 01: +0,0.03,2694,Sticker | FaZe Clan | Antwerp 2022
Dec 12 2022 01: +0,0.03,3957,Sticker | FaZe Clan | Antwerp 2022
Dec 13 2022 01: +0,0.03,1886,Sticker | FaZe Clan | Antwerp 2022
Dec 14 2022 01: +0,0.03,3417,Sticker | FaZe Clan | Antwerp 2022
Dec 15 2022 01: +0,0.03,2408,Sticker | FaZe Clan | Antwerp 2022
Dec 16 2022 01: +0,0.03,2081,Sticker | FaZe Clan | Antwerp 2022
Dec 17 2022 01: +0,0.03,2180,Sticker | FaZe Clan | Antwerp 2022
Dec 18 2022 01: +0,0.03,2256,Sticker | FaZe Clan | Antwerp 2022
Dec 19 2022 01: +0,0.03,1985,Sticker | FaZe Clan | Antwerp 2022
Dec 20 2022 01: +0,0.03,1940,Sticker | FaZe Clan | Antwerp 2022
Dec 21 2022 01: +0,0.03,2919,Sticker | FaZe Clan | Antwerp 2022
Dec 22 2022 01: +0,0.03,2446,Sticker | FaZe Clan | Antwerp 2022
Dec 23 2022 01: +0,0.03,1816,Sticker | FaZe Clan | Antwerp 2022
Dec 24 2022 01: +0,0.03,2538,Sticker | FaZe Clan | Antwerp 2022
Dec 25 2022 01: +0,0.03,1837,Sticker | FaZe Clan | Antwerp 2022
Dec 26 2022 01: +0,0.03,2014,Sticker | FaZe Clan | Antwerp 2022
Dec 27 2022 01: +0,0.03,1993,Sticker | FaZe Clan | Antwerp 2022
Dec 28 2022 01: +0,0.03,2683,Sticker | FaZe Clan | Antwerp 2022
Dec 29 2022 01: +0,0.03,2274,Sticker | FaZe Clan | Antwerp 2022
Dec 30 2022 01: +0,0.03,3209,Sticker | FaZe Clan | Antwerp 2022
Dec 31 2022 01: +0,0.03,2070,Sticker | FaZe Clan | Antwerp 2022
Jan 01 2023 01: +0,0.03,2574,Sticker | FaZe Clan | Antwerp 2022
Jan 02 2023 01: +0,0.03,3233,Sticker | FaZe Clan | Antwerp 2022
Jan 03 2023 01: +0,0.03,4764,Sticker | FaZe Clan | Antwerp 2022
Jan 04 2023 01: +0,0.03,5789,Sticker | FaZe Clan | Antwerp 2022
Jan 05 2023 01: +0,0.03,2753,Sticker | FaZe Clan | Antwerp 2022
Jan 06 2023 01: +0,0.03,5404,Sticker | FaZe Clan | Antwerp 2022
Jan 07 2023 01: +0,0.03,2317,Sticker | FaZe Clan | Antwerp 2022
Jan 08 2023 01: +0,0.03,7497,Sticker | FaZe Clan | Antwerp 2022
Jan 09 2023 01: +0,0.03,3864,Sticker | FaZe Clan | Antwerp 2022
Jan 10 2023 01: +0,0.03,4947,Sticker | FaZe Clan | Antwerp 2022
Jan 11 2023 01: +0,0.03,4230,Sticker | FaZe Clan | Antwerp 2022
Jan 12 2023 01: +0,0.03,3225,Sticker | FaZe Clan | Antwerp 2022
Jan 13 2023 01: +0,0.03,3574,Sticker | FaZe Clan | Antwerp 2022
Jan 14 2023 01: +0,0.03,2663,Sticker | FaZe Clan | Antwerp 2022
Jan 15 2023 01: +0,0.03,2762,Sticker | FaZe Clan | Antwerp 2022
Jan 16 2023 01: +0,0.03,2423,Sticker | FaZe Clan | Antwerp 2022
Jan 17 2023 01: +0,0.03,2461,Sticker | FaZe Clan | Antwerp 2022
Jan 18 2023 01: +0,0.03,1971,Sticker | FaZe Clan | Antwerp 2022
Jan 19 2023 01: +0,0.03,1865,Sticker | FaZe Clan | Antwerp 2022
Jan 20 2023 01: +0,0.03,2668,Sticker | FaZe Clan | Antwerp 2022
Jan 21 2023 01: +0,0.03,5639,Sticker | FaZe Clan | Antwerp 2022
Jan 22 2023 01: +0,0.03,2830,Sticker | FaZe Clan | Antwerp 2022
Jan 23 2023 01: +0,0.03,4281,Sticker | FaZe Clan | Antwerp 2022
Jan 24 2023 01: +0,0.03,2110,Sticker | FaZe Clan | Antwerp 2022
Jan 25 2023 01: +0,0.03,3880,Sticker | FaZe Clan | Antwerp 2022
Jan 26 2023 01: +0,0.03,1960,Sticker | FaZe Clan | Antwerp 2022
Jan 27 2023 01: +0,0.03,2707,Sticker | FaZe Clan | Antwerp 2022
Jan 28 2023 01: +0,0.03,4541,Sticker | FaZe Clan | Antwerp 2022
Jan 29 2023 01: +0,0.03,4964,Sticker | FaZe Clan | Antwerp 2022
Jan 30 2023 01: +0,0.03,3792,Sticker | FaZe Clan | Antwerp 2022
Jan 31 2023 01: +0,0.03,3326,Sticker | FaZe Clan | Antwerp 2022
Feb 01 2023 01: +0,0.033,3419,Sticker | FaZe Clan | Antwerp 2022
Feb 02 2023 01: +0,0.033,2751,Sticker | FaZe Clan | Antwerp 2022
Feb 03 2023 01: +0,0.037,2716,Sticker | FaZe Clan | Antwerp 2022
Feb 04 2023 01: +0,0.037,4562,Sticker | FaZe Clan | Antwerp 2022
Feb 05 2023 01: +0,0.035,3034,Sticker | FaZe Clan | Antwerp 2022
Feb 06 2023 01: +0,0.04,3394,Sticker | FaZe Clan | Antwerp 2022
Feb 07 2023 01: +0,0.045,5659,Sticker | FaZe Clan | Antwerp 2022
Feb 08 2023 01: +0,0.041,2399,Sticker | FaZe Clan | Antwerp 2022
Feb 09 2023 01: +0,0.038,2380,Sticker | FaZe Clan | Antwerp 2022
Feb 10 2023 01: +0,0.039,5649,Sticker | FaZe Clan | Antwerp 2022
Feb 11 2023 01: +0,0.033,3901,Sticker | FaZe Clan | Antwerp 2022
Feb 12 2023 01: +0,0.035,3324,Sticker | FaZe Clan | Antwerp 2022
Feb 13 2023 01: +0,0.034,2354,Sticker | FaZe Clan | Antwerp 2022
Feb 14 2023 01: +0,0.037,2181,Sticker | FaZe Clan | Antwerp 2022
Feb 15 2023 01: +0,0.037,3357,Sticker | FaZe Clan | Antwerp 2022
Feb 16 2023 01: +0,0.036,2926,Sticker | FaZe Clan | Antwerp 2022
Feb 17 2023 01: +0,0.036,4236,Sticker | FaZe Clan | Antwerp 2022
Feb 18 2023 01: +0,0.039,4941,Sticker | FaZe Clan | Antwerp 2022
Feb 19 2023 01: +0,0.035,4013,Sticker | FaZe Clan | Antwerp 2022
Feb 20 2023 01: +0,0.039,2959,Sticker | FaZe Clan | Antwerp 2022
Feb 21 2023 01: +0,0.04,2770,Sticker | FaZe Clan | Antwerp 2022
Feb 22 2023 01: +0,0.039,2232,Sticker | FaZe Clan | Antwerp 2022
Feb 23 2023 01: +0,0.039,2493,Sticker | FaZe Clan | Antwerp 2022
Feb 24 2023 01: +0,0.038,2641,Sticker | FaZe Clan | Antwerp 2022
Feb 25 2023 01: +0,0.039,2811,Sticker | FaZe Clan | Antwerp 2022
Feb 26 2023 01: +0,0.035,2743,Sticker | FaZe Clan | Antwerp 2022
Feb 27 2023 01: +0,0.041,2691,Sticker | FaZe Clan | Antwerp 2022
Feb 28 2023 01: +0,0.041,2390,Sticker | FaZe Clan | Antwerp 2022
Mar 01 2023 01: +0,0.041,5375,Sticker | FaZe Clan | Antwerp 2022
Mar 02 2023 01: +0,0.046,4677,Sticker | FaZe Clan | Antwerp 2022
Mar 03 2023 01: +0,0.049,6396,Sticker | FaZe Clan | Antwerp 2022
Mar 04 2023 01: +0,0.047,4804,Sticker | FaZe Clan | Antwerp 2022
Mar 05 2023 01: +0,0.047,4031,Sticker | FaZe Clan | Antwerp 2022
Mar 06 2023 01: +0,0.046,2921,Sticker | FaZe Clan | Antwerp 2022
Mar 07 2023 01: +0,0.046,3166,Sticker | FaZe Clan | Antwerp 2022
Mar 08 2023 01: +0,0.047,2917,Sticker | FaZe Clan | Antwerp 2022
Mar 09 2023 01: +0,0.044,3495,Sticker | FaZe Clan | Antwerp 2022
Mar 10 2023 01: +0,0.044,3048,Sticker | FaZe Clan | Antwerp 2022
Mar 11 2023 01: +0,0.046,4532,Sticker | FaZe Clan | Antwerp 2022
Mar 12 2023 01: +0,0.043,3359,Sticker | FaZe Clan | Antwerp 2022
Mar 13 2023 01: +0,0.043,2650,Sticker | FaZe Clan | Antwerp 2022
Mar 14 2023 01: +0,0.046,2703,Sticker | FaZe Clan | Antwerp 2022
Mar 15 2023 01: +0,0.047,5033,Sticker | FaZe Clan | Antwerp 2022
Mar 16 2023 01: +0,0.054,7232,Sticker | FaZe Clan | Antwerp 2022
Mar 17 2023 01: +0,0.053,5833,Sticker | FaZe Clan | Antwerp 2022
Mar 18 2023 01: +0,0.049,3773,Sticker | FaZe Clan | Antwerp 2022
Mar 19 2023 01: +0,0.06,3510,Sticker | FaZe Clan | Antwerp 2022
Mar 20 2023 01: +0,0.056,4983,Sticker | FaZe Clan | Antwerp 2022
Mar 21 2023 01: +0,0.065,3730,Sticker | FaZe Clan | Antwerp 2022
Mar 22 2023 01: +0,0.07,8547,Sticker | FaZe Clan | Antwerp 2022
Mar 23 2023 01: +0,0.073,7408,Sticker | FaZe Clan | Antwerp 2022
Mar 24 2023 01: +0,0.08,11403,Sticker | FaZe Clan | Antwerp 2022
Mar 25 2023 01: +0,0.097,10340,Sticker | FaZe Clan | Antwerp 2022
Mar 26 2023 01: +0,0.147,27830,Sticker | FaZe Clan | Antwerp 2022
Mar 27 2023 01: +0,0.126,11722,Sticker | FaZe Clan | Antwerp 2022
Mar 28 2023 01: +0,0.128,11508,Sticker | FaZe Clan | Antwerp 2022
Mar 29 2023 01: +0,0.12,5839,Sticker | FaZe Clan | Antwerp 2022
Mar 30 2023 01: +0,0.135,5675,Sticker | FaZe Clan | Antwerp 2022
Mar 31 2023 01: +0,0.153,5055,Sticker | FaZe Clan | Antwerp 2022
Apr 01 2023 01: +0,0.141,5138,Sticker | FaZe Clan | Antwerp 2022
Apr 02 2023 01: +0,0.123,7137,Sticker | FaZe Clan | Antwerp 2022
Apr 03 2023 01: +0,0.114,5507,Sticker | FaZe Clan | Antwerp 2022
Apr 04 2023 01: +0,0.112,3175,Sticker | FaZe Clan | Antwerp 2022
Apr 05 2023 01: +0,0.115,4290,Sticker | FaZe Clan | Antwerp 2022
Apr 06 2023 01: +0,0.114,4322,Sticker | FaZe Clan | Antwerp 2022
Apr 07 2023 01: +0,0.118,4073,Sticker | FaZe Clan | Antwerp 2022
Apr 08 2023 01: +0,0.128,6064,Sticker | FaZe Clan | Antwerp 2022
Apr 09 2023 01: +0,0.154,11265,Sticker | FaZe Clan | Antwerp 2022
Apr 10 2023 01: +0,0.134,4101,Sticker | FaZe Clan | Antwerp 2022
Apr 11 2023 01: +0,0.132,3489,Sticker | FaZe Clan | Antwerp 2022
Apr 12 2023 01: +0,0.131,3737,Sticker | FaZe Clan | Antwerp 2022
Apr 13 2023 01: +0,0.13,3003,Sticker | FaZe Clan | Antwerp 2022
Apr 14 2023 01: +0,0.145,3587,Sticker | FaZe Clan | Antwerp 2022
Apr 15 2023 01: +0,0.153,4814,Sticker | FaZe Clan | Antwerp 2022
Apr 16 2023 01: +0,0.139,3744,Sticker | FaZe Clan | Antwerp 2022
Apr 17 2023 01: +0,0.134,3404,Sticker | FaZe Clan | Antwerp 2022
Apr 18 2023 01: +0,0.134,2172,Sticker | FaZe Clan | Antwerp 2022
Apr 19 2023 01: +0,0.135,2285,Sticker | FaZe Clan | Antwerp 2022
Apr 20 2023 01: +0,0.124,4470,Sticker | FaZe Clan | Antwerp 2022
Apr 21 2023 01: +0,0.113,3895,Sticker | FaZe Clan | Antwerp 2022
Apr 22 2023 01: +0,0.11,5459,Sticker | FaZe Clan | Antwerp 2022
Apr 23 2023 01: +0,0.108,4393,Sticker | FaZe Clan | Antwerp 2022
Apr 24 2023 01: +0,0.107,3802,Sticker | FaZe Clan | Antwerp 2022
Apr 25 2023 01: +0,0.092,8130,Sticker | FaZe Clan | Antwerp 2022
Apr 26 2023 01: +0,0.086,5039,Sticker | FaZe Clan | Antwerp 2022
Apr 27 2023 01: +0,0.095,3318,Sticker | FaZe Clan | Antwerp 2022
Apr 28 2023 01: +0,0.093,3211,Sticker | FaZe Clan | Antwerp 2022
Apr 29 2023 01: +0,0.086,2905,Sticker | FaZe Clan | Antwerp 2022
Apr 30 2023 01: +0,0.089,2829,Sticker | FaZe Clan | Antwerp 2022
May 01 2023 01: +0,0.089,2953,Sticker | FaZe Clan | Antwerp 2022
May 02 2023 01: +0,0.088,3065,Sticker | FaZe Clan | Antwerp 2022
May 03 2023 01: +0,0.092,4308,Sticker | FaZe Clan | Antwerp 2022
May 04 2023 01: +0,0.097,3833,Sticker | FaZe Clan | Antwerp 2022
May 05 2023 01: +0,0.047,15175,Sticker | FaZe Clan | Antwerp 2022
May 06 2023 01: +0,0.047,4180,Sticker | FaZe Clan | Antwerp 2022
May 07 2023 01: +0,0.043,4581,Sticker | FaZe Clan | Antwerp 2022
May 08 2023 01: +0,0.04,3137,Sticker | FaZe Clan | Antwerp 2022
May 09 2023 01: +0,0.05,3035,Sticker | FaZe Clan | Antwerp 2022
May 10 2023 01: +0,0.05,2927,Sticker | FaZe Clan | Antwerp 2022
May 11 2023 01: +0,0.057,2040,Sticker | FaZe Clan | Antwerp 2022
May 12 2023 01: +0,0.054,1580,Sticker | FaZe Clan | Antwerp 2022
May 13 2023 01: +0,0.048,1918,Sticker | FaZe Clan | Antwerp 2022
May 14 2023 01: +0,0.042,2769,Sticker | FaZe Clan | Antwerp 2022
May 15 2023 01: +0,0.034,1902,Sticker | FaZe Clan | Antwerp 2022
May 16 2023 01: +0,0.037,2336,Sticker | FaZe Clan | Antwerp 2022
May 17 2023 01: +0,0.043,3156,Sticker | FaZe Clan | Antwerp 2022
May 18 2023 01: +0,0.043,2302,Sticker | FaZe Clan | Antwerp 2022
May 19 2023 01: +0,0.035,1901,Sticker | FaZe Clan | Antwerp 2022
May 20 2023 01: +0,0.034,1848,Sticker | FaZe Clan | Antwerp 2022
May 21 2023 01: +0,0.034,1796,Sticker | FaZe Clan | Antwerp 2022
May 22 2023 01: +0,0.031,1703,Sticker | FaZe Clan | Antwerp 2022
May 23 2023 01: +0,0.031,2301,Sticker | FaZe Clan | Antwerp 2022
May 24 2023 01: +0,0.035,1895,Sticker | FaZe Clan | Antwerp 2022
May 25 2023 01: +0,0.037,2329,Sticker | FaZe Clan | Antwerp 2022
May 26 2023 01: +0,0.033,2804,Sticker | FaZe Clan | Antwerp 2022
May 27 2023 01: +0,0.034,1871,Sticker | FaZe Clan | Antwerp 2022
May 28 2023 01: +0,0.037,1457,Sticker | FaZe Clan | Antwerp 2022
May 29 2023 01: +0,0.036,1788,Sticker | FaZe Clan | Antwerp 2022
May 30 2023 01: +0,0.035,1370,Sticker | FaZe Clan | Antwerp 2022
May 31 2023 01: +0,0.033,1653,Sticker | FaZe Clan | Antwerp 2022
Jun 01 2023 01: +0,0.032,1529,Sticker | FaZe Clan | Antwerp 2022
Jun 02 2023 01: +0,0.032,1788,Sticker | FaZe Clan | Antwerp 2022
Jun 03 2023 01: +0,0.033,1773,Sticker | FaZe Clan | Antwerp 2022
Jun 04 2023 01: +0,0.034,1607,Sticker | FaZe Clan | Antwerp 2022
Jun 05 2023 01: +0,0.032,1426,Sticker | FaZe Clan | Antwerp 2022
Jun 06 2023 01: +0,0.032,1420,Sticker | FaZe Clan | Antwerp 2022
Jun 07 2023 01: +0,0.032,1696,Sticker | FaZe Clan | Antwerp 2022
Jun 08 2023 01: +0,0.032,1543,Sticker | FaZe Clan | Antwerp 2022
Jun 09 2023 01: +0,0.033,1495,Sticker | FaZe Clan | Antwerp 2022
Jun 10 2023 01: +0,0.032,3179,Sticker | FaZe Clan | Antwerp 2022
Jun 11 2023 01: +0,0.031,1560,Sticker | FaZe Clan | Antwerp 2022
Jun 12 2023 01: +0,0.031,1437,Sticker | FaZe Clan | Antwerp 2022
Jun 13 2023 01: +0,0.033,1278,Sticker | FaZe Clan | Antwerp 2022
Jun 14 2023 01: +0,0.033,1348,Sticker | FaZe Clan | Antwerp 2022
Jun 15 2023 01: +0,0.033,1239,Sticker | FaZe Clan | Antwerp 2022
Jun 16 2023 01: +0,0.033,1119,Sticker | FaZe Clan | Antwerp 2022
Jun 17 2023 01: +0,0.034,1432,Sticker | FaZe Clan | Antwerp 2022
Jun 18 2023 01: +0,0.033,1140,Sticker | FaZe Clan | Antwerp 2022
Jun 19 2023 01: +0,0.034,1406,Sticker | FaZe Clan | Antwerp 2022
Jun 20 2023 01: +0,0.031,1156,Sticker | FaZe Clan | Antwerp 2022
Jun 21 2023 01: +0,0.032,1486,Sticker | FaZe Clan | Antwerp 2022
Jun 22 2023 01: +0,0.034,2087,Sticker | FaZe Clan | Antwerp 2022
Jun 23 2023 01: +0,0.03,2229,Sticker | FaZe Clan | Antwerp 2022
Jun 24 2023 01: +0,0.03,1469,Sticker | FaZe Clan | Antwerp 2022
Jun 25 2023 01: +0,0.03,2471,Sticker | FaZe Clan | Antwerp 2022
Jun 26 2023 01: +0,0.03,1976,Sticker | FaZe Clan | Antwerp 2022
Jun 27 2023 01: +0,0.03,951,Sticker | FaZe Clan | Antwerp 2022
Jun 28 2023 01: +0,0.03,1289,Sticker | FaZe Clan | Antwerp 2022
Jun 29 2023 01: +0,0.03,1645,Sticker | FaZe Clan | Antwerp 2022
Jun 30 2023 01: +0,0.03,1322,Sticker | FaZe Clan | Antwerp 2022
Jul 01 2023 01: +0,0.03,1339,Sticker | FaZe Clan | Antwerp 2022
Jul 02 2023 01: +0,0.03,1012,Sticker | FaZe Clan | Antwerp 2022
Jul 03 2023 01: +0,0.03,1522,Sticker | FaZe Clan | Antwerp 2022
Jul 04 2023 01: +0,0.03,1396,Sticker | FaZe Clan | Antwerp 2022
Jul 05 2023 01: +0,0.03,1038,Sticker | FaZe Clan | Antwerp 2022
Jul 06 2023 01: +0,0.03,968,Sticker | FaZe Clan | Antwerp 2022
Jul 07 2023 01: +0,0.03,847,Sticker | FaZe Clan | Antwerp 2022
Jul 08 2023 01: +0,0.03,1100,Sticker | FaZe Clan | Antwerp 2022
Jul 09 2023 01: +0,0.03,1196,Sticker | FaZe Clan | Antwerp 2022
Jul 10 2023 01: +0,0.03,897,Sticker | FaZe Clan | Antwerp 2022
Jul 11 2023 01: +0,0.03,936,Sticker | FaZe Clan | Antwerp 2022
Jul 12 2023 01: +0,0.03,1096,Sticker | FaZe Clan | Antwerp 2022
Jul 13 2023 01: +0,0.03,778,Sticker | FaZe Clan | Antwerp 2022
Jul 14 2023 01: +0,0.03,811,Sticker | FaZe Clan | Antwerp 2022
Jul 15 2023 01: +0,0.03,977,Sticker | FaZe Clan | Antwerp 2022
Jul 16 2023 01: +0,0.03,935,Sticker | FaZe Clan | Antwerp 2022
Jul 17 2023 01: +0,0.03,755,Sticker | FaZe Clan | Antwerp 2022
Jul 18 2023 01: +0,0.03,804,Sticker | FaZe Clan | Antwerp 2022
Jul 19 2023 01: +0,0.03,1017,Sticker | FaZe Clan | Antwerp 2022
Jul 20 2023 01: +0,0.03,898,Sticker | FaZe Clan | Antwerp 2022
Jul 21 2023 01: +0,0.03,1735,Sticker | FaZe Clan | Antwerp 2022
Jul 22 2023 01: +0,0.03,796,Sticker | FaZe Clan | Antwerp 2022
Jul 23 2023 01: +0,0.03,967,Sticker | FaZe Clan | Antwerp 2022
Jul 24 2023 01: +0,0.03,1328,Sticker | FaZe Clan | Antwerp 2022
Jul 25 2023 01: +0,0.03,902,Sticker | FaZe Clan | Antwerp 2022
Jul 26 2023 01: +0,0.03,1091,Sticker | FaZe Clan | Antwerp 2022
Jul 27 2023 01: +0,0.03,1342,Sticker | FaZe Clan | Antwerp 2022
Jul 28 2023 01: +0,0.03,828,Sticker | FaZe Clan | Antwerp 2022
Jul 29 2023 01: +0,0.03,909,Sticker | FaZe Clan | Antwerp 2022
Jul 30 2023 01: +0,0.03,727,Sticker | FaZe Clan | Antwerp 2022
Jul 31 2023 01: +0,0.03,776,Sticker | FaZe Clan | Antwerp 2022
Aug 01 2023 01: +0,0.03,763,Sticker | FaZe Clan | Antwerp 2022
Aug 02 2023 01: +0,0.03,725,Sticker | FaZe Clan | Antwerp 2022
Aug 03 2023 01: +0,0.03,1575,Sticker | FaZe Clan | Antwerp 2022
Aug 04 2023 01: +0,0.03,767,Sticker | FaZe Clan | Antwerp 2022
Aug 05 2023 01: +0,0.03,865,Sticker | FaZe Clan | Antwerp 2022
Aug 06 2023 01: +0,0.03,1041,Sticker | FaZe Clan | Antwerp 2022
Aug 07 2023 01: +0,0.03,1267,Sticker | FaZe Clan | Antwerp 2022
Aug 08 2023 01: +0,0.03,1181,Sticker | FaZe Clan | Antwerp 2022
Aug 09 2023 01: +0,0.03,1030,Sticker | FaZe Clan | Antwerp 2022
Aug 10 2023 01: +0,0.03,615,Sticker | FaZe Clan | Antwerp 2022
Aug 11 2023 01: +0,0.03,893,Sticker | FaZe Clan | Antwerp 2022
Aug 12 2023 01: +0,0.03,666,Sticker | FaZe Clan | Antwerp 2022
Aug 13 2023 01: +0,0.03,1052,Sticker | FaZe Clan | Antwerp 2022
Aug 14 2023 01: +0,0.03,860,Sticker | FaZe Clan | Antwerp 2022
Aug 15 2023 01: +0,0.03,778,Sticker | FaZe Clan | Antwerp 2022
Aug 16 2023 01: +0,0.03,1138,Sticker | FaZe Clan | Antwerp 2022
Aug 17 2023 01: +0,0.03,662,Sticker | FaZe Clan | Antwerp 2022
Aug 18 2023 01: +0,0.03,817,Sticker | FaZe Clan | Antwerp 2022
Aug 19 2023 01: +0,0.03,807,Sticker | FaZe Clan | Antwerp 2022
Aug 20 2023 01: +0,0.03,665,Sticker | FaZe Clan | Antwerp 2022
Aug 21 2023 01: +0,0.03,544,Sticker | FaZe Clan | Antwerp 2022
Aug 22 2023 01: +0,0.03,925,Sticker | FaZe Clan | Antwerp 2022
Aug 23 2023 01: +0,0.03,863,Sticker | FaZe Clan | Antwerp 2022
Aug 24 2023 01: +0,0.03,956,Sticker | FaZe Clan | Antwerp 2022
Aug 25 2023 01: +0,0.03,634,Sticker | FaZe Clan | Antwerp 2022
Aug 26 2023 01: +0,0.03,653,Sticker | FaZe Clan | Antwerp 2022
Aug 27 2023 01: +0,0.03,807,Sticker | FaZe Clan | Antwerp 2022
Aug 28 2023 01: +0,0.03,701,Sticker | FaZe Clan | Antwerp 2022
Aug 29 2023 01: +0,0.03,406,Sticker | FaZe Clan | Antwerp 2022
Aug 30 2023 01: +0,0.03,646,Sticker | FaZe Clan | Antwerp 2022
Aug 31 2023 01: +0,0.03,651,Sticker | FaZe Clan | Antwerp 2022
Sep 01 2023 01: +0,0.03,437,Sticker | FaZe Clan | Antwerp 2022
Sep 02 2023 01: +0,0.03,538,Sticker | FaZe Clan | Antwerp 2022
Sep 03 2023 01: +0,0.03,931,Sticker | FaZe Clan | Antwerp 2022
Sep 04 2023 01: +0,0.03,621,Sticker | FaZe Clan | Antwerp 2022
Sep 05 2023 01: +0,0.03,525,Sticker | FaZe Clan | Antwerp 2022
Sep 06 2023 01: +0,0.03,631,Sticker | FaZe Clan | Antwerp 2022
Sep 07 2023 01: +0,0.03,1595,Sticker | FaZe Clan | Antwerp 2022
Sep 08 2023 01: +0,0.03,505,Sticker | FaZe Clan | Antwerp 2022
Sep 09 2023 01: +0,0.03,711,Sticker | FaZe Clan | Antwerp 2022
Sep 10 2023 01: +0,0.03,683,Sticker | FaZe Clan | Antwerp 2022
Sep 11 2023 01: +0,0.03,1077,Sticker | FaZe Clan | Antwerp 2022
Sep 12 2023 01: +0,0.03,1151,Sticker | FaZe Clan | Antwerp 2022
Sep 13 2023 01: +0,0.03,800,Sticker | FaZe Clan | Antwerp 2022
Sep 14 2023 01: +0,0.03,867,Sticker | FaZe Clan | Antwerp 2022
Sep 15 2023 01: +0,0.03,1169,Sticker | FaZe Clan | Antwerp 2022
Sep 16 2023 01: +0,0.03,689,Sticker | FaZe Clan | Antwerp 2022
Sep 17 2023 01: +0,0.03,1036,Sticker | FaZe Clan | Antwerp 2022
Sep 18 2023 01: +0,0.03,812,Sticker | FaZe Clan | Antwerp 2022
Sep 19 2023 01: +0,0.03,578,Sticker | FaZe Clan | Antwerp 2022
Sep 20 2023 01: +0,0.03,643,Sticker | FaZe Clan | Antwerp 2022
Sep 21 2023 01: +0,0.03,588,Sticker | FaZe Clan | Antwerp 2022
Sep 22 2023 01: +0,0.03,462,Sticker | FaZe Clan | Antwerp 2022
Sep 23 2023 01: +0,0.03,458,Sticker | FaZe Clan | Antwerp 2022
Sep 24 2023 01: +0,0.03,806,Sticker | FaZe Clan | Antwerp 2022
Sep 25 2023 01: +0,0.03,402,Sticker | FaZe Clan | Antwerp 2022
Sep 26 2023 01: +0,0.03,431,Sticker | FaZe Clan | Antwerp 2022
Sep 27 2023 01: +0,0.03,1787,Sticker | FaZe Clan | Antwerp 2022
Sep 28 2023 01: +0,0.03,525,Sticker | FaZe Clan | Antwerp 2022
Sep 29 2023 01: +0,0.03,891,Sticker | FaZe Clan | Antwerp 2022
Sep 30 2023 01: +0,0.03,1318,Sticker | FaZe Clan | Antwerp 2022
Oct 01 2023 01: +0,0.03,535,Sticker | FaZe Clan | Antwerp 2022
Oct 02 2023 01: +0,0.03,981,Sticker | FaZe Clan | Antwerp 2022
Oct 03 2023 01: +0,0.03,632,Sticker | FaZe Clan | Antwerp 2022
Oct 04 2023 01: +0,0.03,827,Sticker | FaZe Clan | Antwerp 2022
Oct 05 2023 01: +0,0.03,1307,Sticker | FaZe Clan | Antwerp 2022
Oct 06 2023 01: +0,0.03,1088,Sticker | FaZe Clan | Antwerp 2022
Oct 07 2023 01: +0,0.03,751,Sticker | FaZe Clan | Antwerp 2022
Oct 08 2023 01: +0,0.03,819,Sticker | FaZe Clan | Antwerp 2022
Oct 09 2023 01: +0,0.03,1016,Sticker | FaZe Clan | Antwerp 2022
Oct 10 2023 01: +0,0.03,588,Sticker | FaZe Clan | Antwerp 2022
Oct 11 2023 01: +0,0.03,652,Sticker | FaZe Clan | Antwerp 2022
Oct 12 2023 01: +0,0.03,648,Sticker | FaZe Clan | Antwerp 2022
Oct 13 2023 01: +0,0.03,555,Sticker | FaZe Clan | Antwerp 2022
Oct 14 2023 01: +0,0.03,654,Sticker | FaZe Clan | Antwerp 2022
Oct 15 2023 01: +0,0.03,842,Sticker | FaZe Clan | Antwerp 2022
Oct 16 2023 01: +0,0.03,580,Sticker | FaZe Clan | Antwerp 2022
Oct 17 2023 01: +0,0.03,658,Sticker | FaZe Clan | Antwerp 2022
Oct 18 2023 01: +0,0.03,713,Sticker | FaZe Clan | Antwerp 2022
Oct 19 2023 01: +0,0.03,659,Sticker | FaZe Clan | Antwerp 2022
Oct 20 2023 01: +0,0.03,1050,Sticker | FaZe Clan | Antwerp 2022
Oct 21 2023 01: +0,0.03,1601,Sticker | FaZe Clan | Antwerp 2022
Oct 22 2023 01: +0,0.034,2315,Sticker | FaZe Clan | Antwerp 2022
Oct 23 2023 01: +0,0.045,2422,Sticker | FaZe Clan | Antwerp 2022
Oct 24 2023 01: +0,0.049,1706,Sticker | FaZe Clan | Antwerp 2022
Oct 25 2023 01: +0,0.044,651,Sticker | FaZe Clan | Antwerp 2022
Oct 26 2023 01: +0,0.043,1375,Sticker | FaZe Clan | Antwerp 2022
Oct 27 2023 01: +0,0.047,814,Sticker | FaZe Clan | Antwerp 2022
Oct 28 2023 01: +0,0.039,690,Sticker | FaZe Clan | Antwerp 2022
Oct 29 2023 01: +0,0.037,644,Sticker | FaZe Clan | Antwerp 2022
Oct 30 2023 01: +0,0.033,491,Sticker | FaZe Clan | Antwerp 2022
Oct 31 2023 01: +0,0.032,504,Sticker | FaZe Clan | Antwerp 2022
Nov 01 2023 01: +0,0.03,576,Sticker | FaZe Clan | Antwerp 2022
Nov 02 2023 01: +0,0.031,577,Sticker | FaZe Clan | Antwerp 2022
Nov 03 2023 01: +0,0.03,691,Sticker | FaZe Clan | Antwerp 2022
Nov 04 2023 01: +0,0.031,485,Sticker | FaZe Clan | Antwerp 2022
Nov 05 2023 01: +0,0.032,902,Sticker | FaZe Clan | Antwerp 2022
Nov 06 2023 01: +0,0.03,563,Sticker | FaZe Clan | Antwerp 2022
Nov 07 2023 01: +0,0.03,655,Sticker | FaZe Clan | Antwerp 2022
Nov 08 2023 01: +0,0.03,652,Sticker | FaZe Clan | Antwerp 2022
Nov 09 2023 01: +0,0.03,580,Sticker | FaZe Clan | Antwerp 2022
Nov 10 2023 01: +0,0.03,517,Sticker | FaZe Clan | Antwerp 2022
Nov 11 2023 01: +0,0.03,455,Sticker | FaZe Clan | Antwerp 2022
Nov 12 2023 01: +0,0.03,475,Sticker | FaZe Clan | Antwerp 2022
Nov 13 2023 01: +0,0.03,528,Sticker | FaZe Clan | Antwerp 2022
Nov 14 2023 01: +0,0.03,583,Sticker | FaZe Clan | Antwerp 2022
Nov 15 2023 01: +0,0.03,423,Sticker | FaZe Clan | Antwerp 2022
Nov 16 2023 01: +0,0.03,391,Sticker | FaZe Clan | Antwerp 2022
Nov 17 2023 01: +0,0.03,377,Sticker | FaZe Clan | Antwerp 2022
Nov 18 2023 01: +0,0.03,736,Sticker | FaZe Clan | Antwerp 2022
Nov 19 2023 01: +0,0.03,554,Sticker | FaZe Clan | Antwerp 2022
Nov 20 2023 01: +0,0.03,344,Sticker | FaZe Clan | Antwerp 2022
Nov 21 2023 01: +0,0.03,400,Sticker | FaZe Clan | Antwerp 2022
Nov 22 2023 01: +0,0.03,490,Sticker | FaZe Clan | Antwerp 2022
Nov 23 2023 01: +0,0.03,690,Sticker | FaZe Clan | Antwerp 2022
Nov 24 2023 01: +0,0.03,617,Sticker | FaZe Clan | Antwerp 2022
Nov 25 2023 01: +0,0.03,532,Sticker | FaZe Clan | Antwerp 2022
Nov 26 2023 01: +0,0.03,743,Sticker | FaZe Clan | Antwerp 2022
Nov 27 2023 01: +0,0.03,527,Sticker | FaZe Clan | Antwerp 2022
Nov 28 2023 01: +0,0.03,434,Sticker | FaZe Clan | Antwerp 2022
Nov 29 2023 01: +0,0.03,444,Sticker | FaZe Clan | Antwerp 2022
Nov 30 2023 01: +0,0.03,438,Sticker | FaZe Clan | Antwerp 2022
Dec 01 2023 01: +0,0.03,342,Sticker | FaZe Clan | Antwerp 2022
Dec 02 2023 01: +0,0.03,449,Sticker | FaZe Clan | Antwerp 2022
Dec 03 2023 01: +0,0.03,880,Sticker | FaZe Clan | Antwerp 2022
Dec 04 2023 01: +0,0.03,321,Sticker | FaZe Clan | Antwerp 2022
Dec 05 2023 01: +0,0.03,363,Sticker | FaZe Clan | Antwerp 2022
Dec 06 2023 01: +0,0.03,449,Sticker | FaZe Clan | Antwerp 2022
Dec 07 2023 01: +0,0.03,398,Sticker | FaZe Clan | Antwerp 2022
Dec 08 2023 01: +0,0.03,336,Sticker | FaZe Clan | Antwerp 2022
Dec 09 2023 01: +0,0.03,346,Sticker | FaZe Clan | Antwerp 2022
Dec 10 2023 01: +0,0.03,346,Sticker | FaZe Clan | Antwerp 2022
Dec 11 2023 01: +0,0.03,322,Sticker | FaZe Clan | Antwerp 2022
Dec 12 2023 01: +0,0.03,289,Sticker | FaZe Clan | Antwerp 2022
Dec 13 2023 01: +0,0.032,316,Sticker | FaZe Clan | Antwerp 2022
Dec 14 2023 01: +0,0.03,317,Sticker | FaZe Clan | Antwerp 2022
Dec 15 2023 01: +0,0.03,894,Sticker | FaZe Clan | Antwerp 2022
Dec 16 2023 01: +0,0.03,337,Sticker | FaZe Clan | Antwerp 2022
Dec 17 2023 01: +0,0.03,768,Sticker | FaZe Clan | Antwerp 2022
Dec 18 2023 01: +0,0.03,264,Sticker | FaZe Clan | Antwerp 2022
Dec 19 2023 01: +0,0.03,250,Sticker | FaZe Clan | Antwerp 2022
Dec 20 2023 01: +0,0.03,330,Sticker | FaZe Clan | Antwerp 2022
Dec 21 2023 01: +0,0.03,519,Sticker | FaZe Clan | Antwerp 2022
Dec 22 2023 01: +0,0.03,351,Sticker | FaZe Clan | Antwerp 2022
Dec 23 2023 01: +0,0.03,1919,Sticker | FaZe Clan | Antwerp 2022
Dec 24 2023 01: +0,0.03,1146,Sticker | FaZe Clan | Antwerp 2022
Dec 25 2023 01: +0,0.03,711,Sticker | FaZe Clan | Antwerp 2022
Dec 26 2023 01: +0,0.03,419,Sticker | FaZe Clan | Antwerp 2022
Dec 27 2023 01: +0,0.03,1863,Sticker | FaZe Clan | Antwerp 2022
Dec 28 2023 01: +0,0.03,345,Sticker | FaZe Clan | Antwerp 2022
Dec 29 2023 01: +0,0.03,601,Sticker | FaZe Clan | Antwerp 2022
Dec 30 2023 01: +0,0.03,355,Sticker | FaZe Clan | Antwerp 2022
Dec 31 2023 01: +0,0.03,417,Sticker | FaZe Clan | Antwerp 2022
Jan 01 2024 01: +0,0.03,757,Sticker | FaZe Clan | Antwerp 2022
Jan 02 2024 01: +0,0.03,576,Sticker | FaZe Clan | Antwerp 2022
Jan 03 2024 01: +0,0.03,427,Sticker | FaZe Clan | Antwerp 2022
Jan 04 2024 01: +0,0.03,476,Sticker | FaZe Clan | Antwerp 2022
Jan 05 2024 01: +0,0.03,589,Sticker | FaZe Clan | Antwerp 2022
Jan 06 2024 01: +0,0.03,315,Sticker | FaZe Clan | Antwerp 2022
Jan 07 2024 01: +0,0.03,309,Sticker | FaZe Clan | Antwerp 2022
Jan 08 2024 01: +0,0.03,414,Sticker | FaZe Clan | Antwerp 2022
Jan 09 2024 01: +0,0.03,274,Sticker | FaZe Clan | Antwerp 2022
Jan 10 2024 01: +0,0.03,422,Sticker | FaZe Clan | Antwerp 2022
Jan 11 2024 01: +0,0.03,352,Sticker | FaZe Clan | Antwerp 2022
Jan 12 2024 01: +0,0.03,335,Sticker | FaZe Clan | Antwerp 2022
Jan 13 2024 01: +0,0.03,335,Sticker | FaZe Clan | Antwerp 2022
Jan 14 2024 01: +0,0.03,790,Sticker | FaZe Clan | Antwerp 2022
Jan 15 2024 01: +0,0.03,298,Sticker | FaZe Clan | Antwerp 2022
Jan 16 2024 01: +0,0.03,542,Sticker | FaZe Clan | Antwerp 2022
Jan 17 2024 01: +0,0.03,354,Sticker | FaZe Clan | Antwerp 2022
Jan 18 2024 01: +0,0.03,432,Sticker | FaZe Clan | Antwerp 2022
Jan 19 2024 01: +0,0.03,444,Sticker | FaZe Clan | Antwerp 2022
Jan 20 2024 01: +0,0.03,279,Sticker | FaZe Clan | Antwerp 2022
Jan 21 2024 01: +0,0.03,296,Sticker | FaZe Clan | Antwerp 2022
Jan 22 2024 01: +0,0.03,497,Sticker | FaZe Clan | Antwerp 2022
Jan 23 2024 01: +0,0.03,443,Sticker | FaZe Clan | Antwerp 2022
Jan 24 2024 01: +0,0.03,395,Sticker | FaZe Clan | Antwerp 2022
Jan 25 2024 01: +0,0.03,412,Sticker | FaZe Clan | Antwerp 2022
Jan 26 2024 01: +0,0.03,342,Sticker | FaZe Clan | Antwerp 2022
Jan 27 2024 01: +0,0.03,394,Sticker | FaZe Clan | Antwerp 2022
Jan 28 2024 01: +0,0.03,335,Sticker | FaZe Clan | Antwerp 2022
Jan 29 2024 01: +0,0.03,322,Sticker | FaZe Clan | Antwerp 2022
Jan 30 2024 01: +0,0.03,318,Sticker | FaZe Clan | Antwerp 2022
Jan 31 2024 01: +0,0.03,890,Sticker | FaZe Clan | Antwerp 2022
Feb 01 2024 01: +0,0.03,299,Sticker | FaZe Clan | Antwerp 2022
Feb 02 2024 01: +0,0.03,161,Sticker | FaZe Clan | Antwerp 2022
Feb 03 2024 01: +0,0.03,417,Sticker | FaZe Clan | Antwerp 2022
Feb 04 2024 01: +0,0.03,356,Sticker | FaZe Clan | Antwerp 2022
Feb 05 2024 01: +0,0.03,332,Sticker | FaZe Clan | Antwerp 2022
Feb 06 2024 01: +0,0.03,238,Sticker | FaZe Clan | Antwerp 2022
Feb 07 2024 01: +0,0.03,995,Sticker | FaZe Clan | Antwerp 2022
Feb 08 2024 01: +0,0.03,684,Sticker | FaZe Clan | Antwerp 2022
Feb 09 2024 01: +0,0.03,666,Sticker | FaZe Clan | Antwerp 2022
Feb 10 2024 01: +0,0.03,2205,Sticker | FaZe Clan | Antwerp 2022
Feb 11 2024 01: +0,0.03,2179,Sticker | FaZe Clan | Antwerp 2022
Feb 12 2024 01: +0,0.03,916,Sticker | FaZe Clan | Antwerp 2022
Feb 13 2024 01: +0,0.03,900,Sticker | FaZe Clan | Antwerp 2022
Feb 14 2024 01: +0,0.03,518,Sticker | FaZe Clan | Antwerp 2022
Feb 15 2024 01: +0,0.03,448,Sticker | FaZe Clan | Antwerp 2022
Feb 16 2024 01: +0,0.03,549,Sticker | FaZe Clan | Antwerp 2022
Feb 17 2024 01: +0,0.03,802,Sticker | FaZe Clan | Antwerp 2022
Feb 18 2024 01: +0,0.03,624,Sticker | FaZe Clan | Antwerp 2022
Feb 19 2024 01: +0,0.03,624,Sticker | FaZe Clan | Antwerp 2022
Feb 20 2024 01: +0,0.032,722,Sticker | FaZe Clan | Antwerp 2022
Feb 21 2024 01: +0,0.03,751,Sticker | FaZe Clan | Antwerp 2022
Feb 22 2024 01: +0,0.03,542,Sticker | FaZe Clan | Antwerp 2022
Feb 23 2024 01: +0,0.03,464,Sticker | FaZe Clan | Antwerp 2022
Feb 24 2024 01: +0,0.03,871,Sticker | FaZe Clan | Antwerp 2022
Feb 25 2024 01: +0,0.03,887,Sticker | FaZe Clan | Antwerp 2022
Feb 26 2024 01: +0,0.03,517,Sticker | FaZe Clan | Antwerp 2022
Feb 27 2024 01: +0,0.03,493,Sticker | FaZe Clan | Antwerp 2022
Feb 28 2024 01: +0,0.03,435,Sticker | FaZe Clan | Antwerp 2022
Feb 29 2024 01: +0,0.03,511,Sticker | FaZe Clan | Antwerp 2022
Mar 01 2024 01: +0,0.03,383,Sticker | FaZe Clan | Antwerp 2022
Mar 02 2024 01: +0,0.03,533,Sticker | FaZe Clan | Antwerp 2022
Mar 03 2024 01: +0,0.03,583,Sticker | FaZe Clan | Antwerp 2022
Mar 04 2024 01: +0,0.03,353,Sticker | FaZe Clan | Antwerp 2022
Mar 05 2024 01: +0,0.03,407,Sticker | FaZe Clan | Antwerp 2022
Mar 06 2024 01: +0,0.03,525,Sticker | FaZe Clan | Antwerp 2022
Mar 07 2024 01: +0,0.03,515,Sticker | FaZe Clan | Antwerp 2022
Mar 08 2024 01: +0,0.03,503,Sticker | FaZe Clan | Antwerp 2022
Mar 09 2024 01: +0,0.03,522,Sticker | FaZe Clan | Antwerp 2022
Mar 10 2024 01: +0,0.03,623,Sticker | FaZe Clan | Antwerp 2022
Mar 11 2024 01: +0,0.03,516,Sticker | FaZe Clan | Antwerp 2022
Mar 12 2024 01: +0,0.03,403,Sticker | FaZe Clan | Antwerp 2022
Mar 13 2024 01: +0,0.03,407,Sticker | FaZe Clan | Antwerp 2022
Mar 14 2024 01: +0,0.03,1729,Sticker | FaZe Clan | Antwerp 2022
Mar 15 2024 01: +0,0.03,514,Sticker | FaZe Clan | Antwerp 2022
Mar 16 2024 01: +0,0.03,951,Sticker | FaZe Clan | Antwerp 2022
Mar 17 2024 01: +0,0.03,356,Sticker | FaZe Clan | Antwerp 2022
Mar 18 2024 01: +0,0.03,451,Sticker | FaZe Clan | Antwerp 2022
Mar 19 2024 01: +0,0.03,401,Sticker | FaZe Clan | Antwerp 2022
Mar 20 2024 01: +0,0.03,611,Sticker | FaZe Clan | Antwerp 2022
Mar 21 2024 01: +0,0.03,779,Sticker | FaZe Clan | Antwerp 2022
Mar 22 2024 01: +0,0.03,327,Sticker | FaZe Clan | Antwerp 2022
Mar 23 2024 01: +0,0.03,393,Sticker | FaZe Clan | Antwerp 2022
Mar 24 2024 01: +0,0.03,704,Sticker | FaZe Clan | Antwerp 2022
Mar 25 2024 01: +0,0.03,393,Sticker | FaZe Clan | Antwerp 2022
Mar 26 2024 01: +0,0.03,530,Sticker | FaZe Clan | Antwerp 2022
Mar 27 2024 01: +0,0.03,424,Sticker | FaZe Clan | Antwerp 2022
Mar 28 2024 01: +0,0.03,564,Sticker | FaZe Clan | Antwerp 2022
Mar 29 2024 01: +0,0.03,828,Sticker | FaZe Clan | Antwerp 2022
Mar 30 2024 01: +0,0.03,628,Sticker | FaZe Clan | Antwerp 2022
Mar 31 2024 01: +0,0.03,900,Sticker | FaZe Clan | Antwerp 2022
Apr 01 2024 01: +0,0.03,497,Sticker | FaZe Clan | Antwerp 2022
Apr 02 2024 01: +0,0.03,289,Sticker | FaZe Clan | Antwerp 2022
Apr 03 2024 01: +0,0.03,328,Sticker | FaZe Clan | Antwerp 2022
Apr 04 2024 01: +0,0.03,331,Sticker | FaZe Clan | Antwerp 2022
Apr 05 2024 01: +0,0.03,260,Sticker | FaZe Clan | Antwerp 2022
Apr 06 2024 01: +0,0.03,736,Sticker | FaZe Clan | Antwerp 2022
Apr 07 2024 01: +0,0.03,481,Sticker | FaZe Clan | Antwerp 2022
Apr 08 2024 01: +0,0.03,906,Sticker | FaZe Clan | Antwerp 2022
Apr 09 2024 01: +0,0.03,303,Sticker | FaZe Clan | Antwerp 2022
Apr 10 2024 01: +0,0.03,471,Sticker | FaZe Clan | Antwerp 2022
Apr 11 2024 01: +0,0.03,373,Sticker | FaZe Clan | Antwerp 2022
Apr 12 2024 01: +0,0.03,691,Sticker | FaZe Clan | Antwerp 2022
Apr 13 2024 01: +0,0.03,397,Sticker | FaZe Clan | Antwerp 2022
Apr 14 2024 01: +0,0.03,453,Sticker | FaZe Clan | Antwerp 2022
Apr 15 2024 01: +0,0.03,308,Sticker | FaZe Clan | Antwerp 2022
Apr 16 2024 01: +0,0.03,320,Sticker | FaZe Clan | Antwerp 2022
Apr 17 2024 01: +0,0.03,465,Sticker | FaZe Clan | Antwerp 2022
Apr 18 2024 01: +0,0.03,937,Sticker | FaZe Clan | Antwerp 2022
Apr 19 2024 01: +0,0.03,265,Sticker | FaZe Clan | Antwerp 2022
Apr 20 2024 01: +0,0.03,471,Sticker | FaZe Clan | Antwerp 2022
Apr 21 2024 01: +0,0.03,368,Sticker | FaZe Clan | Antwerp 2022
Apr 22 2024 01: +0,0.03,327,Sticker | FaZe Clan | Antwerp 2022
Apr 23 2024 01: +0,0.03,299,Sticker | FaZe Clan | Antwerp 2022
Apr 24 2024 01: +0,0.03,366,Sticker | FaZe Clan | Antwerp 2022
Apr 25 2024 01: +0,0.03,454,Sticker | FaZe Clan | Antwerp 2022
Apr 26 2024 01: +0,0.03,451,Sticker | FaZe Clan | Antwerp 2022
Apr 27 2024 01: +0,0.03,451,Sticker | FaZe Clan | Antwerp 2022
Apr 28 2024 01: +0,0.03,448,Sticker | FaZe Clan | Antwerp 2022
Apr 29 2024 01: +0,0.03,493,Sticker | FaZe Clan | Antwerp 2022
Apr 30 2024 01: +0,0.03,460,Sticker | FaZe Clan | Antwerp 2022
May 01 2024 01: +0,0.03,405,Sticker | FaZe Clan | Antwerp 2022
May 02 2024 01: +0,0.03,305,Sticker | FaZe Clan | Antwerp 2022
May 03 2024 01: +0,0.03,256,Sticker | FaZe Clan | Antwerp 2022
May 04 2024 01: +0,0.03,267,Sticker | FaZe Clan | Antwerp 2022
May 05 2024 01: +0,0.03,394,Sticker | FaZe Clan | Antwerp 2022
May 06 2024 01: +0,0.03,174,Sticker | FaZe Clan | Antwerp 2022
May 07 2024 01: +0,0.03,328,Sticker | FaZe Clan | Antwerp 2022
May 08 2024 01: +0,0.03,598,Sticker | FaZe Clan | Antwerp 2022
May 09 2024 01: +0,0.03,218,Sticker | FaZe Clan | Antwerp 2022
May 10 2024 01: +0,0.03,707,Sticker | FaZe Clan | Antwerp 2022
May 11 2024 01: +0,0.03,362,Sticker | FaZe Clan | Antwerp 2022
May 12 2024 01: +0,0.03,284,Sticker | FaZe Clan | Antwerp 2022
May 13 2024 01: +0,0.03,208,Sticker | FaZe Clan | Antwerp 2022
May 14 2024 01: +0,0.03,234,Sticker | FaZe Clan | Antwerp 2022
May 15 2024 01: +0,0.03,214,Sticker | FaZe Clan | Antwerp 2022
May 16 2024 01: +0,0.03,229,Sticker | FaZe Clan | Antwerp 2022
May 17 2024 01: +0,0.03,189,Sticker | FaZe Clan | Antwerp 2022
May 18 2024 01: +0,0.03,586,Sticker | FaZe Clan | Antwerp 2022
May 19 2024 01: +0,0.03,394,Sticker | FaZe Clan | Antwerp 2022
May 20 2024 01: +0,0.03,376,Sticker | FaZe Clan | Antwerp 2022
May 21 2024 01: +0,0.03,190,Sticker | FaZe Clan | Antwerp 2022
May 22 2024 01: +0,0.03,298,Sticker | FaZe Clan | Antwerp 2022
May 23 2024 01: +0,0.03,126,Sticker | FaZe Clan | Antwerp 2022
May 24 2024 01: +0,0.03,191,Sticker | FaZe Clan | Antwerp 2022
May 25 2024 01: +0,0.03,145,Sticker | FaZe Clan | Antwerp 2022
May 26 2024 01: +0,0.03,146,Sticker | FaZe Clan | Antwerp 2022
May 27 2024 01: +0,0.03,166,Sticker | FaZe Clan | Antwerp 2022
May 28 2024 01: +0,0.03,120,Sticker | FaZe Clan | Antwerp 2022
May 29 2024 01: +0,0.03,145,Sticker | FaZe Clan | Antwerp 2022
May 30 2024 01: +0,0.03,209,Sticker | FaZe Clan | Antwerp 2022
May 31 2024 01: +0,0.03,458,Sticker | FaZe Clan | Antwerp 2022
Jun 01 2024 01: +0,0.03,177,Sticker | FaZe Clan | Antwerp 2022
Jun 02 2024 01: +0,0.03,195,Sticker | FaZe Clan | Antwerp 2022
Jun 03 2024 01: +0,0.03,143,Sticker | FaZe Clan | Antwerp 2022
Jun 04 2024 01: +0,0.03,152,Sticker | FaZe Clan | Antwerp 2022
Jun 05 2024 01: +0,0.03,402,Sticker | FaZe Clan | Antwerp 2022
Jun 06 2024 01: +0,0.03,265,Sticker | FaZe Clan | Antwerp 2022
Jun 07 2024 01: +0,0.03,140,Sticker | FaZe Clan | Antwerp 2022
Jun 08 2024 01: +0,0.03,173,Sticker | FaZe Clan | Antwerp 2022
Jun 09 2024 01: +0,0.03,370,Sticker | FaZe Clan | Antwerp 2022
Jun 10 2024 01: +0,0.03,145,Sticker | FaZe Clan | Antwerp 2022
Jun 11 2024 01: +0,0.03,134,Sticker | FaZe Clan | Antwerp 2022
Jun 12 2024 01: +0,0.03,351,Sticker | FaZe Clan | Antwerp 2022
Jun 13 2024 01: +0,0.03,342,Sticker | FaZe Clan | Antwerp 2022
Jun 14 2024 01: +0,0.03,458,Sticker | FaZe Clan | Antwerp 2022
Jun 15 2024 01: +0,0.03,256,Sticker | FaZe Clan | Antwerp 2022
Jun 16 2024 01: +0,0.03,148,Sticker | FaZe Clan | Antwerp 2022
Jun 17 2024 01: +0,0.03,374,Sticker | FaZe Clan | Antwerp 2022
Jun 18 2024 01: +0,0.03,223,Sticker | FaZe Clan | Antwerp 2022
Jun 19 2024 01: +0,0.03,227,Sticker | FaZe Clan | Antwerp 2022
Jun 20 2024 01: +0,0.03,146,Sticker | FaZe Clan | Antwerp 2022
Jun 21 2024 01: +0,0.03,450,Sticker | FaZe Clan | Antwerp 2022
Jun 22 2024 01: +0,0.03,153,Sticker | FaZe Clan | Antwerp 2022
Jun 23 2024 01: +0,0.03,230,Sticker | FaZe Clan | Antwerp 2022
Jun 24 2024 01: +0,0.03,115,Sticker | FaZe Clan | Antwerp 2022
Jun 25 2024 01: +0,0.03,187,Sticker | FaZe Clan | Antwerp 2022
Jun 26 2024 01: +0,0.03,141,Sticker | FaZe Clan | Antwerp 2022
Jun 27 2024 01: +0,0.03,128,Sticker | FaZe Clan | Antwerp 2022
Jun 28 2024 01: +0,0.03,263,Sticker | FaZe Clan | Antwerp 2022
Jun 29 2024 01: +0,0.03,256,Sticker | FaZe Clan | Antwerp 2022
Jun 30 2024 01: +0,0.03,167,Sticker | FaZe Clan | Antwerp 2022
Jul 01 2024 01: +0,0.03,116,Sticker | FaZe Clan | Antwerp 2022
Jul 02 2024 01: +0,0.03,206,Sticker | FaZe Clan | Antwerp 2022
Jul 03 2024 01: +0,0.03,204,Sticker | FaZe Clan | Antwerp 2022
Jul 04 2024 01: +0,0.03,252,Sticker | FaZe Clan | Antwerp 2022
Jul 05 2024 01: +0,0.03,121,Sticker | FaZe Clan | Antwerp 2022
Jul 06 2024 01: +0,0.03,145,Sticker | FaZe Clan | Antwerp 2022
Jul 07 2024 01: +0,0.03,1146,Sticker | FaZe Clan | Antwerp 2022
Jul 08 2024 01: +0,0.03,164,Sticker | FaZe Clan | Antwerp 2022
Jul 09 2024 01: +0,0.03,124,Sticker | FaZe Clan | Antwerp 2022
Jul 10 2024 01: +0,0.03,141,Sticker | FaZe Clan | Antwerp 2022
Jul 11 2024 01: +0,0.03,169,Sticker | FaZe Clan | Antwerp 2022
Jul 12 2024 01: +0,0.03,195,Sticker | FaZe Clan | Antwerp 2022
Jul 13 2024 01: +0,0.03,153,Sticker | FaZe Clan | Antwerp 2022
Jul 14 2024 01: +0,0.03,184,Sticker | FaZe Clan | Antwerp 2022
Jul 15 2024 01: +0,0.03,153,Sticker | FaZe Clan | Antwerp 2022
Jul 16 2024 01: +0,0.03,110,Sticker | FaZe Clan | Antwerp 2022
Jul 17 2024 01: +0,0.03,145,Sticker | FaZe Clan | Antwerp 2022
Jul 18 2024 01: +0,0.03,326,Sticker | FaZe Clan | Antwerp 2022
Jul 19 2024 01: +0,0.03,115,Sticker | FaZe Clan | Antwerp 2022
Jul 20 2024 01: +0,0.03,179,Sticker | FaZe Clan | Antwerp 2022
Jul 21 2024 01: +0,0.03,150,Sticker | FaZe Clan | Antwerp 2022
Jul 22 2024 01: +0,0.03,152,Sticker | FaZe Clan | Antwerp 2022
Jul 23 2024 01: +0,0.03,187,Sticker | FaZe Clan | Antwerp 2022
Jul 24 2024 01: +0,0.03,136,Sticker | FaZe Clan | Antwerp 2022
Jul 25 2024 01: +0,0.03,334,Sticker | FaZe Clan | Antwerp 2022
Jul 26 2024 01: +0,0.03,159,Sticker | FaZe Clan | Antwerp 2022
Jul 27 2024 01: +0,0.03,196,Sticker | FaZe Clan | Antwerp 2022
Jul 28 2024 01: +0,0.03,114,Sticker | FaZe Clan | Antwerp 2022
Jul 29 2024 01: +0,0.03,138,Sticker | FaZe Clan | Antwerp 2022
Jul 30 2024 01: +0,0.03,109,Sticker | FaZe Clan | Antwerp 2022
Jul 31 2024 01: +0,0.03,156,Sticker | FaZe Clan | Antwerp 2022
Aug 01 2024 01: +0,0.03,221,Sticker | FaZe Clan | Antwerp 2022
Aug 02 2024 01: +0,0.03,182,Sticker | FaZe Clan | Antwerp 2022
Aug 03 2024 01: +0,0.03,98,Sticker | FaZe Clan | Antwerp 2022
Aug 04 2024 01: +0,0.03,326,Sticker | FaZe Clan | Antwerp 2022
Aug 05 2024 01: +0,0.03,142,Sticker | FaZe Clan | Antwerp 2022
Aug 06 2024 01: +0,0.03,132,Sticker | FaZe Clan | Antwerp 2022
Aug 07 2024 01: +0,0.03,220,Sticker | FaZe Clan | Antwerp 2022
Aug 08 2024 01: +0,0.03,154,Sticker | FaZe Clan | Antwerp 2022
Aug 09 2024 01: +0,0.03,177,Sticker | FaZe Clan | Antwerp 2022
Aug 10 2024 01: +0,0.03,151,Sticker | FaZe Clan | Antwerp 2022
Aug 11 2024 01: +0,0.03,245,Sticker | FaZe Clan | Antwerp 2022
Aug 12 2024 01: +0,0.03,318,Sticker | FaZe Clan | Antwerp 2022
Aug 13 2024 01: +0,0.03,251,Sticker | FaZe Clan | Antwerp 2022
Aug 14 2024 01: +0,0.03,230,Sticker | FaZe Clan | Antwerp 2022
Aug 15 2024 01: +0,0.03,378,Sticker | FaZe Clan | Antwerp 2022
Aug 16 2024 01: +0,0.03,183,Sticker | FaZe Clan | Antwerp 2022
Aug 17 2024 01: +0,0.03,152,Sticker | FaZe Clan | Antwerp 2022
Aug 18 2024 01: +0,0.03,573,Sticker | FaZe Clan | Antwerp 2022
Aug 19 2024 01: +0,0.03,135,Sticker | FaZe Clan | Antwerp 2022
Aug 20 2024 01: +0,0.03,504,Sticker | FaZe Clan | Antwerp 2022
Aug 21 2024 01: +0,0.03,136,Sticker | FaZe Clan | Antwerp 2022
Aug 22 2024 01: +0,0.03,276,Sticker | FaZe Clan | Antwerp 2022
Aug 23 2024 01: +0,0.03,198,Sticker | FaZe Clan | Antwerp 2022
Aug 24 2024 01: +0,0.03,210,Sticker | FaZe Clan | Antwerp 2022
Aug 25 2024 01: +0,0.03,279,Sticker | FaZe Clan | Antwerp 2022
Aug 26 2024 01: +0,0.03,335,Sticker | FaZe Clan | Antwerp 2022
Aug 27 2024 01: +0,0.03,181,Sticker | FaZe Clan | Antwerp 2022
Aug 28 2024 01: +0,0.03,182,Sticker | FaZe Clan | Antwerp 2022
Aug 29 2024 01: +0,0.03,328,Sticker | FaZe Clan | Antwerp 2022
Aug 30 2024 01: +0,0.03,155,Sticker | FaZe Clan | Antwerp 2022
Aug 31 2024 01: +0,0.03,162,Sticker | FaZe Clan | Antwerp 2022
Sep 01 2024 01: +0,0.03,430,Sticker | FaZe Clan | Antwerp 2022
Sep 02 2024 01: +0,0.03,237,Sticker | FaZe Clan | Antwerp 2022
Sep 03 2024 01: +0,0.03,124,Sticker | FaZe Clan | Antwerp 2022
Sep 04 2024 01: +0,0.03,215,Sticker | FaZe Clan | Antwerp 2022
Sep 05 2024 01: +0,0.03,300,Sticker | FaZe Clan | Antwerp 2022
Sep 06 2024 01: +0,0.03,150,Sticker | FaZe Clan | Antwerp 2022
Sep 07 2024 01: +0,0.03,813,Sticker | FaZe Clan | Antwerp 2022
Sep 08 2024 01: +0,0.03,201,Sticker | FaZe Clan | Antwerp 2022
Sep 09 2024 01: +0,0.03,237,Sticker | FaZe Clan | Antwerp 2022
Sep 10 2024 01: +0,0.03,361,Sticker | FaZe Clan | Antwerp 2022
Sep 11 2024 01: +0,0.03,135,Sticker | FaZe Clan | Antwerp 2022
Sep 12 2024 01: +0,0.03,222,Sticker | FaZe Clan | Antwerp 2022
Sep 13 2024 01: +0,0.03,214,Sticker | FaZe Clan | Antwerp 2022
Sep 14 2024 01: +0,0.03,334,Sticker | FaZe Clan | Antwerp 2022
Sep 15 2024 01: +0,0.03,796,Sticker | FaZe Clan | Antwerp 2022
Sep 16 2024 01: +0,0.03,276,Sticker | FaZe Clan | Antwerp 2022
Sep 17 2024 01: +0,0.03,275,Sticker | FaZe Clan | Antwerp 2022
Sep 18 2024 01: +0,0.03,193,Sticker | FaZe Clan | Antwerp 2022
Sep 19 2024 01: +0,0.03,164,Sticker | FaZe Clan | Antwerp 2022
Sep 20 2024 01: +0,0.03,309,Sticker | FaZe Clan | Antwerp 2022
Sep 21 2024 01: +0,0.03,172,Sticker | FaZe Clan | Antwerp 2022
Sep 22 2024 01: +0,0.03,282,Sticker | FaZe Clan | Antwerp 2022
Sep 23 2024 01: +0,0.03,307,Sticker | FaZe Clan | Antwerp 2022
Sep 24 2024 01: +0,0.03,172,Sticker | FaZe Clan | Antwerp 2022
Sep 25 2024 01: +0,0.03,184,Sticker | FaZe Clan | Antwerp 2022
Sep 26 2024 01: +0,0.03,388,Sticker | FaZe Clan | Antwerp 2022
Sep 27 2024 01: +0,0.03,305,Sticker | FaZe Clan | Antwerp 2022
Sep 28 2024 01: +0,0.03,156,Sticker | FaZe Clan | Antwerp 2022
Sep 29 2024 01: +0,0.03,170,Sticker | FaZe Clan | Antwerp 2022
Sep 30 2024 01: +0,0.03,413,Sticker | FaZe Clan | Antwerp 2022
Oct 01 2024 01: +0,0.03,98,Sticker | FaZe Clan | Antwerp 2022
Oct 02 2024 01: +0,0.03,160,Sticker | FaZe Clan | Antwerp 2022
Oct 03 2024 01: +0,0.03,507,Sticker | FaZe Clan | Antwerp 2022
Oct 04 2024 01: +0,0.03,362,Sticker | FaZe Clan | Antwerp 2022
Oct 05 2024 01: +0,0.03,1196,Sticker | FaZe Clan | Antwerp 2022
Oct 06 2024 01: +0,0.03,177,Sticker | FaZe Clan | Antwerp 2022
Oct 07 2024 01: +0,0.03,450,Sticker | FaZe Clan | Antwerp 2022
Oct 08 2024 01: +0,0.03,343,Sticker | FaZe Clan | Antwerp 2022
Oct 09 2024 01: +0,0.03,178,Sticker | FaZe Clan | Antwerp 2022
Oct 10 2024 01: +0,0.03,317,Sticker | FaZe Clan | Antwerp 2022
Oct 11 2024 01: +0,0.03,1120,Sticker | FaZe Clan | Antwerp 2022
Oct 12 2024 01: +0,0.03,251,Sticker | FaZe Clan | Antwerp 2022
Oct 13 2024 01: +0,0.03,274,Sticker | FaZe Clan | Antwerp 2022
Oct 14 2024 01: +0,0.03,496,Sticker | FaZe Clan | Antwerp 2022
Oct 15 2024 01: +0,0.03,249,Sticker | FaZe Clan | Antwerp 2022
Oct 16 2024 01: +0,0.03,178,Sticker | FaZe Clan | Antwerp 2022
Oct 17 2024 01: +0,0.03,147,Sticker | FaZe Clan | Antwerp 2022
Oct 18 2024 01: +0,0.03,1075,Sticker | FaZe Clan | Antwerp 2022
Oct 19 2024 01: +0,0.03,200,Sticker | FaZe Clan | Antwerp 2022
Oct 20 2024 01: +0,0.03,226,Sticker | FaZe Clan | Antwerp 2022
Oct 21 2024 01: +0,0.03,332,Sticker | FaZe Clan | Antwerp 2022
Oct 22 2024 01: +0,0.03,322,Sticker | FaZe Clan | Antwerp 2022
Oct 23 2024 01: +0,0.03,329,Sticker | FaZe Clan | Antwerp 2022
Oct 24 2024 01: +0,0.03,494,Sticker | FaZe Clan | Antwerp 2022
Oct 25 2024 01: +0,0.03,224,Sticker | FaZe Clan | Antwerp 2022
Oct 26 2024 01: +0,0.03,219,Sticker | FaZe Clan | Antwerp 2022
Oct 27 2024 01: +0,0.03,225,Sticker | FaZe Clan | Antwerp 2022
Oct 28 2024 01: +0,0.03,182,Sticker | FaZe Clan | Antwerp 2022
Oct 29 2024 01: +0,0.03,152,Sticker | FaZe Clan | Antwerp 2022
Oct 30 2024 01: +0,0.03,92,Sticker | FaZe Clan | Antwerp 2022
Oct 31 2024 01: +0,0.03,292,Sticker | FaZe Clan | Antwerp 2022
Nov 01 2024 01: +0,0.03,171,Sticker | FaZe Clan | Antwerp 2022
Nov 02 2024 01: +0,0.03,152,Sticker | FaZe Clan | Antwerp 2022
Nov 03 2024 01: +0,0.03,227,Sticker | FaZe Clan | Antwerp 2022
Nov 04 2024 01: +0,0.03,170,Sticker | FaZe Clan | Antwerp 2022
Nov 05 2024 01: +0,0.03,228,Sticker | FaZe Clan | Antwerp 2022
Nov 06 2024 01: +0,0.03,122,Sticker | FaZe Clan | Antwerp 2022
Nov 07 2024 01: +0,0.03,185,Sticker | FaZe Clan | Antwerp 2022
Nov 08 2024 01: +0,0.03,148,Sticker | FaZe Clan | Antwerp 2022
Nov 09 2024 01: +0,0.03,647,Sticker | FaZe Clan | Antwerp 2022
Nov 10 2024 01: +0,0.03,190,Sticker | FaZe Clan | Antwerp 2022
Nov 11 2024 01: +0,0.03,182,Sticker | FaZe Clan | Antwerp 2022
Nov 12 2024 01: +0,0.03,112,Sticker | FaZe Clan | Antwerp 2022
Nov 13 2024 01: +0,0.03,299,Sticker | FaZe Clan | Antwerp 2022
Nov 14 2024 01: +0,0.03,124,Sticker | FaZe Clan | Antwerp 2022
Nov 15 2024 01: +0,0.03,163,Sticker | FaZe Clan | Antwerp 2022
Nov 16 2024 01: +0,0.03,432,Sticker | FaZe Clan | Antwerp 2022
Nov 17 2024 01: +0,0.03,200,Sticker | FaZe Clan | Antwerp 2022
Nov 18 2024 01: +0,0.03,185,Sticker | FaZe Clan | Antwerp 2022
Nov 19 2024 01: +0,0.03,373,Sticker | FaZe Clan | Antwerp 2022
Nov 20 2024 01: +0,0.03,184,Sticker | FaZe Clan | Antwerp 2022
Nov 21 2024 01: +0,0.03,302,Sticker | FaZe Clan | Antwerp 2022
Nov 22 2024 01: +0,0.03,686,Sticker | FaZe Clan | Antwerp 2022
Nov 23 2024 01: +0,0.03,163,Sticker | FaZe Clan | Antwerp 2022
Nov 24 2024 01: +0,0.03,252,Sticker | FaZe Clan | Antwerp 2022
Nov 25 2024 01: +0,0.03,272,Sticker | FaZe Clan | Antwerp 2022
Nov 26 2024 01: +0,0.03,189,Sticker | FaZe Clan | Antwerp 2022
Nov 27 2024 01: +0,0.03,142,Sticker | FaZe Clan | Antwerp 2022
Nov 28 2024 01: +0,0.03,382,Sticker | FaZe Clan | Antwerp 2022
Nov 29 2024 01: +0,0.03,261,Sticker | FaZe Clan | Antwerp 2022
Nov 30 2024 01: +0,0.03,303,Sticker | FaZe Clan | Antwerp 2022
Dec 01 2024 01: +0,0.03,230,Sticker | FaZe Clan | Antwerp 2022
Dec 02 2024 01: +0,0.03,279,Sticker | FaZe Clan | Antwerp 2022
Dec 03 2024 01: +0,0.03,147,Sticker | FaZe Clan | Antwerp 2022
Dec 04 2024 01: +0,0.03,149,Sticker | FaZe Clan | Antwerp 2022
Dec 05 2024 01: +0,0.03,179,Sticker | FaZe Clan | Antwerp 2022
Dec 06 2024 01: +0,0.03,144,Sticker | FaZe Clan | Antwerp 2022
Dec 07 2024 01: +0,0.03,133,Sticker | FaZe Clan | Antwerp 2022
Dec 08 2024 01: +0,0.03,254,Sticker | FaZe Clan | Antwerp 2022
Dec 09 2024 01: +0,0.03,215,Sticker | FaZe Clan | Antwerp 2022
Dec 10 2024 01: +0,0.03,369,Sticker | FaZe Clan | Antwerp 2022
Dec 11 2024 01: +0,0.03,238,Sticker | FaZe Clan | Antwerp 2022
Dec 12 2024 01: +0,0.03,184,Sticker | FaZe Clan | Antwerp 2022
Dec 13 2024 01: +0,0.03,178,Sticker | FaZe Clan | Antwerp 2022
Dec 14 2024 01: +0,0.03,383,Sticker | FaZe Clan | Antwerp 2022
Dec 15 2024 01: +0,0.03,475,Sticker | FaZe Clan | Antwerp 2022
Dec 16 2024 01: +0,0.03,262,Sticker | FaZe Clan | Antwerp 2022
Dec 17 2024 01: +0,0.03,289,Sticker | FaZe Clan | Antwerp 2022
Dec 18 2024 01: +0,0.03,209,Sticker | FaZe Clan | Antwerp 2022
Dec 19 2024 01: +0,0.03,193,Sticker | FaZe Clan | Antwerp 2022
Dec 20 2024 01: +0,0.03,198,Sticker | FaZe Clan | Antwerp 2022
Dec 21 2024 01: +0,0.03,260,Sticker | FaZe Clan | Antwerp 2022
Dec 22 2024 01: +0,0.03,235,Sticker | FaZe Clan | Antwerp 2022
Dec 23 2024 01: +0,0.03,188,Sticker | FaZe Clan | Antwerp 2022
Dec 24 2024 01: +0,0.03,169,Sticker | FaZe Clan | Antwerp 2022
Dec 25 2024 01: +0,0.03,239,Sticker | FaZe Clan | Antwerp 2022
Dec 26 2024 01: +0,0.03,272,Sticker | FaZe Clan | Antwerp 2022
Dec 27 2024 01: +0,0.03,198,Sticker | FaZe Clan | Antwerp 2022
Dec 28 2024 01: +0,0.03,275,Sticker | FaZe Clan | Antwerp 2022
Dec 29 2024 01: +0,0.03,364,Sticker | FaZe Clan | Antwerp 2022
Dec 30 2024 01: +0,0.03,190,Sticker | FaZe Clan | Antwerp 2022
Dec 31 2024 01: +0,0.03,363,Sticker | FaZe Clan | Antwerp 2022
Jan 01 2025 01: +0,0.03,150,Sticker | FaZe Clan | Antwerp 2022
Jan 02 2025 01: +0,0.03,195,Sticker | FaZe Clan | Antwerp 2022
Jan 03 2025 01: +0,0.03,334,Sticker | FaZe Clan | Antwerp 2022
Jan 04 2025 01: +0,0.03,354,Sticker | FaZe Clan | Antwerp 2022
Jan 05 2025 01: +0,0.03,220,Sticker | FaZe Clan | Antwerp 2022
Jan 06 2025 01: +0,0.03,243,Sticker | FaZe Clan | Antwerp 2022
Jan 07 2025 01: +0,0.03,283,Sticker | FaZe Clan | Antwerp 2022
Jan 08 2025 01: +0,0.03,195,Sticker | FaZe Clan | Antwerp 2022
Jan 09 2025 01: +0,0.03,248,Sticker | FaZe Clan | Antwerp 2022
Jan 10 2025 01: +0,0.03,196,Sticker | FaZe Clan | Antwerp 2022
Jan 11 2025 01: +0,0.03,329,Sticker | FaZe Clan | Antwerp 2022
Jan 12 2025 01: +0,0.03,283,Sticker | FaZe Clan | Antwerp 2022
Jan 13 2025 01: +0,0.03,202,Sticker | FaZe Clan | Antwerp 2022
Jan 14 2025 01: +0,0.03,260,Sticker | FaZe Clan | Antwerp 2022
Jan 15 2025 01: +0,0.03,487,Sticker | FaZe Clan | Antwerp 2022
Jan 16 2025 01: +0,0.03,176,Sticker | FaZe Clan | Antwerp 2022
Jan 17 2025 01: +0,0.03,189,Sticker | FaZe Clan | Antwerp 2022
Jan 18 2025 01: +0,0.03,253,Sticker | FaZe Clan | Antwerp 2022
Jan 19 2025 01: +0,0.03,203,Sticker | FaZe Clan | Antwerp 2022
Jan 20 2025 01: +0,0.03,193,Sticker | FaZe Clan | Antwerp 2022
Jan 21 2025 01: +0,0.03,203,Sticker | FaZe Clan | Antwerp 2022
Jan 22 2025 01: +0,0.03,190,Sticker | FaZe Clan | Antwerp 2022
Jan 23 2025 01: +0,0.03,296,Sticker | FaZe Clan | Antwerp 2022
Jan 24 2025 01: +0,0.03,377,Sticker | FaZe Clan | Antwerp 2022
Jan 25 2025 01: +0,0.03,196,Sticker | FaZe Clan | Antwerp 2022
Jan 26 2025 01: +0,0.03,395,Sticker | FaZe Clan | Antwerp 2022
Jan 27 2025 01: +0,0.03,294,Sticker | FaZe Clan | Antwerp 2022
Jan 28 2025 01: +0,0.03,125,Sticker | FaZe Clan | Antwerp 2022
Jan 29 2025 01: +0,0.03,160,Sticker | FaZe Clan | Antwerp 2022
Jan 30 2025 01: +0,0.03,178,Sticker | FaZe Clan | Antwerp 2022
Jan 31 2025 01: +0,0.03,232,Sticker | FaZe Clan | Antwerp 2022
Feb 01 2025 01: +0,0.03,183,Sticker | FaZe Clan | Antwerp 2022
Feb 02 2025 01: +0,0.03,312,Sticker | FaZe Clan | Antwerp 2022
Feb 03 2025 01: +0,0.03,288,Sticker | FaZe Clan | Antwerp 2022
Feb 04 2025 01: +0,0.03,354,Sticker | FaZe Clan | Antwerp 2022
Feb 05 2025 01: +0,0.03,218,Sticker | FaZe Clan | Antwerp 2022
Feb 06 2025 01: +0,0.03,478,Sticker | FaZe Clan | Antwerp 2022
Feb 07 2025 01: +0,0.03,246,Sticker | FaZe Clan | Antwerp 2022
Feb 08 2025 01: +0,0.03,191,Sticker | FaZe Clan | Antwerp 2022
Feb 09 2025 01: +0,0.03,434,Sticker | FaZe Clan | Antwerp 2022
Feb 10 2025 01: +0,0.03,324,Sticker | FaZe Clan | Antwerp 2022
Feb 11 2025 01: +0,0.03,241,Sticker | FaZe Clan | Antwerp 2022
Feb 12 2025 01: +0,0.03,202,Sticker | FaZe Clan | Antwerp 2022
Feb 13 2025 01: +0,0.03,215,Sticker | FaZe Clan | Antwerp 2022
Feb 14 2025 01: +0,0.03,241,Sticker | FaZe Clan | Antwerp 2022
Feb 15 2025 01: +0,0.03,260,Sticker | FaZe Clan | Antwerp 2022
Feb 16 2025 01: +0,0.03,428,Sticker | FaZe Clan | Antwerp 2022
Feb 17 2025 01: +0,0.03,214,Sticker | FaZe Clan | Antwerp 2022
Feb 18 2025 01: +0,0.03,220,Sticker | FaZe Clan | Antwerp 2022
Feb 19 2025 01: +0,0.03,199,Sticker | FaZe Clan | Antwerp 2022
Feb 20 2025 01: +0,0.03,304,Sticker | FaZe Clan | Antwerp 2022
Feb 21 2025 01: +0,0.03,360,Sticker | FaZe Clan | Antwerp 2022
Feb 22 2025 01: +0,0.03,228,Sticker | FaZe Clan | Antwerp 2022
Feb 23 2025 01: +0,0.03,249,Sticker | FaZe Clan | Antwerp 2022
Feb 24 2025 01: +0,0.03,223,Sticker | FaZe Clan | Antwerp 2022
Feb 25 2025 01: +0,0.03,257,Sticker | FaZe Clan | Antwerp 2022
Feb 26 2025 01: +0,0.03,339,Sticker | FaZe Clan | Antwerp 2022
Feb 27 2025 01: +0,0.03,338,Sticker | FaZe Clan | Antwerp 2022
Feb 28 2025 01: +0,0.03,234,Sticker | FaZe Clan | Antwerp 2022
Mar 01 2025 01: +0,0.03,517,Sticker | FaZe Clan | Antwerp 2022
Mar 02 2025 01: +0,0.03,887,Sticker | FaZe Clan | Antwerp 2022
Mar 03 2025 01: +0,0.03,183,Sticker | FaZe Clan | Antwerp 2022
Mar 04 2025 01: +0,0.03,227,Sticker | FaZe Clan | Antwerp 2022
Mar 05 2025 01: +0,0.03,255,Sticker | FaZe Clan | Antwerp 2022
Mar 06 2025 01: +0,0.03,630,Sticker | FaZe Clan | Antwerp 2022
Mar 07 2025 01: +0,0.03,234,Sticker | FaZe Clan | Antwerp 2022
Mar 08 2025 01: +0,0.03,829,Sticker | FaZe Clan | Antwerp 2022
Mar 09 2025 01: +0,0.03,320,Sticker | FaZe Clan | Antwerp 2022
Mar 10 2025 01: +0,0.03,219,Sticker | FaZe Clan | Antwerp 2022
Mar 11 2025 01: +0,0.03,169,Sticker | FaZe Clan | Antwerp 2022
Mar 12 2025 01: +0,0.03,191,Sticker | FaZe Clan | Antwerp 2022
Mar 13 2025 01: +0,0.03,251,Sticker | FaZe Clan | Antwerp 2022
Mar 14 2025 01: +0,0.03,249,Sticker | FaZe Clan | Antwerp 2022
Mar 15 2025 01: +0,0.03,260,Sticker | FaZe Clan | Antwerp 2022
Mar 16 2025 01: +0,0.03,696,Sticker | FaZe Clan | Antwerp 2022
Mar 17 2025 01: +0,0.03,139,Sticker | FaZe Clan | Antwerp 2022
Mar 18 2025 01: +0,0.03,147,Sticker | FaZe Clan | Antwerp 2022
Mar 19 2025 01: +0,0.03,927,Sticker | FaZe Clan | Antwerp 2022
Mar 20 2025 01: +0,0.03,116,Sticker | FaZe Clan | Antwerp 2022
Mar 21 2025 01: +0,0.03,205,Sticker | FaZe Clan | Antwerp 2022
Mar 22 2025 01: +0,0.03,159,Sticker | FaZe Clan | Antwerp 2022
Mar 23 2025 01: +0,0.03,140,Sticker | FaZe Clan | Antwerp 2022
Mar 24 2025 01: +0,0.03,69,Sticker | FaZe Clan | Antwerp 2022
Mar 25 2025 01: +0,0.03,377,Sticker | FaZe Clan | Antwerp 2022
Mar 26 2025 01: +0,0.03,252,Sticker | FaZe Clan | Antwerp 2022
Mar 27 2025 01: +0,0.03,301,Sticker | FaZe Clan | Antwerp 2022
Mar 28 2025 01: +0,0.03,199,Sticker | FaZe Clan | Antwerp 2022
Mar 29 2025 01: +0,0.03,192,Sticker | FaZe Clan | Antwerp 2022
Mar 30 2025 01: +0,0.03,211,Sticker | FaZe Clan | Antwerp 2022
Mar 31 2025 01: +0,0.03,145,Sticker | FaZe Clan | Antwerp 2022
Apr 01 2025 01: +0,0.03,613,Sticker | FaZe Clan | Antwerp 2022
Apr 02 2025 01: +0,0.03,156,Sticker | FaZe Clan | Antwerp 2022
Apr 03 2025 01: +0,0.03,300,Sticker | FaZe Clan | Antwerp 2022
Apr 04 2025 01: +0,0.03,135,Sticker | FaZe Clan | Antwerp 2022
Apr 05 2025 01: +0,0.03,362,Sticker | FaZe Clan | Antwerp 2022
Apr 06 2025 01: +0,0.03,134,Sticker | FaZe Clan | Antwerp 2022
Apr 07 2025 01: +0,0.03,91,Sticker | FaZe Clan | Antwerp 2022
Apr 08 2025 01: +0,0.03,139,Sticker | FaZe Clan | Antwerp 2022
Apr 09 2025 01: +0,0.03,143,Sticker | FaZe Clan | Antwerp 2022
Apr 10 2025 01: +0,0.03,297,Sticker | FaZe Clan | Antwerp 2022
Apr 11 2025 01: +0,0.03,164,Sticker | FaZe Clan | Antwerp 2022
Apr 12 2025 01: +0,0.03,218,Sticker | FaZe Clan | Antwerp 2022
Apr 13 2025 01: +0,0.03,196,Sticker | FaZe Clan | Antwerp 2022
Apr 14 2025 01: +0,0.03,194,Sticker | FaZe Clan | Antwerp 2022
Apr 15 2025 01: +0,0.03,110,Sticker | FaZe Clan | Antwerp 2022
Apr 16 2025 01: +0,0.03,346,Sticker | FaZe Clan | Antwerp 2022
Apr 17 2025 01: +0,0.03,379,Sticker | FaZe Clan | Antwerp 2022
Apr 18 2025 01: +0,0.03,149,Sticker | FaZe Clan | Antwerp 2022
Apr 19 2025 01: +0,0.03,215,Sticker | FaZe Clan | Antwerp 2022
Apr 20 2025 01: +0,0.03,422,Sticker | FaZe Clan | Antwerp 2022
Apr 21 2025 01: +0,0.03,134,Sticker | FaZe Clan | Antwerp 2022
Apr 22 2025 01: +0,0.03,183,Sticker | FaZe Clan | Antwerp 2022
Apr 23 2025 01: +0,0.03,287,Sticker | FaZe Clan | Antwerp 2022
Apr 24 2025 01: +0,0.03,181,Sticker | FaZe Clan | Antwerp 2022
Apr 25 2025 01: +0,0.03,138,Sticker | FaZe Clan | Antwerp 2022
Apr 26 2025 01: +0,0.03,229,Sticker | FaZe Clan | Antwerp 2022
Apr 27 2025 01: +0,0.03,534,Sticker | FaZe Clan | Antwerp 2022
Apr 28 2025 01: +0,0.03,142,Sticker | FaZe Clan | Antwerp 2022
Apr 29 2025 01: +0,0.03,424,Sticker | FaZe Clan | Antwerp 2022
Apr 30 2025 01: +0,0.03,290,Sticker | FaZe Clan | Antwerp 2022
May 01 2025 01: +0,0.03,438,Sticker | FaZe Clan | Antwerp 2022
May 02 2025 01: +0,0.03,360,Sticker | FaZe Clan | Antwerp 2022
May 03 2025 01: +0,0.03,131,Sticker | FaZe Clan | Antwerp 2022
May 04 2025 01: +0,0.03,241,Sticker | FaZe Clan | Antwerp 2022
May 05 2025 01: +0,0.03,961,Sticker | FaZe Clan | Antwerp 2022
May 06 2025 01: +0,0.03,963,Sticker | FaZe Clan | Antwerp 2022
May 07 2025 01: +0,0.03,615,Sticker | FaZe Clan | Antwerp 2022
May 08 2025 01: +0,0.03,248,Sticker | FaZe Clan | Antwerp 2022
May 09 2025 01: +0,0.03,303,Sticker | FaZe Clan | Antwerp 2022
May 10 2025 01: +0,0.03,423,Sticker | FaZe Clan | Antwerp 2022
May 11 2025 01: +0,0.03,332,Sticker | FaZe Clan | Antwerp 2022
May 12 2025 01: +0,0.03,352,Sticker | FaZe Clan | Antwerp 2022
May 13 2025 01: +0,0.03,253,Sticker | FaZe Clan | Antwerp 2022
May 14 2025 01: +0,0.03,260,Sticker | FaZe Clan | Antwerp 2022
May 15 2025 01: +0,0.03,577,Sticker | FaZe Clan | Antwerp 2022
May 16 2025 01: +0,0.03,1380,Sticker | FaZe Clan | Antwerp 2022
May 17 2025 01: +0,0.03,367,Sticker | FaZe Clan | Antwerp 2022
May 18 2025 01: +0,0.03,188,Sticker | FaZe Clan | Antwerp 2022
May 19 2025 01: +0,0.03,250,Sticker | FaZe Clan | Antwerp 2022
May 20 2025 01: +0,0.03,186,Sticker | FaZe Clan | Antwerp 2022
May 21 2025 01: +0,0.03,152,Sticker | FaZe Clan | Antwerp 2022
May 22 2025 01: +0,0.03,207,Sticker | FaZe Clan | Antwerp 2022
May 23 2025 01: +0,0.03,381,Sticker | FaZe Clan | Antwerp 2022
May 24 2025 01: +0,0.03,222,Sticker | FaZe Clan | Antwerp 2022
May 25 2025 01: +0,0.03,258,Sticker | FaZe Clan | Antwerp 2022
May 26 2025 01: +0,0.03,254,Sticker | FaZe Clan | Antwerp 2022
May 27 2025 01: +0,0.03,298,Sticker | FaZe Clan | Antwerp 2022
May 28 2025 01: +0,0.03,173,Sticker | FaZe Clan | Antwerp 2022
May 29 2025 01: +0,0.03,512,Sticker | FaZe Clan | Antwerp 2022
May 30 2025 01: +0,0.03,278,Sticker | FaZe Clan | Antwerp 2022
May 31 2025 01: +0,0.03,183,Sticker | FaZe Clan | Antwerp 2022
Jun 01 2025 01: +0,0.03,215,Sticker | FaZe Clan | Antwerp 2022
Jun 02 2025 01: +0,0.03,495,Sticker | FaZe Clan | Antwerp 2022
Jun 03 2025 01: +0,0.03,152,Sticker | FaZe Clan | Antwerp 2022
Jun 04 2025 01: +0,0.03,308,Sticker | FaZe Clan | Antwerp 2022
Jun 05 2025 01: +0,0.03,225,Sticker | FaZe Clan | Antwerp 2022
Jun 06 2025 01: +0,0.03,494,Sticker | FaZe Clan | Antwerp 2022
Jun 07 2025 01: +0,0.03,391,Sticker | FaZe Clan | Antwerp 2022
Jun 08 2025 01: +0,0.03,631,Sticker | FaZe Clan | Antwerp 2022
Jun 09 2025 01: +0,0.03,466,Sticker | FaZe Clan | Antwerp 2022
Jun 10 2025 01: +0,0.03,181,Sticker | FaZe Clan | Antwerp 2022
Jun 11 2025 01: +0,0.03,312,Sticker | FaZe Clan | Antwerp 2022
Jun 12 2025 01: +0,0.03,250,Sticker | FaZe Clan | Antwerp 2022
Jun 13 2025 01: +0,0.03,206,Sticker | FaZe Clan | Antwerp 2022
Jun 14 2025 01: +0,0.03,288,Sticker | FaZe Clan | Antwerp 2022
Jun 15 2025 01: +0,0.03,392,Sticker | FaZe Clan | Antwerp 2022
Jun 16 2025 01: +0,0.03,412,Sticker | FaZe Clan | Antwerp 2022
Jun 17 2025 01: +0,0.03,272,Sticker | FaZe Clan | Antwerp 2022
Jun 18 2025 01: +0,0.03,716,Sticker | FaZe Clan | Antwerp 2022
Jun 19 2025 01: +0,0.03,505,Sticker | FaZe Clan | Antwerp 2022
Jun 20 2025 01: +0,0.03,330,Sticker | FaZe Clan | Antwerp 2022
Jun 21 2025 01: +0,0.03,398,Sticker | FaZe Clan | Antwerp 2022
Jun 22 2025 01: +0,0.03,263,Sticker | FaZe Clan | Antwerp 2022
Jun 23 2025 01: +0,0.03,327,Sticker | FaZe Clan | Antwerp 2022
Jun 24 2025 01: +0,0.03,318,Sticker | FaZe Clan | Antwerp 2022
Jun 25 2025 01: +0,0.03,339,Sticker | FaZe Clan | Antwerp 2022
Jun 26 2025 01: +0,0.03,366,Sticker | FaZe Clan | Antwerp 2022
Jun 27 2025 01: +0,0.03,320,Sticker | FaZe Clan | Antwerp 2022
Jun 28 2025 01: +0,0.03,300,Sticker | FaZe Clan | Antwerp 2022
Jun 29 2025 01: +0,0.03,274,Sticker | FaZe Clan | Antwerp 2022
Jun 30 2025 01: +0,0.03,136,Sticker | FaZe Clan | Antwerp 2022
Jul 01 2025 01: +0,0.03,227,Sticker | FaZe Clan | Antwerp 2022
Jul 02 2025 01: +0,0.03,217,Sticker | FaZe Clan | Antwerp 2022
Jul 03 2025 01: +0,0.03,941,Sticker | FaZe Clan | Antwerp 2022
Jul 04 2025 01: +0,0.03,586,Sticker | FaZe Clan | Antwerp 2022
Jul 05 2025 01: +0,0.03,192,Sticker | FaZe Clan | Antwerp 2022
Jul 06 2025 01: +0,0.03,789,Sticker | FaZe Clan | Antwerp 2022
Jul 07 2025 01: +0,0.03,250,Sticker | FaZe Clan | Antwerp 2022
Jul 08 2025 01: +0,0.03,264,Sticker | FaZe Clan | Antwerp 2022
Jul 09 2025 01: +0,0.03,353,Sticker | FaZe Clan | Antwerp 2022
Jul 10 2025 01: +0,0.03,215,Sticker | FaZe Clan | Antwerp 2022
Jul 11 2025 01: +0,0.03,170,Sticker | FaZe Clan | Antwerp 2022
Jul 12 2025 01: +0,0.03,265,Sticker | FaZe Clan | Antwerp 2022
Jul 13 2025 01: +0,0.03,851,Sticker | FaZe Clan | Antwerp 2022
Jul 14 2025 01: +0,0.03,292,Sticker | FaZe Clan | Antwerp 2022
Jul 15 2025 01: +0,0.03,452,Sticker | FaZe Clan | Antwerp 2022
Jul 16 2025 01: +0,0.03,324,Sticker | FaZe Clan | Antwerp 2022
Jul 17 2025 01: +0,0.03,224,Sticker | FaZe Clan | Antwerp 2022
Jul 18 2025 01: +0,0.03,183,Sticker | FaZe Clan | Antwerp 2022
Jul 19 2025 01: +0,0.03,130,Sticker | FaZe Clan | Antwerp 2022
Jul 20 2025 01: +0,0.03,411,Sticker | FaZe Clan | Antwerp 2022
Jul 21 2025 01: +0,0.03,300,Sticker | FaZe Clan | Antwerp 2022
Jul 22 2025 01: +0,0.03,324,Sticker | FaZe Clan | Antwerp 2022
Jul 23 2025 01: +0,0.03,553,Sticker | FaZe Clan | Antwerp 2022
Jul 24 2025 01: +0,0.03,210,Sticker | FaZe Clan | Antwerp 2022
Jul 25 2025 01: +0,0.03,643,Sticker | FaZe Clan | Antwerp 2022
Jul 26 2025 01: +0,0.035,1695,Sticker | FaZe Clan | Antwerp 2022
Jul 27 2025 01: +0,0.033,913,Sticker | FaZe Clan | Antwerp 2022
Jul 28 2025 01: +0,0.037,918,Sticker | FaZe Clan | Antwerp 2022
Jul 29 2025 01: +0,0.034,195,Sticker | FaZe Clan | Antwerp 2022
Jul 30 2025 01: +0,0.033,240,Sticker | FaZe Clan | Antwerp 2022
Jul 31 2025 01: +0,0.035,1277,Sticker | FaZe Clan | Antwerp 2022
Aug 01 2025 01: +0,0.035,164,Sticker | FaZe Clan | Antwerp 2022
Aug 02 2025 01: +0,0.038,190,Sticker | FaZe Clan | Antwerp 2022
Aug 03 2025 01: +0,0.034,232,Sticker | FaZe Clan | Antwerp 2022
Aug 04 2025 01: +0,0.035,329,Sticker | FaZe Clan | Antwerp 2022
Aug 05 2025 01: +0,0.033,144,Sticker | FaZe Clan | Antwerp 2022
Aug 06 2025 01: +0,0.033,241,Sticker | FaZe Clan | Antwerp 2022
Aug 07 2025 01: +0,0.031,276,Sticker | FaZe Clan | Antwerp 2022
Aug 08 2025 01: +0,0.036,167,Sticker | FaZe Clan | Antwerp 2022
Aug 09 2025 01: +0,0.034,163,Sticker | FaZe Clan | Antwerp 2022
Aug 10 2025 01: +0,0.034,157,Sticker | FaZe Clan | Antwerp 2022
Aug 11 2025 01: +0,0.03,164,Sticker | FaZe Clan | Antwerp 2022
Aug 12 2025 01: +0,0.03,124,Sticker | FaZe Clan | Antwerp 2022
Aug 13 2025 01: +0,0.03,190,Sticker | FaZe Clan | Antwerp 2022
Aug 14 2025 01: +0,0.03,156,Sticker | FaZe Clan | Antwerp 2022
Aug 15 2025 01: +0,0.03,199,Sticker | FaZe Clan | Antwerp 2022
Aug 16 2025 01: +0,0.03,553,Sticker | FaZe Clan | Antwerp 2022
Aug 17 2025 01: +0,0.032,415,Sticker | FaZe Clan | Antwerp 2022
Aug 18 2025 01: +0,0.036,254,Sticker | FaZe Clan | Antwerp 2022
Aug 19 2025 01: +0,0.037,160,Sticker | FaZe Clan | Antwerp 2022
Aug 20 2025 01: +0,0.03,241,Sticker | FaZe Clan | Antwerp 2022
Aug 21 2025 01: +0,0.03,257,Sticker | FaZe Clan | Antwerp 2022
Aug 22 2025 01: +0,0.031,182,Sticker | FaZe Clan | Antwerp 2022
Aug 23 2025 01: +0,0.033,406,Sticker | FaZe Clan | Antwerp 2022
Aug 24 2025 01: +0,0.03,247,Sticker | FaZe Clan | Antwerp 2022
Aug 25 2025 01: +0,0.03,299,Sticker | FaZe Clan | Antwerp 2022
Aug 26 2025 01: +0,0.03,194,Sticker | FaZe Clan | Antwerp 2022
Aug 27 2025 01: +0,0.033,2935,Sticker | FaZe Clan | Antwerp 2022
Aug 28 2025 01: +0,0.036,815,Sticker | FaZe Clan | Antwerp 2022
Aug 29 2025 01: +0,0.03,179,Sticker | FaZe Clan | Antwerp 2022
Aug 30 2025 01: +0,0.03,382,Sticker | FaZe Clan | Antwerp 2022
Aug 31 2025 01: +0,0.03,655,Sticker | FaZe Clan | Antwerp 2022
Sep 01 2025 01: +0,0.057,5144,Sticker | FaZe Clan | Antwerp 2022
Sep 02 2025 01: +0,0.053,1162,Sticker | FaZe Clan | Antwerp 2022
Sep 03 2025 01: +0,0.053,310,Sticker | FaZe Clan | Antwerp 2022
Sep 04 2025 01: +0,0.049,1448,Sticker | FaZe Clan | Antwerp 2022
Sep 05 2025 01: +0,0.047,314,Sticker | FaZe Clan | Antwerp 2022
Sep 06 2025 01: +0,0.048,314,Sticker | FaZe Clan | Antwerp 2022
Sep 07 2025 01: +0,0.055,715,Sticker | FaZe Clan | Antwerp 2022
Sep 08 2025 01: +0,0.05,216,Sticker | FaZe Clan | Antwerp 2022
Sep 09 2025 01: +0,0.046,760,Sticker | FaZe Clan | Antwerp 2022
Sep 10 2025 01: +0,0.044,766,Sticker | FaZe Clan | Antwerp 2022
Sep 11 2025 01: +0,0.051,1242,Sticker | FaZe Clan | Antwerp 2022
Sep 12 2025 01: +0,0.056,1838,Sticker | FaZe Clan | Antwerp 2022
Sep 13 2025 01: +0,0.059,448,Sticker | FaZe Clan | Antwerp 2022
Sep 14 2025 01: +0,0.063,279,Sticker | FaZe Clan | Antwerp 2022
Sep 15 2025 01: +0,0.054,429,Sticker | FaZe Clan | Antwerp 2022
Sep 16 2025 01: +0,0.055,1399,Sticker | FaZe Clan | Antwerp 2022
Sep 17 2025 01: +0,0.053,686,Sticker | FaZe Clan | Antwerp 2022
Sep 18 2025 01: +0,0.042,409,Sticker | FaZe Clan | Antwerp 2022
Sep 19 2025 01: +0,0.043,1331,Sticker | FaZe Clan | Antwerp 2022
Sep 20 2025 01: +0,0.049,2368,Sticker | FaZe Clan | Antwerp 2022
Sep 21 2025 01: +0,0.107,4485,Sticker | FaZe Clan | Antwerp 2022
Sep 22 2025 01: +0,0.082,4283,Sticker | FaZe Clan | Antwerp 2022
Sep 23 2025 01: +0,0.106,2231,Sticker | FaZe Clan | Antwerp 2022
Sep 24 2025 01: +0,0.087,1927,Sticker | FaZe Clan | Antwerp 2022
Sep 25 2025 01: +0,0.093,785,Sticker | FaZe Clan | Antwerp 2022
Sep 26 2025 01: +0,0.072,152,Sticker | FaZe Clan | Antwerp 2022
Sep 27 2025 01: +0,0.11,2020,Sticker | FaZe Clan | Antwerp 2022
Sep 28 2025 01: +0,0.087,728,Sticker | FaZe Clan | Antwerp 2022
Sep 29 2025 01: +0,0.083,1777,Sticker | FaZe Clan | Antwerp 2022
Sep 30 2025 01: +0,0.056,942,Sticker | FaZe Clan | Antwerp 2022
Oct 01 2025 01: +0,0.062,617,Sticker | FaZe Clan | Antwerp 2022
Oct 02 2025 01: +0,0.058,322,Sticker | FaZe Clan | Antwerp 2022
Oct 03 2025 01: +0,0.062,741,Sticker | FaZe Clan | Antwerp 2022
Oct 04 2025 01: +0,0.056,275,Sticker | FaZe Clan | Antwerp 2022
Oct 05 2025 01: +0,0.055,738,Sticker | FaZe Clan | Antwerp 2022
Oct 06 2025 01: +0,0.051,1938,Sticker | FaZe Clan | Antwerp 2022
Oct 07 2025 01: +0,0.058,243,Sticker | FaZe Clan | Antwerp 2022
Oct 08 2025 01: +0,0.052,2595,Sticker | FaZe Clan | Antwerp 2022
Oct 09 2025 01: +0,0.064,389,Sticker | FaZe Clan | Antwerp 2022
Oct 10 2025 01: +0,0.052,752,Sticker | FaZe Clan | Antwerp 2022
Oct 11 2025 01: +0,0.089,3789,Sticker | FaZe Clan | Antwerp 2022
Oct 12 2025 01: +0,0.057,203,Sticker | FaZe Clan | Antwerp 2022
Oct 13 2025 01: +0,0.05,200,Sticker | FaZe Clan | Antwerp 2022
Oct 14 2025 01: +0,0.05,346,Sticker | FaZe Clan | Antwerp 2022
Oct 15 2025 01: +0,0.051,177,Sticker | FaZe Clan | Antwerp 2022
Oct 16 2025 01: +0,0.051,725,Sticker | FaZe Clan | Antwerp 2022
Oct 17 2025 01: +0,0.05,307,Sticker | FaZe Clan | Antwerp 2022
Oct 18 2025 01: +0,0.055,325,Sticker | FaZe Clan | Antwerp 2022
Oct 19 2025 01: +0,0.056,406,Sticker | FaZe Clan | Antwerp 2022
Oct 20 2025 01: +0,0.055,204,Sticker | FaZe Clan | Antwerp 2022
Oct 21 2025 01: +0,0.054,203,Sticker | FaZe Clan | Antwerp 2022
Oct 22 2025 01: +0,0.051,510,Sticker | FaZe Clan | Antwerp 2022
Oct 23 2025 01: +0,0.043,817,Sticker | FaZe Clan | Antwerp 2022
Oct 24 2025 01: +0,0.03,729,Sticker | FaZe Clan | Antwerp 2022
Oct 25 2025 01: +0,0.03,371,Sticker | FaZe Clan | Antwerp 2022
Oct 26 2025 01: +0,0.03,357,Sticker | FaZe Clan | Antwerp 2022
Oct 27 2025 01: +0,0.03,537,Sticker | FaZe Clan | Antwerp 2022
Oct 28 2025 01: +0,0.036,850,Sticker | FaZe Clan | Antwerp 2022
Oct 29 2025 01: +0,0.033,139,Sticker | FaZe Clan | Antwerp 2022
Oct 30 2025 01: +0,0.03,394,Sticker | FaZe Clan | Antwerp 2022
Oct 31 2025 01: +0,0.046,272,Sticker | FaZe Clan | Antwerp 2022
Nov 01 2025 01: +0,0.044,507,Sticker | FaZe Clan | Antwerp 2022
Nov 02 2025 01: +0,0.034,214,Sticker | FaZe Clan | Antwerp 2022
Nov 03 2025 01: +0,0.03,192,Sticker | FaZe Clan | Antwerp 2022
Nov 04 2025 01: +0,0.03,408,Sticker | FaZe Clan | Antwerp 2022
Nov 05 2025 01: +0,0.03,341,Sticker | FaZe Clan | Antwerp 2022
Nov 06 2025 01: +0,0.03,254,Sticker | FaZe Clan | Antwerp 2022
Nov 07 2025 01: +0,0.03,281,Sticker | FaZe Clan | Antwerp 2022
Nov 08 2025 01: +0,0.03,297,Sticker | FaZe Clan | Antwerp 2022
Nov 09 2025 01: +0,0.03,275,Sticker | FaZe Clan | Antwerp 2022
Nov 10 2025 01: +0,0.033,142,Sticker | FaZe Clan | Antwerp 2022
Nov 11 2025 01: +0,0.03,267,Sticker | FaZe Clan | Antwerp 2022
Nov 12 2025 01: +0,0.03,199,Sticker | FaZe Clan | Antwerp 2022
Nov 13 2025 01: +0,0.035,309,Sticker | FaZe Clan | Antwerp 2022
Nov 14 2025 01: +0,0.031,182,Sticker | FaZe Clan | Antwerp 2022
Nov 15 2025 01: +0,0.031,311,Sticker | FaZe Clan | Antwerp 2022
Nov 16 2025 01: +0,0.03,164,Sticker | FaZe Clan | Antwerp 2022
Nov 17 2025 01: +0,0.032,165,Sticker | FaZe Clan | Antwerp 2022
Nov 18 2025 01: +0,0.03,92,Sticker | FaZe Clan | Antwerp 2022
Nov 19 2025 01: +0,0.03,75,Sticker | FaZe Clan | Antwerp 2022
Nov 20 2025 01: +0,0.03,93,Sticker | FaZe Clan | Antwerp 2022
Nov 21 2025 01: +0,0.03,154,Sticker | FaZe Clan | Antwerp 2022
Nov 22 2025 01: +0,0.03,833,Sticker | FaZe Clan | Antwerp 2022
Nov 23 2025 01: +0,0.03,860,Sticker | FaZe Clan | Antwerp 2022
Nov 24 2025 01: +0,0.03,125,Sticker | FaZe Clan | Antwerp 2022
Nov 25 2025 01: +0,0.03,305,Sticker | FaZe Clan | Antwerp 2022
Nov 26 2025 01: +0,0.03,134,Sticker | FaZe Clan | Antwerp 2022
Nov 27 2025 01: +0,0.03,131,Sticker | FaZe Clan | Antwerp 2022
Nov 28 2025 01: +0,0.03,95,Sticker | FaZe Clan | Antwerp 2022
Nov 29 2025 01: +0,0.03,93,Sticker | FaZe Clan | Antwerp 2022
Nov 30 2025 01: +0,0.03,245,Sticker | FaZe Clan | Antwerp 2022
Dec 01 2025 01: +0,0.03,230,Sticker | FaZe Clan | Antwerp 2022
Dec 02 2025 01: +0,0.03,139,Sticker | FaZe Clan | Antwerp 2022
Dec 03 2025 01: +0,0.03,149,Sticker | FaZe Clan | Antwerp 2022
Dec 04 2025 01: +0,0.03,240,Sticker | FaZe Clan | Antwerp 2022
Dec 05 2025 01: +0,0.037,79,Sticker | FaZe Clan | Antwerp 2022
Dec 06 2025 01: +0,0.034,62,Sticker | FaZe Clan | Antwerp 2022
Dec 07 2025 01: +0,0.033,98,Sticker | FaZe Clan | Antwerp 2022
Dec 08 2025 01: +0,0.034,188,Sticker | FaZe Clan | Antwerp 2022
Dec 09 2025 01: +0,0.035,92,Sticker | FaZe Clan | Antwerp 2022
Dec 10 2025 01: +0,0.032,135,Sticker | FaZe Clan | Antwerp 2022
Dec 11 2025 01: +0,0.034,197,Sticker | FaZe Clan | Antwerp 2022
Dec 12 2025 01: +0,0.037,127,Sticker | FaZe Clan | Antwerp 2022
Dec 13 2025 01: +0,0.035,153,Sticker | FaZe Clan | Antwerp 2022
Dec 14 2025 01: +0,0.039,279,Sticker | FaZe Clan | Antwerp 2022
Dec 15 2025 01: +0,0.038,179,Sticker | FaZe Clan | Antwerp 2022
Dec 16 2025 01: +0,0.04,145,Sticker | FaZe Clan | Antwerp 2022
Dec 17 2025 01: +0,0.04,184,Sticker | FaZe Clan | Antwerp 2022
Dec 18 2025 01: +0,0.041,247,Sticker | FaZe Clan | Antwerp 2022
Dec 19 2025 01: +0,0.039,173,Sticker | FaZe Clan | Antwerp 2022
Dec 20 2025 01: +0,0.034,128,Sticker | FaZe Clan | Antwerp 2022
Dec 21 2025 01: +0,0.034,141,Sticker | FaZe Clan | Antwerp 2022
Dec 22 2025 01: +0,0.036,177,Sticker | FaZe Clan | Antwerp 2022
Dec 23 2025 01: +0,0.039,293,Sticker | FaZe Clan | Antwerp 2022
Dec 24 2025 01: +0,0.035,146,Sticker | FaZe Clan | Antwerp 2022
Dec 25 2025 01: +0,0.041,90,Sticker | FaZe Clan | Antwerp 2022
Dec 26 2025 01: +0,0.038,132,Sticker | FaZe Clan | Antwerp 2022
Dec 27 2025 01: +0,0.039,136,Sticker | FaZe Clan | Antwerp 2022
Dec 28 2025 01: +0,0.038,128,Sticker | FaZe Clan | Antwerp 2022
Dec 29 2025 01: +0,0.04,130,Sticker | FaZe Clan | Antwerp 2022
Dec 30 2025 01: +0,0.033,132,Sticker | FaZe Clan | Antwerp 2022
Dec 31 2025 01: +0,0.037,107,Sticker | FaZe Clan | Antwerp 2022
Jan 01 2026 01: +0,0.036,145,Sticker | FaZe Clan | Antwerp 2022
Jan 02 2026 01: +0,0.037,201,Sticker | FaZe Clan | Antwerp 2022
Jan 03 2026 01: +0,0.037,220,Sticker | FaZe Clan | Antwerp 2022
Jan 04 2026 01: +0,0.034,88,Sticker | FaZe Clan | Antwerp 2022
Jan 05 2026 01: +0,0.034,95,Sticker | FaZe Clan | Antwerp 2022
Jan 06 2026 01: +0,0.034,81,Sticker | FaZe Clan | Antwerp 2022
Jan 07 2026 01: +0,0.034,213,Sticker | FaZe Clan | Antwerp 2022
Jan 08 2026 01: +0,0.036,107,Sticker | FaZe Clan | Antwerp 2022
Jan 09 2026 01: +0,0.035,92,Sticker | FaZe Clan | Antwerp 2022
Jan 10 2026 01: +0,0.037,478,Sticker | FaZe Clan | Antwerp 2022
Jan 11 2026 01: +0,0.039,71,Sticker | FaZe Clan | Antwerp 2022
Jan 12 2026 01: +0,0.039,98,Sticker | FaZe Clan | Antwerp 2022
Jan 13 2026 01: +0,0.038,102,Sticker | FaZe Clan | Antwerp 2022
Jan 14 2026 01: +0,0.037,69,Sticker | FaZe Clan | Antwerp 2022
Jan 15 2026 01: +0,0.034,81,Sticker | FaZe Clan | Antwerp 2022
Jan 16 2026 01: +0,0.031,78,Sticker | FaZe Clan | Antwerp 2022
Jan 17 2026 01: +0,0.035,182,Sticker | FaZe Clan | Antwerp 2022
Jan 18 2026 01: +0,0.036,90,Sticker | FaZe Clan | Antwerp 2022
Jan 19 2026 01: +0,0.036,71,Sticker | FaZe Clan | Antwerp 2022
Jan 20 2026 01: +0,0.033,575,Sticker | FaZe Clan | Antwerp 2022
Jan 21 2026 01: +0,0.035,127,Sticker | FaZe Clan | Antwerp 2022
Jan 22 2026 01: +0,0.036,120,Sticker | FaZe Clan | Antwerp 2022
Jan 23 2026 01: +0,0.031,107,Sticker | FaZe Clan | Antwerp 2022
Jan 24 2026 01: +0,0.034,92,Sticker | FaZe Clan | Antwerp 2022
Jan 25 2026 01: +0,0.032,124,Sticker | FaZe Clan | Antwerp 2022
Jan 26 2026 01: +0,0.034,233,Sticker | FaZe Clan | Antwerp 2022
Jan 27 2026 01: +0,0.034,84,Sticker | FaZe Clan | Antwerp 2022
Jan 28 2026 01: +0,0.032,110,Sticker | FaZe Clan | Antwerp 2022
Jan 29 2026 01: +0,0.032,62,Sticker | FaZe Clan | Antwerp 2022
Jan 30 2026 01: +0,0.033,80,Sticker | FaZe Clan | Antwerp 2022
Jan 31 2026 01: +0,0.036,452,Sticker | FaZe Clan | Antwerp 2022
Feb 01 2026 01: +0,0.037,528,Sticker | FaZe Clan | Antwerp 2022
Feb 02 2026 01: +0,0.035,80,Sticker | FaZe Clan | Antwerp 2022
Feb 03 2026 01: +0,0.043,82,Sticker | FaZe Clan | Antwerp 2022
Feb 04 2026 01: +0,0.042,79,Sticker | FaZe Clan | Antwerp 2022
Feb 05 2026 01: +0,0.04,97,Sticker | FaZe Clan | Antwerp 2022
Feb 06 2026 01: +0,0.034,48,Sticker | FaZe Clan | Antwerp 2022
Feb 07 2026 01: +0,0.046,1291,Sticker | FaZe Clan | Antwerp 2022
Feb 08 2026 01: +0,0.045,60,Sticker | FaZe Clan | Antwerp 2022
Feb 09 2026 01: +0,0.036,42,Sticker | FaZe Clan | Antwerp 2022
Feb 10 2026 01: +0,0.041,105,Sticker | FaZe Clan | Antwerp 2022
Feb 11 2026 01: +0,0.045,67,Sticker | FaZe Clan | Antwerp 2022
Feb 12 2026 01: +0,0.044,113,Sticker | FaZe Clan | Antwerp 2022
Feb 13 2026 01: +0,0.039,125,Sticker | FaZe Clan | Antwerp 2022
Feb 14 2026 01: +0,0.035,67,Sticker | FaZe Clan | Antwerp 2022
Feb 15 2026 01: +0,0.034,99,Sticker | FaZe Clan | Antwerp 2022
Feb 16 2026 01: +0,0.034,62,Sticker | FaZe Clan | Antwerp 2022
Feb 17 2026 01: +0,0.041,110,Sticker | FaZe Clan | Antwerp 2022
Feb 18 2026 01: +0,0.041,164,Sticker | FaZe Clan | Antwerp 2022
Feb 19 2026 01: +0,0.044,82,Sticker | FaZe Clan | Antwerp 2022
Feb 20 2026 01: +0,0.041,85,Sticker | FaZe Clan | Antwerp 2022
Feb 21 2026 01: +0,0.04,102,Sticker | FaZe Clan | Antwerp 2022
Feb 22 2026 01: +0,0.045,256,Sticker | FaZe Clan | Antwerp 2022
Feb 23 2026 01: +0,0.042,68,Sticker | FaZe Clan | Antwerp 2022
Feb 24 2026 01: +0,0.043,67,Sticker | FaZe Clan | Antwerp 2022
Feb 25 2026 01: +0,0.041,106,Sticker | FaZe Clan | Antwerp 2022
Feb 26 2026 01: +0,0.044,603,Sticker | FaZe Clan | Antwerp 2022
Feb 27 2026 01: +0,0.039,92,Sticker | FaZe Clan | Antwerp 2022
Feb 28 2026 01: +0,0.044,438,Sticker | FaZe Clan | Antwerp 2022
Mar 01 2026 01: +0,0.05,236,Sticker | FaZe Clan | Antwerp 2022
Mar 02 2026 01: +0,0.05,81,Sticker | FaZe Clan | Antwerp 2022
Mar 03 2026 01: +0,0.046,64,Sticker | FaZe Clan | Antwerp 2022
Mar 04 2026 01: +0,0.048,97,Sticker | FaZe Clan | Antwerp 2022
Mar 05 2026 01: +0,0.048,75,Sticker | FaZe Clan | Antwerp 2022
Mar 06 2026 01: +0,0.045,236,Sticker | FaZe Clan | Antwerp 2022
Mar 07 2026 01: +0,0.044,221,Sticker | FaZe Clan | Antwerp 2022
Mar 08 2026 01: +0,0.048,205,Sticker | FaZe Clan | Antwerp 2022
Mar 09 2026 01: +0,0.043,118,Sticker | FaZe Clan | Antwerp 2022
Mar 10 2026 01: +0,0.049,120,Sticker | FaZe Clan | Antwerp 2022
Mar 11 2026 01: +0,0.048,77,Sticker | FaZe Clan | Antwerp 2022
Mar 12 2026 01: +0,0.041,121,Sticker | FaZe Clan | Antwerp 2022
Mar 13 2026 01: +0,0.042,59,Sticker | FaZe Clan | Antwerp 2022
Mar 14 2026 01: +0,0.04,156,Sticker | FaZe Clan | Antwerp 2022
Mar 15 2026 01: +0,0.039,97,Sticker | FaZe Clan | Antwerp 2022
Mar 16 2026 01: +0,0.038,143,Sticker | FaZe Clan | Antwerp 2022
Mar 17 2026 01: +0,0.037,87,Sticker | FaZe Clan | Antwerp 2022
Mar 18 2026 01: +0,0.04,171,Sticker | FaZe Clan | Antwerp 2022
Mar 19 2026 01: +0,0.039,90,Sticker | FaZe Clan | Antwerp 2022
Mar 20 2026 01: +0,0.035,84,Sticker | FaZe Clan | Antwerp 2022
Mar 21 2026 01: +0,0.035,117,Sticker | FaZe Clan | Antwerp 2022
Mar 22 2026 01: +0,0.031,229,Sticker | FaZe Clan | Antwerp 2022
Mar 23 2026 01: +0,0.032,96,Sticker | FaZe Clan | Antwerp 2022
Mar 24 2026 01: +0,0.033,99,Sticker | FaZe Clan | Antwerp 2022
Mar 25 2026 01: +0,0.032,132,Sticker | FaZe Clan | Antwerp 2022
Mar 26 2026 01: +0,0.042,288,Sticker | FaZe Clan | Antwerp 2022
Mar 27 2026 01: +0,0.039,87,Sticker | FaZe Clan | Antwerp 2022
Mar 28 2026 01: +0,0.041,126,Sticker | FaZe Clan | Antwerp 2022
Mar 29 2026 01: +0,0.039,149,Sticker | FaZe Clan | Antwerp 2022
Mar 30 2026 01: +0,0.043,93,Sticker | FaZe Clan | Antwerp 2022
Mar 31 2026 01: +0,0.043,98,Sticker | FaZe Clan | Antwerp 2022
Apr 01 2026 01: +0,0.04,111,Sticker | FaZe Clan | Antwerp 2022
Apr 02 2026 01: +0,0.04,149,Sticker | FaZe Clan | Antwerp 2022
Apr 03 2026 01: +0,0.047,135,Sticker | FaZe Clan | Antwerp 2022
Apr 04 2026 01: +0,0.045,173,Sticker | FaZe Clan | Antwerp 2022
Apr 05 2026 01: +0,0.044,81,Sticker | FaZe Clan | Antwerp 2022
Apr 06 2026 01: +0,0.045,149,Sticker | FaZe Clan | Antwerp 2022
Apr 07 2026 01: +0,0.043,279,Sticker | FaZe Clan | Antwerp 2022
Apr 08 2026 01: +0,0.041,57,Sticker | FaZe Clan | Antwerp 2022
Apr 09 2026 01: +0,0.042,91,Sticker | FaZe Clan | Antwerp 2022
Apr 10 2026 01: +0,0.043,663,Sticker | FaZe Clan | Antwerp 2022
Apr 11 2026 01: +0,0.043,298,Sticker | FaZe Clan | Antwerp 2022
Apr 12 2026 01: +0,0.046,34,Sticker | FaZe Clan | Antwerp 2022
Apr 12 2026 14: +0,0.046,13,Sticker | FaZe Clan | Antwerp 2022
Apr 12 2026 15: +0,0.045,9,Sticker | FaZe Clan | Antwerp 2022
Apr 12 2026 16: +0,0.04,3,Sticker | FaZe Clan | Antwerp 2022
Apr 12 2026 18: +0,0.04,11,Sticker | FaZe Clan | Antwerp 2022
Apr 12 2026 19: +0,0.044,13,Sticker | FaZe Clan | Antwerp 2022
Apr 12 2026 20: +0,0.04,1,Sticker | FaZe Clan | Antwerp 2022
Apr 12 2026 21: +0,0.05,11,Sticker | FaZe Clan | Antwerp 2022
Apr 13 2026 00: +0,0.06,1,Sticker | FaZe Clan | Antwerp 2022
Apr 13 2026 01: +0,0.06,8,Sticker | FaZe Clan | Antwerp 2022
Apr 13 2026 05: +0,0.045,10,Sticker | FaZe Clan | Antwerp 2022
Apr 13 2026 06: +0,0.045,1,Sticker | FaZe Clan | Antwerp 2022
Apr 13 2026 08: +0,0.055,4,Sticker | FaZe Clan | Antwerp 2022
Apr 13 2026 09: +0,0.051,3,Sticker | FaZe Clan | Antwerp 2022
Apr 13 2026 11: +0,0.05,32,Sticker | FaZe Clan | Antwerp 2022
Apr 13 2026 12: +0,0.05,3,Sticker | FaZe Clan | Antwerp 2022
Apr 13 2026 13: +0,0.047,2,Sticker | FaZe Clan | Antwerp 2022
Apr 13 2026 14: +0,0.05,3,Sticker | FaZe Clan | Antwerp 2022
Apr 13 2026 15: +0,0.05,4,Sticker | FaZe Clan | Antwerp 2022
Apr 13 2026 16: +0,0.038,4,Sticker | FaZe Clan | Antwerp 2022
Apr 13 2026 17: +0,0.051,1,Sticker | FaZe Clan | Antwerp 2022
Apr 13 2026 18: +0,0.046,3,Sticker | FaZe Clan | Antwerp 2022
Apr 13 2026 19: +0,0.04,7,Sticker | FaZe Clan | Antwerp 2022
Apr 13 2026 20: +0,0.044,2,Sticker | FaZe Clan | Antwerp 2022
Apr 13 2026 21: +0,0.051,3,Sticker | FaZe Clan | Antwerp 2022
Apr 13 2026 22: +0,0.047,6,Sticker | FaZe Clan | Antwerp 2022
Apr 13 2026 23: +0,0.043,2,Sticker | FaZe Clan | Antwerp 2022
Apr 14 2026 02: +0,0.04,1,Sticker | FaZe Clan | Antwerp 2022
Apr 14 2026 06: +0,0.043,2,Sticker | FaZe Clan | Antwerp 2022
Apr 14 2026 07: +0,0.042,2,Sticker | FaZe Clan | Antwerp 2022
Apr 14 2026 08: +0,0.047,5,Sticker | FaZe Clan | Antwerp 2022
Apr 14 2026 09: +0,0.068,1475,Sticker | FaZe Clan | Antwerp 2022
Apr 14 2026 10: +0,0.109,1,Sticker | FaZe Clan | Antwerp 2022
Apr 14 2026 11: +0,0.105,12,Sticker | FaZe Clan | Antwerp 2022
Apr 14 2026 12: +0,0.099,4,Sticker | FaZe Clan | Antwerp 2022
Apr 14 2026 13: +0,0.067,1,Sticker | FaZe Clan | Antwerp 2022
Apr 14 2026 14: +0,0.084,5,Sticker | FaZe Clan | Antwerp 2022
Apr 14 2026 15: +0,0.074,2,Sticker | FaZe Clan | Antwerp 2022
Apr 14 2026 17: +0,0.04,1,Sticker | FaZe Clan | Antwerp 2022
Apr 14 2026 18: +0,0.06,1,Sticker | FaZe Clan | Antwerp 2022
Apr 14 2026 19: +0,0.058,19,Sticker | FaZe Clan | Antwerp 2022
Apr 14 2026 20: +0,0.04,1,Sticker | FaZe Clan | Antwerp 2022
Apr 14 2026 21: +0,0.051,4,Sticker | FaZe Clan | Antwerp 2022
Apr 14 2026 23: +0,0.051,19,Sticker | FaZe Clan | Antwerp 2022
Apr 15 2026 00: +0,0.04,1,Sticker | FaZe Clan | Antwerp 2022
Apr 15 2026 01: +0,0.068,1,Sticker | FaZe Clan | Antwerp 2022
Apr 15 2026 02: +0,0.039,1,Sticker | FaZe Clan | Antwerp 2022
Apr 15 2026 06: +0,0.06,6,Sticker | FaZe Clan | Antwerp 2022
Apr 15 2026 07: +0,0.051,5,Sticker | FaZe Clan | Antwerp 2022
Apr 15 2026 08: +0,0.078,17,Sticker | FaZe Clan | Antwerp 2022
Apr 15 2026 09: +0,0.078,19,Sticker | FaZe Clan | Antwerp 2022
Apr 15 2026 10: +0,0.07,4,Sticker | FaZe Clan | Antwerp 2022
Apr 15 2026 11: +0,0.054,9,Sticker | FaZe Clan | Antwerp 2022
Apr 15 2026 13: +0,0.051,1,Sticker | FaZe Clan | Antwerp 2022
Apr 15 2026 14: +0,0.055,4,Sticker | FaZe Clan | Antwerp 2022
Apr 15 2026 15: +0,0.03,3,Sticker | FaZe Clan | Antwerp 2022
Apr 15 2026 16: +0,0.07,1,Sticker | FaZe Clan | Antwerp 2022
Apr 15 2026 17: +0,0.078,7,Sticker | FaZe Clan | Antwerp 2022
Apr 15 2026 18: +0,0.045,2,Sticker | FaZe Clan | Antwerp 2022
Apr 15 2026 19: +0,0.04,7,Sticker | FaZe Clan | Antwerp 2022
Apr 15 2026 20: +0,0.04,6,Sticker | FaZe Clan | Antwerp 2022
Apr 15 2026 21: +0,0.042,2,Sticker | FaZe Clan | Antwerp 2022
Apr 15 2026 22: +0,0.04,2,Sticker | FaZe Clan | Antwerp 2022
Apr 15 2026 23: +0,0.04,3,Sticker | FaZe Clan | Antwerp 2022
Apr 16 2026 00: +0,0.043,1,Sticker | FaZe Clan | Antwerp 2022
Apr 16 2026 07: +0,0.076,652,Sticker | FaZe Clan | Antwerp 2022
Apr 16 2026 08: +0,0.11,13,Sticker | FaZe Clan | Antwerp 2022
Apr 16 2026 09: +0,0.106,2,Sticker | FaZe Clan | Antwerp 2022
Apr 16 2026 11: +0,0.087,1,Sticker | FaZe Clan | Antwerp 2022
Apr 16 2026 12: +0,0.099,5,Sticker | FaZe Clan | Antwerp 2022
Apr 16 2026 14: +0,0.1,4,Sticker | FaZe Clan | Antwerp 2022
Apr 16 2026 15: +0,0.077,12,Sticker | FaZe Clan | Antwerp 2022
Apr 16 2026 16: +0,0.077,1,Sticker | FaZe Clan | Antwerp 2022
Apr 16 2026 17: +0,0.077,2,Sticker | FaZe Clan | Antwerp 2022
Apr 16 2026 19: +0,0.075,7,Sticker | FaZe Clan | Antwerp 2022
Apr 16 2026 21: +0,0.069,5,Sticker | FaZe Clan | Antwerp 2022
Apr 16 2026 22: +0,0.041,4,Sticker | FaZe Clan | Antwerp 2022
Apr 16 2026 23: +0,0.06,1,Sticker | FaZe Clan | Antwerp 2022
Apr 17 2026 00: +0,0.04,1,Sticker | FaZe Clan | Antwerp 2022
Apr 17 2026 01: +0,0.05,3,Sticker | FaZe Clan | Antwerp 2022
Apr 17 2026 05: +0,0.04,40,Sticker | FaZe Clan | Antwerp 2022
Apr 17 2026 06: +0,0.046,1,Sticker | FaZe Clan | Antwerp 2022
Apr 17 2026 07: +0,0.042,1,Sticker | FaZe Clan | Antwerp 2022
Apr 17 2026 08: +0,0.047,2,Sticker | FaZe Clan | Antwerp 2022
Apr 17 2026 09: +0,0.046,5,Sticker | FaZe Clan | Antwerp 2022
Apr 17 2026 10: +0,0.051,3,Sticker | FaZe Clan | Antwerp 2022
Apr 17 2026 12: +0,0.051,1,Sticker | FaZe Clan | Antwerp 2022
Apr 17 2026 13: +0,0.046,1,Sticker | FaZe Clan | Antwerp 2022
Apr 17 2026 14: +0,0.051,35,Sticker | FaZe Clan | Antwerp 2022
Apr 17 2026 16: +0,0.051,4,Sticker | FaZe Clan | Antwerp 2022
Apr 17 2026 17: +0,0.06,1,Sticker | FaZe Clan | Antwerp 2022
Apr 17 2026 18: +0,0.05,2,Sticker | FaZe Clan | Antwerp 2022
Apr 17 2026 19: +0,0.051,5,Sticker | FaZe Clan | Antwerp 2022
Apr 17 2026 22: +0,0.07,5,Sticker | FaZe Clan | Antwerp 2022
Apr 17 2026 23: +0,0.042,3,Sticker | FaZe Clan | Antwerp 2022
Apr 18 2026 00: +0,0.051,1,Sticker | FaZe Clan | Antwerp 2022
Apr 18 2026 02: +0,0.04,1,Sticker | FaZe Clan | Antwerp 2022
Apr 18 2026 03: +0,0.042,1,Sticker | FaZe Clan | Antwerp 2022
Apr 18 2026 06: +0,0.047,6,Sticker | FaZe Clan | Antwerp 2022
Apr 18 2026 07: +0,0.042,6,Sticker | FaZe Clan | Antwerp 2022
Apr 18 2026 08: +0,0.04,1,Sticker | FaZe Clan | Antwerp 2022
Apr 18 2026 10: +0,0.04,1,Sticker | FaZe Clan | Antwerp 2022
Apr 18 2026 11: +0,0.04,31,Sticker | FaZe Clan | Antwerp 2022
Apr 18 2026 12: +0,0.064,8,Sticker | FaZe Clan | Antwerp 2022
Apr 18 2026 13: +0,0.04,11,Sticker | FaZe Clan | Antwerp 2022
Apr 18 2026 14: +0,0.051,3,Sticker | FaZe Clan | Antwerp 2022
Apr 18 2026 15: +0,0.047,5,Sticker | FaZe Clan | Antwerp 2022
Apr 18 2026 17: +0,0.06,3,Sticker | FaZe Clan | Antwerp 2022
Apr 18 2026 18: +0,0.06,2,Sticker | FaZe Clan | Antwerp 2022
Apr 18 2026 19: +0,0.06,10,Sticker | FaZe Clan | Antwerp 2022
Apr 18 2026 20: +0,0.043,6,Sticker | FaZe Clan | Antwerp 2022
Apr 18 2026 22: +0,0.06,7,Sticker | FaZe Clan | Antwerp 2022
Apr 18 2026 23: +0,0.043,3,Sticker | FaZe Clan | Antwerp 2022
Apr 19 2026 00: +0,0.04,2,Sticker | FaZe Clan | Antwerp 2022
Apr 19 2026 02: +0,0.046,4,Sticker | FaZe Clan | Antwerp 2022
Apr 19 2026 03: +0,0.043,1,Sticker | FaZe Clan | Antwerp 2022
Apr 19 2026 04: +0,0.049,11,Sticker | FaZe Clan | Antwerp 2022
Apr 19 2026 05: +0,0.043,5,Sticker | FaZe Clan | Antwerp 2022
Apr 19 2026 06: +0,0.049,4,Sticker | FaZe Clan | Antwerp 2022
Apr 19 2026 08: +0,0.06,7,Sticker | FaZe Clan | Antwerp 2022
Apr 19 2026 09: +0,0.049,1,Sticker | FaZe Clan | Antwerp 2022
Apr 19 2026 10: +0,0.052,5,Sticker | FaZe Clan | Antwerp 2022
Apr 19 2026 11: +0,0.051,2,Sticker | FaZe Clan | Antwerp 2022
Apr 19 2026 12: +0,0.043,1,Sticker | FaZe Clan | Antwerp 2022
Apr 19 2026 13: +0,0.052,2,Sticker | FaZe Clan | Antwerp 2022
Apr 19 2026 15: +0,0.043,2,Sticker | FaZe Clan | Antwerp 2022
Apr 19 2026 16: +0,0.062,45,Sticker | FaZe Clan | Antwerp 2022
Apr 19 2026 17: +0,0.069,6,Sticker | FaZe Clan | Antwerp 2022
Apr 19 2026 18: +0,0.081,13,Sticker | FaZe Clan | Antwerp 2022
Apr 19 2026 19: +0,0.069,4,Sticker | FaZe Clan | Antwerp 2022
Apr 19 2026 20: +0,0.08,3,Sticker | FaZe Clan | Antwerp 2022
Apr 19 2026 21: +0,0.043,21,Sticker | FaZe Clan | Antwerp 2022
Apr 19 2026 22: +0,0.04,11,Sticker | FaZe Clan | Antwerp 2022
Apr 19 2026 23: +0,0.08,8,Sticker | FaZe Clan | Antwerp 2022
Apr 20 2026 00: +0,0.03,1,Sticker | FaZe Clan | Antwerp 2022
Apr 20 2026 02: +0,0.05,23,Sticker | FaZe Clan | Antwerp 2022
Apr 20 2026 04: +0,0.051,1,Sticker | FaZe Clan | Antwerp 2022
Apr 20 2026 07: +0,0.052,7,Sticker | FaZe Clan | Antwerp 2022
Apr 20 2026 08: +0,0.051,1,Sticker | FaZe Clan | Antwerp 2022
Apr 20 2026 09: +0,0.04,5,Sticker | FaZe Clan | Antwerp 2022
Apr 20 2026 10: +0,0.051,2,Sticker | FaZe Clan | Antwerp 2022
Apr 20 2026 11: +0,0.05,4,Sticker | FaZe Clan | Antwerp 2022
Apr 20 2026 12: +0,0.05,7,Sticker | FaZe Clan | Antwerp 2022
Apr 20 2026 14: +0,0.05,2,Sticker | FaZe Clan | Antwerp 2022
Apr 20 2026 15: +0,0.05,1,Sticker | FaZe Clan | Antwerp 2022
Apr 20 2026 16: +0,0.05,1,Sticker | FaZe Clan | Antwerp 2022
Apr 20 2026 17: +0,0.05,3,Sticker | FaZe Clan | Antwerp 2022
Apr 20 2026 18: +0,0.05,1,Sticker | FaZe Clan | Antwerp 2022
Apr 20 2026 19: +0,0.059,36,Sticker | FaZe Clan | Antwerp 2022
Apr 20 2026 20: +0,0.04,2,Sticker | FaZe Clan | Antwerp 2022
Apr 20 2026 21: +0,0.068,12,Sticker | FaZe Clan | Antwerp 2022
Apr 20 2026 22: +0,0.085,71,Sticker | FaZe Clan | Antwerp 2022
Apr 20 2026 23: +0,0.081,10,Sticker | FaZe Clan | Antwerp 2022
Apr 21 2026 00: +0,0.082,9,Sticker | FaZe Clan | Antwerp 2022
Apr 21 2026 02: +0,0.074,1,Sticker | FaZe Clan | Antwerp 2022
Apr 21 2026 03: +0,0.085,1,Sticker | FaZe Clan | Antwerp 2022
Apr 21 2026 08: +0,0.068,1,Sticker | FaZe Clan | Antwerp 2022
Apr 21 2026 09: +0,0.056,2,Sticker | FaZe Clan | Antwerp 2022
Apr 21 2026 10: +0,0.05,1,Sticker | FaZe Clan | Antwerp 2022
Apr 21 2026 11: +0,0.05,3,Sticker | FaZe Clan | Antwerp 2022
Apr 21 2026 12: +0,0.05,1,Sticker | FaZe Clan | Antwerp 2022
Apr 21 2026 13: +0,0.06,15,Sticker | FaZe Clan | Antwerp 2022
Apr 21 2026 14: +0,0.05,1,Sticker | FaZe Clan | Antwerp 2022
Apr 21 2026 15: +0,0.077,3,Sticker | FaZe Clan | Antwerp 2022
Apr 21 2026 16: +0,0.05,8,Sticker | FaZe Clan | Antwerp 2022
Apr 21 2026 17: +0,0.05,15,Sticker | FaZe Clan | Antwerp 2022
Apr 21 2026 18: +0,0.06,4,Sticker | FaZe Clan | Antwerp 2022
Apr 21 2026 19: +0,0.05,4,Sticker | FaZe Clan | Antwerp 2022
Apr 21 2026 20: +0,0.059,7,Sticker | FaZe Clan | Antwerp 2022
Apr 21 2026 21: +0,0.07,3,Sticker | FaZe Clan | Antwerp 2022
Apr 21 2026 22: +0,0.062,2,Sticker | FaZe Clan | Antwerp 2022
Apr 22 2026 03: +0,0.066,9,Sticker | FaZe Clan | Antwerp 2022
Apr 22 2026 04: +0,0.069,2,Sticker | FaZe Clan | Antwerp 2022
Apr 22 2026 05: +0,0.065,2,Sticker | FaZe Clan | Antwerp 2022
Apr 22 2026 06: +0,0.059,1,Sticker | FaZe Clan | Antwerp 2022
Apr 22 2026 08: +0,0.061,2,Sticker | FaZe Clan | Antwerp 2022
Apr 22 2026 10: +0,0.05,13,Sticker | FaZe Clan | Antwerp 2022
Apr 22 2026 11: +0,0.05,1,Sticker | FaZe Clan | Antwerp 2022
Apr 22 2026 12: +0,0.058,5,Sticker | FaZe Clan | Antwerp 2022
Apr 22 2026 13: +0,0.05,7,Sticker | FaZe Clan | Antwerp 2022
Apr 22 2026 14: +0,0.045,4,Sticker | FaZe Clan | Antwerp 2022
Apr 22 2026 16: +0,0.048,1,Sticker | FaZe Clan | Antwerp 2022
Apr 22 2026 17: +0,0.05,13,Sticker | FaZe Clan | Antwerp 2022
Apr 22 2026 18: +0,0.051,17,Sticker | FaZe Clan | Antwerp 2022
Apr 22 2026 19: +0,0.05,3,Sticker | FaZe Clan | Antwerp 2022
Apr 22 2026 20: +0,0.06,2,Sticker | FaZe Clan | Antwerp 2022
Apr 22 2026 21: +0,0.043,101,Sticker | FaZe Clan | Antwerp 2022
Apr 22 2026 22: +0,0.04,20,Sticker | FaZe Clan | Antwerp 2022
Apr 22 2026 23: +0,0.05,12,Sticker | FaZe Clan | Antwerp 2022
Apr 23 2026 00: +0,0.044,1,Sticker | FaZe Clan | Antwerp 2022
Apr 23 2026 03: +0,0.059,4,Sticker | FaZe Clan | Antwerp 2022
Apr 23 2026 05: +0,0.042,6,Sticker | FaZe Clan | Antwerp 2022
Apr 23 2026 08: +0,0.064,2,Sticker | FaZe Clan | Antwerp 2022
Apr 23 2026 10: +0,0.059,2,Sticker | FaZe Clan | Antwerp 2022
Apr 23 2026 11: +0,0.054,1,Sticker | FaZe Clan | Antwerp 2022
Apr 23 2026 12: +0,0.051,13,Sticker | FaZe Clan | Antwerp 2022
Apr 23 2026 13: +0,0.057,4,Sticker | FaZe Clan | Antwerp 2022
Apr 23 2026 14: +0,0.059,7,Sticker | FaZe Clan | Antwerp 2022
Apr 23 2026 15: +0,0.057,6,Sticker | FaZe Clan | Antwerp 2022
Apr 23 2026 16: +0,0.051,3,Sticker | FaZe Clan | Antwerp 2022
Apr 23 2026 17: +0,0.051,13,Sticker | FaZe Clan | Antwerp 2022
Apr 23 2026 18: +0,0.059,7,Sticker | FaZe Clan | Antwerp 2022
Apr 23 2026 19: +0,0.055,9,Sticker | FaZe Clan | Antwerp 2022
Apr 23 2026 20: +0,0.051,14,Sticker | FaZe Clan | Antwerp 2022
Apr 23 2026 21: +0,0.052,6,Sticker | FaZe Clan | Antwerp 2022
Apr 23 2026 22: +0,0.051,15,Sticker | FaZe Clan | Antwerp 2022
Apr 23 2026 23: +0,0.04,1,Sticker | FaZe Clan | Antwerp 2022
Apr 24 2026 00: +0,0.055,1,Sticker | FaZe Clan | Antwerp 2022
Apr 24 2026 01: +0,0.051,1,Sticker | FaZe Clan | Antwerp 2022
Apr 24 2026 02: +0,0.051,1,Sticker | FaZe Clan | Antwerp 2022
Apr 24 2026 03: +0,0.059,1,Sticker | FaZe Clan | Antwerp 2022
Apr 24 2026 05: +0,0.055,1,Sticker | FaZe Clan | Antwerp 2022
Apr 24 2026 08: +0,0.051,8,Sticker | FaZe Clan | Antwerp 2022
Apr 24 2026 09: +0,0.051,6,Sticker | FaZe Clan | Antwerp 2022
Apr 24 2026 11: +0,0.054,1,Sticker | FaZe Clan | Antwerp 2022
Apr 24 2026 12: +0,0.059,1,Sticker | FaZe Clan | Antwerp 2022
Apr 24 2026 13: +0,0.051,1,Sticker | FaZe Clan | Antwerp 2022
Apr 24 2026 14: +0,0.053,7,Sticker | FaZe Clan | Antwerp 2022
Apr 24 2026 15: +0,0.043,1,Sticker | FaZe Clan | Antwerp 2022
Apr 24 2026 16: +0,0.045,10,Sticker | FaZe Clan | Antwerp 2022
Apr 24 2026 17: +0,0.04,6,Sticker | FaZe Clan | Antwerp 2022
Apr 24 2026 18: +0,0.055,10,Sticker | FaZe Clan | Antwerp 2022
Apr 24 2026 19: +0,0.055,5,Sticker | FaZe Clan | Antwerp 2022
Apr 24 2026 20: +0,0.041,2,Sticker | FaZe Clan | Antwerp 2022
Apr 24 2026 21: +0,0.049,2,Sticker | FaZe Clan | Antwerp 2022
Apr 24 2026 23: +0,0.042,7,Sticker | FaZe Clan | Antwerp 2022
Apr 25 2026 02: +0,0.042,2,Sticker | FaZe Clan | Antwerp 2022
Apr 25 2026 03: +0,0.043,6,Sticker | FaZe Clan | Antwerp 2022
Apr 25 2026 05: +0,0.044,1,Sticker | FaZe Clan | Antwerp 2022
Apr 25 2026 06: +0,0.044,1,Sticker | FaZe Clan | Antwerp 2022
Apr 25 2026 07: +0,0.04,1,Sticker | FaZe Clan | Antwerp 2022
Apr 25 2026 08: +0,0.043,2,Sticker | FaZe Clan | Antwerp 2022
Apr 25 2026 09: +0,0.04,4,Sticker | FaZe Clan | Antwerp 2022
Apr 25 2026 10: +0,0.044,8,Sticker | FaZe Clan | Antwerp 2022
Apr 25 2026 11: +0,0.03,2,Sticker | FaZe Clan | Antwerp 2022
Apr 25 2026 12: +0,0.043,4,Sticker | FaZe Clan | Antwerp 2022
Apr 25 2026 13: +0,0.044,10,Sticker | FaZe Clan | Antwerp 2022
Apr 25 2026 14: +0,0.04,7,Sticker | FaZe Clan | Antwerp 2022
Apr 25 2026 16: +0,0.042,7,Sticker | FaZe Clan | Antwerp 2022
Apr 25 2026 17: +0,0.04,4,Sticker | FaZe Clan | Antwerp 2022
Apr 25 2026 18: +0,0.04,8,Sticker | FaZe Clan | Antwerp 2022
Apr 25 2026 20: +0,0.04,2,Sticker | FaZe Clan | Antwerp 2022
Apr 25 2026 21: +0,0.05,5,Sticker | FaZe Clan | Antwerp 2022
Apr 25 2026 22: +0,0.04,7,Sticker | FaZe Clan | Antwerp 2022
Apr 25 2026 23: +0,0.038,3,Sticker | FaZe Clan | Antwerp 2022
Apr 26 2026 00: +0,0.042,13,Sticker | FaZe Clan | Antwerp 2022
Apr 26 2026 01: +0,0.04,6,Sticker | FaZe Clan | Antwerp 2022
Apr 26 2026 02: +0,0.04,2,Sticker | FaZe Clan | Antwerp 2022
Apr 26 2026 03: +0,0.052,2,Sticker | FaZe Clan | Antwerp 2022
Apr 26 2026 04: +0,0.051,1,Sticker | FaZe Clan | Antwerp 2022
Apr 26 2026 05: +0,0.043,1,Sticker | FaZe Clan | Antwerp 2022
Apr 26 2026 06: +0,0.051,1,Sticker | FaZe Clan | Antwerp 2022
Apr 26 2026 07: +0,0.04,2,Sticker | FaZe Clan | Antwerp 2022
Apr 26 2026 10: +0,0.041,8,Sticker | FaZe Clan | Antwerp 2022
Apr 26 2026 11: +0,0.045,9,Sticker | FaZe Clan | Antwerp 2022
Apr 26 2026 12: +0,0.042,1,Sticker | FaZe Clan | Antwerp 2022
Apr 26 2026 13: +0,0.042,6,Sticker | FaZe Clan | Antwerp 2022
Apr 26 2026 14: +0,0.05,1,Sticker | FaZe Clan | Antwerp 2022
Apr 26 2026 15: +0,0.04,11,Sticker | FaZe Clan | Antwerp 2022
Apr 26 2026 17: +0,0.039,4,Sticker | FaZe Clan | Antwerp 2022
Apr 26 2026 19: +0,0.04,36,Sticker | FaZe Clan | Antwerp 2022
Apr 26 2026 20: +0,0.04,3,Sticker | FaZe Clan | Antwerp 2022
Apr 26 2026 21: +0,0.04,2,Sticker | FaZe Clan | Antwerp 2022
Apr 26 2026 22: +0,0.04,5,Sticker | FaZe Clan | Antwerp 2022
Apr 26 2026 23: +0,0.05,132,Sticker | FaZe Clan | Antwerp 2022
Apr 27 2026 00: +0,0.051,7,Sticker | FaZe Clan | Antwerp 2022
Apr 27 2026 01: +0,0.04,1,Sticker | FaZe Clan | Antwerp 2022
Apr 27 2026 02: +0,0.04,3,Sticker | FaZe Clan | Antwerp 2022
Apr 27 2026 03: +0,0.051,3,Sticker | FaZe Clan | Antwerp 2022
Apr 27 2026 05: +0,0.041,2,Sticker | FaZe Clan | Antwerp 2022
Apr 27 2026 06: +0,0.04,14,Sticker | FaZe Clan | Antwerp 2022
Apr 27 2026 07: +0,0.05,12,Sticker | FaZe Clan | Antwerp 2022
Apr 27 2026 08: +0,0.051,2,Sticker | FaZe Clan | Antwerp 2022
Apr 27 2026 09: +0,0.051,1,Sticker | FaZe Clan | Antwerp 2022
Apr 27 2026 11: +0,0.052,1,Sticker | FaZe Clan | Antwerp 2022
Apr 27 2026 12: +0,0.05,2,Sticker | FaZe Clan | Antwerp 2022
Apr 27 2026 13: +0,0.05,7,Sticker | FaZe Clan | Antwerp 2022
Apr 27 2026 14: +0,0.05,1,Sticker | FaZe Clan | Antwerp 2022
Apr 27 2026 15: +0,0.04,3,Sticker | FaZe Clan | Antwerp 2022
Apr 27 2026 16: +0,0.05,5,Sticker | FaZe Clan | Antwerp 2022
Apr 27 2026 17: +0,0.05,9,Sticker | FaZe Clan | Antwerp 2022
Apr 27 2026 18: +0,0.049,1,Sticker | FaZe Clan | Antwerp 2022
Apr 27 2026 19: +0,0.05,4,Sticker | FaZe Clan | Antwerp 2022
Apr 27 2026 20: +0,0.05,8,Sticker | FaZe Clan | Antwerp 2022
Apr 27 2026 21: +0,0.07,423,Sticker | FaZe Clan | Antwerp 2022
Apr 27 2026 23: +0,0.076,20,Sticker | FaZe Clan | Antwerp 2022
Apr 28 2026 00: +0,0.068,3,Sticker | FaZe Clan | Antwerp 2022
Apr 28 2026 01: +0,0.06,1,Sticker | FaZe Clan | Antwerp 2022
Apr 28 2026 03: +0,0.07,2,Sticker | FaZe Clan | Antwerp 2022
Apr 28 2026 07: +0,0.05,1,Sticker | FaZe Clan | Antwerp 2022
Apr 28 2026 10: +0,0.059,1,Sticker | FaZe Clan | Antwerp 2022
Apr 28 2026 11: +0,0.06,28,Sticker | FaZe Clan | Antwerp 2022
Apr 28 2026 12: +0,0.06,26,Sticker | FaZe Clan | Antwerp 2022
Apr 28 2026 13: +0,0.07,8,Sticker | FaZe Clan | Antwerp 2022
Apr 28 2026 14: +0,0.054,2,Sticker | FaZe Clan | Antwerp 2022
Apr 28 2026 15: +0,0.06,4,Sticker | FaZe Clan | Antwerp 2022
Apr 28 2026 16: +0,0.058,5,Sticker | FaZe Clan | Antwerp 2022
Apr 28 2026 17: +0,0.06,17,Sticker | FaZe Clan | Antwerp 2022
Apr 28 2026 18: +0,0.06,1,Sticker | FaZe Clan | Antwerp 2022
Apr 28 2026 19: +0,0.06,4,Sticker | FaZe Clan | Antwerp 2022
Apr 28 2026 20: +0,0.07,2,Sticker | FaZe Clan | Antwerp 2022
Apr 28 2026 21: +0,0.06,5,Sticker | FaZe Clan | Antwerp 2022
Apr 28 2026 22: +0,0.06,6,Sticker | FaZe Clan | Antwerp 2022
Apr 28 2026 23: +0,0.06,4,Sticker | FaZe Clan | Antwerp 2022
Apr 29 2026 00: +0,0.06,6,Sticker | FaZe Clan | Antwerp 2022
Apr 29 2026 03: +0,0.06,3,Sticker | FaZe Clan | Antwerp 2022
Apr 29 2026 05: +0,0.059,2,Sticker | FaZe Clan | Antwerp 2022
Apr 29 2026 06: +0,0.06,15,Sticker | FaZe Clan | Antwerp 2022
Apr 29 2026 07: +0,0.05,1,Sticker | FaZe Clan | Antwerp 2022
Apr 29 2026 08: +0,0.061,5,Sticker | FaZe Clan | Antwerp 2022
Apr 29 2026 09: +0,0.06,8,Sticker | FaZe Clan | Antwerp 2022
Apr 29 2026 10: +0,0.06,10,Sticker | FaZe Clan | Antwerp 2022
Apr 29 2026 11: +0,0.058,6,Sticker | FaZe Clan | Antwerp 2022
Apr 29 2026 12: +0,0.06,3,Sticker | FaZe Clan | Antwerp 2022
Apr 29 2026 13: +0,0.058,6,Sticker | FaZe Clan | Antwerp 2022
Apr 29 2026 14: +0,0.06,13,Sticker | FaZe Clan | Antwerp 2022
Apr 29 2026 15: +0,0.06,3,Sticker | FaZe Clan | Antwerp 2022
Apr 29 2026 16: +0,0.06,1,Sticker | FaZe Clan | Antwerp 2022
Apr 29 2026 17: +0,0.06,8,Sticker | FaZe Clan | Antwerp 2022
Apr 29 2026 18: +0,0.059,4,Sticker | FaZe Clan | Antwerp 2022
Apr 29 2026 19: +0,0.059,14,Sticker | FaZe Clan | Antwerp 2022
Apr 29 2026 20: +0,0.06,1,Sticker | FaZe Clan | Antwerp 2022
Apr 29 2026 21: +0,0.06,1,Sticker | FaZe Clan | Antwerp 2022
Apr 29 2026 22: +0,0.06,6,Sticker | FaZe Clan | Antwerp 2022
Apr 29 2026 23: +0,0.059,5,Sticker | FaZe Clan | Antwerp 2022
Apr 30 2026 00: +0,0.06,3,Sticker | FaZe Clan | Antwerp 2022
Apr 30 2026 01: +0,0.06,4,Sticker | FaZe Clan | Antwerp 2022
Apr 30 2026 02: +0,0.055,1,Sticker | FaZe Clan | Antwerp 2022
Apr 30 2026 03: +0,0.058,2,Sticker | FaZe Clan | Antwerp 2022
Apr 30 2026 06: +0,0.069,10,Sticker | FaZe Clan | Antwerp 2022
Apr 30 2026 08: +0,0.04,1,Sticker | FaZe Clan | Antwerp 2022
Apr 30 2026 09: +0,0.06,2,Sticker | FaZe Clan | Antwerp 2022
Apr 30 2026 10: +0,0.054,8,Sticker | FaZe Clan | Antwerp 2022
Apr 30 2026 11: +0,0.059,2,Sticker | FaZe Clan | Antwerp 2022
Apr 30 2026 13: +0,0.06,172,Sticker | FaZe Clan | Antwerp 2022
Apr 30 2026 14: +0,0.059,10,Sticker | FaZe Clan | Antwerp 2022
Apr 30 2026 15: +0,0.059,46,Sticker | FaZe Clan | Antwerp 2022
Apr 30 2026 16: +0,0.069,9,Sticker | FaZe Clan | Antwerp 2022
Apr 30 2026 18: +0,0.059,7,Sticker | FaZe Clan | Antwerp 2022
Apr 30 2026 20: +0,0.059,23,Sticker | FaZe Clan | Antwerp 2022
Apr 30 2026 22: +0,0.05,3,Sticker | FaZe Clan | Antwerp 2022
Apr 30 2026 23: +0,0.06,168,Sticker | FaZe Clan | Antwerp 2022
May 01 2026 00: +0,0.069,5,Sticker | FaZe Clan | Antwerp 2022
May 01 2026 01: +0,0.06,4,Sticker | FaZe Clan | Antwerp 2022
May 01 2026 02: +0,0.064,2,Sticker | FaZe Clan | Antwerp 2022
May 01 2026 03: +0,0.059,3,Sticker | FaZe Clan | Antwerp 2022
May 01 2026 08: +0,0.055,5,Sticker | FaZe Clan | Antwerp 2022
May 01 2026 09: +0,0.06,28,Sticker | FaZe Clan | Antwerp 2022
May 01 2026 10: +0,0.059,4,Sticker | FaZe Clan | Antwerp 2022
May 01 2026 11: +0,0.06,222,Sticker | FaZe Clan | Antwerp 2022
May 01 2026 12: +0,0.059,16,Sticker | FaZe Clan | Antwerp 2022
May 01 2026 13: +0,0.059,12,Sticker | FaZe Clan | Antwerp 2022
May 01 2026 14: +0,0.059,14,Sticker | FaZe Clan | Antwerp 2022
May 01 2026 15: +0,0.06,5,Sticker | FaZe Clan | Antwerp 2022
May 01 2026 16: +0,0.06,5,Sticker | FaZe Clan | Antwerp 2022
May 01 2026 17: +0,0.06,9,Sticker | FaZe Clan | Antwerp 2022
May 01 2026 18: +0,0.06,3,Sticker | FaZe Clan | Antwerp 2022
May 01 2026 19: +0,0.06,2,Sticker | FaZe Clan | Antwerp 2022
May 01 2026 20: +0,0.06,5,Sticker | FaZe Clan | Antwerp 2022
May 01 2026 21: +0,0.06,3,Sticker | FaZe Clan | Antwerp 2022
May 01 2026 23: +0,0.059,10,Sticker | FaZe Clan | Antwerp 2022
May 02 2026 00: +0,0.059,8,Sticker | FaZe Clan | Antwerp 2022
May 02 2026 02: +0,0.06,1,Sticker | FaZe Clan | Antwerp 2022
May 02 2026 04: +0,0.04,1,Sticker | FaZe Clan | Antwerp 2022
May 02 2026 05: +0,0.057,2,Sticker | FaZe Clan | Antwerp 2022
May 02 2026 08: +0,0.07,145,Sticker | FaZe Clan | Antwerp 2022
May 02 2026 09: +0,0.079,6,Sticker | FaZe Clan | Antwerp 2022
May 02 2026 10: +0,0.078,3,Sticker | FaZe Clan | Antwerp 2022
May 02 2026 12: +0,0.07,13,Sticker | FaZe Clan | Antwerp 2022
May 02 2026 13: +0,0.065,4,Sticker | FaZe Clan | Antwerp 2022
May 02 2026 14: +0,0.049,2,Sticker | FaZe Clan | Antwerp 2022
May 02 2026 15: +0,0.06,1,Sticker | FaZe Clan | Antwerp 2022
May 02 2026 16: +0,0.069,4,Sticker | FaZe Clan | Antwerp 2022
May 02 2026 17: +0,0.068,6,Sticker | FaZe Clan | Antwerp 2022
May 02 2026 18: +0,0.08,6,Sticker | FaZe Clan | Antwerp 2022
May 02 2026 19: +0,0.07,3,Sticker | FaZe Clan | Antwerp 2022
May 02 2026 20: +0,0.07,10,Sticker | FaZe Clan | Antwerp 2022
May 02 2026 22: +0,0.07,4,Sticker | FaZe Clan | Antwerp 2022
May 03 2026 01: +0,0.069,4,Sticker | FaZe Clan | Antwerp 2022
May 03 2026 02: +0,0.07,1,Sticker | FaZe Clan | Antwerp 2022
May 03 2026 03: +0,0.07,17,Sticker | FaZe Clan | Antwerp 2022
May 03 2026 04: +0,0.06,1,Sticker | FaZe Clan | Antwerp 2022
May 03 2026 05: +0,0.065,2,Sticker | FaZe Clan | Antwerp 2022
May 03 2026 06: +0,0.071,1,Sticker | FaZe Clan | Antwerp 2022
May 03 2026 09: +0,0.05,1,Sticker | FaZe Clan | Antwerp 2022
May 03 2026 10: +0,0.07,3,Sticker | FaZe Clan | Antwerp 2022
May 03 2026 11: +0,0.07,122,Sticker | FaZe Clan | Antwerp 2022
May 03 2026 12: +0,0.069,7,Sticker | FaZe Clan | Antwerp 2022
May 03 2026 13: +0,0.068,7,Sticker | FaZe Clan | Antwerp 2022
May 03 2026 14: +0,0.07,2,Sticker | FaZe Clan | Antwerp 2022
May 03 2026 15: +0,0.07,1,Sticker | FaZe Clan | Antwerp 2022
May 03 2026 16: +0,0.065,2,Sticker | FaZe Clan | Antwerp 2022
May 03 2026 17: +0,0.06,4,Sticker | FaZe Clan | Antwerp 2022
May 03 2026 18: +0,0.068,7,Sticker | FaZe Clan | Antwerp 2022
May 03 2026 19: +0,0.07,5,Sticker | FaZe Clan | Antwerp 2022
May 03 2026 20: +0,0.08,6,Sticker | FaZe Clan | Antwerp 2022
May 03 2026 21: +0,0.08,9,Sticker | FaZe Clan | Antwerp 2022
May 03 2026 22: +0,0.07,14,Sticker | FaZe Clan | Antwerp 2022
May 03 2026 23: +0,0.068,3,Sticker | FaZe Clan | Antwerp 2022
May 04 2026 00: +0,0.07,14,Sticker | FaZe Clan | Antwerp 2022
May 04 2026 01: +0,0.068,1,Sticker | FaZe Clan | Antwerp 2022
May 04 2026 03: +0,0.07,6,Sticker | FaZe Clan | Antwerp 2022
May 04 2026 05: +0,0.068,3,Sticker | FaZe Clan | Antwerp 2022
May 04 2026 06: +0,0.06,1,Sticker | FaZe Clan | Antwerp 2022
May 04 2026 10: +0,0.07,5,Sticker | FaZe Clan | Antwerp 2022
May 04 2026 11: +0,0.07,2,Sticker | FaZe Clan | Antwerp 2022
May 04 2026 13: +0,0.068,4,Sticker | FaZe Clan | Antwerp 2022
May 04 2026 14: +0,0.03,6,Sticker | FaZe Clan | Antwerp 2022
May 04 2026 15: +0,0.07,3,Sticker | FaZe Clan | Antwerp 2022
May 04 2026 16: +0,0.07,3,Sticker | FaZe Clan | Antwerp 2022
May 04 2026 17: +0,0.07,3,Sticker | FaZe Clan | Antwerp 2022
May 04 2026 18: +0,0.07,9,Sticker | FaZe Clan | Antwerp 2022
May 04 2026 19: +0,0.07,6,Sticker | FaZe Clan | Antwerp 2022
May 04 2026 20: +0,0.07,5,Sticker | FaZe Clan | Antwerp 2022
May 04 2026 21: +0,0.067,2,Sticker | FaZe Clan | Antwerp 2022
May 04 2026 22: +0,0.07,6,Sticker | FaZe Clan | Antwerp 2022
May 04 2026 23: +0,0.076,12,Sticker | FaZe Clan | Antwerp 2022
May 05 2026 02: +0,0.068,1,Sticker | FaZe Clan | Antwerp 2022
May 05 2026 05: +0,0.079,4,Sticker | FaZe Clan | Antwerp 2022
May 05 2026 07: +0,0.07,2,Sticker | FaZe Clan | Antwerp 2022
May 05 2026 08: +0,0.07,6,Sticker | FaZe Clan | Antwerp 2022
May 05 2026 09: +0,0.064,2,Sticker | FaZe Clan | Antwerp 2022
May 05 2026 10: +0,0.07,1,Sticker | FaZe Clan | Antwerp 2022
May 05 2026 11: +0,0.068,2,Sticker | FaZe Clan | Antwerp 2022
May 05 2026 12: +0,0.069,3,Sticker | FaZe Clan | Antwerp 2022
May 05 2026 13: +0,0.07,8,Sticker | FaZe Clan | Antwerp 2022
May 05 2026 14: +0,0.07,4,Sticker | FaZe Clan | Antwerp 2022
May 05 2026 15: +0,0.068,16,Sticker | FaZe Clan | Antwerp 2022
May 05 2026 16: +0,0.078,10,Sticker | FaZe Clan | Antwerp 2022
May 05 2026 17: +0,0.07,7,Sticker | FaZe Clan | Antwerp 2022
May 05 2026 19: +0,0.069,6,Sticker | FaZe Clan | Antwerp 2022
May 05 2026 20: +0,0.079,5,Sticker | FaZe Clan | Antwerp 2022
May 05 2026 21: +0,0.079,16,Sticker | FaZe Clan | Antwerp 2022
May 05 2026 22: +0,0.089,51,Sticker | FaZe Clan | Antwerp 2022
May 05 2026 23: +0,0.085,5,Sticker | FaZe Clan | Antwerp 2022
May 06 2026 00: +0,0.079,4,Sticker | FaZe Clan | Antwerp 2022
May 06 2026 01: +0,0.079,10,Sticker | FaZe Clan | Antwerp 2022
May 06 2026 02: +0,0.085,4,Sticker | FaZe Clan | Antwerp 2022
May 06 2026 05: +0,0.079,29,Sticker | FaZe Clan | Antwerp 2022
May 06 2026 06: +0,0.079,18,Sticker | FaZe Clan | Antwerp 2022
May 06 2026 07: +0,0.075,7,Sticker | FaZe Clan | Antwerp 2022
May 06 2026 08: +0,0.08,6,Sticker | FaZe Clan | Antwerp 2022
May 06 2026 09: +0,0.03,1,Sticker | FaZe Clan | Antwerp 2022
May 06 2026 10: +0,0.075,3,Sticker | FaZe Clan | Antwerp 2022
May 06 2026 11: +0,0.068,3,Sticker | FaZe Clan | Antwerp 2022
May 06 2026 12: +0,0.068,5,Sticker | FaZe Clan | Antwerp 2022
May 06 2026 13: +0,0.079,16,Sticker | FaZe Clan | Antwerp 2022
May 06 2026 14: +0,0.079,27,Sticker | FaZe Clan | Antwerp 2022
May 06 2026 15: +0,0.085,4,Sticker | FaZe Clan | Antwerp 2022
May 06 2026 16: +0,0.074,2,Sticker | FaZe Clan | Antwerp 2022
May 06 2026 17: +0,0.079,10,Sticker | FaZe Clan | Antwerp 2022
May 06 2026 18: +0,0.079,1,Sticker | FaZe Clan | Antwerp 2022
May 06 2026 19: +0,0.085,7,Sticker | FaZe Clan | Antwerp 2022
May 06 2026 20: +0,0.079,6,Sticker | FaZe Clan | Antwerp 2022
May 06 2026 21: +0,0.067,2,Sticker | FaZe Clan | Antwerp 2022
May 06 2026 22: +0,0.08,1,Sticker | FaZe Clan | Antwerp 2022
May 06 2026 23: +0,0.08,8,Sticker | FaZe Clan | Antwerp 2022
May 07 2026 00: +0,0.078,2,Sticker | FaZe Clan | Antwerp 2022
May 07 2026 01: +0,0.08,1,Sticker | FaZe Clan | Antwerp 2022
May 07 2026 02: +0,0.08,13,Sticker | FaZe Clan | Antwerp 2022
May 07 2026 04: +0,0.079,4,Sticker | FaZe Clan | Antwerp 2022
May 07 2026 05: +0,0.076,3,Sticker | FaZe Clan | Antwerp 2022
May 07 2026 08: +0,0.08,1,Sticker | FaZe Clan | Antwerp 2022
May 07 2026 09: +0,0.08,7,Sticker | FaZe Clan | Antwerp 2022
May 07 2026 10: +0,0.051,1,Sticker | FaZe Clan | Antwerp 2022
May 07 2026 11: +0,0.059,1,Sticker | FaZe Clan | Antwerp 2022
May 07 2026 12: +0,0.08,3,Sticker | FaZe Clan | Antwerp 2022
May 07 2026 13: +0,0.08,5,Sticker | FaZe Clan | Antwerp 2022
May 07 2026 14: +0,0.08,1,Sticker | FaZe Clan | Antwerp 2022
May 07 2026 15: +0,0.08,12,Sticker | FaZe Clan | Antwerp 2022
May 07 2026 16: +0,0.074,8,Sticker | FaZe Clan | Antwerp 2022
May 07 2026 17: +0,0.08,11,Sticker | FaZe Clan | Antwerp 2022
May 07 2026 18: +0,0.08,7,Sticker | FaZe Clan | Antwerp 2022
May 07 2026 19: +0,0.078,10,Sticker | FaZe Clan | Antwerp 2022
May 07 2026 20: +0,0.08,11,Sticker | FaZe Clan | Antwerp 2022
May 07 2026 21: +0,0.068,5,Sticker | FaZe Clan | Antwerp 2022
May 07 2026 22: +0,0.068,3,Sticker | FaZe Clan | Antwerp 2022
May 07 2026 23: +0,0.08,4,Sticker | FaZe Clan | Antwerp 2022
May 08 2026 00: +0,0.08,3,Sticker | FaZe Clan | Antwerp 2022
May 08 2026 02: +0,0.08,1,Sticker | FaZe Clan | Antwerp 2022
May 08 2026 03: +0,0.08,2,Sticker | FaZe Clan | Antwerp 2022
May 08 2026 07: +0,0.08,3,Sticker | FaZe Clan | Antwerp 2022
May 08 2026 08: +0,0.085,6,Sticker | FaZe Clan | Antwerp 2022
May 08 2026 09: +0,0.08,23,Sticker | FaZe Clan | Antwerp 2022
May 08 2026 10: +0,0.09,8,Sticker | FaZe Clan | Antwerp 2022
May 08 2026 11: +0,0.08,8,Sticker | FaZe Clan | Antwerp 2022
May 08 2026 12: +0,0.08,3,Sticker | FaZe Clan | Antwerp 2022
May 08 2026 13: +0,0.08,6,Sticker | FaZe Clan | Antwerp 2022
May 08 2026 14: +0,0.08,16,Sticker | FaZe Clan | Antwerp 2022
May 08 2026 15: +0,0.08,8,Sticker | FaZe Clan | Antwerp 2022
May 08 2026 16: +0,0.08,6,Sticker | FaZe Clan | Antwerp 2022
May 08 2026 17: +0,0.064,2,Sticker | FaZe Clan | Antwerp 2022
May 08 2026 18: +0,0.08,17,Sticker | FaZe Clan | Antwerp 2022
May 08 2026 19: +0,0.081,3,Sticker | FaZe Clan | Antwerp 2022
May 08 2026 20: +0,0.08,17,Sticker | FaZe Clan | Antwerp 2022
May 08 2026 21: +0,0.08,9,Sticker | FaZe Clan | Antwerp 2022
May 08 2026 22: +0,0.08,9,Sticker | FaZe Clan | Antwerp 2022
May 08 2026 23: +0,0.08,20,Sticker | FaZe Clan | Antwerp 2022
May 09 2026 00: +0,0.08,4,Sticker | FaZe Clan | Antwerp 2022
May 09 2026 01: +0,0.08,6,Sticker | FaZe Clan | Antwerp 2022
May 09 2026 04: +0,0.08,5,Sticker | FaZe Clan | Antwerp 2022
May 09 2026 05: +0,0.08,1,Sticker | FaZe Clan | Antwerp 2022
May 09 2026 07: +0,0.08,1,Sticker | FaZe Clan | Antwerp 2022
May 09 2026 10: +0,0.08,105,Sticker | FaZe Clan | Antwerp 2022
May 09 2026 11: +0,0.08,7,Sticker | FaZe Clan | Antwerp 2022
May 09 2026 12: +0,0.08,5,Sticker | FaZe Clan | Antwerp 2022
May 09 2026 13: +0,0.08,21,Sticker | FaZe Clan | Antwerp 2022
May 09 2026 14: +0,0.054,2,Sticker | FaZe Clan | Antwerp 2022
May 09 2026 15: +0,0.078,3,Sticker | FaZe Clan | Antwerp 2022
May 09 2026 16: +0,0.08,5,Sticker | FaZe Clan | Antwerp 2022
May 09 2026 17: +0,0.08,7,Sticker | FaZe Clan | Antwerp 2022
May 09 2026 18: +0,0.085,2,Sticker | FaZe Clan | Antwerp 2022
May 09 2026 19: +0,0.079,2,Sticker | FaZe Clan | Antwerp 2022
May 09 2026 20: +0,0.08,5,Sticker | FaZe Clan | Antwerp 2022
May 09 2026 21: +0,0.075,4,Sticker | FaZe Clan | Antwerp 2022
May 09 2026 22: +0,0.08,1,Sticker | FaZe Clan | Antwerp 2022
May 09 2026 23: +0,0.08,3,Sticker | FaZe Clan | Antwerp 2022
May 10 2026 00: +0,0.08,44,Sticker | FaZe Clan | Antwerp 2022
May 10 2026 01: +0,0.077,2,Sticker | FaZe Clan | Antwerp 2022
May 10 2026 02: +0,0.08,1,Sticker | FaZe Clan | Antwerp 2022
May 10 2026 03: +0,0.08,3,Sticker | FaZe Clan | Antwerp 2022
May 10 2026 04: +0,0.065,2,Sticker | FaZe Clan | Antwerp 2022
May 10 2026 06: +0,0.085,1,Sticker | FaZe Clan | Antwerp 2022
May 10 2026 07: +0,0.08,3,Sticker | FaZe Clan | Antwerp 2022
May 10 2026 08: +0,0.085,10,Sticker | FaZe Clan | Antwerp 2022
May 10 2026 09: +0,0.08,9,Sticker | FaZe Clan | Antwerp 2022
May 10 2026 11: +0,0.08,7,Sticker | FaZe Clan | Antwerp 2022
May 10 2026 12: +0,0.08,40,Sticker | FaZe Clan | Antwerp 2022
May 10 2026 13: +0,0.07,5,Sticker | FaZe Clan | Antwerp 2022
May 10 2026 14: +0,0.078,7,Sticker | FaZe Clan | Antwerp 2022
May 10 2026 15: +0,0.076,1,Sticker | FaZe Clan | Antwerp 2022
May 10 2026 16: +0,0.06,5,Sticker | FaZe Clan | Antwerp 2022
May 10 2026 17: +0,0.042,6,Sticker | FaZe Clan | Antwerp 2022
May 10 2026 18: +0,0.06,2,Sticker | FaZe Clan | Antwerp 2022
May 10 2026 19: +0,0.061,2,Sticker | FaZe Clan | Antwerp 2022
May 10 2026 20: +0,0.06,5,Sticker | FaZe Clan | Antwerp 2022
May 10 2026 21: +0,0.06,7,Sticker | FaZe Clan | Antwerp 2022
May 10 2026 22: +0,0.06,2,Sticker | FaZe Clan | Antwerp 2022
May 10 2026 23: +0,0.06,2,Sticker | FaZe Clan | Antwerp 2022
May 11 2026 01: +0,0.06,1,Sticker | FaZe Clan | Antwerp 2022
May 11 2026 04: +0,0.06,6,Sticker | FaZe Clan | Antwerp 2022
May 11 2026 05: +0,0.06,25,Sticker | FaZe Clan | Antwerp 2022
May 11 2026 06: +0,0.059,7,Sticker | FaZe Clan | Antwerp 2022
May 11 2026 07: +0,0.06,1,Sticker | FaZe Clan | Antwerp 2022
May 11 2026 08: +0,0.06,11,Sticker | FaZe Clan | Antwerp 2022
May 11 2026 09: +0,0.05,1,Sticker | FaZe Clan | Antwerp 2022
May 11 2026 10: +0,0.06,6,Sticker | FaZe Clan | Antwerp 2022
May 11 2026 11: +0,0.06,8,Sticker | FaZe Clan | Antwerp 2022
May 11 2026 12: +0,0.06,11,Sticker | FaZe Clan | Antwerp 2022
May 11 2026 14: +0,0.06,13,Sticker | FaZe Clan | Antwerp 2022
May 11 2026 15: +0,0.06,1,Sticker | FaZe Clan | Antwerp 2022
May 11 2026 16: +0,0.06,5,Sticker | FaZe Clan | Antwerp 2022
May 11 2026 17: +0,0.059,20,Sticker | FaZe Clan | Antwerp 2022
May 11 2026 18: +0,0.059,6,Sticker | FaZe Clan | Antwerp 2022
May 11 2026 20: +0,0.059,1,Sticker | FaZe Clan | Antwerp 2022
May 11 2026 21: +0,0.068,1,Sticker | FaZe Clan | Antwerp 2022
May 11 2026 22: +0,0.062,1,Sticker | FaZe Clan | Antwerp 2022
May 12 2026 00: +0,0.06,1,Sticker | FaZe Clan | Antwerp 2022
May 12 2026 02: +0,0.059,2,Sticker | FaZe Clan | Antwerp 2022
May 12 2026 03: +0,0.068,1,Sticker | FaZe Clan | Antwerp 2022
May 12 2026 04: +0,0.059,4,Sticker | FaZe Clan | Antwerp 2022
May 12 2026 05: +0,0.059,3,Sticker | FaZe Clan | Antwerp 2022
May 12 2026 06: +0,0.06,1,Sticker | FaZe Clan | Antwerp 2022
May 12 2026 07: +0,0.06,2,Sticker | FaZe Clan | Antwerp 2022
May 12 2026 08: +0,0.06,5,Sticker | FaZe Clan | Antwerp 2022
May 12 2026 11: +0,0.048,6,Sticker | FaZe Clan | Antwerp 2022
May 12 2026 12: +0,0.034,1,Sticker | FaZe Clan | Antwerp 2022
Dec 20 2017 01: +0,0.964,153,Sticker | Cloud9 | Boston 2018
Dec 21 2017 01: +0,0.934,121,Sticker | Cloud9 | Boston 2018
Dec 22 2017 01: +0,0.943,133,Sticker | Cloud9 | Boston 2018
Dec 23 2017 01: +0,0.963,90,Sticker | Cloud9 | Boston 2018
Dec 24 2017 01: +0,0.944,91,Sticker | Cloud9 | Boston 2018
Dec 25 2017 01: +0,0.959,143,Sticker | Cloud9 | Boston 2018
Dec 26 2017 01: +0,0.963,106,Sticker | Cloud9 | Boston 2018
Dec 27 2017 01: +0,0.945,119,Sticker | Cloud9 | Boston 2018
Dec 28 2017 01: +0,0.948,107,Sticker | Cloud9 | Boston 2018
Dec 29 2017 01: +0,0.947,80,Sticker | Cloud9 | Boston 2018
Dec 30 2017 01: +0,0.947,93,Sticker | Cloud9 | Boston 2018
Dec 31 2017 01: +0,0.946,49,Sticker | Cloud9 | Boston 2018
Jan 01 2018 01: +0,0.992,85,Sticker | Cloud9 | Boston 2018
Jan 02 2018 01: +0,0.947,87,Sticker | Cloud9 | Boston 2018
Jan 03 2018 01: +0,0.969,139,Sticker | Cloud9 | Boston 2018
Jan 04 2018 01: +0,0.972,106,Sticker | Cloud9 | Boston 2018
Jan 05 2018 01: +0,0.97,167,Sticker | Cloud9 | Boston 2018
Jan 06 2018 01: +0,0.945,110,Sticker | Cloud9 | Boston 2018
Jan 07 2018 01: +0,0.935,106,Sticker | Cloud9 | Boston 2018
Jan 08 2018 01: +0,0.942,76,Sticker | Cloud9 | Boston 2018
Jan 09 2018 01: +0,0.941,98,Sticker | Cloud9 | Boston 2018
Jan 10 2018 01: +0,0.938,73,Sticker | Cloud9 | Boston 2018
Jan 11 2018 01: +0,0.954,89,Sticker | Cloud9 | Boston 2018
Jan 12 2018 01: +0,0.955,147,Sticker | Cloud9 | Boston 2018
Jan 13 2018 01: +0,0.956,205,Sticker | Cloud9 | Boston 2018
Jan 14 2018 01: +0,0.938,172,Sticker | Cloud9 | Boston 2018
Jan 15 2018 01: +0,0.972,161,Sticker | Cloud9 | Boston 2018
Jan 16 2018 01: +0,0.781,545,Sticker | Cloud9 | Boston 2018
Jan 17 2018 01: +0,0.851,262,Sticker | Cloud9 | Boston 2018
Jan 18 2018 01: +0,0.875,211,Sticker | Cloud9 | Boston 2018
Jan 19 2018 01: +0,0.891,176,Sticker | Cloud9 | Boston 2018
Jan 20 2018 01: +0,0.824,203,Sticker | Cloud9 | Boston 2018
Jan 21 2018 01: +0,0.864,189,Sticker | Cloud9 | Boston 2018
Jan 22 2018 01: +0,0.838,185,Sticker | Cloud9 | Boston 2018
Jan 23 2018 01: +0,0.52,2093,Sticker | Cloud9 | Boston 2018
Jan 24 2018 01: +0,0.323,1109,Sticker | Cloud9 | Boston 2018
Jan 25 2018 01: +0,0.333,865,Sticker | Cloud9 | Boston 2018
Jan 26 2018 01: +0,0.289,2775,Sticker | Cloud9 | Boston 2018
Jan 27 2018 01: +0,0.243,5377,Sticker | Cloud9 | Boston 2018
Jan 28 2018 01: +0,0.242,29727,Sticker | Cloud9 | Boston 2018
Jan 29 2018 01: +0,0.232,25475,Sticker | Cloud9 | Boston 2018
Jan 30 2018 01: +0,0.263,11249,Sticker | Cloud9 | Boston 2018
Jan 31 2018 01: +0,0.275,4956,Sticker | Cloud9 | Boston 2018
Feb 01 2018 01: +0,0.278,4037,Sticker | Cloud9 | Boston 2018
Feb 02 2018 01: +0,0.323,3727,Sticker | Cloud9 | Boston 2018
Feb 03 2018 01: +0,0.386,4155,Sticker | Cloud9 | Boston 2018
Feb 04 2018 01: +0,0.458,6392,Sticker | Cloud9 | Boston 2018
Feb 05 2018 01: +0,0.363,2627,Sticker | Cloud9 | Boston 2018
Feb 06 2018 01: +0,0.335,1963,Sticker | Cloud9 | Boston 2018
Feb 07 2018 01: +0,0.32,1959,Sticker | Cloud9 | Boston 2018
Feb 08 2018 01: +0,0.33,1409,Sticker | Cloud9 | Boston 2018
Feb 09 2018 01: +0,0.342,1468,Sticker | Cloud9 | Boston 2018
Feb 10 2018 01: +0,0.343,1533,Sticker | Cloud9 | Boston 2018
Feb 11 2018 01: +0,0.331,1728,Sticker | Cloud9 | Boston 2018
Feb 12 2018 01: +0,0.336,1830,Sticker | Cloud9 | Boston 2018
Feb 13 2018 01: +0,0.325,1108,Sticker | Cloud9 | Boston 2018
Feb 14 2018 01: +0,0.323,1371,Sticker | Cloud9 | Boston 2018
Feb 15 2018 01: +0,0.325,1423,Sticker | Cloud9 | Boston 2018
Feb 16 2018 01: +0,0.319,1777,Sticker | Cloud9 | Boston 2018
Feb 17 2018 01: +0,0.319,1575,Sticker | Cloud9 | Boston 2018
Feb 18 2018 01: +0,0.315,1568,Sticker | Cloud9 | Boston 2018
Feb 19 2018 01: +0,0.311,1440,Sticker | Cloud9 | Boston 2018
Feb 20 2018 01: +0,0.323,1246,Sticker | Cloud9 | Boston 2018
Feb 21 2018 01: +0,0.311,1051,Sticker | Cloud9 | Boston 2018
Feb 22 2018 01: +0,0.307,1039,Sticker | Cloud9 | Boston 2018
Feb 23 2018 01: +0,0.306,1234,Sticker | Cloud9 | Boston 2018
Feb 24 2018 01: +0,0.315,1178,Sticker | Cloud9 | Boston 2018
Feb 25 2018 01: +0,0.319,1130,Sticker | Cloud9 | Boston 2018
Feb 26 2018 01: +0,0.31,795,Sticker | Cloud9 | Boston 2018
Feb 27 2018 01: +0,0.299,877,Sticker | Cloud9 | Boston 2018
Feb 28 2018 01: +0,0.316,966,Sticker | Cloud9 | Boston 2018
Mar 01 2018 01: +0,0.319,867,Sticker | Cloud9 | Boston 2018
Mar 02 2018 01: +0,0.323,950,Sticker | Cloud9 | Boston 2018
Mar 03 2018 01: +0,0.323,1180,Sticker | Cloud9 | Boston 2018
Mar 04 2018 01: +0,0.342,829,Sticker | Cloud9 | Boston 2018
Mar 05 2018 01: +0,0.34,660,Sticker | Cloud9 | Boston 2018
Mar 06 2018 01: +0,0.343,636,Sticker | Cloud9 | Boston 2018
Mar 07 2018 01: +0,0.352,580,Sticker | Cloud9 | Boston 2018
Mar 08 2018 01: +0,0.343,572,Sticker | Cloud9 | Boston 2018
Mar 09 2018 01: +0,0.336,705,Sticker | Cloud9 | Boston 2018
Mar 10 2018 01: +0,0.341,764,Sticker | Cloud9 | Boston 2018
Mar 11 2018 01: +0,0.335,719,Sticker | Cloud9 | Boston 2018
Mar 12 2018 01: +0,0.335,530,Sticker | Cloud9 | Boston 2018
Mar 13 2018 01: +0,0.328,541,Sticker | Cloud9 | Boston 2018
Mar 14 2018 01: +0,0.33,460,Sticker | Cloud9 | Boston 2018
Mar 15 2018 01: +0,0.327,541,Sticker | Cloud9 | Boston 2018
Mar 16 2018 01: +0,0.334,724,Sticker | Cloud9 | Boston 2018
Mar 17 2018 01: +0,0.339,556,Sticker | Cloud9 | Boston 2018
Mar 18 2018 01: +0,0.346,676,Sticker | Cloud9 | Boston 2018
Mar 19 2018 01: +0,0.344,467,Sticker | Cloud9 | Boston 2018
Mar 20 2018 01: +0,0.344,483,Sticker | Cloud9 | Boston 2018
Mar 21 2018 01: +0,0.341,433,Sticker | Cloud9 | Boston 2018
Mar 22 2018 01: +0,0.336,407,Sticker | Cloud9 | Boston 2018
Mar 23 2018 01: +0,0.344,433,Sticker | Cloud9 | Boston 2018
Mar 24 2018 01: +0,0.348,497,Sticker | Cloud9 | Boston 2018
Mar 25 2018 01: +0,0.348,537,Sticker | Cloud9 | Boston 2018
Mar 26 2018 01: +0,0.353,362,Sticker | Cloud9 | Boston 2018
Mar 27 2018 01: +0,0.343,363,Sticker | Cloud9 | Boston 2018
Mar 28 2018 01: +0,0.34,391,Sticker | Cloud9 | Boston 2018
Mar 29 2018 01: +0,0.341,444,Sticker | Cloud9 | Boston 2018
Mar 30 2018 01: +0,0.289,825,Sticker | Cloud9 | Boston 2018
Mar 31 2018 01: +0,0.298,571,Sticker | Cloud9 | Boston 2018
Apr 01 2018 01: +0,0.315,495,Sticker | Cloud9 | Boston 2018
Apr 02 2018 01: +0,0.336,469,Sticker | Cloud9 | Boston 2018
Apr 03 2018 01: +0,0.334,451,Sticker | Cloud9 | Boston 2018
Apr 04 2018 01: +0,0.336,451,Sticker | Cloud9 | Boston 2018
Apr 05 2018 01: +0,0.329,606,Sticker | Cloud9 | Boston 2018
Apr 06 2018 01: +0,0.335,428,Sticker | Cloud9 | Boston 2018
Apr 07 2018 01: +0,0.334,478,Sticker | Cloud9 | Boston 2018
Apr 08 2018 01: +0,0.337,538,Sticker | Cloud9 | Boston 2018
Apr 09 2018 01: +0,0.358,417,Sticker | Cloud9 | Boston 2018
Apr 10 2018 01: +0,0.363,661,Sticker | Cloud9 | Boston 2018
Apr 11 2018 01: +0,0.356,381,Sticker | Cloud9 | Boston 2018
Apr 12 2018 01: +0,0.358,385,Sticker | Cloud9 | Boston 2018
Apr 13 2018 01: +0,0.358,301,Sticker | Cloud9 | Boston 2018
Apr 14 2018 01: +0,0.368,364,Sticker | Cloud9 | Boston 2018
Apr 15 2018 01: +0,0.368,415,Sticker | Cloud9 | Boston 2018
Apr 16 2018 01: +0,0.378,433,Sticker | Cloud9 | Boston 2018
Apr 17 2018 01: +0,0.38,353,Sticker | Cloud9 | Boston 2018
Apr 18 2018 01: +0,0.391,426,Sticker | Cloud9 | Boston 2018
Apr 19 2018 01: +0,0.387,376,Sticker | Cloud9 | Boston 2018
Apr 20 2018 01: +0,0.389,470,Sticker | Cloud9 | Boston 2018
Apr 21 2018 01: +0,0.389,381,Sticker | Cloud9 | Boston 2018
Apr 22 2018 01: +0,0.387,345,Sticker | Cloud9 | Boston 2018
Apr 23 2018 01: +0,0.391,459,Sticker | Cloud9 | Boston 2018
Apr 24 2018 01: +0,0.387,299,Sticker | Cloud9 | Boston 2018
Apr 25 2018 01: +0,0.384,473,Sticker | Cloud9 | Boston 2018
Apr 26 2018 01: +0,0.386,335,Sticker | Cloud9 | Boston 2018
Apr 27 2018 01: +0,0.382,593,Sticker | Cloud9 | Boston 2018
Apr 28 2018 01: +0,0.385,469,Sticker | Cloud9 | Boston 2018
Apr 29 2018 01: +0,0.387,346,Sticker | Cloud9 | Boston 2018
Apr 30 2018 01: +0,0.387,341,Sticker | Cloud9 | Boston 2018
May 01 2018 01: +0,0.377,318,Sticker | Cloud9 | Boston 2018
May 02 2018 01: +0,0.38,356,Sticker | Cloud9 | Boston 2018
May 03 2018 01: +0,0.376,338,Sticker | Cloud9 | Boston 2018
May 04 2018 01: +0,0.37,327,Sticker | Cloud9 | Boston 2018
May 05 2018 01: +0,0.369,357,Sticker | Cloud9 | Boston 2018
May 06 2018 01: +0,0.366,324,Sticker | Cloud9 | Boston 2018
May 07 2018 01: +0,0.359,285,Sticker | Cloud9 | Boston 2018
May 08 2018 01: +0,0.356,569,Sticker | Cloud9 | Boston 2018
May 09 2018 01: +0,0.331,339,Sticker | Cloud9 | Boston 2018
May 10 2018 01: +0,0.337,316,Sticker | Cloud9 | Boston 2018
May 11 2018 01: +0,0.335,301,Sticker | Cloud9 | Boston 2018
May 12 2018 01: +0,0.342,338,Sticker | Cloud9 | Boston 2018
May 13 2018 01: +0,0.334,307,Sticker | Cloud9 | Boston 2018
May 14 2018 01: +0,0.34,364,Sticker | Cloud9 | Boston 2018
May 15 2018 01: +0,0.333,316,Sticker | Cloud9 | Boston 2018
May 16 2018 01: +0,0.331,312,Sticker | Cloud9 | Boston 2018
May 17 2018 01: +0,0.329,325,Sticker | Cloud9 | Boston 2018
May 18 2018 01: +0,0.328,470,Sticker | Cloud9 | Boston 2018
May 19 2018 01: +0,0.328,260,Sticker | Cloud9 | Boston 2018
May 20 2018 01: +0,0.33,379,Sticker | Cloud9 | Boston 2018
May 21 2018 01: +0,0.33,415,Sticker | Cloud9 | Boston 2018
May 22 2018 01: +0,0.329,326,Sticker | Cloud9 | Boston 2018
May 23 2018 01: +0,0.336,259,Sticker | Cloud9 | Boston 2018
May 24 2018 01: +0,0.334,249,Sticker | Cloud9 | Boston 2018
May 25 2018 01: +0,0.333,284,Sticker | Cloud9 | Boston 2018
May 26 2018 01: +0,0.34,381,Sticker | Cloud9 | Boston 2018
May 27 2018 01: +0,0.335,319,Sticker | Cloud9 | Boston 2018
May 28 2018 01: +0,0.326,302,Sticker | Cloud9 | Boston 2018
May 29 2018 01: +0,0.328,272,Sticker | Cloud9 | Boston 2018
May 30 2018 01: +0,0.327,242,Sticker | Cloud9 | Boston 2018
May 31 2018 01: +0,0.319,296,Sticker | Cloud9 | Boston 2018
Jun 01 2018 01: +0,0.322,596,Sticker | Cloud9 | Boston 2018
Jun 02 2018 01: +0,0.325,364,Sticker | Cloud9 | Boston 2018
Jun 03 2018 01: +0,0.322,313,Sticker | Cloud9 | Boston 2018
Jun 04 2018 01: +0,0.319,278,Sticker | Cloud9 | Boston 2018
Jun 05 2018 01: +0,0.321,255,Sticker | Cloud9 | Boston 2018
Jun 06 2018 01: +0,0.325,263,Sticker | Cloud9 | Boston 2018
Jun 07 2018 01: +0,0.317,249,Sticker | Cloud9 | Boston 2018
Jun 08 2018 01: +0,0.314,339,Sticker | Cloud9 | Boston 2018
Jun 09 2018 01: +0,0.3,380,Sticker | Cloud9 | Boston 2018
Jun 10 2018 01: +0,0.296,329,Sticker | Cloud9 | Boston 2018
Jun 11 2018 01: +0,0.3,244,Sticker | Cloud9 | Boston 2018
Jun 12 2018 01: +0,0.305,275,Sticker | Cloud9 | Boston 2018
Jun 13 2018 01: +0,0.3,276,Sticker | Cloud9 | Boston 2018
Jun 14 2018 01: +0,0.307,241,Sticker | Cloud9 | Boston 2018
Jun 15 2018 01: +0,0.306,277,Sticker | Cloud9 | Boston 2018
Jun 16 2018 01: +0,0.305,312,Sticker | Cloud9 | Boston 2018
Jun 17 2018 01: +0,0.305,337,Sticker | Cloud9 | Boston 2018
Jun 18 2018 01: +0,0.302,366,Sticker | Cloud9 | Boston 2018
Jun 19 2018 01: +0,0.294,271,Sticker | Cloud9 | Boston 2018
Jun 20 2018 01: +0,0.299,335,Sticker | Cloud9 | Boston 2018
Jun 21 2018 01: +0,0.293,319,Sticker | Cloud9 | Boston 2018
Jun 22 2018 01: +0,0.28,444,Sticker | Cloud9 | Boston 2018
Jun 23 2018 01: +0,0.272,293,Sticker | Cloud9 | Boston 2018
Jun 24 2018 01: +0,0.28,262,Sticker | Cloud9 | Boston 2018
Jun 25 2018 01: +0,0.272,284,Sticker | Cloud9 | Boston 2018
Jun 26 2018 01: +0,0.278,241,Sticker | Cloud9 | Boston 2018
Jun 27 2018 01: +0,0.287,307,Sticker | Cloud9 | Boston 2018
Jun 28 2018 01: +0,0.276,324,Sticker | Cloud9 | Boston 2018
Jun 29 2018 01: +0,0.287,312,Sticker | Cloud9 | Boston 2018
Jun 30 2018 01: +0,0.293,260,Sticker | Cloud9 | Boston 2018
Jul 01 2018 01: +0,0.294,295,Sticker | Cloud9 | Boston 2018
Jul 02 2018 01: +0,0.299,303,Sticker | Cloud9 | Boston 2018
Jul 03 2018 01: +0,0.299,306,Sticker | Cloud9 | Boston 2018
Jul 04 2018 01: +0,0.294,308,Sticker | Cloud9 | Boston 2018
Jul 05 2018 01: +0,0.297,339,Sticker | Cloud9 | Boston 2018
Jul 06 2018 01: +0,0.31,281,Sticker | Cloud9 | Boston 2018
Jul 07 2018 01: +0,0.311,315,Sticker | Cloud9 | Boston 2018
Jul 08 2018 01: +0,0.313,334,Sticker | Cloud9 | Boston 2018
Jul 09 2018 01: +0,0.317,243,Sticker | Cloud9 | Boston 2018
Jul 10 2018 01: +0,0.322,252,Sticker | Cloud9 | Boston 2018
Jul 11 2018 01: +0,0.323,241,Sticker | Cloud9 | Boston 2018
Jul 12 2018 01: +0,0.324,325,Sticker | Cloud9 | Boston 2018
Jul 13 2018 01: +0,0.325,244,Sticker | Cloud9 | Boston 2018
Jul 14 2018 01: +0,0.318,267,Sticker | Cloud9 | Boston 2018
Jul 15 2018 01: +0,0.318,240,Sticker | Cloud9 | Boston 2018
Jul 16 2018 01: +0,0.323,334,Sticker | Cloud9 | Boston 2018
Jul 17 2018 01: +0,0.334,244,Sticker | Cloud9 | Boston 2018
Jul 18 2018 01: +0,0.334,204,Sticker | Cloud9 | Boston 2018
Jul 19 2018 01: +0,0.328,233,Sticker | Cloud9 | Boston 2018
Jul 20 2018 01: +0,0.329,283,Sticker | Cloud9 | Boston 2018
Jul 21 2018 01: +0,0.328,226,Sticker | Cloud9 | Boston 2018
Jul 22 2018 01: +0,0.333,274,Sticker | Cloud9 | Boston 2018
Jul 23 2018 01: +0,0.342,239,Sticker | Cloud9 | Boston 2018
Jul 24 2018 01: +0,0.345,262,Sticker | Cloud9 | Boston 2018
Jul 25 2018 01: +0,0.339,268,Sticker | Cloud9 | Boston 2018
Jul 26 2018 01: +0,0.339,230,Sticker | Cloud9 | Boston 2018
Jul 27 2018 01: +0,0.356,199,Sticker | Cloud9 | Boston 2018
Jul 28 2018 01: +0,0.346,251,Sticker | Cloud9 | Boston 2018
Jul 29 2018 01: +0,0.345,276,Sticker | Cloud9 | Boston 2018
Jul 30 2018 01: +0,0.346,257,Sticker | Cloud9 | Boston 2018
Jul 31 2018 01: +0,0.336,363,Sticker | Cloud9 | Boston 2018
Aug 01 2018 01: +0,0.322,379,Sticker | Cloud9 | Boston 2018
Aug 02 2018 01: +0,0.331,249,Sticker | Cloud9 | Boston 2018
Aug 03 2018 01: +0,0.327,280,Sticker | Cloud9 | Boston 2018
Aug 04 2018 01: +0,0.331,332,Sticker | Cloud9 | Boston 2018
Aug 05 2018 01: +0,0.334,397,Sticker | Cloud9 | Boston 2018
Aug 06 2018 01: +0,0.34,392,Sticker | Cloud9 | Boston 2018
Aug 07 2018 01: +0,0.334,271,Sticker | Cloud9 | Boston 2018
Aug 08 2018 01: +0,0.334,268,Sticker | Cloud9 | Boston 2018
Aug 09 2018 01: +0,0.33,372,Sticker | Cloud9 | Boston 2018
Aug 10 2018 01: +0,0.323,357,Sticker | Cloud9 | Boston 2018
Aug 11 2018 01: +0,0.328,269,Sticker | Cloud9 | Boston 2018
Aug 12 2018 01: +0,0.325,268,Sticker | Cloud9 | Boston 2018
Aug 13 2018 01: +0,0.322,286,Sticker | Cloud9 | Boston 2018
Aug 14 2018 01: +0,0.318,361,Sticker | Cloud9 | Boston 2018
Aug 15 2018 01: +0,0.307,347,Sticker | Cloud9 | Boston 2018
Aug 16 2018 01: +0,0.308,343,Sticker | Cloud9 | Boston 2018
Aug 17 2018 01: +0,0.315,364,Sticker | Cloud9 | Boston 2018
Aug 18 2018 01: +0,0.322,295,Sticker | Cloud9 | Boston 2018
Aug 19 2018 01: +0,0.321,414,Sticker | Cloud9 | Boston 2018
Aug 20 2018 01: +0,0.319,264,Sticker | Cloud9 | Boston 2018
Aug 21 2018 01: +0,0.318,320,Sticker | Cloud9 | Boston 2018
Aug 22 2018 01: +0,0.317,380,Sticker | Cloud9 | Boston 2018
Aug 23 2018 01: +0,0.321,337,Sticker | Cloud9 | Boston 2018
Aug 24 2018 01: +0,0.318,299,Sticker | Cloud9 | Boston 2018
Aug 25 2018 01: +0,0.317,379,Sticker | Cloud9 | Boston 2018
Aug 26 2018 01: +0,0.317,341,Sticker | Cloud9 | Boston 2018
Aug 27 2018 01: +0,0.313,306,Sticker | Cloud9 | Boston 2018
Aug 28 2018 01: +0,0.319,308,Sticker | Cloud9 | Boston 2018
Aug 29 2018 01: +0,0.322,321,Sticker | Cloud9 | Boston 2018
Aug 30 2018 01: +0,0.305,347,Sticker | Cloud9 | Boston 2018
Aug 31 2018 01: +0,0.317,251,Sticker | Cloud9 | Boston 2018
Sep 01 2018 01: +0,0.318,279,Sticker | Cloud9 | Boston 2018
Sep 02 2018 01: +0,0.313,294,Sticker | Cloud9 | Boston 2018
Sep 03 2018 01: +0,0.319,244,Sticker | Cloud9 | Boston 2018
Sep 04 2018 01: +0,0.323,277,Sticker | Cloud9 | Boston 2018
Sep 05 2018 01: +0,0.324,200,Sticker | Cloud9 | Boston 2018
Sep 06 2018 01: +0,0.328,361,Sticker | Cloud9 | Boston 2018
Sep 07 2018 01: +0,0.325,279,Sticker | Cloud9 | Boston 2018
Sep 08 2018 01: +0,0.318,283,Sticker | Cloud9 | Boston 2018
Sep 09 2018 01: +0,0.32,296,Sticker | Cloud9 | Boston 2018
Sep 10 2018 01: +0,0.318,261,Sticker | Cloud9 | Boston 2018
Sep 11 2018 01: +0,0.319,318,Sticker | Cloud9 | Boston 2018
Sep 12 2018 01: +0,0.317,267,Sticker | Cloud9 | Boston 2018
Sep 13 2018 01: +0,0.328,198,Sticker | Cloud9 | Boston 2018
Sep 14 2018 01: +0,0.328,265,Sticker | Cloud9 | Boston 2018
Sep 15 2018 01: +0,0.33,293,Sticker | Cloud9 | Boston 2018
Sep 16 2018 01: +0,0.337,322,Sticker | Cloud9 | Boston 2018
Sep 17 2018 01: +0,0.333,169,Sticker | Cloud9 | Boston 2018
Sep 18 2018 01: +0,0.33,203,Sticker | Cloud9 | Boston 2018
Sep 19 2018 01: +0,0.323,138,Sticker | Cloud9 | Boston 2018
Sep 20 2018 01: +0,0.324,156,Sticker | Cloud9 | Boston 2018
Sep 21 2018 01: +0,0.337,220,Sticker | Cloud9 | Boston 2018
Sep 22 2018 01: +0,0.329,256,Sticker | Cloud9 | Boston 2018
Sep 23 2018 01: +0,0.295,310,Sticker | Cloud9 | Boston 2018
Sep 24 2018 01: +0,0.299,216,Sticker | Cloud9 | Boston 2018
Sep 25 2018 01: +0,0.316,274,Sticker | Cloud9 | Boston 2018
Sep 26 2018 01: +0,0.325,155,Sticker | Cloud9 | Boston 2018
Sep 27 2018 01: +0,0.324,160,Sticker | Cloud9 | Boston 2018
Sep 28 2018 01: +0,0.328,172,Sticker | Cloud9 | Boston 2018
Sep 29 2018 01: +0,0.336,174,Sticker | Cloud9 | Boston 2018
Sep 30 2018 01: +0,0.346,173,Sticker | Cloud9 | Boston 2018
Oct 01 2018 01: +0,0.331,160,Sticker | Cloud9 | Boston 2018
Oct 02 2018 01: +0,0.321,113,Sticker | Cloud9 | Boston 2018
Oct 03 2018 01: +0,0.341,126,Sticker | Cloud9 | Boston 2018
Oct 04 2018 01: +0,0.346,146,Sticker | Cloud9 | Boston 2018
Oct 05 2018 01: +0,0.354,179,Sticker | Cloud9 | Boston 2018
Oct 06 2018 01: +0,0.352,170,Sticker | Cloud9 | Boston 2018
Oct 07 2018 01: +0,0.359,159,Sticker | Cloud9 | Boston 2018
Oct 08 2018 01: +0,0.357,115,Sticker | Cloud9 | Boston 2018
Oct 09 2018 01: +0,0.361,118,Sticker | Cloud9 | Boston 2018
Oct 10 2018 01: +0,0.359,125,Sticker | Cloud9 | Boston 2018
Oct 11 2018 01: +0,0.363,112,Sticker | Cloud9 | Boston 2018
Oct 12 2018 01: +0,0.359,133,Sticker | Cloud9 | Boston 2018
Oct 13 2018 01: +0,0.36,216,Sticker | Cloud9 | Boston 2018
Oct 14 2018 01: +0,0.361,204,Sticker | Cloud9 | Boston 2018
Oct 15 2018 01: +0,0.36,110,Sticker | Cloud9 | Boston 2018
Oct 16 2018 01: +0,0.369,164,Sticker | Cloud9 | Boston 2018
Oct 17 2018 01: +0,0.375,130,Sticker | Cloud9 | Boston 2018
Oct 18 2018 01: +0,0.401,171,Sticker | Cloud9 | Boston 2018
Oct 19 2018 01: +0,0.413,102,Sticker | Cloud9 | Boston 2018
Oct 20 2018 01: +0,0.414,184,Sticker | Cloud9 | Boston 2018
Oct 21 2018 01: +0,0.408,124,Sticker | Cloud9 | Boston 2018
Oct 22 2018 01: +0,0.417,117,Sticker | Cloud9 | Boston 2018
Oct 23 2018 01: +0,0.398,89,Sticker | Cloud9 | Boston 2018
Oct 24 2018 01: +0,0.418,105,Sticker | Cloud9 | Boston 2018
Oct 25 2018 01: +0,0.414,93,Sticker | Cloud9 | Boston 2018
Oct 26 2018 01: +0,0.43,83,Sticker | Cloud9 | Boston 2018
Oct 27 2018 01: +0,0.424,133,Sticker | Cloud9 | Boston 2018
Oct 28 2018 01: +0,0.418,93,Sticker | Cloud9 | Boston 2018
Oct 29 2018 01: +0,0.42,110,Sticker | Cloud9 | Boston 2018
Oct 30 2018 01: +0,0.418,85,Sticker | Cloud9 | Boston 2018
Oct 31 2018 01: +0,0.403,91,Sticker | Cloud9 | Boston 2018
Nov 01 2018 01: +0,0.419,78,Sticker | Cloud9 | Boston 2018
Nov 02 2018 01: +0,0.433,156,Sticker | Cloud9 | Boston 2018
Nov 03 2018 01: +0,0.445,110,Sticker | Cloud9 | Boston 2018
Nov 04 2018 01: +0,0.473,114,Sticker | Cloud9 | Boston 2018
Nov 05 2018 01: +0,0.472,54,Sticker | Cloud9 | Boston 2018
Nov 06 2018 01: +0,0.471,79,Sticker | Cloud9 | Boston 2018
Nov 07 2018 01: +0,0.492,70,Sticker | Cloud9 | Boston 2018
Nov 08 2018 01: +0,0.477,69,Sticker | Cloud9 | Boston 2018
Nov 09 2018 01: +0,0.494,66,Sticker | Cloud9 | Boston 2018
Nov 10 2018 01: +0,0.493,78,Sticker | Cloud9 | Boston 2018
Nov 11 2018 01: +0,0.493,74,Sticker | Cloud9 | Boston 2018
Nov 12 2018 01: +0,0.482,102,Sticker | Cloud9 | Boston 2018
Nov 13 2018 01: +0,0.478,63,Sticker | Cloud9 | Boston 2018
Nov 14 2018 01: +0,0.475,83,Sticker | Cloud9 | Boston 2018
Nov 15 2018 01: +0,0.49,122,Sticker | Cloud9 | Boston 2018
Nov 16 2018 01: +0,0.482,83,Sticker | Cloud9 | Boston 2018
Nov 17 2018 01: +0,0.485,102,Sticker | Cloud9 | Boston 2018
Nov 18 2018 01: +0,0.471,90,Sticker | Cloud9 | Boston 2018
Nov 19 2018 01: +0,0.483,82,Sticker | Cloud9 | Boston 2018
Nov 20 2018 01: +0,0.454,62,Sticker | Cloud9 | Boston 2018
Nov 21 2018 01: +0,0.465,81,Sticker | Cloud9 | Boston 2018
Nov 22 2018 01: +0,0.445,78,Sticker | Cloud9 | Boston 2018
Nov 23 2018 01: +0,0.461,90,Sticker | Cloud9 | Boston 2018
Nov 24 2018 01: +0,0.428,95,Sticker | Cloud9 | Boston 2018
Nov 25 2018 01: +0,0.452,95,Sticker | Cloud9 | Boston 2018
Nov 26 2018 01: +0,0.447,68,Sticker | Cloud9 | Boston 2018
Nov 27 2018 01: +0,0.44,60,Sticker | Cloud9 | Boston 2018
Nov 28 2018 01: +0,0.424,55,Sticker | Cloud9 | Boston 2018
Nov 29 2018 01: +0,0.452,62,Sticker | Cloud9 | Boston 2018
Nov 30 2018 01: +0,0.454,95,Sticker | Cloud9 | Boston 2018
Dec 01 2018 01: +0,0.457,102,Sticker | Cloud9 | Boston 2018
Dec 02 2018 01: +0,0.47,71,Sticker | Cloud9 | Boston 2018
Dec 03 2018 01: +0,0.489,76,Sticker | Cloud9 | Boston 2018
Dec 04 2018 01: +0,0.487,71,Sticker | Cloud9 | Boston 2018
Dec 05 2018 01: +0,0.487,86,Sticker | Cloud9 | Boston 2018
Dec 06 2018 01: +0,0.491,67,Sticker | Cloud9 | Boston 2018
Dec 07 2018 01: +0,0.464,89,Sticker | Cloud9 | Boston 2018
Dec 08 2018 01: +0,0.457,89,Sticker | Cloud9 | Boston 2018
Dec 09 2018 01: +0,0.479,126,Sticker | Cloud9 | Boston 2018
Dec 10 2018 01: +0,0.488,101,Sticker | Cloud9 | Boston 2018
Dec 11 2018 01: +0,0.478,110,Sticker | Cloud9 | Boston 2018
Dec 12 2018 01: +0,0.49,93,Sticker | Cloud9 | Boston 2018
Dec 13 2018 01: +0,0.476,77,Sticker | Cloud9 | Boston 2018
Dec 14 2018 01: +0,0.487,122,Sticker | Cloud9 | Boston 2018
Dec 15 2018 01: +0,0.489,197,Sticker | Cloud9 | Boston 2018
Dec 16 2018 01: +0,0.477,91,Sticker | Cloud9 | Boston 2018
Dec 17 2018 01: +0,0.475,101,Sticker | Cloud9 | Boston 2018
Dec 18 2018 01: +0,0.483,104,Sticker | Cloud9 | Boston 2018
Dec 19 2018 01: +0,0.475,104,Sticker | Cloud9 | Boston 2018
Dec 20 2018 01: +0,0.472,112,Sticker | Cloud9 | Boston 2018
Dec 21 2018 01: +0,0.463,105,Sticker | Cloud9 | Boston 2018
Dec 22 2018 01: +0,0.446,156,Sticker | Cloud9 | Boston 2018
Dec 23 2018 01: +0,0.451,113,Sticker | Cloud9 | Boston 2018
Dec 24 2018 01: +0,0.457,121,Sticker | Cloud9 | Boston 2018
Dec 25 2018 01: +0,0.466,196,Sticker | Cloud9 | Boston 2018
Dec 26 2018 01: +0,0.469,150,Sticker | Cloud9 | Boston 2018
Dec 27 2018 01: +0,0.473,186,Sticker | Cloud9 | Boston 2018
Dec 28 2018 01: +0,0.473,139,Sticker | Cloud9 | Boston 2018
Dec 29 2018 01: +0,0.481,150,Sticker | Cloud9 | Boston 2018
Dec 30 2018 01: +0,0.478,191,Sticker | Cloud9 | Boston 2018
Dec 31 2018 01: +0,0.476,173,Sticker | Cloud9 | Boston 2018
Jan 01 2019 01: +0,0.47,144,Sticker | Cloud9 | Boston 2018
Jan 02 2019 01: +0,0.471,139,Sticker | Cloud9 | Boston 2018
Jan 03 2019 01: +0,0.479,199,Sticker | Cloud9 | Boston 2018
Jan 04 2019 01: +0,0.479,148,Sticker | Cloud9 | Boston 2018
Jan 05 2019 01: +0,0.494,290,Sticker | Cloud9 | Boston 2018
Jan 06 2019 01: +0,0.495,148,Sticker | Cloud9 | Boston 2018
Jan 07 2019 01: +0,0.49,155,Sticker | Cloud9 | Boston 2018
Jan 08 2019 01: +0,0.501,135,Sticker | Cloud9 | Boston 2018
Jan 09 2019 01: +0,0.5,113,Sticker | Cloud9 | Boston 2018
Jan 10 2019 01: +0,0.503,136,Sticker | Cloud9 | Boston 2018
Jan 11 2019 01: +0,0.524,129,Sticker | Cloud9 | Boston 2018
Jan 12 2019 01: +0,0.549,114,Sticker | Cloud9 | Boston 2018
Jan 13 2019 01: +0,0.559,141,Sticker | Cloud9 | Boston 2018
Jan 14 2019 01: +0,0.591,87,Sticker | Cloud9 | Boston 2018
Jan 15 2019 01: +0,0.617,91,Sticker | Cloud9 | Boston 2018
Jan 16 2019 01: +0,0.606,106,Sticker | Cloud9 | Boston 2018
Jan 17 2019 01: +0,0.595,83,Sticker | Cloud9 | Boston 2018
Jan 18 2019 01: +0,0.593,70,Sticker | Cloud9 | Boston 2018
Jan 19 2019 01: +0,0.601,128,Sticker | Cloud9 | Boston 2018
Jan 20 2019 01: +0,0.606,91,Sticker | Cloud9 | Boston 2018
Jan 21 2019 01: +0,0.607,88,Sticker | Cloud9 | Boston 2018
Jan 22 2019 01: +0,0.62,111,Sticker | Cloud9 | Boston 2018
Jan 23 2019 01: +0,0.594,100,Sticker | Cloud9 | Boston 2018
Jan 24 2019 01: +0,0.593,98,Sticker | Cloud9 | Boston 2018
Jan 25 2019 01: +0,0.625,99,Sticker | Cloud9 | Boston 2018
Jan 26 2019 01: +0,0.614,186,Sticker | Cloud9 | Boston 2018
Jan 27 2019 01: +0,0.627,117,Sticker | Cloud9 | Boston 2018
Jan 28 2019 01: +0,0.62,94,Sticker | Cloud9 | Boston 2018
Jan 29 2019 01: +0,0.604,63,Sticker | Cloud9 | Boston 2018
Jan 30 2019 01: +0,0.621,104,Sticker | Cloud9 | Boston 2018
Jan 31 2019 01: +0,0.629,101,Sticker | Cloud9 | Boston 2018
Feb 01 2019 01: +0,0.641,93,Sticker | Cloud9 | Boston 2018
Feb 02 2019 01: +0,0.637,158,Sticker | Cloud9 | Boston 2018
Feb 03 2019 01: +0,0.63,78,Sticker | Cloud9 | Boston 2018
Feb 04 2019 01: +0,0.644,81,Sticker | Cloud9 | Boston 2018
Feb 05 2019 01: +0,0.642,95,Sticker | Cloud9 | Boston 2018
Feb 06 2019 01: +0,0.632,78,Sticker | Cloud9 | Boston 2018
Feb 07 2019 01: +0,0.548,118,Sticker | Cloud9 | Boston 2018
Feb 08 2019 01: +0,0.559,128,Sticker | Cloud9 | Boston 2018
Feb 09 2019 01: +0,0.579,93,Sticker | Cloud9 | Boston 2018
Feb 10 2019 01: +0,0.556,232,Sticker | Cloud9 | Boston 2018
Feb 11 2019 01: +0,0.549,113,Sticker | Cloud9 | Boston 2018
Feb 12 2019 01: +0,0.567,83,Sticker | Cloud9 | Boston 2018
Feb 13 2019 01: +0,0.557,70,Sticker | Cloud9 | Boston 2018
Feb 14 2019 01: +0,0.567,61,Sticker | Cloud9 | Boston 2018
Feb 15 2019 01: +0,0.599,68,Sticker | Cloud9 | Boston 2018
Feb 16 2019 01: +0,0.592,79,Sticker | Cloud9 | Boston 2018
Feb 17 2019 01: +0,0.605,90,Sticker | Cloud9 | Boston 2018
Feb 18 2019 01: +0,0.586,61,Sticker | Cloud9 | Boston 2018
Feb 19 2019 01: +0,0.571,55,Sticker | Cloud9 | Boston 2018
Feb 20 2019 01: +0,0.545,103,Sticker | Cloud9 | Boston 2018
Feb 21 2019 01: +0,0.57,62,Sticker | Cloud9 | Boston 2018
Feb 22 2019 01: +0,0.578,122,Sticker | Cloud9 | Boston 2018
Feb 23 2019 01: +0,0.593,93,Sticker | Cloud9 | Boston 2018
Feb 24 2019 01: +0,0.603,87,Sticker | Cloud9 | Boston 2018
Feb 25 2019 01: +0,0.598,70,Sticker | Cloud9 | Boston 2018
Feb 26 2019 01: +0,0.601,63,Sticker | Cloud9 | Boston 2018
Feb 27 2019 01: +0,0.605,60,Sticker | Cloud9 | Boston 2018
Feb 28 2019 01: +0,0.592,115,Sticker | Cloud9 | Boston 2018
Mar 01 2019 01: +0,0.598,86,Sticker | Cloud9 | Boston 2018
Mar 02 2019 01: +0,0.557,171,Sticker | Cloud9 | Boston 2018
Mar 03 2019 01: +0,0.47,352,Sticker | Cloud9 | Boston 2018
Mar 04 2019 01: +0,0.435,127,Sticker | Cloud9 | Boston 2018
Mar 05 2019 01: +0,0.454,74,Sticker | Cloud9 | Boston 2018
Mar 06 2019 01: +0,0.478,67,Sticker | Cloud9 | Boston 2018
Mar 07 2019 01: +0,0.484,64,Sticker | Cloud9 | Boston 2018
Mar 08 2019 01: +0,0.499,50,Sticker | Cloud9 | Boston 2018
Mar 09 2019 01: +0,0.502,71,Sticker | Cloud9 | Boston 2018
Mar 10 2019 01: +0,0.507,90,Sticker | Cloud9 | Boston 2018
Mar 11 2019 01: +0,0.506,60,Sticker | Cloud9 | Boston 2018
Mar 12 2019 01: +0,0.526,57,Sticker | Cloud9 | Boston 2018
Mar 13 2019 01: +0,0.51,44,Sticker | Cloud9 | Boston 2018
Mar 14 2019 01: +0,0.496,100,Sticker | Cloud9 | Boston 2018
Mar 15 2019 01: +0,0.527,88,Sticker | Cloud9 | Boston 2018
Mar 16 2019 01: +0,0.523,94,Sticker | Cloud9 | Boston 2018
Mar 17 2019 01: +0,0.535,99,Sticker | Cloud9 | Boston 2018
Mar 18 2019 01: +0,0.511,80,Sticker | Cloud9 | Boston 2018
Mar 19 2019 01: +0,0.511,67,Sticker | Cloud9 | Boston 2018
Mar 20 2019 01: +0,0.509,91,Sticker | Cloud9 | Boston 2018
Mar 21 2019 01: +0,0.532,76,Sticker | Cloud9 | Boston 2018
Mar 22 2019 01: +0,0.537,69,Sticker | Cloud9 | Boston 2018
Mar 23 2019 01: +0,0.552,94,Sticker | Cloud9 | Boston 2018
Mar 24 2019 01: +0,0.535,70,Sticker | Cloud9 | Boston 2018
Mar 25 2019 01: +0,0.524,44,Sticker | Cloud9 | Boston 2018
Mar 26 2019 01: +0,0.523,55,Sticker | Cloud9 | Boston 2018
Mar 27 2019 01: +0,0.518,50,Sticker | Cloud9 | Boston 2018
Mar 28 2019 01: +0,0.539,60,Sticker | Cloud9 | Boston 2018
Mar 29 2019 01: +0,0.535,86,Sticker | Cloud9 | Boston 2018
Mar 30 2019 01: +0,0.53,78,Sticker | Cloud9 | Boston 2018
Mar 31 2019 01: +0,0.528,54,Sticker | Cloud9 | Boston 2018
Apr 01 2019 01: +0,0.54,64,Sticker | Cloud9 | Boston 2018
Apr 02 2019 01: +0,0.501,62,Sticker | Cloud9 | Boston 2018
Apr 03 2019 01: +0,0.497,55,Sticker | Cloud9 | Boston 2018
Apr 04 2019 01: +0,0.53,64,Sticker | Cloud9 | Boston 2018
Apr 05 2019 01: +0,0.561,68,Sticker | Cloud9 | Boston 2018
Apr 06 2019 01: +0,0.568,82,Sticker | Cloud9 | Boston 2018
Apr 07 2019 01: +0,0.557,77,Sticker | Cloud9 | Boston 2018
Apr 08 2019 01: +0,0.564,73,Sticker | Cloud9 | Boston 2018
Apr 09 2019 01: +0,0.564,67,Sticker | Cloud9 | Boston 2018
Apr 10 2019 01: +0,0.58,84,Sticker | Cloud9 | Boston 2018
Apr 11 2019 01: +0,0.58,56,Sticker | Cloud9 | Boston 2018
Apr 12 2019 01: +0,0.575,57,Sticker | Cloud9 | Boston 2018
Apr 13 2019 01: +0,0.574,63,Sticker | Cloud9 | Boston 2018
Apr 14 2019 01: +0,0.566,70,Sticker | Cloud9 | Boston 2018
Apr 15 2019 01: +0,0.574,49,Sticker | Cloud9 | Boston 2018
Apr 16 2019 01: +0,0.571,73,Sticker | Cloud9 | Boston 2018
Apr 17 2019 01: +0,0.576,111,Sticker | Cloud9 | Boston 2018
Apr 18 2019 01: +0,0.576,92,Sticker | Cloud9 | Boston 2018
Apr 19 2019 01: +0,0.588,54,Sticker | Cloud9 | Boston 2018
Apr 20 2019 01: +0,0.59,89,Sticker | Cloud9 | Boston 2018
Apr 21 2019 01: +0,0.608,63,Sticker | Cloud9 | Boston 2018
Apr 22 2019 01: +0,0.608,59,Sticker | Cloud9 | Boston 2018
Apr 23 2019 01: +0,0.594,57,Sticker | Cloud9 | Boston 2018
Apr 24 2019 01: +0,0.588,69,Sticker | Cloud9 | Boston 2018
Apr 25 2019 01: +0,0.594,41,Sticker | Cloud9 | Boston 2018
Apr 26 2019 01: +0,0.597,37,Sticker | Cloud9 | Boston 2018
Apr 27 2019 01: +0,0.597,86,Sticker | Cloud9 | Boston 2018
Apr 28 2019 01: +0,0.594,53,Sticker | Cloud9 | Boston 2018
Apr 29 2019 01: +0,0.572,46,Sticker | Cloud9 | Boston 2018
Apr 30 2019 01: +0,0.555,60,Sticker | Cloud9 | Boston 2018
May 01 2019 01: +0,0.611,66,Sticker | Cloud9 | Boston 2018
May 02 2019 01: +0,0.623,97,Sticker | Cloud9 | Boston 2018
May 03 2019 01: +0,0.621,55,Sticker | Cloud9 | Boston 2018
May 04 2019 01: +0,0.635,63,Sticker | Cloud9 | Boston 2018
May 05 2019 01: +0,0.622,75,Sticker | Cloud9 | Boston 2018
May 06 2019 01: +0,0.631,89,Sticker | Cloud9 | Boston 2018
May 07 2019 01: +0,0.626,89,Sticker | Cloud9 | Boston 2018
May 08 2019 01: +0,0.616,66,Sticker | Cloud9 | Boston 2018
May 09 2019 01: +0,0.641,78,Sticker | Cloud9 | Boston 2018
May 10 2019 01: +0,0.644,49,Sticker | Cloud9 | Boston 2018
May 11 2019 01: +0,0.646,52,Sticker | Cloud9 | Boston 2018
May 12 2019 01: +0,0.663,108,Sticker | Cloud9 | Boston 2018
May 13 2019 01: +0,0.69,31,Sticker | Cloud9 | Boston 2018
May 14 2019 01: +0,0.703,55,Sticker | Cloud9 | Boston 2018
May 15 2019 01: +0,0.712,42,Sticker | Cloud9 | Boston 2018
May 16 2019 01: +0,0.74,43,Sticker | Cloud9 | Boston 2018
May 17 2019 01: +0,0.748,42,Sticker | Cloud9 | Boston 2018
May 18 2019 01: +0,0.739,52,Sticker | Cloud9 | Boston 2018
May 19 2019 01: +0,0.722,59,Sticker | Cloud9 | Boston 2018
May 20 2019 01: +0,0.734,109,Sticker | Cloud9 | Boston 2018
May 21 2019 01: +0,0.756,44,Sticker | Cloud9 | Boston 2018
May 22 2019 01: +0,0.735,37,Sticker | Cloud9 | Boston 2018
May 23 2019 01: +0,0.745,41,Sticker | Cloud9 | Boston 2018
May 24 2019 01: +0,0.73,43,Sticker | Cloud9 | Boston 2018
May 25 2019 01: +0,0.742,70,Sticker | Cloud9 | Boston 2018
May 26 2019 01: +0,0.72,45,Sticker | Cloud9 | Boston 2018
May 27 2019 01: +0,0.716,47,Sticker | Cloud9 | Boston 2018
May 28 2019 01: +0,0.72,59,Sticker | Cloud9 | Boston 2018
May 29 2019 01: +0,0.71,56,Sticker | Cloud9 | Boston 2018
May 30 2019 01: +0,0.744,47,Sticker | Cloud9 | Boston 2018
May 31 2019 01: +0,0.762,66,Sticker | Cloud9 | Boston 2018
Jun 01 2019 01: +0,0.766,89,Sticker | Cloud9 | Boston 2018
Jun 02 2019 01: +0,0.775,64,Sticker | Cloud9 | Boston 2018
Jun 03 2019 01: +0,0.847,60,Sticker | Cloud9 | Boston 2018
Jun 04 2019 01: +0,0.821,41,Sticker | Cloud9 | Boston 2018
Jun 05 2019 01: +0,0.852,38,Sticker | Cloud9 | Boston 2018
Jun 06 2019 01: +0,0.839,23,Sticker | Cloud9 | Boston 2018
Jun 07 2019 01: +0,0.85,69,Sticker | Cloud9 | Boston 2018
Jun 08 2019 01: +0,0.807,47,Sticker | Cloud9 | Boston 2018
Jun 09 2019 01: +0,0.794,33,Sticker | Cloud9 | Boston 2018
Jun 10 2019 01: +0,0.784,58,Sticker | Cloud9 | Boston 2018
Jun 11 2019 01: +0,0.792,22,Sticker | Cloud9 | Boston 2018
Jun 12 2019 01: +0,0.727,44,Sticker | Cloud9 | Boston 2018
Jun 13 2019 01: +0,0.783,34,Sticker | Cloud9 | Boston 2018
Jun 14 2019 01: +0,0.803,46,Sticker | Cloud9 | Boston 2018
Jun 15 2019 01: +0,0.766,41,Sticker | Cloud9 | Boston 2018
Jun 16 2019 01: +0,0.772,36,Sticker | Cloud9 | Boston 2018
Jun 17 2019 01: +0,0.741,35,Sticker | Cloud9 | Boston 2018
Jun 18 2019 01: +0,0.757,38,Sticker | Cloud9 | Boston 2018
Jun 19 2019 01: +0,0.783,73,Sticker | Cloud9 | Boston 2018
Jun 20 2019 01: +0,0.812,53,Sticker | Cloud9 | Boston 2018
Jun 21 2019 01: +0,0.797,58,Sticker | Cloud9 | Boston 2018
Jun 22 2019 01: +0,0.81,53,Sticker | Cloud9 | Boston 2018
Jun 23 2019 01: +0,0.865,156,Sticker | Cloud9 | Boston 2018
Jun 24 2019 01: +0,0.88,50,Sticker | Cloud9 | Boston 2018
Jun 25 2019 01: +0,0.901,119,Sticker | Cloud9 | Boston 2018
Jun 26 2019 01: +0,0.872,111,Sticker | Cloud9 | Boston 2018
Jun 27 2019 01: +0,0.849,43,Sticker | Cloud9 | Boston 2018
Jun 28 2019 01: +0,0.843,45,Sticker | Cloud9 | Boston 2018
Jun 29 2019 01: +0,0.859,68,Sticker | Cloud9 | Boston 2018
Jun 30 2019 01: +0,0.808,38,Sticker | Cloud9 | Boston 2018
Jul 01 2019 01: +0,0.819,54,Sticker | Cloud9 | Boston 2018
Jul 02 2019 01: +0,0.805,78,Sticker | Cloud9 | Boston 2018
Jul 03 2019 01: +0,0.797,38,Sticker | Cloud9 | Boston 2018
Jul 04 2019 01: +0,0.768,46,Sticker | Cloud9 | Boston 2018
Jul 05 2019 01: +0,0.772,37,Sticker | Cloud9 | Boston 2018
Jul 06 2019 01: +0,0.783,59,Sticker | Cloud9 | Boston 2018
Jul 07 2019 01: +0,0.822,51,Sticker | Cloud9 | Boston 2018
Jul 08 2019 01: +0,0.811,39,Sticker | Cloud9 | Boston 2018
Jul 09 2019 01: +0,0.793,54,Sticker | Cloud9 | Boston 2018
Jul 10 2019 01: +0,0.832,34,Sticker | Cloud9 | Boston 2018
Jul 11 2019 01: +0,0.874,43,Sticker | Cloud9 | Boston 2018
Jul 12 2019 01: +0,0.91,42,Sticker | Cloud9 | Boston 2018
Jul 13 2019 01: +0,0.912,65,Sticker | Cloud9 | Boston 2018
Jul 14 2019 01: +0,0.91,50,Sticker | Cloud9 | Boston 2018
Jul 15 2019 01: +0,0.928,44,Sticker | Cloud9 | Boston 2018
Jul 16 2019 01: +0,0.92,82,Sticker | Cloud9 | Boston 2018
Jul 17 2019 01: +0,0.983,35,Sticker | Cloud9 | Boston 2018
Jul 18 2019 01: +0,0.947,41,Sticker | Cloud9 | Boston 2018
Jul 19 2019 01: +0,0.979,63,Sticker | Cloud9 | Boston 2018
Jul 20 2019 01: +0,1.015,49,Sticker | Cloud9 | Boston 2018
Jul 21 2019 01: +0,0.994,40,Sticker | Cloud9 | Boston 2018
Jul 22 2019 01: +0,1.042,61,Sticker | Cloud9 | Boston 2018
Jul 23 2019 01: +0,1.044,25,Sticker | Cloud9 | Boston 2018
Jul 24 2019 01: +0,1.004,40,Sticker | Cloud9 | Boston 2018
Jul 25 2019 01: +0,1.053,49,Sticker | Cloud9 | Boston 2018
Jul 26 2019 01: +0,1.079,30,Sticker | Cloud9 | Boston 2018
Jul 27 2019 01: +0,1.062,52,Sticker | Cloud9 | Boston 2018
Jul 28 2019 01: +0,1.052,52,Sticker | Cloud9 | Boston 2018
Jul 29 2019 01: +0,0.933,49,Sticker | Cloud9 | Boston 2018
Jul 30 2019 01: +0,0.985,47,Sticker | Cloud9 | Boston 2018
Jul 31 2019 01: +0,1.019,35,Sticker | Cloud9 | Boston 2018
Aug 01 2019 01: +0,0.985,28,Sticker | Cloud9 | Boston 2018
Aug 02 2019 01: +0,0.986,53,Sticker | Cloud9 | Boston 2018
Aug 03 2019 01: +0,1.027,93,Sticker | Cloud9 | Boston 2018
Aug 04 2019 01: +0,1.072,77,Sticker | Cloud9 | Boston 2018
Aug 05 2019 01: +0,1.105,161,Sticker | Cloud9 | Boston 2018
Aug 06 2019 01: +0,1.167,78,Sticker | Cloud9 | Boston 2018
Aug 07 2019 01: +0,1.09,42,Sticker | Cloud9 | Boston 2018
Aug 08 2019 01: +0,1.158,38,Sticker | Cloud9 | Boston 2018
Aug 09 2019 01: +0,1.238,94,Sticker | Cloud9 | Boston 2018
Aug 10 2019 01: +0,1.364,45,Sticker | Cloud9 | Boston 2018
Aug 11 2019 01: +0,1.347,69,Sticker | Cloud9 | Boston 2018
Aug 12 2019 01: +0,1.296,25,Sticker | Cloud9 | Boston 2018
Aug 13 2019 01: +0,1.231,58,Sticker | Cloud9 | Boston 2018
Aug 14 2019 01: +0,1.17,80,Sticker | Cloud9 | Boston 2018
Aug 15 2019 01: +0,1.171,60,Sticker | Cloud9 | Boston 2018
Aug 16 2019 01: +0,1.183,98,Sticker | Cloud9 | Boston 2018
Aug 17 2019 01: +0,1.149,49,Sticker | Cloud9 | Boston 2018
Aug 18 2019 01: +0,1.111,57,Sticker | Cloud9 | Boston 2018
Aug 19 2019 01: +0,1.09,46,Sticker | Cloud9 | Boston 2018
Aug 20 2019 01: +0,1.053,43,Sticker | Cloud9 | Boston 2018
Aug 21 2019 01: +0,1.066,40,Sticker | Cloud9 | Boston 2018
Aug 22 2019 01: +0,1.066,44,Sticker | Cloud9 | Boston 2018
Aug 23 2019 01: +0,1.1,41,Sticker | Cloud9 | Boston 2018
Aug 24 2019 01: +0,1.098,32,Sticker | Cloud9 | Boston 2018
Aug 25 2019 01: +0,1.11,40,Sticker | Cloud9 | Boston 2018
Aug 26 2019 01: +0,1.134,34,Sticker | Cloud9 | Boston 2018
Aug 27 2019 01: +0,1.142,36,Sticker | Cloud9 | Boston 2018
Aug 28 2019 01: +0,1.098,27,Sticker | Cloud9 | Boston 2018
Aug 29 2019 01: +0,1.089,28,Sticker | Cloud9 | Boston 2018
Aug 30 2019 01: +0,1.058,33,Sticker | Cloud9 | Boston 2018
Aug 31 2019 01: +0,1.114,54,Sticker | Cloud9 | Boston 2018
Sep 01 2019 01: +0,1.096,41,Sticker | Cloud9 | Boston 2018
Sep 02 2019 01: +0,1.152,30,Sticker | Cloud9 | Boston 2018
Sep 03 2019 01: +0,1.091,25,Sticker | Cloud9 | Boston 2018
Sep 04 2019 01: +0,1.107,44,Sticker | Cloud9 | Boston 2018
Sep 05 2019 01: +0,1.123,58,Sticker | Cloud9 | Boston 2018
Sep 06 2019 01: +0,1.139,41,Sticker | Cloud9 | Boston 2018
Sep 07 2019 01: +0,1.148,84,Sticker | Cloud9 | Boston 2018
Sep 08 2019 01: +0,1.031,95,Sticker | Cloud9 | Boston 2018
Sep 09 2019 01: +0,0.981,60,Sticker | Cloud9 | Boston 2018
Sep 10 2019 01: +0,1.009,32,Sticker | Cloud9 | Boston 2018
Sep 11 2019 01: +0,1.042,60,Sticker | Cloud9 | Boston 2018
Sep 12 2019 01: +0,1.037,39,Sticker | Cloud9 | Boston 2018
Sep 13 2019 01: +0,1.057,41,Sticker | Cloud9 | Boston 2018
Sep 14 2019 01: +0,1.118,44,Sticker | Cloud9 | Boston 2018
Sep 15 2019 01: +0,1.122,39,Sticker | Cloud9 | Boston 2018
Sep 16 2019 01: +0,1.149,102,Sticker | Cloud9 | Boston 2018
Sep 17 2019 01: +0,1.138,45,Sticker | Cloud9 | Boston 2018
Sep 18 2019 01: +0,1.122,29,Sticker | Cloud9 | Boston 2018
Sep 19 2019 01: +0,1.15,23,Sticker | Cloud9 | Boston 2018
Sep 20 2019 01: +0,1.167,34,Sticker | Cloud9 | Boston 2018
Sep 21 2019 01: +0,1.162,26,Sticker | Cloud9 | Boston 2018
Sep 22 2019 01: +0,1.152,33,Sticker | Cloud9 | Boston 2018
Sep 23 2019 01: +0,1.063,32,Sticker | Cloud9 | Boston 2018
Sep 24 2019 01: +0,1.114,14,Sticker | Cloud9 | Boston 2018
Sep 25 2019 01: +0,1.091,34,Sticker | Cloud9 | Boston 2018
Sep 26 2019 01: +0,1.063,25,Sticker | Cloud9 | Boston 2018
Sep 27 2019 01: +0,1.075,41,Sticker | Cloud9 | Boston 2018
Sep 28 2019 01: +0,1.136,30,Sticker | Cloud9 | Boston 2018
Sep 29 2019 01: +0,1.148,28,Sticker | Cloud9 | Boston 2018
Sep 30 2019 01: +0,1.185,48,Sticker | Cloud9 | Boston 2018
Oct 01 2019 01: +0,1.216,41,Sticker | Cloud9 | Boston 2018
Oct 02 2019 01: +0,1.212,14,Sticker | Cloud9 | Boston 2018
Oct 03 2019 01: +0,1.147,44,Sticker | Cloud9 | Boston 2018
Oct 04 2019 01: +0,1.211,31,Sticker | Cloud9 | Boston 2018
Oct 05 2019 01: +0,1.161,29,Sticker | Cloud9 | Boston 2018
Oct 06 2019 01: +0,1.155,42,Sticker | Cloud9 | Boston 2018
Oct 07 2019 01: +0,1.238,75,Sticker | Cloud9 | Boston 2018
Oct 08 2019 01: +0,1.242,49,Sticker | Cloud9 | Boston 2018
Oct 09 2019 01: +0,1.281,56,Sticker | Cloud9 | Boston 2018
Oct 10 2019 01: +0,1.269,20,Sticker | Cloud9 | Boston 2018
Oct 11 2019 01: +0,1.326,71,Sticker | Cloud9 | Boston 2018
Oct 12 2019 01: +0,1.376,53,Sticker | Cloud9 | Boston 2018
Oct 13 2019 01: +0,1.375,38,Sticker | Cloud9 | Boston 2018
Oct 14 2019 01: +0,1.402,45,Sticker | Cloud9 | Boston 2018
Oct 15 2019 01: +0,1.347,25,Sticker | Cloud9 | Boston 2018
Oct 16 2019 01: +0,1.358,24,Sticker | Cloud9 | Boston 2018
Oct 17 2019 01: +0,1.352,21,Sticker | Cloud9 | Boston 2018
Oct 18 2019 01: +0,1.324,39,Sticker | Cloud9 | Boston 2018
Oct 19 2019 01: +0,1.33,63,Sticker | Cloud9 | Boston 2018
Oct 20 2019 01: +0,1.367,45,Sticker | Cloud9 | Boston 2018
Oct 21 2019 01: +0,1.299,59,Sticker | Cloud9 | Boston 2018
Oct 22 2019 01: +0,1.21,40,Sticker | Cloud9 | Boston 2018
Oct 23 2019 01: +0,1.099,35,Sticker | Cloud9 | Boston 2018
Oct 24 2019 01: +0,1.239,31,Sticker | Cloud9 | Boston 2018
Oct 25 2019 01: +0,1.131,25,Sticker | Cloud9 | Boston 2018
Oct 26 2019 01: +0,1.179,38,Sticker | Cloud9 | Boston 2018
Oct 27 2019 01: +0,1.161,19,Sticker | Cloud9 | Boston 2018
Oct 28 2019 01: +0,1.198,24,Sticker | Cloud9 | Boston 2018
Oct 29 2019 01: +0,1.141,26,Sticker | Cloud9 | Boston 2018
Oct 30 2019 01: +0,1.109,49,Sticker | Cloud9 | Boston 2018
Oct 31 2019 01: +0,1.145,24,Sticker | Cloud9 | Boston 2018
Nov 01 2019 01: +0,1.145,34,Sticker | Cloud9 | Boston 2018
Nov 02 2019 01: +0,1.203,44,Sticker | Cloud9 | Boston 2018
Nov 03 2019 01: +0,1.253,59,Sticker | Cloud9 | Boston 2018
Nov 04 2019 01: +0,1.263,61,Sticker | Cloud9 | Boston 2018
Nov 05 2019 01: +0,1.373,74,Sticker | Cloud9 | Boston 2018
Nov 06 2019 01: +0,1.422,85,Sticker | Cloud9 | Boston 2018
Nov 07 2019 01: +0,1.434,35,Sticker | Cloud9 | Boston 2018
Nov 08 2019 01: +0,1.46,37,Sticker | Cloud9 | Boston 2018
Nov 09 2019 01: +0,1.357,23,Sticker | Cloud9 | Boston 2018
Nov 10 2019 01: +0,1.368,32,Sticker | Cloud9 | Boston 2018
Nov 11 2019 01: +0,1.356,43,Sticker | Cloud9 | Boston 2018
Nov 12 2019 01: +0,1.368,18,Sticker | Cloud9 | Boston 2018
Nov 13 2019 01: +0,1.291,29,Sticker | Cloud9 | Boston 2018
Nov 14 2019 01: +0,1.301,41,Sticker | Cloud9 | Boston 2018
Nov 15 2019 01: +0,1.285,25,Sticker | Cloud9 | Boston 2018
Nov 16 2019 01: +0,1.251,25,Sticker | Cloud9 | Boston 2018
Nov 17 2019 01: +0,1.24,32,Sticker | Cloud9 | Boston 2018
Nov 18 2019 01: +0,1.235,35,Sticker | Cloud9 | Boston 2018
Nov 19 2019 01: +0,1.112,198,Sticker | Cloud9 | Boston 2018
Nov 20 2019 01: +0,0.926,63,Sticker | Cloud9 | Boston 2018
Nov 21 2019 01: +0,0.987,40,Sticker | Cloud9 | Boston 2018
Nov 22 2019 01: +0,0.947,34,Sticker | Cloud9 | Boston 2018
Nov 23 2019 01: +0,0.957,44,Sticker | Cloud9 | Boston 2018
Nov 24 2019 01: +0,0.949,61,Sticker | Cloud9 | Boston 2018
Nov 25 2019 01: +0,1.007,35,Sticker | Cloud9 | Boston 2018
Nov 26 2019 01: +0,1.008,38,Sticker | Cloud9 | Boston 2018
Nov 27 2019 01: +0,0.909,65,Sticker | Cloud9 | Boston 2018
Nov 28 2019 01: +0,0.917,47,Sticker | Cloud9 | Boston 2018
Nov 29 2019 01: +0,1.034,40,Sticker | Cloud9 | Boston 2018
Nov 30 2019 01: +0,1.09,49,Sticker | Cloud9 | Boston 2018
Dec 01 2019 01: +0,1.053,52,Sticker | Cloud9 | Boston 2018
Dec 02 2019 01: +0,1.072,35,Sticker | Cloud9 | Boston 2018
Dec 03 2019 01: +0,1.021,46,Sticker | Cloud9 | Boston 2018
Dec 04 2019 01: +0,1.021,52,Sticker | Cloud9 | Boston 2018
Dec 05 2019 01: +0,0.987,27,Sticker | Cloud9 | Boston 2018
Dec 06 2019 01: +0,1.033,99,Sticker | Cloud9 | Boston 2018
Dec 07 2019 01: +0,1.125,54,Sticker | Cloud9 | Boston 2018
Dec 08 2019 01: +0,1.091,36,Sticker | Cloud9 | Boston 2018
Dec 09 2019 01: +0,1.12,31,Sticker | Cloud9 | Boston 2018
Dec 10 2019 01: +0,1.091,28,Sticker | Cloud9 | Boston 2018
Dec 11 2019 01: +0,1.124,20,Sticker | Cloud9 | Boston 2018
Dec 12 2019 01: +0,1.127,29,Sticker | Cloud9 | Boston 2018
Dec 13 2019 01: +0,1.089,32,Sticker | Cloud9 | Boston 2018
Dec 14 2019 01: +0,1.123,48,Sticker | Cloud9 | Boston 2018
Dec 15 2019 01: +0,1.128,40,Sticker | Cloud9 | Boston 2018
Dec 16 2019 01: +0,1.091,34,Sticker | Cloud9 | Boston 2018
Dec 17 2019 01: +0,1.157,20,Sticker | Cloud9 | Boston 2018
Dec 18 2019 01: +0,1.088,31,Sticker | Cloud9 | Boston 2018
Dec 19 2019 01: +0,1.144,32,Sticker | Cloud9 | Boston 2018
Dec 20 2019 01: +0,1.021,107,Sticker | Cloud9 | Boston 2018
Dec 21 2019 01: +0,1.066,57,Sticker | Cloud9 | Boston 2018
Dec 22 2019 01: +0,1.114,60,Sticker | Cloud9 | Boston 2018
Dec 23 2019 01: +0,1.089,43,Sticker | Cloud9 | Boston 2018
Dec 24 2019 01: +0,1.096,62,Sticker | Cloud9 | Boston 2018
Dec 25 2019 01: +0,1.201,163,Sticker | Cloud9 | Boston 2018
Dec 26 2019 01: +0,1.217,121,Sticker | Cloud9 | Boston 2018
Dec 27 2019 01: +0,1.195,110,Sticker | Cloud9 | Boston 2018
Dec 28 2019 01: +0,1.216,123,Sticker | Cloud9 | Boston 2018
Dec 29 2019 01: +0,1.289,74,Sticker | Cloud9 | Boston 2018
Dec 30 2019 01: +0,1.252,61,Sticker | Cloud9 | Boston 2018
Dec 31 2019 01: +0,1.29,48,Sticker | Cloud9 | Boston 2018
Jan 01 2020 01: +0,1.252,45,Sticker | Cloud9 | Boston 2018
Jan 02 2020 01: +0,1.177,44,Sticker | Cloud9 | Boston 2018
Jan 03 2020 01: +0,1.233,44,Sticker | Cloud9 | Boston 2018
Jan 04 2020 01: +0,1.254,49,Sticker | Cloud9 | Boston 2018
Jan 05 2020 01: +0,1.249,52,Sticker | Cloud9 | Boston 2018
Jan 06 2020 01: +0,1.258,61,Sticker | Cloud9 | Boston 2018
Jan 07 2020 01: +0,1.213,38,Sticker | Cloud9 | Boston 2018
Jan 08 2020 01: +0,1.296,33,Sticker | Cloud9 | Boston 2018
Jan 09 2020 01: +0,1.302,36,Sticker | Cloud9 | Boston 2018
Jan 10 2020 01: +0,1.288,38,Sticker | Cloud9 | Boston 2018
Jan 11 2020 01: +0,1.278,40,Sticker | Cloud9 | Boston 2018
Jan 12 2020 01: +0,1.274,44,Sticker | Cloud9 | Boston 2018
Jan 13 2020 01: +0,1.312,51,Sticker | Cloud9 | Boston 2018
Jan 14 2020 01: +0,1.301,28,Sticker | Cloud9 | Boston 2018
Jan 15 2020 01: +0,1.323,62,Sticker | Cloud9 | Boston 2018
Jan 16 2020 01: +0,1.322,17,Sticker | Cloud9 | Boston 2018
Jan 17 2020 01: +0,1.253,24,Sticker | Cloud9 | Boston 2018
Jan 18 2020 01: +0,1.333,55,Sticker | Cloud9 | Boston 2018
Jan 19 2020 01: +0,1.327,55,Sticker | Cloud9 | Boston 2018
Jan 20 2020 01: +0,1.292,42,Sticker | Cloud9 | Boston 2018
Jan 21 2020 01: +0,1.356,31,Sticker | Cloud9 | Boston 2018
Jan 22 2020 01: +0,1.338,32,Sticker | Cloud9 | Boston 2018
Jan 23 2020 01: +0,1.3,31,Sticker | Cloud9 | Boston 2018
Jan 24 2020 01: +0,1.288,40,Sticker | Cloud9 | Boston 2018
Jan 25 2020 01: +0,1.312,44,Sticker | Cloud9 | Boston 2018
Jan 26 2020 01: +0,1.322,51,Sticker | Cloud9 | Boston 2018
Jan 27 2020 01: +0,1.295,43,Sticker | Cloud9 | Boston 2018
Jan 28 2020 01: +0,1.261,20,Sticker | Cloud9 | Boston 2018
Jan 29 2020 01: +0,1.29,36,Sticker | Cloud9 | Boston 2018
Jan 30 2020 01: +0,1.322,39,Sticker | Cloud9 | Boston 2018
Jan 31 2020 01: +0,1.27,35,Sticker | Cloud9 | Boston 2018
Feb 01 2020 01: +0,1.321,58,Sticker | Cloud9 | Boston 2018
Feb 02 2020 01: +0,1.33,131,Sticker | Cloud9 | Boston 2018
Feb 03 2020 01: +0,1.365,40,Sticker | Cloud9 | Boston 2018
Feb 04 2020 01: +0,1.384,47,Sticker | Cloud9 | Boston 2018
Feb 05 2020 01: +0,1.437,60,Sticker | Cloud9 | Boston 2018
Feb 06 2020 01: +0,1.41,67,Sticker | Cloud9 | Boston 2018
Feb 07 2020 01: +0,1.417,76,Sticker | Cloud9 | Boston 2018
Feb 08 2020 01: +0,1.396,107,Sticker | Cloud9 | Boston 2018
Feb 09 2020 01: +0,1.323,88,Sticker | Cloud9 | Boston 2018
Feb 10 2020 01: +0,1.4,107,Sticker | Cloud9 | Boston 2018
Feb 11 2020 01: +0,1.414,41,Sticker | Cloud9 | Boston 2018
Feb 12 2020 01: +0,1.357,105,Sticker | Cloud9 | Boston 2018
Feb 13 2020 01: +0,1.405,106,Sticker | Cloud9 | Boston 2018
Feb 14 2020 01: +0,1.404,29,Sticker | Cloud9 | Boston 2018
Feb 15 2020 01: +0,1.42,49,Sticker | Cloud9 | Boston 2018
Feb 16 2020 01: +0,1.394,87,Sticker | Cloud9 | Boston 2018
Feb 17 2020 01: +0,1.37,50,Sticker | Cloud9 | Boston 2018
Feb 18 2020 01: +0,1.341,16,Sticker | Cloud9 | Boston 2018
Feb 19 2020 01: +0,1.311,18,Sticker | Cloud9 | Boston 2018
Feb 20 2020 01: +0,1.377,29,Sticker | Cloud9 | Boston 2018
Feb 21 2020 01: +0,1.322,41,Sticker | Cloud9 | Boston 2018
Feb 22 2020 01: +0,1.317,40,Sticker | Cloud9 | Boston 2018
Feb 23 2020 01: +0,1.346,20,Sticker | Cloud9 | Boston 2018
Feb 24 2020 01: +0,1.385,38,Sticker | Cloud9 | Boston 2018
Feb 25 2020 01: +0,1.29,32,Sticker | Cloud9 | Boston 2018
Feb 26 2020 01: +0,1.304,42,Sticker | Cloud9 | Boston 2018
Feb 27 2020 01: +0,1.33,38,Sticker | Cloud9 | Boston 2018
Feb 28 2020 01: +0,1.332,36,Sticker | Cloud9 | Boston 2018
Feb 29 2020 01: +0,1.354,178,Sticker | Cloud9 | Boston 2018
Mar 01 2020 01: +0,1.413,65,Sticker | Cloud9 | Boston 2018
Mar 02 2020 01: +0,1.36,27,Sticker | Cloud9 | Boston 2018
Mar 03 2020 01: +0,1.353,26,Sticker | Cloud9 | Boston 2018
Mar 04 2020 01: +0,1.359,22,Sticker | Cloud9 | Boston 2018
Mar 05 2020 01: +0,1.371,51,Sticker | Cloud9 | Boston 2018
Mar 06 2020 01: +0,1.402,38,Sticker | Cloud9 | Boston 2018
Mar 07 2020 01: +0,1.358,51,Sticker | Cloud9 | Boston 2018
Mar 08 2020 01: +0,1.363,100,Sticker | Cloud9 | Boston 2018
Mar 09 2020 01: +0,1.36,78,Sticker | Cloud9 | Boston 2018
Mar 10 2020 01: +0,1.379,35,Sticker | Cloud9 | Boston 2018
Mar 11 2020 01: +0,1.381,32,Sticker | Cloud9 | Boston 2018
Mar 12 2020 01: +0,1.279,154,Sticker | Cloud9 | Boston 2018
Mar 13 2020 01: +0,1.269,127,Sticker | Cloud9 | Boston 2018
Mar 14 2020 01: +0,1.259,66,Sticker | Cloud9 | Boston 2018
Mar 15 2020 01: +0,1.289,40,Sticker | Cloud9 | Boston 2018
Mar 16 2020 01: +0,1.281,43,Sticker | Cloud9 | Boston 2018
Mar 17 2020 01: +0,1.266,49,Sticker | Cloud9 | Boston 2018
Mar 18 2020 01: +0,1.236,52,Sticker | Cloud9 | Boston 2018
Mar 19 2020 01: +0,1.217,35,Sticker | Cloud9 | Boston 2018
Mar 20 2020 01: +0,1.187,37,Sticker | Cloud9 | Boston 2018
Mar 21 2020 01: +0,1.158,55,Sticker | Cloud9 | Boston 2018
Mar 22 2020 01: +0,1.188,48,Sticker | Cloud9 | Boston 2018
Mar 23 2020 01: +0,1.179,46,Sticker | Cloud9 | Boston 2018
Mar 24 2020 01: +0,1.194,66,Sticker | Cloud9 | Boston 2018
Mar 25 2020 01: +0,1.185,31,Sticker | Cloud9 | Boston 2018
Mar 26 2020 01: +0,1.204,97,Sticker | Cloud9 | Boston 2018
Mar 27 2020 01: +0,1.108,187,Sticker | Cloud9 | Boston 2018
Mar 28 2020 01: +0,1.08,107,Sticker | Cloud9 | Boston 2018
Mar 29 2020 01: +0,1.101,139,Sticker | Cloud9 | Boston 2018
Mar 30 2020 01: +0,1.137,225,Sticker | Cloud9 | Boston 2018
Mar 31 2020 01: +0,1.166,117,Sticker | Cloud9 | Boston 2018
Apr 01 2020 01: +0,1.19,84,Sticker | Cloud9 | Boston 2018
Apr 02 2020 01: +0,1.25,143,Sticker | Cloud9 | Boston 2018
Apr 03 2020 01: +0,1.249,98,Sticker | Cloud9 | Boston 2018
Apr 04 2020 01: +0,1.273,113,Sticker | Cloud9 | Boston 2018
Apr 05 2020 01: +0,1.277,78,Sticker | Cloud9 | Boston 2018
Apr 06 2020 01: +0,1.249,56,Sticker | Cloud9 | Boston 2018
Apr 07 2020 01: +0,1.344,47,Sticker | Cloud9 | Boston 2018
Apr 08 2020 01: +0,1.279,83,Sticker | Cloud9 | Boston 2018
Apr 09 2020 01: +0,1.257,71,Sticker | Cloud9 | Boston 2018
Apr 10 2020 01: +0,1.323,53,Sticker | Cloud9 | Boston 2018
Apr 11 2020 01: +0,1.342,60,Sticker | Cloud9 | Boston 2018
Apr 12 2020 01: +0,1.342,55,Sticker | Cloud9 | Boston 2018
Apr 13 2020 01: +0,1.343,55,Sticker | Cloud9 | Boston 2018
Apr 14 2020 01: +0,1.34,68,Sticker | Cloud9 | Boston 2018
Apr 15 2020 01: +0,1.317,55,Sticker | Cloud9 | Boston 2018
Apr 16 2020 01: +0,1.31,56,Sticker | Cloud9 | Boston 2018
Apr 17 2020 01: +0,1.334,68,Sticker | Cloud9 | Boston 2018
Apr 18 2020 01: +0,1.371,52,Sticker | Cloud9 | Boston 2018
Apr 19 2020 01: +0,1.355,62,Sticker | Cloud9 | Boston 2018
Apr 20 2020 01: +0,1.378,34,Sticker | Cloud9 | Boston 2018
Apr 21 2020 01: +0,1.38,89,Sticker | Cloud9 | Boston 2018
Apr 22 2020 01: +0,1.38,32,Sticker | Cloud9 | Boston 2018
Apr 23 2020 01: +0,1.401,53,Sticker | Cloud9 | Boston 2018
Apr 24 2020 01: +0,1.403,56,Sticker | Cloud9 | Boston 2018
Apr 25 2020 01: +0,1.412,73,Sticker | Cloud9 | Boston 2018
Apr 26 2020 01: +0,1.394,44,Sticker | Cloud9 | Boston 2018
Apr 27 2020 01: +0,1.416,50,Sticker | Cloud9 | Boston 2018
Apr 28 2020 01: +0,1.462,45,Sticker | Cloud9 | Boston 2018
Apr 29 2020 01: +0,1.515,65,Sticker | Cloud9 | Boston 2018
Apr 30 2020 01: +0,1.593,40,Sticker | Cloud9 | Boston 2018
May 01 2020 01: +0,1.493,28,Sticker | Cloud9 | Boston 2018
May 02 2020 01: +0,1.569,52,Sticker | Cloud9 | Boston 2018
May 03 2020 01: +0,1.56,51,Sticker | Cloud9 | Boston 2018
May 04 2020 01: +0,1.559,28,Sticker | Cloud9 | Boston 2018
May 05 2020 01: +0,1.534,45,Sticker | Cloud9 | Boston 2018
May 06 2020 01: +0,1.662,29,Sticker | Cloud9 | Boston 2018
May 07 2020 01: +0,1.649,29,Sticker | Cloud9 | Boston 2018
May 08 2020 01: +0,1.679,48,Sticker | Cloud9 | Boston 2018
May 09 2020 01: +0,1.776,46,Sticker | Cloud9 | Boston 2018
May 10 2020 01: +0,1.757,32,Sticker | Cloud9 | Boston 2018
May 11 2020 01: +0,1.648,26,Sticker | Cloud9 | Boston 2018
May 12 2020 01: +0,1.729,37,Sticker | Cloud9 | Boston 2018
May 13 2020 01: +0,1.83,41,Sticker | Cloud9 | Boston 2018
May 14 2020 01: +0,1.812,37,Sticker | Cloud9 | Boston 2018
May 15 2020 01: +0,1.886,34,Sticker | Cloud9 | Boston 2018
May 16 2020 01: +0,1.826,20,Sticker | Cloud9 | Boston 2018
May 17 2020 01: +0,1.873,26,Sticker | Cloud9 | Boston 2018
May 18 2020 01: +0,1.927,30,Sticker | Cloud9 | Boston 2018
May 19 2020 01: +0,1.763,29,Sticker | Cloud9 | Boston 2018
May 20 2020 01: +0,1.866,35,Sticker | Cloud9 | Boston 2018
May 21 2020 01: +0,1.92,29,Sticker | Cloud9 | Boston 2018
May 22 2020 01: +0,1.861,32,Sticker | Cloud9 | Boston 2018
May 23 2020 01: +0,1.939,39,Sticker | Cloud9 | Boston 2018
May 24 2020 01: +0,1.962,36,Sticker | Cloud9 | Boston 2018
May 25 2020 01: +0,1.855,30,Sticker | Cloud9 | Boston 2018
May 26 2020 01: +0,1.722,34,Sticker | Cloud9 | Boston 2018
May 27 2020 01: +0,1.839,19,Sticker | Cloud9 | Boston 2018
May 28 2020 01: +0,1.858,32,Sticker | Cloud9 | Boston 2018
May 29 2020 01: +0,1.923,37,Sticker | Cloud9 | Boston 2018
May 30 2020 01: +0,1.95,30,Sticker | Cloud9 | Boston 2018
May 31 2020 01: +0,2.066,31,Sticker | Cloud9 | Boston 2018
Jun 01 2020 01: +0,1.975,30,Sticker | Cloud9 | Boston 2018
Jun 02 2020 01: +0,2.082,101,Sticker | Cloud9 | Boston 2018
Jun 03 2020 01: +0,1.999,19,Sticker | Cloud9 | Boston 2018
Jun 04 2020 01: +0,2.077,60,Sticker | Cloud9 | Boston 2018
Jun 05 2020 01: +0,2.113,39,Sticker | Cloud9 | Boston 2018
Jun 06 2020 01: +0,2.071,28,Sticker | Cloud9 | Boston 2018
Jun 07 2020 01: +0,2.108,21,Sticker | Cloud9 | Boston 2018
Jun 08 2020 01: +0,1.946,47,Sticker | Cloud9 | Boston 2018
Jun 09 2020 01: +0,2.076,31,Sticker | Cloud9 | Boston 2018
Jun 10 2020 01: +0,2.155,40,Sticker | Cloud9 | Boston 2018
Jun 11 2020 01: +0,2.39,23,Sticker | Cloud9 | Boston 2018
Jun 12 2020 01: +0,2.189,21,Sticker | Cloud9 | Boston 2018
Jun 13 2020 01: +0,2.249,24,Sticker | Cloud9 | Boston 2018
Jun 14 2020 01: +0,2.224,16,Sticker | Cloud9 | Boston 2018
Jun 15 2020 01: +0,2.14,20,Sticker | Cloud9 | Boston 2018
Jun 16 2020 01: +0,2.207,29,Sticker | Cloud9 | Boston 2018
Jun 17 2020 01: +0,2.239,21,Sticker | Cloud9 | Boston 2018
Jun 18 2020 01: +0,2.114,16,Sticker | Cloud9 | Boston 2018
Jun 19 2020 01: +0,2.12,30,Sticker | Cloud9 | Boston 2018
Jun 20 2020 01: +0,2.182,20,Sticker | Cloud9 | Boston 2018
Jun 21 2020 01: +0,2.086,38,Sticker | Cloud9 | Boston 2018
Jun 22 2020 01: +0,2.036,39,Sticker | Cloud9 | Boston 2018
Jun 23 2020 01: +0,2.007,29,Sticker | Cloud9 | Boston 2018
Jun 24 2020 01: +0,2.012,27,Sticker | Cloud9 | Boston 2018
Jun 25 2020 01: +0,1.879,47,Sticker | Cloud9 | Boston 2018
Jun 26 2020 01: +0,1.85,37,Sticker | Cloud9 | Boston 2018
Jun 27 2020 01: +0,1.863,31,Sticker | Cloud9 | Boston 2018
Jun 28 2020 01: +0,1.795,49,Sticker | Cloud9 | Boston 2018
Jun 29 2020 01: +0,1.931,20,Sticker | Cloud9 | Boston 2018
Jun 30 2020 01: +0,1.891,37,Sticker | Cloud9 | Boston 2018
Jul 01 2020 01: +0,1.939,30,Sticker | Cloud9 | Boston 2018
Jul 02 2020 01: +0,1.973,48,Sticker | Cloud9 | Boston 2018
Jul 03 2020 01: +0,1.943,49,Sticker | Cloud9 | Boston 2018
Jul 04 2020 01: +0,1.991,52,Sticker | Cloud9 | Boston 2018
Jul 05 2020 01: +0,1.957,43,Sticker | Cloud9 | Boston 2018
Jul 06 2020 01: +0,1.966,20,Sticker | Cloud9 | Boston 2018
Jul 07 2020 01: +0,1.995,67,Sticker | Cloud9 | Boston 2018
Jul 08 2020 01: +0,2.03,63,Sticker | Cloud9 | Boston 2018
Jul 09 2020 01: +0,2.067,45,Sticker | Cloud9 | Boston 2018
Jul 10 2020 01: +0,2.151,42,Sticker | Cloud9 | Boston 2018
Jul 11 2020 01: +0,2.186,31,Sticker | Cloud9 | Boston 2018
Jul 12 2020 01: +0,2.152,10,Sticker | Cloud9 | Boston 2018
Jul 13 2020 01: +0,2.169,24,Sticker | Cloud9 | Boston 2018
Jul 14 2020 01: +0,2.122,30,Sticker | Cloud9 | Boston 2018
Jul 15 2020 01: +0,2.198,29,Sticker | Cloud9 | Boston 2018
Jul 16 2020 01: +0,2.13,23,Sticker | Cloud9 | Boston 2018
Jul 17 2020 01: +0,2.274,47,Sticker | Cloud9 | Boston 2018
Jul 18 2020 01: +0,2.345,19,Sticker | Cloud9 | Boston 2018
Jul 19 2020 01: +0,2.286,28,Sticker | Cloud9 | Boston 2018
Jul 20 2020 01: +0,2.289,35,Sticker | Cloud9 | Boston 2018
Jul 21 2020 01: +0,2.12,274,Sticker | Cloud9 | Boston 2018
Jul 22 2020 01: +0,2.177,46,Sticker | Cloud9 | Boston 2018
Jul 23 2020 01: +0,2.514,63,Sticker | Cloud9 | Boston 2018
Jul 24 2020 01: +0,2.731,29,Sticker | Cloud9 | Boston 2018
Jul 25 2020 01: +0,2.835,170,Sticker | Cloud9 | Boston 2018
Jul 26 2020 01: +0,3.664,118,Sticker | Cloud9 | Boston 2018
Jul 27 2020 01: +0,4.134,38,Sticker | Cloud9 | Boston 2018
Jul 28 2020 01: +0,3.722,28,Sticker | Cloud9 | Boston 2018
Jul 29 2020 01: +0,3.266,24,Sticker | Cloud9 | Boston 2018
Jul 30 2020 01: +0,3.57,16,Sticker | Cloud9 | Boston 2018
Jul 31 2020 01: +0,3.587,13,Sticker | Cloud9 | Boston 2018
Aug 01 2020 01: +0,3.293,22,Sticker | Cloud9 | Boston 2018
Aug 02 2020 01: +0,3.277,21,Sticker | Cloud9 | Boston 2018
Aug 03 2020 01: +0,3.034,11,Sticker | Cloud9 | Boston 2018
Aug 04 2020 01: +0,3.038,22,Sticker | Cloud9 | Boston 2018
Aug 05 2020 01: +0,2.715,24,Sticker | Cloud9 | Boston 2018
Aug 06 2020 01: +0,3.011,27,Sticker | Cloud9 | Boston 2018
Aug 07 2020 01: +0,2.799,21,Sticker | Cloud9 | Boston 2018
Aug 08 2020 01: +0,2.445,12,Sticker | Cloud9 | Boston 2018
Aug 09 2020 01: +0,2.784,43,Sticker | Cloud9 | Boston 2018
Aug 10 2020 01: +0,2.678,23,Sticker | Cloud9 | Boston 2018
Aug 11 2020 01: +0,2.818,23,Sticker | Cloud9 | Boston 2018
Aug 12 2020 01: +0,2.868,19,Sticker | Cloud9 | Boston 2018
Aug 13 2020 01: +0,2.647,24,Sticker | Cloud9 | Boston 2018
Aug 14 2020 01: +0,2.655,16,Sticker | Cloud9 | Boston 2018
Aug 15 2020 01: +0,2.688,22,Sticker | Cloud9 | Boston 2018
Aug 16 2020 01: +0,2.586,17,Sticker | Cloud9 | Boston 2018
Aug 17 2020 01: +0,2.389,28,Sticker | Cloud9 | Boston 2018
Aug 18 2020 01: +0,2.544,25,Sticker | Cloud9 | Boston 2018
Aug 19 2020 01: +0,2.488,29,Sticker | Cloud9 | Boston 2018
Aug 20 2020 01: +0,2.398,40,Sticker | Cloud9 | Boston 2018
Aug 21 2020 01: +0,2.507,27,Sticker | Cloud9 | Boston 2018
Aug 22 2020 01: +0,2.493,26,Sticker | Cloud9 | Boston 2018
Aug 23 2020 01: +0,2.587,14,Sticker | Cloud9 | Boston 2018
Aug 24 2020 01: +0,2.571,14,Sticker | Cloud9 | Boston 2018
Aug 25 2020 01: +0,2.435,31,Sticker | Cloud9 | Boston 2018
Aug 26 2020 01: +0,2.391,15,Sticker | Cloud9 | Boston 2018
Aug 27 2020 01: +0,2.372,20,Sticker | Cloud9 | Boston 2018
Aug 28 2020 01: +0,2.357,14,Sticker | Cloud9 | Boston 2018
Aug 29 2020 01: +0,2.484,37,Sticker | Cloud9 | Boston 2018
Aug 30 2020 01: +0,2.447,28,Sticker | Cloud9 | Boston 2018
Aug 31 2020 01: +0,2.362,22,Sticker | Cloud9 | Boston 2018
Sep 01 2020 01: +0,2.456,21,Sticker | Cloud9 | Boston 2018
Sep 02 2020 01: +0,2.361,12,Sticker | Cloud9 | Boston 2018
Sep 03 2020 01: +0,2.472,14,Sticker | Cloud9 | Boston 2018
Sep 04 2020 01: +0,2.373,13,Sticker | Cloud9 | Boston 2018
Sep 05 2020 01: +0,2.226,42,Sticker | Cloud9 | Boston 2018
Sep 06 2020 01: +0,2.264,17,Sticker | Cloud9 | Boston 2018
Sep 07 2020 01: +0,2.262,20,Sticker | Cloud9 | Boston 2018
Sep 08 2020 01: +0,2.374,25,Sticker | Cloud9 | Boston 2018
Sep 09 2020 01: +0,2.342,27,Sticker | Cloud9 | Boston 2018
Sep 10 2020 01: +0,2.409,25,Sticker | Cloud9 | Boston 2018
Sep 11 2020 01: +0,2.485,31,Sticker | Cloud9 | Boston 2018
Sep 12 2020 01: +0,2.502,32,Sticker | Cloud9 | Boston 2018
Sep 13 2020 01: +0,2.557,29,Sticker | Cloud9 | Boston 2018
Sep 14 2020 01: +0,2.528,19,Sticker | Cloud9 | Boston 2018
Sep 15 2020 01: +0,2.506,22,Sticker | Cloud9 | Boston 2018
Sep 16 2020 01: +0,2.532,32,Sticker | Cloud9 | Boston 2018
Sep 17 2020 01: +0,2.541,21,Sticker | Cloud9 | Boston 2018
Sep 18 2020 01: +0,2.579,20,Sticker | Cloud9 | Boston 2018
Sep 19 2020 01: +0,2.574,26,Sticker | Cloud9 | Boston 2018
Sep 20 2020 01: +0,2.714,21,Sticker | Cloud9 | Boston 2018
Sep 21 2020 01: +0,2.68,15,Sticker | Cloud9 | Boston 2018
Sep 22 2020 01: +0,2.665,40,Sticker | Cloud9 | Boston 2018
Sep 23 2020 01: +0,2.563,27,Sticker | Cloud9 | Boston 2018
Sep 24 2020 01: +0,2.344,27,Sticker | Cloud9 | Boston 2018
Sep 25 2020 01: +0,2.436,23,Sticker | Cloud9 | Boston 2018
Sep 26 2020 01: +0,2.571,37,Sticker | Cloud9 | Boston 2018
Sep 27 2020 01: +0,2.391,14,Sticker | Cloud9 | Boston 2018
Sep 28 2020 01: +0,2.355,32,Sticker | Cloud9 | Boston 2018
Sep 29 2020 01: +0,2.421,24,Sticker | Cloud9 | Boston 2018
Sep 30 2020 01: +0,2.542,39,Sticker | Cloud9 | Boston 2018
Oct 01 2020 01: +0,2.678,32,Sticker | Cloud9 | Boston 2018
Oct 02 2020 01: +0,2.723,24,Sticker | Cloud9 | Boston 2018
Oct 03 2020 01: +0,2.741,17,Sticker | Cloud9 | Boston 2018
Oct 04 2020 01: +0,2.612,27,Sticker | Cloud9 | Boston 2018
Oct 05 2020 01: +0,2.601,29,Sticker | Cloud9 | Boston 2018
Oct 06 2020 01: +0,2.577,18,Sticker | Cloud9 | Boston 2018
Oct 07 2020 01: +0,2.704,35,Sticker | Cloud9 | Boston 2018
Oct 08 2020 01: +0,2.715,35,Sticker | Cloud9 | Boston 2018
Oct 09 2020 01: +0,2.72,20,Sticker | Cloud9 | Boston 2018
Oct 10 2020 01: +0,2.681,30,Sticker | Cloud9 | Boston 2018
Oct 11 2020 01: +0,2.622,17,Sticker | Cloud9 | Boston 2018
Oct 12 2020 01: +0,2.692,30,Sticker | Cloud9 | Boston 2018
Oct 13 2020 01: +0,2.733,27,Sticker | Cloud9 | Boston 2018
Oct 14 2020 01: +0,2.511,18,Sticker | Cloud9 | Boston 2018
Oct 15 2020 01: +0,2.65,17,Sticker | Cloud9 | Boston 2018
Oct 16 2020 01: +0,2.68,19,Sticker | Cloud9 | Boston 2018
Oct 17 2020 01: +0,2.676,25,Sticker | Cloud9 | Boston 2018
Oct 18 2020 01: +0,2.643,22,Sticker | Cloud9 | Boston 2018
Oct 19 2020 01: +0,2.462,13,Sticker | Cloud9 | Boston 2018
Oct 20 2020 01: +0,2.53,18,Sticker | Cloud9 | Boston 2018
Oct 21 2020 01: +0,2.585,20,Sticker | Cloud9 | Boston 2018
Oct 22 2020 01: +0,2.641,16,Sticker | Cloud9 | Boston 2018
Oct 23 2020 01: +0,2.542,24,Sticker | Cloud9 | Boston 2018
Oct 24 2020 01: +0,2.639,33,Sticker | Cloud9 | Boston 2018
Oct 25 2020 01: +0,2.552,37,Sticker | Cloud9 | Boston 2018
Oct 26 2020 01: +0,2.642,21,Sticker | Cloud9 | Boston 2018
Oct 27 2020 01: +0,2.576,15,Sticker | Cloud9 | Boston 2018
Oct 28 2020 01: +0,2.521,15,Sticker | Cloud9 | Boston 2018
Oct 29 2020 01: +0,2.559,28,Sticker | Cloud9 | Boston 2018
Oct 30 2020 01: +0,2.622,47,Sticker | Cloud9 | Boston 2018
Oct 31 2020 01: +0,2.575,40,Sticker | Cloud9 | Boston 2018
Nov 01 2020 01: +0,2.598,15,Sticker | Cloud9 | Boston 2018
Nov 02 2020 01: +0,2.567,18,Sticker | Cloud9 | Boston 2018
Nov 03 2020 01: +0,2.686,33,Sticker | Cloud9 | Boston 2018
Nov 04 2020 01: +0,2.666,24,Sticker | Cloud9 | Boston 2018
Nov 05 2020 01: +0,2.751,28,Sticker | Cloud9 | Boston 2018
Nov 06 2020 01: +0,2.73,46,Sticker | Cloud9 | Boston 2018
Nov 07 2020 01: +0,2.737,25,Sticker | Cloud9 | Boston 2018
Nov 08 2020 01: +0,2.645,35,Sticker | Cloud9 | Boston 2018
Nov 09 2020 01: +0,2.718,15,Sticker | Cloud9 | Boston 2018
Nov 10 2020 01: +0,2.719,18,Sticker | Cloud9 | Boston 2018
Nov 11 2020 01: +0,2.666,7,Sticker | Cloud9 | Boston 2018
Nov 12 2020 01: +0,2.522,17,Sticker | Cloud9 | Boston 2018
Nov 13 2020 01: +0,2.423,15,Sticker | Cloud9 | Boston 2018
Nov 14 2020 01: +0,2.481,19,Sticker | Cloud9 | Boston 2018
Nov 15 2020 01: +0,2.452,30,Sticker | Cloud9 | Boston 2018
Nov 16 2020 01: +0,2.461,11,Sticker | Cloud9 | Boston 2018
Nov 17 2020 01: +0,2.269,14,Sticker | Cloud9 | Boston 2018
Nov 18 2020 01: +0,2.277,14,Sticker | Cloud9 | Boston 2018
Nov 19 2020 01: +0,2.278,19,Sticker | Cloud9 | Boston 2018
Nov 20 2020 01: +0,2.396,60,Sticker | Cloud9 | Boston 2018
Nov 21 2020 01: +0,2.404,10,Sticker | Cloud9 | Boston 2018
Nov 22 2020 01: +0,2.375,15,Sticker | Cloud9 | Boston 2018
Nov 23 2020 01: +0,2.626,28,Sticker | Cloud9 | Boston 2018
Nov 24 2020 01: +0,2.439,21,Sticker | Cloud9 | Boston 2018
Nov 25 2020 01: +0,2.5,21,Sticker | Cloud9 | Boston 2018
Nov 26 2020 01: +0,2.405,23,Sticker | Cloud9 | Boston 2018
Nov 27 2020 01: +0,2.442,18,Sticker | Cloud9 | Boston 2018
Nov 28 2020 01: +0,2.555,24,Sticker | Cloud9 | Boston 2018
Nov 29 2020 01: +0,2.338,24,Sticker | Cloud9 | Boston 2018
Nov 30 2020 01: +0,2.458,30,Sticker | Cloud9 | Boston 2018
Dec 01 2020 01: +0,2.415,27,Sticker | Cloud9 | Boston 2018
Dec 02 2020 01: +0,2.544,17,Sticker | Cloud9 | Boston 2018
Dec 03 2020 01: +0,2.568,24,Sticker | Cloud9 | Boston 2018
Dec 04 2020 01: +0,2.147,80,Sticker | Cloud9 | Boston 2018
Dec 05 2020 01: +0,2.264,41,Sticker | Cloud9 | Boston 2018
Dec 06 2020 01: +0,2.129,25,Sticker | Cloud9 | Boston 2018
Dec 07 2020 01: +0,2.151,36,Sticker | Cloud9 | Boston 2018
Dec 08 2020 01: +0,2.297,34,Sticker | Cloud9 | Boston 2018
Dec 09 2020 01: +0,2.235,41,Sticker | Cloud9 | Boston 2018
Dec 10 2020 01: +0,2.091,23,Sticker | Cloud9 | Boston 2018
Dec 11 2020 01: +0,2.154,28,Sticker | Cloud9 | Boston 2018
Dec 12 2020 01: +0,2.258,17,Sticker | Cloud9 | Boston 2018
Dec 13 2020 01: +0,2.376,32,Sticker | Cloud9 | Boston 2018
Dec 14 2020 01: +0,2.354,30,Sticker | Cloud9 | Boston 2018
Dec 15 2020 01: +0,2.429,14,Sticker | Cloud9 | Boston 2018
Dec 16 2020 01: +0,2.344,20,Sticker | Cloud9 | Boston 2018
Dec 17 2020 01: +0,2.48,18,Sticker | Cloud9 | Boston 2018
Dec 18 2020 01: +0,2.481,19,Sticker | Cloud9 | Boston 2018
Dec 19 2020 01: +0,2.515,21,Sticker | Cloud9 | Boston 2018
Dec 20 2020 01: +0,2.479,18,Sticker | Cloud9 | Boston 2018
Dec 21 2020 01: +0,2.403,17,Sticker | Cloud9 | Boston 2018
Dec 22 2020 01: +0,2.378,22,Sticker | Cloud9 | Boston 2018
Dec 23 2020 01: +0,2.388,27,Sticker | Cloud9 | Boston 2018
Dec 24 2020 01: +0,2.437,26,Sticker | Cloud9 | Boston 2018
Dec 25 2020 01: +0,2.496,25,Sticker | Cloud9 | Boston 2018
Dec 26 2020 01: +0,2.463,27,Sticker | Cloud9 | Boston 2018
Dec 27 2020 01: +0,2.356,32,Sticker | Cloud9 | Boston 2018
Dec 28 2020 01: +0,2.446,27,Sticker | Cloud9 | Boston 2018
Dec 29 2020 01: +0,2.468,20,Sticker | Cloud9 | Boston 2018
Dec 30 2020 01: +0,2.45,10,Sticker | Cloud9 | Boston 2018
Dec 31 2020 01: +0,2.448,31,Sticker | Cloud9 | Boston 2018
Jan 01 2021 01: +0,2.494,23,Sticker | Cloud9 | Boston 2018
Jan 02 2021 01: +0,2.575,59,Sticker | Cloud9 | Boston 2018
Jan 03 2021 01: +0,2.662,40,Sticker | Cloud9 | Boston 2018
Jan 04 2021 01: +0,2.591,23,Sticker | Cloud9 | Boston 2018
Jan 05 2021 01: +0,2.716,33,Sticker | Cloud9 | Boston 2018
Jan 06 2021 01: +0,2.797,44,Sticker | Cloud9 | Boston 2018
Jan 07 2021 01: +0,2.862,12,Sticker | Cloud9 | Boston 2018
Jan 08 2021 01: +0,2.947,20,Sticker | Cloud9 | Boston 2018
Jan 09 2021 01: +0,3.033,15,Sticker | Cloud9 | Boston 2018
Jan 10 2021 01: +0,3.071,12,Sticker | Cloud9 | Boston 2018
Jan 11 2021 01: +0,2.927,14,Sticker | Cloud9 | Boston 2018
Jan 12 2021 01: +0,2.838,20,Sticker | Cloud9 | Boston 2018
Jan 13 2021 01: +0,3.046,9,Sticker | Cloud9 | Boston 2018
Jan 14 2021 01: +0,3.111,12,Sticker | Cloud9 | Boston 2018
Jan 15 2021 01: +0,2.942,32,Sticker | Cloud9 | Boston 2018
Jan 16 2021 01: +0,3.066,33,Sticker | Cloud9 | Boston 2018
Jan 17 2021 01: +0,2.812,17,Sticker | Cloud9 | Boston 2018
Jan 18 2021 01: +0,2.855,9,Sticker | Cloud9 | Boston 2018
Jan 19 2021 01: +0,2.871,14,Sticker | Cloud9 | Boston 2018
Jan 20 2021 01: +0,2.947,9,Sticker | Cloud9 | Boston 2018
Jan 21 2021 01: +0,3.089,16,Sticker | Cloud9 | Boston 2018
Jan 22 2021 01: +0,3.023,27,Sticker | Cloud9 | Boston 2018
Jan 23 2021 01: +0,3.049,22,Sticker | Cloud9 | Boston 2018
Jan 24 2021 01: +0,2.851,15,Sticker | Cloud9 | Boston 2018
Jan 25 2021 01: +0,3.019,9,Sticker | Cloud9 | Boston 2018
Jan 26 2021 01: +0,3.007,17,Sticker | Cloud9 | Boston 2018
Jan 27 2021 01: +0,3.016,17,Sticker | Cloud9 | Boston 2018
Jan 28 2021 01: +0,2.676,40,Sticker | Cloud9 | Boston 2018
Jan 29 2021 01: +0,2.632,23,Sticker | Cloud9 | Boston 2018
Jan 30 2021 01: +0,2.664,23,Sticker | Cloud9 | Boston 2018
Jan 31 2021 01: +0,2.804,9,Sticker | Cloud9 | Boston 2018
Feb 01 2021 01: +0,2.683,26,Sticker | Cloud9 | Boston 2018
Feb 02 2021 01: +0,2.685,20,Sticker | Cloud9 | Boston 2018
Feb 03 2021 01: +0,2.556,16,Sticker | Cloud9 | Boston 2018
Feb 04 2021 01: +0,2.446,27,Sticker | Cloud9 | Boston 2018
Feb 05 2021 01: +0,2.376,25,Sticker | Cloud9 | Boston 2018
Feb 06 2021 01: +0,2.519,31,Sticker | Cloud9 | Boston 2018
Feb 07 2021 01: +0,2.662,26,Sticker | Cloud9 | Boston 2018
Feb 08 2021 01: +0,2.684,25,Sticker | Cloud9 | Boston 2018
Feb 09 2021 01: +0,2.846,23,Sticker | Cloud9 | Boston 2018
Feb 10 2021 01: +0,2.884,30,Sticker | Cloud9 | Boston 2018
Feb 11 2021 01: +0,2.732,16,Sticker | Cloud9 | Boston 2018
Feb 12 2021 01: +0,2.556,33,Sticker | Cloud9 | Boston 2018
Feb 13 2021 01: +0,2.445,28,Sticker | Cloud9 | Boston 2018
Feb 14 2021 01: +0,2.533,16,Sticker | Cloud9 | Boston 2018
Feb 15 2021 01: +0,2.443,18,Sticker | Cloud9 | Boston 2018
Feb 16 2021 01: +0,2.601,21,Sticker | Cloud9 | Boston 2018
Feb 17 2021 01: +0,2.551,13,Sticker | Cloud9 | Boston 2018
Feb 18 2021 01: +0,2.577,19,Sticker | Cloud9 | Boston 2018
Feb 19 2021 01: +0,2.57,27,Sticker | Cloud9 | Boston 2018
Feb 20 2021 01: +0,2.64,10,Sticker | Cloud9 | Boston 2018
Feb 21 2021 01: +0,2.533,19,Sticker | Cloud9 | Boston 2018
Feb 22 2021 01: +0,2.679,21,Sticker | Cloud9 | Boston 2018
Feb 23 2021 01: +0,2.351,18,Sticker | Cloud9 | Boston 2018
Feb 24 2021 01: +0,2.84,36,Sticker | Cloud9 | Boston 2018
Feb 25 2021 01: +0,2.841,15,Sticker | Cloud9 | Boston 2018
Feb 26 2021 01: +0,2.873,20,Sticker | Cloud9 | Boston 2018
Feb 27 2021 01: +0,2.806,17,Sticker | Cloud9 | Boston 2018
Feb 28 2021 01: +0,2.707,46,Sticker | Cloud9 | Boston 2018
Mar 01 2021 01: +0,2.743,22,Sticker | Cloud9 | Boston 2018
Mar 02 2021 01: +0,2.725,49,Sticker | Cloud9 | Boston 2018
Mar 03 2021 01: +0,2.729,26,Sticker | Cloud9 | Boston 2018
Mar 04 2021 01: +0,2.805,10,Sticker | Cloud9 | Boston 2018
Mar 05 2021 01: +0,2.927,31,Sticker | Cloud9 | Boston 2018
Mar 06 2021 01: +0,2.884,18,Sticker | Cloud9 | Boston 2018
Mar 07 2021 01: +0,2.922,20,Sticker | Cloud9 | Boston 2018
Mar 08 2021 01: +0,2.874,19,Sticker | Cloud9 | Boston 2018
Mar 09 2021 01: +0,2.681,15,Sticker | Cloud9 | Boston 2018
Mar 10 2021 01: +0,3.018,23,Sticker | Cloud9 | Boston 2018
Mar 11 2021 01: +0,2.84,20,Sticker | Cloud9 | Boston 2018
Mar 12 2021 01: +0,2.864,12,Sticker | Cloud9 | Boston 2018
Mar 13 2021 01: +0,2.787,19,Sticker | Cloud9 | Boston 2018
Mar 14 2021 01: +0,2.851,8,Sticker | Cloud9 | Boston 2018
Mar 15 2021 01: +0,2.696,23,Sticker | Cloud9 | Boston 2018
Mar 16 2021 01: +0,2.95,21,Sticker | Cloud9 | Boston 2018
Mar 17 2021 01: +0,3.033,14,Sticker | Cloud9 | Boston 2018
Mar 18 2021 01: +0,2.962,13,Sticker | Cloud9 | Boston 2018
Mar 19 2021 01: +0,2.872,28,Sticker | Cloud9 | Boston 2018
Mar 20 2021 01: +0,2.992,19,Sticker | Cloud9 | Boston 2018
Mar 21 2021 01: +0,2.856,7,Sticker | Cloud9 | Boston 2018
Mar 22 2021 01: +0,3.003,24,Sticker | Cloud9 | Boston 2018
Mar 23 2021 01: +0,3.047,31,Sticker | Cloud9 | Boston 2018
Mar 24 2021 01: +0,3.044,14,Sticker | Cloud9 | Boston 2018
Mar 25 2021 01: +0,3.16,23,Sticker | Cloud9 | Boston 2018
Mar 26 2021 01: +0,3.917,1015,Sticker | Cloud9 | Boston 2018
Mar 27 2021 01: +0,4.245,360,Sticker | Cloud9 | Boston 2018
Mar 28 2021 01: +0,3.8,133,Sticker | Cloud9 | Boston 2018
Mar 29 2021 01: +0,3.873,80,Sticker | Cloud9 | Boston 2018
Mar 30 2021 01: +0,3.897,62,Sticker | Cloud9 | Boston 2018
Mar 31 2021 01: +0,4.283,60,Sticker | Cloud9 | Boston 2018
Apr 01 2021 01: +0,4.398,26,Sticker | Cloud9 | Boston 2018
Apr 02 2021 01: +0,4.121,57,Sticker | Cloud9 | Boston 2018
Apr 03 2021 01: +0,3.986,34,Sticker | Cloud9 | Boston 2018
Apr 04 2021 01: +0,3.381,32,Sticker | Cloud9 | Boston 2018
Apr 05 2021 01: +0,3.413,33,Sticker | Cloud9 | Boston 2018
Apr 06 2021 01: +0,3.218,37,Sticker | Cloud9 | Boston 2018
Apr 07 2021 01: +0,2.881,66,Sticker | Cloud9 | Boston 2018
Apr 08 2021 01: +0,2.595,47,Sticker | Cloud9 | Boston 2018
Apr 09 2021 01: +0,2.485,51,Sticker | Cloud9 | Boston 2018
Apr 10 2021 01: +0,2.551,27,Sticker | Cloud9 | Boston 2018
Apr 11 2021 01: +0,2.405,31,Sticker | Cloud9 | Boston 2018
Apr 12 2021 01: +0,2.353,12,Sticker | Cloud9 | Boston 2018
Apr 13 2021 01: +0,2.347,21,Sticker | Cloud9 | Boston 2018
Apr 14 2021 01: +0,2.477,4,Sticker | Cloud9 | Boston 2018
Apr 15 2021 01: +0,2.378,27,Sticker | Cloud9 | Boston 2018
Apr 16 2021 01: +0,2.516,28,Sticker | Cloud9 | Boston 2018
Apr 17 2021 01: +0,2.427,17,Sticker | Cloud9 | Boston 2018
Apr 18 2021 01: +0,2.483,35,Sticker | Cloud9 | Boston 2018
Apr 19 2021 01: +0,2.619,20,Sticker | Cloud9 | Boston 2018
Apr 20 2021 01: +0,2.48,20,Sticker | Cloud9 | Boston 2018
Apr 21 2021 01: +0,2.534,17,Sticker | Cloud9 | Boston 2018
Apr 22 2021 01: +0,2.536,13,Sticker | Cloud9 | Boston 2018
Apr 23 2021 01: +0,2.499,23,Sticker | Cloud9 | Boston 2018
Apr 24 2021 01: +0,2.569,39,Sticker | Cloud9 | Boston 2018
Apr 25 2021 01: +0,2.525,10,Sticker | Cloud9 | Boston 2018
Apr 26 2021 01: +0,2.475,21,Sticker | Cloud9 | Boston 2018
Apr 27 2021 01: +0,2.497,13,Sticker | Cloud9 | Boston 2018
Apr 28 2021 01: +0,2.372,13,Sticker | Cloud9 | Boston 2018
Apr 29 2021 01: +0,2.372,14,Sticker | Cloud9 | Boston 2018
Apr 30 2021 01: +0,2.411,18,Sticker | Cloud9 | Boston 2018
May 01 2021 01: +0,2.646,24,Sticker | Cloud9 | Boston 2018
May 02 2021 01: +0,2.237,21,Sticker | Cloud9 | Boston 2018
May 03 2021 01: +0,2.424,21,Sticker | Cloud9 | Boston 2018
May 04 2021 01: +0,2.442,30,Sticker | Cloud9 | Boston 2018
May 05 2021 01: +0,2.443,22,Sticker | Cloud9 | Boston 2018
May 06 2021 01: +0,2.324,24,Sticker | Cloud9 | Boston 2018
May 07 2021 01: +0,2.408,21,Sticker | Cloud9 | Boston 2018
May 08 2021 01: +0,2.426,27,Sticker | Cloud9 | Boston 2018
May 09 2021 01: +0,2.49,21,Sticker | Cloud9 | Boston 2018
May 10 2021 01: +0,2.504,23,Sticker | Cloud9 | Boston 2018
May 11 2021 01: +0,2.577,15,Sticker | Cloud9 | Boston 2018
May 12 2021 01: +0,2.473,10,Sticker | Cloud9 | Boston 2018
May 13 2021 01: +0,2.557,7,Sticker | Cloud9 | Boston 2018
May 14 2021 01: +0,2.508,28,Sticker | Cloud9 | Boston 2018
May 15 2021 01: +0,2.494,29,Sticker | Cloud9 | Boston 2018
May 16 2021 01: +0,2.715,28,Sticker | Cloud9 | Boston 2018
May 17 2021 01: +0,2.934,110,Sticker | Cloud9 | Boston 2018
May 18 2021 01: +0,3.103,68,Sticker | Cloud9 | Boston 2018
May 19 2021 01: +0,3.123,53,Sticker | Cloud9 | Boston 2018
May 20 2021 01: +0,3.363,41,Sticker | Cloud9 | Boston 2018
May 21 2021 01: +0,3.493,12,Sticker | Cloud9 | Boston 2018
May 22 2021 01: +0,3.557,25,Sticker | Cloud9 | Boston 2018
May 23 2021 01: +0,3.278,11,Sticker | Cloud9 | Boston 2018
May 24 2021 01: +0,3.265,23,Sticker | Cloud9 | Boston 2018
May 25 2021 01: +0,3.131,29,Sticker | Cloud9 | Boston 2018
May 26 2021 01: +0,2.979,30,Sticker | Cloud9 | Boston 2018
May 27 2021 01: +0,2.763,20,Sticker | Cloud9 | Boston 2018
May 28 2021 01: +0,2.625,39,Sticker | Cloud9 | Boston 2018
May 29 2021 01: +0,2.426,14,Sticker | Cloud9 | Boston 2018
May 30 2021 01: +0,2.739,21,Sticker | Cloud9 | Boston 2018
May 31 2021 01: +0,2.954,23,Sticker | Cloud9 | Boston 2018
Jun 01 2021 01: +0,2.78,9,Sticker | Cloud9 | Boston 2018
Jun 02 2021 01: +0,2.524,17,Sticker | Cloud9 | Boston 2018
Jun 03 2021 01: +0,2.686,20,Sticker | Cloud9 | Boston 2018
Jun 04 2021 01: +0,2.68,18,Sticker | Cloud9 | Boston 2018
Jun 05 2021 01: +0,2.674,20,Sticker | Cloud9 | Boston 2018
Jun 06 2021 01: +0,2.8,12,Sticker | Cloud9 | Boston 2018
Jun 07 2021 01: +0,2.953,6,Sticker | Cloud9 | Boston 2018
Jun 08 2021 01: +0,2.909,6,Sticker | Cloud9 | Boston 2018
Jun 09 2021 01: +0,2.951,24,Sticker | Cloud9 | Boston 2018
Jun 10 2021 01: +0,3.111,10,Sticker | Cloud9 | Boston 2018
Jun 11 2021 01: +0,3.183,12,Sticker | Cloud9 | Boston 2018
Jun 12 2021 01: +0,3.108,19,Sticker | Cloud9 | Boston 2018
Jun 13 2021 01: +0,3.06,18,Sticker | Cloud9 | Boston 2018
Jun 14 2021 01: +0,2.761,12,Sticker | Cloud9 | Boston 2018
Jun 15 2021 01: +0,2.944,25,Sticker | Cloud9 | Boston 2018
Jun 16 2021 01: +0,3.258,12,Sticker | Cloud9 | Boston 2018
Jun 17 2021 01: +0,2.882,8,Sticker | Cloud9 | Boston 2018
Jun 18 2021 01: +0,3.095,11,Sticker | Cloud9 | Boston 2018
Jun 19 2021 01: +0,3.081,4,Sticker | Cloud9 | Boston 2018
Jun 20 2021 01: +0,2.909,6,Sticker | Cloud9 | Boston 2018
Jun 21 2021 01: +0,2.916,17,Sticker | Cloud9 | Boston 2018
Jun 22 2021 01: +0,2.86,27,Sticker | Cloud9 | Boston 2018
Jun 23 2021 01: +0,3.031,13,Sticker | Cloud9 | Boston 2018
Jun 24 2021 01: +0,2.915,19,Sticker | Cloud9 | Boston 2018
Jun 25 2021 01: +0,2.852,15,Sticker | Cloud9 | Boston 2018
Jun 26 2021 01: +0,2.914,13,Sticker | Cloud9 | Boston 2018
Jun 27 2021 01: +0,2.759,21,Sticker | Cloud9 | Boston 2018
Jun 28 2021 01: +0,2.683,4,Sticker | Cloud9 | Boston 2018
Jun 29 2021 01: +0,2.791,15,Sticker | Cloud9 | Boston 2018
Jun 30 2021 01: +0,2.767,21,Sticker | Cloud9 | Boston 2018
Jul 01 2021 01: +0,2.872,10,Sticker | Cloud9 | Boston 2018
Jul 02 2021 01: +0,2.828,23,Sticker | Cloud9 | Boston 2018
Jul 03 2021 01: +0,2.658,14,Sticker | Cloud9 | Boston 2018
Jul 04 2021 01: +0,2.543,3,Sticker | Cloud9 | Boston 2018
Jul 05 2021 01: +0,2.539,7,Sticker | Cloud9 | Boston 2018
Jul 06 2021 01: +0,2.324,12,Sticker | Cloud9 | Boston 2018
Jul 07 2021 01: +0,2.477,15,Sticker | Cloud9 | Boston 2018
Jul 08 2021 01: +0,2.574,8,Sticker | Cloud9 | Boston 2018
Jul 09 2021 01: +0,2.615,7,Sticker | Cloud9 | Boston 2018
Jul 10 2021 01: +0,2.677,11,Sticker | Cloud9 | Boston 2018
Jul 11 2021 01: +0,2.76,9,Sticker | Cloud9 | Boston 2018
Jul 12 2021 01: +0,2.671,20,Sticker | Cloud9 | Boston 2018
Jul 13 2021 01: +0,2.436,17,Sticker | Cloud9 | Boston 2018
Jul 14 2021 01: +0,2.386,8,Sticker | Cloud9 | Boston 2018
Jul 15 2021 01: +0,2.596,13,Sticker | Cloud9 | Boston 2018
Jul 16 2021 01: +0,2.442,16,Sticker | Cloud9 | Boston 2018
Jul 17 2021 01: +0,2.575,12,Sticker | Cloud9 | Boston 2018
Jul 18 2021 01: +0,2.533,9,Sticker | Cloud9 | Boston 2018
Jul 19 2021 01: +0,2.594,16,Sticker | Cloud9 | Boston 2018
Jul 20 2021 01: +0,2.68,16,Sticker | Cloud9 | Boston 2018
Jul 21 2021 01: +0,2.853,7,Sticker | Cloud9 | Boston 2018
Jul 22 2021 01: +0,2.836,16,Sticker | Cloud9 | Boston 2018
Jul 23 2021 01: +0,2.757,11,Sticker | Cloud9 | Boston 2018
Jul 24 2021 01: +0,2.814,10,Sticker | Cloud9 | Boston 2018
Jul 25 2021 01: +0,2.781,12,Sticker | Cloud9 | Boston 2018
Jul 26 2021 01: +0,2.869,15,Sticker | Cloud9 | Boston 2018
Jul 27 2021 01: +0,2.88,14,Sticker | Cloud9 | Boston 2018
Jul 28 2021 01: +0,2.803,8,Sticker | Cloud9 | Boston 2018
Jul 29 2021 01: +0,2.609,11,Sticker | Cloud9 | Boston 2018
Jul 30 2021 01: +0,2.794,17,Sticker | Cloud9 | Boston 2018
Jul 31 2021 01: +0,2.919,35,Sticker | Cloud9 | Boston 2018
Aug 01 2021 01: +0,2.841,10,Sticker | Cloud9 | Boston 2018
Aug 02 2021 01: +0,2.998,21,Sticker | Cloud9 | Boston 2018
Aug 03 2021 01: +0,3.034,21,Sticker | Cloud9 | Boston 2018
Aug 04 2021 01: +0,2.9,7,Sticker | Cloud9 | Boston 2018
Aug 05 2021 01: +0,2.817,6,Sticker | Cloud9 | Boston 2018
Aug 06 2021 01: +0,2.97,14,Sticker | Cloud9 | Boston 2018
Aug 07 2021 01: +0,2.882,14,Sticker | Cloud9 | Boston 2018
Aug 08 2021 01: +0,2.655,12,Sticker | Cloud9 | Boston 2018
Aug 09 2021 01: +0,3.008,8,Sticker | Cloud9 | Boston 2018
Aug 10 2021 01: +0,2.752,9,Sticker | Cloud9 | Boston 2018
Aug 11 2021 01: +0,2.257,7,Sticker | Cloud9 | Boston 2018
Aug 12 2021 01: +0,2.755,9,Sticker | Cloud9 | Boston 2018
Aug 13 2021 01: +0,2.608,13,Sticker | Cloud9 | Boston 2018
Aug 14 2021 01: +0,2.732,12,Sticker | Cloud9 | Boston 2018
Aug 15 2021 01: +0,2.661,6,Sticker | Cloud9 | Boston 2018
Aug 16 2021 01: +0,2.662,19,Sticker | Cloud9 | Boston 2018
Aug 17 2021 01: +0,2.728,9,Sticker | Cloud9 | Boston 2018
Aug 18 2021 01: +0,2.767,8,Sticker | Cloud9 | Boston 2018
Aug 19 2021 01: +0,2.739,24,Sticker | Cloud9 | Boston 2018
Aug 20 2021 01: +0,2.448,27,Sticker | Cloud9 | Boston 2018
Aug 21 2021 01: +0,2.771,17,Sticker | Cloud9 | Boston 2018
Aug 22 2021 01: +0,2.765,17,Sticker | Cloud9 | Boston 2018
Aug 23 2021 01: +0,2.837,13,Sticker | Cloud9 | Boston 2018
Aug 24 2021 01: +0,2.823,9,Sticker | Cloud9 | Boston 2018
Aug 25 2021 01: +0,2.807,9,Sticker | Cloud9 | Boston 2018
Aug 26 2021 01: +0,2.845,9,Sticker | Cloud9 | Boston 2018
Aug 27 2021 01: +0,2.68,25,Sticker | Cloud9 | Boston 2018
Aug 28 2021 01: +0,2.872,11,Sticker | Cloud9 | Boston 2018
Aug 29 2021 01: +0,2.809,8,Sticker | Cloud9 | Boston 2018
Aug 30 2021 01: +0,2.744,15,Sticker | Cloud9 | Boston 2018
Aug 31 2021 01: +0,2.778,22,Sticker | Cloud9 | Boston 2018
Sep 01 2021 01: +0,2.703,6,Sticker | Cloud9 | Boston 2018
Sep 02 2021 01: +0,2.664,13,Sticker | Cloud9 | Boston 2018
Sep 03 2021 01: +0,2.875,17,Sticker | Cloud9 | Boston 2018
Sep 04 2021 01: +0,2.93,22,Sticker | Cloud9 | Boston 2018
Sep 05 2021 01: +0,2.945,11,Sticker | Cloud9 | Boston 2018
Sep 06 2021 01: +0,3.05,12,Sticker | Cloud9 | Boston 2018
Sep 07 2021 01: +0,3.055,11,Sticker | Cloud9 | Boston 2018
Sep 08 2021 01: +0,2.861,13,Sticker | Cloud9 | Boston 2018
Sep 09 2021 01: +0,2.906,15,Sticker | Cloud9 | Boston 2018
Sep 10 2021 01: +0,3.216,24,Sticker | Cloud9 | Boston 2018
Sep 11 2021 01: +0,3.253,20,Sticker | Cloud9 | Boston 2018
Sep 12 2021 01: +0,3.139,6,Sticker | Cloud9 | Boston 2018
Sep 13 2021 01: +0,3.13,7,Sticker | Cloud9 | Boston 2018
Sep 14 2021 01: +0,3.194,10,Sticker | Cloud9 | Boston 2018
Sep 15 2021 01: +0,3.003,8,Sticker | Cloud9 | Boston 2018
Sep 16 2021 01: +0,3.113,6,Sticker | Cloud9 | Boston 2018
Sep 17 2021 01: +0,2.915,14,Sticker | Cloud9 | Boston 2018
Sep 18 2021 01: +0,2.945,14,Sticker | Cloud9 | Boston 2018
Sep 19 2021 01: +0,2.57,7,Sticker | Cloud9 | Boston 2018
Sep 20 2021 01: +0,2.89,4,Sticker | Cloud9 | Boston 2018
Sep 21 2021 01: +0,2.831,16,Sticker | Cloud9 | Boston 2018
Sep 22 2021 01: +0,2.439,42,Sticker | Cloud9 | Boston 2018
Sep 23 2021 01: +0,2.521,21,Sticker | Cloud9 | Boston 2018
Sep 24 2021 01: +0,2.54,24,Sticker | Cloud9 | Boston 2018
Sep 25 2021 01: +0,2.617,9,Sticker | Cloud9 | Boston 2018
Sep 26 2021 01: +0,2.351,39,Sticker | Cloud9 | Boston 2018
Sep 27 2021 01: +0,2.281,12,Sticker | Cloud9 | Boston 2018
Sep 28 2021 01: +0,2.411,20,Sticker | Cloud9 | Boston 2018
Sep 29 2021 01: +0,2.402,28,Sticker | Cloud9 | Boston 2018
Sep 30 2021 01: +0,2.436,23,Sticker | Cloud9 | Boston 2018
Oct 01 2021 01: +0,2.554,20,Sticker | Cloud9 | Boston 2018
Oct 02 2021 01: +0,2.562,24,Sticker | Cloud9 | Boston 2018
Oct 03 2021 01: +0,2.489,19,Sticker | Cloud9 | Boston 2018
Oct 04 2021 01: +0,2.49,23,Sticker | Cloud9 | Boston 2018
Oct 05 2021 01: +0,2.317,11,Sticker | Cloud9 | Boston 2018
Oct 06 2021 01: +0,2.468,34,Sticker | Cloud9 | Boston 2018
Oct 07 2021 01: +0,2.493,10,Sticker | Cloud9 | Boston 2018
Oct 08 2021 01: +0,2.573,5,Sticker | Cloud9 | Boston 2018
Oct 09 2021 01: +0,2.531,15,Sticker | Cloud9 | Boston 2018
Oct 10 2021 01: +0,2.495,13,Sticker | Cloud9 | Boston 2018
Oct 11 2021 01: +0,2.458,11,Sticker | Cloud9 | Boston 2018
Oct 12 2021 01: +0,2.331,12,Sticker | Cloud9 | Boston 2018
Oct 13 2021 01: +0,2.511,20,Sticker | Cloud9 | Boston 2018
Oct 14 2021 01: +0,2.52,9,Sticker | Cloud9 | Boston 2018
Oct 15 2021 01: +0,2.574,12,Sticker | Cloud9 | Boston 2018
Oct 16 2021 01: +0,2.328,14,Sticker | Cloud9 | Boston 2018
Oct 17 2021 01: +0,2.371,19,Sticker | Cloud9 | Boston 2018
Oct 18 2021 01: +0,2.302,7,Sticker | Cloud9 | Boston 2018
Oct 19 2021 01: +0,2.461,23,Sticker | Cloud9 | Boston 2018
Oct 20 2021 01: +0,2.426,9,Sticker | Cloud9 | Boston 2018
Oct 21 2021 01: +0,2.513,14,Sticker | Cloud9 | Boston 2018
Oct 22 2021 01: +0,2.227,12,Sticker | Cloud9 | Boston 2018
Oct 23 2021 01: +0,2.438,29,Sticker | Cloud9 | Boston 2018
Oct 24 2021 01: +0,2.305,7,Sticker | Cloud9 | Boston 2018
Oct 25 2021 01: +0,2.194,9,Sticker | Cloud9 | Boston 2018
Oct 26 2021 01: +0,2.176,9,Sticker | Cloud9 | Boston 2018
Oct 27 2021 01: +0,2.184,27,Sticker | Cloud9 | Boston 2018
Oct 28 2021 01: +0,2.252,12,Sticker | Cloud9 | Boston 2018
Oct 29 2021 01: +0,2.054,15,Sticker | Cloud9 | Boston 2018
Oct 30 2021 01: +0,2.343,20,Sticker | Cloud9 | Boston 2018
Oct 31 2021 01: +0,2.407,19,Sticker | Cloud9 | Boston 2018
Nov 01 2021 01: +0,2.425,22,Sticker | Cloud9 | Boston 2018
Nov 02 2021 01: +0,2.402,21,Sticker | Cloud9 | Boston 2018
Nov 03 2021 01: +0,2.434,15,Sticker | Cloud9 | Boston 2018
Nov 04 2021 01: +0,2.222,11,Sticker | Cloud9 | Boston 2018
Nov 05 2021 01: +0,2.45,36,Sticker | Cloud9 | Boston 2018
Nov 06 2021 01: +0,2.473,20,Sticker | Cloud9 | Boston 2018
Nov 07 2021 01: +0,2.48,7,Sticker | Cloud9 | Boston 2018
Nov 08 2021 01: +0,2.101,27,Sticker | Cloud9 | Boston 2018
Nov 09 2021 01: +0,2.034,11,Sticker | Cloud9 | Boston 2018
Nov 10 2021 01: +0,2.161,32,Sticker | Cloud9 | Boston 2018
Nov 11 2021 01: +0,1.993,24,Sticker | Cloud9 | Boston 2018
Nov 12 2021 01: +0,2.1,19,Sticker | Cloud9 | Boston 2018
Nov 13 2021 01: +0,2.316,20,Sticker | Cloud9 | Boston 2018
Nov 14 2021 01: +0,2.344,12,Sticker | Cloud9 | Boston 2018
Nov 15 2021 01: +0,2.381,13,Sticker | Cloud9 | Boston 2018
Nov 16 2021 01: +0,2.394,20,Sticker | Cloud9 | Boston 2018
Nov 17 2021 01: +0,2.441,9,Sticker | Cloud9 | Boston 2018
Nov 18 2021 01: +0,2.404,14,Sticker | Cloud9 | Boston 2018
Nov 19 2021 01: +0,2.429,5,Sticker | Cloud9 | Boston 2018
Nov 20 2021 01: +0,2.43,15,Sticker | Cloud9 | Boston 2018
Nov 21 2021 01: +0,2.477,17,Sticker | Cloud9 | Boston 2018
Nov 22 2021 01: +0,2.283,9,Sticker | Cloud9 | Boston 2018
Nov 23 2021 01: +0,2.421,28,Sticker | Cloud9 | Boston 2018
Nov 24 2021 01: +0,2.422,13,Sticker | Cloud9 | Boston 2018
Nov 25 2021 01: +0,2.388,15,Sticker | Cloud9 | Boston 2018
Nov 26 2021 01: +0,2.415,7,Sticker | Cloud9 | Boston 2018
Nov 27 2021 01: +0,2.302,33,Sticker | Cloud9 | Boston 2018
Nov 28 2021 01: +0,2.291,20,Sticker | Cloud9 | Boston 2018
Nov 29 2021 01: +0,2.465,12,Sticker | Cloud9 | Boston 2018
Nov 30 2021 01: +0,2.22,37,Sticker | Cloud9 | Boston 2018
Dec 01 2021 01: +0,2.376,48,Sticker | Cloud9 | Boston 2018
Dec 02 2021 01: +0,2.486,7,Sticker | Cloud9 | Boston 2018
Dec 03 2021 01: +0,2.493,10,Sticker | Cloud9 | Boston 2018
Dec 04 2021 01: +0,2.544,10,Sticker | Cloud9 | Boston 2018
Dec 05 2021 01: +0,2.469,21,Sticker | Cloud9 | Boston 2018
Dec 06 2021 01: +0,2.492,15,Sticker | Cloud9 | Boston 2018
Dec 07 2021 01: +0,2.467,10,Sticker | Cloud9 | Boston 2018
Dec 08 2021 01: +0,2.338,15,Sticker | Cloud9 | Boston 2018
Dec 09 2021 01: +0,2.402,12,Sticker | Cloud9 | Boston 2018
Dec 10 2021 01: +0,2.473,8,Sticker | Cloud9 | Boston 2018
Dec 11 2021 01: +0,2.464,6,Sticker | Cloud9 | Boston 2018
Dec 12 2021 01: +0,2.399,24,Sticker | Cloud9 | Boston 2018
Dec 13 2021 01: +0,1.843,3,Sticker | Cloud9 | Boston 2018
Dec 14 2021 01: +0,2.283,9,Sticker | Cloud9 | Boston 2018
Dec 15 2021 01: +0,2.409,6,Sticker | Cloud9 | Boston 2018
Dec 16 2021 01: +0,2.176,18,Sticker | Cloud9 | Boston 2018
Dec 17 2021 01: +0,2.231,33,Sticker | Cloud9 | Boston 2018
Dec 18 2021 01: +0,2.166,6,Sticker | Cloud9 | Boston 2018
Dec 19 2021 01: +0,2.313,12,Sticker | Cloud9 | Boston 2018
Dec 20 2021 01: +0,2.432,14,Sticker | Cloud9 | Boston 2018
Dec 21 2021 01: +0,2.314,28,Sticker | Cloud9 | Boston 2018
Dec 22 2021 01: +0,2.258,12,Sticker | Cloud9 | Boston 2018
Dec 23 2021 01: +0,2.215,10,Sticker | Cloud9 | Boston 2018
Dec 24 2021 01: +0,2.395,18,Sticker | Cloud9 | Boston 2018
Dec 25 2021 01: +0,2.478,8,Sticker | Cloud9 | Boston 2018
Dec 26 2021 01: +0,2.517,12,Sticker | Cloud9 | Boston 2018
Dec 27 2021 01: +0,2.496,36,Sticker | Cloud9 | Boston 2018
Dec 28 2021 01: +0,2.535,39,Sticker | Cloud9 | Boston 2018
Dec 29 2021 01: +0,2.53,49,Sticker | Cloud9 | Boston 2018
Dec 30 2021 01: +0,2.509,70,Sticker | Cloud9 | Boston 2018
Dec 31 2021 01: +0,2.54,91,Sticker | Cloud9 | Boston 2018
Jan 01 2022 01: +0,2.584,28,Sticker | Cloud9 | Boston 2018
Jan 02 2022 01: +0,2.505,35,Sticker | Cloud9 | Boston 2018
Jan 03 2022 01: +0,2.518,48,Sticker | Cloud9 | Boston 2018
Jan 04 2022 01: +0,2.571,37,Sticker | Cloud9 | Boston 2018
Jan 05 2022 01: +0,2.554,63,Sticker | Cloud9 | Boston 2018
Jan 06 2022 01: +0,2.663,29,Sticker | Cloud9 | Boston 2018
Jan 07 2022 01: +0,2.709,28,Sticker | Cloud9 | Boston 2018
Jan 08 2022 01: +0,2.568,36,Sticker | Cloud9 | Boston 2018
Jan 09 2022 01: +0,2.658,47,Sticker | Cloud9 | Boston 2018
Jan 10 2022 01: +0,2.719,10,Sticker | Cloud9 | Boston 2018
Jan 11 2022 01: +0,2.49,8,Sticker | Cloud9 | Boston 2018
Jan 12 2022 01: +0,2.675,7,Sticker | Cloud9 | Boston 2018
Jan 13 2022 01: +0,2.523,12,Sticker | Cloud9 | Boston 2018
Jan 14 2022 01: +0,2.487,16,Sticker | Cloud9 | Boston 2018
Jan 15 2022 01: +0,2.484,16,Sticker | Cloud9 | Boston 2018
Jan 16 2022 01: +0,2.342,5,Sticker | Cloud9 | Boston 2018
Jan 17 2022 01: +0,2.46,10,Sticker | Cloud9 | Boston 2018
Jan 18 2022 01: +0,2.304,27,Sticker | Cloud9 | Boston 2018
Jan 19 2022 01: +0,2.415,9,Sticker | Cloud9 | Boston 2018
Jan 20 2022 01: +0,2.37,14,Sticker | Cloud9 | Boston 2018
Jan 21 2022 01: +0,2.624,17,Sticker | Cloud9 | Boston 2018
Jan 22 2022 01: +0,2.724,10,Sticker | Cloud9 | Boston 2018
Jan 23 2022 01: +0,2.627,15,Sticker | Cloud9 | Boston 2018
Jan 24 2022 01: +0,2.724,9,Sticker | Cloud9 | Boston 2018
Jan 25 2022 01: +0,2.493,14,Sticker | Cloud9 | Boston 2018
Jan 26 2022 01: +0,2.548,18,Sticker | Cloud9 | Boston 2018
Jan 27 2022 01: +0,2.614,9,Sticker | Cloud9 | Boston 2018
Jan 28 2022 01: +0,2.467,11,Sticker | Cloud9 | Boston 2018
Jan 29 2022 01: +0,2.385,21,Sticker | Cloud9 | Boston 2018
Jan 30 2022 01: +0,2.338,23,Sticker | Cloud9 | Boston 2018
Jan 31 2022 01: +0,2.36,13,Sticker | Cloud9 | Boston 2018
Feb 01 2022 01: +0,2.393,16,Sticker | Cloud9 | Boston 2018
Feb 02 2022 01: +0,2.391,26,Sticker | Cloud9 | Boston 2018
Feb 03 2022 01: +0,2.492,7,Sticker | Cloud9 | Boston 2018
Feb 04 2022 01: +0,2.541,30,Sticker | Cloud9 | Boston 2018
Feb 05 2022 01: +0,2.773,14,Sticker | Cloud9 | Boston 2018
Feb 06 2022 01: +0,2.694,15,Sticker | Cloud9 | Boston 2018
Feb 07 2022 01: +0,2.542,9,Sticker | Cloud9 | Boston 2018
Feb 08 2022 01: +0,2.554,13,Sticker | Cloud9 | Boston 2018
Feb 09 2022 01: +0,2.883,18,Sticker | Cloud9 | Boston 2018
Feb 10 2022 01: +0,2.558,9,Sticker | Cloud9 | Boston 2018
Feb 11 2022 01: +0,2.999,13,Sticker | Cloud9 | Boston 2018
Feb 12 2022 01: +0,2.675,8,Sticker | Cloud9 | Boston 2018
Feb 13 2022 01: +0,2.975,9,Sticker | Cloud9 | Boston 2018
Feb 14 2022 01: +0,2.866,12,Sticker | Cloud9 | Boston 2018
Feb 15 2022 01: +0,3.021,12,Sticker | Cloud9 | Boston 2018
Feb 16 2022 01: +0,2.851,14,Sticker | Cloud9 | Boston 2018
Feb 17 2022 01: +0,2.989,18,Sticker | Cloud9 | Boston 2018
Feb 18 2022 01: +0,2.997,15,Sticker | Cloud9 | Boston 2018
Feb 19 2022 01: +0,3.066,13,Sticker | Cloud9 | Boston 2018
Feb 20 2022 01: +0,2.878,12,Sticker | Cloud9 | Boston 2018
Feb 21 2022 01: +0,2.856,7,Sticker | Cloud9 | Boston 2018
Feb 22 2022 01: +0,2.933,8,Sticker | Cloud9 | Boston 2018
Feb 23 2022 01: +0,2.917,10,Sticker | Cloud9 | Boston 2018
Feb 24 2022 01: +0,2.811,21,Sticker | Cloud9 | Boston 2018
Feb 25 2022 01: +0,2.831,10,Sticker | Cloud9 | Boston 2018
Feb 26 2022 01: +0,2.677,41,Sticker | Cloud9 | Boston 2018
Feb 27 2022 01: +0,2.844,14,Sticker | Cloud9 | Boston 2018
Feb 28 2022 01: +0,2.954,28,Sticker | Cloud9 | Boston 2018
Mar 01 2022 01: +0,3.026,11,Sticker | Cloud9 | Boston 2018
Mar 02 2022 01: +0,3.083,18,Sticker | Cloud9 | Boston 2018
Mar 03 2022 01: +0,3.044,10,Sticker | Cloud9 | Boston 2018
Mar 04 2022 01: +0,2.952,10,Sticker | Cloud9 | Boston 2018
Mar 05 2022 01: +0,2.967,21,Sticker | Cloud9 | Boston 2018
Mar 06 2022 01: +0,2.971,11,Sticker | Cloud9 | Boston 2018
Mar 07 2022 01: +0,2.88,23,Sticker | Cloud9 | Boston 2018
Mar 08 2022 01: +0,2.858,19,Sticker | Cloud9 | Boston 2018
Mar 09 2022 01: +0,2.929,18,Sticker | Cloud9 | Boston 2018
Mar 10 2022 01: +0,2.905,12,Sticker | Cloud9 | Boston 2018
Mar 11 2022 01: +0,2.972,8,Sticker | Cloud9 | Boston 2018
Mar 12 2022 01: +0,3.238,8,Sticker | Cloud9 | Boston 2018
Mar 13 2022 01: +0,2.734,6,Sticker | Cloud9 | Boston 2018
Mar 14 2022 01: +0,3.17,14,Sticker | Cloud9 | Boston 2018
Mar 15 2022 01: +0,3.034,2,Sticker | Cloud9 | Boston 2018
Mar 16 2022 01: +0,2.954,23,Sticker | Cloud9 | Boston 2018
Mar 17 2022 01: +0,3.217,15,Sticker | Cloud9 | Boston 2018
Mar 18 2022 01: +0,2.927,11,Sticker | Cloud9 | Boston 2018
Mar 19 2022 01: +0,2.995,33,Sticker | Cloud9 | Boston 2018
Mar 20 2022 01: +0,3.095,7,Sticker | Cloud9 | Boston 2018
Mar 21 2022 01: +0,3.269,7,Sticker | Cloud9 | Boston 2018
Mar 22 2022 01: +0,3.234,13,Sticker | Cloud9 | Boston 2018
Mar 23 2022 01: +0,3.261,8,Sticker | Cloud9 | Boston 2018
Mar 24 2022 01: +0,3.266,18,Sticker | Cloud9 | Boston 2018
Mar 25 2022 01: +0,3.251,5,Sticker | Cloud9 | Boston 2018
Mar 26 2022 01: +0,3.433,11,Sticker | Cloud9 | Boston 2018
Mar 27 2022 01: +0,2.935,7,Sticker | Cloud9 | Boston 2018
Mar 28 2022 01: +0,3.314,11,Sticker | Cloud9 | Boston 2018
Mar 29 2022 01: +0,3.505,5,Sticker | Cloud9 | Boston 2018
Mar 30 2022 01: +0,3.6,6,Sticker | Cloud9 | Boston 2018
Mar 31 2022 01: +0,3.677,16,Sticker | Cloud9 | Boston 2018
Apr 01 2022 01: +0,3.408,12,Sticker | Cloud9 | Boston 2018
Apr 02 2022 01: +0,3.306,7,Sticker | Cloud9 | Boston 2018
Apr 03 2022 01: +0,3.518,7,Sticker | Cloud9 | Boston 2018
Apr 04 2022 01: +0,3.176,1,Sticker | Cloud9 | Boston 2018
Apr 05 2022 01: +0,3.021,9,Sticker | Cloud9 | Boston 2018
Apr 06 2022 01: +0,3.481,11,Sticker | Cloud9 | Boston 2018
Apr 07 2022 01: +0,3.343,11,Sticker | Cloud9 | Boston 2018
Apr 08 2022 01: +0,3.504,10,Sticker | Cloud9 | Boston 2018
Apr 09 2022 01: +0,3.302,9,Sticker | Cloud9 | Boston 2018
Apr 10 2022 01: +0,3.49,7,Sticker | Cloud9 | Boston 2018
Apr 11 2022 01: +0,3.462,11,Sticker | Cloud9 | Boston 2018
Apr 12 2022 01: +0,3.564,6,Sticker | Cloud9 | Boston 2018
Apr 13 2022 01: +0,2.662,6,Sticker | Cloud9 | Boston 2018
Apr 14 2022 01: +0,3.533,6,Sticker | Cloud9 | Boston 2018
Apr 15 2022 01: +0,3.476,7,Sticker | Cloud9 | Boston 2018
Apr 16 2022 01: +0,3.406,52,Sticker | Cloud9 | Boston 2018
Apr 17 2022 01: +0,3.378,3,Sticker | Cloud9 | Boston 2018
Apr 18 2022 01: +0,3.364,14,Sticker | Cloud9 | Boston 2018
Apr 19 2022 01: +0,3.223,22,Sticker | Cloud9 | Boston 2018
Apr 20 2022 01: +0,3.469,13,Sticker | Cloud9 | Boston 2018
Apr 21 2022 01: +0,3.521,10,Sticker | Cloud9 | Boston 2018
Apr 22 2022 01: +0,3.538,27,Sticker | Cloud9 | Boston 2018
Apr 23 2022 01: +0,3.529,23,Sticker | Cloud9 | Boston 2018
Apr 24 2022 01: +0,3.939,115,Sticker | Cloud9 | Boston 2018
Apr 25 2022 01: +0,4.076,54,Sticker | Cloud9 | Boston 2018
Apr 26 2022 01: +0,4.353,33,Sticker | Cloud9 | Boston 2018
Apr 27 2022 01: +0,4.593,10,Sticker | Cloud9 | Boston 2018
Apr 28 2022 01: +0,4.618,5,Sticker | Cloud9 | Boston 2018
Apr 29 2022 01: +0,4.257,8,Sticker | Cloud9 | Boston 2018
Apr 30 2022 01: +0,4.237,10,Sticker | Cloud9 | Boston 2018
May 01 2022 01: +0,4.151,8,Sticker | Cloud9 | Boston 2018
May 02 2022 01: +0,4.158,21,Sticker | Cloud9 | Boston 2018
May 03 2022 01: +0,3.658,11,Sticker | Cloud9 | Boston 2018
May 04 2022 01: +0,3.487,19,Sticker | Cloud9 | Boston 2018
May 05 2022 01: +0,2.985,12,Sticker | Cloud9 | Boston 2018
May 06 2022 01: +0,2.979,9,Sticker | Cloud9 | Boston 2018
May 07 2022 01: +0,2.972,3,Sticker | Cloud9 | Boston 2018
May 08 2022 01: +0,2.997,10,Sticker | Cloud9 | Boston 2018
May 09 2022 01: +0,3.084,8,Sticker | Cloud9 | Boston 2018
May 10 2022 01: +0,2.78,11,Sticker | Cloud9 | Boston 2018
May 11 2022 01: +0,3.085,12,Sticker | Cloud9 | Boston 2018
May 12 2022 01: +0,2.999,7,Sticker | Cloud9 | Boston 2018
May 13 2022 01: +0,2.782,9,Sticker | Cloud9 | Boston 2018
May 14 2022 01: +0,2.778,14,Sticker | Cloud9 | Boston 2018
May 15 2022 01: +0,2.618,18,Sticker | Cloud9 | Boston 2018
May 16 2022 01: +0,2.798,4,Sticker | Cloud9 | Boston 2018
May 17 2022 01: +0,2.527,7,Sticker | Cloud9 | Boston 2018
May 18 2022 01: +0,2.495,10,Sticker | Cloud9 | Boston 2018
May 19 2022 01: +0,2.62,7,Sticker | Cloud9 | Boston 2018
May 20 2022 01: +0,2.667,22,Sticker | Cloud9 | Boston 2018
May 21 2022 01: +0,2.521,8,Sticker | Cloud9 | Boston 2018
May 22 2022 01: +0,2.757,8,Sticker | Cloud9 | Boston 2018
May 23 2022 01: +0,2.548,10,Sticker | Cloud9 | Boston 2018
May 24 2022 01: +0,2.833,9,Sticker | Cloud9 | Boston 2018
May 25 2022 01: +0,2.757,19,Sticker | Cloud9 | Boston 2018
May 26 2022 01: +0,2.705,11,Sticker | Cloud9 | Boston 2018
May 27 2022 01: +0,2.922,20,Sticker | Cloud9 | Boston 2018
May 28 2022 01: +0,2.868,2,Sticker | Cloud9 | Boston 2018
May 29 2022 01: +0,2.826,7,Sticker | Cloud9 | Boston 2018
May 30 2022 01: +0,2.772,8,Sticker | Cloud9 | Boston 2018
May 31 2022 01: +0,2.836,12,Sticker | Cloud9 | Boston 2018
Jun 01 2022 01: +0,2.666,11,Sticker | Cloud9 | Boston 2018
Jun 02 2022 01: +0,2.783,8,Sticker | Cloud9 | Boston 2018
Jun 03 2022 01: +0,2.663,11,Sticker | Cloud9 | Boston 2018
Jun 04 2022 01: +0,2.548,6,Sticker | Cloud9 | Boston 2018
Jun 05 2022 01: +0,2.653,7,Sticker | Cloud9 | Boston 2018
Jun 06 2022 01: +0,2.633,10,Sticker | Cloud9 | Boston 2018
Jun 07 2022 01: +0,2.482,12,Sticker | Cloud9 | Boston 2018
Jun 08 2022 01: +0,2.789,1,Sticker | Cloud9 | Boston 2018
Jun 09 2022 01: +0,2.765,9,Sticker | Cloud9 | Boston 2018
Jun 10 2022 01: +0,2.642,13,Sticker | Cloud9 | Boston 2018
Jun 11 2022 01: +0,2.654,8,Sticker | Cloud9 | Boston 2018
Jun 12 2022 01: +0,2.646,6,Sticker | Cloud9 | Boston 2018
Jun 13 2022 01: +0,2.56,4,Sticker | Cloud9 | Boston 2018
Jun 14 2022 01: +0,2.442,3,Sticker | Cloud9 | Boston 2018
Jun 15 2022 01: +0,2.426,3,Sticker | Cloud9 | Boston 2018
Jun 16 2022 01: +0,2.53,8,Sticker | Cloud9 | Boston 2018
Jun 17 2022 01: +0,2.373,53,Sticker | Cloud9 | Boston 2018
Jun 18 2022 01: +0,2.429,12,Sticker | Cloud9 | Boston 2018
Jun 19 2022 01: +0,2.537,7,Sticker | Cloud9 | Boston 2018
Jun 20 2022 01: +0,2.34,5,Sticker | Cloud9 | Boston 2018
Jun 21 2022 01: +0,2.365,2,Sticker | Cloud9 | Boston 2018
Jun 22 2022 01: +0,2.252,4,Sticker | Cloud9 | Boston 2018
Jun 23 2022 01: +0,2.301,16,Sticker | Cloud9 | Boston 2018
Jun 24 2022 01: +0,2.291,12,Sticker | Cloud9 | Boston 2018
Jun 25 2022 01: +0,2.325,11,Sticker | Cloud9 | Boston 2018
Jun 26 2022 01: +0,2.302,5,Sticker | Cloud9 | Boston 2018
Jun 27 2022 01: +0,2.451,14,Sticker | Cloud9 | Boston 2018
Jun 28 2022 01: +0,2.452,12,Sticker | Cloud9 | Boston 2018
Jun 29 2022 01: +0,2.26,15,Sticker | Cloud9 | Boston 2018
Jun 30 2022 01: +0,2.329,10,Sticker | Cloud9 | Boston 2018
Jul 01 2022 01: +0,2.488,7,Sticker | Cloud9 | Boston 2018
Jul 02 2022 01: +0,2.287,9,Sticker | Cloud9 | Boston 2018
Jul 03 2022 01: +0,2.361,9,Sticker | Cloud9 | Boston 2018
Jul 04 2022 01: +0,2.235,4,Sticker | Cloud9 | Boston 2018
Jul 05 2022 01: +0,2.16,18,Sticker | Cloud9 | Boston 2018
Jul 06 2022 01: +0,2.102,10,Sticker | Cloud9 | Boston 2018
Jul 07 2022 01: +0,2.087,13,Sticker | Cloud9 | Boston 2018
Jul 08 2022 01: +0,2.14,12,Sticker | Cloud9 | Boston 2018
Jul 09 2022 01: +0,2.15,6,Sticker | Cloud9 | Boston 2018
Jul 10 2022 01: +0,2.175,9,Sticker | Cloud9 | Boston 2018
Jul 11 2022 01: +0,2.071,10,Sticker | Cloud9 | Boston 2018
Jul 12 2022 01: +0,2.348,6,Sticker | Cloud9 | Boston 2018
Jul 13 2022 01: +0,2.363,5,Sticker | Cloud9 | Boston 2018
Jul 14 2022 01: +0,2.266,3,Sticker | Cloud9 | Boston 2018
Jul 15 2022 01: +0,2.236,10,Sticker | Cloud9 | Boston 2018
Jul 16 2022 01: +0,2.247,5,Sticker | Cloud9 | Boston 2018
Jul 17 2022 01: +0,2.321,18,Sticker | Cloud9 | Boston 2018
Jul 18 2022 01: +0,2.272,6,Sticker | Cloud9 | Boston 2018
Jul 19 2022 01: +0,2.082,7,Sticker | Cloud9 | Boston 2018
Jul 20 2022 01: +0,2.302,11,Sticker | Cloud9 | Boston 2018
Jul 21 2022 01: +0,2.283,10,Sticker | Cloud9 | Boston 2018
Jul 22 2022 01: +0,2.282,5,Sticker | Cloud9 | Boston 2018
Jul 23 2022 01: +0,2.156,11,Sticker | Cloud9 | Boston 2018
Jul 24 2022 01: +0,2.338,16,Sticker | Cloud9 | Boston 2018
Jul 25 2022 01: +0,2.349,8,Sticker | Cloud9 | Boston 2018
Jul 26 2022 01: +0,2.262,8,Sticker | Cloud9 | Boston 2018
Jul 27 2022 01: +0,2.31,5,Sticker | Cloud9 | Boston 2018
Jul 28 2022 01: +0,2.346,4,Sticker | Cloud9 | Boston 2018
Jul 29 2022 01: +0,2.167,19,Sticker | Cloud9 | Boston 2018
Jul 30 2022 01: +0,2.136,11,Sticker | Cloud9 | Boston 2018
Jul 31 2022 01: +0,2.154,25,Sticker | Cloud9 | Boston 2018
Aug 01 2022 01: +0,2.177,13,Sticker | Cloud9 | Boston 2018
Aug 02 2022 01: +0,2.259,5,Sticker | Cloud9 | Boston 2018
Aug 03 2022 01: +0,2.082,14,Sticker | Cloud9 | Boston 2018
Aug 04 2022 01: +0,2.14,6,Sticker | Cloud9 | Boston 2018
Aug 05 2022 01: +0,2.078,8,Sticker | Cloud9 | Boston 2018
Aug 06 2022 01: +0,2.161,24,Sticker | Cloud9 | Boston 2018
Aug 07 2022 01: +0,2.202,6,Sticker | Cloud9 | Boston 2018
Aug 08 2022 01: +0,2.147,19,Sticker | Cloud9 | Boston 2018
Aug 09 2022 01: +0,2.253,11,Sticker | Cloud9 | Boston 2018
Aug 10 2022 01: +0,2.471,19,Sticker | Cloud9 | Boston 2018
Aug 11 2022 01: +0,2.537,7,Sticker | Cloud9 | Boston 2018
Aug 12 2022 01: +0,2.32,8,Sticker | Cloud9 | Boston 2018
Aug 13 2022 01: +0,2.607,11,Sticker | Cloud9 | Boston 2018
Aug 14 2022 01: +0,2.571,10,Sticker | Cloud9 | Boston 2018
Aug 15 2022 01: +0,2.262,5,Sticker | Cloud9 | Boston 2018
Aug 16 2022 01: +0,2.459,12,Sticker | Cloud9 | Boston 2018
Aug 17 2022 01: +0,2.402,12,Sticker | Cloud9 | Boston 2018
Aug 18 2022 01: +0,2.286,9,Sticker | Cloud9 | Boston 2018
Aug 19 2022 01: +0,2.3,11,Sticker | Cloud9 | Boston 2018
Aug 20 2022 01: +0,2.219,15,Sticker | Cloud9 | Boston 2018
Aug 21 2022 01: +0,2.128,21,Sticker | Cloud9 | Boston 2018
Aug 22 2022 01: +0,2.028,21,Sticker | Cloud9 | Boston 2018
Aug 23 2022 01: +0,2.016,1,Sticker | Cloud9 | Boston 2018
Aug 24 2022 01: +0,1.718,18,Sticker | Cloud9 | Boston 2018
Aug 25 2022 01: +0,2.127,8,Sticker | Cloud9 | Boston 2018
Aug 26 2022 01: +0,1.927,1,Sticker | Cloud9 | Boston 2018
Aug 27 2022 01: +0,2.353,20,Sticker | Cloud9 | Boston 2018
Aug 28 2022 01: +0,2.41,8,Sticker | Cloud9 | Boston 2018
Aug 29 2022 01: +0,2.497,26,Sticker | Cloud9 | Boston 2018
Aug 30 2022 01: +0,2.52,18,Sticker | Cloud9 | Boston 2018
Aug 31 2022 01: +0,2.504,18,Sticker | Cloud9 | Boston 2018
Sep 01 2022 01: +0,2.527,15,Sticker | Cloud9 | Boston 2018
Sep 02 2022 01: +0,2.554,8,Sticker | Cloud9 | Boston 2018
Sep 03 2022 01: +0,2.553,6,Sticker | Cloud9 | Boston 2018
Sep 04 2022 01: +0,2.54,8,Sticker | Cloud9 | Boston 2018
Sep 05 2022 01: +0,2.411,9,Sticker | Cloud9 | Boston 2018
Sep 06 2022 01: +0,2.538,3,Sticker | Cloud9 | Boston 2018
Sep 07 2022 01: +0,2.475,26,Sticker | Cloud9 | Boston 2018
Sep 08 2022 01: +0,2.579,14,Sticker | Cloud9 | Boston 2018
Sep 09 2022 01: +0,2.339,3,Sticker | Cloud9 | Boston 2018
Sep 10 2022 01: +0,2.603,5,Sticker | Cloud9 | Boston 2018
Sep 11 2022 01: +0,2.541,2,Sticker | Cloud9 | Boston 2018
Sep 12 2022 01: +0,2.401,3,Sticker | Cloud9 | Boston 2018
Sep 13 2022 01: +0,2.439,1,Sticker | Cloud9 | Boston 2018
Sep 14 2022 01: +0,2.363,3,Sticker | Cloud9 | Boston 2018
Sep 15 2022 01: +0,2.123,1,Sticker | Cloud9 | Boston 2018
Sep 16 2022 01: +0,2.042,2,Sticker | Cloud9 | Boston 2018
Sep 17 2022 01: +0,2.08,28,Sticker | Cloud9 | Boston 2018
Sep 18 2022 01: +0,2.12,10,Sticker | Cloud9 | Boston 2018
Sep 19 2022 01: +0,2.132,7,Sticker | Cloud9 | Boston 2018
Sep 20 2022 01: +0,2.158,14,Sticker | Cloud9 | Boston 2018
Sep 21 2022 01: +0,2.136,11,Sticker | Cloud9 | Boston 2018
Sep 22 2022 01: +0,2.208,21,Sticker | Cloud9 | Boston 2018
Sep 23 2022 01: +0,2.268,15,Sticker | Cloud9 | Boston 2018
Sep 24 2022 01: +0,2.182,9,Sticker | Cloud9 | Boston 2018
Sep 25 2022 01: +0,2.334,14,Sticker | Cloud9 | Boston 2018
Sep 26 2022 01: +0,2.302,5,Sticker | Cloud9 | Boston 2018
Sep 27 2022 01: +0,2.179,5,Sticker | Cloud9 | Boston 2018
Sep 28 2022 01: +0,2.195,12,Sticker | Cloud9 | Boston 2018
Sep 29 2022 01: +0,2.273,5,Sticker | Cloud9 | Boston 2018
Sep 30 2022 01: +0,2.14,16,Sticker | Cloud9 | Boston 2018
Oct 01 2022 01: +0,2.322,14,Sticker | Cloud9 | Boston 2018
Oct 02 2022 01: +0,2.038,6,Sticker | Cloud9 | Boston 2018
Oct 03 2022 01: +0,2.226,9,Sticker | Cloud9 | Boston 2018
Oct 04 2022 01: +0,2.145,7,Sticker | Cloud9 | Boston 2018
Oct 05 2022 01: +0,2.227,7,Sticker | Cloud9 | Boston 2018
Oct 06 2022 01: +0,2.199,8,Sticker | Cloud9 | Boston 2018
Oct 07 2022 01: +0,2.262,4,Sticker | Cloud9 | Boston 2018
Oct 08 2022 01: +0,1.908,10,Sticker | Cloud9 | Boston 2018
Oct 09 2022 01: +0,2.252,23,Sticker | Cloud9 | Boston 2018
Oct 10 2022 01: +0,2.221,6,Sticker | Cloud9 | Boston 2018
Oct 11 2022 01: +0,2.25,8,Sticker | Cloud9 | Boston 2018
Oct 12 2022 01: +0,2.327,4,Sticker | Cloud9 | Boston 2018
Oct 13 2022 01: +0,2.33,15,Sticker | Cloud9 | Boston 2018
Oct 14 2022 01: +0,2.352,5,Sticker | Cloud9 | Boston 2018
Oct 15 2022 01: +0,2.051,4,Sticker | Cloud9 | Boston 2018
Oct 16 2022 01: +0,2.059,2,Sticker | Cloud9 | Boston 2018
Oct 17 2022 01: +0,2.047,9,Sticker | Cloud9 | Boston 2018
Oct 18 2022 01: +0,2.16,7,Sticker | Cloud9 | Boston 2018
Oct 19 2022 01: +0,2.214,15,Sticker | Cloud9 | Boston 2018
Oct 20 2022 01: +0,2.26,6,Sticker | Cloud9 | Boston 2018
Oct 21 2022 01: +0,2.29,3,Sticker | Cloud9 | Boston 2018
Oct 22 2022 01: +0,2.312,15,Sticker | Cloud9 | Boston 2018
Oct 23 2022 01: +0,2.051,5,Sticker | Cloud9 | Boston 2018
Oct 24 2022 01: +0,2.318,13,Sticker | Cloud9 | Boston 2018
Oct 25 2022 01: +0,2.33,4,Sticker | Cloud9 | Boston 2018
Oct 26 2022 01: +0,2.198,5,Sticker | Cloud9 | Boston 2018
Oct 27 2022 01: +0,2.218,9,Sticker | Cloud9 | Boston 2018
Oct 28 2022 01: +0,2.123,1,Sticker | Cloud9 | Boston 2018
Oct 29 2022 01: +0,2.225,2,Sticker | Cloud9 | Boston 2018
Oct 30 2022 01: +0,2.175,4,Sticker | Cloud9 | Boston 2018
Oct 31 2022 01: +0,2.193,4,Sticker | Cloud9 | Boston 2018
Nov 01 2022 01: +0,2.228,11,Sticker | Cloud9 | Boston 2018
Nov 02 2022 01: +0,2.178,10,Sticker | Cloud9 | Boston 2018
Nov 03 2022 01: +0,2.165,1,Sticker | Cloud9 | Boston 2018
Nov 04 2022 01: +0,2.155,2,Sticker | Cloud9 | Boston 2018
Nov 05 2022 01: +0,2.33,3,Sticker | Cloud9 | Boston 2018
Nov 06 2022 01: +0,2.365,10,Sticker | Cloud9 | Boston 2018
Nov 07 2022 01: +0,2.323,15,Sticker | Cloud9 | Boston 2018
Nov 08 2022 01: +0,2.391,11,Sticker | Cloud9 | Boston 2018
Nov 09 2022 01: +0,2.386,10,Sticker | Cloud9 | Boston 2018
Nov 10 2022 01: +0,2.44,15,Sticker | Cloud9 | Boston 2018
Nov 11 2022 01: +0,2.587,14,Sticker | Cloud9 | Boston 2018
Nov 12 2022 01: +0,2.568,12,Sticker | Cloud9 | Boston 2018
Nov 13 2022 01: +0,2.628,4,Sticker | Cloud9 | Boston 2018
Nov 14 2022 01: +0,2.561,9,Sticker | Cloud9 | Boston 2018
Nov 15 2022 01: +0,2.567,8,Sticker | Cloud9 | Boston 2018
Nov 16 2022 01: +0,2.377,6,Sticker | Cloud9 | Boston 2018
Nov 17 2022 01: +0,2.06,14,Sticker | Cloud9 | Boston 2018
Nov 18 2022 01: +0,2.313,6,Sticker | Cloud9 | Boston 2018
Nov 19 2022 01: +0,2.031,7,Sticker | Cloud9 | Boston 2018
Nov 20 2022 01: +0,2.213,5,Sticker | Cloud9 | Boston 2018
Nov 21 2022 01: +0,1.961,13,Sticker | Cloud9 | Boston 2018
Nov 22 2022 01: +0,1.734,10,Sticker | Cloud9 | Boston 2018
Nov 23 2022 01: +0,1.899,10,Sticker | Cloud9 | Boston 2018
Nov 24 2022 01: +0,1.954,9,Sticker | Cloud9 | Boston 2018
Nov 25 2022 01: +0,1.865,9,Sticker | Cloud9 | Boston 2018
Nov 26 2022 01: +0,2.103,3,Sticker | Cloud9 | Boston 2018
Nov 27 2022 01: +0,2.07,8,Sticker | Cloud9 | Boston 2018
Nov 28 2022 01: +0,1.95,6,Sticker | Cloud9 | Boston 2018
Nov 29 2022 01: +0,2.004,14,Sticker | Cloud9 | Boston 2018
Nov 30 2022 01: +0,1.913,5,Sticker | Cloud9 | Boston 2018
Dec 01 2022 01: +0,1.435,4,Sticker | Cloud9 | Boston 2018
Dec 02 2022 01: +0,2.081,10,Sticker | Cloud9 | Boston 2018
Dec 03 2022 01: +0,2.178,3,Sticker | Cloud9 | Boston 2018
Dec 04 2022 01: +0,2.175,10,Sticker | Cloud9 | Boston 2018
Dec 05 2022 01: +0,2.16,3,Sticker | Cloud9 | Boston 2018
Dec 06 2022 01: +0,2.124,18,Sticker | Cloud9 | Boston 2018
Dec 07 2022 01: +0,2.13,8,Sticker | Cloud9 | Boston 2018
Dec 08 2022 01: +0,2.239,5,Sticker | Cloud9 | Boston 2018
Dec 09 2022 01: +0,2.4,9,Sticker | Cloud9 | Boston 2018
Dec 10 2022 01: +0,2.379,9,Sticker | Cloud9 | Boston 2018
Dec 11 2022 01: +0,2.123,1,Sticker | Cloud9 | Boston 2018
Dec 12 2022 01: +0,2.34,8,Sticker | Cloud9 | Boston 2018
Dec 13 2022 01: +0,2.351,5,Sticker | Cloud9 | Boston 2018
Dec 14 2022 01: +0,2.385,6,Sticker | Cloud9 | Boston 2018
Dec 15 2022 01: +0,2.483,8,Sticker | Cloud9 | Boston 2018
Dec 16 2022 01: +0,1.932,8,Sticker | Cloud9 | Boston 2018
Dec 17 2022 01: +0,2.307,5,Sticker | Cloud9 | Boston 2018
Dec 18 2022 01: +0,1.766,3,Sticker | Cloud9 | Boston 2018
Dec 19 2022 01: +0,2.084,4,Sticker | Cloud9 | Boston 2018
Dec 20 2022 01: +0,1.95,15,Sticker | Cloud9 | Boston 2018
Dec 21 2022 01: +0,2.181,5,Sticker | Cloud9 | Boston 2018
Dec 22 2022 01: +0,1.856,8,Sticker | Cloud9 | Boston 2018
Dec 23 2022 01: +0,2.003,8,Sticker | Cloud9 | Boston 2018
Dec 24 2022 01: +0,1.923,16,Sticker | Cloud9 | Boston 2018
Dec 25 2022 01: +0,2.124,7,Sticker | Cloud9 | Boston 2018
Dec 26 2022 01: +0,2.267,7,Sticker | Cloud9 | Boston 2018
Dec 27 2022 01: +0,1.704,8,Sticker | Cloud9 | Boston 2018
Dec 28 2022 01: +0,2.294,17,Sticker | Cloud9 | Boston 2018
Dec 29 2022 01: +0,2.272,9,Sticker | Cloud9 | Boston 2018
Dec 30 2022 01: +0,2.398,6,Sticker | Cloud9 | Boston 2018
Dec 31 2022 01: +0,2.118,2,Sticker | Cloud9 | Boston 2018
Jan 01 2023 01: +0,2.122,7,Sticker | Cloud9 | Boston 2018
Jan 02 2023 01: +0,2.334,11,Sticker | Cloud9 | Boston 2018
Jan 03 2023 01: +0,2.387,24,Sticker | Cloud9 | Boston 2018
Jan 04 2023 01: +0,2.527,12,Sticker | Cloud9 | Boston 2018
Jan 05 2023 01: +0,2.35,6,Sticker | Cloud9 | Boston 2018
Jan 06 2023 01: +0,2.463,2,Sticker | Cloud9 | Boston 2018
Jan 07 2023 01: +0,2.588,10,Sticker | Cloud9 | Boston 2018
Jan 08 2023 01: +0,2.547,8,Sticker | Cloud9 | Boston 2018
Jan 09 2023 01: +0,2.616,25,Sticker | Cloud9 | Boston 2018
Jan 10 2023 01: +0,2.576,2,Sticker | Cloud9 | Boston 2018
Jan 11 2023 01: +0,2.552,18,Sticker | Cloud9 | Boston 2018
Jan 12 2023 01: +0,2.555,10,Sticker | Cloud9 | Boston 2018
Jan 13 2023 01: +0,2.435,12,Sticker | Cloud9 | Boston 2018
Jan 14 2023 01: +0,2.286,9,Sticker | Cloud9 | Boston 2018
Jan 15 2023 01: +0,2.601,11,Sticker | Cloud9 | Boston 2018
Jan 16 2023 01: +0,2.802,3,Sticker | Cloud9 | Boston 2018
Jan 17 2023 01: +0,2.641,6,Sticker | Cloud9 | Boston 2018
Jan 18 2023 01: +0,2.471,4,Sticker | Cloud9 | Boston 2018
Jan 19 2023 01: +0,2.535,4,Sticker | Cloud9 | Boston 2018
Jan 20 2023 01: +0,2.496,5,Sticker | Cloud9 | Boston 2018
Jan 21 2023 01: +0,2.651,3,Sticker | Cloud9 | Boston 2018
Jan 22 2023 01: +0,2.543,6,Sticker | Cloud9 | Boston 2018
Jan 23 2023 01: +0,2.573,16,Sticker | Cloud9 | Boston 2018
Jan 24 2023 01: +0,2.829,11,Sticker | Cloud9 | Boston 2018
Jan 25 2023 01: +0,2.751,12,Sticker | Cloud9 | Boston 2018
Jan 26 2023 01: +0,2.773,8,Sticker | Cloud9 | Boston 2018
Jan 27 2023 01: +0,2.498,5,Sticker | Cloud9 | Boston 2018
Jan 28 2023 01: +0,2.391,19,Sticker | Cloud9 | Boston 2018
Jan 29 2023 01: +0,2.883,7,Sticker | Cloud9 | Boston 2018
Jan 30 2023 01: +0,2.753,9,Sticker | Cloud9 | Boston 2018
Jan 31 2023 01: +0,2.769,6,Sticker | Cloud9 | Boston 2018
Feb 01 2023 01: +0,2.373,11,Sticker | Cloud9 | Boston 2018
Feb 02 2023 01: +0,2.704,9,Sticker | Cloud9 | Boston 2018
Feb 03 2023 01: +0,2.706,8,Sticker | Cloud9 | Boston 2018
Feb 04 2023 01: +0,2.776,10,Sticker | Cloud9 | Boston 2018
Feb 05 2023 01: +0,2.703,3,Sticker | Cloud9 | Boston 2018
Feb 06 2023 01: +0,2.689,10,Sticker | Cloud9 | Boston 2018
Feb 07 2023 01: +0,2.481,3,Sticker | Cloud9 | Boston 2018
Feb 08 2023 01: +0,2.259,2,Sticker | Cloud9 | Boston 2018
Feb 09 2023 01: +0,2.41,6,Sticker | Cloud9 | Boston 2018
Feb 10 2023 01: +0,2.35,5,Sticker | Cloud9 | Boston 2018
Feb 11 2023 01: +0,2.622,16,Sticker | Cloud9 | Boston 2018
Feb 12 2023 01: +0,2.299,15,Sticker | Cloud9 | Boston 2018
Feb 13 2023 01: +0,2.182,13,Sticker | Cloud9 | Boston 2018
Feb 14 2023 01: +0,2.489,15,Sticker | Cloud9 | Boston 2018
Feb 15 2023 01: +0,2.182,1,Sticker | Cloud9 | Boston 2018
Feb 16 2023 01: +0,2.338,6,Sticker | Cloud9 | Boston 2018
Feb 17 2023 01: +0,2.205,7,Sticker | Cloud9 | Boston 2018
Feb 18 2023 01: +0,2.226,13,Sticker | Cloud9 | Boston 2018
Feb 19 2023 01: +0,1.987,10,Sticker | Cloud9 | Boston 2018
Feb 20 2023 01: +0,2.186,5,Sticker | Cloud9 | Boston 2018
Feb 21 2023 01: +0,2.085,6,Sticker | Cloud9 | Boston 2018
Feb 22 2023 01: +0,2.067,8,Sticker | Cloud9 | Boston 2018
Feb 23 2023 01: +0,2.08,17,Sticker | Cloud9 | Boston 2018
Feb 24 2023 01: +0,2.026,11,Sticker | Cloud9 | Boston 2018
Feb 25 2023 01: +0,2.038,21,Sticker | Cloud9 | Boston 2018
Feb 26 2023 01: +0,2.061,29,Sticker | Cloud9 | Boston 2018
Feb 27 2023 01: +0,2.031,4,Sticker | Cloud9 | Boston 2018
Feb 28 2023 01: +0,2.047,10,Sticker | Cloud9 | Boston 2018
Mar 01 2023 01: +0,2.143,52,Sticker | Cloud9 | Boston 2018
Mar 02 2023 01: +0,2.318,9,Sticker | Cloud9 | Boston 2018
Mar 03 2023 01: +0,2.342,9,Sticker | Cloud9 | Boston 2018
Mar 04 2023 01: +0,2.3,13,Sticker | Cloud9 | Boston 2018
Mar 05 2023 01: +0,2.262,14,Sticker | Cloud9 | Boston 2018
Mar 06 2023 01: +0,2.528,13,Sticker | Cloud9 | Boston 2018
Mar 07 2023 01: +0,2.261,14,Sticker | Cloud9 | Boston 2018
Mar 08 2023 01: +0,1.975,18,Sticker | Cloud9 | Boston 2018
Mar 09 2023 01: +0,2.546,19,Sticker | Cloud9 | Boston 2018
Mar 10 2023 01: +0,2.365,6,Sticker | Cloud9 | Boston 2018
Mar 11 2023 01: +0,2.018,20,Sticker | Cloud9 | Boston 2018
Mar 12 2023 01: +0,2.622,10,Sticker | Cloud9 | Boston 2018
Mar 13 2023 01: +0,2.029,5,Sticker | Cloud9 | Boston 2018
Mar 14 2023 01: +0,2.116,15,Sticker | Cloud9 | Boston 2018
Mar 15 2023 01: +0,2.442,20,Sticker | Cloud9 | Boston 2018
Mar 16 2023 01: +0,2.56,13,Sticker | Cloud9 | Boston 2018
Mar 17 2023 01: +0,2.462,34,Sticker | Cloud9 | Boston 2018
Mar 18 2023 01: +0,2.463,17,Sticker | Cloud9 | Boston 2018
Mar 19 2023 01: +0,2.239,13,Sticker | Cloud9 | Boston 2018
Mar 20 2023 01: +0,2.336,12,Sticker | Cloud9 | Boston 2018
Mar 21 2023 01: +0,2.41,40,Sticker | Cloud9 | Boston 2018
Mar 22 2023 01: +0,2.741,48,Sticker | Cloud9 | Boston 2018
Mar 23 2023 01: +0,2.813,29,Sticker | Cloud9 | Boston 2018
Mar 24 2023 01: +0,2.963,19,Sticker | Cloud9 | Boston 2018
Mar 25 2023 01: +0,2.907,25,Sticker | Cloud9 | Boston 2018
Mar 26 2023 01: +0,3.203,30,Sticker | Cloud9 | Boston 2018
Mar 27 2023 01: +0,3.223,13,Sticker | Cloud9 | Boston 2018
Mar 28 2023 01: +0,3.112,11,Sticker | Cloud9 | Boston 2018
Mar 29 2023 01: +0,2.583,25,Sticker | Cloud9 | Boston 2018
Mar 30 2023 01: +0,2.529,19,Sticker | Cloud9 | Boston 2018
Mar 31 2023 01: +0,2.862,21,Sticker | Cloud9 | Boston 2018
Apr 01 2023 01: +0,3.291,42,Sticker | Cloud9 | Boston 2018
Apr 02 2023 01: +0,3.529,110,Sticker | Cloud9 | Boston 2018
Apr 03 2023 01: +0,3.993,42,Sticker | Cloud9 | Boston 2018
Apr 04 2023 01: +0,3.989,8,Sticker | Cloud9 | Boston 2018
Apr 05 2023 01: +0,3.49,14,Sticker | Cloud9 | Boston 2018
Apr 06 2023 01: +0,3.856,16,Sticker | Cloud9 | Boston 2018
Apr 07 2023 01: +0,3.658,19,Sticker | Cloud9 | Boston 2018
Apr 08 2023 01: +0,3.761,18,Sticker | Cloud9 | Boston 2018
Apr 09 2023 01: +0,3.755,16,Sticker | Cloud9 | Boston 2018
Apr 10 2023 01: +0,3.573,18,Sticker | Cloud9 | Boston 2018
Apr 11 2023 01: +0,3.234,17,Sticker | Cloud9 | Boston 2018
Apr 12 2023 01: +0,3.469,30,Sticker | Cloud9 | Boston 2018
Apr 13 2023 01: +0,3.396,13,Sticker | Cloud9 | Boston 2018
Apr 14 2023 01: +0,3.444,17,Sticker | Cloud9 | Boston 2018
Apr 15 2023 01: +0,3.458,46,Sticker | Cloud9 | Boston 2018
Apr 16 2023 01: +0,3.693,13,Sticker | Cloud9 | Boston 2018
Apr 17 2023 01: +0,3.697,5,Sticker | Cloud9 | Boston 2018
Apr 18 2023 01: +0,3.645,13,Sticker | Cloud9 | Boston 2018
Apr 19 2023 01: +0,3.089,16,Sticker | Cloud9 | Boston 2018
Apr 20 2023 01: +0,3.076,22,Sticker | Cloud9 | Boston 2018
Apr 21 2023 01: +0,3.151,17,Sticker | Cloud9 | Boston 2018
Apr 22 2023 01: +0,3.139,23,Sticker | Cloud9 | Boston 2018
Apr 23 2023 01: +0,2.84,37,Sticker | Cloud9 | Boston 2018
Apr 24 2023 01: +0,3.272,23,Sticker | Cloud9 | Boston 2018
Apr 25 2023 01: +0,2.746,41,Sticker | Cloud9 | Boston 2018
Apr 26 2023 01: +0,3.012,20,Sticker | Cloud9 | Boston 2018
Apr 27 2023 01: +0,3.061,14,Sticker | Cloud9 | Boston 2018
Apr 28 2023 01: +0,2.553,20,Sticker | Cloud9 | Boston 2018
Apr 29 2023 01: +0,2.546,15,Sticker | Cloud9 | Boston 2018
Apr 30 2023 01: +0,2.661,19,Sticker | Cloud9 | Boston 2018
May 01 2023 01: +0,2.935,26,Sticker | Cloud9 | Boston 2018
May 02 2023 01: +0,3.165,19,Sticker | Cloud9 | Boston 2018
May 03 2023 01: +0,3.098,16,Sticker | Cloud9 | Boston 2018
May 04 2023 01: +0,3.116,19,Sticker | Cloud9 | Boston 2018
May 05 2023 01: +0,2.664,33,Sticker | Cloud9 | Boston 2018
May 06 2023 01: +0,2.503,13,Sticker | Cloud9 | Boston 2018
May 07 2023 01: +0,2.506,19,Sticker | Cloud9 | Boston 2018
May 08 2023 01: +0,2.683,14,Sticker | Cloud9 | Boston 2018
May 09 2023 01: +0,2.49,14,Sticker | Cloud9 | Boston 2018
May 10 2023 01: +0,2.526,23,Sticker | Cloud9 | Boston 2018
May 11 2023 01: +0,2.617,7,Sticker | Cloud9 | Boston 2018
May 12 2023 01: +0,2.612,36,Sticker | Cloud9 | Boston 2018
May 13 2023 01: +0,2.92,22,Sticker | Cloud9 | Boston 2018
May 14 2023 01: +0,2.889,7,Sticker | Cloud9 | Boston 2018
May 15 2023 01: +0,2.85,10,Sticker | Cloud9 | Boston 2018
May 16 2023 01: +0,2.703,33,Sticker | Cloud9 | Boston 2018
May 17 2023 01: +0,1.993,5,Sticker | Cloud9 | Boston 2018
May 18 2023 01: +0,2.384,13,Sticker | Cloud9 | Boston 2018
May 19 2023 01: +0,2.755,9,Sticker | Cloud9 | Boston 2018
May 20 2023 01: +0,2.429,29,Sticker | Cloud9 | Boston 2018
May 21 2023 01: +0,2.726,37,Sticker | Cloud9 | Boston 2018
May 22 2023 01: +0,2.681,19,Sticker | Cloud9 | Boston 2018
May 23 2023 01: +0,2.394,25,Sticker | Cloud9 | Boston 2018
May 24 2023 01: +0,2.405,12,Sticker | Cloud9 | Boston 2018
May 25 2023 01: +0,2.438,16,Sticker | Cloud9 | Boston 2018
May 26 2023 01: +0,2.286,15,Sticker | Cloud9 | Boston 2018
May 27 2023 01: +0,2.622,17,Sticker | Cloud9 | Boston 2018
May 28 2023 01: +0,2.706,18,Sticker | Cloud9 | Boston 2018
May 29 2023 01: +0,2.486,13,Sticker | Cloud9 | Boston 2018
May 30 2023 01: +0,2.616,13,Sticker | Cloud9 | Boston 2018
May 31 2023 01: +0,2.327,16,Sticker | Cloud9 | Boston 2018
Jun 01 2023 01: +0,2.46,17,Sticker | Cloud9 | Boston 2018
Jun 02 2023 01: +0,2.827,21,Sticker | Cloud9 | Boston 2018
Jun 03 2023 01: +0,2.724,12,Sticker | Cloud9 | Boston 2018
Jun 04 2023 01: +0,2.509,19,Sticker | Cloud9 | Boston 2018
Jun 05 2023 01: +0,2.801,12,Sticker | Cloud9 | Boston 2018
Jun 06 2023 01: +0,2.661,17,Sticker | Cloud9 | Boston 2018
Jun 07 2023 01: +0,2.908,23,Sticker | Cloud9 | Boston 2018
Jun 08 2023 01: +0,3.161,16,Sticker | Cloud9 | Boston 2018
Jun 09 2023 01: +0,2.868,19,Sticker | Cloud9 | Boston 2018
Jun 10 2023 01: +0,2.908,19,Sticker | Cloud9 | Boston 2018
Jun 11 2023 01: +0,2.819,10,Sticker | Cloud9 | Boston 2018
Jun 12 2023 01: +0,2.901,14,Sticker | Cloud9 | Boston 2018
Jun 13 2023 01: +0,1.949,15,Sticker | Cloud9 | Boston 2018
Jun 14 2023 01: +0,2.973,14,Sticker | Cloud9 | Boston 2018
Jun 15 2023 01: +0,3.132,7,Sticker | Cloud9 | Boston 2018
Jun 16 2023 01: +0,2.445,19,Sticker | Cloud9 | Boston 2018
Jun 17 2023 01: +0,2.31,14,Sticker | Cloud9 | Boston 2018
Jun 18 2023 01: +0,3.025,11,Sticker | Cloud9 | Boston 2018
Jun 19 2023 01: +0,2.897,10,Sticker | Cloud9 | Boston 2018
Jun 20 2023 01: +0,2.683,13,Sticker | Cloud9 | Boston 2018
Jun 21 2023 01: +0,2.825,15,Sticker | Cloud9 | Boston 2018
Jun 22 2023 01: +0,2.785,4,Sticker | Cloud9 | Boston 2018
Jun 23 2023 01: +0,2.659,11,Sticker | Cloud9 | Boston 2018
Jun 24 2023 01: +0,2.856,13,Sticker | Cloud9 | Boston 2018
Jun 25 2023 01: +0,2.758,44,Sticker | Cloud9 | Boston 2018
Jun 26 2023 01: +0,2.825,18,Sticker | Cloud9 | Boston 2018
Jun 27 2023 01: +0,2.405,7,Sticker | Cloud9 | Boston 2018
Jun 28 2023 01: +0,2.733,26,Sticker | Cloud9 | Boston 2018
Jun 29 2023 01: +0,2.551,4,Sticker | Cloud9 | Boston 2018
Jun 30 2023 01: +0,2.723,17,Sticker | Cloud9 | Boston 2018
Jul 01 2023 01: +0,2.843,13,Sticker | Cloud9 | Boston 2018
Jul 02 2023 01: +0,2.648,12,Sticker | Cloud9 | Boston 2018
Jul 03 2023 01: +0,2.609,11,Sticker | Cloud9 | Boston 2018
Jul 04 2023 01: +0,2.765,9,Sticker | Cloud9 | Boston 2018
Jul 05 2023 01: +0,2.777,12,Sticker | Cloud9 | Boston 2018
Jul 06 2023 01: +0,2.666,14,Sticker | Cloud9 | Boston 2018
Jul 07 2023 01: +0,2.311,10,Sticker | Cloud9 | Boston 2018
Jul 08 2023 01: +0,2.935,5,Sticker | Cloud9 | Boston 2018
Jul 09 2023 01: +0,2.567,8,Sticker | Cloud9 | Boston 2018
Jul 10 2023 01: +0,2.731,10,Sticker | Cloud9 | Boston 2018
Jul 11 2023 01: +0,2.566,10,Sticker | Cloud9 | Boston 2018
Jul 12 2023 01: +0,2.872,10,Sticker | Cloud9 | Boston 2018
Jul 13 2023 01: +0,2.388,14,Sticker | Cloud9 | Boston 2018
Jul 14 2023 01: +0,2.538,13,Sticker | Cloud9 | Boston 2018
Jul 15 2023 01: +0,2.632,20,Sticker | Cloud9 | Boston 2018
Jul 16 2023 01: +0,2.517,12,Sticker | Cloud9 | Boston 2018
Jul 17 2023 01: +0,2.889,6,Sticker | Cloud9 | Boston 2018
Jul 18 2023 01: +0,2.803,10,Sticker | Cloud9 | Boston 2018
Jul 19 2023 01: +0,2.968,9,Sticker | Cloud9 | Boston 2018
Jul 20 2023 01: +0,2.57,8,Sticker | Cloud9 | Boston 2018
Jul 21 2023 01: +0,2.899,7,Sticker | Cloud9 | Boston 2018
Jul 22 2023 01: +0,3.022,11,Sticker | Cloud9 | Boston 2018
Jul 23 2023 01: +0,2.825,7,Sticker | Cloud9 | Boston 2018
Jul 24 2023 01: +0,2.783,9,Sticker | Cloud9 | Boston 2018
Jul 25 2023 01: +0,2.543,15,Sticker | Cloud9 | Boston 2018
Jul 26 2023 01: +0,2.851,6,Sticker | Cloud9 | Boston 2018
Jul 27 2023 01: +0,2.794,13,Sticker | Cloud9 | Boston 2018
Jul 28 2023 01: +0,2.727,10,Sticker | Cloud9 | Boston 2018
Jul 29 2023 01: +0,2.656,15,Sticker | Cloud9 | Boston 2018
Jul 30 2023 01: +0,3.015,8,Sticker | Cloud9 | Boston 2018
Jul 31 2023 01: +0,2.691,10,Sticker | Cloud9 | Boston 2018
Aug 01 2023 01: +0,2.922,18,Sticker | Cloud9 | Boston 2018
Aug 02 2023 01: +0,3.015,6,Sticker | Cloud9 | Boston 2018
Aug 03 2023 01: +0,2.906,16,Sticker | Cloud9 | Boston 2018
Aug 04 2023 01: +0,3.246,21,Sticker | Cloud9 | Boston 2018
Aug 05 2023 01: +0,3.429,13,Sticker | Cloud9 | Boston 2018
Aug 06 2023 01: +0,3.1,11,Sticker | Cloud9 | Boston 2018
Aug 07 2023 01: +0,2.937,10,Sticker | Cloud9 | Boston 2018
Aug 08 2023 01: +0,2.809,3,Sticker | Cloud9 | Boston 2018
Aug 09 2023 01: +0,3.189,9,Sticker | Cloud9 | Boston 2018
Aug 10 2023 01: +0,2.882,4,Sticker | Cloud9 | Boston 2018
Aug 11 2023 01: +0,2.273,3,Sticker | Cloud9 | Boston 2018
Aug 12 2023 01: +0,2.919,18,Sticker | Cloud9 | Boston 2018
Aug 13 2023 01: +0,3.28,11,Sticker | Cloud9 | Boston 2018
Aug 14 2023 01: +0,3.322,15,Sticker | Cloud9 | Boston 2018
Aug 15 2023 01: +0,3.527,6,Sticker | Cloud9 | Boston 2018
Aug 16 2023 01: +0,3.488,13,Sticker | Cloud9 | Boston 2018
Aug 17 2023 01: +0,3.243,8,Sticker | Cloud9 | Boston 2018
Aug 18 2023 01: +0,3.03,9,Sticker | Cloud9 | Boston 2018
Aug 19 2023 01: +0,2.782,15,Sticker | Cloud9 | Boston 2018
Aug 20 2023 01: +0,3.522,11,Sticker | Cloud9 | Boston 2018
Aug 21 2023 01: +0,3.074,3,Sticker | Cloud9 | Boston 2018
Aug 22 2023 01: +0,2.756,6,Sticker | Cloud9 | Boston 2018
Aug 23 2023 01: +0,3.218,8,Sticker | Cloud9 | Boston 2018
Aug 24 2023 01: +0,3.238,5,Sticker | Cloud9 | Boston 2018
Aug 25 2023 01: +0,2.411,9,Sticker | Cloud9 | Boston 2018
Aug 27 2023 01: +0,2.864,10,Sticker | Cloud9 | Boston 2018
Aug 28 2023 01: +0,3.072,7,Sticker | Cloud9 | Boston 2018
Aug 29 2023 01: +0,3.039,11,Sticker | Cloud9 | Boston 2018
Aug 30 2023 01: +0,3.02,7,Sticker | Cloud9 | Boston 2018
Aug 31 2023 01: +0,2.899,9,Sticker | Cloud9 | Boston 2018
Sep 01 2023 01: +0,3.243,3,Sticker | Cloud9 | Boston 2018
Sep 02 2023 01: +0,3.06,20,Sticker | Cloud9 | Boston 2018
Sep 03 2023 01: +0,2.642,13,Sticker | Cloud9 | Boston 2018
Sep 04 2023 01: +0,2.569,9,Sticker | Cloud9 | Boston 2018
Sep 05 2023 01: +0,2.503,12,Sticker | Cloud9 | Boston 2018
Sep 06 2023 01: +0,1.88,5,Sticker | Cloud9 | Boston 2018
Sep 07 2023 01: +0,2.174,12,Sticker | Cloud9 | Boston 2018
Sep 08 2023 01: +0,3.124,14,Sticker | Cloud9 | Boston 2018
Sep 09 2023 01: +0,3.088,7,Sticker | Cloud9 | Boston 2018
Sep 10 2023 01: +0,3.137,9,Sticker | Cloud9 | Boston 2018
Sep 11 2023 01: +0,2.876,13,Sticker | Cloud9 | Boston 2018
Sep 12 2023 01: +0,2.966,9,Sticker | Cloud9 | Boston 2018
Sep 13 2023 01: +0,3.384,7,Sticker | Cloud9 | Boston 2018
Sep 14 2023 01: +0,3.404,2,Sticker | Cloud9 | Boston 2018
Sep 15 2023 01: +0,2.855,5,Sticker | Cloud9 | Boston 2018
Sep 16 2023 01: +0,3.037,10,Sticker | Cloud9 | Boston 2018
Sep 17 2023 01: +0,3.293,7,Sticker | Cloud9 | Boston 2018
Sep 18 2023 01: +0,2.732,11,Sticker | Cloud9 | Boston 2018
Sep 19 2023 01: +0,3.356,9,Sticker | Cloud9 | Boston 2018
Sep 20 2023 01: +0,3.455,6,Sticker | Cloud9 | Boston 2018
Sep 21 2023 01: +0,3.288,5,Sticker | Cloud9 | Boston 2018
Sep 22 2023 01: +0,3.204,3,Sticker | Cloud9 | Boston 2018
Sep 23 2023 01: +0,3.153,5,Sticker | Cloud9 | Boston 2018
Sep 24 2023 01: +0,3.217,6,Sticker | Cloud9 | Boston 2018
Sep 25 2023 01: +0,3.274,4,Sticker | Cloud9 | Boston 2018
Sep 26 2023 01: +0,3.217,8,Sticker | Cloud9 | Boston 2018
Sep 27 2023 01: +0,3.321,12,Sticker | Cloud9 | Boston 2018
Sep 28 2023 01: +0,3.053,11,Sticker | Cloud9 | Boston 2018
Sep 29 2023 01: +0,3.151,13,Sticker | Cloud9 | Boston 2018
Sep 30 2023 01: +0,3.343,20,Sticker | Cloud9 | Boston 2018
Oct 01 2023 01: +0,3.33,21,Sticker | Cloud9 | Boston 2018
Oct 02 2023 01: +0,3.332,19,Sticker | Cloud9 | Boston 2018
Oct 03 2023 01: +0,3.337,21,Sticker | Cloud9 | Boston 2018
Oct 04 2023 01: +0,3.317,12,Sticker | Cloud9 | Boston 2018
Oct 05 2023 01: +0,3.377,28,Sticker | Cloud9 | Boston 2018
Oct 06 2023 01: +0,3.747,17,Sticker | Cloud9 | Boston 2018
Oct 07 2023 01: +0,3.509,19,Sticker | Cloud9 | Boston 2018
Oct 08 2023 01: +0,3.606,10,Sticker | Cloud9 | Boston 2018
Oct 09 2023 01: +0,3.687,19,Sticker | Cloud9 | Boston 2018
Oct 10 2023 01: +0,3.314,3,Sticker | Cloud9 | Boston 2018
Oct 11 2023 01: +0,3.507,3,Sticker | Cloud9 | Boston 2018
Oct 12 2023 01: +0,3.609,6,Sticker | Cloud9 | Boston 2018
Oct 13 2023 01: +0,3.388,13,Sticker | Cloud9 | Boston 2018
Oct 14 2023 01: +0,3.3,16,Sticker | Cloud9 | Boston 2018
Oct 15 2023 01: +0,3.343,25,Sticker | Cloud9 | Boston 2018
Oct 16 2023 01: +0,3.089,12,Sticker | Cloud9 | Boston 2018
Oct 17 2023 01: +0,3.307,9,Sticker | Cloud9 | Boston 2018
Oct 18 2023 01: +0,3.484,12,Sticker | Cloud9 | Boston 2018
Oct 19 2023 01: +0,3.539,12,Sticker | Cloud9 | Boston 2018
Oct 20 2023 01: +0,3.64,8,Sticker | Cloud9 | Boston 2018
Oct 21 2023 01: +0,3.764,9,Sticker | Cloud9 | Boston 2018
Oct 22 2023 01: +0,3.846,18,Sticker | Cloud9 | Boston 2018
Oct 23 2023 01: +0,3.705,6,Sticker | Cloud9 | Boston 2018
Oct 24 2023 01: +0,3.468,8,Sticker | Cloud9 | Boston 2018
Oct 25 2023 01: +0,3.659,22,Sticker | Cloud9 | Boston 2018
Oct 26 2023 01: +0,3.457,14,Sticker | Cloud9 | Boston 2018
Oct 27 2023 01: +0,3.371,9,Sticker | Cloud9 | Boston 2018
Oct 28 2023 01: +0,3.441,6,Sticker | Cloud9 | Boston 2018
Oct 29 2023 01: +0,3.724,8,Sticker | Cloud9 | Boston 2018
Oct 30 2023 01: +0,3.711,7,Sticker | Cloud9 | Boston 2018
Oct 31 2023 01: +0,3.739,5,Sticker | Cloud9 | Boston 2018
Nov 01 2023 01: +0,3.696,6,Sticker | Cloud9 | Boston 2018
Nov 02 2023 01: +0,3.536,2,Sticker | Cloud9 | Boston 2018
Nov 03 2023 01: +0,3.795,16,Sticker | Cloud9 | Boston 2018
Nov 04 2023 01: +0,3.756,4,Sticker | Cloud9 | Boston 2018
Nov 05 2023 01: +0,3.477,2,Sticker | Cloud9 | Boston 2018
Nov 06 2023 01: +0,3.464,3,Sticker | Cloud9 | Boston 2018
Nov 07 2023 01: +0,3.63,5,Sticker | Cloud9 | Boston 2018
Nov 08 2023 01: +0,3.102,7,Sticker | Cloud9 | Boston 2018
Nov 09 2023 01: +0,3.212,5,Sticker | Cloud9 | Boston 2018
Nov 10 2023 01: +0,3.551,7,Sticker | Cloud9 | Boston 2018
Nov 11 2023 01: +0,2.75,8,Sticker | Cloud9 | Boston 2018
Nov 12 2023 01: +0,3.477,7,Sticker | Cloud9 | Boston 2018
Nov 13 2023 01: +0,3.217,5,Sticker | Cloud9 | Boston 2018
Nov 14 2023 01: +0,3.451,11,Sticker | Cloud9 | Boston 2018
Nov 15 2023 01: +0,3.53,7,Sticker | Cloud9 | Boston 2018
Nov 16 2023 01: +0,2.265,15,Sticker | Cloud9 | Boston 2018
Nov 17 2023 01: +0,3.806,5,Sticker | Cloud9 | Boston 2018
Nov 18 2023 01: +0,3.706,8,Sticker | Cloud9 | Boston 2018
Nov 19 2023 01: +0,3.125,9,Sticker | Cloud9 | Boston 2018
Nov 20 2023 01: +0,3.31,13,Sticker | Cloud9 | Boston 2018
Nov 21 2023 01: +0,2.478,5,Sticker | Cloud9 | Boston 2018
Nov 22 2023 01: +0,2.727,6,Sticker | Cloud9 | Boston 2018
Nov 23 2023 01: +0,3.288,13,Sticker | Cloud9 | Boston 2018
Nov 24 2023 01: +0,3.532,10,Sticker | Cloud9 | Boston 2018
Nov 25 2023 01: +0,3.638,10,Sticker | Cloud9 | Boston 2018
Nov 26 2023 01: +0,3.56,6,Sticker | Cloud9 | Boston 2018
Nov 27 2023 01: +0,3.315,2,Sticker | Cloud9 | Boston 2018
Nov 28 2023 01: +0,3.424,10,Sticker | Cloud9 | Boston 2018
Nov 29 2023 01: +0,2.766,7,Sticker | Cloud9 | Boston 2018
Nov 30 2023 01: +0,3.273,6,Sticker | Cloud9 | Boston 2018
Dec 01 2023 01: +0,3.056,8,Sticker | Cloud9 | Boston 2018
Dec 02 2023 01: +0,3.667,14,Sticker | Cloud9 | Boston 2018
Dec 03 2023 01: +0,2.789,14,Sticker | Cloud9 | Boston 2018
Dec 04 2023 01: +0,3.04,6,Sticker | Cloud9 | Boston 2018
Dec 05 2023 01: +0,3.436,2,Sticker | Cloud9 | Boston 2018
Dec 06 2023 01: +0,3.563,4,Sticker | Cloud9 | Boston 2018
Dec 07 2023 01: +0,3.331,6,Sticker | Cloud9 | Boston 2018
Dec 08 2023 01: +0,3.692,11,Sticker | Cloud9 | Boston 2018
Dec 09 2023 01: +0,3.566,1,Sticker | Cloud9 | Boston 2018
Dec 10 2023 01: +0,3.606,6,Sticker | Cloud9 | Boston 2018
Dec 11 2023 01: +0,2.193,7,Sticker | Cloud9 | Boston 2018
Dec 12 2023 01: +0,3.566,1,Sticker | Cloud9 | Boston 2018
Dec 13 2023 01: +0,3.413,4,Sticker | Cloud9 | Boston 2018
Dec 14 2023 01: +0,3.434,14,Sticker | Cloud9 | Boston 2018
Dec 15 2023 01: +0,3.39,4,Sticker | Cloud9 | Boston 2018
Dec 16 2023 01: +0,3.223,1,Sticker | Cloud9 | Boston 2018
Dec 18 2023 01: +0,3.198,18,Sticker | Cloud9 | Boston 2018
Dec 19 2023 01: +0,3.127,2,Sticker | Cloud9 | Boston 2018
Dec 20 2023 01: +0,2.933,2,Sticker | Cloud9 | Boston 2018
Dec 21 2023 01: +0,2.675,4,Sticker | Cloud9 | Boston 2018
Dec 22 2023 01: +0,3.076,6,Sticker | Cloud9 | Boston 2018
Dec 23 2023 01: +0,3.046,3,Sticker | Cloud9 | Boston 2018
Dec 24 2023 01: +0,3.201,5,Sticker | Cloud9 | Boston 2018
Dec 25 2023 01: +0,2.196,4,Sticker | Cloud9 | Boston 2018
Dec 26 2023 01: +0,2.796,5,Sticker | Cloud9 | Boston 2018
Dec 27 2023 01: +0,2.91,6,Sticker | Cloud9 | Boston 2018
Dec 28 2023 01: +0,3.065,7,Sticker | Cloud9 | Boston 2018
Dec 29 2023 01: +0,2.821,3,Sticker | Cloud9 | Boston 2018
Dec 30 2023 01: +0,3.181,14,Sticker | Cloud9 | Boston 2018
Dec 31 2023 01: +0,2.855,12,Sticker | Cloud9 | Boston 2018
Jan 01 2024 01: +0,2.411,6,Sticker | Cloud9 | Boston 2018
Jan 02 2024 01: +0,3.558,7,Sticker | Cloud9 | Boston 2018
Jan 03 2024 01: +0,2.173,8,Sticker | Cloud9 | Boston 2018
Jan 04 2024 01: +0,2.178,7,Sticker | Cloud9 | Boston 2018
Jan 05 2024 01: +0,3.315,3,Sticker | Cloud9 | Boston 2018
Jan 06 2024 01: +0,3.317,10,Sticker | Cloud9 | Boston 2018
Jan 07 2024 01: +0,2.988,8,Sticker | Cloud9 | Boston 2018
Jan 08 2024 01: +0,3.195,1,Sticker | Cloud9 | Boston 2018
Jan 09 2024 01: +0,2.767,8,Sticker | Cloud9 | Boston 2018
Jan 10 2024 01: +0,3.754,2,Sticker | Cloud9 | Boston 2018
Jan 11 2024 01: +0,3.258,1,Sticker | Cloud9 | Boston 2018
Jan 12 2024 01: +0,2.222,4,Sticker | Cloud9 | Boston 2018
Jan 13 2024 01: +0,3.35,8,Sticker | Cloud9 | Boston 2018
Jan 14 2024 01: +0,3.613,11,Sticker | Cloud9 | Boston 2018
Jan 15 2024 01: +0,3.81,4,Sticker | Cloud9 | Boston 2018
Jan 16 2024 01: +0,3.756,5,Sticker | Cloud9 | Boston 2018
Jan 17 2024 01: +0,3.234,3,Sticker | Cloud9 | Boston 2018
Jan 18 2024 01: +0,3.269,8,Sticker | Cloud9 | Boston 2018
Jan 19 2024 01: +0,3.198,12,Sticker | Cloud9 | Boston 2018
Jan 20 2024 01: +0,3.123,5,Sticker | Cloud9 | Boston 2018
Jan 21 2024 01: +0,3.113,8,Sticker | Cloud9 | Boston 2018
Jan 22 2024 01: +0,3.262,9,Sticker | Cloud9 | Boston 2018
Jan 23 2024 01: +0,2.382,8,Sticker | Cloud9 | Boston 2018
Jan 24 2024 01: +0,2.674,6,Sticker | Cloud9 | Boston 2018
Jan 25 2024 01: +0,3.071,13,Sticker | Cloud9 | Boston 2018
Jan 26 2024 01: +0,2.986,3,Sticker | Cloud9 | Boston 2018
Jan 27 2024 01: +0,3.157,4,Sticker | Cloud9 | Boston 2018
Jan 28 2024 01: +0,2.914,8,Sticker | Cloud9 | Boston 2018
Jan 29 2024 01: +0,3.142,13,Sticker | Cloud9 | Boston 2018
Jan 30 2024 01: +0,3.065,4,Sticker | Cloud9 | Boston 2018
Jan 31 2024 01: +0,3.281,1,Sticker | Cloud9 | Boston 2018
Feb 01 2024 01: +0,3.278,5,Sticker | Cloud9 | Boston 2018
Feb 02 2024 01: +0,2.965,17,Sticker | Cloud9 | Boston 2018
Feb 03 2024 01: +0,2.495,4,Sticker | Cloud9 | Boston 2018
Feb 04 2024 01: +0,3.058,3,Sticker | Cloud9 | Boston 2018
Feb 05 2024 01: +0,2.064,6,Sticker | Cloud9 | Boston 2018
Feb 06 2024 01: +0,3.233,7,Sticker | Cloud9 | Boston 2018
Feb 07 2024 01: +0,3.339,20,Sticker | Cloud9 | Boston 2018
Feb 08 2024 01: +0,2.781,4,Sticker | Cloud9 | Boston 2018
Feb 09 2024 01: +0,3.195,18,Sticker | Cloud9 | Boston 2018
Feb 10 2024 01: +0,3.355,5,Sticker | Cloud9 | Boston 2018
Feb 11 2024 01: +0,3.081,9,Sticker | Cloud9 | Boston 2018
Feb 12 2024 01: +0,2.693,6,Sticker | Cloud9 | Boston 2018
Feb 13 2024 01: +0,2.759,6,Sticker | Cloud9 | Boston 2018
Feb 14 2024 01: +0,3.467,7,Sticker | Cloud9 | Boston 2018
Feb 15 2024 01: +0,3.268,10,Sticker | Cloud9 | Boston 2018
Feb 16 2024 01: +0,2.714,3,Sticker | Cloud9 | Boston 2018
Feb 17 2024 01: +0,3.048,12,Sticker | Cloud9 | Boston 2018
Feb 18 2024 01: +0,3.305,7,Sticker | Cloud9 | Boston 2018
Feb 19 2024 01: +0,3.515,6,Sticker | Cloud9 | Boston 2018
Feb 20 2024 01: +0,2.989,2,Sticker | Cloud9 | Boston 2018
Feb 21 2024 01: +0,3.519,2,Sticker | Cloud9 | Boston 2018
Feb 22 2024 01: +0,3.586,19,Sticker | Cloud9 | Boston 2018
Feb 23 2024 01: +0,2.418,4,Sticker | Cloud9 | Boston 2018
Feb 24 2024 01: +0,2.626,12,Sticker | Cloud9 | Boston 2018
Feb 25 2024 01: +0,3.307,7,Sticker | Cloud9 | Boston 2018
Feb 26 2024 01: +0,2.233,4,Sticker | Cloud9 | Boston 2018
Feb 27 2024 01: +0,3.14,15,Sticker | Cloud9 | Boston 2018
Feb 28 2024 01: +0,2.548,17,Sticker | Cloud9 | Boston 2018
Feb 29 2024 01: +0,2.75,6,Sticker | Cloud9 | Boston 2018
Mar 01 2024 01: +0,3.034,8,Sticker | Cloud9 | Boston 2018
Mar 02 2024 01: +0,2.014,9,Sticker | Cloud9 | Boston 2018
Mar 03 2024 01: +0,2.882,7,Sticker | Cloud9 | Boston 2018
Mar 04 2024 01: +0,3.031,7,Sticker | Cloud9 | Boston 2018
Mar 05 2024 01: +0,2.762,10,Sticker | Cloud9 | Boston 2018
Mar 06 2024 01: +0,2.549,7,Sticker | Cloud9 | Boston 2018
Mar 07 2024 01: +0,2.502,7,Sticker | Cloud9 | Boston 2018
Mar 08 2024 01: +0,2.923,2,Sticker | Cloud9 | Boston 2018
Mar 09 2024 01: +0,1.967,7,Sticker | Cloud9 | Boston 2018
Mar 10 2024 01: +0,2.156,6,Sticker | Cloud9 | Boston 2018
Mar 11 2024 01: +0,2.384,7,Sticker | Cloud9 | Boston 2018
Mar 12 2024 01: +0,2.817,7,Sticker | Cloud9 | Boston 2018
Mar 13 2024 01: +0,1.593,4,Sticker | Cloud9 | Boston 2018
Mar 14 2024 01: +0,2.548,10,Sticker | Cloud9 | Boston 2018
Mar 15 2024 01: +0,2.158,6,Sticker | Cloud9 | Boston 2018
Mar 16 2024 01: +0,2.412,8,Sticker | Cloud9 | Boston 2018
Mar 17 2024 01: +0,2.442,7,Sticker | Cloud9 | Boston 2018
Mar 18 2024 01: +0,2.504,6,Sticker | Cloud9 | Boston 2018
Mar 19 2024 01: +0,2.383,10,Sticker | Cloud9 | Boston 2018
Mar 20 2024 01: +0,2.69,2,Sticker | Cloud9 | Boston 2018
Mar 21 2024 01: +0,2.524,5,Sticker | Cloud9 | Boston 2018
Mar 22 2024 01: +0,2.621,7,Sticker | Cloud9 | Boston 2018
Mar 23 2024 01: +0,2.662,2,Sticker | Cloud9 | Boston 2018
Mar 24 2024 01: +0,2.678,7,Sticker | Cloud9 | Boston 2018
Mar 25 2024 01: +0,2.492,2,Sticker | Cloud9 | Boston 2018
Mar 26 2024 01: +0,2.856,4,Sticker | Cloud9 | Boston 2018
Mar 27 2024 01: +0,2.977,4,Sticker | Cloud9 | Boston 2018
Mar 28 2024 01: +0,2.75,4,Sticker | Cloud9 | Boston 2018
Mar 29 2024 01: +0,2.752,10,Sticker | Cloud9 | Boston 2018
Mar 30 2024 01: +0,2.953,2,Sticker | Cloud9 | Boston 2018
Mar 31 2024 01: +0,3.031,11,Sticker | Cloud9 | Boston 2018
Apr 01 2024 01: +0,2.89,10,Sticker | Cloud9 | Boston 2018
Apr 02 2024 01: +0,2.824,3,Sticker | Cloud9 | Boston 2018
Apr 03 2024 01: +0,3.032,1,Sticker | Cloud9 | Boston 2018
Apr 04 2024 01: +0,3.088,11,Sticker | Cloud9 | Boston 2018
Apr 05 2024 01: +0,3.076,13,Sticker | Cloud9 | Boston 2018
Apr 06 2024 01: +0,3.22,12,Sticker | Cloud9 | Boston 2018
Apr 07 2024 01: +0,3.205,5,Sticker | Cloud9 | Boston 2018
Apr 08 2024 01: +0,3.203,3,Sticker | Cloud9 | Boston 2018
Apr 09 2024 01: +0,3.425,4,Sticker | Cloud9 | Boston 2018
Apr 10 2024 01: +0,3.31,5,Sticker | Cloud9 | Boston 2018
Apr 11 2024 01: +0,2.982,1,Sticker | Cloud9 | Boston 2018
Apr 12 2024 01: +0,3.358,3,Sticker | Cloud9 | Boston 2018
Apr 13 2024 01: +0,3.179,3,Sticker | Cloud9 | Boston 2018
Apr 14 2024 01: +0,3.155,9,Sticker | Cloud9 | Boston 2018
Apr 15 2024 01: +0,2.968,5,Sticker | Cloud9 | Boston 2018
Apr 16 2024 01: +0,3.065,2,Sticker | Cloud9 | Boston 2018
Apr 17 2024 01: +0,3.027,3,Sticker | Cloud9 | Boston 2018
Apr 18 2024 01: +0,3.027,6,Sticker | Cloud9 | Boston 2018
Apr 19 2024 01: +0,2.989,5,Sticker | Cloud9 | Boston 2018
Apr 21 2024 01: +0,2.921,2,Sticker | Cloud9 | Boston 2018
Apr 22 2024 01: +0,2.91,4,Sticker | Cloud9 | Boston 2018
Apr 23 2024 01: +0,3.018,7,Sticker | Cloud9 | Boston 2018
Apr 24 2024 01: +0,3.362,3,Sticker | Cloud9 | Boston 2018
Apr 25 2024 01: +0,3.198,7,Sticker | Cloud9 | Boston 2018
Apr 26 2024 01: +0,3.506,51,Sticker | Cloud9 | Boston 2018
Apr 27 2024 01: +0,3.82,15,Sticker | Cloud9 | Boston 2018
Apr 28 2024 01: +0,3.659,4,Sticker | Cloud9 | Boston 2018
Apr 29 2024 01: +0,3.642,9,Sticker | Cloud9 | Boston 2018
Apr 30 2024 01: +0,3.913,30,Sticker | Cloud9 | Boston 2018
May 01 2024 01: +0,3.985,3,Sticker | Cloud9 | Boston 2018
May 02 2024 01: +0,4.035,12,Sticker | Cloud9 | Boston 2018
May 03 2024 01: +0,4.044,8,Sticker | Cloud9 | Boston 2018
May 04 2024 01: +0,4.339,57,Sticker | Cloud9 | Boston 2018
May 05 2024 01: +0,4.562,18,Sticker | Cloud9 | Boston 2018
May 06 2024 01: +0,5.107,2,Sticker | Cloud9 | Boston 2018
May 07 2024 01: +0,4.993,6,Sticker | Cloud9 | Boston 2018
May 08 2024 01: +0,5.215,18,Sticker | Cloud9 | Boston 2018
May 09 2024 01: +0,5.573,10,Sticker | Cloud9 | Boston 2018
May 10 2024 01: +0,5.474,10,Sticker | Cloud9 | Boston 2018
May 11 2024 01: +0,5.504,5,Sticker | Cloud9 | Boston 2018
May 12 2024 01: +0,5.268,12,Sticker | Cloud9 | Boston 2018
May 13 2024 01: +0,5.182,12,Sticker | Cloud9 | Boston 2018
May 14 2024 01: +0,4.897,6,Sticker | Cloud9 | Boston 2018
May 15 2024 01: +0,4.584,10,Sticker | Cloud9 | Boston 2018
May 16 2024 01: +0,4.313,4,Sticker | Cloud9 | Boston 2018
May 17 2024 01: +0,3.913,9,Sticker | Cloud9 | Boston 2018
May 19 2024 01: +0,3.616,17,Sticker | Cloud9 | Boston 2018
May 20 2024 01: +0,4.456,11,Sticker | Cloud9 | Boston 2018
May 21 2024 01: +0,4.308,3,Sticker | Cloud9 | Boston 2018
May 22 2024 01: +0,4.211,1,Sticker | Cloud9 | Boston 2018
May 23 2024 01: +0,4.613,3,Sticker | Cloud9 | Boston 2018
May 24 2024 01: +0,4.466,3,Sticker | Cloud9 | Boston 2018
May 25 2024 01: +0,4.12,17,Sticker | Cloud9 | Boston 2018
May 26 2024 01: +0,3.579,4,Sticker | Cloud9 | Boston 2018
May 27 2024 01: +0,3.901,3,Sticker | Cloud9 | Boston 2018
May 29 2024 01: +0,3.887,5,Sticker | Cloud9 | Boston 2018
May 30 2024 01: +0,3.573,4,Sticker | Cloud9 | Boston 2018
May 31 2024 01: +0,3.668,3,Sticker | Cloud9 | Boston 2018
Jun 01 2024 01: +0,3.827,3,Sticker | Cloud9 | Boston 2018
Jun 02 2024 01: +0,3.786,14,Sticker | Cloud9 | Boston 2018
Jun 03 2024 01: +0,3.879,7,Sticker | Cloud9 | Boston 2018
Jun 04 2024 01: +0,4.218,7,Sticker | Cloud9 | Boston 2018
Jun 05 2024 01: +0,4.207,1,Sticker | Cloud9 | Boston 2018
Jun 06 2024 01: +0,3.923,1,Sticker | Cloud9 | Boston 2018
Jun 07 2024 01: +0,3.982,1,Sticker | Cloud9 | Boston 2018
Jun 08 2024 01: +0,3.974,1,Sticker | Cloud9 | Boston 2018
Jun 09 2024 01: +0,3.475,3,Sticker | Cloud9 | Boston 2018
Jun 10 2024 01: +0,4.033,6,Sticker | Cloud9 | Boston 2018
Jun 11 2024 01: +0,3.77,6,Sticker | Cloud9 | Boston 2018
Jun 12 2024 01: +0,3.656,4,Sticker | Cloud9 | Boston 2018
Jun 13 2024 01: +0,3.469,2,Sticker | Cloud9 | Boston 2018
Jun 14 2024 01: +0,3.859,3,Sticker | Cloud9 | Boston 2018
Jun 15 2024 01: +0,3.321,2,Sticker | Cloud9 | Boston 2018
Jun 16 2024 01: +0,3.625,4,Sticker | Cloud9 | Boston 2018
Jun 17 2024 01: +0,3.449,6,Sticker | Cloud9 | Boston 2018
Jun 18 2024 01: +0,3.379,8,Sticker | Cloud9 | Boston 2018
Jun 19 2024 01: +0,2.967,4,Sticker | Cloud9 | Boston 2018
Jun 20 2024 01: +0,2.986,2,Sticker | Cloud9 | Boston 2018
Jun 21 2024 01: +0,2.912,5,Sticker | Cloud9 | Boston 2018
Jun 22 2024 01: +0,2.541,1,Sticker | Cloud9 | Boston 2018
Jun 23 2024 01: +0,2.863,4,Sticker | Cloud9 | Boston 2018
Jun 24 2024 01: +0,2.693,5,Sticker | Cloud9 | Boston 2018
Jun 25 2024 01: +0,2.658,4,Sticker | Cloud9 | Boston 2018
Jun 26 2024 01: +0,2.688,6,Sticker | Cloud9 | Boston 2018
Jun 27 2024 01: +0,2.826,2,Sticker | Cloud9 | Boston 2018
Jun 28 2024 01: +0,2.776,3,Sticker | Cloud9 | Boston 2018
Jun 29 2024 01: +0,2.797,5,Sticker | Cloud9 | Boston 2018
Jun 30 2024 01: +0,2.636,11,Sticker | Cloud9 | Boston 2018
Jul 01 2024 01: +0,2.709,1,Sticker | Cloud9 | Boston 2018
Jul 02 2024 01: +0,2.72,5,Sticker | Cloud9 | Boston 2018
Jul 03 2024 01: +0,2.74,11,Sticker | Cloud9 | Boston 2018
Jul 04 2024 01: +0,2.764,10,Sticker | Cloud9 | Boston 2018
Jul 05 2024 01: +0,2.748,5,Sticker | Cloud9 | Boston 2018
Jul 06 2024 01: +0,2.908,13,Sticker | Cloud9 | Boston 2018
Jul 07 2024 01: +0,2.993,3,Sticker | Cloud9 | Boston 2018
Jul 08 2024 01: +0,3.19,4,Sticker | Cloud9 | Boston 2018
Jul 10 2024 01: +0,3.13,5,Sticker | Cloud9 | Boston 2018
Jul 11 2024 01: +0,3.028,3,Sticker | Cloud9 | Boston 2018
Jul 12 2024 01: +0,3.029,1,Sticker | Cloud9 | Boston 2018
Jul 13 2024 01: +0,3.073,5,Sticker | Cloud9 | Boston 2018
Jul 14 2024 01: +0,2.853,6,Sticker | Cloud9 | Boston 2018
Jul 15 2024 01: +0,2.821,1,Sticker | Cloud9 | Boston 2018
Jul 16 2024 01: +0,3.057,8,Sticker | Cloud9 | Boston 2018
Jul 17 2024 01: +0,2.547,1,Sticker | Cloud9 | Boston 2018
Jul 18 2024 01: +0,3.055,4,Sticker | Cloud9 | Boston 2018
Jul 19 2024 01: +0,2.54,7,Sticker | Cloud9 | Boston 2018
Jul 20 2024 01: +0,2.915,6,Sticker | Cloud9 | Boston 2018
Jul 21 2024 01: +0,3.038,7,Sticker | Cloud9 | Boston 2018
Jul 22 2024 01: +0,3.04,4,Sticker | Cloud9 | Boston 2018
Jul 24 2024 01: +0,2.966,3,Sticker | Cloud9 | Boston 2018
Jul 25 2024 01: +0,2.548,1,Sticker | Cloud9 | Boston 2018
Jul 26 2024 01: +0,2.938,1,Sticker | Cloud9 | Boston 2018
Jul 27 2024 01: +0,2.903,4,Sticker | Cloud9 | Boston 2018
Jul 28 2024 01: +0,2.808,2,Sticker | Cloud9 | Boston 2018
Jul 29 2024 01: +0,2.415,2,Sticker | Cloud9 | Boston 2018
Jul 30 2024 01: +0,2.721,6,Sticker | Cloud9 | Boston 2018
Jul 31 2024 01: +0,2.896,3,Sticker | Cloud9 | Boston 2018
Aug 01 2024 01: +0,2.947,3,Sticker | Cloud9 | Boston 2018
Aug 02 2024 01: +0,2.861,4,Sticker | Cloud9 | Boston 2018
Aug 03 2024 01: +0,2.908,4,Sticker | Cloud9 | Boston 2018
Aug 04 2024 01: +0,2.894,7,Sticker | Cloud9 | Boston 2018
Aug 05 2024 01: +0,3.099,5,Sticker | Cloud9 | Boston 2018
Aug 06 2024 01: +0,3.218,7,Sticker | Cloud9 | Boston 2018
Aug 07 2024 01: +0,3.271,9,Sticker | Cloud9 | Boston 2018
Aug 08 2024 01: +0,3.608,6,Sticker | Cloud9 | Boston 2018
Aug 09 2024 01: +0,3.198,4,Sticker | Cloud9 | Boston 2018
Aug 10 2024 01: +0,3.241,3,Sticker | Cloud9 | Boston 2018
Aug 11 2024 01: +0,3.52,5,Sticker | Cloud9 | Boston 2018
Aug 12 2024 01: +0,2.853,2,Sticker | Cloud9 | Boston 2018
Aug 14 2024 01: +0,2.982,6,Sticker | Cloud9 | Boston 2018
Aug 15 2024 01: +0,3.294,7,Sticker | Cloud9 | Boston 2018
Aug 16 2024 01: +0,3.343,5,Sticker | Cloud9 | Boston 2018
Aug 17 2024 01: +0,3.483,1,Sticker | Cloud9 | Boston 2018
Aug 18 2024 01: +0,3.481,1,Sticker | Cloud9 | Boston 2018
Aug 19 2024 01: +0,2.733,3,Sticker | Cloud9 | Boston 2018
Aug 20 2024 01: +0,2.765,7,Sticker | Cloud9 | Boston 2018
Aug 21 2024 01: +0,2.575,6,Sticker | Cloud9 | Boston 2018
Aug 22 2024 01: +0,2.611,3,Sticker | Cloud9 | Boston 2018
Aug 23 2024 01: +0,2.624,3,Sticker | Cloud9 | Boston 2018
Aug 24 2024 01: +0,2.628,5,Sticker | Cloud9 | Boston 2018
Aug 25 2024 01: +0,2.631,4,Sticker | Cloud9 | Boston 2018
Aug 26 2024 01: +0,2.632,1,Sticker | Cloud9 | Boston 2018
Aug 27 2024 01: +0,2.593,3,Sticker | Cloud9 | Boston 2018
Aug 28 2024 01: +0,2.536,7,Sticker | Cloud9 | Boston 2018
Aug 29 2024 01: +0,2.489,6,Sticker | Cloud9 | Boston 2018
Aug 30 2024 01: +0,2.631,14,Sticker | Cloud9 | Boston 2018
Aug 31 2024 01: +0,2.822,3,Sticker | Cloud9 | Boston 2018
Sep 01 2024 01: +0,2.874,7,Sticker | Cloud9 | Boston 2018
Sep 02 2024 01: +0,2.89,5,Sticker | Cloud9 | Boston 2018
Sep 03 2024 01: +0,2.872,6,Sticker | Cloud9 | Boston 2018
Sep 04 2024 01: +0,3.096,2,Sticker | Cloud9 | Boston 2018
Sep 05 2024 01: +0,3.023,6,Sticker | Cloud9 | Boston 2018
Sep 06 2024 01: +0,3.127,5,Sticker | Cloud9 | Boston 2018
Sep 07 2024 01: +0,3.2,3,Sticker | Cloud9 | Boston 2018
Sep 08 2024 01: +0,3.204,7,Sticker | Cloud9 | Boston 2018
Sep 09 2024 01: +0,2.918,5,Sticker | Cloud9 | Boston 2018
Sep 11 2024 01: +0,2.823,2,Sticker | Cloud9 | Boston 2018
Sep 12 2024 01: +0,3.193,5,Sticker | Cloud9 | Boston 2018
Sep 13 2024 01: +0,2.911,3,Sticker | Cloud9 | Boston 2018
Sep 14 2024 01: +0,3.094,3,Sticker | Cloud9 | Boston 2018
Sep 15 2024 01: +0,3.104,1,Sticker | Cloud9 | Boston 2018
Sep 17 2024 01: +0,2.759,6,Sticker | Cloud9 | Boston 2018
Sep 18 2024 01: +0,3.01,5,Sticker | Cloud9 | Boston 2018
Sep 19 2024 01: +0,2.968,2,Sticker | Cloud9 | Boston 2018
Sep 20 2024 01: +0,3.193,3,Sticker | Cloud9 | Boston 2018
Sep 21 2024 01: +0,2.973,1,Sticker | Cloud9 | Boston 2018
Sep 22 2024 01: +0,3.21,1,Sticker | Cloud9 | Boston 2018
Sep 23 2024 01: +0,3.142,1,Sticker | Cloud9 | Boston 2018
Sep 27 2024 01: +0,2.91,4,Sticker | Cloud9 | Boston 2018
Sep 28 2024 01: +0,2.678,3,Sticker | Cloud9 | Boston 2018
Sep 29 2024 01: +0,2.834,2,Sticker | Cloud9 | Boston 2018
Sep 30 2024 01: +0,3.011,3,Sticker | Cloud9 | Boston 2018
Oct 01 2024 01: +0,2.869,5,Sticker | Cloud9 | Boston 2018
Oct 02 2024 01: +0,2.705,5,Sticker | Cloud9 | Boston 2018
Oct 03 2024 01: +0,2.611,3,Sticker | Cloud9 | Boston 2018
Oct 04 2024 01: +0,2.601,11,Sticker | Cloud9 | Boston 2018
Oct 05 2024 01: +0,2.773,2,Sticker | Cloud9 | Boston 2018
Oct 07 2024 01: +0,2.695,4,Sticker | Cloud9 | Boston 2018
Oct 08 2024 01: +0,2.66,7,Sticker | Cloud9 | Boston 2018
Oct 09 2024 01: +0,2.768,3,Sticker | Cloud9 | Boston 2018
Oct 10 2024 01: +0,2.752,6,Sticker | Cloud9 | Boston 2018
Oct 11 2024 01: +0,2.766,6,Sticker | Cloud9 | Boston 2018
Oct 12 2024 01: +0,2.653,10,Sticker | Cloud9 | Boston 2018
Oct 13 2024 01: +0,2.723,2,Sticker | Cloud9 | Boston 2018
Oct 14 2024 01: +0,2.682,7,Sticker | Cloud9 | Boston 2018
Oct 15 2024 01: +0,2.747,5,Sticker | Cloud9 | Boston 2018
Oct 16 2024 01: +0,2.764,2,Sticker | Cloud9 | Boston 2018
Oct 17 2024 01: +0,2.774,5,Sticker | Cloud9 | Boston 2018
Oct 18 2024 01: +0,2.76,6,Sticker | Cloud9 | Boston 2018
Oct 19 2024 01: +0,2.798,2,Sticker | Cloud9 | Boston 2018
Oct 20 2024 01: +0,2.582,8,Sticker | Cloud9 | Boston 2018
Oct 21 2024 01: +0,2.617,14,Sticker | Cloud9 | Boston 2018
Oct 22 2024 01: +0,2.513,1,Sticker | Cloud9 | Boston 2018
Oct 23 2024 01: +0,2.738,4,Sticker | Cloud9 | Boston 2018
Oct 24 2024 01: +0,2.919,1,Sticker | Cloud9 | Boston 2018
Oct 25 2024 01: +0,2.925,4,Sticker | Cloud9 | Boston 2018
Oct 26 2024 01: +0,2.929,1,Sticker | Cloud9 | Boston 2018
Oct 27 2024 01: +0,2.955,1,Sticker | Cloud9 | Boston 2018
Oct 29 2024 01: +0,2.7,1,Sticker | Cloud9 | Boston 2018
Oct 30 2024 01: +0,2.929,4,Sticker | Cloud9 | Boston 2018
Nov 01 2024 01: +0,2.738,3,Sticker | Cloud9 | Boston 2018
Nov 02 2024 01: +0,2.753,2,Sticker | Cloud9 | Boston 2018
Nov 03 2024 01: +0,2.742,1,Sticker | Cloud9 | Boston 2018
Nov 04 2024 01: +0,2.905,1,Sticker | Cloud9 | Boston 2018
Nov 05 2024 01: +0,2.769,6,Sticker | Cloud9 | Boston 2018
Nov 06 2024 01: +0,2.771,4,Sticker | Cloud9 | Boston 2018
Nov 07 2024 01: +0,2.626,3,Sticker | Cloud9 | Boston 2018
Nov 08 2024 01: +0,2.69,11,Sticker | Cloud9 | Boston 2018
Nov 09 2024 01: +0,2.637,3,Sticker | Cloud9 | Boston 2018
Nov 10 2024 01: +0,2.649,14,Sticker | Cloud9 | Boston 2018
Nov 11 2024 01: +0,2.709,1,Sticker | Cloud9 | Boston 2018
Nov 12 2024 01: +0,2.598,1,Sticker | Cloud9 | Boston 2018
Nov 13 2024 01: +0,2.629,20,Sticker | Cloud9 | Boston 2018
Nov 14 2024 01: +0,2.666,1,Sticker | Cloud9 | Boston 2018
Nov 15 2024 01: +0,2.598,1,Sticker | Cloud9 | Boston 2018
Nov 16 2024 01: +0,2.361,16,Sticker | Cloud9 | Boston 2018
Nov 17 2024 01: +0,2.267,8,Sticker | Cloud9 | Boston 2018
Nov 18 2024 01: +0,2.394,17,Sticker | Cloud9 | Boston 2018
Nov 19 2024 01: +0,2.412,2,Sticker | Cloud9 | Boston 2018
Nov 20 2024 01: +0,2.386,3,Sticker | Cloud9 | Boston 2018
Nov 21 2024 01: +0,2.256,5,Sticker | Cloud9 | Boston 2018
Nov 22 2024 01: +0,2.295,9,Sticker | Cloud9 | Boston 2018
Nov 23 2024 01: +0,2.299,10,Sticker | Cloud9 | Boston 2018
Nov 24 2024 01: +0,2.514,3,Sticker | Cloud9 | Boston 2018
Nov 25 2024 01: +0,2.495,5,Sticker | Cloud9 | Boston 2018
Nov 26 2024 01: +0,2.547,1,Sticker | Cloud9 | Boston 2018
Nov 27 2024 01: +0,2.457,1,Sticker | Cloud9 | Boston 2018
Nov 28 2024 01: +0,2.236,2,Sticker | Cloud9 | Boston 2018
Nov 29 2024 01: +0,2.316,7,Sticker | Cloud9 | Boston 2018
Nov 30 2024 01: +0,2.207,3,Sticker | Cloud9 | Boston 2018
Dec 02 2024 01: +0,2.288,6,Sticker | Cloud9 | Boston 2018
Dec 03 2024 01: +0,2.196,8,Sticker | Cloud9 | Boston 2018
Dec 04 2024 01: +0,2.192,7,Sticker | Cloud9 | Boston 2018
Dec 05 2024 01: +0,2.454,1,Sticker | Cloud9 | Boston 2018
Dec 06 2024 01: +0,2.437,1,Sticker | Cloud9 | Boston 2018
Dec 07 2024 01: +0,2.469,8,Sticker | Cloud9 | Boston 2018
Dec 08 2024 01: +0,2.454,1,Sticker | Cloud9 | Boston 2018
Dec 09 2024 01: +0,2.493,3,Sticker | Cloud9 | Boston 2018
Dec 10 2024 01: +0,2.528,4,Sticker | Cloud9 | Boston 2018
Dec 11 2024 01: +0,2.507,4,Sticker | Cloud9 | Boston 2018
Dec 12 2024 01: +0,2.536,3,Sticker | Cloud9 | Boston 2018
Dec 13 2024 01: +0,2.462,2,Sticker | Cloud9 | Boston 2018
Dec 14 2024 01: +0,2.101,3,Sticker | Cloud9 | Boston 2018
Dec 15 2024 01: +0,2.328,8,Sticker | Cloud9 | Boston 2018
Dec 16 2024 01: +0,2.526,2,Sticker | Cloud9 | Boston 2018
Dec 17 2024 01: +0,2.335,3,Sticker | Cloud9 | Boston 2018
Dec 18 2024 01: +0,2.549,1,Sticker | Cloud9 | Boston 2018
Dec 19 2024 01: +0,2.559,1,Sticker | Cloud9 | Boston 2018
Dec 20 2024 01: +0,2.232,5,Sticker | Cloud9 | Boston 2018
Dec 21 2024 01: +0,2.547,1,Sticker | Cloud9 | Boston 2018
Dec 22 2024 01: +0,2.537,7,Sticker | Cloud9 | Boston 2018
Dec 23 2024 01: +0,2.556,6,Sticker | Cloud9 | Boston 2018
Dec 24 2024 01: +0,2.671,4,Sticker | Cloud9 | Boston 2018
Dec 25 2024 01: +0,2.133,1,Sticker | Cloud9 | Boston 2018
Dec 26 2024 01: +0,2.284,2,Sticker | Cloud9 | Boston 2018
Dec 27 2024 01: +0,2.451,10,Sticker | Cloud9 | Boston 2018
Dec 28 2024 01: +0,2.687,4,Sticker | Cloud9 | Boston 2018
Dec 29 2024 01: +0,2.931,55,Sticker | Cloud9 | Boston 2018
Dec 30 2024 01: +0,3.097,14,Sticker | Cloud9 | Boston 2018
Dec 31 2024 01: +0,3.218,9,Sticker | Cloud9 | Boston 2018
Jan 01 2025 01: +0,3.277,9,Sticker | Cloud9 | Boston 2018
Jan 02 2025 01: +0,3.192,5,Sticker | Cloud9 | Boston 2018
Jan 03 2025 01: +0,3.264,4,Sticker | Cloud9 | Boston 2018
Jan 04 2025 01: +0,3.291,1,Sticker | Cloud9 | Boston 2018
Jan 05 2025 01: +0,3.109,14,Sticker | Cloud9 | Boston 2018
Jan 06 2025 01: +0,2.415,8,Sticker | Cloud9 | Boston 2018
Jan 07 2025 01: +0,3.196,1,Sticker | Cloud9 | Boston 2018
Jan 09 2025 01: +0,2.46,9,Sticker | Cloud9 | Boston 2018
Jan 10 2025 01: +0,2.259,1,Sticker | Cloud9 | Boston 2018
Jan 11 2025 01: +0,2.587,4,Sticker | Cloud9 | Boston 2018
Jan 13 2025 01: +0,2.706,2,Sticker | Cloud9 | Boston 2018
Jan 14 2025 01: +0,2.685,4,Sticker | Cloud9 | Boston 2018
Jan 15 2025 01: +0,2.474,10,Sticker | Cloud9 | Boston 2018
Jan 16 2025 01: +0,2.594,15,Sticker | Cloud9 | Boston 2018
Jan 17 2025 01: +0,2.373,2,Sticker | Cloud9 | Boston 2018
Jan 18 2025 01: +0,2.605,8,Sticker | Cloud9 | Boston 2018
Jan 21 2025 01: +0,2.547,1,Sticker | Cloud9 | Boston 2018
Jan 22 2025 01: +0,2.519,4,Sticker | Cloud9 | Boston 2018
Jan 23 2025 01: +0,2.806,10,Sticker | Cloud9 | Boston 2018
Jan 24 2025 01: +0,2.791,4,Sticker | Cloud9 | Boston 2018
Jan 25 2025 01: +0,2.437,1,Sticker | Cloud9 | Boston 2018
Jan 26 2025 01: +0,2.331,3,Sticker | Cloud9 | Boston 2018
Jan 27 2025 01: +0,2.478,4,Sticker | Cloud9 | Boston 2018
Jan 28 2025 01: +0,2.663,6,Sticker | Cloud9 | Boston 2018
Jan 29 2025 01: +0,2.838,6,Sticker | Cloud9 | Boston 2018
Jan 30 2025 01: +0,2.309,1,Sticker | Cloud9 | Boston 2018
Jan 31 2025 01: +0,3.154,3,Sticker | Cloud9 | Boston 2018
Feb 01 2025 01: +0,3.065,4,Sticker | Cloud9 | Boston 2018
Feb 02 2025 01: +0,3.251,5,Sticker | Cloud9 | Boston 2018
Feb 03 2025 01: +0,2.985,9,Sticker | Cloud9 | Boston 2018
Feb 04 2025 01: +0,3.277,1,Sticker | Cloud9 | Boston 2018
Feb 05 2025 01: +0,3.314,9,Sticker | Cloud9 | Boston 2018
Feb 06 2025 01: +0,3.039,8,Sticker | Cloud9 | Boston 2018
Feb 07 2025 01: +0,3.281,9,Sticker | Cloud9 | Boston 2018
Feb 08 2025 01: +0,3.111,5,Sticker | Cloud9 | Boston 2018
Feb 09 2025 01: +0,2.781,2,Sticker | Cloud9 | Boston 2018
Feb 10 2025 01: +0,2.917,2,Sticker | Cloud9 | Boston 2018
Feb 11 2025 01: +0,2.963,9,Sticker | Cloud9 | Boston 2018
Feb 12 2025 01: +0,3.391,3,Sticker | Cloud9 | Boston 2018
Feb 13 2025 01: +0,3.25,7,Sticker | Cloud9 | Boston 2018
Feb 14 2025 01: +0,3.428,19,Sticker | Cloud9 | Boston 2018
Feb 15 2025 01: +0,3.701,11,Sticker | Cloud9 | Boston 2018
Feb 16 2025 01: +0,3.72,1,Sticker | Cloud9 | Boston 2018
Feb 17 2025 01: +0,3.396,2,Sticker | Cloud9 | Boston 2018
Feb 18 2025 01: +0,3.282,1,Sticker | Cloud9 | Boston 2018
Feb 19 2025 01: +0,3.742,7,Sticker | Cloud9 | Boston 2018
Feb 20 2025 01: +0,3.765,2,Sticker | Cloud9 | Boston 2018
Feb 21 2025 01: +0,3.636,1,Sticker | Cloud9 | Boston 2018
Feb 22 2025 01: +0,3.363,3,Sticker | Cloud9 | Boston 2018
Feb 23 2025 01: +0,3.348,6,Sticker | Cloud9 | Boston 2018
Feb 24 2025 01: +0,2.386,4,Sticker | Cloud9 | Boston 2018
Feb 25 2025 01: +0,3.325,2,Sticker | Cloud9 | Boston 2018
Feb 27 2025 01: +0,3.079,2,Sticker | Cloud9 | Boston 2018
Feb 28 2025 01: +0,2.992,4,Sticker | Cloud9 | Boston 2018
Mar 01 2025 01: +0,3.082,7,Sticker | Cloud9 | Boston 2018
Mar 02 2025 01: +0,3.226,5,Sticker | Cloud9 | Boston 2018
Mar 03 2025 01: +0,3.099,3,Sticker | Cloud9 | Boston 2018
Mar 04 2025 01: +0,3.272,5,Sticker | Cloud9 | Boston 2018
Mar 05 2025 01: +0,3.098,2,Sticker | Cloud9 | Boston 2018
Mar 06 2025 01: +0,3.398,3,Sticker | Cloud9 | Boston 2018
Mar 07 2025 01: +0,3.352,6,Sticker | Cloud9 | Boston 2018
Mar 08 2025 01: +0,3.337,1,Sticker | Cloud9 | Boston 2018
Mar 09 2025 01: +0,3.233,1,Sticker | Cloud9 | Boston 2018
Mar 10 2025 01: +0,3.292,3,Sticker | Cloud9 | Boston 2018
Mar 11 2025 01: +0,2.899,2,Sticker | Cloud9 | Boston 2018
Mar 12 2025 01: +0,3.104,8,Sticker | Cloud9 | Boston 2018
Mar 13 2025 01: +0,3.31,7,Sticker | Cloud9 | Boston 2018
Mar 14 2025 01: +0,3.396,4,Sticker | Cloud9 | Boston 2018
Mar 15 2025 01: +0,3.182,3,Sticker | Cloud9 | Boston 2018
Mar 16 2025 01: +0,2.977,7,Sticker | Cloud9 | Boston 2018
Mar 17 2025 01: +0,3.187,3,Sticker | Cloud9 | Boston 2018
Mar 18 2025 01: +0,3.184,1,Sticker | Cloud9 | Boston 2018
Mar 19 2025 01: +0,2.775,2,Sticker | Cloud9 | Boston 2018
Mar 20 2025 01: +0,2.863,2,Sticker | Cloud9 | Boston 2018
Mar 21 2025 01: +0,2.956,5,Sticker | Cloud9 | Boston 2018
Mar 22 2025 01: +0,2.992,7,Sticker | Cloud9 | Boston 2018
Mar 24 2025 01: +0,2.982,6,Sticker | Cloud9 | Boston 2018
Mar 25 2025 01: +0,3.177,4,Sticker | Cloud9 | Boston 2018
Mar 26 2025 01: +0,3.269,1,Sticker | Cloud9 | Boston 2018
Mar 27 2025 01: +0,3.184,4,Sticker | Cloud9 | Boston 2018
Mar 28 2025 01: +0,3.014,9,Sticker | Cloud9 | Boston 2018
Mar 29 2025 01: +0,3.252,4,Sticker | Cloud9 | Boston 2018
Mar 30 2025 01: +0,3.239,2,Sticker | Cloud9 | Boston 2018
Mar 31 2025 01: +0,3.193,5,Sticker | Cloud9 | Boston 2018
Apr 01 2025 01: +0,3.184,1,Sticker | Cloud9 | Boston 2018
Apr 02 2025 01: +0,3.053,1,Sticker | Cloud9 | Boston 2018
Apr 03 2025 01: +0,2.972,6,Sticker | Cloud9 | Boston 2018
Apr 05 2025 01: +0,2.707,6,Sticker | Cloud9 | Boston 2018
Apr 07 2025 01: +0,2.734,1,Sticker | Cloud9 | Boston 2018
Apr 08 2025 01: +0,2.677,4,Sticker | Cloud9 | Boston 2018
Apr 09 2025 01: +0,2.547,3,Sticker | Cloud9 | Boston 2018
Apr 10 2025 01: +0,3.066,12,Sticker | Cloud9 | Boston 2018
Apr 11 2025 01: +0,3.159,1,Sticker | Cloud9 | Boston 2018
Apr 12 2025 01: +0,3.016,3,Sticker | Cloud9 | Boston 2018
Apr 13 2025 01: +0,2.979,5,Sticker | Cloud9 | Boston 2018
Apr 14 2025 01: +0,3.188,3,Sticker | Cloud9 | Boston 2018
Apr 16 2025 01: +0,3.178,1,Sticker | Cloud9 | Boston 2018
Apr 17 2025 01: +0,3.086,10,Sticker | Cloud9 | Boston 2018
Apr 18 2025 01: +0,3.231,1,Sticker | Cloud9 | Boston 2018
Apr 19 2025 01: +0,3.246,6,Sticker | Cloud9 | Boston 2018
Apr 20 2025 01: +0,3.36,7,Sticker | Cloud9 | Boston 2018
Apr 21 2025 01: +0,3.391,4,Sticker | Cloud9 | Boston 2018
Apr 22 2025 01: +0,3.395,8,Sticker | Cloud9 | Boston 2018
Apr 23 2025 01: +0,3.218,3,Sticker | Cloud9 | Boston 2018
Apr 24 2025 01: +0,3.175,1,Sticker | Cloud9 | Boston 2018
Apr 25 2025 01: +0,3.26,10,Sticker | Cloud9 | Boston 2018
Apr 26 2025 01: +0,3.383,10,Sticker | Cloud9 | Boston 2018
Apr 27 2025 01: +0,3.372,3,Sticker | Cloud9 | Boston 2018
Apr 28 2025 01: +0,3.481,5,Sticker | Cloud9 | Boston 2018
Apr 29 2025 01: +0,3.511,7,Sticker | Cloud9 | Boston 2018
Apr 30 2025 01: +0,3.591,7,Sticker | Cloud9 | Boston 2018
May 01 2025 01: +0,3.576,6,Sticker | Cloud9 | Boston 2018
May 02 2025 01: +0,3.551,4,Sticker | Cloud9 | Boston 2018
May 03 2025 01: +0,3.605,2,Sticker | Cloud9 | Boston 2018
May 04 2025 01: +0,3.626,3,Sticker | Cloud9 | Boston 2018
May 05 2025 01: +0,3.576,2,Sticker | Cloud9 | Boston 2018
May 06 2025 01: +0,3.267,2,Sticker | Cloud9 | Boston 2018
May 07 2025 01: +0,3.609,1,Sticker | Cloud9 | Boston 2018
May 08 2025 01: +0,3.153,3,Sticker | Cloud9 | Boston 2018
May 09 2025 01: +0,2.841,1,Sticker | Cloud9 | Boston 2018
May 10 2025 01: +0,3.547,2,Sticker | Cloud9 | Boston 2018
May 11 2025 01: +0,3.731,18,Sticker | Cloud9 | Boston 2018
May 12 2025 01: +0,3.834,2,Sticker | Cloud9 | Boston 2018
May 13 2025 01: +0,3.745,7,Sticker | Cloud9 | Boston 2018
May 14 2025 01: +0,4.052,9,Sticker | Cloud9 | Boston 2018
May 15 2025 01: +0,4.136,4,Sticker | Cloud9 | Boston 2018
May 16 2025 01: +0,4.257,5,Sticker | Cloud9 | Boston 2018
May 17 2025 01: +0,4.042,7,Sticker | Cloud9 | Boston 2018
May 18 2025 01: +0,4.364,1,Sticker | Cloud9 | Boston 2018
May 19 2025 01: +0,3.944,1,Sticker | Cloud9 | Boston 2018
May 20 2025 01: +0,3.66,5,Sticker | Cloud9 | Boston 2018
May 21 2025 01: +0,3.908,2,Sticker | Cloud9 | Boston 2018
May 22 2025 01: +0,3.994,10,Sticker | Cloud9 | Boston 2018
May 23 2025 01: +0,4.033,1,Sticker | Cloud9 | Boston 2018
May 24 2025 01: +0,3.884,3,Sticker | Cloud9 | Boston 2018
May 25 2025 01: +0,3.706,2,Sticker | Cloud9 | Boston 2018
May 26 2025 01: +0,3.642,4,Sticker | Cloud9 | Boston 2018
May 27 2025 01: +0,3.673,13,Sticker | Cloud9 | Boston 2018
May 28 2025 01: +0,3.683,3,Sticker | Cloud9 | Boston 2018
May 29 2025 01: +0,3.563,9,Sticker | Cloud9 | Boston 2018
May 30 2025 01: +0,3.375,27,Sticker | Cloud9 | Boston 2018
May 31 2025 01: +0,3.652,2,Sticker | Cloud9 | Boston 2018
Jun 01 2025 01: +0,3.464,1,Sticker | Cloud9 | Boston 2018
Jun 02 2025 01: +0,3.564,2,Sticker | Cloud9 | Boston 2018
Jun 03 2025 01: +0,3.68,6,Sticker | Cloud9 | Boston 2018
Jun 04 2025 01: +0,3.721,11,Sticker | Cloud9 | Boston 2018
Jun 06 2025 01: +0,3.665,6,Sticker | Cloud9 | Boston 2018
Jun 07 2025 01: +0,3.485,2,Sticker | Cloud9 | Boston 2018
Jun 08 2025 01: +0,3.868,13,Sticker | Cloud9 | Boston 2018
Jun 09 2025 01: +0,3.934,5,Sticker | Cloud9 | Boston 2018
Jun 10 2025 01: +0,3.794,5,Sticker | Cloud9 | Boston 2018
Jun 11 2025 01: +0,3.614,4,Sticker | Cloud9 | Boston 2018
Jun 12 2025 01: +0,3.901,2,Sticker | Cloud9 | Boston 2018
Jun 13 2025 01: +0,3.494,2,Sticker | Cloud9 | Boston 2018
Jun 14 2025 01: +0,3.536,12,Sticker | Cloud9 | Boston 2018
Jun 15 2025 01: +0,3.866,5,Sticker | Cloud9 | Boston 2018
Jun 16 2025 01: +0,3.839,4,Sticker | Cloud9 | Boston 2018
Jun 17 2025 01: +0,3.957,2,Sticker | Cloud9 | Boston 2018
Jun 19 2025 01: +0,3.923,5,Sticker | Cloud9 | Boston 2018
Jun 21 2025 01: +0,3.759,7,Sticker | Cloud9 | Boston 2018
Jun 22 2025 01: +0,2.912,4,Sticker | Cloud9 | Boston 2018
Jun 23 2025 01: +0,3.999,1,Sticker | Cloud9 | Boston 2018
Jun 24 2025 01: +0,2.929,1,Sticker | Cloud9 | Boston 2018
Jun 25 2025 01: +0,4.022,4,Sticker | Cloud9 | Boston 2018
Jun 26 2025 01: +0,4.146,2,Sticker | Cloud9 | Boston 2018
Jun 27 2025 01: +0,3.754,3,Sticker | Cloud9 | Boston 2018
Jun 28 2025 01: +0,3.637,5,Sticker | Cloud9 | Boston 2018
Jun 29 2025 01: +0,3.879,11,Sticker | Cloud9 | Boston 2018
Jun 30 2025 01: +0,3.779,3,Sticker | Cloud9 | Boston 2018
Jul 01 2025 01: +0,4.11,1,Sticker | Cloud9 | Boston 2018
Jul 02 2025 01: +0,4.076,6,Sticker | Cloud9 | Boston 2018
Jul 03 2025 01: +0,4.118,4,Sticker | Cloud9 | Boston 2018
Jul 04 2025 01: +0,4.112,9,Sticker | Cloud9 | Boston 2018
Jul 05 2025 01: +0,3.969,3,Sticker | Cloud9 | Boston 2018
Jul 06 2025 01: +0,4.105,14,Sticker | Cloud9 | Boston 2018
Jul 07 2025 01: +0,3.915,4,Sticker | Cloud9 | Boston 2018
Jul 08 2025 01: +0,4.271,2,Sticker | Cloud9 | Boston 2018
Jul 09 2025 01: +0,3.082,4,Sticker | Cloud9 | Boston 2018
Jul 10 2025 01: +0,3.186,1,Sticker | Cloud9 | Boston 2018
Jul 11 2025 01: +0,3.44,3,Sticker | Cloud9 | Boston 2018
Jul 12 2025 01: +0,3.812,6,Sticker | Cloud9 | Boston 2018
Jul 13 2025 01: +0,3.887,3,Sticker | Cloud9 | Boston 2018
Jul 14 2025 01: +0,3.906,1,Sticker | Cloud9 | Boston 2018
Jul 15 2025 01: +0,3.671,2,Sticker | Cloud9 | Boston 2018
Jul 16 2025 01: +0,3.545,3,Sticker | Cloud9 | Boston 2018
Jul 17 2025 01: +0,3.723,3,Sticker | Cloud9 | Boston 2018
Jul 18 2025 01: +0,3.827,3,Sticker | Cloud9 | Boston 2018
Jul 19 2025 01: +0,3.817,2,Sticker | Cloud9 | Boston 2018
Jul 20 2025 01: +0,3.282,2,Sticker | Cloud9 | Boston 2018
Jul 21 2025 01: +0,3.847,9,Sticker | Cloud9 | Boston 2018
Jul 22 2025 01: +0,3.859,4,Sticker | Cloud9 | Boston 2018
Jul 23 2025 01: +0,3.906,1,Sticker | Cloud9 | Boston 2018
Jul 24 2025 01: +0,3.82,5,Sticker | Cloud9 | Boston 2018
Jul 25 2025 01: +0,3.405,2,Sticker | Cloud9 | Boston 2018
Jul 26 2025 01: +0,4.069,15,Sticker | Cloud9 | Boston 2018
Jul 27 2025 01: +0,4.409,8,Sticker | Cloud9 | Boston 2018
Jul 28 2025 01: +0,4.427,9,Sticker | Cloud9 | Boston 2018
Jul 29 2025 01: +0,4.449,1,Sticker | Cloud9 | Boston 2018
Jul 31 2025 01: +0,4.436,5,Sticker | Cloud9 | Boston 2018
Aug 01 2025 01: +0,4.419,6,Sticker | Cloud9 | Boston 2018
Aug 03 2025 01: +0,4.395,3,Sticker | Cloud9 | Boston 2018
Aug 04 2025 01: +0,4.449,10,Sticker | Cloud9 | Boston 2018
Aug 05 2025 01: +0,4.59,8,Sticker | Cloud9 | Boston 2018
Aug 06 2025 01: +0,3.4,1,Sticker | Cloud9 | Boston 2018
Aug 07 2025 01: +0,4.78,5,Sticker | Cloud9 | Boston 2018
Aug 08 2025 01: +0,4.84,3,Sticker | Cloud9 | Boston 2018
Aug 10 2025 01: +0,4.751,5,Sticker | Cloud9 | Boston 2018
Aug 11 2025 01: +0,4.406,7,Sticker | Cloud9 | Boston 2018
Aug 12 2025 01: +0,4.921,4,Sticker | Cloud9 | Boston 2018
Aug 13 2025 01: +0,4.884,1,Sticker | Cloud9 | Boston 2018
Aug 15 2025 01: +0,4.237,5,Sticker | Cloud9 | Boston 2018
Aug 17 2025 01: +0,3.58,1,Sticker | Cloud9 | Boston 2018
Aug 18 2025 01: +0,4.586,6,Sticker | Cloud9 | Boston 2018
Aug 20 2025 01: +0,4.348,6,Sticker | Cloud9 | Boston 2018
Aug 21 2025 01: +0,4.448,5,Sticker | Cloud9 | Boston 2018
Aug 22 2025 01: +0,4.428,2,Sticker | Cloud9 | Boston 2018
Aug 23 2025 01: +0,4.565,4,Sticker | Cloud9 | Boston 2018
Aug 24 2025 01: +0,4.466,3,Sticker | Cloud9 | Boston 2018
Aug 25 2025 01: +0,4.64,5,Sticker | Cloud9 | Boston 2018
Aug 26 2025 01: +0,4.836,5,Sticker | Cloud9 | Boston 2018
Aug 27 2025 01: +0,4.323,2,Sticker | Cloud9 | Boston 2018
Aug 28 2025 01: +0,4.912,2,Sticker | Cloud9 | Boston 2018
Aug 29 2025 01: +0,5.112,6,Sticker | Cloud9 | Boston 2018
Aug 31 2025 01: +0,4.7,3,Sticker | Cloud9 | Boston 2018
Sep 01 2025 01: +0,4.121,4,Sticker | Cloud9 | Boston 2018
Sep 02 2025 01: +0,4.593,8,Sticker | Cloud9 | Boston 2018
Sep 03 2025 01: +0,4.962,3,Sticker | Cloud9 | Boston 2018
Sep 04 2025 01: +0,4.858,3,Sticker | Cloud9 | Boston 2018
Sep 05 2025 01: +0,5.077,3,Sticker | Cloud9 | Boston 2018
Sep 06 2025 01: +0,4.842,7,Sticker | Cloud9 | Boston 2018
Sep 07 2025 01: +0,4.86,2,Sticker | Cloud9 | Boston 2018
Sep 09 2025 01: +0,4.927,6,Sticker | Cloud9 | Boston 2018
Sep 10 2025 01: +0,4.632,3,Sticker | Cloud9 | Boston 2018
Sep 11 2025 01: +0,5.07,2,Sticker | Cloud9 | Boston 2018
Sep 12 2025 01: +0,4.478,3,Sticker | Cloud9 | Boston 2018
Sep 13 2025 01: +0,4.611,2,Sticker | Cloud9 | Boston 2018
Sep 14 2025 01: +0,4.742,2,Sticker | Cloud9 | Boston 2018
Sep 15 2025 01: +0,4.653,1,Sticker | Cloud9 | Boston 2018
Sep 16 2025 01: +0,4.655,3,Sticker | Cloud9 | Boston 2018
Sep 17 2025 01: +0,4.683,2,Sticker | Cloud9 | Boston 2018
Sep 18 2025 01: +0,4.67,5,Sticker | Cloud9 | Boston 2018
Sep 19 2025 01: +0,4.011,2,Sticker | Cloud9 | Boston 2018
Sep 20 2025 01: +0,3.982,1,Sticker | Cloud9 | Boston 2018
Sep 21 2025 01: +0,3.74,3,Sticker | Cloud9 | Boston 2018
Sep 22 2025 01: +0,3.899,2,Sticker | Cloud9 | Boston 2018
Sep 23 2025 01: +0,3.712,2,Sticker | Cloud9 | Boston 2018
Sep 24 2025 01: +0,4.118,2,Sticker | Cloud9 | Boston 2018
Sep 25 2025 01: +0,3.918,10,Sticker | Cloud9 | Boston 2018
Sep 26 2025 01: +0,4.641,3,Sticker | Cloud9 | Boston 2018
Sep 27 2025 01: +0,4.564,2,Sticker | Cloud9 | Boston 2018
Sep 28 2025 01: +0,2.852,3,Sticker | Cloud9 | Boston 2018
Sep 29 2025 01: +0,3.56,3,Sticker | Cloud9 | Boston 2018
Oct 01 2025 01: +0,3.706,5,Sticker | Cloud9 | Boston 2018
Oct 02 2025 01: +0,3.982,1,Sticker | Cloud9 | Boston 2018
Oct 03 2025 01: +0,4.059,2,Sticker | Cloud9 | Boston 2018
Oct 04 2025 01: +0,4.056,7,Sticker | Cloud9 | Boston 2018
Oct 05 2025 01: +0,4.047,2,Sticker | Cloud9 | Boston 2018
Oct 06 2025 01: +0,4.059,18,Sticker | Cloud9 | Boston 2018
Oct 07 2025 01: +0,4.627,1,Sticker | Cloud9 | Boston 2018
Oct 08 2025 01: +0,4.737,6,Sticker | Cloud9 | Boston 2018
Oct 09 2025 01: +0,3.737,3,Sticker | Cloud9 | Boston 2018
Oct 11 2025 01: +0,4.381,3,Sticker | Cloud9 | Boston 2018
Oct 12 2025 01: +0,3.838,3,Sticker | Cloud9 | Boston 2018
Oct 13 2025 01: +0,4.156,3,Sticker | Cloud9 | Boston 2018
Oct 14 2025 01: +0,3.543,5,Sticker | Cloud9 | Boston 2018
Oct 15 2025 01: +0,3.452,2,Sticker | Cloud9 | Boston 2018
Oct 16 2025 01: +0,3.842,4,Sticker | Cloud9 | Boston 2018
Oct 17 2025 01: +0,4.042,1,Sticker | Cloud9 | Boston 2018
Oct 18 2025 01: +0,3.47,1,Sticker | Cloud9 | Boston 2018
Oct 19 2025 01: +0,3.47,3,Sticker | Cloud9 | Boston 2018
Oct 20 2025 01: +0,3.33,1,Sticker | Cloud9 | Boston 2018
Oct 21 2025 01: +0,3.379,2,Sticker | Cloud9 | Boston 2018
Oct 22 2025 01: +0,3.315,12,Sticker | Cloud9 | Boston 2018
Oct 23 2025 01: +0,2.786,9,Sticker | Cloud9 | Boston 2018
Oct 24 2025 01: +0,3.172,13,Sticker | Cloud9 | Boston 2018
Oct 25 2025 01: +0,3.054,2,Sticker | Cloud9 | Boston 2018
Oct 26 2025 01: +0,2.699,5,Sticker | Cloud9 | Boston 2018
Oct 27 2025 01: +0,3.149,17,Sticker | Cloud9 | Boston 2018
Oct 28 2025 01: +0,3.294,3,Sticker | Cloud9 | Boston 2018
Oct 29 2025 01: +0,2.769,5,Sticker | Cloud9 | Boston 2018
Oct 30 2025 01: +0,2.992,6,Sticker | Cloud9 | Boston 2018
Oct 31 2025 01: +0,2.602,5,Sticker | Cloud9 | Boston 2018
Nov 01 2025 01: +0,3.225,13,Sticker | Cloud9 | Boston 2018
Nov 02 2025 01: +0,2.615,1,Sticker | Cloud9 | Boston 2018
Nov 03 2025 01: +0,3.049,5,Sticker | Cloud9 | Boston 2018
Nov 04 2025 01: +0,3.408,3,Sticker | Cloud9 | Boston 2018
Nov 05 2025 01: +0,2.666,1,Sticker | Cloud9 | Boston 2018
Nov 06 2025 01: +0,3.277,1,Sticker | Cloud9 | Boston 2018
Nov 07 2025 01: +0,3.363,7,Sticker | Cloud9 | Boston 2018
Nov 08 2025 01: +0,3.285,3,Sticker | Cloud9 | Boston 2018
Nov 09 2025 01: +0,3.354,2,Sticker | Cloud9 | Boston 2018
Nov 10 2025 01: +0,3.35,12,Sticker | Cloud9 | Boston 2018
Nov 11 2025 01: +0,3.501,4,Sticker | Cloud9 | Boston 2018
Nov 12 2025 01: +0,3.389,3,Sticker | Cloud9 | Boston 2018
Nov 13 2025 01: +0,3.735,9,Sticker | Cloud9 | Boston 2018
Nov 14 2025 01: +0,3.783,5,Sticker | Cloud9 | Boston 2018
Nov 15 2025 01: +0,3.884,13,Sticker | Cloud9 | Boston 2018
Nov 16 2025 01: +0,3.562,4,Sticker | Cloud9 | Boston 2018
Nov 17 2025 01: +0,3.626,6,Sticker | Cloud9 | Boston 2018
Nov 18 2025 01: +0,3.785,5,Sticker | Cloud9 | Boston 2018
Nov 19 2025 01: +0,3.549,1,Sticker | Cloud9 | Boston 2018
Nov 20 2025 01: +0,3.824,9,Sticker | Cloud9 | Boston 2018
Nov 21 2025 01: +0,4.127,9,Sticker | Cloud9 | Boston 2018
Nov 22 2025 01: +0,4.394,2,Sticker | Cloud9 | Boston 2018
Nov 23 2025 01: +0,4.513,1,Sticker | Cloud9 | Boston 2018
Nov 24 2025 01: +0,4.356,1,Sticker | Cloud9 | Boston 2018
Nov 25 2025 01: +0,4.339,3,Sticker | Cloud9 | Boston 2018
Nov 26 2025 01: +0,4.364,1,Sticker | Cloud9 | Boston 2018
Nov 28 2025 01: +0,4.015,3,Sticker | Cloud9 | Boston 2018
Nov 29 2025 01: +0,3.874,2,Sticker | Cloud9 | Boston 2018
Dec 03 2025 01: +0,4.398,1,Sticker | Cloud9 | Boston 2018
Dec 04 2025 01: +0,3.909,1,Sticker | Cloud9 | Boston 2018
Dec 05 2025 01: +0,4.409,1,Sticker | Cloud9 | Boston 2018
Dec 06 2025 01: +0,4.407,1,Sticker | Cloud9 | Boston 2018
Dec 07 2025 01: +0,4.211,3,Sticker | Cloud9 | Boston 2018
Dec 08 2025 01: +0,4.058,11,Sticker | Cloud9 | Boston 2018
Dec 09 2025 01: +0,3.081,10,Sticker | Cloud9 | Boston 2018
Dec 11 2025 01: +0,4.136,4,Sticker | Cloud9 | Boston 2018
Dec 12 2025 01: +0,4.174,4,Sticker | Cloud9 | Boston 2018
Dec 13 2025 01: +0,4.102,6,Sticker | Cloud9 | Boston 2018
Dec 15 2025 01: +0,4.251,1,Sticker | Cloud9 | Boston 2018
Dec 16 2025 01: +0,4.214,2,Sticker | Cloud9 | Boston 2018
Dec 17 2025 01: +0,4.148,4,Sticker | Cloud9 | Boston 2018
Dec 18 2025 01: +0,3.973,2,Sticker | Cloud9 | Boston 2018
Dec 19 2025 01: +0,3.991,9,Sticker | Cloud9 | Boston 2018
Dec 20 2025 01: +0,3.569,2,Sticker | Cloud9 | Boston 2018
Dec 22 2025 01: +0,2.98,2,Sticker | Cloud9 | Boston 2018
Dec 23 2025 01: +0,3.304,5,Sticker | Cloud9 | Boston 2018
Dec 24 2025 01: +0,3.473,5,Sticker | Cloud9 | Boston 2018
Dec 25 2025 01: +0,3.73,7,Sticker | Cloud9 | Boston 2018
Dec 26 2025 01: +0,3.981,14,Sticker | Cloud9 | Boston 2018
Dec 28 2025 01: +0,3.749,6,Sticker | Cloud9 | Boston 2018
Dec 29 2025 01: +0,4.426,3,Sticker | Cloud9 | Boston 2018
Dec 30 2025 01: +0,4.413,3,Sticker | Cloud9 | Boston 2018
Dec 31 2025 01: +0,3.12,1,Sticker | Cloud9 | Boston 2018
Jan 01 2026 01: +0,3.318,4,Sticker | Cloud9 | Boston 2018
Jan 02 2026 01: +0,3.697,1,Sticker | Cloud9 | Boston 2018
Jan 03 2026 01: +0,4.173,2,Sticker | Cloud9 | Boston 2018
Jan 04 2026 01: +0,4.259,1,Sticker | Cloud9 | Boston 2018
Jan 05 2026 01: +0,4.254,6,Sticker | Cloud9 | Boston 2018
Jan 06 2026 01: +0,3.798,6,Sticker | Cloud9 | Boston 2018
Jan 07 2026 01: +0,4.274,1,Sticker | Cloud9 | Boston 2018
Jan 08 2026 01: +0,4.194,7,Sticker | Cloud9 | Boston 2018
Jan 09 2026 01: +0,4.033,3,Sticker | Cloud9 | Boston 2018
Jan 10 2026 01: +0,4.249,2,Sticker | Cloud9 | Boston 2018
Jan 11 2026 01: +0,4.33,3,Sticker | Cloud9 | Boston 2018
Jan 13 2026 01: +0,4.349,1,Sticker | Cloud9 | Boston 2018
Jan 14 2026 01: +0,4.247,2,Sticker | Cloud9 | Boston 2018
Jan 15 2026 01: +0,4.156,1,Sticker | Cloud9 | Boston 2018
Jan 16 2026 01: +0,4.216,2,Sticker | Cloud9 | Boston 2018
Jan 17 2026 01: +0,4.295,9,Sticker | Cloud9 | Boston 2018
Jan 19 2026 01: +0,4.289,2,Sticker | Cloud9 | Boston 2018
Jan 20 2026 01: +0,4.143,1,Sticker | Cloud9 | Boston 2018
Jan 21 2026 01: +0,4.194,8,Sticker | Cloud9 | Boston 2018
Jan 22 2026 01: +0,4.183,3,Sticker | Cloud9 | Boston 2018
Jan 23 2026 01: +0,4.237,1,Sticker | Cloud9 | Boston 2018
Jan 24 2026 01: +0,3.902,5,Sticker | Cloud9 | Boston 2018
Jan 25 2026 01: +0,4.128,2,Sticker | Cloud9 | Boston 2018
Jan 26 2026 01: +0,4.069,5,Sticker | Cloud9 | Boston 2018
Jan 29 2026 01: +0,3.895,2,Sticker | Cloud9 | Boston 2018
Jan 30 2026 01: +0,4.072,10,Sticker | Cloud9 | Boston 2018
Jan 31 2026 01: +0,4.443,7,Sticker | Cloud9 | Boston 2018
Feb 01 2026 01: +0,4.165,6,Sticker | Cloud9 | Boston 2018
Feb 02 2026 01: +0,4.05,1,Sticker | Cloud9 | Boston 2018
Feb 03 2026 01: +0,4.097,5,Sticker | Cloud9 | Boston 2018
Feb 04 2026 01: +0,4.254,1,Sticker | Cloud9 | Boston 2018
Feb 05 2026 01: +0,3.173,3,Sticker | Cloud9 | Boston 2018
Feb 06 2026 01: +0,3.827,3,Sticker | Cloud9 | Boston 2018
Feb 07 2026 01: +0,4.228,4,Sticker | Cloud9 | Boston 2018
Feb 08 2026 01: +0,4.042,1,Sticker | Cloud9 | Boston 2018
Feb 09 2026 01: +0,4.027,5,Sticker | Cloud9 | Boston 2018
Feb 10 2026 01: +0,3.83,2,Sticker | Cloud9 | Boston 2018
Feb 11 2026 01: +0,4.044,5,Sticker | Cloud9 | Boston 2018
Feb 12 2026 01: +0,4.029,5,Sticker | Cloud9 | Boston 2018
Feb 13 2026 01: +0,4.078,13,Sticker | Cloud9 | Boston 2018
Feb 14 2026 01: +0,3.716,8,Sticker | Cloud9 | Boston 2018
Feb 15 2026 01: +0,3.609,4,Sticker | Cloud9 | Boston 2018
Feb 16 2026 01: +0,4.05,1,Sticker | Cloud9 | Boston 2018
Feb 17 2026 01: +0,4.367,6,Sticker | Cloud9 | Boston 2018
Feb 18 2026 01: +0,4.369,2,Sticker | Cloud9 | Boston 2018
Feb 20 2026 01: +0,3.487,2,Sticker | Cloud9 | Boston 2018
Feb 21 2026 01: +0,3.733,3,Sticker | Cloud9 | Boston 2018
Feb 22 2026 01: +0,3.952,4,Sticker | Cloud9 | Boston 2018
Feb 23 2026 01: +0,4.355,4,Sticker | Cloud9 | Boston 2018
Feb 24 2026 01: +0,4.005,2,Sticker | Cloud9 | Boston 2018
Feb 25 2026 01: +0,4.13,3,Sticker | Cloud9 | Boston 2018
Feb 26 2026 01: +0,4.347,1,Sticker | Cloud9 | Boston 2018
Feb 27 2026 01: +0,4.414,7,Sticker | Cloud9 | Boston 2018
Feb 28 2026 01: +0,4.408,2,Sticker | Cloud9 | Boston 2018
Mar 01 2026 01: +0,4.377,2,Sticker | Cloud9 | Boston 2018
Mar 02 2026 01: +0,4.3,8,Sticker | Cloud9 | Boston 2018
Mar 03 2026 01: +0,3.583,1,Sticker | Cloud9 | Boston 2018
Mar 04 2026 01: +0,4.235,5,Sticker | Cloud9 | Boston 2018
Mar 06 2026 01: +0,4.134,4,Sticker | Cloud9 | Boston 2018
Mar 07 2026 01: +0,4.447,3,Sticker | Cloud9 | Boston 2018
Mar 08 2026 01: +0,4.496,3,Sticker | Cloud9 | Boston 2018
Mar 09 2026 01: +0,4.107,2,Sticker | Cloud9 | Boston 2018
Mar 10 2026 01: +0,4.468,3,Sticker | Cloud9 | Boston 2018
Mar 11 2026 01: +0,4.378,2,Sticker | Cloud9 | Boston 2018
Mar 12 2026 01: +0,3.521,6,Sticker | Cloud9 | Boston 2018
Mar 13 2026 01: +0,3.634,3,Sticker | Cloud9 | Boston 2018
Mar 14 2026 01: +0,3.202,1,Sticker | Cloud9 | Boston 2018
Mar 16 2026 01: +0,3.923,1,Sticker | Cloud9 | Boston 2018
Mar 17 2026 01: +0,3.637,4,Sticker | Cloud9 | Boston 2018
Mar 18 2026 01: +0,4.267,1,Sticker | Cloud9 | Boston 2018
Mar 19 2026 01: +0,4.156,2,Sticker | Cloud9 | Boston 2018
Mar 20 2026 01: +0,4.014,10,Sticker | Cloud9 | Boston 2018
Mar 21 2026 01: +0,3.955,3,Sticker | Cloud9 | Boston 2018
Mar 22 2026 01: +0,3.997,2,Sticker | Cloud9 | Boston 2018
Mar 23 2026 01: +0,3.702,6,Sticker | Cloud9 | Boston 2018
Mar 24 2026 01: +0,4.119,5,Sticker | Cloud9 | Boston 2018
Mar 25 2026 01: +0,3.953,4,Sticker | Cloud9 | Boston 2018
Mar 26 2026 01: +0,4.237,7,Sticker | Cloud9 | Boston 2018
Mar 28 2026 01: +0,4.301,6,Sticker | Cloud9 | Boston 2018
Mar 29 2026 01: +0,4.471,1,Sticker | Cloud9 | Boston 2018
Apr 01 2026 01: +0,4.386,3,Sticker | Cloud9 | Boston 2018
Apr 02 2026 01: +0,4.421,7,Sticker | Cloud9 | Boston 2018
Apr 04 2026 01: +0,4.31,7,Sticker | Cloud9 | Boston 2018
Apr 05 2026 01: +0,4.573,2,Sticker | Cloud9 | Boston 2018
Apr 06 2026 01: +0,4.162,3,Sticker | Cloud9 | Boston 2018
Apr 07 2026 01: +0,4.551,1,Sticker | Cloud9 | Boston 2018
Apr 08 2026 01: +0,4.564,2,Sticker | Cloud9 | Boston 2018
Apr 09 2026 01: +0,4.581,3,Sticker | Cloud9 | Boston 2018
Apr 10 2026 01: +0,4.234,4,Sticker | Cloud9 | Boston 2018
Apr 11 2026 01: +0,4.221,2,Sticker | Cloud9 | Boston 2018
Apr 12 2026 01: +0,4.627,1,Sticker | Cloud9 | Boston 2018
Apr 13 2026 00: +0,4.441,1,Sticker | Cloud9 | Boston 2018
Apr 14 2026 14: +0,4.25,1,Sticker | Cloud9 | Boston 2018
Apr 14 2026 22: +0,4.39,1,Sticker | Cloud9 | Boston 2018
Apr 15 2026 22: +0,4.441,1,Sticker | Cloud9 | Boston 2018
Apr 16 2026 14: +0,4.441,1,Sticker | Cloud9 | Boston 2018
Apr 18 2026 06: +0,4.347,1,Sticker | Cloud9 | Boston 2018
Apr 18 2026 14: +0,4.341,4,Sticker | Cloud9 | Boston 2018
Apr 19 2026 20: +0,4.322,1,Sticker | Cloud9 | Boston 2018
Apr 20 2026 00: +0,4.347,3,Sticker | Cloud9 | Boston 2018
Apr 20 2026 10: +0,4.415,1,Sticker | Cloud9 | Boston 2018
Apr 20 2026 11: +0,4.473,1,Sticker | Cloud9 | Boston 2018
Apr 20 2026 17: +0,4.492,1,Sticker | Cloud9 | Boston 2018
Apr 22 2026 01: +0,3.697,1,Sticker | Cloud9 | Boston 2018
Apr 22 2026 10: +0,4.455,1,Sticker | Cloud9 | Boston 2018
Apr 22 2026 13: +0,4.488,4,Sticker | Cloud9 | Boston 2018
Apr 22 2026 14: +0,4.59,1,Sticker | Cloud9 | Boston 2018
Apr 23 2026 21: +0,4.39,1,Sticker | Cloud9 | Boston 2018
Apr 23 2026 22: +0,4.602,1,Sticker | Cloud9 | Boston 2018
Apr 24 2026 08: +0,4.568,1,Sticker | Cloud9 | Boston 2018
Apr 24 2026 19: +0,4.585,1,Sticker | Cloud9 | Boston 2018
Apr 25 2026 09: +0,3.587,1,Sticker | Cloud9 | Boston 2018
Apr 25 2026 14: +0,4.471,1,Sticker | Cloud9 | Boston 2018
Apr 25 2026 20: +0,4.5,1,Sticker | Cloud9 | Boston 2018
Apr 25 2026 21: +0,4.627,3,Sticker | Cloud9 | Boston 2018
Apr 26 2026 09: +0,4.312,1,Sticker | Cloud9 | Boston 2018
Apr 26 2026 11: +0,4.585,1,Sticker | Cloud9 | Boston 2018
Apr 26 2026 14: +0,4.59,1,Sticker | Cloud9 | Boston 2018
Apr 27 2026 20: +0,4.458,1,Sticker | Cloud9 | Boston 2018
Apr 28 2026 02: +0,4.485,1,Sticker | Cloud9 | Boston 2018
Apr 28 2026 21: +0,4.237,1,Sticker | Cloud9 | Boston 2018
Apr 29 2026 00: +0,3.906,1,Sticker | Cloud9 | Boston 2018
May 01 2026 00: +0,4.551,1,Sticker | Cloud9 | Boston 2018
May 01 2026 03: +0,4.568,1,Sticker | Cloud9 | Boston 2018
May 01 2026 07: +0,4.641,2,Sticker | Cloud9 | Boston 2018
May 02 2026 07: +0,4.568,1,Sticker | Cloud9 | Boston 2018
May 03 2026 08: +0,4.177,1,Sticker | Cloud9 | Boston 2018
May 03 2026 22: +0,4.594,1,Sticker | Cloud9 | Boston 2018
May 05 2026 17: +0,4.244,2,Sticker | Cloud9 | Boston 2018
May 06 2026 18: +0,4.602,1,Sticker | Cloud9 | Boston 2018
May 06 2026 21: +0,4.629,1,Sticker | Cloud9 | Boston 2018
May 07 2026 03: +0,4.64,1,Sticker | Cloud9 | Boston 2018
May 07 2026 05: +0,4.653,1,Sticker | Cloud9 | Boston 2018
May 07 2026 17: +0,4.661,1,Sticker | Cloud9 | Boston 2018
May 07 2026 23: +0,4.627,1,Sticker | Cloud9 | Boston 2018
May 09 2026 00: +0,4.33,3,Sticker | Cloud9 | Boston 2018
May 09 2026 03: +0,4.585,1,Sticker | Cloud9 | Boston 2018
May 09 2026 11: +0,4.61,2,Sticker | Cloud9 | Boston 2018
May 09 2026 13: +0,4.671,1,Sticker | Cloud9 | Boston 2018
May 09 2026 19: +0,4.688,3,Sticker | Cloud9 | Boston 2018
May 10 2026 09: +0,4.668,1,Sticker | Cloud9 | Boston 2018
May 11 2026 08: +0,3.851,2,Sticker | Cloud9 | Boston 2018
May 11 2026 20: +0,4.661,1,Sticker | Cloud9 | Boston 2018
Oct 21 2021 01: +0,0.298,816,Sticker | Natus Vincere | Stockholm 2021
Oct 22 2021 01: +0,0.254,40043,Sticker | Natus Vincere | Stockholm 2021
Oct 23 2021 01: +0,0.216,14329,Sticker | Natus Vincere | Stockholm 2021
Oct 24 2021 01: +0,0.217,9063,Sticker | Natus Vincere | Stockholm 2021
Oct 25 2021 01: +0,0.211,7737,Sticker | Natus Vincere | Stockholm 2021
Oct 26 2021 01: +0,0.204,6989,Sticker | Natus Vincere | Stockholm 2021
Oct 27 2021 01: +0,0.205,6429,Sticker | Natus Vincere | Stockholm 2021
Oct 28 2021 01: +0,0.217,5212,Sticker | Natus Vincere | Stockholm 2021
Oct 29 2021 01: +0,0.216,5610,Sticker | Natus Vincere | Stockholm 2021
Oct 30 2021 01: +0,0.208,6044,Sticker | Natus Vincere | Stockholm 2021
Oct 31 2021 01: +0,0.249,7104,Sticker | Natus Vincere | Stockholm 2021
Nov 01 2021 01: +0,0.333,6569,Sticker | Natus Vincere | Stockholm 2021
Nov 02 2021 01: +0,0.418,7193,Sticker | Natus Vincere | Stockholm 2021
Nov 03 2021 01: +0,0.382,6782,Sticker | Natus Vincere | Stockholm 2021
Nov 04 2021 01: +0,0.391,7983,Sticker | Natus Vincere | Stockholm 2021
Nov 05 2021 01: +0,0.457,11521,Sticker | Natus Vincere | Stockholm 2021
Nov 06 2021 01: +0,0.415,11416,Sticker | Natus Vincere | Stockholm 2021
Nov 07 2021 01: +0,0.548,35921,Sticker | Natus Vincere | Stockholm 2021
Nov 08 2021 01: +0,0.367,12675,Sticker | Natus Vincere | Stockholm 2021
Nov 09 2021 01: +0,0.316,6168,Sticker | Natus Vincere | Stockholm 2021
Nov 10 2021 01: +0,0.272,9502,Sticker | Natus Vincere | Stockholm 2021
Nov 11 2021 01: +0,0.29,4193,Sticker | Natus Vincere | Stockholm 2021
Nov 12 2021 01: +0,0.296,3160,Sticker | Natus Vincere | Stockholm 2021
Nov 13 2021 01: +0,0.292,3132,Sticker | Natus Vincere | Stockholm 2021
Nov 14 2021 01: +0,0.308,2932,Sticker | Natus Vincere | Stockholm 2021
Nov 15 2021 01: +0,0.335,2562,Sticker | Natus Vincere | Stockholm 2021
Nov 16 2021 01: +0,0.33,1860,Sticker | Natus Vincere | Stockholm 2021
Nov 17 2021 01: +0,0.336,1988,Sticker | Natus Vincere | Stockholm 2021
Nov 18 2021 01: +0,0.358,2208,Sticker | Natus Vincere | Stockholm 2021
Nov 19 2021 01: +0,0.347,1999,Sticker | Natus Vincere | Stockholm 2021
Nov 20 2021 01: +0,0.338,1990,Sticker | Natus Vincere | Stockholm 2021
Nov 21 2021 01: +0,0.355,2309,Sticker | Natus Vincere | Stockholm 2021
Nov 22 2021 01: +0,0.366,1602,Sticker | Natus Vincere | Stockholm 2021
Nov 23 2021 01: +0,0.387,1723,Sticker | Natus Vincere | Stockholm 2021
Nov 24 2021 01: +0,0.373,1668,Sticker | Natus Vincere | Stockholm 2021
Nov 25 2021 01: +0,0.325,1634,Sticker | Natus Vincere | Stockholm 2021
Nov 26 2021 01: +0,0.304,1558,Sticker | Natus Vincere | Stockholm 2021
Nov 27 2021 01: +0,0.335,1820,Sticker | Natus Vincere | Stockholm 2021
Nov 28 2021 01: +0,0.333,1786,Sticker | Natus Vincere | Stockholm 2021
Nov 29 2021 01: +0,0.344,1645,Sticker | Natus Vincere | Stockholm 2021
Nov 30 2021 01: +0,0.116,48032,Sticker | Natus Vincere | Stockholm 2021
Dec 01 2021 01: +0,0.08,27979,Sticker | Natus Vincere | Stockholm 2021
Dec 02 2021 01: +0,0.075,21544,Sticker | Natus Vincere | Stockholm 2021
Dec 03 2021 01: +0,0.087,19734,Sticker | Natus Vincere | Stockholm 2021
Dec 04 2021 01: +0,0.086,19575,Sticker | Natus Vincere | Stockholm 2021
Dec 05 2021 01: +0,0.082,17139,Sticker | Natus Vincere | Stockholm 2021
Dec 06 2021 01: +0,0.082,14516,Sticker | Natus Vincere | Stockholm 2021
Dec 07 2021 01: +0,0.079,15213,Sticker | Natus Vincere | Stockholm 2021
Dec 08 2021 01: +0,0.074,16856,Sticker | Natus Vincere | Stockholm 2021
Dec 09 2021 01: +0,0.066,17137,Sticker | Natus Vincere | Stockholm 2021
Dec 10 2021 01: +0,0.065,16175,Sticker | Natus Vincere | Stockholm 2021
Dec 11 2021 01: +0,0.067,18395,Sticker | Natus Vincere | Stockholm 2021
Dec 12 2021 01: +0,0.073,19905,Sticker | Natus Vincere | Stockholm 2021
Dec 13 2021 01: +0,0.078,15006,Sticker | Natus Vincere | Stockholm 2021
Dec 14 2021 01: +0,0.077,15508,Sticker | Natus Vincere | Stockholm 2021
Dec 15 2021 01: +0,0.068,14521,Sticker | Natus Vincere | Stockholm 2021
Dec 16 2021 01: +0,0.066,14143,Sticker | Natus Vincere | Stockholm 2021
Dec 17 2021 01: +0,0.065,14500,Sticker | Natus Vincere | Stockholm 2021
Dec 18 2021 01: +0,0.064,16495,Sticker | Natus Vincere | Stockholm 2021
Dec 19 2021 01: +0,0.061,15876,Sticker | Natus Vincere | Stockholm 2021
Dec 20 2021 01: +0,0.062,14814,Sticker | Natus Vincere | Stockholm 2021
Dec 21 2021 01: +0,0.056,11308,Sticker | Natus Vincere | Stockholm 2021
Dec 22 2021 01: +0,0.056,11904,Sticker | Natus Vincere | Stockholm 2021
Dec 23 2021 01: +0,0.057,7534,Sticker | Natus Vincere | Stockholm 2021
Dec 24 2021 01: +0,0.055,9128,Sticker | Natus Vincere | Stockholm 2021
Dec 25 2021 01: +0,0.054,8301,Sticker | Natus Vincere | Stockholm 2021
Dec 26 2021 01: +0,0.054,9150,Sticker | Natus Vincere | Stockholm 2021
Dec 27 2021 01: +0,0.054,8780,Sticker | Natus Vincere | Stockholm 2021
Dec 28 2021 01: +0,0.055,9739,Sticker | Natus Vincere | Stockholm 2021
Dec 29 2021 01: +0,0.054,9963,Sticker | Natus Vincere | Stockholm 2021
Dec 30 2021 01: +0,0.054,9607,Sticker | Natus Vincere | Stockholm 2021
Dec 31 2021 01: +0,0.052,8815,Sticker | Natus Vincere | Stockholm 2021
Jan 01 2022 01: +0,0.053,10063,Sticker | Natus Vincere | Stockholm 2021
Jan 02 2022 01: +0,0.052,10203,Sticker | Natus Vincere | Stockholm 2021
Jan 03 2022 01: +0,0.053,11242,Sticker | Natus Vincere | Stockholm 2021
Jan 04 2022 01: +0,0.055,10528,Sticker | Natus Vincere | Stockholm 2021
Jan 05 2022 01: +0,0.056,10935,Sticker | Natus Vincere | Stockholm 2021
Jan 06 2022 01: +0,0.056,12196,Sticker | Natus Vincere | Stockholm 2021
Jan 07 2022 01: +0,0.058,10985,Sticker | Natus Vincere | Stockholm 2021
Jan 08 2022 01: +0,0.06,11650,Sticker | Natus Vincere | Stockholm 2021
Jan 09 2022 01: +0,0.057,9500,Sticker | Natus Vincere | Stockholm 2021
Jan 10 2022 01: +0,0.055,8453,Sticker | Natus Vincere | Stockholm 2021
Jan 11 2022 01: +0,0.056,7972,Sticker | Natus Vincere | Stockholm 2021
Jan 12 2022 01: +0,0.059,8284,Sticker | Natus Vincere | Stockholm 2021
Jan 13 2022 01: +0,0.058,7592,Sticker | Natus Vincere | Stockholm 2021
Jan 14 2022 01: +0,0.057,8464,Sticker | Natus Vincere | Stockholm 2021
Jan 15 2022 01: +0,0.055,9030,Sticker | Natus Vincere | Stockholm 2021
Jan 16 2022 01: +0,0.055,8756,Sticker | Natus Vincere | Stockholm 2021
Jan 17 2022 01: +0,0.054,7466,Sticker | Natus Vincere | Stockholm 2021
Jan 18 2022 01: +0,0.061,13085,Sticker | Natus Vincere | Stockholm 2021
Jan 19 2022 01: +0,0.075,10104,Sticker | Natus Vincere | Stockholm 2021
Jan 20 2022 01: +0,0.078,8392,Sticker | Natus Vincere | Stockholm 2021
Jan 21 2022 01: +0,0.074,8371,Sticker | Natus Vincere | Stockholm 2021
Jan 22 2022 01: +0,0.071,9035,Sticker | Natus Vincere | Stockholm 2021
Jan 23 2022 01: +0,0.069,9479,Sticker | Natus Vincere | Stockholm 2021
Jan 24 2022 01: +0,0.069,6644,Sticker | Natus Vincere | Stockholm 2021
Jan 25 2022 01: +0,0.072,7103,Sticker | Natus Vincere | Stockholm 2021
Jan 26 2022 01: +0,0.077,6693,Sticker | Natus Vincere | Stockholm 2021
Jan 27 2022 01: +0,0.082,7663,Sticker | Natus Vincere | Stockholm 2021
Jan 28 2022 01: +0,0.08,6111,Sticker | Natus Vincere | Stockholm 2021
Jan 29 2022 01: +0,0.083,7546,Sticker | Natus Vincere | Stockholm 2021
Jan 30 2022 01: +0,0.084,7035,Sticker | Natus Vincere | Stockholm 2021
Jan 31 2022 01: +0,0.076,6805,Sticker | Natus Vincere | Stockholm 2021
Feb 01 2022 01: +0,0.075,6190,Sticker | Natus Vincere | Stockholm 2021
Feb 02 2022 01: +0,0.072,7648,Sticker | Natus Vincere | Stockholm 2021
Feb 03 2022 01: +0,0.075,7119,Sticker | Natus Vincere | Stockholm 2021
Feb 04 2022 01: +0,0.075,7422,Sticker | Natus Vincere | Stockholm 2021
Feb 05 2022 01: +0,0.073,7771,Sticker | Natus Vincere | Stockholm 2021
Feb 06 2022 01: +0,0.073,7322,Sticker | Natus Vincere | Stockholm 2021
Feb 07 2022 01: +0,0.075,7009,Sticker | Natus Vincere | Stockholm 2021
Feb 08 2022 01: +0,0.074,7894,Sticker | Natus Vincere | Stockholm 2021
Feb 09 2022 01: +0,0.075,5671,Sticker | Natus Vincere | Stockholm 2021
Feb 10 2022 01: +0,0.074,5935,Sticker | Natus Vincere | Stockholm 2021
Feb 11 2022 01: +0,0.075,7870,Sticker | Natus Vincere | Stockholm 2021
Feb 12 2022 01: +0,0.074,7341,Sticker | Natus Vincere | Stockholm 2021
Feb 13 2022 01: +0,0.073,6622,Sticker | Natus Vincere | Stockholm 2021
Feb 14 2022 01: +0,0.072,6210,Sticker | Natus Vincere | Stockholm 2021
Feb 15 2022 01: +0,0.07,4927,Sticker | Natus Vincere | Stockholm 2021
Feb 16 2022 01: +0,0.075,6337,Sticker | Natus Vincere | Stockholm 2021
Feb 17 2022 01: +0,0.076,5232,Sticker | Natus Vincere | Stockholm 2021
Feb 18 2022 01: +0,0.078,5681,Sticker | Natus Vincere | Stockholm 2021
Feb 19 2022 01: +0,0.077,5094,Sticker | Natus Vincere | Stockholm 2021
Feb 20 2022 01: +0,0.078,5193,Sticker | Natus Vincere | Stockholm 2021
Feb 21 2022 01: +0,0.089,5930,Sticker | Natus Vincere | Stockholm 2021
Feb 22 2022 01: +0,0.097,6453,Sticker | Natus Vincere | Stockholm 2021
Feb 23 2022 01: +0,0.099,6509,Sticker | Natus Vincere | Stockholm 2021
Feb 24 2022 01: +0,0.123,13177,Sticker | Natus Vincere | Stockholm 2021
Feb 25 2022 01: +0,0.136,6564,Sticker | Natus Vincere | Stockholm 2021
Feb 26 2022 01: +0,0.136,7346,Sticker | Natus Vincere | Stockholm 2021
Feb 27 2022 01: +0,0.116,6069,Sticker | Natus Vincere | Stockholm 2021
Feb 28 2022 01: +0,0.106,5308,Sticker | Natus Vincere | Stockholm 2021
Mar 01 2022 01: +0,0.106,6504,Sticker | Natus Vincere | Stockholm 2021
Mar 02 2022 01: +0,0.106,6062,Sticker | Natus Vincere | Stockholm 2021
Mar 03 2022 01: +0,0.114,4712,Sticker | Natus Vincere | Stockholm 2021
Mar 04 2022 01: +0,0.116,6703,Sticker | Natus Vincere | Stockholm 2021
Mar 05 2022 01: +0,0.113,5829,Sticker | Natus Vincere | Stockholm 2021
Mar 06 2022 01: +0,0.108,5434,Sticker | Natus Vincere | Stockholm 2021
Mar 07 2022 01: +0,0.109,4948,Sticker | Natus Vincere | Stockholm 2021
Mar 08 2022 01: +0,0.093,8767,Sticker | Natus Vincere | Stockholm 2021
Mar 09 2022 01: +0,0.093,5564,Sticker | Natus Vincere | Stockholm 2021
Mar 10 2022 01: +0,0.101,5051,Sticker | Natus Vincere | Stockholm 2021
Mar 11 2022 01: +0,0.108,4490,Sticker | Natus Vincere | Stockholm 2021
Mar 12 2022 01: +0,0.097,5354,Sticker | Natus Vincere | Stockholm 2021
Mar 13 2022 01: +0,0.106,5414,Sticker | Natus Vincere | Stockholm 2021
Mar 14 2022 01: +0,0.107,4998,Sticker | Natus Vincere | Stockholm 2021
Mar 15 2022 01: +0,0.11,4400,Sticker | Natus Vincere | Stockholm 2021
Mar 16 2022 01: +0,0.115,6142,Sticker | Natus Vincere | Stockholm 2021
Mar 17 2022 01: +0,0.131,8205,Sticker | Natus Vincere | Stockholm 2021
Mar 18 2022 01: +0,0.134,5721,Sticker | Natus Vincere | Stockholm 2021
Mar 19 2022 01: +0,0.13,6108,Sticker | Natus Vincere | Stockholm 2021
Mar 20 2022 01: +0,0.134,5841,Sticker | Natus Vincere | Stockholm 2021
Mar 21 2022 01: +0,0.154,18511,Sticker | Natus Vincere | Stockholm 2021
Mar 22 2022 01: +0,0.198,10714,Sticker | Natus Vincere | Stockholm 2021
Mar 23 2022 01: +0,0.197,6079,Sticker | Natus Vincere | Stockholm 2021
Mar 24 2022 01: +0,0.174,5579,Sticker | Natus Vincere | Stockholm 2021
Mar 25 2022 01: +0,0.146,3621,Sticker | Natus Vincere | Stockholm 2021
Mar 26 2022 01: +0,0.148,4338,Sticker | Natus Vincere | Stockholm 2021
Mar 27 2022 01: +0,0.153,3565,Sticker | Natus Vincere | Stockholm 2021
Mar 28 2022 01: +0,0.149,4263,Sticker | Natus Vincere | Stockholm 2021
Mar 29 2022 01: +0,0.154,3561,Sticker | Natus Vincere | Stockholm 2021
Mar 30 2022 01: +0,0.157,3374,Sticker | Natus Vincere | Stockholm 2021
Mar 31 2022 01: +0,0.157,3382,Sticker | Natus Vincere | Stockholm 2021
Apr 01 2022 01: +0,0.146,3657,Sticker | Natus Vincere | Stockholm 2021
Apr 02 2022 01: +0,0.14,3852,Sticker | Natus Vincere | Stockholm 2021
Apr 03 2022 01: +0,0.14,3642,Sticker | Natus Vincere | Stockholm 2021
Apr 04 2022 01: +0,0.145,3243,Sticker | Natus Vincere | Stockholm 2021
Apr 05 2022 01: +0,0.14,3290,Sticker | Natus Vincere | Stockholm 2021
Apr 06 2022 01: +0,0.141,3014,Sticker | Natus Vincere | Stockholm 2021
Apr 07 2022 01: +0,0.144,3972,Sticker | Natus Vincere | Stockholm 2021
Apr 08 2022 01: +0,0.139,4173,Sticker | Natus Vincere | Stockholm 2021
Apr 09 2022 01: +0,0.142,3562,Sticker | Natus Vincere | Stockholm 2021
Apr 10 2022 01: +0,0.14,3491,Sticker | Natus Vincere | Stockholm 2021
Apr 11 2022 01: +0,0.14,3100,Sticker | Natus Vincere | Stockholm 2021
Apr 12 2022 01: +0,0.137,3713,Sticker | Natus Vincere | Stockholm 2021
Apr 13 2022 01: +0,0.133,3162,Sticker | Natus Vincere | Stockholm 2021
Apr 14 2022 01: +0,0.127,3981,Sticker | Natus Vincere | Stockholm 2021
Apr 15 2022 01: +0,0.128,3614,Sticker | Natus Vincere | Stockholm 2021
Apr 16 2022 01: +0,0.129,3569,Sticker | Natus Vincere | Stockholm 2021
Apr 17 2022 01: +0,0.131,2907,Sticker | Natus Vincere | Stockholm 2021
Apr 18 2022 01: +0,0.13,3363,Sticker | Natus Vincere | Stockholm 2021
Apr 19 2022 01: +0,0.129,2306,Sticker | Natus Vincere | Stockholm 2021
Apr 20 2022 01: +0,0.13,4081,Sticker | Natus Vincere | Stockholm 2021
Apr 21 2022 01: +0,0.121,3130,Sticker | Natus Vincere | Stockholm 2021
Apr 22 2022 01: +0,0.114,3595,Sticker | Natus Vincere | Stockholm 2021
Apr 23 2022 01: +0,0.115,4281,Sticker | Natus Vincere | Stockholm 2021
Apr 24 2022 01: +0,0.115,4155,Sticker | Natus Vincere | Stockholm 2021
Apr 25 2022 01: +0,0.119,4559,Sticker | Natus Vincere | Stockholm 2021
Apr 26 2022 01: +0,0.122,4842,Sticker | Natus Vincere | Stockholm 2021
Apr 27 2022 01: +0,0.121,3175,Sticker | Natus Vincere | Stockholm 2021
Apr 28 2022 01: +0,0.122,3756,Sticker | Natus Vincere | Stockholm 2021
Apr 29 2022 01: +0,0.128,3623,Sticker | Natus Vincere | Stockholm 2021
Apr 30 2022 01: +0,0.127,3084,Sticker | Natus Vincere | Stockholm 2021
May 01 2022 01: +0,0.132,3792,Sticker | Natus Vincere | Stockholm 2021
May 02 2022 01: +0,0.126,2748,Sticker | Natus Vincere | Stockholm 2021
May 03 2022 01: +0,0.119,3203,Sticker | Natus Vincere | Stockholm 2021
May 04 2022 01: +0,0.086,13225,Sticker | Natus Vincere | Stockholm 2021
May 05 2022 01: +0,0.08,4098,Sticker | Natus Vincere | Stockholm 2021
May 06 2022 01: +0,0.084,3375,Sticker | Natus Vincere | Stockholm 2021
May 07 2022 01: +0,0.087,3064,Sticker | Natus Vincere | Stockholm 2021
May 08 2022 01: +0,0.091,3135,Sticker | Natus Vincere | Stockholm 2021
May 09 2022 01: +0,0.086,1952,Sticker | Natus Vincere | Stockholm 2021
May 10 2022 01: +0,0.082,2942,Sticker | Natus Vincere | Stockholm 2021
May 11 2022 01: +0,0.086,2936,Sticker | Natus Vincere | Stockholm 2021
May 12 2022 01: +0,0.074,7273,Sticker | Natus Vincere | Stockholm 2021
May 13 2022 01: +0,0.076,2441,Sticker | Natus Vincere | Stockholm 2021
May 14 2022 01: +0,0.07,2507,Sticker | Natus Vincere | Stockholm 2021
May 15 2022 01: +0,0.07,2468,Sticker | Natus Vincere | Stockholm 2021
May 16 2022 01: +0,0.074,2484,Sticker | Natus Vincere | Stockholm 2021
May 17 2022 01: +0,0.076,2161,Sticker | Natus Vincere | Stockholm 2021
May 18 2022 01: +0,0.079,2049,Sticker | Natus Vincere | Stockholm 2021
May 19 2022 01: +0,0.076,2700,Sticker | Natus Vincere | Stockholm 2021
May 20 2022 01: +0,0.077,2643,Sticker | Natus Vincere | Stockholm 2021
May 21 2022 01: +0,0.076,2498,Sticker | Natus Vincere | Stockholm 2021
May 22 2022 01: +0,0.08,5228,Sticker | Natus Vincere | Stockholm 2021
May 23 2022 01: +0,0.069,2089,Sticker | Natus Vincere | Stockholm 2021
May 24 2022 01: +0,0.066,2449,Sticker | Natus Vincere | Stockholm 2021
May 25 2022 01: +0,0.066,2266,Sticker | Natus Vincere | Stockholm 2021
May 26 2022 01: +0,0.067,2238,Sticker | Natus Vincere | Stockholm 2021
May 27 2022 01: +0,0.066,2047,Sticker | Natus Vincere | Stockholm 2021
May 28 2022 01: +0,0.068,2824,Sticker | Natus Vincere | Stockholm 2021
May 29 2022 01: +0,0.071,2095,Sticker | Natus Vincere | Stockholm 2021
May 30 2022 01: +0,0.067,2194,Sticker | Natus Vincere | Stockholm 2021
May 31 2022 01: +0,0.069,1965,Sticker | Natus Vincere | Stockholm 2021
Jun 01 2022 01: +0,0.067,1443,Sticker | Natus Vincere | Stockholm 2021
Jun 02 2022 01: +0,0.066,1846,Sticker | Natus Vincere | Stockholm 2021
Jun 03 2022 01: +0,0.055,3644,Sticker | Natus Vincere | Stockholm 2021
Jun 04 2022 01: +0,0.052,2830,Sticker | Natus Vincere | Stockholm 2021
Jun 05 2022 01: +0,0.047,4323,Sticker | Natus Vincere | Stockholm 2021
Jun 06 2022 01: +0,0.05,1807,Sticker | Natus Vincere | Stockholm 2021
Jun 07 2022 01: +0,0.051,1646,Sticker | Natus Vincere | Stockholm 2021
Jun 08 2022 01: +0,0.048,1784,Sticker | Natus Vincere | Stockholm 2021
Jun 09 2022 01: +0,0.048,1584,Sticker | Natus Vincere | Stockholm 2021
Jun 10 2022 01: +0,0.049,1538,Sticker | Natus Vincere | Stockholm 2021
Jun 11 2022 01: +0,0.049,1590,Sticker | Natus Vincere | Stockholm 2021
Jun 12 2022 01: +0,0.046,1396,Sticker | Natus Vincere | Stockholm 2021
Jun 13 2022 01: +0,0.042,1328,Sticker | Natus Vincere | Stockholm 2021
Jun 14 2022 01: +0,0.043,1183,Sticker | Natus Vincere | Stockholm 2021
Jun 15 2022 01: +0,0.042,1843,Sticker | Natus Vincere | Stockholm 2021
Jun 16 2022 01: +0,0.041,1982,Sticker | Natus Vincere | Stockholm 2021
Jun 17 2022 01: +0,0.041,1908,Sticker | Natus Vincere | Stockholm 2021
Jun 18 2022 01: +0,0.04,1452,Sticker | Natus Vincere | Stockholm 2021
Jun 19 2022 01: +0,0.046,2291,Sticker | Natus Vincere | Stockholm 2021
Jun 20 2022 01: +0,0.041,1144,Sticker | Natus Vincere | Stockholm 2021
Jun 21 2022 01: +0,0.039,1328,Sticker | Natus Vincere | Stockholm 2021
Jun 22 2022 01: +0,0.044,1200,Sticker | Natus Vincere | Stockholm 2021
Jun 23 2022 01: +0,0.041,1208,Sticker | Natus Vincere | Stockholm 2021
Jun 24 2022 01: +0,0.04,1289,Sticker | Natus Vincere | Stockholm 2021
Jun 25 2022 01: +0,0.041,1464,Sticker | Natus Vincere | Stockholm 2021
Jun 26 2022 01: +0,0.041,1404,Sticker | Natus Vincere | Stockholm 2021
Jun 27 2022 01: +0,0.038,1653,Sticker | Natus Vincere | Stockholm 2021
Jun 28 2022 01: +0,0.041,2293,Sticker | Natus Vincere | Stockholm 2021
Jun 29 2022 01: +0,0.045,828,Sticker | Natus Vincere | Stockholm 2021
Jun 30 2022 01: +0,0.05,996,Sticker | Natus Vincere | Stockholm 2021
Jul 01 2022 01: +0,0.054,1115,Sticker | Natus Vincere | Stockholm 2021
Jul 02 2022 01: +0,0.052,1131,Sticker | Natus Vincere | Stockholm 2021
Jul 03 2022 01: +0,0.047,1307,Sticker | Natus Vincere | Stockholm 2021
Jul 04 2022 01: +0,0.043,1053,Sticker | Natus Vincere | Stockholm 2021
Jul 05 2022 01: +0,0.043,1195,Sticker | Natus Vincere | Stockholm 2021
Jul 06 2022 01: +0,0.042,1560,Sticker | Natus Vincere | Stockholm 2021
Jul 07 2022 01: +0,0.045,1135,Sticker | Natus Vincere | Stockholm 2021
Jul 08 2022 01: +0,0.053,1424,Sticker | Natus Vincere | Stockholm 2021
Jul 09 2022 01: +0,0.052,961,Sticker | Natus Vincere | Stockholm 2021
Jul 10 2022 01: +0,0.048,935,Sticker | Natus Vincere | Stockholm 2021
Jul 11 2022 01: +0,0.047,910,Sticker | Natus Vincere | Stockholm 2021
Jul 12 2022 01: +0,0.05,931,Sticker | Natus Vincere | Stockholm 2021
Jul 13 2022 01: +0,0.051,838,Sticker | Natus Vincere | Stockholm 2021
Jul 14 2022 01: +0,0.05,905,Sticker | Natus Vincere | Stockholm 2021
Jul 15 2022 01: +0,0.048,831,Sticker | Natus Vincere | Stockholm 2021
Jul 16 2022 01: +0,0.049,853,Sticker | Natus Vincere | Stockholm 2021
Jul 17 2022 01: +0,0.053,1214,Sticker | Natus Vincere | Stockholm 2021
Jul 18 2022 01: +0,0.049,1012,Sticker | Natus Vincere | Stockholm 2021
Jul 19 2022 01: +0,0.05,847,Sticker | Natus Vincere | Stockholm 2021
Jul 20 2022 01: +0,0.051,833,Sticker | Natus Vincere | Stockholm 2021
Jul 21 2022 01: +0,0.051,1073,Sticker | Natus Vincere | Stockholm 2021
Jul 22 2022 01: +0,0.049,1044,Sticker | Natus Vincere | Stockholm 2021
Jul 23 2022 01: +0,0.046,959,Sticker | Natus Vincere | Stockholm 2021
Jul 24 2022 01: +0,0.047,895,Sticker | Natus Vincere | Stockholm 2021
Jul 25 2022 01: +0,0.048,1018,Sticker | Natus Vincere | Stockholm 2021
Jul 26 2022 01: +0,0.05,1032,Sticker | Natus Vincere | Stockholm 2021
Jul 27 2022 01: +0,0.048,937,Sticker | Natus Vincere | Stockholm 2021
Jul 28 2022 01: +0,0.049,1037,Sticker | Natus Vincere | Stockholm 2021
Jul 29 2022 01: +0,0.054,866,Sticker | Natus Vincere | Stockholm 2021
Jul 30 2022 01: +0,0.051,848,Sticker | Natus Vincere | Stockholm 2021
Jul 31 2022 01: +0,0.051,1099,Sticker | Natus Vincere | Stockholm 2021
Aug 01 2022 01: +0,0.051,941,Sticker | Natus Vincere | Stockholm 2021
Aug 02 2022 01: +0,0.053,984,Sticker | Natus Vincere | Stockholm 2021
Aug 03 2022 01: +0,0.049,1068,Sticker | Natus Vincere | Stockholm 2021
Aug 04 2022 01: +0,0.048,1129,Sticker | Natus Vincere | Stockholm 2021
Aug 05 2022 01: +0,0.049,1066,Sticker | Natus Vincere | Stockholm 2021
Aug 06 2022 01: +0,0.05,929,Sticker | Natus Vincere | Stockholm 2021
Aug 07 2022 01: +0,0.049,882,Sticker | Natus Vincere | Stockholm 2021
Aug 08 2022 01: +0,0.05,1298,Sticker | Natus Vincere | Stockholm 2021
Aug 09 2022 01: +0,0.054,685,Sticker | Natus Vincere | Stockholm 2021
Aug 10 2022 01: +0,0.057,1005,Sticker | Natus Vincere | Stockholm 2021
Aug 11 2022 01: +0,0.057,857,Sticker | Natus Vincere | Stockholm 2021
Aug 12 2022 01: +0,0.061,897,Sticker | Natus Vincere | Stockholm 2021
Aug 13 2022 01: +0,0.057,1158,Sticker | Natus Vincere | Stockholm 2021
Aug 14 2022 01: +0,0.055,1088,Sticker | Natus Vincere | Stockholm 2021
Aug 15 2022 01: +0,0.055,848,Sticker | Natus Vincere | Stockholm 2021
Aug 16 2022 01: +0,0.053,853,Sticker | Natus Vincere | Stockholm 2021
Aug 17 2022 01: +0,0.048,1190,Sticker | Natus Vincere | Stockholm 2021
Aug 18 2022 01: +0,0.049,886,Sticker | Natus Vincere | Stockholm 2021
Aug 19 2022 01: +0,0.05,936,Sticker | Natus Vincere | Stockholm 2021
Aug 20 2022 01: +0,0.048,1193,Sticker | Natus Vincere | Stockholm 2021
Aug 21 2022 01: +0,0.046,919,Sticker | Natus Vincere | Stockholm 2021
Aug 22 2022 01: +0,0.047,1040,Sticker | Natus Vincere | Stockholm 2021
Aug 23 2022 01: +0,0.047,780,Sticker | Natus Vincere | Stockholm 2021
Aug 24 2022 01: +0,0.048,979,Sticker | Natus Vincere | Stockholm 2021
Aug 25 2022 01: +0,0.053,827,Sticker | Natus Vincere | Stockholm 2021
Aug 26 2022 01: +0,0.053,657,Sticker | Natus Vincere | Stockholm 2021
Aug 27 2022 01: +0,0.048,864,Sticker | Natus Vincere | Stockholm 2021
Aug 28 2022 01: +0,0.047,1512,Sticker | Natus Vincere | Stockholm 2021
Aug 29 2022 01: +0,0.048,1040,Sticker | Natus Vincere | Stockholm 2021
Aug 30 2022 01: +0,0.047,1270,Sticker | Natus Vincere | Stockholm 2021
Aug 31 2022 01: +0,0.045,1619,Sticker | Natus Vincere | Stockholm 2021
Sep 01 2022 01: +0,0.046,1040,Sticker | Natus Vincere | Stockholm 2021
Sep 02 2022 01: +0,0.045,879,Sticker | Natus Vincere | Stockholm 2021
Sep 03 2022 01: +0,0.045,973,Sticker | Natus Vincere | Stockholm 2021
Sep 04 2022 01: +0,0.046,1013,Sticker | Natus Vincere | Stockholm 2021
Sep 05 2022 01: +0,0.046,758,Sticker | Natus Vincere | Stockholm 2021
Sep 06 2022 01: +0,0.046,739,Sticker | Natus Vincere | Stockholm 2021
Sep 07 2022 01: +0,0.045,1280,Sticker | Natus Vincere | Stockholm 2021
Sep 08 2022 01: +0,0.049,848,Sticker | Natus Vincere | Stockholm 2021
Sep 09 2022 01: +0,0.051,589,Sticker | Natus Vincere | Stockholm 2021
Sep 10 2022 01: +0,0.052,778,Sticker | Natus Vincere | Stockholm 2021
Sep 11 2022 01: +0,0.051,742,Sticker | Natus Vincere | Stockholm 2021
Sep 12 2022 01: +0,0.051,534,Sticker | Natus Vincere | Stockholm 2021
Sep 13 2022 01: +0,0.048,665,Sticker | Natus Vincere | Stockholm 2021
Sep 14 2022 01: +0,0.05,720,Sticker | Natus Vincere | Stockholm 2021
Sep 15 2022 01: +0,0.049,732,Sticker | Natus Vincere | Stockholm 2021
Sep 16 2022 01: +0,0.047,931,Sticker | Natus Vincere | Stockholm 2021
Sep 17 2022 01: +0,0.049,946,Sticker | Natus Vincere | Stockholm 2021
Sep 18 2022 01: +0,0.051,746,Sticker | Natus Vincere | Stockholm 2021
Sep 19 2022 01: +0,0.049,681,Sticker | Natus Vincere | Stockholm 2021
Sep 20 2022 01: +0,0.052,796,Sticker | Natus Vincere | Stockholm 2021
Sep 21 2022 01: +0,0.049,711,Sticker | Natus Vincere | Stockholm 2021
Sep 22 2022 01: +0,0.053,1047,Sticker | Natus Vincere | Stockholm 2021
Sep 23 2022 01: +0,0.051,851,Sticker | Natus Vincere | Stockholm 2021
Sep 24 2022 01: +0,0.054,841,Sticker | Natus Vincere | Stockholm 2021
Sep 25 2022 01: +0,0.051,1117,Sticker | Natus Vincere | Stockholm 2021
Sep 26 2022 01: +0,0.049,1218,Sticker | Natus Vincere | Stockholm 2021
Sep 27 2022 01: +0,0.052,721,Sticker | Natus Vincere | Stockholm 2021
Sep 28 2022 01: +0,0.052,981,Sticker | Natus Vincere | Stockholm 2021
Sep 29 2022 01: +0,0.054,721,Sticker | Natus Vincere | Stockholm 2021
Sep 30 2022 01: +0,0.052,1021,Sticker | Natus Vincere | Stockholm 2021
Oct 01 2022 01: +0,0.05,833,Sticker | Natus Vincere | Stockholm 2021
Oct 02 2022 01: +0,0.048,1513,Sticker | Natus Vincere | Stockholm 2021
Oct 03 2022 01: +0,0.05,835,Sticker | Natus Vincere | Stockholm 2021
Oct 04 2022 01: +0,0.051,767,Sticker | Natus Vincere | Stockholm 2021
Oct 05 2022 01: +0,0.05,842,Sticker | Natus Vincere | Stockholm 2021
Oct 06 2022 01: +0,0.052,1059,Sticker | Natus Vincere | Stockholm 2021
Oct 07 2022 01: +0,0.055,925,Sticker | Natus Vincere | Stockholm 2021
Oct 08 2022 01: +0,0.053,1089,Sticker | Natus Vincere | Stockholm 2021
Oct 09 2022 01: +0,0.055,709,Sticker | Natus Vincere | Stockholm 2021
Oct 10 2022 01: +0,0.053,894,Sticker | Natus Vincere | Stockholm 2021
Oct 11 2022 01: +0,0.053,711,Sticker | Natus Vincere | Stockholm 2021
Oct 12 2022 01: +0,0.054,518,Sticker | Natus Vincere | Stockholm 2021
Oct 13 2022 01: +0,0.052,1075,Sticker | Natus Vincere | Stockholm 2021
Oct 14 2022 01: +0,0.05,623,Sticker | Natus Vincere | Stockholm 2021
Oct 15 2022 01: +0,0.055,961,Sticker | Natus Vincere | Stockholm 2021
Oct 16 2022 01: +0,0.056,934,Sticker | Natus Vincere | Stockholm 2021
Oct 17 2022 01: +0,0.055,629,Sticker | Natus Vincere | Stockholm 2021
Oct 18 2022 01: +0,0.058,605,Sticker | Natus Vincere | Stockholm 2021
Oct 19 2022 01: +0,0.056,582,Sticker | Natus Vincere | Stockholm 2021
Oct 20 2022 01: +0,0.055,736,Sticker | Natus Vincere | Stockholm 2021
Oct 21 2022 01: +0,0.052,1182,Sticker | Natus Vincere | Stockholm 2021
Oct 22 2022 01: +0,0.055,1587,Sticker | Natus Vincere | Stockholm 2021
Oct 23 2022 01: +0,0.053,1221,Sticker | Natus Vincere | Stockholm 2021
Oct 24 2022 01: +0,0.052,711,Sticker | Natus Vincere | Stockholm 2021
Oct 25 2022 01: +0,0.053,803,Sticker | Natus Vincere | Stockholm 2021
Oct 26 2022 01: +0,0.06,1035,Sticker | Natus Vincere | Stockholm 2021
Oct 27 2022 01: +0,0.06,964,Sticker | Natus Vincere | Stockholm 2021
Oct 28 2022 01: +0,0.063,830,Sticker | Natus Vincere | Stockholm 2021
Oct 29 2022 01: +0,0.062,732,Sticker | Natus Vincere | Stockholm 2021
Oct 30 2022 01: +0,0.057,952,Sticker | Natus Vincere | Stockholm 2021
Oct 31 2022 01: +0,0.058,577,Sticker | Natus Vincere | Stockholm 2021
Nov 01 2022 01: +0,0.06,705,Sticker | Natus Vincere | Stockholm 2021
Nov 02 2022 01: +0,0.057,524,Sticker | Natus Vincere | Stockholm 2021
Nov 03 2022 01: +0,0.056,1044,Sticker | Natus Vincere | Stockholm 2021
Nov 04 2022 01: +0,0.055,751,Sticker | Natus Vincere | Stockholm 2021
Nov 05 2022 01: +0,0.057,814,Sticker | Natus Vincere | Stockholm 2021
Nov 06 2022 01: +0,0.061,704,Sticker | Natus Vincere | Stockholm 2021
Nov 07 2022 01: +0,0.061,621,Sticker | Natus Vincere | Stockholm 2021
Nov 08 2022 01: +0,0.063,746,Sticker | Natus Vincere | Stockholm 2021
Nov 09 2022 01: +0,0.066,1058,Sticker | Natus Vincere | Stockholm 2021
Nov 10 2022 01: +0,0.07,889,Sticker | Natus Vincere | Stockholm 2021
Nov 11 2022 01: +0,0.07,1039,Sticker | Natus Vincere | Stockholm 2021
Nov 12 2022 01: +0,0.066,956,Sticker | Natus Vincere | Stockholm 2021
Nov 13 2022 01: +0,0.068,1097,Sticker | Natus Vincere | Stockholm 2021
Nov 14 2022 01: +0,0.067,940,Sticker | Natus Vincere | Stockholm 2021
Nov 15 2022 01: +0,0.066,964,Sticker | Natus Vincere | Stockholm 2021
Nov 16 2022 01: +0,0.07,1008,Sticker | Natus Vincere | Stockholm 2021
Nov 17 2022 01: +0,0.07,1153,Sticker | Natus Vincere | Stockholm 2021
Nov 18 2022 01: +0,0.069,677,Sticker | Natus Vincere | Stockholm 2021
Nov 19 2022 01: +0,0.07,983,Sticker | Natus Vincere | Stockholm 2021
Nov 20 2022 01: +0,0.069,946,Sticker | Natus Vincere | Stockholm 2021
Nov 21 2022 01: +0,0.069,488,Sticker | Natus Vincere | Stockholm 2021
Nov 22 2022 01: +0,0.073,770,Sticker | Natus Vincere | Stockholm 2021
Nov 23 2022 01: +0,0.066,1774,Sticker | Natus Vincere | Stockholm 2021
Nov 24 2022 01: +0,0.062,895,Sticker | Natus Vincere | Stockholm 2021
Nov 25 2022 01: +0,0.062,817,Sticker | Natus Vincere | Stockholm 2021
Nov 26 2022 01: +0,0.059,821,Sticker | Natus Vincere | Stockholm 2021
Nov 27 2022 01: +0,0.06,771,Sticker | Natus Vincere | Stockholm 2021
Nov 28 2022 01: +0,0.063,941,Sticker | Natus Vincere | Stockholm 2021
Nov 29 2022 01: +0,0.064,536,Sticker | Natus Vincere | Stockholm 2021
Nov 30 2022 01: +0,0.059,910,Sticker | Natus Vincere | Stockholm 2021
Dec 01 2022 01: +0,0.06,769,Sticker | Natus Vincere | Stockholm 2021
Dec 02 2022 01: +0,0.062,700,Sticker | Natus Vincere | Stockholm 2021
Dec 03 2022 01: +0,0.064,593,Sticker | Natus Vincere | Stockholm 2021
Dec 04 2022 01: +0,0.066,951,Sticker | Natus Vincere | Stockholm 2021
Dec 05 2022 01: +0,0.066,575,Sticker | Natus Vincere | Stockholm 2021
Dec 06 2022 01: +0,0.066,754,Sticker | Natus Vincere | Stockholm 2021
Dec 07 2022 01: +0,0.063,738,Sticker | Natus Vincere | Stockholm 2021
Dec 08 2022 01: +0,0.062,486,Sticker | Natus Vincere | Stockholm 2021
Dec 09 2022 01: +0,0.062,640,Sticker | Natus Vincere | Stockholm 2021
Dec 10 2022 01: +0,0.063,595,Sticker | Natus Vincere | Stockholm 2021
Dec 11 2022 01: +0,0.066,866,Sticker | Natus Vincere | Stockholm 2021
Dec 12 2022 01: +0,0.066,500,Sticker | Natus Vincere | Stockholm 2021
Dec 13 2022 01: +0,0.064,503,Sticker | Natus Vincere | Stockholm 2021
Dec 14 2022 01: +0,0.065,1632,Sticker | Natus Vincere | Stockholm 2021
Dec 15 2022 01: +0,0.066,474,Sticker | Natus Vincere | Stockholm 2021
Dec 16 2022 01: +0,0.065,694,Sticker | Natus Vincere | Stockholm 2021
Dec 17 2022 01: +0,0.068,1346,Sticker | Natus Vincere | Stockholm 2021
Dec 18 2022 01: +0,0.066,629,Sticker | Natus Vincere | Stockholm 2021
Dec 19 2022 01: +0,0.067,482,Sticker | Natus Vincere | Stockholm 2021
Dec 20 2022 01: +0,0.071,628,Sticker | Natus Vincere | Stockholm 2021
Dec 21 2022 01: +0,0.068,543,Sticker | Natus Vincere | Stockholm 2021
Dec 22 2022 01: +0,0.067,859,Sticker | Natus Vincere | Stockholm 2021
Dec 23 2022 01: +0,0.067,1001,Sticker | Natus Vincere | Stockholm 2021
Dec 24 2022 01: +0,0.067,948,Sticker | Natus Vincere | Stockholm 2021
Dec 25 2022 01: +0,0.064,1046,Sticker | Natus Vincere | Stockholm 2021
Dec 26 2022 01: +0,0.068,1024,Sticker | Natus Vincere | Stockholm 2021
Dec 27 2022 01: +0,0.067,1516,Sticker | Natus Vincere | Stockholm 2021
Dec 28 2022 01: +0,0.068,664,Sticker | Natus Vincere | Stockholm 2021
Dec 29 2022 01: +0,0.07,794,Sticker | Natus Vincere | Stockholm 2021
Dec 30 2022 01: +0,0.068,747,Sticker | Natus Vincere | Stockholm 2021
Dec 31 2022 01: +0,0.066,543,Sticker | Natus Vincere | Stockholm 2021
Jan 01 2023 01: +0,0.069,829,Sticker | Natus Vincere | Stockholm 2021
Jan 02 2023 01: +0,0.069,828,Sticker | Natus Vincere | Stockholm 2021
Jan 03 2023 01: +0,0.069,688,Sticker | Natus Vincere | Stockholm 2021
Jan 04 2023 01: +0,0.071,825,Sticker | Natus Vincere | Stockholm 2021
Jan 05 2023 01: +0,0.073,687,Sticker | Natus Vincere | Stockholm 2021
Jan 06 2023 01: +0,0.071,837,Sticker | Natus Vincere | Stockholm 2021
Jan 07 2023 01: +0,0.071,1936,Sticker | Natus Vincere | Stockholm 2021
Jan 08 2023 01: +0,0.084,1400,Sticker | Natus Vincere | Stockholm 2021
Jan 09 2023 01: +0,0.086,970,Sticker | Natus Vincere | Stockholm 2021
Jan 10 2023 01: +0,0.09,1304,Sticker | Natus Vincere | Stockholm 2021
Jan 11 2023 01: +0,0.084,943,Sticker | Natus Vincere | Stockholm 2021
Jan 12 2023 01: +0,0.092,1050,Sticker | Natus Vincere | Stockholm 2021
Jan 13 2023 01: +0,0.089,660,Sticker | Natus Vincere | Stockholm 2021
Jan 14 2023 01: +0,0.089,640,Sticker | Natus Vincere | Stockholm 2021
Jan 15 2023 01: +0,0.087,733,Sticker | Natus Vincere | Stockholm 2021
Jan 16 2023 01: +0,0.09,598,Sticker | Natus Vincere | Stockholm 2021
Jan 17 2023 01: +0,0.092,601,Sticker | Natus Vincere | Stockholm 2021
Jan 18 2023 01: +0,0.094,753,Sticker | Natus Vincere | Stockholm 2021
Jan 19 2023 01: +0,0.091,606,Sticker | Natus Vincere | Stockholm 2021
Jan 20 2023 01: +0,0.092,639,Sticker | Natus Vincere | Stockholm 2021
Jan 21 2023 01: +0,0.09,846,Sticker | Natus Vincere | Stockholm 2021
Jan 22 2023 01: +0,0.091,1017,Sticker | Natus Vincere | Stockholm 2021
Jan 23 2023 01: +0,0.09,839,Sticker | Natus Vincere | Stockholm 2021
Jan 24 2023 01: +0,0.089,796,Sticker | Natus Vincere | Stockholm 2021
Jan 25 2023 01: +0,0.093,850,Sticker | Natus Vincere | Stockholm 2021
Jan 26 2023 01: +0,0.092,925,Sticker | Natus Vincere | Stockholm 2021
Jan 27 2023 01: +0,0.091,1097,Sticker | Natus Vincere | Stockholm 2021
Jan 28 2023 01: +0,0.092,914,Sticker | Natus Vincere | Stockholm 2021
Jan 29 2023 01: +0,0.092,1510,Sticker | Natus Vincere | Stockholm 2021
Jan 30 2023 01: +0,0.096,1553,Sticker | Natus Vincere | Stockholm 2021
Jan 31 2023 01: +0,0.1,1145,Sticker | Natus Vincere | Stockholm 2021
Feb 01 2023 01: +0,0.101,789,Sticker | Natus Vincere | Stockholm 2021
Feb 02 2023 01: +0,0.099,1380,Sticker | Natus Vincere | Stockholm 2021
Feb 03 2023 01: +0,0.098,808,Sticker | Natus Vincere | Stockholm 2021
Feb 04 2023 01: +0,0.099,1089,Sticker | Natus Vincere | Stockholm 2021
Feb 05 2023 01: +0,0.101,1106,Sticker | Natus Vincere | Stockholm 2021
Feb 06 2023 01: +0,0.1,897,Sticker | Natus Vincere | Stockholm 2021
Feb 07 2023 01: +0,0.105,694,Sticker | Natus Vincere | Stockholm 2021
Feb 08 2023 01: +0,0.111,1748,Sticker | Natus Vincere | Stockholm 2021
Feb 09 2023 01: +0,0.11,1649,Sticker | Natus Vincere | Stockholm 2021
Feb 10 2023 01: +0,0.111,933,Sticker | Natus Vincere | Stockholm 2021
Feb 11 2023 01: +0,0.108,1120,Sticker | Natus Vincere | Stockholm 2021
Feb 12 2023 01: +0,0.103,1172,Sticker | Natus Vincere | Stockholm 2021
Feb 13 2023 01: +0,0.104,1608,Sticker | Natus Vincere | Stockholm 2021
Feb 14 2023 01: +0,0.105,785,Sticker | Natus Vincere | Stockholm 2021
Feb 15 2023 01: +0,0.102,875,Sticker | Natus Vincere | Stockholm 2021
Feb 16 2023 01: +0,0.101,874,Sticker | Natus Vincere | Stockholm 2021
Feb 17 2023 01: +0,0.106,896,Sticker | Natus Vincere | Stockholm 2021
Feb 18 2023 01: +0,0.1,1037,Sticker | Natus Vincere | Stockholm 2021
Feb 19 2023 01: +0,0.099,1413,Sticker | Natus Vincere | Stockholm 2021
Feb 20 2023 01: +0,0.101,1251,Sticker | Natus Vincere | Stockholm 2021
Feb 21 2023 01: +0,0.103,828,Sticker | Natus Vincere | Stockholm 2021
Feb 22 2023 01: +0,0.099,958,Sticker | Natus Vincere | Stockholm 2021
Feb 23 2023 01: +0,0.099,915,Sticker | Natus Vincere | Stockholm 2021
Feb 24 2023 01: +0,0.099,922,Sticker | Natus Vincere | Stockholm 2021
Feb 25 2023 01: +0,0.099,2741,Sticker | Natus Vincere | Stockholm 2021
Feb 26 2023 01: +0,0.098,931,Sticker | Natus Vincere | Stockholm 2021
Feb 27 2023 01: +0,0.098,1163,Sticker | Natus Vincere | Stockholm 2021
Feb 28 2023 01: +0,0.101,793,Sticker | Natus Vincere | Stockholm 2021
Mar 01 2023 01: +0,0.1,872,Sticker | Natus Vincere | Stockholm 2021
Mar 02 2023 01: +0,0.102,1579,Sticker | Natus Vincere | Stockholm 2021
Mar 03 2023 01: +0,0.114,2626,Sticker | Natus Vincere | Stockholm 2021
Mar 04 2023 01: +0,0.117,1092,Sticker | Natus Vincere | Stockholm 2021
Mar 05 2023 01: +0,0.114,1399,Sticker | Natus Vincere | Stockholm 2021
Mar 06 2023 01: +0,0.115,940,Sticker | Natus Vincere | Stockholm 2021
Mar 07 2023 01: +0,0.115,1162,Sticker | Natus Vincere | Stockholm 2021
Mar 08 2023 01: +0,0.116,948,Sticker | Natus Vincere | Stockholm 2021
Mar 09 2023 01: +0,0.113,1337,Sticker | Natus Vincere | Stockholm 2021
Mar 10 2023 01: +0,0.11,1339,Sticker | Natus Vincere | Stockholm 2021
Mar 11 2023 01: +0,0.117,1203,Sticker | Natus Vincere | Stockholm 2021
Mar 12 2023 01: +0,0.12,1455,Sticker | Natus Vincere | Stockholm 2021
Mar 13 2023 01: +0,0.116,1094,Sticker | Natus Vincere | Stockholm 2021
Mar 14 2023 01: +0,0.122,1632,Sticker | Natus Vincere | Stockholm 2021
Mar 15 2023 01: +0,0.123,931,Sticker | Natus Vincere | Stockholm 2021
Mar 16 2023 01: +0,0.123,1678,Sticker | Natus Vincere | Stockholm 2021
Mar 17 2023 01: +0,0.126,1462,Sticker | Natus Vincere | Stockholm 2021
Mar 18 2023 01: +0,0.119,1512,Sticker | Natus Vincere | Stockholm 2021
Mar 19 2023 01: +0,0.118,1183,Sticker | Natus Vincere | Stockholm 2021
Mar 20 2023 01: +0,0.109,2424,Sticker | Natus Vincere | Stockholm 2021
Mar 21 2023 01: +0,0.118,2589,Sticker | Natus Vincere | Stockholm 2021
Mar 22 2023 01: +0,0.146,4067,Sticker | Natus Vincere | Stockholm 2021
Mar 23 2023 01: +0,0.14,2069,Sticker | Natus Vincere | Stockholm 2021
Mar 24 2023 01: +0,0.149,2223,Sticker | Natus Vincere | Stockholm 2021
Mar 25 2023 01: +0,0.202,4098,Sticker | Natus Vincere | Stockholm 2021
Mar 26 2023 01: +0,0.186,3259,Sticker | Natus Vincere | Stockholm 2021
Mar 27 2023 01: +0,0.191,3307,Sticker | Natus Vincere | Stockholm 2021
Mar 28 2023 01: +0,0.179,2935,Sticker | Natus Vincere | Stockholm 2021
Mar 29 2023 01: +0,0.194,3637,Sticker | Natus Vincere | Stockholm 2021
Mar 30 2023 01: +0,0.202,1571,Sticker | Natus Vincere | Stockholm 2021
Mar 31 2023 01: +0,0.239,1969,Sticker | Natus Vincere | Stockholm 2021
Apr 01 2023 01: +0,0.222,2190,Sticker | Natus Vincere | Stockholm 2021
Apr 02 2023 01: +0,0.202,2311,Sticker | Natus Vincere | Stockholm 2021
Apr 03 2023 01: +0,0.19,1961,Sticker | Natus Vincere | Stockholm 2021
Apr 04 2023 01: +0,0.188,1725,Sticker | Natus Vincere | Stockholm 2021
Apr 05 2023 01: +0,0.183,1598,Sticker | Natus Vincere | Stockholm 2021
Apr 06 2023 01: +0,0.18,1554,Sticker | Natus Vincere | Stockholm 2021
Apr 07 2023 01: +0,0.184,1241,Sticker | Natus Vincere | Stockholm 2021
Apr 08 2023 01: +0,0.19,1542,Sticker | Natus Vincere | Stockholm 2021
Apr 09 2023 01: +0,0.191,1684,Sticker | Natus Vincere | Stockholm 2021
Apr 10 2023 01: +0,0.181,1385,Sticker | Natus Vincere | Stockholm 2021
Apr 11 2023 01: +0,0.178,1436,Sticker | Natus Vincere | Stockholm 2021
Apr 12 2023 01: +0,0.184,2358,Sticker | Natus Vincere | Stockholm 2021
Apr 13 2023 01: +0,0.198,2233,Sticker | Natus Vincere | Stockholm 2021
Apr 14 2023 01: +0,0.264,4690,Sticker | Natus Vincere | Stockholm 2021
Apr 15 2023 01: +0,0.264,1870,Sticker | Natus Vincere | Stockholm 2021
Apr 16 2023 01: +0,0.281,1472,Sticker | Natus Vincere | Stockholm 2021
Apr 17 2023 01: +0,0.282,1899,Sticker | Natus Vincere | Stockholm 2021
Apr 18 2023 01: +0,0.291,1490,Sticker | Natus Vincere | Stockholm 2021
Apr 19 2023 01: +0,0.298,1253,Sticker | Natus Vincere | Stockholm 2021
Apr 20 2023 01: +0,0.283,2301,Sticker | Natus Vincere | Stockholm 2021
Apr 21 2023 01: +0,0.286,1874,Sticker | Natus Vincere | Stockholm 2021
Apr 22 2023 01: +0,0.287,1949,Sticker | Natus Vincere | Stockholm 2021
Apr 23 2023 01: +0,0.271,1347,Sticker | Natus Vincere | Stockholm 2021
Apr 24 2023 01: +0,0.253,1524,Sticker | Natus Vincere | Stockholm 2021
Apr 25 2023 01: +0,0.215,2462,Sticker | Natus Vincere | Stockholm 2021
Apr 26 2023 01: +0,0.192,1711,Sticker | Natus Vincere | Stockholm 2021
Apr 27 2023 01: +0,0.194,1474,Sticker | Natus Vincere | Stockholm 2021
Apr 28 2023 01: +0,0.195,1392,Sticker | Natus Vincere | Stockholm 2021
Apr 29 2023 01: +0,0.196,1210,Sticker | Natus Vincere | Stockholm 2021
Apr 30 2023 01: +0,0.191,1656,Sticker | Natus Vincere | Stockholm 2021
May 01 2023 01: +0,0.201,1572,Sticker | Natus Vincere | Stockholm 2021
May 02 2023 01: +0,0.2,1097,Sticker | Natus Vincere | Stockholm 2021
May 03 2023 01: +0,0.207,1389,Sticker | Natus Vincere | Stockholm 2021
May 04 2023 01: +0,0.219,1399,Sticker | Natus Vincere | Stockholm 2021
May 05 2023 01: +0,0.136,5925,Sticker | Natus Vincere | Stockholm 2021
May 06 2023 01: +0,0.124,2643,Sticker | Natus Vincere | Stockholm 2021
May 07 2023 01: +0,0.113,2018,Sticker | Natus Vincere | Stockholm 2021
May 08 2023 01: +0,0.107,1752,Sticker | Natus Vincere | Stockholm 2021
May 09 2023 01: +0,0.102,1733,Sticker | Natus Vincere | Stockholm 2021
May 10 2023 01: +0,0.1,905,Sticker | Natus Vincere | Stockholm 2021
May 11 2023 01: +0,0.096,1916,Sticker | Natus Vincere | Stockholm 2021
May 12 2023 01: +0,0.087,1190,Sticker | Natus Vincere | Stockholm 2021
May 13 2023 01: +0,0.09,1109,Sticker | Natus Vincere | Stockholm 2021
May 14 2023 01: +0,0.086,1403,Sticker | Natus Vincere | Stockholm 2021
May 15 2023 01: +0,0.079,1960,Sticker | Natus Vincere | Stockholm 2021
May 16 2023 01: +0,0.078,1195,Sticker | Natus Vincere | Stockholm 2021
May 17 2023 01: +0,0.077,1047,Sticker | Natus Vincere | Stockholm 2021
May 18 2023 01: +0,0.075,1107,Sticker | Natus Vincere | Stockholm 2021
May 19 2023 01: +0,0.074,798,Sticker | Natus Vincere | Stockholm 2021
May 20 2023 01: +0,0.07,875,Sticker | Natus Vincere | Stockholm 2021
May 21 2023 01: +0,0.069,1953,Sticker | Natus Vincere | Stockholm 2021
May 22 2023 01: +0,0.072,1573,Sticker | Natus Vincere | Stockholm 2021
May 23 2023 01: +0,0.071,1766,Sticker | Natus Vincere | Stockholm 2021
May 24 2023 01: +0,0.071,1239,Sticker | Natus Vincere | Stockholm 2021
May 25 2023 01: +0,0.068,889,Sticker | Natus Vincere | Stockholm 2021
May 26 2023 01: +0,0.06,1419,Sticker | Natus Vincere | Stockholm 2021
May 27 2023 01: +0,0.071,2092,Sticker | Natus Vincere | Stockholm 2021
May 28 2023 01: +0,0.083,997,Sticker | Natus Vincere | Stockholm 2021
May 29 2023 01: +0,0.083,849,Sticker | Natus Vincere | Stockholm 2021
May 30 2023 01: +0,0.07,1065,Sticker | Natus Vincere | Stockholm 2021
May 31 2023 01: +0,0.077,651,Sticker | Natus Vincere | Stockholm 2021
Jun 01 2023 01: +0,0.072,973,Sticker | Natus Vincere | Stockholm 2021
Jun 02 2023 01: +0,0.073,753,Sticker | Natus Vincere | Stockholm 2021
Jun 03 2023 01: +0,0.075,892,Sticker | Natus Vincere | Stockholm 2021
Jun 04 2023 01: +0,0.076,798,Sticker | Natus Vincere | Stockholm 2021
Jun 05 2023 01: +0,0.083,705,Sticker | Natus Vincere | Stockholm 2021
Jun 06 2023 01: +0,0.09,736,Sticker | Natus Vincere | Stockholm 2021
Jun 07 2023 01: +0,0.092,600,Sticker | Natus Vincere | Stockholm 2021
Jun 08 2023 01: +0,0.083,603,Sticker | Natus Vincere | Stockholm 2021
Jun 09 2023 01: +0,0.082,454,Sticker | Natus Vincere | Stockholm 2021
Jun 10 2023 01: +0,0.082,605,Sticker | Natus Vincere | Stockholm 2021
Jun 11 2023 01: +0,0.081,742,Sticker | Natus Vincere | Stockholm 2021
Jun 12 2023 01: +0,0.08,455,Sticker | Natus Vincere | Stockholm 2021
Jun 13 2023 01: +0,0.082,465,Sticker | Natus Vincere | Stockholm 2021
Jun 14 2023 01: +0,0.088,613,Sticker | Natus Vincere | Stockholm 2021
Jun 15 2023 01: +0,0.087,545,Sticker | Natus Vincere | Stockholm 2021
Jun 16 2023 01: +0,0.087,532,Sticker | Natus Vincere | Stockholm 2021
Jun 17 2023 01: +0,0.102,1003,Sticker | Natus Vincere | Stockholm 2021
Jun 18 2023 01: +0,0.112,658,Sticker | Natus Vincere | Stockholm 2021
Jun 19 2023 01: +0,0.103,460,Sticker | Natus Vincere | Stockholm 2021
Jun 20 2023 01: +0,0.096,595,Sticker | Natus Vincere | Stockholm 2021
Jun 21 2023 01: +0,0.093,482,Sticker | Natus Vincere | Stockholm 2021
Jun 22 2023 01: +0,0.088,530,Sticker | Natus Vincere | Stockholm 2021
Jun 23 2023 01: +0,0.078,785,Sticker | Natus Vincere | Stockholm 2021
Jun 24 2023 01: +0,0.074,666,Sticker | Natus Vincere | Stockholm 2021
Jun 25 2023 01: +0,0.073,629,Sticker | Natus Vincere | Stockholm 2021
Jun 26 2023 01: +0,0.073,491,Sticker | Natus Vincere | Stockholm 2021
Jun 27 2023 01: +0,0.075,368,Sticker | Natus Vincere | Stockholm 2021
Jun 28 2023 01: +0,0.081,994,Sticker | Natus Vincere | Stockholm 2021
Jun 29 2023 01: +0,0.074,739,Sticker | Natus Vincere | Stockholm 2021
Jun 30 2023 01: +0,0.07,705,Sticker | Natus Vincere | Stockholm 2021
Jul 01 2023 01: +0,0.076,749,Sticker | Natus Vincere | Stockholm 2021
Jul 02 2023 01: +0,0.072,525,Sticker | Natus Vincere | Stockholm 2021
Jul 03 2023 01: +0,0.07,521,Sticker | Natus Vincere | Stockholm 2021
Jul 04 2023 01: +0,0.07,493,Sticker | Natus Vincere | Stockholm 2021
Jul 05 2023 01: +0,0.075,568,Sticker | Natus Vincere | Stockholm 2021
Jul 06 2023 01: +0,0.072,508,Sticker | Natus Vincere | Stockholm 2021
Jul 07 2023 01: +0,0.068,631,Sticker | Natus Vincere | Stockholm 2021
Jul 08 2023 01: +0,0.067,513,Sticker | Natus Vincere | Stockholm 2021
Jul 09 2023 01: +0,0.063,423,Sticker | Natus Vincere | Stockholm 2021
Jul 10 2023 01: +0,0.066,431,Sticker | Natus Vincere | Stockholm 2021
Jul 11 2023 01: +0,0.064,353,Sticker | Natus Vincere | Stockholm 2021
Jul 12 2023 01: +0,0.067,570,Sticker | Natus Vincere | Stockholm 2021
Jul 13 2023 01: +0,0.065,695,Sticker | Natus Vincere | Stockholm 2021
Jul 14 2023 01: +0,0.068,605,Sticker | Natus Vincere | Stockholm 2021
Jul 15 2023 01: +0,0.068,389,Sticker | Natus Vincere | Stockholm 2021
Jul 16 2023 01: +0,0.073,352,Sticker | Natus Vincere | Stockholm 2021
Jul 17 2023 01: +0,0.073,369,Sticker | Natus Vincere | Stockholm 2021
Jul 18 2023 01: +0,0.072,826,Sticker | Natus Vincere | Stockholm 2021
Jul 19 2023 01: +0,0.072,565,Sticker | Natus Vincere | Stockholm 2021
Jul 20 2023 01: +0,0.073,465,Sticker | Natus Vincere | Stockholm 2021
Jul 21 2023 01: +0,0.072,475,Sticker | Natus Vincere | Stockholm 2021
Jul 22 2023 01: +0,0.073,465,Sticker | Natus Vincere | Stockholm 2021
Jul 23 2023 01: +0,0.072,642,Sticker | Natus Vincere | Stockholm 2021
Jul 24 2023 01: +0,0.074,630,Sticker | Natus Vincere | Stockholm 2021
Jul 25 2023 01: +0,0.074,297,Sticker | Natus Vincere | Stockholm 2021
Jul 26 2023 01: +0,0.076,637,Sticker | Natus Vincere | Stockholm 2021
Jul 27 2023 01: +0,0.089,854,Sticker | Natus Vincere | Stockholm 2021
Jul 28 2023 01: +0,0.09,529,Sticker | Natus Vincere | Stockholm 2021
Jul 29 2023 01: +0,0.083,374,Sticker | Natus Vincere | Stockholm 2021
Jul 30 2023 01: +0,0.077,555,Sticker | Natus Vincere | Stockholm 2021
Jul 31 2023 01: +0,0.076,341,Sticker | Natus Vincere | Stockholm 2021
Aug 01 2023 01: +0,0.081,404,Sticker | Natus Vincere | Stockholm 2021
Aug 02 2023 01: +0,0.084,620,Sticker | Natus Vincere | Stockholm 2021
Aug 03 2023 01: +0,0.081,397,Sticker | Natus Vincere | Stockholm 2021
Aug 04 2023 01: +0,0.08,353,Sticker | Natus Vincere | Stockholm 2021
Aug 05 2023 01: +0,0.08,462,Sticker | Natus Vincere | Stockholm 2021
Aug 06 2023 01: +0,0.077,427,Sticker | Natus Vincere | Stockholm 2021
Aug 07 2023 01: +0,0.072,389,Sticker | Natus Vincere | Stockholm 2021
Aug 08 2023 01: +0,0.074,490,Sticker | Natus Vincere | Stockholm 2021
Aug 09 2023 01: +0,0.074,405,Sticker | Natus Vincere | Stockholm 2021
Aug 10 2023 01: +0,0.076,351,Sticker | Natus Vincere | Stockholm 2021
Aug 11 2023 01: +0,0.074,483,Sticker | Natus Vincere | Stockholm 2021
Aug 12 2023 01: +0,0.076,243,Sticker | Natus Vincere | Stockholm 2021
Aug 13 2023 01: +0,0.073,325,Sticker | Natus Vincere | Stockholm 2021
Aug 14 2023 01: +0,0.075,321,Sticker | Natus Vincere | Stockholm 2021
Aug 15 2023 01: +0,0.074,443,Sticker | Natus Vincere | Stockholm 2021
Aug 16 2023 01: +0,0.074,345,Sticker | Natus Vincere | Stockholm 2021
Aug 17 2023 01: +0,0.076,318,Sticker | Natus Vincere | Stockholm 2021
Aug 18 2023 01: +0,0.077,551,Sticker | Natus Vincere | Stockholm 2021
Aug 19 2023 01: +0,0.073,499,Sticker | Natus Vincere | Stockholm 2021
Aug 20 2023 01: +0,0.069,392,Sticker | Natus Vincere | Stockholm 2021
Aug 21 2023 01: +0,0.069,313,Sticker | Natus Vincere | Stockholm 2021
Aug 22 2023 01: +0,0.073,304,Sticker | Natus Vincere | Stockholm 2021
Aug 23 2023 01: +0,0.075,381,Sticker | Natus Vincere | Stockholm 2021
Aug 24 2023 01: +0,0.071,351,Sticker | Natus Vincere | Stockholm 2021
Aug 25 2023 01: +0,0.073,502,Sticker | Natus Vincere | Stockholm 2021
Aug 26 2023 01: +0,0.072,420,Sticker | Natus Vincere | Stockholm 2021
Aug 27 2023 01: +0,0.072,318,Sticker | Natus Vincere | Stockholm 2021
Aug 28 2023 01: +0,0.072,680,Sticker | Natus Vincere | Stockholm 2021
Aug 29 2023 01: +0,0.074,330,Sticker | Natus Vincere | Stockholm 2021
Aug 30 2023 01: +0,0.071,1021,Sticker | Natus Vincere | Stockholm 2021
Aug 31 2023 01: +0,0.069,709,Sticker | Natus Vincere | Stockholm 2021
Sep 01 2023 01: +0,0.072,596,Sticker | Natus Vincere | Stockholm 2021
Sep 02 2023 01: +0,0.071,444,Sticker | Natus Vincere | Stockholm 2021
Sep 03 2023 01: +0,0.073,527,Sticker | Natus Vincere | Stockholm 2021
Sep 04 2023 01: +0,0.07,524,Sticker | Natus Vincere | Stockholm 2021
Sep 05 2023 01: +0,0.065,681,Sticker | Natus Vincere | Stockholm 2021
Sep 06 2023 01: +0,0.068,436,Sticker | Natus Vincere | Stockholm 2021
Sep 07 2023 01: +0,0.064,411,Sticker | Natus Vincere | Stockholm 2021
Sep 08 2023 01: +0,0.069,447,Sticker | Natus Vincere | Stockholm 2021
Sep 09 2023 01: +0,0.065,1135,Sticker | Natus Vincere | Stockholm 2021
Sep 10 2023 01: +0,0.066,379,Sticker | Natus Vincere | Stockholm 2021
Sep 11 2023 01: +0,0.064,452,Sticker | Natus Vincere | Stockholm 2021
Sep 12 2023 01: +0,0.065,452,Sticker | Natus Vincere | Stockholm 2021
Sep 13 2023 01: +0,0.065,801,Sticker | Natus Vincere | Stockholm 2021
Sep 14 2023 01: +0,0.058,551,Sticker | Natus Vincere | Stockholm 2021
Sep 15 2023 01: +0,0.058,536,Sticker | Natus Vincere | Stockholm 2021
Sep 16 2023 01: +0,0.061,571,Sticker | Natus Vincere | Stockholm 2021
Sep 17 2023 01: +0,0.065,575,Sticker | Natus Vincere | Stockholm 2021
Sep 18 2023 01: +0,0.061,285,Sticker | Natus Vincere | Stockholm 2021
Sep 19 2023 01: +0,0.06,290,Sticker | Natus Vincere | Stockholm 2021
Sep 20 2023 01: +0,0.061,371,Sticker | Natus Vincere | Stockholm 2021
Sep 21 2023 01: +0,0.063,291,Sticker | Natus Vincere | Stockholm 2021
Sep 22 2023 01: +0,0.064,445,Sticker | Natus Vincere | Stockholm 2021
Sep 23 2023 01: +0,0.066,344,Sticker | Natus Vincere | Stockholm 2021
Sep 24 2023 01: +0,0.065,276,Sticker | Natus Vincere | Stockholm 2021
Sep 25 2023 01: +0,0.071,511,Sticker | Natus Vincere | Stockholm 2021
Sep 26 2023 01: +0,0.071,289,Sticker | Natus Vincere | Stockholm 2021
Sep 27 2023 01: +0,0.068,637,Sticker | Natus Vincere | Stockholm 2021
Sep 28 2023 01: +0,0.063,348,Sticker | Natus Vincere | Stockholm 2021
Sep 29 2023 01: +0,0.062,296,Sticker | Natus Vincere | Stockholm 2021
Sep 30 2023 01: +0,0.066,392,Sticker | Natus Vincere | Stockholm 2021
Oct 01 2023 01: +0,0.066,531,Sticker | Natus Vincere | Stockholm 2021
Oct 02 2023 01: +0,0.07,473,Sticker | Natus Vincere | Stockholm 2021
Oct 03 2023 01: +0,0.065,486,Sticker | Natus Vincere | Stockholm 2021
Oct 04 2023 01: +0,0.07,750,Sticker | Natus Vincere | Stockholm 2021
Oct 05 2023 01: +0,0.069,448,Sticker | Natus Vincere | Stockholm 2021
Oct 06 2023 01: +0,0.071,774,Sticker | Natus Vincere | Stockholm 2021
Oct 07 2023 01: +0,0.077,361,Sticker | Natus Vincere | Stockholm 2021
Oct 08 2023 01: +0,0.076,499,Sticker | Natus Vincere | Stockholm 2021
Oct 09 2023 01: +0,0.08,373,Sticker | Natus Vincere | Stockholm 2021
Oct 10 2023 01: +0,0.072,333,Sticker | Natus Vincere | Stockholm 2021
Oct 11 2023 01: +0,0.076,565,Sticker | Natus Vincere | Stockholm 2021
Oct 12 2023 01: +0,0.076,309,Sticker | Natus Vincere | Stockholm 2021
Oct 13 2023 01: +0,0.079,381,Sticker | Natus Vincere | Stockholm 2021
Oct 14 2023 01: +0,0.077,420,Sticker | Natus Vincere | Stockholm 2021
Oct 15 2023 01: +0,0.075,872,Sticker | Natus Vincere | Stockholm 2021
Oct 16 2023 01: +0,0.07,234,Sticker | Natus Vincere | Stockholm 2021
Oct 17 2023 01: +0,0.075,255,Sticker | Natus Vincere | Stockholm 2021
Oct 18 2023 01: +0,0.076,292,Sticker | Natus Vincere | Stockholm 2021
Oct 19 2023 01: +0,0.072,413,Sticker | Natus Vincere | Stockholm 2021
Oct 20 2023 01: +0,0.075,456,Sticker | Natus Vincere | Stockholm 2021
Oct 21 2023 01: +0,0.077,548,Sticker | Natus Vincere | Stockholm 2021
Oct 22 2023 01: +0,0.074,407,Sticker | Natus Vincere | Stockholm 2021
Oct 23 2023 01: +0,0.074,342,Sticker | Natus Vincere | Stockholm 2021
Oct 24 2023 01: +0,0.078,326,Sticker | Natus Vincere | Stockholm 2021
Oct 25 2023 01: +0,0.08,412,Sticker | Natus Vincere | Stockholm 2021
Oct 26 2023 01: +0,0.066,301,Sticker | Natus Vincere | Stockholm 2021
Oct 27 2023 01: +0,0.071,353,Sticker | Natus Vincere | Stockholm 2021
Oct 28 2023 01: +0,0.073,350,Sticker | Natus Vincere | Stockholm 2021
Oct 29 2023 01: +0,0.072,272,Sticker | Natus Vincere | Stockholm 2021
Oct 30 2023 01: +0,0.071,234,Sticker | Natus Vincere | Stockholm 2021
Oct 31 2023 01: +0,0.069,332,Sticker | Natus Vincere | Stockholm 2021
Nov 01 2023 01: +0,0.072,280,Sticker | Natus Vincere | Stockholm 2021
Nov 02 2023 01: +0,0.072,416,Sticker | Natus Vincere | Stockholm 2021
Nov 03 2023 01: +0,0.073,311,Sticker | Natus Vincere | Stockholm 2021
Nov 04 2023 01: +0,0.073,458,Sticker | Natus Vincere | Stockholm 2021
Nov 05 2023 01: +0,0.083,1014,Sticker | Natus Vincere | Stockholm 2021
Nov 06 2023 01: +0,0.082,256,Sticker | Natus Vincere | Stockholm 2021
Nov 07 2023 01: +0,0.073,542,Sticker | Natus Vincere | Stockholm 2021
Nov 08 2023 01: +0,0.073,341,Sticker | Natus Vincere | Stockholm 2021
Nov 09 2023 01: +0,0.07,602,Sticker | Natus Vincere | Stockholm 2021
Nov 10 2023 01: +0,0.071,247,Sticker | Natus Vincere | Stockholm 2021
Nov 11 2023 01: +0,0.071,405,Sticker | Natus Vincere | Stockholm 2021
Nov 12 2023 01: +0,0.076,1516,Sticker | Natus Vincere | Stockholm 2021
Nov 13 2023 01: +0,0.081,313,Sticker | Natus Vincere | Stockholm 2021
Nov 14 2023 01: +0,0.081,323,Sticker | Natus Vincere | Stockholm 2021
Nov 15 2023 01: +0,0.083,442,Sticker | Natus Vincere | Stockholm 2021
Nov 16 2023 01: +0,0.081,503,Sticker | Natus Vincere | Stockholm 2021
Nov 17 2023 01: +0,0.077,251,Sticker | Natus Vincere | Stockholm 2021
Nov 18 2023 01: +0,0.074,253,Sticker | Natus Vincere | Stockholm 2021
Nov 19 2023 01: +0,0.07,1329,Sticker | Natus Vincere | Stockholm 2021
Nov 20 2023 01: +0,0.069,272,Sticker | Natus Vincere | Stockholm 2021
Nov 21 2023 01: +0,0.068,280,Sticker | Natus Vincere | Stockholm 2021
Nov 22 2023 01: +0,0.067,221,Sticker | Natus Vincere | Stockholm 2021
Nov 23 2023 01: +0,0.064,273,Sticker | Natus Vincere | Stockholm 2021
Nov 24 2023 01: +0,0.067,316,Sticker | Natus Vincere | Stockholm 2021
Nov 25 2023 01: +0,0.063,349,Sticker | Natus Vincere | Stockholm 2021
Nov 26 2023 01: +0,0.06,268,Sticker | Natus Vincere | Stockholm 2021
Nov 27 2023 01: +0,0.058,269,Sticker | Natus Vincere | Stockholm 2021
Nov 28 2023 01: +0,0.061,267,Sticker | Natus Vincere | Stockholm 2021
Nov 29 2023 01: +0,0.059,262,Sticker | Natus Vincere | Stockholm 2021
Nov 30 2023 01: +0,0.06,310,Sticker | Natus Vincere | Stockholm 2021
Dec 01 2023 01: +0,0.058,237,Sticker | Natus Vincere | Stockholm 2021
Dec 02 2023 01: +0,0.059,188,Sticker | Natus Vincere | Stockholm 2021
Dec 03 2023 01: +0,0.063,248,Sticker | Natus Vincere | Stockholm 2021
Dec 04 2023 01: +0,0.06,334,Sticker | Natus Vincere | Stockholm 2021
Dec 05 2023 01: +0,0.064,178,Sticker | Natus Vincere | Stockholm 2021
Dec 06 2023 01: +0,0.06,270,Sticker | Natus Vincere | Stockholm 2021
Dec 07 2023 01: +0,0.057,413,Sticker | Natus Vincere | Stockholm 2021
Dec 08 2023 01: +0,0.058,228,Sticker | Natus Vincere | Stockholm 2021
Dec 09 2023 01: +0,0.058,494,Sticker | Natus Vincere | Stockholm 2021
Dec 10 2023 01: +0,0.06,172,Sticker | Natus Vincere | Stockholm 2021
Dec 11 2023 01: +0,0.055,181,Sticker | Natus Vincere | Stockholm 2021
Dec 12 2023 01: +0,0.053,157,Sticker | Natus Vincere | Stockholm 2021
Dec 13 2023 01: +0,0.056,259,Sticker | Natus Vincere | Stockholm 2021
Dec 14 2023 01: +0,0.057,206,Sticker | Natus Vincere | Stockholm 2021
Dec 15 2023 01: +0,0.055,391,Sticker | Natus Vincere | Stockholm 2021
Dec 16 2023 01: +0,0.059,262,Sticker | Natus Vincere | Stockholm 2021
Dec 17 2023 01: +0,0.061,247,Sticker | Natus Vincere | Stockholm 2021
Dec 18 2023 01: +0,0.06,139,Sticker | Natus Vincere | Stockholm 2021
Dec 19 2023 01: +0,0.059,252,Sticker | Natus Vincere | Stockholm 2021
Dec 20 2023 01: +0,0.058,196,Sticker | Natus Vincere | Stockholm 2021
Dec 21 2023 01: +0,0.059,676,Sticker | Natus Vincere | Stockholm 2021
Dec 22 2023 01: +0,0.057,175,Sticker | Natus Vincere | Stockholm 2021
Dec 23 2023 01: +0,0.051,292,Sticker | Natus Vincere | Stockholm 2021
Dec 24 2023 01: +0,0.05,320,Sticker | Natus Vincere | Stockholm 2021
Dec 25 2023 01: +0,0.052,500,Sticker | Natus Vincere | Stockholm 2021
Dec 26 2023 01: +0,0.051,274,Sticker | Natus Vincere | Stockholm 2021
Dec 27 2023 01: +0,0.053,386,Sticker | Natus Vincere | Stockholm 2021
Dec 28 2023 01: +0,0.05,305,Sticker | Natus Vincere | Stockholm 2021
Dec 29 2023 01: +0,0.048,2599,Sticker | Natus Vincere | Stockholm 2021
Dec 30 2023 01: +0,0.05,553,Sticker | Natus Vincere | Stockholm 2021
Dec 31 2023 01: +0,0.047,214,Sticker | Natus Vincere | Stockholm 2021
Jan 01 2024 01: +0,0.047,430,Sticker | Natus Vincere | Stockholm 2021
Jan 02 2024 01: +0,0.046,204,Sticker | Natus Vincere | Stockholm 2021
Jan 03 2024 01: +0,0.053,1039,Sticker | Natus Vincere | Stockholm 2021
Jan 04 2024 01: +0,0.049,675,Sticker | Natus Vincere | Stockholm 2021
Jan 05 2024 01: +0,0.051,620,Sticker | Natus Vincere | Stockholm 2021
Jan 06 2024 01: +0,0.052,295,Sticker | Natus Vincere | Stockholm 2021
Jan 07 2024 01: +0,0.047,534,Sticker | Natus Vincere | Stockholm 2021
Jan 08 2024 01: +0,0.059,879,Sticker | Natus Vincere | Stockholm 2021
Jan 09 2024 01: +0,0.063,249,Sticker | Natus Vincere | Stockholm 2021
Jan 10 2024 01: +0,0.062,223,Sticker | Natus Vincere | Stockholm 2021
Jan 11 2024 01: +0,0.065,279,Sticker | Natus Vincere | Stockholm 2021
Jan 12 2024 01: +0,0.068,181,Sticker | Natus Vincere | Stockholm 2021
Jan 13 2024 01: +0,0.06,275,Sticker | Natus Vincere | Stockholm 2021
Jan 14 2024 01: +0,0.06,225,Sticker | Natus Vincere | Stockholm 2021
Jan 15 2024 01: +0,0.06,168,Sticker | Natus Vincere | Stockholm 2021
Jan 16 2024 01: +0,0.055,205,Sticker | Natus Vincere | Stockholm 2021
Jan 17 2024 01: +0,0.054,290,Sticker | Natus Vincere | Stockholm 2021
Jan 18 2024 01: +0,0.053,335,Sticker | Natus Vincere | Stockholm 2021
Jan 19 2024 01: +0,0.052,367,Sticker | Natus Vincere | Stockholm 2021
Jan 20 2024 01: +0,0.048,228,Sticker | Natus Vincere | Stockholm 2021
Jan 21 2024 01: +0,0.051,264,Sticker | Natus Vincere | Stockholm 2021
Jan 22 2024 01: +0,0.045,189,Sticker | Natus Vincere | Stockholm 2021
Jan 23 2024 01: +0,0.043,1240,Sticker | Natus Vincere | Stockholm 2021
Jan 24 2024 01: +0,0.048,271,Sticker | Natus Vincere | Stockholm 2021
Jan 25 2024 01: +0,0.047,218,Sticker | Natus Vincere | Stockholm 2021
Jan 26 2024 01: +0,0.046,345,Sticker | Natus Vincere | Stockholm 2021
Jan 27 2024 01: +0,0.05,291,Sticker | Natus Vincere | Stockholm 2021
Jan 28 2024 01: +0,0.048,203,Sticker | Natus Vincere | Stockholm 2021
Jan 29 2024 01: +0,0.049,287,Sticker | Natus Vincere | Stockholm 2021
Jan 30 2024 01: +0,0.054,362,Sticker | Natus Vincere | Stockholm 2021
Jan 31 2024 01: +0,0.05,313,Sticker | Natus Vincere | Stockholm 2021
Feb 01 2024 01: +0,0.046,356,Sticker | Natus Vincere | Stockholm 2021
Feb 02 2024 01: +0,0.049,299,Sticker | Natus Vincere | Stockholm 2021
Feb 03 2024 01: +0,0.049,207,Sticker | Natus Vincere | Stockholm 2021
Feb 04 2024 01: +0,0.047,226,Sticker | Natus Vincere | Stockholm 2021
Feb 05 2024 01: +0,0.051,180,Sticker | Natus Vincere | Stockholm 2021
Feb 06 2024 01: +0,0.049,169,Sticker | Natus Vincere | Stockholm 2021
Feb 07 2024 01: +0,0.061,1131,Sticker | Natus Vincere | Stockholm 2021
Feb 08 2024 01: +0,0.07,931,Sticker | Natus Vincere | Stockholm 2021
Feb 09 2024 01: +0,0.07,636,Sticker | Natus Vincere | Stockholm 2021
Feb 10 2024 01: +0,0.073,633,Sticker | Natus Vincere | Stockholm 2021
Feb 11 2024 01: +0,0.077,503,Sticker | Natus Vincere | Stockholm 2021
Feb 12 2024 01: +0,0.075,430,Sticker | Natus Vincere | Stockholm 2021
Feb 13 2024 01: +0,0.067,443,Sticker | Natus Vincere | Stockholm 2021
Feb 14 2024 01: +0,0.067,702,Sticker | Natus Vincere | Stockholm 2021
Feb 15 2024 01: +0,0.069,1218,Sticker | Natus Vincere | Stockholm 2021
Feb 16 2024 01: +0,0.068,503,Sticker | Natus Vincere | Stockholm 2021
Feb 17 2024 01: +0,0.072,377,Sticker | Natus Vincere | Stockholm 2021
Feb 18 2024 01: +0,0.07,412,Sticker | Natus Vincere | Stockholm 2021
Feb 19 2024 01: +0,0.073,448,Sticker | Natus Vincere | Stockholm 2021
Feb 20 2024 01: +0,0.065,368,Sticker | Natus Vincere | Stockholm 2021
Feb 21 2024 01: +0,0.066,1527,Sticker | Natus Vincere | Stockholm 2021
Feb 22 2024 01: +0,0.068,490,Sticker | Natus Vincere | Stockholm 2021
Feb 23 2024 01: +0,0.08,1441,Sticker | Natus Vincere | Stockholm 2021
Feb 24 2024 01: +0,0.077,359,Sticker | Natus Vincere | Stockholm 2021
Feb 25 2024 01: +0,0.081,440,Sticker | Natus Vincere | Stockholm 2021
Feb 26 2024 01: +0,0.08,435,Sticker | Natus Vincere | Stockholm 2021
Feb 27 2024 01: +0,0.084,345,Sticker | Natus Vincere | Stockholm 2021
Feb 28 2024 01: +0,0.087,417,Sticker | Natus Vincere | Stockholm 2021
Feb 29 2024 01: +0,0.082,461,Sticker | Natus Vincere | Stockholm 2021
Mar 01 2024 01: +0,0.082,937,Sticker | Natus Vincere | Stockholm 2021
Mar 02 2024 01: +0,0.079,371,Sticker | Natus Vincere | Stockholm 2021
Mar 03 2024 01: +0,0.08,924,Sticker | Natus Vincere | Stockholm 2021
Mar 04 2024 01: +0,0.081,265,Sticker | Natus Vincere | Stockholm 2021
Mar 05 2024 01: +0,0.074,822,Sticker | Natus Vincere | Stockholm 2021
Mar 06 2024 01: +0,0.065,801,Sticker | Natus Vincere | Stockholm 2021
Mar 07 2024 01: +0,0.061,306,Sticker | Natus Vincere | Stockholm 2021
Mar 08 2024 01: +0,0.062,442,Sticker | Natus Vincere | Stockholm 2021
Mar 09 2024 01: +0,0.066,355,Sticker | Natus Vincere | Stockholm 2021
Mar 10 2024 01: +0,0.065,253,Sticker | Natus Vincere | Stockholm 2021
Mar 11 2024 01: +0,0.059,433,Sticker | Natus Vincere | Stockholm 2021
Mar 12 2024 01: +0,0.061,271,Sticker | Natus Vincere | Stockholm 2021
Mar 13 2024 01: +0,0.058,377,Sticker | Natus Vincere | Stockholm 2021
Mar 14 2024 01: +0,0.058,1554,Sticker | Natus Vincere | Stockholm 2021
Mar 15 2024 01: +0,0.056,500,Sticker | Natus Vincere | Stockholm 2021
Mar 16 2024 01: +0,0.057,435,Sticker | Natus Vincere | Stockholm 2021
Mar 17 2024 01: +0,0.052,855,Sticker | Natus Vincere | Stockholm 2021
Mar 18 2024 01: +0,0.053,381,Sticker | Natus Vincere | Stockholm 2021
Mar 19 2024 01: +0,0.059,298,Sticker | Natus Vincere | Stockholm 2021
Mar 20 2024 01: +0,0.056,342,Sticker | Natus Vincere | Stockholm 2021
Mar 21 2024 01: +0,0.054,387,Sticker | Natus Vincere | Stockholm 2021
Mar 22 2024 01: +0,0.056,279,Sticker | Natus Vincere | Stockholm 2021
Mar 23 2024 01: +0,0.053,381,Sticker | Natus Vincere | Stockholm 2021
Mar 24 2024 01: +0,0.054,801,Sticker | Natus Vincere | Stockholm 2021
Mar 25 2024 01: +0,0.059,203,Sticker | Natus Vincere | Stockholm 2021
Mar 26 2024 01: +0,0.053,339,Sticker | Natus Vincere | Stockholm 2021
Mar 27 2024 01: +0,0.055,527,Sticker | Natus Vincere | Stockholm 2021
Mar 28 2024 01: +0,0.057,308,Sticker | Natus Vincere | Stockholm 2021
Mar 29 2024 01: +0,0.059,338,Sticker | Natus Vincere | Stockholm 2021
Mar 30 2024 01: +0,0.053,255,Sticker | Natus Vincere | Stockholm 2021
Mar 31 2024 01: +0,0.06,721,Sticker | Natus Vincere | Stockholm 2021
Apr 01 2024 01: +0,0.06,345,Sticker | Natus Vincere | Stockholm 2021
Apr 02 2024 01: +0,0.059,348,Sticker | Natus Vincere | Stockholm 2021
Apr 03 2024 01: +0,0.063,370,Sticker | Natus Vincere | Stockholm 2021
Apr 04 2024 01: +0,0.064,381,Sticker | Natus Vincere | Stockholm 2021
Apr 05 2024 01: +0,0.063,446,Sticker | Natus Vincere | Stockholm 2021
Apr 06 2024 01: +0,0.057,333,Sticker | Natus Vincere | Stockholm 2021
Apr 07 2024 01: +0,0.061,323,Sticker | Natus Vincere | Stockholm 2021
Apr 08 2024 01: +0,0.061,336,Sticker | Natus Vincere | Stockholm 2021
Apr 09 2024 01: +0,0.063,217,Sticker | Natus Vincere | Stockholm 2021
Apr 10 2024 01: +0,0.067,297,Sticker | Natus Vincere | Stockholm 2021
Apr 11 2024 01: +0,0.063,185,Sticker | Natus Vincere | Stockholm 2021
Apr 12 2024 01: +0,0.058,224,Sticker | Natus Vincere | Stockholm 2021
Apr 13 2024 01: +0,0.058,277,Sticker | Natus Vincere | Stockholm 2021
Apr 14 2024 01: +0,0.057,259,Sticker | Natus Vincere | Stockholm 2021
Apr 15 2024 01: +0,0.06,232,Sticker | Natus Vincere | Stockholm 2021
Apr 16 2024 01: +0,0.054,248,Sticker | Natus Vincere | Stockholm 2021
Apr 17 2024 01: +0,0.049,271,Sticker | Natus Vincere | Stockholm 2021
Apr 18 2024 01: +0,0.051,172,Sticker | Natus Vincere | Stockholm 2021
Apr 19 2024 01: +0,0.053,338,Sticker | Natus Vincere | Stockholm 2021
Apr 20 2024 01: +0,0.057,191,Sticker | Natus Vincere | Stockholm 2021
Apr 21 2024 01: +0,0.049,281,Sticker | Natus Vincere | Stockholm 2021
Apr 22 2024 01: +0,0.052,163,Sticker | Natus Vincere | Stockholm 2021
Apr 23 2024 01: +0,0.055,216,Sticker | Natus Vincere | Stockholm 2021
Apr 24 2024 01: +0,0.05,434,Sticker | Natus Vincere | Stockholm 2021
Apr 25 2024 01: +0,0.058,219,Sticker | Natus Vincere | Stockholm 2021
Apr 26 2024 01: +0,0.05,289,Sticker | Natus Vincere | Stockholm 2021
Apr 27 2024 01: +0,0.049,356,Sticker | Natus Vincere | Stockholm 2021
Apr 28 2024 01: +0,0.051,241,Sticker | Natus Vincere | Stockholm 2021
Apr 29 2024 01: +0,0.049,315,Sticker | Natus Vincere | Stockholm 2021
Apr 30 2024 01: +0,0.051,218,Sticker | Natus Vincere | Stockholm 2021
May 01 2024 01: +0,0.049,278,Sticker | Natus Vincere | Stockholm 2021
May 02 2024 01: +0,0.049,317,Sticker | Natus Vincere | Stockholm 2021
May 03 2024 01: +0,0.055,349,Sticker | Natus Vincere | Stockholm 2021
May 04 2024 01: +0,0.049,230,Sticker | Natus Vincere | Stockholm 2021
May 05 2024 01: +0,0.05,191,Sticker | Natus Vincere | Stockholm 2021
May 06 2024 01: +0,0.05,202,Sticker | Natus Vincere | Stockholm 2021
May 07 2024 01: +0,0.043,132,Sticker | Natus Vincere | Stockholm 2021
May 08 2024 01: +0,0.044,230,Sticker | Natus Vincere | Stockholm 2021
May 09 2024 01: +0,0.047,258,Sticker | Natus Vincere | Stockholm 2021
May 10 2024 01: +0,0.041,304,Sticker | Natus Vincere | Stockholm 2021
May 11 2024 01: +0,0.042,301,Sticker | Natus Vincere | Stockholm 2021
May 12 2024 01: +0,0.048,171,Sticker | Natus Vincere | Stockholm 2021
May 13 2024 01: +0,0.047,189,Sticker | Natus Vincere | Stockholm 2021
May 14 2024 01: +0,0.046,607,Sticker | Natus Vincere | Stockholm 2021
May 15 2024 01: +0,0.046,266,Sticker | Natus Vincere | Stockholm 2021
May 16 2024 01: +0,0.049,195,Sticker | Natus Vincere | Stockholm 2021
May 17 2024 01: +0,0.042,239,Sticker | Natus Vincere | Stockholm 2021
May 18 2024 01: +0,0.04,364,Sticker | Natus Vincere | Stockholm 2021
May 19 2024 01: +0,0.047,172,Sticker | Natus Vincere | Stockholm 2021
May 20 2024 01: +0,0.047,159,Sticker | Natus Vincere | Stockholm 2021
May 21 2024 01: +0,0.044,85,Sticker | Natus Vincere | Stockholm 2021
May 22 2024 01: +0,0.04,232,Sticker | Natus Vincere | Stockholm 2021
May 23 2024 01: +0,0.043,174,Sticker | Natus Vincere | Stockholm 2021
May 24 2024 01: +0,0.043,160,Sticker | Natus Vincere | Stockholm 2021
May 25 2024 01: +0,0.046,145,Sticker | Natus Vincere | Stockholm 2021
May 26 2024 01: +0,0.044,210,Sticker | Natus Vincere | Stockholm 2021
May 27 2024 01: +0,0.043,168,Sticker | Natus Vincere | Stockholm 2021
May 28 2024 01: +0,0.042,165,Sticker | Natus Vincere | Stockholm 2021
May 29 2024 01: +0,0.046,138,Sticker | Natus Vincere | Stockholm 2021
May 30 2024 01: +0,0.043,78,Sticker | Natus Vincere | Stockholm 2021
May 31 2024 01: +0,0.042,186,Sticker | Natus Vincere | Stockholm 2021
Jun 01 2024 01: +0,0.047,195,Sticker | Natus Vincere | Stockholm 2021
Jun 02 2024 01: +0,0.042,262,Sticker | Natus Vincere | Stockholm 2021
Jun 03 2024 01: +0,0.045,121,Sticker | Natus Vincere | Stockholm 2021
Jun 04 2024 01: +0,0.042,136,Sticker | Natus Vincere | Stockholm 2021
Jun 05 2024 01: +0,0.04,165,Sticker | Natus Vincere | Stockholm 2021
Jun 06 2024 01: +0,0.045,133,Sticker | Natus Vincere | Stockholm 2021
Jun 07 2024 01: +0,0.041,398,Sticker | Natus Vincere | Stockholm 2021
Jun 08 2024 01: +0,0.042,142,Sticker | Natus Vincere | Stockholm 2021
Jun 09 2024 01: +0,0.044,214,Sticker | Natus Vincere | Stockholm 2021
Jun 10 2024 01: +0,0.049,245,Sticker | Natus Vincere | Stockholm 2021
Jun 11 2024 01: +0,0.05,163,Sticker | Natus Vincere | Stockholm 2021
Jun 12 2024 01: +0,0.048,382,Sticker | Natus Vincere | Stockholm 2021
Jun 13 2024 01: +0,0.047,260,Sticker | Natus Vincere | Stockholm 2021
Jun 14 2024 01: +0,0.045,132,Sticker | Natus Vincere | Stockholm 2021
Jun 15 2024 01: +0,0.039,122,Sticker | Natus Vincere | Stockholm 2021
Jun 16 2024 01: +0,0.044,461,Sticker | Natus Vincere | Stockholm 2021
Jun 17 2024 01: +0,0.04,259,Sticker | Natus Vincere | Stockholm 2021
Jun 18 2024 01: +0,0.041,245,Sticker | Natus Vincere | Stockholm 2021
Jun 19 2024 01: +0,0.041,215,Sticker | Natus Vincere | Stockholm 2021
Jun 20 2024 01: +0,0.039,286,Sticker | Natus Vincere | Stockholm 2021
Jun 21 2024 01: +0,0.038,151,Sticker | Natus Vincere | Stockholm 2021
Jun 22 2024 01: +0,0.037,301,Sticker | Natus Vincere | Stockholm 2021
Jun 23 2024 01: +0,0.037,125,Sticker | Natus Vincere | Stockholm 2021
Jun 24 2024 01: +0,0.039,205,Sticker | Natus Vincere | Stockholm 2021
Jun 25 2024 01: +0,0.04,753,Sticker | Natus Vincere | Stockholm 2021
Jun 26 2024 01: +0,0.041,233,Sticker | Natus Vincere | Stockholm 2021
Jun 27 2024 01: +0,0.036,189,Sticker | Natus Vincere | Stockholm 2021
Jun 28 2024 01: +0,0.036,148,Sticker | Natus Vincere | Stockholm 2021
Jun 29 2024 01: +0,0.032,331,Sticker | Natus Vincere | Stockholm 2021
Jun 30 2024 01: +0,0.031,526,Sticker | Natus Vincere | Stockholm 2021
Jul 01 2024 01: +0,0.032,133,Sticker | Natus Vincere | Stockholm 2021
Jul 02 2024 01: +0,0.03,295,Sticker | Natus Vincere | Stockholm 2021
Jul 03 2024 01: +0,0.03,608,Sticker | Natus Vincere | Stockholm 2021
Jul 04 2024 01: +0,0.03,320,Sticker | Natus Vincere | Stockholm 2021
Jul 05 2024 01: +0,0.031,152,Sticker | Natus Vincere | Stockholm 2021
Jul 06 2024 01: +0,0.03,162,Sticker | Natus Vincere | Stockholm 2021
Jul 07 2024 01: +0,0.031,340,Sticker | Natus Vincere | Stockholm 2021
Jul 08 2024 01: +0,0.03,184,Sticker | Natus Vincere | Stockholm 2021
Jul 09 2024 01: +0,0.03,85,Sticker | Natus Vincere | Stockholm 2021
Jul 10 2024 01: +0,0.03,298,Sticker | Natus Vincere | Stockholm 2021
Jul 11 2024 01: +0,0.033,170,Sticker | Natus Vincere | Stockholm 2021
Jul 12 2024 01: +0,0.04,157,Sticker | Natus Vincere | Stockholm 2021
Jul 13 2024 01: +0,0.039,133,Sticker | Natus Vincere | Stockholm 2021
Jul 14 2024 01: +0,0.036,141,Sticker | Natus Vincere | Stockholm 2021
Jul 15 2024 01: +0,0.038,167,Sticker | Natus Vincere | Stockholm 2021
Jul 16 2024 01: +0,0.037,170,Sticker | Natus Vincere | Stockholm 2021
Jul 17 2024 01: +0,0.038,173,Sticker | Natus Vincere | Stockholm 2021
Jul 18 2024 01: +0,0.041,267,Sticker | Natus Vincere | Stockholm 2021
Jul 19 2024 01: +0,0.037,222,Sticker | Natus Vincere | Stockholm 2021
Jul 20 2024 01: +0,0.039,179,Sticker | Natus Vincere | Stockholm 2021
Jul 21 2024 01: +0,0.042,175,Sticker | Natus Vincere | Stockholm 2021
Jul 22 2024 01: +0,0.044,145,Sticker | Natus Vincere | Stockholm 2021
Jul 23 2024 01: +0,0.038,158,Sticker | Natus Vincere | Stockholm 2021
Jul 24 2024 01: +0,0.039,258,Sticker | Natus Vincere | Stockholm 2021
Jul 25 2024 01: +0,0.041,89,Sticker | Natus Vincere | Stockholm 2021
Jul 26 2024 01: +0,0.042,143,Sticker | Natus Vincere | Stockholm 2021
Jul 27 2024 01: +0,0.04,192,Sticker | Natus Vincere | Stockholm 2021
Jul 28 2024 01: +0,0.042,172,Sticker | Natus Vincere | Stockholm 2021
Jul 29 2024 01: +0,0.042,264,Sticker | Natus Vincere | Stockholm 2021
Jul 30 2024 01: +0,0.043,209,Sticker | Natus Vincere | Stockholm 2021
Jul 31 2024 01: +0,0.043,252,Sticker | Natus Vincere | Stockholm 2021
Aug 01 2024 01: +0,0.045,117,Sticker | Natus Vincere | Stockholm 2021
Aug 02 2024 01: +0,0.041,204,Sticker | Natus Vincere | Stockholm 2021
Aug 03 2024 01: +0,0.045,107,Sticker | Natus Vincere | Stockholm 2021
Aug 04 2024 01: +0,0.045,159,Sticker | Natus Vincere | Stockholm 2021
Aug 05 2024 01: +0,0.045,172,Sticker | Natus Vincere | Stockholm 2021
Aug 06 2024 01: +0,0.042,122,Sticker | Natus Vincere | Stockholm 2021
Aug 07 2024 01: +0,0.042,261,Sticker | Natus Vincere | Stockholm 2021
Aug 08 2024 01: +0,0.043,182,Sticker | Natus Vincere | Stockholm 2021
Aug 09 2024 01: +0,0.045,357,Sticker | Natus Vincere | Stockholm 2021
Aug 10 2024 01: +0,0.047,488,Sticker | Natus Vincere | Stockholm 2021
Aug 11 2024 01: +0,0.046,142,Sticker | Natus Vincere | Stockholm 2021
Aug 12 2024 01: +0,0.044,142,Sticker | Natus Vincere | Stockholm 2021
Aug 13 2024 01: +0,0.041,131,Sticker | Natus Vincere | Stockholm 2021
Aug 14 2024 01: +0,0.049,272,Sticker | Natus Vincere | Stockholm 2021
Aug 15 2024 01: +0,0.049,166,Sticker | Natus Vincere | Stockholm 2021
Aug 16 2024 01: +0,0.052,294,Sticker | Natus Vincere | Stockholm 2021
Aug 17 2024 01: +0,0.05,148,Sticker | Natus Vincere | Stockholm 2021
Aug 18 2024 01: +0,0.053,189,Sticker | Natus Vincere | Stockholm 2021
Aug 19 2024 01: +0,0.05,183,Sticker | Natus Vincere | Stockholm 2021
Aug 20 2024 01: +0,0.053,178,Sticker | Natus Vincere | Stockholm 2021
Aug 21 2024 01: +0,0.049,151,Sticker | Natus Vincere | Stockholm 2021
Aug 22 2024 01: +0,0.049,192,Sticker | Natus Vincere | Stockholm 2021
Aug 23 2024 01: +0,0.045,166,Sticker | Natus Vincere | Stockholm 2021
Aug 24 2024 01: +0,0.041,309,Sticker | Natus Vincere | Stockholm 2021
Aug 25 2024 01: +0,0.038,268,Sticker | Natus Vincere | Stockholm 2021
Aug 26 2024 01: +0,0.041,207,Sticker | Natus Vincere | Stockholm 2021
Aug 27 2024 01: +0,0.042,130,Sticker | Natus Vincere | Stockholm 2021
Aug 28 2024 01: +0,0.046,145,Sticker | Natus Vincere | Stockholm 2021
Aug 29 2024 01: +0,0.04,126,Sticker | Natus Vincere | Stockholm 2021
Aug 30 2024 01: +0,0.045,140,Sticker | Natus Vincere | Stockholm 2021
Aug 31 2024 01: +0,0.039,153,Sticker | Natus Vincere | Stockholm 2021
Sep 01 2024 01: +0,0.041,186,Sticker | Natus Vincere | Stockholm 2021
Sep 02 2024 01: +0,0.043,120,Sticker | Natus Vincere | Stockholm 2021
Sep 03 2024 01: +0,0.039,211,Sticker | Natus Vincere | Stockholm 2021
Sep 04 2024 01: +0,0.041,171,Sticker | Natus Vincere | Stockholm 2021
Sep 05 2024 01: +0,0.042,131,Sticker | Natus Vincere | Stockholm 2021
Sep 06 2024 01: +0,0.042,133,Sticker | Natus Vincere | Stockholm 2021
Sep 07 2024 01: +0,0.04,138,Sticker | Natus Vincere | Stockholm 2021
Sep 08 2024 01: +0,0.041,142,Sticker | Natus Vincere | Stockholm 2021
Sep 09 2024 01: +0,0.038,158,Sticker | Natus Vincere | Stockholm 2021
Sep 10 2024 01: +0,0.04,343,Sticker | Natus Vincere | Stockholm 2021
Sep 11 2024 01: +0,0.046,217,Sticker | Natus Vincere | Stockholm 2021
Sep 12 2024 01: +0,0.04,228,Sticker | Natus Vincere | Stockholm 2021
Sep 13 2024 01: +0,0.047,228,Sticker | Natus Vincere | Stockholm 2021
Sep 14 2024 01: +0,0.042,193,Sticker | Natus Vincere | Stockholm 2021
Sep 15 2024 01: +0,0.042,223,Sticker | Natus Vincere | Stockholm 2021
Sep 16 2024 01: +0,0.041,105,Sticker | Natus Vincere | Stockholm 2021
Sep 17 2024 01: +0,0.041,207,Sticker | Natus Vincere | Stockholm 2021
Sep 18 2024 01: +0,0.044,201,Sticker | Natus Vincere | Stockholm 2021
Sep 19 2024 01: +0,0.044,114,Sticker | Natus Vincere | Stockholm 2021
Sep 20 2024 01: +0,0.047,139,Sticker | Natus Vincere | Stockholm 2021
Sep 21 2024 01: +0,0.044,223,Sticker | Natus Vincere | Stockholm 2021
Sep 22 2024 01: +0,0.045,301,Sticker | Natus Vincere | Stockholm 2021
Sep 23 2024 01: +0,0.046,157,Sticker | Natus Vincere | Stockholm 2021
Sep 24 2024 01: +0,0.04,150,Sticker | Natus Vincere | Stockholm 2021
Sep 25 2024 01: +0,0.045,142,Sticker | Natus Vincere | Stockholm 2021
Sep 26 2024 01: +0,0.043,304,Sticker | Natus Vincere | Stockholm 2021
Sep 27 2024 01: +0,0.046,199,Sticker | Natus Vincere | Stockholm 2021
Sep 28 2024 01: +0,0.052,326,Sticker | Natus Vincere | Stockholm 2021
Sep 29 2024 01: +0,0.049,227,Sticker | Natus Vincere | Stockholm 2021
Sep 30 2024 01: +0,0.05,222,Sticker | Natus Vincere | Stockholm 2021
Oct 01 2024 01: +0,0.051,136,Sticker | Natus Vincere | Stockholm 2021
Oct 02 2024 01: +0,0.05,181,Sticker | Natus Vincere | Stockholm 2021
Oct 03 2024 01: +0,0.041,435,Sticker | Natus Vincere | Stockholm 2021
Oct 04 2024 01: +0,0.041,419,Sticker | Natus Vincere | Stockholm 2021
Oct 05 2024 01: +0,0.044,170,Sticker | Natus Vincere | Stockholm 2021
Oct 06 2024 01: +0,0.04,153,Sticker | Natus Vincere | Stockholm 2021
Oct 07 2024 01: +0,0.04,224,Sticker | Natus Vincere | Stockholm 2021
Oct 08 2024 01: +0,0.043,244,Sticker | Natus Vincere | Stockholm 2021
Oct 09 2024 01: +0,0.045,218,Sticker | Natus Vincere | Stockholm 2021
Oct 10 2024 01: +0,0.043,196,Sticker | Natus Vincere | Stockholm 2021
Oct 11 2024 01: +0,0.044,212,Sticker | Natus Vincere | Stockholm 2021
Oct 12 2024 01: +0,0.042,372,Sticker | Natus Vincere | Stockholm 2021
Oct 13 2024 01: +0,0.04,232,Sticker | Natus Vincere | Stockholm 2021
Oct 14 2024 01: +0,0.044,220,Sticker | Natus Vincere | Stockholm 2021
Oct 15 2024 01: +0,0.048,318,Sticker | Natus Vincere | Stockholm 2021
Oct 16 2024 01: +0,0.046,225,Sticker | Natus Vincere | Stockholm 2021
Oct 17 2024 01: +0,0.043,246,Sticker | Natus Vincere | Stockholm 2021
Oct 18 2024 01: +0,0.049,267,Sticker | Natus Vincere | Stockholm 2021
Oct 19 2024 01: +0,0.048,190,Sticker | Natus Vincere | Stockholm 2021
Oct 20 2024 01: +0,0.037,1436,Sticker | Natus Vincere | Stockholm 2021
Oct 21 2024 01: +0,0.04,178,Sticker | Natus Vincere | Stockholm 2021
Oct 22 2024 01: +0,0.046,148,Sticker | Natus Vincere | Stockholm 2021
Oct 23 2024 01: +0,0.04,299,Sticker | Natus Vincere | Stockholm 2021
Oct 24 2024 01: +0,0.039,292,Sticker | Natus Vincere | Stockholm 2021
Oct 25 2024 01: +0,0.046,200,Sticker | Natus Vincere | Stockholm 2021
Oct 26 2024 01: +0,0.046,266,Sticker | Natus Vincere | Stockholm 2021
Oct 27 2024 01: +0,0.051,204,Sticker | Natus Vincere | Stockholm 2021
Oct 28 2024 01: +0,0.045,109,Sticker | Natus Vincere | Stockholm 2021
Oct 29 2024 01: +0,0.04,143,Sticker | Natus Vincere | Stockholm 2021
Oct 30 2024 01: +0,0.048,241,Sticker | Natus Vincere | Stockholm 2021
Oct 31 2024 01: +0,0.037,254,Sticker | Natus Vincere | Stockholm 2021
Nov 01 2024 01: +0,0.039,172,Sticker | Natus Vincere | Stockholm 2021
Nov 02 2024 01: +0,0.04,219,Sticker | Natus Vincere | Stockholm 2021
Nov 03 2024 01: +0,0.038,236,Sticker | Natus Vincere | Stockholm 2021
Nov 04 2024 01: +0,0.038,164,Sticker | Natus Vincere | Stockholm 2021
Nov 05 2024 01: +0,0.038,204,Sticker | Natus Vincere | Stockholm 2021
Nov 06 2024 01: +0,0.039,116,Sticker | Natus Vincere | Stockholm 2021
Nov 07 2024 01: +0,0.04,181,Sticker | Natus Vincere | Stockholm 2021
Nov 08 2024 01: +0,0.043,266,Sticker | Natus Vincere | Stockholm 2021
Nov 09 2024 01: +0,0.037,205,Sticker | Natus Vincere | Stockholm 2021
Nov 10 2024 01: +0,0.036,286,Sticker | Natus Vincere | Stockholm 2021
Nov 11 2024 01: +0,0.032,412,Sticker | Natus Vincere | Stockholm 2021
Nov 12 2024 01: +0,0.039,240,Sticker | Natus Vincere | Stockholm 2021
Nov 13 2024 01: +0,0.037,218,Sticker | Natus Vincere | Stockholm 2021
Nov 14 2024 01: +0,0.039,337,Sticker | Natus Vincere | Stockholm 2021
Nov 15 2024 01: +0,0.042,213,Sticker | Natus Vincere | Stockholm 2021
Nov 16 2024 01: +0,0.039,255,Sticker | Natus Vincere | Stockholm 2021
Nov 17 2024 01: +0,0.041,223,Sticker | Natus Vincere | Stockholm 2021
Nov 18 2024 01: +0,0.037,209,Sticker | Natus Vincere | Stockholm 2021
Nov 19 2024 01: +0,0.038,196,Sticker | Natus Vincere | Stockholm 2021
Nov 20 2024 01: +0,0.039,193,Sticker | Natus Vincere | Stockholm 2021
Nov 21 2024 01: +0,0.041,251,Sticker | Natus Vincere | Stockholm 2021
Nov 22 2024 01: +0,0.035,177,Sticker | Natus Vincere | Stockholm 2021
Nov 23 2024 01: +0,0.04,180,Sticker | Natus Vincere | Stockholm 2021
Nov 24 2024 01: +0,0.045,374,Sticker | Natus Vincere | Stockholm 2021
Nov 25 2024 01: +0,0.041,174,Sticker | Natus Vincere | Stockholm 2021
Nov 26 2024 01: +0,0.039,110,Sticker | Natus Vincere | Stockholm 2021
Nov 27 2024 01: +0,0.042,572,Sticker | Natus Vincere | Stockholm 2021
Nov 28 2024 01: +0,0.034,340,Sticker | Natus Vincere | Stockholm 2021
Nov 29 2024 01: +0,0.035,235,Sticker | Natus Vincere | Stockholm 2021
Nov 30 2024 01: +0,0.042,353,Sticker | Natus Vincere | Stockholm 2021
Dec 01 2024 01: +0,0.041,222,Sticker | Natus Vincere | Stockholm 2021
Dec 02 2024 01: +0,0.044,97,Sticker | Natus Vincere | Stockholm 2021
Dec 03 2024 01: +0,0.033,121,Sticker | Natus Vincere | Stockholm 2021
Dec 04 2024 01: +0,0.038,148,Sticker | Natus Vincere | Stockholm 2021
Dec 05 2024 01: +0,0.037,155,Sticker | Natus Vincere | Stockholm 2021
Dec 06 2024 01: +0,0.035,133,Sticker | Natus Vincere | Stockholm 2021
Dec 07 2024 01: +0,0.038,157,Sticker | Natus Vincere | Stockholm 2021
Dec 08 2024 01: +0,0.044,124,Sticker | Natus Vincere | Stockholm 2021
Dec 09 2024 01: +0,0.039,249,Sticker | Natus Vincere | Stockholm 2021
Dec 10 2024 01: +0,0.036,141,Sticker | Natus Vincere | Stockholm 2021
Dec 11 2024 01: +0,0.038,189,Sticker | Natus Vincere | Stockholm 2021
Dec 12 2024 01: +0,0.042,190,Sticker | Natus Vincere | Stockholm 2021
Dec 13 2024 01: +0,0.045,230,Sticker | Natus Vincere | Stockholm 2021
Dec 14 2024 01: +0,0.046,203,Sticker | Natus Vincere | Stockholm 2021
Dec 15 2024 01: +0,0.038,140,Sticker | Natus Vincere | Stockholm 2021
Dec 16 2024 01: +0,0.031,362,Sticker | Natus Vincere | Stockholm 2021
Dec 17 2024 01: +0,0.038,244,Sticker | Natus Vincere | Stockholm 2021
Dec 18 2024 01: +0,0.039,134,Sticker | Natus Vincere | Stockholm 2021
Dec 19 2024 01: +0,0.04,229,Sticker | Natus Vincere | Stockholm 2021
Dec 20 2024 01: +0,0.034,168,Sticker | Natus Vincere | Stockholm 2021
Dec 21 2024 01: +0,0.04,154,Sticker | Natus Vincere | Stockholm 2021
Dec 22 2024 01: +0,0.039,120,Sticker | Natus Vincere | Stockholm 2021
Dec 23 2024 01: +0,0.041,264,Sticker | Natus Vincere | Stockholm 2021
Dec 24 2024 01: +0,0.035,115,Sticker | Natus Vincere | Stockholm 2021
Dec 25 2024 01: +0,0.034,209,Sticker | Natus Vincere | Stockholm 2021
Dec 26 2024 01: +0,0.038,141,Sticker | Natus Vincere | Stockholm 2021
Dec 27 2024 01: +0,0.035,93,Sticker | Natus Vincere | Stockholm 2021
Dec 28 2024 01: +0,0.035,120,Sticker | Natus Vincere | Stockholm 2021
Dec 29 2024 01: +0,0.036,168,Sticker | Natus Vincere | Stockholm 2021
Dec 30 2024 01: +0,0.036,200,Sticker | Natus Vincere | Stockholm 2021
Dec 31 2024 01: +0,0.036,310,Sticker | Natus Vincere | Stockholm 2021
Jan 01 2025 01: +0,0.036,164,Sticker | Natus Vincere | Stockholm 2021
Jan 02 2025 01: +0,0.035,187,Sticker | Natus Vincere | Stockholm 2021
Jan 03 2025 01: +0,0.034,154,Sticker | Natus Vincere | Stockholm 2021
Jan 04 2025 01: +0,0.034,493,Sticker | Natus Vincere | Stockholm 2021
Jan 05 2025 01: +0,0.033,208,Sticker | Natus Vincere | Stockholm 2021
Jan 06 2025 01: +0,0.034,268,Sticker | Natus Vincere | Stockholm 2021
Jan 07 2025 01: +0,0.037,989,Sticker | Natus Vincere | Stockholm 2021
Jan 08 2025 01: +0,0.035,345,Sticker | Natus Vincere | Stockholm 2021
Jan 09 2025 01: +0,0.041,355,Sticker | Natus Vincere | Stockholm 2021
Jan 10 2025 01: +0,0.038,181,Sticker | Natus Vincere | Stockholm 2021
Jan 11 2025 01: +0,0.043,203,Sticker | Natus Vincere | Stockholm 2021
Jan 12 2025 01: +0,0.042,192,Sticker | Natus Vincere | Stockholm 2021
Jan 13 2025 01: +0,0.04,125,Sticker | Natus Vincere | Stockholm 2021
Jan 14 2025 01: +0,0.041,116,Sticker | Natus Vincere | Stockholm 2021
Jan 15 2025 01: +0,0.037,220,Sticker | Natus Vincere | Stockholm 2021
Jan 16 2025 01: +0,0.036,195,Sticker | Natus Vincere | Stockholm 2021
Jan 17 2025 01: +0,0.041,156,Sticker | Natus Vincere | Stockholm 2021
Jan 18 2025 01: +0,0.04,235,Sticker | Natus Vincere | Stockholm 2021
Jan 19 2025 01: +0,0.034,226,Sticker | Natus Vincere | Stockholm 2021
Jan 20 2025 01: +0,0.04,147,Sticker | Natus Vincere | Stockholm 2021
Jan 21 2025 01: +0,0.039,189,Sticker | Natus Vincere | Stockholm 2021
Jan 22 2025 01: +0,0.043,262,Sticker | Natus Vincere | Stockholm 2021
Jan 23 2025 01: +0,0.04,263,Sticker | Natus Vincere | Stockholm 2021
Jan 24 2025 01: +0,0.043,244,Sticker | Natus Vincere | Stockholm 2021
Jan 25 2025 01: +0,0.044,199,Sticker | Natus Vincere | Stockholm 2021
Jan 26 2025 01: +0,0.04,209,Sticker | Natus Vincere | Stockholm 2021
Jan 27 2025 01: +0,0.042,239,Sticker | Natus Vincere | Stockholm 2021
Jan 28 2025 01: +0,0.04,283,Sticker | Natus Vincere | Stockholm 2021
Jan 29 2025 01: +0,0.049,341,Sticker | Natus Vincere | Stockholm 2021
Jan 30 2025 01: +0,0.043,287,Sticker | Natus Vincere | Stockholm 2021
Jan 31 2025 01: +0,0.046,198,Sticker | Natus Vincere | Stockholm 2021
Feb 01 2025 01: +0,0.049,291,Sticker | Natus Vincere | Stockholm 2021
Feb 02 2025 01: +0,0.043,300,Sticker | Natus Vincere | Stockholm 2021
Feb 03 2025 01: +0,0.043,290,Sticker | Natus Vincere | Stockholm 2021
Feb 04 2025 01: +0,0.043,219,Sticker | Natus Vincere | Stockholm 2021
Feb 05 2025 01: +0,0.045,199,Sticker | Natus Vincere | Stockholm 2021
Feb 06 2025 01: +0,0.041,215,Sticker | Natus Vincere | Stockholm 2021
Feb 07 2025 01: +0,0.046,236,Sticker | Natus Vincere | Stockholm 2021
Feb 08 2025 01: +0,0.05,235,Sticker | Natus Vincere | Stockholm 2021
Feb 09 2025 01: +0,0.045,325,Sticker | Natus Vincere | Stockholm 2021
Feb 10 2025 01: +0,0.047,270,Sticker | Natus Vincere | Stockholm 2021
Feb 11 2025 01: +0,0.047,352,Sticker | Natus Vincere | Stockholm 2021
Feb 12 2025 01: +0,0.051,155,Sticker | Natus Vincere | Stockholm 2021
Feb 13 2025 01: +0,0.047,270,Sticker | Natus Vincere | Stockholm 2021
Feb 14 2025 01: +0,0.052,519,Sticker | Natus Vincere | Stockholm 2021
Feb 15 2025 01: +0,0.053,235,Sticker | Natus Vincere | Stockholm 2021
Feb 16 2025 01: +0,0.049,243,Sticker | Natus Vincere | Stockholm 2021
Feb 17 2025 01: +0,0.049,280,Sticker | Natus Vincere | Stockholm 2021
Feb 18 2025 01: +0,0.048,278,Sticker | Natus Vincere | Stockholm 2021
Feb 19 2025 01: +0,0.05,299,Sticker | Natus Vincere | Stockholm 2021
Feb 20 2025 01: +0,0.045,248,Sticker | Natus Vincere | Stockholm 2021
Feb 21 2025 01: +0,0.049,204,Sticker | Natus Vincere | Stockholm 2021
Feb 22 2025 01: +0,0.046,171,Sticker | Natus Vincere | Stockholm 2021
Feb 23 2025 01: +0,0.047,171,Sticker | Natus Vincere | Stockholm 2021
Feb 24 2025 01: +0,0.049,211,Sticker | Natus Vincere | Stockholm 2021
Feb 25 2025 01: +0,0.051,139,Sticker | Natus Vincere | Stockholm 2021
Feb 26 2025 01: +0,0.048,157,Sticker | Natus Vincere | Stockholm 2021
Feb 27 2025 01: +0,0.052,154,Sticker | Natus Vincere | Stockholm 2021
Feb 28 2025 01: +0,0.054,200,Sticker | Natus Vincere | Stockholm 2021
Mar 01 2025 01: +0,0.058,237,Sticker | Natus Vincere | Stockholm 2021
Mar 02 2025 01: +0,0.046,253,Sticker | Natus Vincere | Stockholm 2021
Mar 03 2025 01: +0,0.048,161,Sticker | Natus Vincere | Stockholm 2021
Mar 04 2025 01: +0,0.043,141,Sticker | Natus Vincere | Stockholm 2021
Mar 05 2025 01: +0,0.046,150,Sticker | Natus Vincere | Stockholm 2021
Mar 06 2025 01: +0,0.042,193,Sticker | Natus Vincere | Stockholm 2021
Mar 07 2025 01: +0,0.04,139,Sticker | Natus Vincere | Stockholm 2021
Mar 08 2025 01: +0,0.045,194,Sticker | Natus Vincere | Stockholm 2021
Mar 09 2025 01: +0,0.043,229,Sticker | Natus Vincere | Stockholm 2021
Mar 10 2025 01: +0,0.05,213,Sticker | Natus Vincere | Stockholm 2021
Mar 11 2025 01: +0,0.051,174,Sticker | Natus Vincere | Stockholm 2021
Mar 12 2025 01: +0,0.052,193,Sticker | Natus Vincere | Stockholm 2021
Mar 13 2025 01: +0,0.055,216,Sticker | Natus Vincere | Stockholm 2021
Mar 14 2025 01: +0,0.047,221,Sticker | Natus Vincere | Stockholm 2021
Mar 15 2025 01: +0,0.045,130,Sticker | Natus Vincere | Stockholm 2021
Mar 16 2025 01: +0,0.046,337,Sticker | Natus Vincere | Stockholm 2021
Mar 17 2025 01: +0,0.045,179,Sticker | Natus Vincere | Stockholm 2021
Mar 18 2025 01: +0,0.047,161,Sticker | Natus Vincere | Stockholm 2021
Mar 19 2025 01: +0,0.047,188,Sticker | Natus Vincere | Stockholm 2021
Mar 20 2025 01: +0,0.049,119,Sticker | Natus Vincere | Stockholm 2021
Mar 21 2025 01: +0,0.046,217,Sticker | Natus Vincere | Stockholm 2021
Mar 22 2025 01: +0,0.052,270,Sticker | Natus Vincere | Stockholm 2021
Mar 23 2025 01: +0,0.051,150,Sticker | Natus Vincere | Stockholm 2021
Mar 24 2025 01: +0,0.05,192,Sticker | Natus Vincere | Stockholm 2021
Mar 25 2025 01: +0,0.05,167,Sticker | Natus Vincere | Stockholm 2021
Mar 26 2025 01: +0,0.049,227,Sticker | Natus Vincere | Stockholm 2021
Mar 27 2025 01: +0,0.048,208,Sticker | Natus Vincere | Stockholm 2021
Mar 28 2025 01: +0,0.046,129,Sticker | Natus Vincere | Stockholm 2021
Mar 29 2025 01: +0,0.047,333,Sticker | Natus Vincere | Stockholm 2021
Mar 30 2025 01: +0,0.05,192,Sticker | Natus Vincere | Stockholm 2021
Mar 31 2025 01: +0,0.051,284,Sticker | Natus Vincere | Stockholm 2021
Apr 01 2025 01: +0,0.055,476,Sticker | Natus Vincere | Stockholm 2021
Apr 02 2025 01: +0,0.053,214,Sticker | Natus Vincere | Stockholm 2021
Apr 03 2025 01: +0,0.055,123,Sticker | Natus Vincere | Stockholm 2021
Apr 04 2025 01: +0,0.057,199,Sticker | Natus Vincere | Stockholm 2021
Apr 05 2025 01: +0,0.057,211,Sticker | Natus Vincere | Stockholm 2021
Apr 06 2025 01: +0,0.053,270,Sticker | Natus Vincere | Stockholm 2021
Apr 07 2025 01: +0,0.054,162,Sticker | Natus Vincere | Stockholm 2021
Apr 08 2025 01: +0,0.052,154,Sticker | Natus Vincere | Stockholm 2021
Apr 09 2025 01: +0,0.054,141,Sticker | Natus Vincere | Stockholm 2021
Apr 10 2025 01: +0,0.052,180,Sticker | Natus Vincere | Stockholm 2021
Apr 11 2025 01: +0,0.051,406,Sticker | Natus Vincere | Stockholm 2021
Apr 12 2025 01: +0,0.056,244,Sticker | Natus Vincere | Stockholm 2021
Apr 13 2025 01: +0,0.057,537,Sticker | Natus Vincere | Stockholm 2021
Apr 14 2025 01: +0,0.063,465,Sticker | Natus Vincere | Stockholm 2021
Apr 15 2025 01: +0,0.062,510,Sticker | Natus Vincere | Stockholm 2021
Apr 16 2025 01: +0,0.057,204,Sticker | Natus Vincere | Stockholm 2021
Apr 17 2025 01: +0,0.059,460,Sticker | Natus Vincere | Stockholm 2021
Apr 18 2025 01: +0,0.061,152,Sticker | Natus Vincere | Stockholm 2021
Apr 19 2025 01: +0,0.059,127,Sticker | Natus Vincere | Stockholm 2021
Apr 20 2025 01: +0,0.058,109,Sticker | Natus Vincere | Stockholm 2021
Apr 21 2025 01: +0,0.057,148,Sticker | Natus Vincere | Stockholm 2021
Apr 22 2025 01: +0,0.062,109,Sticker | Natus Vincere | Stockholm 2021
Apr 23 2025 01: +0,0.06,87,Sticker | Natus Vincere | Stockholm 2021
Apr 24 2025 01: +0,0.057,130,Sticker | Natus Vincere | Stockholm 2021
Apr 25 2025 01: +0,0.057,135,Sticker | Natus Vincere | Stockholm 2021
Apr 26 2025 01: +0,0.061,218,Sticker | Natus Vincere | Stockholm 2021
Apr 27 2025 01: +0,0.057,110,Sticker | Natus Vincere | Stockholm 2021
Apr 28 2025 01: +0,0.065,133,Sticker | Natus Vincere | Stockholm 2021
Apr 29 2025 01: +0,0.064,198,Sticker | Natus Vincere | Stockholm 2021
Apr 30 2025 01: +0,0.062,88,Sticker | Natus Vincere | Stockholm 2021
May 01 2025 01: +0,0.062,164,Sticker | Natus Vincere | Stockholm 2021
May 02 2025 01: +0,0.065,160,Sticker | Natus Vincere | Stockholm 2021
May 03 2025 01: +0,0.07,164,Sticker | Natus Vincere | Stockholm 2021
May 04 2025 01: +0,0.06,119,Sticker | Natus Vincere | Stockholm 2021
May 05 2025 01: +0,0.065,155,Sticker | Natus Vincere | Stockholm 2021
May 06 2025 01: +0,0.06,185,Sticker | Natus Vincere | Stockholm 2021
May 07 2025 01: +0,0.061,209,Sticker | Natus Vincere | Stockholm 2021
May 08 2025 01: +0,0.058,200,Sticker | Natus Vincere | Stockholm 2021
May 09 2025 01: +0,0.063,118,Sticker | Natus Vincere | Stockholm 2021
May 10 2025 01: +0,0.06,216,Sticker | Natus Vincere | Stockholm 2021
May 11 2025 01: +0,0.07,103,Sticker | Natus Vincere | Stockholm 2021
May 12 2025 01: +0,0.067,173,Sticker | Natus Vincere | Stockholm 2021
May 13 2025 01: +0,0.061,116,Sticker | Natus Vincere | Stockholm 2021
May 14 2025 01: +0,0.061,101,Sticker | Natus Vincere | Stockholm 2021
May 15 2025 01: +0,0.065,145,Sticker | Natus Vincere | Stockholm 2021
May 16 2025 01: +0,0.061,113,Sticker | Natus Vincere | Stockholm 2021
May 17 2025 01: +0,0.063,144,Sticker | Natus Vincere | Stockholm 2021
May 18 2025 01: +0,0.061,234,Sticker | Natus Vincere | Stockholm 2021
May 19 2025 01: +0,0.067,98,Sticker | Natus Vincere | Stockholm 2021
May 20 2025 01: +0,0.067,87,Sticker | Natus Vincere | Stockholm 2021
May 21 2025 01: +0,0.058,147,Sticker | Natus Vincere | Stockholm 2021
May 22 2025 01: +0,0.067,122,Sticker | Natus Vincere | Stockholm 2021
May 23 2025 01: +0,0.059,165,Sticker | Natus Vincere | Stockholm 2021
May 24 2025 01: +0,0.056,102,Sticker | Natus Vincere | Stockholm 2021
May 25 2025 01: +0,0.055,97,Sticker | Natus Vincere | Stockholm 2021
May 26 2025 01: +0,0.064,124,Sticker | Natus Vincere | Stockholm 2021
May 27 2025 01: +0,0.06,104,Sticker | Natus Vincere | Stockholm 2021
May 28 2025 01: +0,0.064,87,Sticker | Natus Vincere | Stockholm 2021
May 29 2025 01: +0,0.06,135,Sticker | Natus Vincere | Stockholm 2021
May 30 2025 01: +0,0.063,106,Sticker | Natus Vincere | Stockholm 2021
May 31 2025 01: +0,0.058,143,Sticker | Natus Vincere | Stockholm 2021
Jun 01 2025 01: +0,0.054,267,Sticker | Natus Vincere | Stockholm 2021
Jun 02 2025 01: +0,0.057,152,Sticker | Natus Vincere | Stockholm 2021
Jun 03 2025 01: +0,0.058,178,Sticker | Natus Vincere | Stockholm 2021
Jun 04 2025 01: +0,0.058,76,Sticker | Natus Vincere | Stockholm 2021
Jun 05 2025 01: +0,0.063,108,Sticker | Natus Vincere | Stockholm 2021
Jun 06 2025 01: +0,0.063,130,Sticker | Natus Vincere | Stockholm 2021
Jun 07 2025 01: +0,0.055,78,Sticker | Natus Vincere | Stockholm 2021
Jun 08 2025 01: +0,0.058,214,Sticker | Natus Vincere | Stockholm 2021
Jun 09 2025 01: +0,0.061,125,Sticker | Natus Vincere | Stockholm 2021
Jun 10 2025 01: +0,0.066,124,Sticker | Natus Vincere | Stockholm 2021
Jun 11 2025 01: +0,0.067,130,Sticker | Natus Vincere | Stockholm 2021
Jun 12 2025 01: +0,0.066,90,Sticker | Natus Vincere | Stockholm 2021
Jun 13 2025 01: +0,0.062,106,Sticker | Natus Vincere | Stockholm 2021
Jun 14 2025 01: +0,0.058,109,Sticker | Natus Vincere | Stockholm 2021
Jun 15 2025 01: +0,0.058,137,Sticker | Natus Vincere | Stockholm 2021
Jun 16 2025 01: +0,0.055,152,Sticker | Natus Vincere | Stockholm 2021
Jun 17 2025 01: +0,0.057,128,Sticker | Natus Vincere | Stockholm 2021
Jun 18 2025 01: +0,0.059,198,Sticker | Natus Vincere | Stockholm 2021
Jun 19 2025 01: +0,0.055,116,Sticker | Natus Vincere | Stockholm 2021
Jun 20 2025 01: +0,0.053,94,Sticker | Natus Vincere | Stockholm 2021
Jun 21 2025 01: +0,0.059,175,Sticker | Natus Vincere | Stockholm 2021
Jun 22 2025 01: +0,0.057,140,Sticker | Natus Vincere | Stockholm 2021
Jun 23 2025 01: +0,0.06,103,Sticker | Natus Vincere | Stockholm 2021
Jun 24 2025 01: +0,0.059,172,Sticker | Natus Vincere | Stockholm 2021
Jun 25 2025 01: +0,0.059,327,Sticker | Natus Vincere | Stockholm 2021
Jun 26 2025 01: +0,0.059,180,Sticker | Natus Vincere | Stockholm 2021
Jun 27 2025 01: +0,0.054,186,Sticker | Natus Vincere | Stockholm 2021
Jun 28 2025 01: +0,0.055,187,Sticker | Natus Vincere | Stockholm 2021
Jun 29 2025 01: +0,0.06,128,Sticker | Natus Vincere | Stockholm 2021
Jun 30 2025 01: +0,0.056,125,Sticker | Natus Vincere | Stockholm 2021
Jul 01 2025 01: +0,0.056,76,Sticker | Natus Vincere | Stockholm 2021
Jul 02 2025 01: +0,0.059,112,Sticker | Natus Vincere | Stockholm 2021
Jul 03 2025 01: +0,0.058,197,Sticker | Natus Vincere | Stockholm 2021
Jul 04 2025 01: +0,0.056,113,Sticker | Natus Vincere | Stockholm 2021
Jul 05 2025 01: +0,0.055,45,Sticker | Natus Vincere | Stockholm 2021
Jul 06 2025 01: +0,0.055,78,Sticker | Natus Vincere | Stockholm 2021
Jul 07 2025 01: +0,0.057,118,Sticker | Natus Vincere | Stockholm 2021
Jul 08 2025 01: +0,0.056,70,Sticker | Natus Vincere | Stockholm 2021
Jul 09 2025 01: +0,0.062,141,Sticker | Natus Vincere | Stockholm 2021
Jul 10 2025 01: +0,0.061,119,Sticker | Natus Vincere | Stockholm 2021
Jul 11 2025 01: +0,0.062,86,Sticker | Natus Vincere | Stockholm 2021
Jul 12 2025 01: +0,0.058,136,Sticker | Natus Vincere | Stockholm 2021
Jul 13 2025 01: +0,0.058,280,Sticker | Natus Vincere | Stockholm 2021
Jul 14 2025 01: +0,0.058,116,Sticker | Natus Vincere | Stockholm 2021
Jul 15 2025 01: +0,0.056,212,Sticker | Natus Vincere | Stockholm 2021
Jul 16 2025 01: +0,0.056,129,Sticker | Natus Vincere | Stockholm 2021
Jul 17 2025 01: +0,0.059,124,Sticker | Natus Vincere | Stockholm 2021
Jul 18 2025 01: +0,0.055,109,Sticker | Natus Vincere | Stockholm 2021
Jul 19 2025 01: +0,0.061,467,Sticker | Natus Vincere | Stockholm 2021
Jul 20 2025 01: +0,0.058,218,Sticker | Natus Vincere | Stockholm 2021
Jul 21 2025 01: +0,0.058,132,Sticker | Natus Vincere | Stockholm 2021
Jul 22 2025 01: +0,0.056,96,Sticker | Natus Vincere | Stockholm 2021
Jul 23 2025 01: +0,0.057,140,Sticker | Natus Vincere | Stockholm 2021
Jul 24 2025 01: +0,0.058,197,Sticker | Natus Vincere | Stockholm 2021
Jul 25 2025 01: +0,0.059,103,Sticker | Natus Vincere | Stockholm 2021
Jul 26 2025 01: +0,0.055,142,Sticker | Natus Vincere | Stockholm 2021
Jul 27 2025 01: +0,0.057,127,Sticker | Natus Vincere | Stockholm 2021
Jul 28 2025 01: +0,0.059,123,Sticker | Natus Vincere | Stockholm 2021
Jul 29 2025 01: +0,0.061,312,Sticker | Natus Vincere | Stockholm 2021
Jul 30 2025 01: +0,0.058,165,Sticker | Natus Vincere | Stockholm 2021
Jul 31 2025 01: +0,0.057,230,Sticker | Natus Vincere | Stockholm 2021
Aug 01 2025 01: +0,0.057,142,Sticker | Natus Vincere | Stockholm 2021
Aug 02 2025 01: +0,0.059,198,Sticker | Natus Vincere | Stockholm 2021
Aug 03 2025 01: +0,0.056,158,Sticker | Natus Vincere | Stockholm 2021
Aug 04 2025 01: +0,0.059,90,Sticker | Natus Vincere | Stockholm 2021
Aug 05 2025 01: +0,0.059,182,Sticker | Natus Vincere | Stockholm 2021
Aug 06 2025 01: +0,0.062,110,Sticker | Natus Vincere | Stockholm 2021
Aug 07 2025 01: +0,0.06,154,Sticker | Natus Vincere | Stockholm 2021
Aug 08 2025 01: +0,0.062,124,Sticker | Natus Vincere | Stockholm 2021
Aug 09 2025 01: +0,0.062,181,Sticker | Natus Vincere | Stockholm 2021
Aug 10 2025 01: +0,0.063,184,Sticker | Natus Vincere | Stockholm 2021
Aug 11 2025 01: +0,0.055,197,Sticker | Natus Vincere | Stockholm 2021
Aug 12 2025 01: +0,0.061,88,Sticker | Natus Vincere | Stockholm 2021
Aug 13 2025 01: +0,0.056,152,Sticker | Natus Vincere | Stockholm 2021
Aug 14 2025 01: +0,0.057,162,Sticker | Natus Vincere | Stockholm 2021
Aug 15 2025 01: +0,0.056,113,Sticker | Natus Vincere | Stockholm 2021
Aug 16 2025 01: +0,0.06,222,Sticker | Natus Vincere | Stockholm 2021
Aug 17 2025 01: +0,0.062,124,Sticker | Natus Vincere | Stockholm 2021
Aug 18 2025 01: +0,0.061,224,Sticker | Natus Vincere | Stockholm 2021
Aug 19 2025 01: +0,0.059,133,Sticker | Natus Vincere | Stockholm 2021
Aug 20 2025 01: +0,0.059,260,Sticker | Natus Vincere | Stockholm 2021
Aug 21 2025 01: +0,0.061,879,Sticker | Natus Vincere | Stockholm 2021
Aug 22 2025 01: +0,0.058,174,Sticker | Natus Vincere | Stockholm 2021
Aug 23 2025 01: +0,0.06,302,Sticker | Natus Vincere | Stockholm 2021
Aug 24 2025 01: +0,0.054,287,Sticker | Natus Vincere | Stockholm 2021
Aug 25 2025 01: +0,0.052,157,Sticker | Natus Vincere | Stockholm 2021
Aug 26 2025 01: +0,0.052,263,Sticker | Natus Vincere | Stockholm 2021
Aug 27 2025 01: +0,0.053,380,Sticker | Natus Vincere | Stockholm 2021
Aug 28 2025 01: +0,0.061,174,Sticker | Natus Vincere | Stockholm 2021
Aug 29 2025 01: +0,0.063,248,Sticker | Natus Vincere | Stockholm 2021
Aug 30 2025 01: +0,0.061,201,Sticker | Natus Vincere | Stockholm 2021
Aug 31 2025 01: +0,0.065,622,Sticker | Natus Vincere | Stockholm 2021
Sep 01 2025 01: +0,0.066,468,Sticker | Natus Vincere | Stockholm 2021
Sep 02 2025 01: +0,0.063,175,Sticker | Natus Vincere | Stockholm 2021
Sep 03 2025 01: +0,0.057,460,Sticker | Natus Vincere | Stockholm 2021
Sep 04 2025 01: +0,0.057,564,Sticker | Natus Vincere | Stockholm 2021
Sep 05 2025 01: +0,0.057,267,Sticker | Natus Vincere | Stockholm 2021
Sep 06 2025 01: +0,0.058,412,Sticker | Natus Vincere | Stockholm 2021
Sep 07 2025 01: +0,0.062,445,Sticker | Natus Vincere | Stockholm 2021
Sep 08 2025 01: +0,0.067,831,Sticker | Natus Vincere | Stockholm 2021
Sep 09 2025 01: +0,0.069,1751,Sticker | Natus Vincere | Stockholm 2021
Sep 10 2025 01: +0,0.067,615,Sticker | Natus Vincere | Stockholm 2021
Sep 11 2025 01: +0,0.068,424,Sticker | Natus Vincere | Stockholm 2021
Sep 12 2025 01: +0,0.069,608,Sticker | Natus Vincere | Stockholm 2021
Sep 13 2025 01: +0,0.067,509,Sticker | Natus Vincere | Stockholm 2021
Sep 14 2025 01: +0,0.063,293,Sticker | Natus Vincere | Stockholm 2021
Sep 15 2025 01: +0,0.062,256,Sticker | Natus Vincere | Stockholm 2021
Sep 16 2025 01: +0,0.06,298,Sticker | Natus Vincere | Stockholm 2021
Sep 17 2025 01: +0,0.052,412,Sticker | Natus Vincere | Stockholm 2021
Sep 18 2025 01: +0,0.052,484,Sticker | Natus Vincere | Stockholm 2021
Sep 19 2025 01: +0,0.051,348,Sticker | Natus Vincere | Stockholm 2021
Sep 20 2025 01: +0,0.054,593,Sticker | Natus Vincere | Stockholm 2021
Sep 21 2025 01: +0,0.053,397,Sticker | Natus Vincere | Stockholm 2021
Sep 22 2025 01: +0,0.047,220,Sticker | Natus Vincere | Stockholm 2021
Sep 23 2025 01: +0,0.049,323,Sticker | Natus Vincere | Stockholm 2021
Sep 24 2025 01: +0,0.057,255,Sticker | Natus Vincere | Stockholm 2021
Sep 25 2025 01: +0,0.044,172,Sticker | Natus Vincere | Stockholm 2021
Sep 26 2025 01: +0,0.045,370,Sticker | Natus Vincere | Stockholm 2021
Sep 27 2025 01: +0,0.043,258,Sticker | Natus Vincere | Stockholm 2021
Sep 28 2025 01: +0,0.043,201,Sticker | Natus Vincere | Stockholm 2021
Sep 29 2025 01: +0,0.041,144,Sticker | Natus Vincere | Stockholm 2021
Sep 30 2025 01: +0,0.044,217,Sticker | Natus Vincere | Stockholm 2021
Oct 01 2025 01: +0,0.043,372,Sticker | Natus Vincere | Stockholm 2021
Oct 02 2025 01: +0,0.045,185,Sticker | Natus Vincere | Stockholm 2021
Oct 03 2025 01: +0,0.044,361,Sticker | Natus Vincere | Stockholm 2021
Oct 04 2025 01: +0,0.045,220,Sticker | Natus Vincere | Stockholm 2021
Oct 05 2025 01: +0,0.048,313,Sticker | Natus Vincere | Stockholm 2021
Oct 06 2025 01: +0,0.043,169,Sticker | Natus Vincere | Stockholm 2021
Oct 07 2025 01: +0,0.043,177,Sticker | Natus Vincere | Stockholm 2021
Oct 08 2025 01: +0,0.047,231,Sticker | Natus Vincere | Stockholm 2021
Oct 09 2025 01: +0,0.046,250,Sticker | Natus Vincere | Stockholm 2021
Oct 10 2025 01: +0,0.049,276,Sticker | Natus Vincere | Stockholm 2021
Oct 11 2025 01: +0,0.047,298,Sticker | Natus Vincere | Stockholm 2021
Oct 12 2025 01: +0,0.047,181,Sticker | Natus Vincere | Stockholm 2021
Oct 13 2025 01: +0,0.043,161,Sticker | Natus Vincere | Stockholm 2021
Oct 14 2025 01: +0,0.045,198,Sticker | Natus Vincere | Stockholm 2021
Oct 15 2025 01: +0,0.044,224,Sticker | Natus Vincere | Stockholm 2021
Oct 16 2025 01: +0,0.047,98,Sticker | Natus Vincere | Stockholm 2021
Oct 17 2025 01: +0,0.045,211,Sticker | Natus Vincere | Stockholm 2021
Oct 18 2025 01: +0,0.047,211,Sticker | Natus Vincere | Stockholm 2021
Oct 19 2025 01: +0,0.051,155,Sticker | Natus Vincere | Stockholm 2021
Oct 20 2025 01: +0,0.047,96,Sticker | Natus Vincere | Stockholm 2021
Oct 21 2025 01: +0,0.045,353,Sticker | Natus Vincere | Stockholm 2021
Oct 22 2025 01: +0,0.048,131,Sticker | Natus Vincere | Stockholm 2021
Oct 23 2025 01: +0,0.041,1006,Sticker | Natus Vincere | Stockholm 2021
Oct 24 2025 01: +0,0.041,465,Sticker | Natus Vincere | Stockholm 2021
Oct 25 2025 01: +0,0.045,460,Sticker | Natus Vincere | Stockholm 2021
Oct 26 2025 01: +0,0.05,502,Sticker | Natus Vincere | Stockholm 2021
Oct 27 2025 01: +0,0.053,487,Sticker | Natus Vincere | Stockholm 2021
Oct 28 2025 01: +0,0.047,265,Sticker | Natus Vincere | Stockholm 2021
Oct 29 2025 01: +0,0.041,196,Sticker | Natus Vincere | Stockholm 2021
Oct 30 2025 01: +0,0.048,343,Sticker | Natus Vincere | Stockholm 2021
Oct 31 2025 01: +0,0.042,288,Sticker | Natus Vincere | Stockholm 2021
Nov 01 2025 01: +0,0.042,238,Sticker | Natus Vincere | Stockholm 2021
Nov 02 2025 01: +0,0.04,303,Sticker | Natus Vincere | Stockholm 2021
Nov 03 2025 01: +0,0.043,226,Sticker | Natus Vincere | Stockholm 2021
Nov 04 2025 01: +0,0.049,183,Sticker | Natus Vincere | Stockholm 2021
Nov 05 2025 01: +0,0.051,203,Sticker | Natus Vincere | Stockholm 2021
Nov 06 2025 01: +0,0.053,219,Sticker | Natus Vincere | Stockholm 2021
Nov 07 2025 01: +0,0.052,180,Sticker | Natus Vincere | Stockholm 2021
Nov 08 2025 01: +0,0.048,208,Sticker | Natus Vincere | Stockholm 2021
Nov 09 2025 01: +0,0.05,233,Sticker | Natus Vincere | Stockholm 2021
Nov 10 2025 01: +0,0.048,193,Sticker | Natus Vincere | Stockholm 2021
Nov 11 2025 01: +0,0.047,261,Sticker | Natus Vincere | Stockholm 2021
Nov 12 2025 01: +0,0.051,506,Sticker | Natus Vincere | Stockholm 2021
Nov 13 2025 01: +0,0.054,273,Sticker | Natus Vincere | Stockholm 2021
Nov 14 2025 01: +0,0.047,208,Sticker | Natus Vincere | Stockholm 2021
Nov 15 2025 01: +0,0.048,216,Sticker | Natus Vincere | Stockholm 2021
Nov 16 2025 01: +0,0.047,505,Sticker | Natus Vincere | Stockholm 2021
Nov 17 2025 01: +0,0.06,199,Sticker | Natus Vincere | Stockholm 2021
Nov 18 2025 01: +0,0.052,211,Sticker | Natus Vincere | Stockholm 2021
Nov 19 2025 01: +0,0.054,224,Sticker | Natus Vincere | Stockholm 2021
Nov 20 2025 01: +0,0.058,126,Sticker | Natus Vincere | Stockholm 2021
Nov 21 2025 01: +0,0.056,192,Sticker | Natus Vincere | Stockholm 2021
Nov 22 2025 01: +0,0.055,142,Sticker | Natus Vincere | Stockholm 2021
Nov 23 2025 01: +0,0.055,285,Sticker | Natus Vincere | Stockholm 2021
Nov 24 2025 01: +0,0.061,152,Sticker | Natus Vincere | Stockholm 2021
Nov 25 2025 01: +0,0.055,68,Sticker | Natus Vincere | Stockholm 2021
Nov 26 2025 01: +0,0.05,122,Sticker | Natus Vincere | Stockholm 2021
Nov 27 2025 01: +0,0.058,134,Sticker | Natus Vincere | Stockholm 2021
Nov 28 2025 01: +0,0.057,135,Sticker | Natus Vincere | Stockholm 2021
Nov 29 2025 01: +0,0.056,174,Sticker | Natus Vincere | Stockholm 2021
Nov 30 2025 01: +0,0.06,1121,Sticker | Natus Vincere | Stockholm 2021
Dec 01 2025 01: +0,0.057,224,Sticker | Natus Vincere | Stockholm 2021
Dec 02 2025 01: +0,0.062,200,Sticker | Natus Vincere | Stockholm 2021
Dec 03 2025 01: +0,0.055,165,Sticker | Natus Vincere | Stockholm 2021
Dec 04 2025 01: +0,0.058,98,Sticker | Natus Vincere | Stockholm 2021
Dec 05 2025 01: +0,0.065,151,Sticker | Natus Vincere | Stockholm 2021
Dec 06 2025 01: +0,0.074,234,Sticker | Natus Vincere | Stockholm 2021
Dec 07 2025 01: +0,0.073,105,Sticker | Natus Vincere | Stockholm 2021
Dec 08 2025 01: +0,0.071,99,Sticker | Natus Vincere | Stockholm 2021
Dec 09 2025 01: +0,0.061,83,Sticker | Natus Vincere | Stockholm 2021
Dec 10 2025 01: +0,0.068,79,Sticker | Natus Vincere | Stockholm 2021
Dec 11 2025 01: +0,0.075,247,Sticker | Natus Vincere | Stockholm 2021
Dec 12 2025 01: +0,0.069,128,Sticker | Natus Vincere | Stockholm 2021
Dec 13 2025 01: +0,0.076,206,Sticker | Natus Vincere | Stockholm 2021
Dec 14 2025 01: +0,0.069,141,Sticker | Natus Vincere | Stockholm 2021
Dec 15 2025 01: +0,0.072,198,Sticker | Natus Vincere | Stockholm 2021
Dec 16 2025 01: +0,0.069,625,Sticker | Natus Vincere | Stockholm 2021
Dec 17 2025 01: +0,0.07,131,Sticker | Natus Vincere | Stockholm 2021
Dec 18 2025 01: +0,0.064,148,Sticker | Natus Vincere | Stockholm 2021
Dec 19 2025 01: +0,0.063,597,Sticker | Natus Vincere | Stockholm 2021
Dec 20 2025 01: +0,0.06,108,Sticker | Natus Vincere | Stockholm 2021
Dec 21 2025 01: +0,0.061,117,Sticker | Natus Vincere | Stockholm 2021
Dec 22 2025 01: +0,0.071,176,Sticker | Natus Vincere | Stockholm 2021
Dec 23 2025 01: +0,0.06,74,Sticker | Natus Vincere | Stockholm 2021
Dec 24 2025 01: +0,0.062,113,Sticker | Natus Vincere | Stockholm 2021
Dec 25 2025 01: +0,0.064,123,Sticker | Natus Vincere | Stockholm 2021
Dec 26 2025 01: +0,0.072,308,Sticker | Natus Vincere | Stockholm 2021
Dec 27 2025 01: +0,0.065,108,Sticker | Natus Vincere | Stockholm 2021
Dec 28 2025 01: +0,0.062,114,Sticker | Natus Vincere | Stockholm 2021
Dec 29 2025 01: +0,0.061,88,Sticker | Natus Vincere | Stockholm 2021
Dec 30 2025 01: +0,0.062,116,Sticker | Natus Vincere | Stockholm 2021
Dec 31 2025 01: +0,0.063,187,Sticker | Natus Vincere | Stockholm 2021
Jan 01 2026 01: +0,0.059,80,Sticker | Natus Vincere | Stockholm 2021
Jan 02 2026 01: +0,0.065,107,Sticker | Natus Vincere | Stockholm 2021
Jan 03 2026 01: +0,0.063,179,Sticker | Natus Vincere | Stockholm 2021
Jan 04 2026 01: +0,0.067,139,Sticker | Natus Vincere | Stockholm 2021
Jan 05 2026 01: +0,0.058,259,Sticker | Natus Vincere | Stockholm 2021
Jan 06 2026 01: +0,0.059,122,Sticker | Natus Vincere | Stockholm 2021
Jan 07 2026 01: +0,0.061,206,Sticker | Natus Vincere | Stockholm 2021
Jan 08 2026 01: +0,0.06,138,Sticker | Natus Vincere | Stockholm 2021
Jan 09 2026 01: +0,0.062,397,Sticker | Natus Vincere | Stockholm 2021
Jan 10 2026 01: +0,0.061,427,Sticker | Natus Vincere | Stockholm 2021
Jan 11 2026 01: +0,0.067,126,Sticker | Natus Vincere | Stockholm 2021
Jan 12 2026 01: +0,0.068,101,Sticker | Natus Vincere | Stockholm 2021
Jan 13 2026 01: +0,0.062,46,Sticker | Natus Vincere | Stockholm 2021
Jan 14 2026 01: +0,0.068,111,Sticker | Natus Vincere | Stockholm 2021
Jan 15 2026 01: +0,0.067,502,Sticker | Natus Vincere | Stockholm 2021
Jan 16 2026 01: +0,0.067,130,Sticker | Natus Vincere | Stockholm 2021
Jan 17 2026 01: +0,0.07,136,Sticker | Natus Vincere | Stockholm 2021
Jan 18 2026 01: +0,0.067,127,Sticker | Natus Vincere | Stockholm 2021
Jan 19 2026 01: +0,0.064,136,Sticker | Natus Vincere | Stockholm 2021
Jan 20 2026 01: +0,0.06,80,Sticker | Natus Vincere | Stockholm 2021
Jan 21 2026 01: +0,0.064,136,Sticker | Natus Vincere | Stockholm 2021
Jan 22 2026 01: +0,0.059,137,Sticker | Natus Vincere | Stockholm 2021
Jan 23 2026 01: +0,0.06,99,Sticker | Natus Vincere | Stockholm 2021
Jan 24 2026 01: +0,0.056,139,Sticker | Natus Vincere | Stockholm 2021
Jan 25 2026 01: +0,0.068,116,Sticker | Natus Vincere | Stockholm 2021
Jan 26 2026 01: +0,0.067,116,Sticker | Natus Vincere | Stockholm 2021
Jan 27 2026 01: +0,0.058,115,Sticker | Natus Vincere | Stockholm 2021
Jan 28 2026 01: +0,0.053,184,Sticker | Natus Vincere | Stockholm 2021
Jan 29 2026 01: +0,0.053,147,Sticker | Natus Vincere | Stockholm 2021
Jan 30 2026 01: +0,0.051,201,Sticker | Natus Vincere | Stockholm 2021
Jan 31 2026 01: +0,0.061,270,Sticker | Natus Vincere | Stockholm 2021
Feb 01 2026 01: +0,0.069,170,Sticker | Natus Vincere | Stockholm 2021
Feb 02 2026 01: +0,0.071,189,Sticker | Natus Vincere | Stockholm 2021
Feb 03 2026 01: +0,0.065,90,Sticker | Natus Vincere | Stockholm 2021
Feb 04 2026 01: +0,0.065,119,Sticker | Natus Vincere | Stockholm 2021
Feb 05 2026 01: +0,0.061,92,Sticker | Natus Vincere | Stockholm 2021
Feb 06 2026 01: +0,0.07,120,Sticker | Natus Vincere | Stockholm 2021
Feb 07 2026 01: +0,0.067,146,Sticker | Natus Vincere | Stockholm 2021
Feb 08 2026 01: +0,0.066,108,Sticker | Natus Vincere | Stockholm 2021
Feb 09 2026 01: +0,0.067,79,Sticker | Natus Vincere | Stockholm 2021
Feb 10 2026 01: +0,0.063,312,Sticker | Natus Vincere | Stockholm 2021
Feb 11 2026 01: +0,0.062,87,Sticker | Natus Vincere | Stockholm 2021
Feb 12 2026 01: +0,0.058,135,Sticker | Natus Vincere | Stockholm 2021
Feb 13 2026 01: +0,0.07,139,Sticker | Natus Vincere | Stockholm 2021
Feb 14 2026 01: +0,0.061,93,Sticker | Natus Vincere | Stockholm 2021
Feb 15 2026 01: +0,0.067,134,Sticker | Natus Vincere | Stockholm 2021
Feb 16 2026 01: +0,0.065,170,Sticker | Natus Vincere | Stockholm 2021
Feb 17 2026 01: +0,0.065,92,Sticker | Natus Vincere | Stockholm 2021
Feb 18 2026 01: +0,0.061,97,Sticker | Natus Vincere | Stockholm 2021
Feb 19 2026 01: +0,0.072,125,Sticker | Natus Vincere | Stockholm 2021
Feb 20 2026 01: +0,0.067,95,Sticker | Natus Vincere | Stockholm 2021
Feb 21 2026 01: +0,0.069,108,Sticker | Natus Vincere | Stockholm 2021
Feb 22 2026 01: +0,0.064,154,Sticker | Natus Vincere | Stockholm 2021
Feb 23 2026 01: +0,0.067,297,Sticker | Natus Vincere | Stockholm 2021
Feb 24 2026 01: +0,0.069,173,Sticker | Natus Vincere | Stockholm 2021
Feb 25 2026 01: +0,0.068,115,Sticker | Natus Vincere | Stockholm 2021
Feb 26 2026 01: +0,0.067,136,Sticker | Natus Vincere | Stockholm 2021
Feb 27 2026 01: +0,0.069,146,Sticker | Natus Vincere | Stockholm 2021
Feb 28 2026 01: +0,0.057,132,Sticker | Natus Vincere | Stockholm 2021
Mar 01 2026 01: +0,0.068,90,Sticker | Natus Vincere | Stockholm 2021
Mar 02 2026 01: +0,0.067,199,Sticker | Natus Vincere | Stockholm 2021
Mar 03 2026 01: +0,0.074,106,Sticker | Natus Vincere | Stockholm 2021
Mar 04 2026 01: +0,0.068,71,Sticker | Natus Vincere | Stockholm 2021
Mar 05 2026 01: +0,0.066,74,Sticker | Natus Vincere | Stockholm 2021
Mar 06 2026 01: +0,0.062,139,Sticker | Natus Vincere | Stockholm 2021
Mar 07 2026 01: +0,0.07,141,Sticker | Natus Vincere | Stockholm 2021
Mar 08 2026 01: +0,0.066,103,Sticker | Natus Vincere | Stockholm 2021
Mar 09 2026 01: +0,0.062,72,Sticker | Natus Vincere | Stockholm 2021
Mar 10 2026 01: +0,0.06,111,Sticker | Natus Vincere | Stockholm 2021
Mar 11 2026 01: +0,0.057,137,Sticker | Natus Vincere | Stockholm 2021
Mar 12 2026 01: +0,0.057,197,Sticker | Natus Vincere | Stockholm 2021
Mar 13 2026 01: +0,0.056,158,Sticker | Natus Vincere | Stockholm 2021
Mar 14 2026 01: +0,0.062,484,Sticker | Natus Vincere | Stockholm 2021
Mar 15 2026 01: +0,0.064,168,Sticker | Natus Vincere | Stockholm 2021
Mar 16 2026 01: +0,0.064,265,Sticker | Natus Vincere | Stockholm 2021
Mar 17 2026 01: +0,0.063,265,Sticker | Natus Vincere | Stockholm 2021
Mar 18 2026 01: +0,0.069,332,Sticker | Natus Vincere | Stockholm 2021
Mar 19 2026 01: +0,0.069,188,Sticker | Natus Vincere | Stockholm 2021
Mar 20 2026 01: +0,0.075,154,Sticker | Natus Vincere | Stockholm 2021
Mar 21 2026 01: +0,0.059,136,Sticker | Natus Vincere | Stockholm 2021
Mar 22 2026 01: +0,0.068,307,Sticker | Natus Vincere | Stockholm 2021
Mar 23 2026 01: +0,0.074,63,Sticker | Natus Vincere | Stockholm 2021
Mar 24 2026 01: +0,0.061,68,Sticker | Natus Vincere | Stockholm 2021
Mar 25 2026 01: +0,0.061,127,Sticker | Natus Vincere | Stockholm 2021
Mar 26 2026 01: +0,0.076,91,Sticker | Natus Vincere | Stockholm 2021
Mar 27 2026 01: +0,0.076,170,Sticker | Natus Vincere | Stockholm 2021
Mar 28 2026 01: +0,0.079,99,Sticker | Natus Vincere | Stockholm 2021
Mar 29 2026 01: +0,0.073,71,Sticker | Natus Vincere | Stockholm 2021
Mar 30 2026 01: +0,0.072,83,Sticker | Natus Vincere | Stockholm 2021
Mar 31 2026 01: +0,0.071,93,Sticker | Natus Vincere | Stockholm 2021
Apr 01 2026 01: +0,0.07,119,Sticker | Natus Vincere | Stockholm 2021
Apr 02 2026 01: +0,0.075,137,Sticker | Natus Vincere | Stockholm 2021
Apr 03 2026 01: +0,0.072,128,Sticker | Natus Vincere | Stockholm 2021
Apr 04 2026 01: +0,0.071,130,Sticker | Natus Vincere | Stockholm 2021
Apr 05 2026 01: +0,0.07,142,Sticker | Natus Vincere | Stockholm 2021
Apr 06 2026 01: +0,0.071,63,Sticker | Natus Vincere | Stockholm 2021
Apr 07 2026 01: +0,0.077,98,Sticker | Natus Vincere | Stockholm 2021
Apr 08 2026 01: +0,0.068,103,Sticker | Natus Vincere | Stockholm 2021
Apr 09 2026 01: +0,0.076,307,Sticker | Natus Vincere | Stockholm 2021
Apr 10 2026 01: +0,0.08,96,Sticker | Natus Vincere | Stockholm 2021
Apr 11 2026 01: +0,0.085,134,Sticker | Natus Vincere | Stockholm 2021
Apr 12 2026 01: +0,0.076,45,Sticker | Natus Vincere | Stockholm 2021
Apr 12 2026 14: +0,0.068,3,Sticker | Natus Vincere | Stockholm 2021
Apr 12 2026 15: +0,0.068,16,Sticker | Natus Vincere | Stockholm 2021
Apr 12 2026 18: +0,0.068,5,Sticker | Natus Vincere | Stockholm 2021
Apr 12 2026 20: +0,0.08,6,Sticker | Natus Vincere | Stockholm 2021
Apr 12 2026 21: +0,0.07,1,Sticker | Natus Vincere | Stockholm 2021
Apr 12 2026 22: +0,0.08,4,Sticker | Natus Vincere | Stockholm 2021
Apr 12 2026 23: +0,0.071,2,Sticker | Natus Vincere | Stockholm 2021
Apr 13 2026 00: +0,0.08,4,Sticker | Natus Vincere | Stockholm 2021
Apr 13 2026 01: +0,0.08,41,Sticker | Natus Vincere | Stockholm 2021
Apr 13 2026 03: +0,0.051,1,Sticker | Natus Vincere | Stockholm 2021
Apr 13 2026 04: +0,0.059,4,Sticker | Natus Vincere | Stockholm 2021
Apr 13 2026 05: +0,0.057,2,Sticker | Natus Vincere | Stockholm 2021
Apr 13 2026 06: +0,0.058,8,Sticker | Natus Vincere | Stockholm 2021
Apr 13 2026 07: +0,0.059,5,Sticker | Natus Vincere | Stockholm 2021
Apr 13 2026 08: +0,0.057,1,Sticker | Natus Vincere | Stockholm 2021
Apr 13 2026 09: +0,0.057,4,Sticker | Natus Vincere | Stockholm 2021
Apr 13 2026 10: +0,0.059,6,Sticker | Natus Vincere | Stockholm 2021
Apr 13 2026 11: +0,0.098,7,Sticker | Natus Vincere | Stockholm 2021
Apr 13 2026 12: +0,0.068,10,Sticker | Natus Vincere | Stockholm 2021
Apr 13 2026 13: +0,0.059,9,Sticker | Natus Vincere | Stockholm 2021
Apr 13 2026 14: +0,0.059,10,Sticker | Natus Vincere | Stockholm 2021
Apr 13 2026 15: +0,0.058,4,Sticker | Natus Vincere | Stockholm 2021
Apr 13 2026 16: +0,0.059,3,Sticker | Natus Vincere | Stockholm 2021
Apr 13 2026 17: +0,0.069,8,Sticker | Natus Vincere | Stockholm 2021
Apr 13 2026 18: +0,0.076,15,Sticker | Natus Vincere | Stockholm 2021
Apr 13 2026 19: +0,0.08,6,Sticker | Natus Vincere | Stockholm 2021
Apr 13 2026 20: +0,0.08,5,Sticker | Natus Vincere | Stockholm 2021
Apr 13 2026 21: +0,0.086,15,Sticker | Natus Vincere | Stockholm 2021
Apr 13 2026 22: +0,0.082,8,Sticker | Natus Vincere | Stockholm 2021
Apr 13 2026 23: +0,0.068,1,Sticker | Natus Vincere | Stockholm 2021
Apr 14 2026 00: +0,0.059,1,Sticker | Natus Vincere | Stockholm 2021
Apr 14 2026 02: +0,0.059,1,Sticker | Natus Vincere | Stockholm 2021
Apr 14 2026 06: +0,0.068,13,Sticker | Natus Vincere | Stockholm 2021
Apr 14 2026 07: +0,0.087,2,Sticker | Natus Vincere | Stockholm 2021
Apr 14 2026 09: +0,0.08,9,Sticker | Natus Vincere | Stockholm 2021
Apr 14 2026 10: +0,0.073,2,Sticker | Natus Vincere | Stockholm 2021
Apr 14 2026 11: +0,0.068,3,Sticker | Natus Vincere | Stockholm 2021
Apr 14 2026 12: +0,0.051,26,Sticker | Natus Vincere | Stockholm 2021
Apr 14 2026 13: +0,0.08,9,Sticker | Natus Vincere | Stockholm 2021
Apr 14 2026 14: +0,0.082,5,Sticker | Natus Vincere | Stockholm 2021
Apr 14 2026 15: +0,0.089,7,Sticker | Natus Vincere | Stockholm 2021
Apr 14 2026 16: +0,0.097,2,Sticker | Natus Vincere | Stockholm 2021
Apr 14 2026 17: +0,0.077,3,Sticker | Natus Vincere | Stockholm 2021
Apr 14 2026 18: +0,0.07,1,Sticker | Natus Vincere | Stockholm 2021
Apr 14 2026 19: +0,0.089,4,Sticker | Natus Vincere | Stockholm 2021
Apr 14 2026 20: +0,0.078,2,Sticker | Natus Vincere | Stockholm 2021
Apr 14 2026 21: +0,0.08,1,Sticker | Natus Vincere | Stockholm 2021
Apr 14 2026 23: +0,0.071,2,Sticker | Natus Vincere | Stockholm 2021
Apr 15 2026 01: +0,0.076,5,Sticker | Natus Vincere | Stockholm 2021
Apr 15 2026 02: +0,0.076,1,Sticker | Natus Vincere | Stockholm 2021
Apr 15 2026 04: +0,0.074,1,Sticker | Natus Vincere | Stockholm 2021
Apr 15 2026 08: +0,0.077,6,Sticker | Natus Vincere | Stockholm 2021
Apr 15 2026 09: +0,0.08,2,Sticker | Natus Vincere | Stockholm 2021
Apr 15 2026 10: +0,0.09,14,Sticker | Natus Vincere | Stockholm 2021
Apr 15 2026 12: +0,0.078,12,Sticker | Natus Vincere | Stockholm 2021
Apr 15 2026 14: +0,0.078,19,Sticker | Natus Vincere | Stockholm 2021
Apr 15 2026 15: +0,0.078,7,Sticker | Natus Vincere | Stockholm 2021
Apr 15 2026 16: +0,0.078,4,Sticker | Natus Vincere | Stockholm 2021
Apr 15 2026 17: +0,0.077,8,Sticker | Natus Vincere | Stockholm 2021
Apr 15 2026 18: +0,0.076,4,Sticker | Natus Vincere | Stockholm 2021
Apr 15 2026 19: +0,0.067,12,Sticker | Natus Vincere | Stockholm 2021
Apr 15 2026 20: +0,0.06,8,Sticker | Natus Vincere | Stockholm 2021
Apr 15 2026 21: +0,0.059,8,Sticker | Natus Vincere | Stockholm 2021
Apr 15 2026 22: +0,0.076,2,Sticker | Natus Vincere | Stockholm 2021
Apr 15 2026 23: +0,0.051,6,Sticker | Natus Vincere | Stockholm 2021
Apr 16 2026 00: +0,0.06,11,Sticker | Natus Vincere | Stockholm 2021
Apr 16 2026 01: +0,0.057,6,Sticker | Natus Vincere | Stockholm 2021
Apr 16 2026 02: +0,0.078,4,Sticker | Natus Vincere | Stockholm 2021
Apr 16 2026 04: +0,0.078,3,Sticker | Natus Vincere | Stockholm 2021
Apr 16 2026 06: +0,0.117,1,Sticker | Natus Vincere | Stockholm 2021
Apr 16 2026 08: +0,0.09,7,Sticker | Natus Vincere | Stockholm 2021
Apr 16 2026 09: +0,0.076,13,Sticker | Natus Vincere | Stockholm 2021
Apr 16 2026 10: +0,0.076,11,Sticker | Natus Vincere | Stockholm 2021
Apr 16 2026 12: +0,0.063,1,Sticker | Natus Vincere | Stockholm 2021
Apr 16 2026 13: +0,0.054,10,Sticker | Natus Vincere | Stockholm 2021
Apr 16 2026 14: +0,0.068,11,Sticker | Natus Vincere | Stockholm 2021
Apr 16 2026 15: +0,0.08,6,Sticker | Natus Vincere | Stockholm 2021
Apr 16 2026 16: +0,0.053,1,Sticker | Natus Vincere | Stockholm 2021
Apr 16 2026 18: +0,0.071,8,Sticker | Natus Vincere | Stockholm 2021
Apr 16 2026 19: +0,0.067,9,Sticker | Natus Vincere | Stockholm 2021
Apr 16 2026 20: +0,0.063,1,Sticker | Natus Vincere | Stockholm 2021
Apr 16 2026 21: +0,0.097,7,Sticker | Natus Vincere | Stockholm 2021
Apr 16 2026 22: +0,0.097,9,Sticker | Natus Vincere | Stockholm 2021
Apr 16 2026 23: +0,0.052,1,Sticker | Natus Vincere | Stockholm 2021
Apr 17 2026 00: +0,0.081,4,Sticker | Natus Vincere | Stockholm 2021
Apr 17 2026 01: +0,0.085,4,Sticker | Natus Vincere | Stockholm 2021
Apr 17 2026 04: +0,0.085,1,Sticker | Natus Vincere | Stockholm 2021
Apr 17 2026 08: +0,0.051,1,Sticker | Natus Vincere | Stockholm 2021
Apr 17 2026 09: +0,0.116,13,Sticker | Natus Vincere | Stockholm 2021
Apr 17 2026 10: +0,0.116,7,Sticker | Natus Vincere | Stockholm 2021
Apr 17 2026 11: +0,0.116,12,Sticker | Natus Vincere | Stockholm 2021
Apr 17 2026 12: +0,0.079,7,Sticker | Natus Vincere | Stockholm 2021
Apr 17 2026 13: +0,0.088,8,Sticker | Natus Vincere | Stockholm 2021
Apr 17 2026 14: +0,0.079,1,Sticker | Natus Vincere | Stockholm 2021
Apr 17 2026 15: +0,0.116,7,Sticker | Natus Vincere | Stockholm 2021
Apr 17 2026 16: +0,0.116,6,Sticker | Natus Vincere | Stockholm 2021
Apr 17 2026 17: +0,0.084,4,Sticker | Natus Vincere | Stockholm 2021
Apr 17 2026 18: +0,0.08,8,Sticker | Natus Vincere | Stockholm 2021
Apr 17 2026 19: +0,0.078,4,Sticker | Natus Vincere | Stockholm 2021
Apr 17 2026 20: +0,0.079,11,Sticker | Natus Vincere | Stockholm 2021
Apr 17 2026 21: +0,0.081,11,Sticker | Natus Vincere | Stockholm 2021
Apr 17 2026 22: +0,0.085,3,Sticker | Natus Vincere | Stockholm 2021
Apr 17 2026 23: +0,0.085,7,Sticker | Natus Vincere | Stockholm 2021
Apr 18 2026 00: +0,0.09,5,Sticker | Natus Vincere | Stockholm 2021
Apr 18 2026 01: +0,0.116,3,Sticker | Natus Vincere | Stockholm 2021
Apr 18 2026 02: +0,0.078,1,Sticker | Natus Vincere | Stockholm 2021
Apr 18 2026 03: +0,0.075,4,Sticker | Natus Vincere | Stockholm 2021
Apr 18 2026 04: +0,0.067,6,Sticker | Natus Vincere | Stockholm 2021
Apr 18 2026 06: +0,0.068,4,Sticker | Natus Vincere | Stockholm 2021
Apr 18 2026 07: +0,0.074,1,Sticker | Natus Vincere | Stockholm 2021
Apr 18 2026 08: +0,0.086,2,Sticker | Natus Vincere | Stockholm 2021
Apr 18 2026 09: +0,0.116,1,Sticker | Natus Vincere | Stockholm 2021
Apr 18 2026 11: +0,0.085,1,Sticker | Natus Vincere | Stockholm 2021
Apr 18 2026 12: +0,0.06,1,Sticker | Natus Vincere | Stockholm 2021
Apr 18 2026 13: +0,0.03,3,Sticker | Natus Vincere | Stockholm 2021
Apr 18 2026 15: +0,0.079,12,Sticker | Natus Vincere | Stockholm 2021
Apr 18 2026 16: +0,0.09,14,Sticker | Natus Vincere | Stockholm 2021
Apr 18 2026 17: +0,0.09,14,Sticker | Natus Vincere | Stockholm 2021
Apr 18 2026 18: +0,0.08,7,Sticker | Natus Vincere | Stockholm 2021
Apr 18 2026 19: +0,0.061,11,Sticker | Natus Vincere | Stockholm 2021
Apr 18 2026 20: +0,0.116,7,Sticker | Natus Vincere | Stockholm 2021
Apr 18 2026 21: +0,0.08,3,Sticker | Natus Vincere | Stockholm 2021
Apr 18 2026 23: +0,0.058,2,Sticker | Natus Vincere | Stockholm 2021
Apr 19 2026 00: +0,0.07,4,Sticker | Natus Vincere | Stockholm 2021
Apr 19 2026 01: +0,0.075,2,Sticker | Natus Vincere | Stockholm 2021
Apr 19 2026 02: +0,0.073,1,Sticker | Natus Vincere | Stockholm 2021
Apr 19 2026 03: +0,0.074,1,Sticker | Natus Vincere | Stockholm 2021
Apr 19 2026 08: +0,0.051,1,Sticker | Natus Vincere | Stockholm 2021
Apr 19 2026 09: +0,0.075,4,Sticker | Natus Vincere | Stockholm 2021
Apr 19 2026 11: +0,0.08,16,Sticker | Natus Vincere | Stockholm 2021
Apr 19 2026 12: +0,0.073,2,Sticker | Natus Vincere | Stockholm 2021
Apr 19 2026 13: +0,0.073,9,Sticker | Natus Vincere | Stockholm 2021
Apr 19 2026 14: +0,0.073,4,Sticker | Natus Vincere | Stockholm 2021
Apr 19 2026 15: +0,0.056,11,Sticker | Natus Vincere | Stockholm 2021
Apr 19 2026 16: +0,0.073,5,Sticker | Natus Vincere | Stockholm 2021
Apr 19 2026 17: +0,0.096,6,Sticker | Natus Vincere | Stockholm 2021
Apr 19 2026 18: +0,0.073,9,Sticker | Natus Vincere | Stockholm 2021
Apr 19 2026 19: +0,0.074,5,Sticker | Natus Vincere | Stockholm 2021
Apr 19 2026 20: +0,0.08,15,Sticker | Natus Vincere | Stockholm 2021
Apr 19 2026 21: +0,0.06,5,Sticker | Natus Vincere | Stockholm 2021
Apr 19 2026 22: +0,0.077,2,Sticker | Natus Vincere | Stockholm 2021
Apr 19 2026 23: +0,0.096,1,Sticker | Natus Vincere | Stockholm 2021
Apr 20 2026 00: +0,0.055,2,Sticker | Natus Vincere | Stockholm 2021
Apr 20 2026 01: +0,0.051,3,Sticker | Natus Vincere | Stockholm 2021
Apr 20 2026 03: +0,0.059,1,Sticker | Natus Vincere | Stockholm 2021
Apr 20 2026 05: +0,0.096,4,Sticker | Natus Vincere | Stockholm 2021
Apr 20 2026 08: +0,0.06,2,Sticker | Natus Vincere | Stockholm 2021
Apr 20 2026 09: +0,0.055,4,Sticker | Natus Vincere | Stockholm 2021
Apr 20 2026 10: +0,0.051,4,Sticker | Natus Vincere | Stockholm 2021
Apr 20 2026 11: +0,0.06,9,Sticker | Natus Vincere | Stockholm 2021
Apr 20 2026 12: +0,0.06,3,Sticker | Natus Vincere | Stockholm 2021
Apr 20 2026 13: +0,0.076,1,Sticker | Natus Vincere | Stockholm 2021
Apr 20 2026 14: +0,0.065,2,Sticker | Natus Vincere | Stockholm 2021
Apr 20 2026 15: +0,0.096,1,Sticker | Natus Vincere | Stockholm 2021
Apr 20 2026 16: +0,0.066,4,Sticker | Natus Vincere | Stockholm 2021
Apr 20 2026 17: +0,0.069,4,Sticker | Natus Vincere | Stockholm 2021
Apr 20 2026 18: +0,0.067,3,Sticker | Natus Vincere | Stockholm 2021
Apr 20 2026 19: +0,0.079,4,Sticker | Natus Vincere | Stockholm 2021
Apr 20 2026 20: +0,0.068,18,Sticker | Natus Vincere | Stockholm 2021
Apr 20 2026 21: +0,0.072,2,Sticker | Natus Vincere | Stockholm 2021
Apr 20 2026 23: +0,0.08,1,Sticker | Natus Vincere | Stockholm 2021
Apr 21 2026 00: +0,0.076,2,Sticker | Natus Vincere | Stockholm 2021
Apr 21 2026 03: +0,0.073,3,Sticker | Natus Vincere | Stockholm 2021
Apr 21 2026 04: +0,0.068,1,Sticker | Natus Vincere | Stockholm 2021
Apr 21 2026 06: +0,0.076,1,Sticker | Natus Vincere | Stockholm 2021
Apr 21 2026 09: +0,0.059,1,Sticker | Natus Vincere | Stockholm 2021
Apr 21 2026 10: +0,0.052,8,Sticker | Natus Vincere | Stockholm 2021
Apr 21 2026 11: +0,0.059,5,Sticker | Natus Vincere | Stockholm 2021
Apr 21 2026 12: +0,0.067,8,Sticker | Natus Vincere | Stockholm 2021
Apr 21 2026 13: +0,0.08,8,Sticker | Natus Vincere | Stockholm 2021
Apr 21 2026 14: +0,0.073,1,Sticker | Natus Vincere | Stockholm 2021
Apr 21 2026 15: +0,0.096,3,Sticker | Natus Vincere | Stockholm 2021
Apr 21 2026 16: +0,0.073,1,Sticker | Natus Vincere | Stockholm 2021
Apr 21 2026 17: +0,0.073,4,Sticker | Natus Vincere | Stockholm 2021
Apr 21 2026 18: +0,0.071,14,Sticker | Natus Vincere | Stockholm 2021
Apr 21 2026 19: +0,0.096,12,Sticker | Natus Vincere | Stockholm 2021
Apr 21 2026 20: +0,0.075,7,Sticker | Natus Vincere | Stockholm 2021
Apr 21 2026 21: +0,0.057,4,Sticker | Natus Vincere | Stockholm 2021
Apr 21 2026 22: +0,0.055,3,Sticker | Natus Vincere | Stockholm 2021
Apr 22 2026 02: +0,0.081,142,Sticker | Natus Vincere | Stockholm 2021
Apr 22 2026 03: +0,0.085,5,Sticker | Natus Vincere | Stockholm 2021
Apr 22 2026 04: +0,0.115,7,Sticker | Natus Vincere | Stockholm 2021
Apr 22 2026 05: +0,0.085,2,Sticker | Natus Vincere | Stockholm 2021
Apr 22 2026 06: +0,0.081,5,Sticker | Natus Vincere | Stockholm 2021
Apr 22 2026 07: +0,0.097,1,Sticker | Natus Vincere | Stockholm 2021
Apr 22 2026 09: +0,0.081,6,Sticker | Natus Vincere | Stockholm 2021
Apr 22 2026 10: +0,0.05,19,Sticker | Natus Vincere | Stockholm 2021
Apr 22 2026 12: +0,0.085,3,Sticker | Natus Vincere | Stockholm 2021
Apr 22 2026 13: +0,0.082,2,Sticker | Natus Vincere | Stockholm 2021
Apr 22 2026 14: +0,0.102,2,Sticker | Natus Vincere | Stockholm 2021
Apr 22 2026 15: +0,0.085,3,Sticker | Natus Vincere | Stockholm 2021
Apr 22 2026 16: +0,0.08,1,Sticker | Natus Vincere | Stockholm 2021
Apr 22 2026 17: +0,0.09,11,Sticker | Natus Vincere | Stockholm 2021
Apr 22 2026 18: +0,0.084,5,Sticker | Natus Vincere | Stockholm 2021
Apr 22 2026 19: +0,0.085,6,Sticker | Natus Vincere | Stockholm 2021
Apr 22 2026 21: +0,0.085,3,Sticker | Natus Vincere | Stockholm 2021
Apr 22 2026 22: +0,0.072,2,Sticker | Natus Vincere | Stockholm 2021
Apr 23 2026 00: +0,0.059,2,Sticker | Natus Vincere | Stockholm 2021
Apr 23 2026 01: +0,0.097,7,Sticker | Natus Vincere | Stockholm 2021
Apr 23 2026 05: +0,0.078,7,Sticker | Natus Vincere | Stockholm 2021
Apr 23 2026 06: +0,0.08,1,Sticker | Natus Vincere | Stockholm 2021
Apr 23 2026 07: +0,0.076,8,Sticker | Natus Vincere | Stockholm 2021
Apr 23 2026 08: +0,0.116,11,Sticker | Natus Vincere | Stockholm 2021
Apr 23 2026 09: +0,0.079,5,Sticker | Natus Vincere | Stockholm 2021
Apr 23 2026 10: +0,0.079,5,Sticker | Natus Vincere | Stockholm 2021
Apr 23 2026 11: +0,0.08,4,Sticker | Natus Vincere | Stockholm 2021
Apr 23 2026 12: +0,0.07,1,Sticker | Natus Vincere | Stockholm 2021
Apr 23 2026 13: +0,0.068,3,Sticker | Natus Vincere | Stockholm 2021
Apr 23 2026 14: +0,0.059,5,Sticker | Natus Vincere | Stockholm 2021
Apr 23 2026 15: +0,0.077,7,Sticker | Natus Vincere | Stockholm 2021
Apr 23 2026 16: +0,0.089,3,Sticker | Natus Vincere | Stockholm 2021
Apr 23 2026 17: +0,0.087,6,Sticker | Natus Vincere | Stockholm 2021
Apr 23 2026 18: +0,0.069,3,Sticker | Natus Vincere | Stockholm 2021
Apr 23 2026 19: +0,0.116,27,Sticker | Natus Vincere | Stockholm 2021
Apr 23 2026 20: +0,0.093,5,Sticker | Natus Vincere | Stockholm 2021
Apr 23 2026 21: +0,0.082,2,Sticker | Natus Vincere | Stockholm 2021
Apr 23 2026 22: +0,0.083,6,Sticker | Natus Vincere | Stockholm 2021
Apr 23 2026 23: +0,0.08,2,Sticker | Natus Vincere | Stockholm 2021
Apr 24 2026 00: +0,0.071,3,Sticker | Natus Vincere | Stockholm 2021
Apr 24 2026 01: +0,0.059,2,Sticker | Natus Vincere | Stockholm 2021
Apr 24 2026 03: +0,0.077,49,Sticker | Natus Vincere | Stockholm 2021
Apr 24 2026 04: +0,0.079,2,Sticker | Natus Vincere | Stockholm 2021
Apr 24 2026 05: +0,0.087,61,Sticker | Natus Vincere | Stockholm 2021
Apr 24 2026 06: +0,0.093,7,Sticker | Natus Vincere | Stockholm 2021
Apr 24 2026 07: +0,0.091,7,Sticker | Natus Vincere | Stockholm 2021
Apr 24 2026 08: +0,0.09,12,Sticker | Natus Vincere | Stockholm 2021
Apr 24 2026 09: +0,0.116,4,Sticker | Natus Vincere | Stockholm 2021
Apr 24 2026 10: +0,0.091,1,Sticker | Natus Vincere | Stockholm 2021
Apr 24 2026 11: +0,0.085,2,Sticker | Natus Vincere | Stockholm 2021
Apr 24 2026 12: +0,0.079,20,Sticker | Natus Vincere | Stockholm 2021
Apr 24 2026 13: +0,0.082,4,Sticker | Natus Vincere | Stockholm 2021
Apr 24 2026 14: +0,0.073,4,Sticker | Natus Vincere | Stockholm 2021
Apr 24 2026 15: +0,0.077,11,Sticker | Natus Vincere | Stockholm 2021
Apr 24 2026 16: +0,0.089,3,Sticker | Natus Vincere | Stockholm 2021
Apr 24 2026 17: +0,0.059,3,Sticker | Natus Vincere | Stockholm 2021
Apr 24 2026 19: +0,0.089,11,Sticker | Natus Vincere | Stockholm 2021
Apr 24 2026 20: +0,0.089,26,Sticker | Natus Vincere | Stockholm 2021
Apr 24 2026 21: +0,0.076,3,Sticker | Natus Vincere | Stockholm 2021
Apr 24 2026 23: +0,0.079,3,Sticker | Natus Vincere | Stockholm 2021
Apr 25 2026 01: +0,0.077,1,Sticker | Natus Vincere | Stockholm 2021
Apr 25 2026 03: +0,0.074,2,Sticker | Natus Vincere | Stockholm 2021
Apr 25 2026 06: +0,0.078,1,Sticker | Natus Vincere | Stockholm 2021
Apr 25 2026 07: +0,0.088,8,Sticker | Natus Vincere | Stockholm 2021
Apr 25 2026 08: +0,0.095,2,Sticker | Natus Vincere | Stockholm 2021
Apr 25 2026 09: +0,0.089,3,Sticker | Natus Vincere | Stockholm 2021
Apr 25 2026 10: +0,0.079,4,Sticker | Natus Vincere | Stockholm 2021
Apr 25 2026 11: +0,0.07,9,Sticker | Natus Vincere | Stockholm 2021
Apr 25 2026 12: +0,0.09,12,Sticker | Natus Vincere | Stockholm 2021
Apr 25 2026 13: +0,0.089,11,Sticker | Natus Vincere | Stockholm 2021
Apr 25 2026 14: +0,0.116,8,Sticker | Natus Vincere | Stockholm 2021
Apr 25 2026 15: +0,0.078,1,Sticker | Natus Vincere | Stockholm 2021
Apr 25 2026 16: +0,0.059,4,Sticker | Natus Vincere | Stockholm 2021
Apr 25 2026 17: +0,0.069,5,Sticker | Natus Vincere | Stockholm 2021
Apr 25 2026 18: +0,0.096,9,Sticker | Natus Vincere | Stockholm 2021
Apr 25 2026 19: +0,0.079,4,Sticker | Natus Vincere | Stockholm 2021
Apr 25 2026 20: +0,0.079,4,Sticker | Natus Vincere | Stockholm 2021
Apr 25 2026 21: +0,0.089,4,Sticker | Natus Vincere | Stockholm 2021
Apr 25 2026 22: +0,0.085,10,Sticker | Natus Vincere | Stockholm 2021
Apr 26 2026 00: +0,0.065,3,Sticker | Natus Vincere | Stockholm 2021
Apr 26 2026 02: +0,0.086,5,Sticker | Natus Vincere | Stockholm 2021
Apr 26 2026 04: +0,0.085,3,Sticker | Natus Vincere | Stockholm 2021
Apr 26 2026 08: +0,0.101,2,Sticker | Natus Vincere | Stockholm 2021
Apr 26 2026 10: +0,0.086,12,Sticker | Natus Vincere | Stockholm 2021
Apr 26 2026 11: +0,0.089,6,Sticker | Natus Vincere | Stockholm 2021
Apr 26 2026 12: +0,0.116,1,Sticker | Natus Vincere | Stockholm 2021
Apr 26 2026 14: +0,0.099,5,Sticker | Natus Vincere | Stockholm 2021
Apr 26 2026 15: +0,0.113,4,Sticker | Natus Vincere | Stockholm 2021
Apr 26 2026 16: +0,0.06,5,Sticker | Natus Vincere | Stockholm 2021
Apr 26 2026 18: +0,0.059,4,Sticker | Natus Vincere | Stockholm 2021
Apr 26 2026 19: +0,0.07,5,Sticker | Natus Vincere | Stockholm 2021
Apr 26 2026 21: +0,0.088,2,Sticker | Natus Vincere | Stockholm 2021
Apr 26 2026 23: +0,0.059,9,Sticker | Natus Vincere | Stockholm 2021
Apr 27 2026 00: +0,0.059,1,Sticker | Natus Vincere | Stockholm 2021
Apr 27 2026 01: +0,0.066,13,Sticker | Natus Vincere | Stockholm 2021
Apr 27 2026 02: +0,0.059,6,Sticker | Natus Vincere | Stockholm 2021
Apr 27 2026 05: +0,0.065,1,Sticker | Natus Vincere | Stockholm 2021
Apr 27 2026 06: +0,0.042,1,Sticker | Natus Vincere | Stockholm 2021
Apr 27 2026 14: +0,0.064,1,Sticker | Natus Vincere | Stockholm 2021
Apr 27 2026 15: +0,0.059,3,Sticker | Natus Vincere | Stockholm 2021
Apr 27 2026 16: +0,0.059,1,Sticker | Natus Vincere | Stockholm 2021
Apr 27 2026 17: +0,0.066,1,Sticker | Natus Vincere | Stockholm 2021
Apr 27 2026 18: +0,0.064,7,Sticker | Natus Vincere | Stockholm 2021
Apr 27 2026 19: +0,0.066,5,Sticker | Natus Vincere | Stockholm 2021
Apr 27 2026 20: +0,0.066,6,Sticker | Natus Vincere | Stockholm 2021
Apr 27 2026 21: +0,0.066,6,Sticker | Natus Vincere | Stockholm 2021
Apr 27 2026 23: +0,0.064,2,Sticker | Natus Vincere | Stockholm 2021
Apr 28 2026 00: +0,0.067,4,Sticker | Natus Vincere | Stockholm 2021
Apr 28 2026 04: +0,0.067,2,Sticker | Natus Vincere | Stockholm 2021
Apr 28 2026 05: +0,0.075,2,Sticker | Natus Vincere | Stockholm 2021
Apr 28 2026 07: +0,0.076,4,Sticker | Natus Vincere | Stockholm 2021
Apr 28 2026 09: +0,0.085,2,Sticker | Natus Vincere | Stockholm 2021
Apr 28 2026 10: +0,0.07,5,Sticker | Natus Vincere | Stockholm 2021
Apr 28 2026 11: +0,0.075,17,Sticker | Natus Vincere | Stockholm 2021
Apr 28 2026 12: +0,0.079,3,Sticker | Natus Vincere | Stockholm 2021
Apr 28 2026 13: +0,0.115,14,Sticker | Natus Vincere | Stockholm 2021
Apr 28 2026 14: +0,0.075,6,Sticker | Natus Vincere | Stockholm 2021
Apr 28 2026 15: +0,0.092,11,Sticker | Natus Vincere | Stockholm 2021
Apr 28 2026 16: +0,0.09,9,Sticker | Natus Vincere | Stockholm 2021
Apr 28 2026 17: +0,0.091,10,Sticker | Natus Vincere | Stockholm 2021
Apr 28 2026 18: +0,0.087,1,Sticker | Natus Vincere | Stockholm 2021
Apr 28 2026 19: +0,0.082,4,Sticker | Natus Vincere | Stockholm 2021
Apr 28 2026 20: +0,0.092,4,Sticker | Natus Vincere | Stockholm 2021
Apr 28 2026 21: +0,0.089,4,Sticker | Natus Vincere | Stockholm 2021
Apr 28 2026 22: +0,0.115,6,Sticker | Natus Vincere | Stockholm 2021
Apr 29 2026 00: +0,0.093,1,Sticker | Natus Vincere | Stockholm 2021
Apr 29 2026 01: +0,0.113,4,Sticker | Natus Vincere | Stockholm 2021
Apr 29 2026 02: +0,0.08,1,Sticker | Natus Vincere | Stockholm 2021
Apr 29 2026 05: +0,0.086,1,Sticker | Natus Vincere | Stockholm 2021
Apr 29 2026 06: +0,0.059,1,Sticker | Natus Vincere | Stockholm 2021
Apr 29 2026 07: +0,0.088,1,Sticker | Natus Vincere | Stockholm 2021
Apr 29 2026 08: +0,0.089,3,Sticker | Natus Vincere | Stockholm 2021
Apr 29 2026 09: +0,0.089,15,Sticker | Natus Vincere | Stockholm 2021
Apr 29 2026 10: +0,0.073,6,Sticker | Natus Vincere | Stockholm 2021
Apr 29 2026 11: +0,0.078,2,Sticker | Natus Vincere | Stockholm 2021
Apr 29 2026 12: +0,0.087,4,Sticker | Natus Vincere | Stockholm 2021
Apr 29 2026 13: +0,0.08,1,Sticker | Natus Vincere | Stockholm 2021
Apr 29 2026 14: +0,0.087,6,Sticker | Natus Vincere | Stockholm 2021
Apr 29 2026 15: +0,0.093,2,Sticker | Natus Vincere | Stockholm 2021
Apr 29 2026 16: +0,0.089,1,Sticker | Natus Vincere | Stockholm 2021
Apr 29 2026 17: +0,0.113,3,Sticker | Natus Vincere | Stockholm 2021
Apr 29 2026 18: +0,0.059,80,Sticker | Natus Vincere | Stockholm 2021
Apr 29 2026 19: +0,0.089,8,Sticker | Natus Vincere | Stockholm 2021
Apr 29 2026 20: +0,0.089,10,Sticker | Natus Vincere | Stockholm 2021
Apr 29 2026 21: +0,0.09,8,Sticker | Natus Vincere | Stockholm 2021
Apr 29 2026 22: +0,0.115,2,Sticker | Natus Vincere | Stockholm 2021
Apr 29 2026 23: +0,0.085,3,Sticker | Natus Vincere | Stockholm 2021
Apr 30 2026 00: +0,0.085,1,Sticker | Natus Vincere | Stockholm 2021
Apr 30 2026 01: +0,0.087,2,Sticker | Natus Vincere | Stockholm 2021
Apr 30 2026 03: +0,0.085,1,Sticker | Natus Vincere | Stockholm 2021
Apr 30 2026 04: +0,0.085,1,Sticker | Natus Vincere | Stockholm 2021
Apr 30 2026 05: +0,0.086,1,Sticker | Natus Vincere | Stockholm 2021
Apr 30 2026 07: +0,0.115,15,Sticker | Natus Vincere | Stockholm 2021
Apr 30 2026 09: +0,0.113,11,Sticker | Natus Vincere | Stockholm 2021
Apr 30 2026 12: +0,0.093,14,Sticker | Natus Vincere | Stockholm 2021
Apr 30 2026 13: +0,0.099,5,Sticker | Natus Vincere | Stockholm 2021
Apr 30 2026 14: +0,0.093,7,Sticker | Natus Vincere | Stockholm 2021
Apr 30 2026 15: +0,0.089,6,Sticker | Natus Vincere | Stockholm 2021
Apr 30 2026 16: +0,0.079,3,Sticker | Natus Vincere | Stockholm 2021
Apr 30 2026 17: +0,0.089,1,Sticker | Natus Vincere | Stockholm 2021
Apr 30 2026 19: +0,0.079,3,Sticker | Natus Vincere | Stockholm 2021
Apr 30 2026 20: +0,0.102,4,Sticker | Natus Vincere | Stockholm 2021
Apr 30 2026 21: +0,0.116,6,Sticker | Natus Vincere | Stockholm 2021
Apr 30 2026 22: +0,0.088,3,Sticker | Natus Vincere | Stockholm 2021
May 01 2026 03: +0,0.085,14,Sticker | Natus Vincere | Stockholm 2021
May 01 2026 04: +0,0.087,10,Sticker | Natus Vincere | Stockholm 2021
May 01 2026 05: +0,0.093,1,Sticker | Natus Vincere | Stockholm 2021
May 01 2026 06: +0,0.088,1,Sticker | Natus Vincere | Stockholm 2021
May 01 2026 07: +0,0.088,1,Sticker | Natus Vincere | Stockholm 2021
May 01 2026 08: +0,0.036,1,Sticker | Natus Vincere | Stockholm 2021
May 01 2026 09: +0,0.116,5,Sticker | Natus Vincere | Stockholm 2021
May 01 2026 10: +0,0.092,2,Sticker | Natus Vincere | Stockholm 2021
May 01 2026 11: +0,0.116,6,Sticker | Natus Vincere | Stockholm 2021
May 01 2026 13: +0,0.079,4,Sticker | Natus Vincere | Stockholm 2021
May 01 2026 14: +0,0.084,4,Sticker | Natus Vincere | Stockholm 2021
May 01 2026 15: +0,0.089,3,Sticker | Natus Vincere | Stockholm 2021
May 01 2026 16: +0,0.086,7,Sticker | Natus Vincere | Stockholm 2021
May 01 2026 17: +0,0.089,5,Sticker | Natus Vincere | Stockholm 2021
May 01 2026 18: +0,0.103,6,Sticker | Natus Vincere | Stockholm 2021
May 01 2026 19: +0,0.078,5,Sticker | Natus Vincere | Stockholm 2021
May 01 2026 20: +0,0.116,3,Sticker | Natus Vincere | Stockholm 2021
May 01 2026 21: +0,0.096,2,Sticker | Natus Vincere | Stockholm 2021
May 01 2026 22: +0,0.073,1,Sticker | Natus Vincere | Stockholm 2021
May 01 2026 23: +0,0.062,6,Sticker | Natus Vincere | Stockholm 2021
May 02 2026 02: +0,0.079,5,Sticker | Natus Vincere | Stockholm 2021
May 02 2026 03: +0,0.087,10,Sticker | Natus Vincere | Stockholm 2021
May 02 2026 04: +0,0.06,2,Sticker | Natus Vincere | Stockholm 2021
May 02 2026 05: +0,0.088,4,Sticker | Natus Vincere | Stockholm 2021
May 02 2026 06: +0,0.088,4,Sticker | Natus Vincere | Stockholm 2021
May 02 2026 07: +0,0.089,5,Sticker | Natus Vincere | Stockholm 2021
May 02 2026 08: +0,0.09,2,Sticker | Natus Vincere | Stockholm 2021
May 02 2026 09: +0,0.09,10,Sticker | Natus Vincere | Stockholm 2021
May 02 2026 10: +0,0.093,7,Sticker | Natus Vincere | Stockholm 2021
May 02 2026 11: +0,0.1,12,Sticker | Natus Vincere | Stockholm 2021
May 02 2026 12: +0,0.085,3,Sticker | Natus Vincere | Stockholm 2021
May 02 2026 13: +0,0.092,5,Sticker | Natus Vincere | Stockholm 2021
May 02 2026 14: +0,0.078,2,Sticker | Natus Vincere | Stockholm 2021
May 02 2026 15: +0,0.089,6,Sticker | Natus Vincere | Stockholm 2021
May 02 2026 16: +0,0.08,4,Sticker | Natus Vincere | Stockholm 2021
May 02 2026 17: +0,0.105,14,Sticker | Natus Vincere | Stockholm 2021
May 02 2026 18: +0,0.077,5,Sticker | Natus Vincere | Stockholm 2021
May 02 2026 19: +0,0.08,5,Sticker | Natus Vincere | Stockholm 2021
May 02 2026 20: +0,0.076,9,Sticker | Natus Vincere | Stockholm 2021
May 02 2026 21: +0,0.085,3,Sticker | Natus Vincere | Stockholm 2021
May 02 2026 22: +0,0.085,5,Sticker | Natus Vincere | Stockholm 2021
May 02 2026 23: +0,0.074,2,Sticker | Natus Vincere | Stockholm 2021
May 03 2026 00: +0,0.09,1,Sticker | Natus Vincere | Stockholm 2021
May 03 2026 01: +0,0.082,2,Sticker | Natus Vincere | Stockholm 2021
May 03 2026 02: +0,0.087,4,Sticker | Natus Vincere | Stockholm 2021
May 03 2026 03: +0,0.09,5,Sticker | Natus Vincere | Stockholm 2021
May 03 2026 06: +0,0.087,1,Sticker | Natus Vincere | Stockholm 2021
May 03 2026 07: +0,0.09,2,Sticker | Natus Vincere | Stockholm 2021
May 03 2026 09: +0,0.092,4,Sticker | Natus Vincere | Stockholm 2021
May 03 2026 10: +0,0.065,4,Sticker | Natus Vincere | Stockholm 2021
May 03 2026 11: +0,0.09,7,Sticker | Natus Vincere | Stockholm 2021
May 03 2026 12: +0,0.09,6,Sticker | Natus Vincere | Stockholm 2021
May 03 2026 13: +0,0.116,4,Sticker | Natus Vincere | Stockholm 2021
May 03 2026 14: +0,0.093,1,Sticker | Natus Vincere | Stockholm 2021
May 03 2026 15: +0,0.116,4,Sticker | Natus Vincere | Stockholm 2021
May 03 2026 17: +0,0.067,8,Sticker | Natus Vincere | Stockholm 2021
May 03 2026 18: +0,0.072,2,Sticker | Natus Vincere | Stockholm 2021
May 03 2026 19: +0,0.068,2,Sticker | Natus Vincere | Stockholm 2021
May 03 2026 20: +0,0.116,4,Sticker | Natus Vincere | Stockholm 2021
May 03 2026 21: +0,0.116,5,Sticker | Natus Vincere | Stockholm 2021
May 03 2026 22: +0,0.077,2,Sticker | Natus Vincere | Stockholm 2021
May 03 2026 23: +0,0.085,1,Sticker | Natus Vincere | Stockholm 2021
May 04 2026 00: +0,0.079,2,Sticker | Natus Vincere | Stockholm 2021
May 04 2026 05: +0,0.076,1,Sticker | Natus Vincere | Stockholm 2021
May 04 2026 08: +0,0.116,1,Sticker | Natus Vincere | Stockholm 2021
May 04 2026 09: +0,0.116,1,Sticker | Natus Vincere | Stockholm 2021
May 04 2026 10: +0,0.076,6,Sticker | Natus Vincere | Stockholm 2021
May 04 2026 11: +0,0.081,9,Sticker | Natus Vincere | Stockholm 2021
May 04 2026 13: +0,0.084,5,Sticker | Natus Vincere | Stockholm 2021
May 04 2026 14: +0,0.088,1,Sticker | Natus Vincere | Stockholm 2021
May 04 2026 15: +0,0.1,9,Sticker | Natus Vincere | Stockholm 2021
May 04 2026 16: +0,0.093,8,Sticker | Natus Vincere | Stockholm 2021
May 04 2026 17: +0,0.091,6,Sticker | Natus Vincere | Stockholm 2021
May 04 2026 18: +0,0.091,10,Sticker | Natus Vincere | Stockholm 2021
May 04 2026 19: +0,0.116,31,Sticker | Natus Vincere | Stockholm 2021
May 04 2026 20: +0,0.094,18,Sticker | Natus Vincere | Stockholm 2021
May 04 2026 21: +0,0.099,6,Sticker | Natus Vincere | Stockholm 2021
May 04 2026 22: +0,0.089,4,Sticker | Natus Vincere | Stockholm 2021
May 04 2026 23: +0,0.085,1,Sticker | Natus Vincere | Stockholm 2021
May 05 2026 00: +0,0.104,3,Sticker | Natus Vincere | Stockholm 2021
May 05 2026 01: +0,0.09,2,Sticker | Natus Vincere | Stockholm 2021
May 05 2026 02: +0,0.085,1,Sticker | Natus Vincere | Stockholm 2021
May 05 2026 03: +0,0.085,3,Sticker | Natus Vincere | Stockholm 2021
May 05 2026 04: +0,0.094,2,Sticker | Natus Vincere | Stockholm 2021
May 05 2026 05: +0,0.093,1,Sticker | Natus Vincere | Stockholm 2021
May 05 2026 08: +0,0.087,2,Sticker | Natus Vincere | Stockholm 2021
May 05 2026 09: +0,0.116,1,Sticker | Natus Vincere | Stockholm 2021
May 05 2026 10: +0,0.088,2,Sticker | Natus Vincere | Stockholm 2021
May 05 2026 11: +0,0.087,2,Sticker | Natus Vincere | Stockholm 2021
May 05 2026 12: +0,0.102,1,Sticker | Natus Vincere | Stockholm 2021
May 05 2026 13: +0,0.094,23,Sticker | Natus Vincere | Stockholm 2021
May 05 2026 15: +0,0.062,2,Sticker | Natus Vincere | Stockholm 2021
May 05 2026 16: +0,0.095,1,Sticker | Natus Vincere | Stockholm 2021
May 05 2026 17: +0,0.135,3,Sticker | Natus Vincere | Stockholm 2021
May 05 2026 19: +0,0.095,2,Sticker | Natus Vincere | Stockholm 2021
May 05 2026 21: +0,0.095,3,Sticker | Natus Vincere | Stockholm 2021
May 05 2026 22: +0,0.096,1,Sticker | Natus Vincere | Stockholm 2021
May 05 2026 23: +0,0.102,5,Sticker | Natus Vincere | Stockholm 2021
May 06 2026 00: +0,0.096,5,Sticker | Natus Vincere | Stockholm 2021
May 06 2026 02: +0,0.102,7,Sticker | Natus Vincere | Stockholm 2021
May 06 2026 03: +0,0.09,2,Sticker | Natus Vincere | Stockholm 2021
May 06 2026 04: +0,0.099,4,Sticker | Natus Vincere | Stockholm 2021
May 06 2026 07: +0,0.093,2,Sticker | Natus Vincere | Stockholm 2021
May 06 2026 08: +0,0.089,1,Sticker | Natus Vincere | Stockholm 2021
May 06 2026 09: +0,0.092,2,Sticker | Natus Vincere | Stockholm 2021
May 06 2026 11: +0,0.093,5,Sticker | Natus Vincere | Stockholm 2021
May 06 2026 13: +0,0.093,3,Sticker | Natus Vincere | Stockholm 2021
May 06 2026 14: +0,0.096,2,Sticker | Natus Vincere | Stockholm 2021
May 06 2026 15: +0,0.116,1,Sticker | Natus Vincere | Stockholm 2021
May 06 2026 16: +0,0.096,4,Sticker | Natus Vincere | Stockholm 2021
May 06 2026 18: +0,0.099,5,Sticker | Natus Vincere | Stockholm 2021
May 06 2026 19: +0,0.116,3,Sticker | Natus Vincere | Stockholm 2021
May 06 2026 20: +0,0.088,2,Sticker | Natus Vincere | Stockholm 2021
May 06 2026 22: +0,0.087,1,Sticker | Natus Vincere | Stockholm 2021
May 06 2026 23: +0,0.09,1,Sticker | Natus Vincere | Stockholm 2021
May 07 2026 04: +0,0.085,4,Sticker | Natus Vincere | Stockholm 2021
May 07 2026 05: +0,0.085,1,Sticker | Natus Vincere | Stockholm 2021
May 07 2026 08: +0,0.076,11,Sticker | Natus Vincere | Stockholm 2021
May 07 2026 09: +0,0.082,3,Sticker | Natus Vincere | Stockholm 2021
May 07 2026 12: +0,0.069,2,Sticker | Natus Vincere | Stockholm 2021
May 07 2026 13: +0,0.072,2,Sticker | Natus Vincere | Stockholm 2021
May 07 2026 14: +0,0.071,3,Sticker | Natus Vincere | Stockholm 2021
May 07 2026 15: +0,0.085,7,Sticker | Natus Vincere | Stockholm 2021
May 07 2026 16: +0,0.085,3,Sticker | Natus Vincere | Stockholm 2021
May 07 2026 17: +0,0.085,7,Sticker | Natus Vincere | Stockholm 2021
May 07 2026 18: +0,0.09,3,Sticker | Natus Vincere | Stockholm 2021
May 07 2026 19: +0,0.089,6,Sticker | Natus Vincere | Stockholm 2021
May 07 2026 20: +0,0.071,1,Sticker | Natus Vincere | Stockholm 2021
May 07 2026 21: +0,0.1,5,Sticker | Natus Vincere | Stockholm 2021
May 07 2026 22: +0,0.09,5,Sticker | Natus Vincere | Stockholm 2021
May 07 2026 23: +0,0.135,1,Sticker | Natus Vincere | Stockholm 2021
May 08 2026 00: +0,0.102,1,Sticker | Natus Vincere | Stockholm 2021
May 08 2026 01: +0,0.088,2,Sticker | Natus Vincere | Stockholm 2021
May 08 2026 02: +0,0.1,1,Sticker | Natus Vincere | Stockholm 2021
May 08 2026 05: +0,0.093,1,Sticker | Natus Vincere | Stockholm 2021
May 08 2026 06: +0,0.098,2,Sticker | Natus Vincere | Stockholm 2021
May 08 2026 07: +0,0.076,5,Sticker | Natus Vincere | Stockholm 2021
May 08 2026 08: +0,0.135,1,Sticker | Natus Vincere | Stockholm 2021
May 08 2026 09: +0,0.099,1,Sticker | Natus Vincere | Stockholm 2021
May 08 2026 11: +0,0.092,1,Sticker | Natus Vincere | Stockholm 2021
May 08 2026 12: +0,0.116,1,Sticker | Natus Vincere | Stockholm 2021
May 08 2026 13: +0,0.089,4,Sticker | Natus Vincere | Stockholm 2021
May 08 2026 14: +0,0.116,3,Sticker | Natus Vincere | Stockholm 2021
May 08 2026 15: +0,0.076,5,Sticker | Natus Vincere | Stockholm 2021
May 08 2026 18: +0,0.135,5,Sticker | Natus Vincere | Stockholm 2021
May 08 2026 19: +0,0.071,12,Sticker | Natus Vincere | Stockholm 2021
May 08 2026 20: +0,0.07,18,Sticker | Natus Vincere | Stockholm 2021
May 08 2026 21: +0,0.097,5,Sticker | Natus Vincere | Stockholm 2021
May 08 2026 22: +0,0.135,3,Sticker | Natus Vincere | Stockholm 2021
May 09 2026 00: +0,0.099,5,Sticker | Natus Vincere | Stockholm 2021
May 09 2026 01: +0,0.11,6,Sticker | Natus Vincere | Stockholm 2021
May 09 2026 02: +0,0.099,5,Sticker | Natus Vincere | Stockholm 2021
May 09 2026 03: +0,0.099,1,Sticker | Natus Vincere | Stockholm 2021
May 09 2026 04: +0,0.099,1,Sticker | Natus Vincere | Stockholm 2021
May 09 2026 06: +0,0.076,1,Sticker | Natus Vincere | Stockholm 2021
May 09 2026 08: +0,0.12,101,Sticker | Natus Vincere | Stockholm 2021
May 09 2026 09: +0,0.102,16,Sticker | Natus Vincere | Stockholm 2021
May 09 2026 10: +0,0.116,10,Sticker | Natus Vincere | Stockholm 2021
May 09 2026 11: +0,0.111,5,Sticker | Natus Vincere | Stockholm 2021
May 09 2026 12: +0,0.115,15,Sticker | Natus Vincere | Stockholm 2021
May 09 2026 13: +0,0.081,8,Sticker | Natus Vincere | Stockholm 2021
May 09 2026 14: +0,0.095,6,Sticker | Natus Vincere | Stockholm 2021
May 09 2026 15: +0,0.076,1,Sticker | Natus Vincere | Stockholm 2021
May 09 2026 16: +0,0.116,3,Sticker | Natus Vincere | Stockholm 2021
May 09 2026 18: +0,0.12,8,Sticker | Natus Vincere | Stockholm 2021
May 09 2026 20: +0,0.115,1,Sticker | Natus Vincere | Stockholm 2021
May 09 2026 21: +0,0.116,10,Sticker | Natus Vincere | Stockholm 2021
May 09 2026 22: +0,0.118,1,Sticker | Natus Vincere | Stockholm 2021
May 09 2026 23: +0,0.08,4,Sticker | Natus Vincere | Stockholm 2021
May 10 2026 01: +0,0.116,3,Sticker | Natus Vincere | Stockholm 2021
May 10 2026 02: +0,0.116,12,Sticker | Natus Vincere | Stockholm 2021
May 10 2026 03: +0,0.119,4,Sticker | Natus Vincere | Stockholm 2021
May 10 2026 05: +0,0.088,2,Sticker | Natus Vincere | Stockholm 2021
May 10 2026 06: +0,0.088,4,Sticker | Natus Vincere | Stockholm 2021
May 10 2026 08: +0,0.093,1,Sticker | Natus Vincere | Stockholm 2021
May 10 2026 09: +0,0.08,7,Sticker | Natus Vincere | Stockholm 2021
May 10 2026 10: +0,0.071,1,Sticker | Natus Vincere | Stockholm 2021
May 10 2026 11: +0,0.097,9,Sticker | Natus Vincere | Stockholm 2021
May 10 2026 13: +0,0.09,7,Sticker | Natus Vincere | Stockholm 2021
May 10 2026 14: +0,0.057,7,Sticker | Natus Vincere | Stockholm 2021
May 10 2026 16: +0,0.095,4,Sticker | Natus Vincere | Stockholm 2021
May 10 2026 18: +0,0.094,1,Sticker | Natus Vincere | Stockholm 2021
May 10 2026 19: +0,0.079,4,Sticker | Natus Vincere | Stockholm 2021
May 10 2026 21: +0,0.08,6,Sticker | Natus Vincere | Stockholm 2021
May 10 2026 23: +0,0.1,3,Sticker | Natus Vincere | Stockholm 2021
May 11 2026 00: +0,0.091,8,Sticker | Natus Vincere | Stockholm 2021
May 11 2026 03: +0,0.092,1,Sticker | Natus Vincere | Stockholm 2021
May 11 2026 05: +0,0.093,1,Sticker | Natus Vincere | Stockholm 2021
May 11 2026 06: +0,0.085,4,Sticker | Natus Vincere | Stockholm 2021
May 11 2026 07: +0,0.085,1,Sticker | Natus Vincere | Stockholm 2021
May 11 2026 08: +0,0.085,1,Sticker | Natus Vincere | Stockholm 2021
May 11 2026 10: +0,0.097,11,Sticker | Natus Vincere | Stockholm 2021
May 11 2026 11: +0,0.076,16,Sticker | Natus Vincere | Stockholm 2021
May 11 2026 12: +0,0.098,4,Sticker | Natus Vincere | Stockholm 2021
May 11 2026 13: +0,0.108,2,Sticker | Natus Vincere | Stockholm 2021
May 11 2026 14: +0,0.135,1,Sticker | Natus Vincere | Stockholm 2021
May 11 2026 15: +0,0.11,5,Sticker | Natus Vincere | Stockholm 2021
May 11 2026 16: +0,0.11,2,Sticker | Natus Vincere | Stockholm 2021
May 11 2026 17: +0,0.11,1,Sticker | Natus Vincere | Stockholm 2021
May 11 2026 18: +0,0.135,2,Sticker | Natus Vincere | Stockholm 2021
May 11 2026 19: +0,0.102,4,Sticker | Natus Vincere | Stockholm 2021
May 11 2026 20: +0,0.08,1,Sticker | Natus Vincere | Stockholm 2021
May 11 2026 21: +0,0.076,1,Sticker | Natus Vincere | Stockholm 2021
May 12 2026 00: +0,0.08,1,Sticker | Natus Vincere | Stockholm 2021
May 12 2026 01: +0,0.092,1,Sticker | Natus Vincere | Stockholm 2021
May 12 2026 02: +0,0.102,4,Sticker | Natus Vincere | Stockholm 2021
May 12 2026 04: +0,0.087,1,Sticker | Natus Vincere | Stockholm 2021
May 12 2026 07: +0,0.085,1,Sticker | Natus Vincere | Stockholm 2021
May 12 2026 08: +0,0.092,2,Sticker | Natus Vincere | Stockholm 2021
May 12 2026 09: +0,0.097,1,Sticker | Natus Vincere | Stockholm 2021
May 12 2026 10: +0,0.1,3,Sticker | Natus Vincere | Stockholm 2021
May 12 2026 11: +0,0.09,2,Sticker | Natus Vincere | Stockholm 2021
May 12 2026 12: +0,0.135,4,Sticker | Natus Vincere | Stockholm 2021
Aug 13 2014 01: +0,7.829,23,Sticker | iBUYPOWER | Katowice 2014
Aug 14 2014 01: +0,8.149,9,Sticker | iBUYPOWER | Katowice 2014
Aug 15 2014 01: +0,7.644,20,Sticker | iBUYPOWER | Katowice 2014
Aug 16 2014 01: +0,6.762,11,Sticker | iBUYPOWER | Katowice 2014
Aug 17 2014 01: +0,5.413,37,Sticker | iBUYPOWER | Katowice 2014
Aug 18 2014 01: +0,4.783,38,Sticker | iBUYPOWER | Katowice 2014
Aug 19 2014 01: +0,5.872,20,Sticker | iBUYPOWER | Katowice 2014
Aug 20 2014 01: +0,6.201,26,Sticker | iBUYPOWER | Katowice 2014
Aug 21 2014 01: +0,6.252,14,Sticker | iBUYPOWER | Katowice 2014
Aug 22 2014 01: +0,6.263,19,Sticker | iBUYPOWER | Katowice 2014
Aug 23 2014 01: +0,7.006,16,Sticker | iBUYPOWER | Katowice 2014
Aug 24 2014 01: +0,6.919,31,Sticker | iBUYPOWER | Katowice 2014
Aug 25 2014 01: +0,6.932,14,Sticker | iBUYPOWER | Katowice 2014
Aug 26 2014 01: +0,7.156,21,Sticker | iBUYPOWER | Katowice 2014
Aug 27 2014 01: +0,7.189,22,Sticker | iBUYPOWER | Katowice 2014
Aug 28 2014 01: +0,6.974,15,Sticker | iBUYPOWER | Katowice 2014
Aug 29 2014 01: +0,7.826,19,Sticker | iBUYPOWER | Katowice 2014
Aug 30 2014 01: +0,8.193,15,Sticker | iBUYPOWER | Katowice 2014
Aug 31 2014 01: +0,8.33,14,Sticker | iBUYPOWER | Katowice 2014
Sep 01 2014 01: +0,8.627,22,Sticker | iBUYPOWER | Katowice 2014
Sep 02 2014 01: +0,8.848,22,Sticker | iBUYPOWER | Katowice 2014
Sep 03 2014 01: +0,9.308,19,Sticker | iBUYPOWER | Katowice 2014
Sep 04 2014 01: +0,11.118,18,Sticker | iBUYPOWER | Katowice 2014
Sep 05 2014 01: +0,12.207,13,Sticker | iBUYPOWER | Katowice 2014
Sep 06 2014 01: +0,13.364,8,Sticker | iBUYPOWER | Katowice 2014
Sep 07 2014 01: +0,11.894,11,Sticker | iBUYPOWER | Katowice 2014
Sep 08 2014 01: +0,11.498,10,Sticker | iBUYPOWER | Katowice 2014
Sep 09 2014 01: +0,10.646,13,Sticker | iBUYPOWER | Katowice 2014
Sep 10 2014 01: +0,11.277,17,Sticker | iBUYPOWER | Katowice 2014
Sep 11 2014 01: +0,9.77,11,Sticker | iBUYPOWER | Katowice 2014
Sep 12 2014 01: +0,10.372,11,Sticker | iBUYPOWER | Katowice 2014
Sep 13 2014 01: +0,11.186,12,Sticker | iBUYPOWER | Katowice 2014
Sep 14 2014 01: +0,12.852,4,Sticker | iBUYPOWER | Katowice 2014
Sep 15 2014 01: +0,11.962,14,Sticker | iBUYPOWER | Katowice 2014
Sep 16 2014 01: +0,10.445,5,Sticker | iBUYPOWER | Katowice 2014
Sep 17 2014 01: +0,10.363,7,Sticker | iBUYPOWER | Katowice 2014
Sep 18 2014 01: +0,9.926,16,Sticker | iBUYPOWER | Katowice 2014
Sep 19 2014 01: +0,10.784,4,Sticker | iBUYPOWER | Katowice 2014
Sep 20 2014 01: +0,9.974,14,Sticker | iBUYPOWER | Katowice 2014
Sep 21 2014 01: +0,10.307,9,Sticker | iBUYPOWER | Katowice 2014
Sep 22 2014 01: +0,9.967,8,Sticker | iBUYPOWER | Katowice 2014
Sep 23 2014 01: +0,11.495,13,Sticker | iBUYPOWER | Katowice 2014
Sep 24 2014 01: +0,10.381,7,Sticker | iBUYPOWER | Katowice 2014
Sep 25 2014 01: +0,11.147,7,Sticker | iBUYPOWER | Katowice 2014
Sep 26 2014 01: +0,10.504,11,Sticker | iBUYPOWER | Katowice 2014
Sep 27 2014 01: +0,8.989,5,Sticker | iBUYPOWER | Katowice 2014
Sep 28 2014 01: +0,10.607,6,Sticker | iBUYPOWER | Katowice 2014
Sep 29 2014 01: +0,11.011,10,Sticker | iBUYPOWER | Katowice 2014
Sep 30 2014 01: +0,9.933,10,Sticker | iBUYPOWER | Katowice 2014
Oct 01 2014 01: +0,10.658,11,Sticker | iBUYPOWER | Katowice 2014
Oct 02 2014 01: +0,9.827,11,Sticker | iBUYPOWER | Katowice 2014
Oct 03 2014 01: +0,10.98,6,Sticker | iBUYPOWER | Katowice 2014
Oct 04 2014 01: +0,10.208,10,Sticker | iBUYPOWER | Katowice 2014
Oct 05 2014 01: +0,10.846,5,Sticker | iBUYPOWER | Katowice 2014
Oct 06 2014 01: +0,9.956,6,Sticker | iBUYPOWER | Katowice 2014
Oct 07 2014 01: +0,10.682,8,Sticker | iBUYPOWER | Katowice 2014
Oct 08 2014 01: +0,11.038,13,Sticker | iBUYPOWER | Katowice 2014
Oct 09 2014 01: +0,8.988,5,Sticker | iBUYPOWER | Katowice 2014
Oct 10 2014 01: +0,10.741,13,Sticker | iBUYPOWER | Katowice 2014
Oct 11 2014 01: +0,10.959,14,Sticker | iBUYPOWER | Katowice 2014
Oct 12 2014 01: +0,12.017,17,Sticker | iBUYPOWER | Katowice 2014
Oct 13 2014 01: +0,11.945,15,Sticker | iBUYPOWER | Katowice 2014
Oct 14 2014 01: +0,12.678,12,Sticker | iBUYPOWER | Katowice 2014
Oct 15 2014 01: +0,13.355,6,Sticker | iBUYPOWER | Katowice 2014
Oct 16 2014 01: +0,12.476,3,Sticker | iBUYPOWER | Katowice 2014
Oct 17 2014 01: +0,11.817,10,Sticker | iBUYPOWER | Katowice 2014
Oct 18 2014 01: +0,12.538,12,Sticker | iBUYPOWER | Katowice 2014
Oct 19 2014 01: +0,12.147,10,Sticker | iBUYPOWER | Katowice 2014
Oct 20 2014 01: +0,10.497,4,Sticker | iBUYPOWER | Katowice 2014
Oct 21 2014 01: +0,12.982,5,Sticker | iBUYPOWER | Katowice 2014
Oct 22 2014 01: +0,12.651,13,Sticker | iBUYPOWER | Katowice 2014
Oct 23 2014 01: +0,12.519,6,Sticker | iBUYPOWER | Katowice 2014
Oct 24 2014 01: +0,13.837,14,Sticker | iBUYPOWER | Katowice 2014
Oct 25 2014 01: +0,12.807,12,Sticker | iBUYPOWER | Katowice 2014
Oct 26 2014 01: +0,13.322,19,Sticker | iBUYPOWER | Katowice 2014
Oct 27 2014 01: +0,13.925,12,Sticker | iBUYPOWER | Katowice 2014
Oct 28 2014 01: +0,13.119,5,Sticker | iBUYPOWER | Katowice 2014
Oct 29 2014 01: +0,15.518,8,Sticker | iBUYPOWER | Katowice 2014
Oct 30 2014 01: +0,17.587,16,Sticker | iBUYPOWER | Katowice 2014
Oct 31 2014 01: +0,17.032,15,Sticker | iBUYPOWER | Katowice 2014
Nov 01 2014 01: +0,29.552,10,Sticker | iBUYPOWER | Katowice 2014
Nov 02 2014 01: +0,23.422,6,Sticker | iBUYPOWER | Katowice 2014
Nov 03 2014 01: +0,24.464,9,Sticker | iBUYPOWER | Katowice 2014
Nov 04 2014 01: +0,20.429,6,Sticker | iBUYPOWER | Katowice 2014
Nov 05 2014 01: +0,15.709,13,Sticker | iBUYPOWER | Katowice 2014
Nov 06 2014 01: +0,18.852,5,Sticker | iBUYPOWER | Katowice 2014
Nov 07 2014 01: +0,15.084,4,Sticker | iBUYPOWER | Katowice 2014
Nov 08 2014 01: +0,17.523,6,Sticker | iBUYPOWER | Katowice 2014
Nov 09 2014 01: +0,19.084,7,Sticker | iBUYPOWER | Katowice 2014
Nov 10 2014 01: +0,16.787,7,Sticker | iBUYPOWER | Katowice 2014
Nov 11 2014 01: +0,17.179,4,Sticker | iBUYPOWER | Katowice 2014
Nov 12 2014 01: +0,16.965,1,Sticker | iBUYPOWER | Katowice 2014
Nov 13 2014 01: +0,13.295,6,Sticker | iBUYPOWER | Katowice 2014
Nov 14 2014 01: +0,15.094,11,Sticker | iBUYPOWER | Katowice 2014
Nov 15 2014 01: +0,14.938,6,Sticker | iBUYPOWER | Katowice 2014
Nov 16 2014 01: +0,14.288,4,Sticker | iBUYPOWER | Katowice 2014
Nov 17 2014 01: +0,15.361,8,Sticker | iBUYPOWER | Katowice 2014
Nov 18 2014 01: +0,14.008,5,Sticker | iBUYPOWER | Katowice 2014
Nov 19 2014 01: +0,15.673,5,Sticker | iBUYPOWER | Katowice 2014
Nov 20 2014 01: +0,14.507,3,Sticker | iBUYPOWER | Katowice 2014
Nov 21 2014 01: +0,13.534,11,Sticker | iBUYPOWER | Katowice 2014
Nov 22 2014 01: +0,14.095,12,Sticker | iBUYPOWER | Katowice 2014
Nov 23 2014 01: +0,15.536,8,Sticker | iBUYPOWER | Katowice 2014
Nov 24 2014 01: +0,15.571,3,Sticker | iBUYPOWER | Katowice 2014
Nov 25 2014 01: +0,14.389,6,Sticker | iBUYPOWER | Katowice 2014
Nov 26 2014 01: +0,15.833,5,Sticker | iBUYPOWER | Katowice 2014
Nov 27 2014 01: +0,15.746,7,Sticker | iBUYPOWER | Katowice 2014
Nov 28 2014 01: +0,16.588,7,Sticker | iBUYPOWER | Katowice 2014
Nov 29 2014 01: +0,14.435,6,Sticker | iBUYPOWER | Katowice 2014
Nov 30 2014 01: +0,12.835,8,Sticker | iBUYPOWER | Katowice 2014
Dec 01 2014 01: +0,14.048,5,Sticker | iBUYPOWER | Katowice 2014
Dec 02 2014 01: +0,13.695,7,Sticker | iBUYPOWER | Katowice 2014
Dec 03 2014 01: +0,13.786,9,Sticker | iBUYPOWER | Katowice 2014
Dec 04 2014 01: +0,13.219,4,Sticker | iBUYPOWER | Katowice 2014
Dec 05 2014 01: +0,15.494,9,Sticker | iBUYPOWER | Katowice 2014
Dec 06 2014 01: +0,17.228,1,Sticker | iBUYPOWER | Katowice 2014
Dec 07 2014 01: +0,16.89,7,Sticker | iBUYPOWER | Katowice 2014
Dec 08 2014 01: +0,16.85,7,Sticker | iBUYPOWER | Katowice 2014
Dec 09 2014 01: +0,16.549,4,Sticker | iBUYPOWER | Katowice 2014
Dec 10 2014 01: +0,17.74,6,Sticker | iBUYPOWER | Katowice 2014
Dec 11 2014 01: +0,17.405,1,Sticker | iBUYPOWER | Katowice 2014
Dec 12 2014 01: +0,16.515,8,Sticker | iBUYPOWER | Katowice 2014
Dec 13 2014 01: +0,16.649,4,Sticker | iBUYPOWER | Katowice 2014
Dec 14 2014 01: +0,15.552,5,Sticker | iBUYPOWER | Katowice 2014
Dec 15 2014 01: +0,15.882,5,Sticker | iBUYPOWER | Katowice 2014
Dec 16 2014 01: +0,17.366,8,Sticker | iBUYPOWER | Katowice 2014
Dec 17 2014 01: +0,17.388,9,Sticker | iBUYPOWER | Katowice 2014
Dec 18 2014 01: +0,18.145,4,Sticker | iBUYPOWER | Katowice 2014
Dec 19 2014 01: +0,17.681,5,Sticker | iBUYPOWER | Katowice 2014
Dec 20 2014 01: +0,15.351,5,Sticker | iBUYPOWER | Katowice 2014
Dec 21 2014 01: +0,15.714,4,Sticker | iBUYPOWER | Katowice 2014
Dec 22 2014 01: +0,16.457,13,Sticker | iBUYPOWER | Katowice 2014
Dec 23 2014 01: +0,16.124,5,Sticker | iBUYPOWER | Katowice 2014
Dec 24 2014 01: +0,14.806,8,Sticker | iBUYPOWER | Katowice 2014
Dec 25 2014 01: +0,17.133,12,Sticker | iBUYPOWER | Katowice 2014
Dec 26 2014 01: +0,17.707,8,Sticker | iBUYPOWER | Katowice 2014
Dec 27 2014 01: +0,18.102,6,Sticker | iBUYPOWER | Katowice 2014
Dec 28 2014 01: +0,17.222,5,Sticker | iBUYPOWER | Katowice 2014
Dec 29 2014 01: +0,18.889,11,Sticker | iBUYPOWER | Katowice 2014
Dec 30 2014 01: +0,18.988,6,Sticker | iBUYPOWER | Katowice 2014
Dec 31 2014 01: +0,17.676,4,Sticker | iBUYPOWER | Katowice 2014
Jan 01 2015 01: +0,19.759,9,Sticker | iBUYPOWER | Katowice 2014
Jan 02 2015 01: +0,20.857,2,Sticker | iBUYPOWER | Katowice 2014
Jan 03 2015 01: +0,18.873,6,Sticker | iBUYPOWER | Katowice 2014
Jan 04 2015 01: +0,16.928,7,Sticker | iBUYPOWER | Katowice 2014
Jan 05 2015 01: +0,18.365,7,Sticker | iBUYPOWER | Katowice 2014
Jan 06 2015 01: +0,17.834,12,Sticker | iBUYPOWER | Katowice 2014
Jan 07 2015 01: +0,20.721,7,Sticker | iBUYPOWER | Katowice 2014
Jan 08 2015 01: +0,16.349,3,Sticker | iBUYPOWER | Katowice 2014
Jan 09 2015 01: +0,18.24,10,Sticker | iBUYPOWER | Katowice 2014
Jan 10 2015 01: +0,16.772,6,Sticker | iBUYPOWER | Katowice 2014
Jan 11 2015 01: +0,16.119,11,Sticker | iBUYPOWER | Katowice 2014
Jan 12 2015 01: +0,15.763,6,Sticker | iBUYPOWER | Katowice 2014
Jan 13 2015 01: +0,14.746,5,Sticker | iBUYPOWER | Katowice 2014
Jan 14 2015 01: +0,15.848,5,Sticker | iBUYPOWER | Katowice 2014
Jan 15 2015 01: +0,16.116,5,Sticker | iBUYPOWER | Katowice 2014
Jan 16 2015 01: +0,15.818,2,Sticker | iBUYPOWER | Katowice 2014
Jan 17 2015 01: +0,15.727,6,Sticker | iBUYPOWER | Katowice 2014
Jan 18 2015 01: +0,16.202,8,Sticker | iBUYPOWER | Katowice 2014
Jan 19 2015 01: +0,16.624,5,Sticker | iBUYPOWER | Katowice 2014
Jan 20 2015 01: +0,16.396,9,Sticker | iBUYPOWER | Katowice 2014
Jan 21 2015 01: +0,16.53,2,Sticker | iBUYPOWER | Katowice 2014
Jan 22 2015 01: +0,16.584,7,Sticker | iBUYPOWER | Katowice 2014
Jan 23 2015 01: +0,16.479,8,Sticker | iBUYPOWER | Katowice 2014
Jan 24 2015 01: +0,16.595,6,Sticker | iBUYPOWER | Katowice 2014
Jan 25 2015 01: +0,15.483,5,Sticker | iBUYPOWER | Katowice 2014
Jan 26 2015 01: +0,16.206,6,Sticker | iBUYPOWER | Katowice 2014
Jan 27 2015 01: +0,15.462,8,Sticker | iBUYPOWER | Katowice 2014
Jan 28 2015 01: +0,16.843,7,Sticker | iBUYPOWER | Katowice 2014
Jan 29 2015 01: +0,15.861,7,Sticker | iBUYPOWER | Katowice 2014
Jan 30 2015 01: +0,17.617,8,Sticker | iBUYPOWER | Katowice 2014
Jan 31 2015 01: +0,17.012,8,Sticker | iBUYPOWER | Katowice 2014
Feb 01 2015 01: +0,17.477,9,Sticker | iBUYPOWER | Katowice 2014
Feb 02 2015 01: +0,17.107,9,Sticker | iBUYPOWER | Katowice 2014
Feb 03 2015 01: +0,16.81,14,Sticker | iBUYPOWER | Katowice 2014
Feb 04 2015 01: +0,15.647,6,Sticker | iBUYPOWER | Katowice 2014
Feb 05 2015 01: +0,17.591,7,Sticker | iBUYPOWER | Katowice 2014
Feb 06 2015 01: +0,18.5,15,Sticker | iBUYPOWER | Katowice 2014
Feb 07 2015 01: +0,18.785,10,Sticker | iBUYPOWER | Katowice 2014
Feb 08 2015 01: +0,19.663,7,Sticker | iBUYPOWER | Katowice 2014
Feb 09 2015 01: +0,18.097,2,Sticker | iBUYPOWER | Katowice 2014
Feb 10 2015 01: +0,19.164,1,Sticker | iBUYPOWER | Katowice 2014
Feb 11 2015 01: +0,19.141,6,Sticker | iBUYPOWER | Katowice 2014
Feb 12 2015 01: +0,18.42,5,Sticker | iBUYPOWER | Katowice 2014
Feb 13 2015 01: +0,19.503,1,Sticker | iBUYPOWER | Katowice 2014
Feb 14 2015 01: +0,18.172,6,Sticker | iBUYPOWER | Katowice 2014
Feb 15 2015 01: +0,19.693,3,Sticker | iBUYPOWER | Katowice 2014
Feb 16 2015 01: +0,19.553,5,Sticker | iBUYPOWER | Katowice 2014
Feb 17 2015 01: +0,15.927,5,Sticker | iBUYPOWER | Katowice 2014
Feb 18 2015 01: +0,17.954,2,Sticker | iBUYPOWER | Katowice 2014
Feb 19 2015 01: +0,16.945,4,Sticker | iBUYPOWER | Katowice 2014
Feb 20 2015 01: +0,17.895,9,Sticker | iBUYPOWER | Katowice 2014
Feb 21 2015 01: +0,19.694,17,Sticker | iBUYPOWER | Katowice 2014
Feb 22 2015 01: +0,19.314,10,Sticker | iBUYPOWER | Katowice 2014
Feb 23 2015 01: +0,19.164,1,Sticker | iBUYPOWER | Katowice 2014
Feb 24 2015 01: +0,20.482,3,Sticker | iBUYPOWER | Katowice 2014
Feb 25 2015 01: +0,17.868,9,Sticker | iBUYPOWER | Katowice 2014
Feb 26 2015 01: +0,20.596,8,Sticker | iBUYPOWER | Katowice 2014
Feb 27 2015 01: +0,21.918,7,Sticker | iBUYPOWER | Katowice 2014
Feb 28 2015 01: +0,19.209,4,Sticker | iBUYPOWER | Katowice 2014
Mar 01 2015 01: +0,18.64,9,Sticker | iBUYPOWER | Katowice 2014
Mar 02 2015 01: +0,19.937,7,Sticker | iBUYPOWER | Katowice 2014
Mar 03 2015 01: +0,19.886,4,Sticker | iBUYPOWER | Katowice 2014
Mar 04 2015 01: +0,21.741,4,Sticker | iBUYPOWER | Katowice 2014
Mar 05 2015 01: +0,19.429,3,Sticker | iBUYPOWER | Katowice 2014
Mar 06 2015 01: +0,22.657,7,Sticker | iBUYPOWER | Katowice 2014
Mar 07 2015 01: +0,25.195,2,Sticker | iBUYPOWER | Katowice 2014
Mar 08 2015 01: +0,25.513,5,Sticker | iBUYPOWER | Katowice 2014
Mar 09 2015 01: +0,31.014,5,Sticker | iBUYPOWER | Katowice 2014
Mar 10 2015 01: +0,32.295,4,Sticker | iBUYPOWER | Katowice 2014
Mar 11 2015 01: +0,32.488,5,Sticker | iBUYPOWER | Katowice 2014
Mar 12 2015 01: +0,32.265,1,Sticker | iBUYPOWER | Katowice 2014
Mar 13 2015 01: +0,30.56,3,Sticker | iBUYPOWER | Katowice 2014
Mar 14 2015 01: +0,29.082,2,Sticker | iBUYPOWER | Katowice 2014
Mar 15 2015 01: +0,25.812,4,Sticker | iBUYPOWER | Katowice 2014
Mar 16 2015 01: +0,22.074,3,Sticker | iBUYPOWER | Katowice 2014
Mar 17 2015 01: +0,25.302,2,Sticker | iBUYPOWER | Katowice 2014
Mar 18 2015 01: +0,25.418,1,Sticker | iBUYPOWER | Katowice 2014
Mar 19 2015 01: +0,22.925,1,Sticker | iBUYPOWER | Katowice 2014
Mar 20 2015 01: +0,28.174,2,Sticker | iBUYPOWER | Katowice 2014
Mar 21 2015 01: +0,26.739,3,Sticker | iBUYPOWER | Katowice 2014
Mar 22 2015 01: +0,27.052,3,Sticker | iBUYPOWER | Katowice 2014
Mar 23 2015 01: +0,23.746,3,Sticker | iBUYPOWER | Katowice 2014
Mar 24 2015 01: +0,26.582,3,Sticker | iBUYPOWER | Katowice 2014
Mar 26 2015 01: +0,27.556,5,Sticker | iBUYPOWER | Katowice 2014
Mar 27 2015 01: +0,30.738,7,Sticker | iBUYPOWER | Katowice 2014
Mar 28 2015 01: +0,31.942,3,Sticker | iBUYPOWER | Katowice 2014
Mar 29 2015 01: +0,33.154,9,Sticker | iBUYPOWER | Katowice 2014
Mar 30 2015 01: +0,34.494,5,Sticker | iBUYPOWER | Katowice 2014
Mar 31 2015 01: +0,33.232,2,Sticker | iBUYPOWER | Katowice 2014
Apr 01 2015 01: +0,29.7,3,Sticker | iBUYPOWER | Katowice 2014
Apr 02 2015 01: +0,28.428,4,Sticker | iBUYPOWER | Katowice 2014
Apr 03 2015 01: +0,34.129,2,Sticker | iBUYPOWER | Katowice 2014
Apr 04 2015 01: +0,26.8,1,Sticker | iBUYPOWER | Katowice 2014
Apr 05 2015 01: +0,31.845,2,Sticker | iBUYPOWER | Katowice 2014
Apr 06 2015 01: +0,30.75,5,Sticker | iBUYPOWER | Katowice 2014
Apr 07 2015 01: +0,32.694,3,Sticker | iBUYPOWER | Katowice 2014
Apr 08 2015 01: +0,34.384,5,Sticker | iBUYPOWER | Katowice 2014
Apr 09 2015 01: +0,31.415,1,Sticker | iBUYPOWER | Katowice 2014
Apr 10 2015 01: +0,34.608,1,Sticker | iBUYPOWER | Katowice 2014
Apr 11 2015 01: +0,30.633,2,Sticker | iBUYPOWER | Katowice 2014
Apr 12 2015 01: +0,27.103,6,Sticker | iBUYPOWER | Katowice 2014
Apr 13 2015 01: +0,23.579,1,Sticker | iBUYPOWER | Katowice 2014
Apr 14 2015 01: +0,27.943,1,Sticker | iBUYPOWER | Katowice 2014
Apr 15 2015 01: +0,25.132,3,Sticker | iBUYPOWER | Katowice 2014
Apr 16 2015 01: +0,26.197,2,Sticker | iBUYPOWER | Katowice 2014
Apr 17 2015 01: +0,23.664,3,Sticker | iBUYPOWER | Katowice 2014
Apr 18 2015 01: +0,25.319,2,Sticker | iBUYPOWER | Katowice 2014
Apr 19 2015 01: +0,27.608,3,Sticker | iBUYPOWER | Katowice 2014
Apr 20 2015 01: +0,28.354,5,Sticker | iBUYPOWER | Katowice 2014
Apr 21 2015 01: +0,32.247,4,Sticker | iBUYPOWER | Katowice 2014
Apr 22 2015 01: +0,32.273,1,Sticker | iBUYPOWER | Katowice 2014
Apr 23 2015 01: +0,32.129,3,Sticker | iBUYPOWER | Katowice 2014
Apr 24 2015 01: +0,34.954,1,Sticker | iBUYPOWER | Katowice 2014
Apr 25 2015 01: +0,34.523,1,Sticker | iBUYPOWER | Katowice 2014
Apr 26 2015 01: +0,34.384,3,Sticker | iBUYPOWER | Katowice 2014
Apr 27 2015 01: +0,35.512,5,Sticker | iBUYPOWER | Katowice 2014
Apr 28 2015 01: +0,33.966,4,Sticker | iBUYPOWER | Katowice 2014
Apr 29 2015 01: +0,31.088,4,Sticker | iBUYPOWER | Katowice 2014
Apr 30 2015 01: +0,34.17,1,Sticker | iBUYPOWER | Katowice 2014
May 01 2015 01: +0,25.031,12,Sticker | iBUYPOWER | Katowice 2014
May 02 2015 01: +0,37.903,2,Sticker | iBUYPOWER | Katowice 2014
May 03 2015 01: +0,39.85,5,Sticker | iBUYPOWER | Katowice 2014
May 05 2015 01: +0,40.262,5,Sticker | iBUYPOWER | Katowice 2014
May 07 2015 01: +0,48.822,1,Sticker | iBUYPOWER | Katowice 2014
May 08 2015 01: +0,44.05,1,Sticker | iBUYPOWER | Katowice 2014
May 10 2015 01: +0,38.368,1,Sticker | iBUYPOWER | Katowice 2014
May 11 2015 01: +0,46.506,1,Sticker | iBUYPOWER | Katowice 2014
May 12 2015 01: +0,44.645,4,Sticker | iBUYPOWER | Katowice 2014
May 13 2015 01: +0,46.353,1,Sticker | iBUYPOWER | Katowice 2014
May 14 2015 01: +0,40.132,3,Sticker | iBUYPOWER | Katowice 2014
May 16 2015 01: +0,43.454,4,Sticker | iBUYPOWER | Katowice 2014
May 18 2015 01: +0,46.15,2,Sticker | iBUYPOWER | Katowice 2014
May 20 2015 01: +0,46.112,1,Sticker | iBUYPOWER | Katowice 2014
May 22 2015 01: +0,42.239,1,Sticker | iBUYPOWER | Katowice 2014
May 23 2015 01: +0,42.92,1,Sticker | iBUYPOWER | Katowice 2014
May 24 2015 01: +0,42.956,1,Sticker | iBUYPOWER | Katowice 2014
May 25 2015 01: +0,40.433,3,Sticker | iBUYPOWER | Katowice 2014
May 26 2015 01: +0,44.981,2,Sticker | iBUYPOWER | Katowice 2014
May 27 2015 01: +0,43.223,2,Sticker | iBUYPOWER | Katowice 2014
May 28 2015 01: +0,44.696,3,Sticker | iBUYPOWER | Katowice 2014
May 29 2015 01: +0,44.152,1,Sticker | iBUYPOWER | Katowice 2014
May 30 2015 01: +0,42.796,1,Sticker | iBUYPOWER | Katowice 2014
Jun 01 2015 01: +0,36.557,3,Sticker | iBUYPOWER | Katowice 2014
Jun 02 2015 01: +0,37.061,2,Sticker | iBUYPOWER | Katowice 2014
Jun 04 2015 01: +0,41.224,2,Sticker | iBUYPOWER | Katowice 2014
Jun 05 2015 01: +0,33.539,1,Sticker | iBUYPOWER | Katowice 2014
Jun 06 2015 01: +0,38.346,5,Sticker | iBUYPOWER | Katowice 2014
Jun 07 2015 01: +0,40.505,3,Sticker | iBUYPOWER | Katowice 2014
Jun 08 2015 01: +0,43.074,3,Sticker | iBUYPOWER | Katowice 2014
Jun 09 2015 01: +0,36.417,3,Sticker | iBUYPOWER | Katowice 2014
Jun 10 2015 01: +0,38.141,1,Sticker | iBUYPOWER | Katowice 2014
Jun 11 2015 01: +0,39.451,5,Sticker | iBUYPOWER | Katowice 2014
Jun 12 2015 01: +0,40.904,4,Sticker | iBUYPOWER | Katowice 2014
Jun 13 2015 01: +0,40.718,3,Sticker | iBUYPOWER | Katowice 2014
Jun 14 2015 01: +0,36.932,2,Sticker | iBUYPOWER | Katowice 2014
Jun 15 2015 01: +0,41.64,3,Sticker | iBUYPOWER | Katowice 2014
Jun 16 2015 01: +0,42.257,3,Sticker | iBUYPOWER | Katowice 2014
Jun 17 2015 01: +0,38.045,2,Sticker | iBUYPOWER | Katowice 2014
Jun 18 2015 01: +0,42.541,1,Sticker | iBUYPOWER | Katowice 2014
Jun 20 2015 01: +0,38.868,3,Sticker | iBUYPOWER | Katowice 2014
Jun 21 2015 01: +0,40.776,4,Sticker | iBUYPOWER | Katowice 2014
Jun 23 2015 01: +0,40.061,1,Sticker | iBUYPOWER | Katowice 2014
Jun 24 2015 01: +0,39.228,4,Sticker | iBUYPOWER | Katowice 2014
Jun 25 2015 01: +0,38.077,2,Sticker | iBUYPOWER | Katowice 2014
Jun 26 2015 01: +0,41.976,1,Sticker | iBUYPOWER | Katowice 2014
Jun 27 2015 01: +0,42.539,3,Sticker | iBUYPOWER | Katowice 2014
Jun 28 2015 01: +0,42.581,1,Sticker | iBUYPOWER | Katowice 2014
Jun 29 2015 01: +0,38.176,4,Sticker | iBUYPOWER | Katowice 2014
Jun 30 2015 01: +0,41.393,2,Sticker | iBUYPOWER | Katowice 2014
Jul 01 2015 01: +0,40.463,3,Sticker | iBUYPOWER | Katowice 2014
Jul 02 2015 01: +0,43.526,1,Sticker | iBUYPOWER | Katowice 2014
Jul 03 2015 01: +0,43.689,6,Sticker | iBUYPOWER | Katowice 2014
Jul 04 2015 01: +0,44.13,4,Sticker | iBUYPOWER | Katowice 2014
Jul 05 2015 01: +0,44.243,1,Sticker | iBUYPOWER | Katowice 2014
Jul 06 2015 01: +0,45.39,5,Sticker | iBUYPOWER | Katowice 2014
Jul 07 2015 01: +0,44.295,4,Sticker | iBUYPOWER | Katowice 2014
Jul 08 2015 01: +0,51.285,9,Sticker | iBUYPOWER | Katowice 2014
Jul 09 2015 01: +0,85.476,3,Sticker | iBUYPOWER | Katowice 2014
Jul 10 2015 01: +0,70.83,2,Sticker | iBUYPOWER | Katowice 2014
Jul 11 2015 01: +0,77.842,6,Sticker | iBUYPOWER | Katowice 2014
Jul 13 2015 01: +0,101.537,3,Sticker | iBUYPOWER | Katowice 2014
Jul 14 2015 01: +0,101.949,1,Sticker | iBUYPOWER | Katowice 2014
Jul 15 2015 01: +0,122.42,8,Sticker | iBUYPOWER | Katowice 2014
Jul 17 2015 01: +0,125.522,1,Sticker | iBUYPOWER | Katowice 2014
Jul 19 2015 01: +0,97.524,4,Sticker | iBUYPOWER | Katowice 2014
Jul 23 2015 01: +0,128.344,1,Sticker | iBUYPOWER | Katowice 2014
Jul 25 2015 01: +0,117.173,1,Sticker | iBUYPOWER | Katowice 2014
Jul 28 2015 01: +0,97.933,2,Sticker | iBUYPOWER | Katowice 2014
Jul 29 2015 01: +0,78.01,1,Sticker | iBUYPOWER | Katowice 2014
Jul 30 2015 01: +0,95.08,1,Sticker | iBUYPOWER | Katowice 2014
Aug 01 2015 01: +0,97.639,1,Sticker | iBUYPOWER | Katowice 2014
Aug 02 2015 01: +0,77.878,1,Sticker | iBUYPOWER | Katowice 2014
Aug 03 2015 01: +0,103.66,2,Sticker | iBUYPOWER | Katowice 2014
Aug 04 2015 01: +0,84.596,1,Sticker | iBUYPOWER | Katowice 2014
Aug 06 2015 01: +0,96.726,2,Sticker | iBUYPOWER | Katowice 2014
Aug 07 2015 01: +0,91.554,7,Sticker | iBUYPOWER | Katowice 2014
Aug 08 2015 01: +0,91.363,1,Sticker | iBUYPOWER | Katowice 2014
Aug 12 2015 01: +0,88.56,2,Sticker | iBUYPOWER | Katowice 2014
Aug 14 2015 01: +0,88.525,2,Sticker | iBUYPOWER | Katowice 2014
Aug 15 2015 01: +0,81.992,2,Sticker | iBUYPOWER | Katowice 2014
Aug 16 2015 01: +0,79.853,1,Sticker | iBUYPOWER | Katowice 2014
Aug 17 2015 01: +0,89.274,2,Sticker | iBUYPOWER | Katowice 2014
Aug 18 2015 01: +0,93.339,2,Sticker | iBUYPOWER | Katowice 2014
Aug 19 2015 01: +0,89.646,1,Sticker | iBUYPOWER | Katowice 2014
Aug 20 2015 01: +0,89.824,2,Sticker | iBUYPOWER | Katowice 2014
Aug 21 2015 01: +0,90.982,3,Sticker | iBUYPOWER | Katowice 2014
Aug 22 2015 01: +0,93.635,1,Sticker | iBUYPOWER | Katowice 2014
Aug 23 2015 01: +0,91.798,2,Sticker | iBUYPOWER | Katowice 2014
Aug 24 2015 01: +0,83.557,3,Sticker | iBUYPOWER | Katowice 2014
Aug 25 2015 01: +0,85.315,2,Sticker | iBUYPOWER | Katowice 2014
Aug 26 2015 01: +0,94.61,3,Sticker | iBUYPOWER | Katowice 2014
Aug 27 2015 01: +0,85.792,1,Sticker | iBUYPOWER | Katowice 2014
Aug 28 2015 01: +0,76.32,1,Sticker | iBUYPOWER | Katowice 2014
Aug 29 2015 01: +0,97.644,1,Sticker | iBUYPOWER | Katowice 2014
Sep 01 2015 01: +0,78.768,1,Sticker | iBUYPOWER | Katowice 2014
Sep 02 2015 01: +0,73.233,1,Sticker | iBUYPOWER | Katowice 2014
Sep 04 2015 01: +0,78.193,1,Sticker | iBUYPOWER | Katowice 2014
Sep 05 2015 01: +0,86.388,1,Sticker | iBUYPOWER | Katowice 2014
Sep 06 2015 01: +0,85.332,1,Sticker | iBUYPOWER | Katowice 2014
Sep 07 2015 01: +0,85.633,1,Sticker | iBUYPOWER | Katowice 2014
Sep 08 2015 01: +0,80.472,2,Sticker | iBUYPOWER | Katowice 2014
Sep 10 2015 01: +0,92.307,3,Sticker | iBUYPOWER | Katowice 2014
Sep 12 2015 01: +0,88.602,2,Sticker | iBUYPOWER | Katowice 2014
Sep 15 2015 01: +0,90.437,4,Sticker | iBUYPOWER | Katowice 2014
Sep 16 2015 01: +0,86.879,1,Sticker | iBUYPOWER | Katowice 2014
Sep 18 2015 01: +0,93.399,1,Sticker | iBUYPOWER | Katowice 2014
Sep 19 2015 01: +0,93.849,1,Sticker | iBUYPOWER | Katowice 2014
Sep 20 2015 01: +0,79.337,2,Sticker | iBUYPOWER | Katowice 2014
Sep 22 2015 01: +0,88.296,2,Sticker | iBUYPOWER | Katowice 2014
Sep 24 2015 01: +0,91.864,3,Sticker | iBUYPOWER | Katowice 2014
Sep 25 2015 01: +0,92.796,1,Sticker | iBUYPOWER | Katowice 2014
Sep 26 2015 01: +0,93.398,2,Sticker | iBUYPOWER | Katowice 2014
Sep 29 2015 01: +0,89.006,1,Sticker | iBUYPOWER | Katowice 2014
Sep 30 2015 01: +0,90.002,1,Sticker | iBUYPOWER | Katowice 2014
Oct 02 2015 01: +0,89.68,3,Sticker | iBUYPOWER | Katowice 2014
Oct 03 2015 01: +0,92.499,1,Sticker | iBUYPOWER | Katowice 2014
Oct 05 2015 01: +0,93.746,2,Sticker | iBUYPOWER | Katowice 2014
Oct 07 2015 01: +0,90.372,2,Sticker | iBUYPOWER | Katowice 2014
Oct 08 2015 01: +0,92.994,2,Sticker | iBUYPOWER | Katowice 2014
Oct 10 2015 01: +0,91.539,2,Sticker | iBUYPOWER | Katowice 2014
Oct 11 2015 01: +0,96.347,5,Sticker | iBUYPOWER | Katowice 2014
Oct 14 2015 01: +0,103.514,6,Sticker | iBUYPOWER | Katowice 2014
Oct 18 2015 01: +0,110.873,1,Sticker | iBUYPOWER | Katowice 2014
Oct 19 2015 01: +0,108.979,1,Sticker | iBUYPOWER | Katowice 2014
Oct 20 2015 01: +0,110.191,2,Sticker | iBUYPOWER | Katowice 2014
Oct 22 2015 01: +0,106.22,4,Sticker | iBUYPOWER | Katowice 2014
Oct 23 2015 01: +0,119.833,1,Sticker | iBUYPOWER | Katowice 2014
Oct 24 2015 01: +0,117.173,1,Sticker | iBUYPOWER | Katowice 2014
Oct 25 2015 01: +0,117.682,1,Sticker | iBUYPOWER | Katowice 2014
Oct 27 2015 01: +0,117.168,1,Sticker | iBUYPOWER | Katowice 2014
Oct 28 2015 01: +0,119.652,1,Sticker | iBUYPOWER | Katowice 2014
Oct 29 2015 01: +0,114.783,2,Sticker | iBUYPOWER | Katowice 2014
Oct 31 2015 01: +0,121.69,1,Sticker | iBUYPOWER | Katowice 2014
Nov 02 2015 01: +0,113.117,1,Sticker | iBUYPOWER | Katowice 2014
Nov 05 2015 01: +0,115.093,2,Sticker | iBUYPOWER | Katowice 2014
Nov 06 2015 01: +0,117.954,1,Sticker | iBUYPOWER | Katowice 2014
Nov 09 2015 01: +0,95.303,1,Sticker | iBUYPOWER | Katowice 2014
Nov 10 2015 01: +0,106.905,3,Sticker | iBUYPOWER | Katowice 2014
Nov 12 2015 01: +0,106.474,4,Sticker | iBUYPOWER | Katowice 2014
Nov 13 2015 01: +0,115.129,1,Sticker | iBUYPOWER | Katowice 2014
Nov 16 2015 01: +0,117.069,1,Sticker | iBUYPOWER | Katowice 2014
Nov 17 2015 01: +0,113.958,8,Sticker | iBUYPOWER | Katowice 2014
Nov 18 2015 01: +0,99.039,1,Sticker | iBUYPOWER | Katowice 2014
Nov 19 2015 01: +0,143.497,2,Sticker | iBUYPOWER | Katowice 2014
Nov 21 2015 01: +0,150.684,4,Sticker | iBUYPOWER | Katowice 2014
Nov 23 2015 01: +0,174.034,2,Sticker | iBUYPOWER | Katowice 2014
Nov 25 2015 01: +0,195.416,1,Sticker | iBUYPOWER | Katowice 2014
Nov 27 2015 01: +0,177.169,1,Sticker | iBUYPOWER | Katowice 2014
Nov 28 2015 01: +0,195.456,1,Sticker | iBUYPOWER | Katowice 2014
Nov 29 2015 01: +0,192.945,1,Sticker | iBUYPOWER | Katowice 2014
Dec 02 2015 01: +0,168.745,2,Sticker | iBUYPOWER | Katowice 2014
Dec 03 2015 01: +0,158.064,3,Sticker | iBUYPOWER | Katowice 2014
Dec 04 2015 01: +0,169.816,1,Sticker | iBUYPOWER | Katowice 2014
Dec 06 2015 01: +0,164.448,2,Sticker | iBUYPOWER | Katowice 2014
Dec 07 2015 01: +0,166.997,1,Sticker | iBUYPOWER | Katowice 2014
Dec 09 2015 01: +0,161.81,4,Sticker | iBUYPOWER | Katowice 2014
Dec 15 2015 01: +0,145.631,1,Sticker | iBUYPOWER | Katowice 2014
Dec 21 2015 01: +0,158.746,3,Sticker | iBUYPOWER | Katowice 2014
Dec 24 2015 01: +0,162.308,1,Sticker | iBUYPOWER | Katowice 2014
Dec 26 2015 01: +0,169.51,1,Sticker | iBUYPOWER | Katowice 2014
Dec 27 2015 01: +0,187.083,9,Sticker | iBUYPOWER | Katowice 2014
Dec 28 2015 01: +0,213.571,6,Sticker | iBUYPOWER | Katowice 2014
Dec 30 2015 01: +0,268.197,1,Sticker | iBUYPOWER | Katowice 2014
Jan 01 2016 01: +0,265.87,2,Sticker | iBUYPOWER | Katowice 2014
Jan 03 2016 01: +0,240.332,1,Sticker | iBUYPOWER | Katowice 2014
Jan 08 2016 01: +0,261.983,1,Sticker | iBUYPOWER | Katowice 2014
Jan 09 2016 01: +0,266.594,1,Sticker | iBUYPOWER | Katowice 2014
Jan 10 2016 01: +0,301.72,1,Sticker | iBUYPOWER | Katowice 2014
Jan 13 2016 01: +0,233.106,1,Sticker | iBUYPOWER | Katowice 2014
Jan 15 2016 01: +0,256.88,1,Sticker | iBUYPOWER | Katowice 2014
Jan 16 2016 01: +0,231.259,1,Sticker | iBUYPOWER | Katowice 2014
Jan 24 2016 01: +0,242.715,1,Sticker | iBUYPOWER | Katowice 2014
Jan 26 2016 01: +0,292.932,1,Sticker | iBUYPOWER | Katowice 2014
Jan 27 2016 01: +0,305.056,1,Sticker | iBUYPOWER | Katowice 2014
Jan 31 2016 01: +0,239.341,1,Sticker | iBUYPOWER | Katowice 2014
Feb 04 2016 01: +0,278.099,1,Sticker | iBUYPOWER | Katowice 2014
Feb 05 2016 01: +0,291.964,1,Sticker | iBUYPOWER | Katowice 2014
Feb 17 2016 01: +0,272.489,1,Sticker | iBUYPOWER | Katowice 2014
Feb 19 2016 01: +0,212.367,2,Sticker | iBUYPOWER | Katowice 2014
Feb 20 2016 01: +0,186.5,1,Sticker | iBUYPOWER | Katowice 2014
Feb 21 2016 01: +0,173.195,1,Sticker | iBUYPOWER | Katowice 2014
Feb 23 2016 01: +0,175.759,1,Sticker | iBUYPOWER | Katowice 2014
Feb 24 2016 01: +0,229.256,1,Sticker | iBUYPOWER | Katowice 2014
Feb 26 2016 01: +0,187.281,1,Sticker | iBUYPOWER | Katowice 2014
Feb 27 2016 01: +0,191.28,2,Sticker | iBUYPOWER | Katowice 2014
Mar 03 2016 01: +0,230.082,1,Sticker | iBUYPOWER | Katowice 2014
Mar 04 2016 01: +0,244.749,3,Sticker | iBUYPOWER | Katowice 2014
Mar 05 2016 01: +0,242.794,1,Sticker | iBUYPOWER | Katowice 2014
Mar 09 2016 01: +0,253.863,1,Sticker | iBUYPOWER | Katowice 2014
Mar 12 2016 01: +0,253.887,3,Sticker | iBUYPOWER | Katowice 2014
Mar 15 2016 01: +0,203.906,1,Sticker | iBUYPOWER | Katowice 2014
Mar 24 2016 01: +0,257.831,1,Sticker | iBUYPOWER | Katowice 2014
Mar 26 2016 01: +0,254.734,1,Sticker | iBUYPOWER | Katowice 2014
Apr 07 2016 01: +0,250.525,1,Sticker | iBUYPOWER | Katowice 2014
Apr 11 2016 01: +0,255.259,1,Sticker | iBUYPOWER | Katowice 2014
Apr 14 2016 01: +0,265.21,1,Sticker | iBUYPOWER | Katowice 2014
Apr 19 2016 01: +0,235.063,1,Sticker | iBUYPOWER | Katowice 2014
Apr 20 2016 01: +0,231.411,1,Sticker | iBUYPOWER | Katowice 2014
Apr 25 2016 01: +0,229.322,1,Sticker | iBUYPOWER | Katowice 2014
May 02 2016 01: +0,249.282,1,Sticker | iBUYPOWER | Katowice 2014
May 06 2016 01: +0,246.471,2,Sticker | iBUYPOWER | Katowice 2014
May 07 2016 01: +0,254.851,1,Sticker | iBUYPOWER | Katowice 2014
May 08 2016 01: +0,272.233,2,Sticker | iBUYPOWER | Katowice 2014
May 09 2016 01: +0,258.757,1,Sticker | iBUYPOWER | Katowice 2014
May 10 2016 01: +0,315.56,2,Sticker | iBUYPOWER | Katowice 2014
May 12 2016 01: +0,299.006,1,Sticker | iBUYPOWER | Katowice 2014
May 13 2016 01: +0,343.38,4,Sticker | iBUYPOWER | Katowice 2014
May 14 2016 01: +0,348.21,3,Sticker | iBUYPOWER | Katowice 2014
May 16 2016 01: +0,321.64,1,Sticker | iBUYPOWER | Katowice 2014
May 23 2016 01: +0,309.982,1,Sticker | iBUYPOWER | Katowice 2014
May 27 2016 01: +0,340.353,1,Sticker | iBUYPOWER | Katowice 2014
Jun 24 2016 01: +0,347.723,1,Sticker | iBUYPOWER | Katowice 2014
Jun 29 2016 01: +0,339.513,1,Sticker | iBUYPOWER | Katowice 2014
Jul 04 2016 01: +0,339.632,1,Sticker | iBUYPOWER | Katowice 2014
Jul 06 2016 01: +0,332.245,1,Sticker | iBUYPOWER | Katowice 2014
Jul 09 2016 01: +0,339.632,1,Sticker | iBUYPOWER | Katowice 2014
Jul 14 2016 01: +0,339.632,1,Sticker | iBUYPOWER | Katowice 2014
Jul 18 2016 01: +0,339.441,1,Sticker | iBUYPOWER | Katowice 2014
Jul 30 2016 01: +0,304.584,1,Sticker | iBUYPOWER | Katowice 2014
Jul 31 2016 01: +0,289.532,2,Sticker | iBUYPOWER | Katowice 2014
Aug 02 2016 01: +0,308.61,1,Sticker | iBUYPOWER | Katowice 2014
Aug 06 2016 01: +0,194.305,1,Sticker | iBUYPOWER | Katowice 2014
Aug 10 2016 01: +0,225.826,2,Sticker | iBUYPOWER | Katowice 2014
Aug 11 2016 01: +0,254.443,2,Sticker | iBUYPOWER | Katowice 2014
Aug 22 2016 01: +0,187.669,2,Sticker | iBUYPOWER | Katowice 2014
Aug 23 2016 01: +0,256.766,1,Sticker | iBUYPOWER | Katowice 2014
Aug 24 2016 01: +0,220.744,1,Sticker | iBUYPOWER | Katowice 2014
Sep 04 2016 01: +0,233.412,1,Sticker | iBUYPOWER | Katowice 2014
Sep 07 2016 01: +0,234.702,1,Sticker | iBUYPOWER | Katowice 2014
Sep 10 2016 01: +0,270.146,2,Sticker | iBUYPOWER | Katowice 2014
Sep 14 2016 01: +0,309.145,1,Sticker | iBUYPOWER | Katowice 2014
Sep 25 2016 01: +0,246.19,1,Sticker | iBUYPOWER | Katowice 2014
Sep 30 2016 01: +0,286.838,1,Sticker | iBUYPOWER | Katowice 2014
Oct 28 2016 01: +0,220.752,1,Sticker | iBUYPOWER | Katowice 2014
Oct 30 2016 01: +0,203.835,2,Sticker | iBUYPOWER | Katowice 2014
Nov 01 2016 01: +0,216.486,2,Sticker | iBUYPOWER | Katowice 2014
Nov 04 2016 01: +0,169.974,1,Sticker | iBUYPOWER | Katowice 2014
Nov 11 2016 01: +0,195.523,1,Sticker | iBUYPOWER | Katowice 2014
Nov 13 2016 01: +0,241.177,1,Sticker | iBUYPOWER | Katowice 2014
Nov 19 2016 01: +0,156.416,1,Sticker | iBUYPOWER | Katowice 2014
Nov 20 2016 01: +0,190.323,1,Sticker | iBUYPOWER | Katowice 2014
Nov 21 2016 01: +0,233.904,1,Sticker | iBUYPOWER | Katowice 2014
Nov 27 2016 01: +0,150.443,1,Sticker | iBUYPOWER | Katowice 2014
Dec 06 2016 01: +0,175.402,2,Sticker | iBUYPOWER | Katowice 2014
Dec 07 2016 01: +0,210.664,3,Sticker | iBUYPOWER | Katowice 2014
Dec 09 2016 01: +0,104.021,1,Sticker | iBUYPOWER | Katowice 2014
Dec 17 2016 01: +0,163.804,1,Sticker | iBUYPOWER | Katowice 2014
Dec 21 2016 01: +0,186.797,1,Sticker | iBUYPOWER | Katowice 2014
Dec 24 2016 01: +0,197.258,1,Sticker | iBUYPOWER | Katowice 2014
Dec 26 2016 01: +0,203.492,1,Sticker | iBUYPOWER | Katowice 2014
Jan 01 2017 01: +0,163.023,1,Sticker | iBUYPOWER | Katowice 2014
Jan 02 2017 01: +0,146.621,1,Sticker | iBUYPOWER | Katowice 2014
Jan 06 2017 01: +0,202.404,1,Sticker | iBUYPOWER | Katowice 2014
Jan 09 2017 01: +0,219.141,1,Sticker | iBUYPOWER | Katowice 2014
Jan 12 2017 01: +0,203.779,1,Sticker | iBUYPOWER | Katowice 2014
Jan 20 2017 01: +0,185.889,1,Sticker | iBUYPOWER | Katowice 2014
Jan 21 2017 01: +0,163.587,1,Sticker | iBUYPOWER | Katowice 2014
Feb 01 2017 01: +0,193.947,2,Sticker | iBUYPOWER | Katowice 2014
Feb 02 2017 01: +0,192.573,1,Sticker | iBUYPOWER | Katowice 2014
Feb 05 2017 01: +0,195.289,1,Sticker | iBUYPOWER | Katowice 2014
Feb 06 2017 01: +0,195.289,1,Sticker | iBUYPOWER | Katowice 2014
Feb 08 2017 01: +0,199.234,1,Sticker | iBUYPOWER | Katowice 2014
Feb 10 2017 01: +0,191.774,2,Sticker | iBUYPOWER | Katowice 2014
Feb 12 2017 01: +0,176.583,1,Sticker | iBUYPOWER | Katowice 2014
Feb 14 2017 01: +0,177.102,2,Sticker | iBUYPOWER | Katowice 2014
Feb 26 2017 01: +0,169.816,1,Sticker | iBUYPOWER | Katowice 2014
Mar 07 2017 01: +0,198.158,1,Sticker | iBUYPOWER | Katowice 2014
Mar 09 2017 01: +0,193.758,1,Sticker | iBUYPOWER | Katowice 2014
Mar 13 2017 01: +0,175.101,4,Sticker | iBUYPOWER | Katowice 2014
Mar 17 2017 01: +0,196.304,1,Sticker | iBUYPOWER | Katowice 2014
Mar 18 2017 01: +0,229.9,1,Sticker | iBUYPOWER | Katowice 2014
Mar 19 2017 01: +0,229.475,3,Sticker | iBUYPOWER | Katowice 2014
Mar 20 2017 01: +0,157.08,1,Sticker | iBUYPOWER | Katowice 2014
Mar 23 2017 01: +0,168.543,2,Sticker | iBUYPOWER | Katowice 2014
Mar 29 2017 01: +0,214.822,1,Sticker | iBUYPOWER | Katowice 2014
Mar 30 2017 01: +0,221.328,1,Sticker | iBUYPOWER | Katowice 2014
Mar 31 2017 01: +0,225.011,1,Sticker | iBUYPOWER | Katowice 2014
Apr 03 2017 01: +0,225.006,1,Sticker | iBUYPOWER | Katowice 2014
Apr 07 2017 01: +0,226.687,1,Sticker | iBUYPOWER | Katowice 2014
Apr 09 2017 01: +0,196.392,2,Sticker | iBUYPOWER | Katowice 2014
Apr 10 2017 01: +0,213.849,1,Sticker | iBUYPOWER | Katowice 2014
Apr 11 2017 01: +0,188.181,2,Sticker | iBUYPOWER | Katowice 2014
Apr 14 2017 01: +0,212.814,3,Sticker | iBUYPOWER | Katowice 2014
Apr 15 2017 01: +0,242.65,2,Sticker | iBUYPOWER | Katowice 2014
Apr 18 2017 01: +0,255.488,1,Sticker | iBUYPOWER | Katowice 2014
May 08 2017 01: +0,265.252,1,Sticker | iBUYPOWER | Katowice 2014
May 17 2017 01: +0,175.759,1,Sticker | iBUYPOWER | Katowice 2014
May 29 2017 01: +0,262.523,2,Sticker | iBUYPOWER | Katowice 2014
Jun 01 2017 01: +0,314.159,1,Sticker | iBUYPOWER | Katowice 2014
Jun 03 2017 01: +0,195.29,1,Sticker | iBUYPOWER | Katowice 2014
Jun 10 2017 01: +0,308.224,1,Sticker | iBUYPOWER | Katowice 2014
Jun 16 2017 01: +0,288.678,1,Sticker | iBUYPOWER | Katowice 2014
Jun 20 2017 01: +0,272.911,1,Sticker | iBUYPOWER | Katowice 2014
Jun 24 2017 01: +0,284.255,1,Sticker | iBUYPOWER | Katowice 2014
Jun 30 2017 01: +0,225.006,1,Sticker | iBUYPOWER | Katowice 2014
Jul 06 2017 01: +0,241.206,1,Sticker | iBUYPOWER | Katowice 2014
Jul 07 2017 01: +0,275.118,1,Sticker | iBUYPOWER | Katowice 2014
Jul 11 2017 01: +0,242.157,1,Sticker | iBUYPOWER | Katowice 2014
Jul 14 2017 01: +0,239.372,1,Sticker | iBUYPOWER | Katowice 2014
Jul 16 2017 01: +0,230.351,1,Sticker | iBUYPOWER | Katowice 2014
Jul 19 2017 01: +0,243.917,1,Sticker | iBUYPOWER | Katowice 2014
Jul 24 2017 01: +0,256.846,1,Sticker | iBUYPOWER | Katowice 2014
Jul 26 2017 01: +0,296.864,1,Sticker | iBUYPOWER | Katowice 2014
Aug 13 2017 01: +0,275.951,1,Sticker | iBUYPOWER | Katowice 2014
Aug 19 2017 01: +0,278.829,1,Sticker | iBUYPOWER | Katowice 2014
Aug 21 2017 01: +0,201.225,1,Sticker | iBUYPOWER | Katowice 2014
Aug 22 2017 01: +0,206.39,1,Sticker | iBUYPOWER | Katowice 2014
Aug 23 2017 01: +0,197.411,2,Sticker | iBUYPOWER | Katowice 2014
Aug 27 2017 01: +0,221.981,3,Sticker | iBUYPOWER | Katowice 2014
Aug 29 2017 01: +0,297.165,2,Sticker | iBUYPOWER | Katowice 2014
Sep 09 2017 01: +0,295.904,1,Sticker | iBUYPOWER | Katowice 2014
Sep 15 2017 01: +0,258.825,1,Sticker | iBUYPOWER | Katowice 2014
Sep 20 2017 01: +0,212.253,1,Sticker | iBUYPOWER | Katowice 2014
Sep 21 2017 01: +0,247.838,1,Sticker | iBUYPOWER | Katowice 2014
Sep 23 2017 01: +0,235.607,2,Sticker | iBUYPOWER | Katowice 2014
Sep 25 2017 01: +0,254.707,1,Sticker | iBUYPOWER | Katowice 2014
Sep 27 2017 01: +0,250.003,2,Sticker | iBUYPOWER | Katowice 2014
Oct 05 2017 01: +0,262.662,1,Sticker | iBUYPOWER | Katowice 2014
Oct 07 2017 01: +0,267.727,2,Sticker | iBUYPOWER | Katowice 2014
Oct 12 2017 01: +0,225.897,1,Sticker | iBUYPOWER | Katowice 2014
Oct 14 2017 01: +0,255.912,2,Sticker | iBUYPOWER | Katowice 2014
Oct 20 2017 01: +0,270.839,1,Sticker | iBUYPOWER | Katowice 2014
Oct 31 2017 01: +0,224.412,1,Sticker | iBUYPOWER | Katowice 2014
Nov 09 2017 01: +0,253.035,1,Sticker | iBUYPOWER | Katowice 2014
Nov 16 2017 01: +0,251.065,1,Sticker | iBUYPOWER | Katowice 2014
Nov 18 2017 01: +0,254.734,1,Sticker | iBUYPOWER | Katowice 2014
Nov 20 2017 01: +0,260.097,1,Sticker | iBUYPOWER | Katowice 2014
Nov 27 2017 01: +0,185.921,1,Sticker | iBUYPOWER | Katowice 2014
Nov 29 2017 01: +0,254.734,1,Sticker | iBUYPOWER | Katowice 2014
Nov 30 2017 01: +0,206.326,1,Sticker | iBUYPOWER | Katowice 2014
Dec 15 2017 01: +0,195.288,1,Sticker | iBUYPOWER | Katowice 2014
Dec 22 2017 01: +0,259.295,1,Sticker | iBUYPOWER | Katowice 2014
Jan 02 2018 01: +0,268.062,2,Sticker | iBUYPOWER | Katowice 2014
Jan 03 2018 01: +0,305.393,2,Sticker | iBUYPOWER | Katowice 2014
Jan 28 2018 01: +0,237.742,1,Sticker | iBUYPOWER | Katowice 2014
Jan 29 2018 01: +0,316.281,4,Sticker | iBUYPOWER | Katowice 2014
Feb 03 2018 01: +0,254.733,1,Sticker | iBUYPOWER | Katowice 2014
Mar 08 2018 01: +0,311.663,1,Sticker | iBUYPOWER | Katowice 2014
Mar 11 2018 01: +0,331.15,1,Sticker | iBUYPOWER | Katowice 2014
Mar 12 2018 01: +0,331.795,1,Sticker | iBUYPOWER | Katowice 2014
Mar 14 2018 01: +0,335.811,1,Sticker | iBUYPOWER | Katowice 2014
Mar 16 2018 01: +0,230.113,4,Sticker | iBUYPOWER | Katowice 2014
Mar 23 2018 01: +0,332.377,1,Sticker | iBUYPOWER | Katowice 2014
Apr 12 2018 01: +0,318.473,1,Sticker | iBUYPOWER | Katowice 2014
Apr 30 2018 01: +0,322.654,1,Sticker | iBUYPOWER | Katowice 2014
May 05 2018 01: +0,207.028,1,Sticker | iBUYPOWER | Katowice 2014
May 25 2018 01: +0,301.117,1,Sticker | iBUYPOWER | Katowice 2014
Jun 04 2018 01: +0,327.147,1,Sticker | iBUYPOWER | Katowice 2014
Jun 15 2018 01: +0,300.005,1,Sticker | iBUYPOWER | Katowice 2014
Jun 29 2018 01: +0,258.789,1,Sticker | iBUYPOWER | Katowice 2014
Jul 26 2018 01: +0,289.253,1,Sticker | iBUYPOWER | Katowice 2014
Jul 27 2018 01: +0,289.858,1,Sticker | iBUYPOWER | Katowice 2014
Jul 31 2018 01: +0,262.995,1,Sticker | iBUYPOWER | Katowice 2014
Aug 01 2018 01: +0,307.099,1,Sticker | iBUYPOWER | Katowice 2014
Aug 06 2018 01: +0,292.546,1,Sticker | iBUYPOWER | Katowice 2014
Aug 10 2018 01: +0,310.946,1,Sticker | iBUYPOWER | Katowice 2014
Aug 14 2018 01: +0,314.159,1,Sticker | iBUYPOWER | Katowice 2014
Aug 16 2018 01: +0,97.644,1,Sticker | iBUYPOWER | Katowice 2014
Aug 21 2018 01: +0,337.444,1,Sticker | iBUYPOWER | Katowice 2014
Aug 22 2018 01: +0,250.132,1,Sticker | iBUYPOWER | Katowice 2014
Aug 28 2018 01: +0,346.382,1,Sticker | iBUYPOWER | Katowice 2014
Sep 02 2018 01: +0,335.024,1,Sticker | iBUYPOWER | Katowice 2014
Sep 12 2018 01: +0,334.011,1,Sticker | iBUYPOWER | Katowice 2014
Oct 12 2018 01: +0,341.168,1,Sticker | iBUYPOWER | Katowice 2014
Oct 18 2018 01: +0,343.951,1,Sticker | iBUYPOWER | Katowice 2014
Nov 05 2018 01: +0,383.762,1,Sticker | iBUYPOWER | Katowice 2014
Nov 29 2018 01: +0,317.241,1,Sticker | iBUYPOWER | Katowice 2014
Dec 28 2018 01: +0,308.768,1,Sticker | iBUYPOWER | Katowice 2014
Jan 11 2019 01: +0,389.511,2,Sticker | iBUYPOWER | Katowice 2014
Jan 13 2019 01: +0,311.888,1,Sticker | iBUYPOWER | Katowice 2014
Jan 24 2019 01: +0,316.4,1,Sticker | iBUYPOWER | Katowice 2014
Mar 06 2019 01: +0,496.575,1,Sticker | iBUYPOWER | Katowice 2014
Mar 12 2019 01: +0,487.629,1,Sticker | iBUYPOWER | Katowice 2014
Mar 15 2019 01: +0,378.593,1,Sticker | iBUYPOWER | Katowice 2014
Apr 08 2019 01: +0,383.993,1,Sticker | iBUYPOWER | Katowice 2014
Apr 19 2019 01: +0,411.51,2,Sticker | iBUYPOWER | Katowice 2014
Apr 20 2019 01: +0,390.576,1,Sticker | iBUYPOWER | Katowice 2014
Apr 24 2019 01: +0,373.659,1,Sticker | iBUYPOWER | Katowice 2014
Apr 25 2019 01: +0,441.925,1,Sticker | iBUYPOWER | Katowice 2014
May 06 2019 01: +0,483.098,3,Sticker | iBUYPOWER | Katowice 2014
May 11 2019 01: +0,410.003,1,Sticker | iBUYPOWER | Katowice 2014
May 27 2019 01: +0,440.281,1,Sticker | iBUYPOWER | Katowice 2014
Jun 03 2019 01: +0,510.087,1,Sticker | iBUYPOWER | Katowice 2014
Jun 08 2019 01: +0,534.889,3,Sticker | iBUYPOWER | Katowice 2014
Jun 09 2019 01: +0,550.033,1,Sticker | iBUYPOWER | Katowice 2014
Jun 10 2019 01: +0,575.927,1,Sticker | iBUYPOWER | Katowice 2014
Jun 12 2019 01: +0,611.119,1,Sticker | iBUYPOWER | Katowice 2014
Jul 16 2019 01: +0,621.266,1,Sticker | iBUYPOWER | Katowice 2014
Jul 23 2019 01: +0,813.604,2,Sticker | iBUYPOWER | Katowice 2014
Aug 02 2019 01: +0,860.865,1,Sticker | iBUYPOWER | Katowice 2014
Aug 04 2019 01: +0,846.31,1,Sticker | iBUYPOWER | Katowice 2014
Aug 09 2019 01: +0,967.458,1,Sticker | iBUYPOWER | Katowice 2014
Aug 16 2019 01: +0,824.26,1,Sticker | iBUYPOWER | Katowice 2014
Oct 05 2019 01: +0,845.383,1,Sticker | iBUYPOWER | Katowice 2014
Oct 10 2019 01: +0,868.309,1,Sticker | iBUYPOWER | Katowice 2014
Oct 21 2019 01: +0,860.341,1,Sticker | iBUYPOWER | Katowice 2014
Nov 02 2019 01: +0,999.876,1,Sticker | iBUYPOWER | Katowice 2014
Nov 29 2019 01: +0,933.902,1,Sticker | iBUYPOWER | Katowice 2014
Dec 03 2019 01: +0,918.719,1,Sticker | iBUYPOWER | Katowice 2014
Jan 08 2020 01: +0,1012.209,1,Sticker | iBUYPOWER | Katowice 2014
Jan 18 2020 01: +0,812.228,1,Sticker | iBUYPOWER | Katowice 2014
Feb 03 2020 01: +0,927.619,1,Sticker | iBUYPOWER | Katowice 2014
Mar 27 2020 01: +0,947.733,1,Sticker | iBUYPOWER | Katowice 2014
Mar 28 2020 01: +0,706.439,1,Sticker | iBUYPOWER | Katowice 2014
Apr 17 2020 01: +0,716.625,1,Sticker | iBUYPOWER | Katowice 2014
Apr 19 2020 01: +0,720.301,1,Sticker | iBUYPOWER | Katowice 2014
May 05 2020 01: +0,950.975,1,Sticker | iBUYPOWER | Katowice 2014
May 12 2020 01: +0,931.44,1,Sticker | iBUYPOWER | Katowice 2014
May 22 2020 01: +0,793.895,1,Sticker | iBUYPOWER | Katowice 2014
Jun 01 2020 01: +0,810.454,1,Sticker | iBUYPOWER | Katowice 2014
Jun 14 2020 01: +0,967.911,1,Sticker | iBUYPOWER | Katowice 2014
Jun 24 2020 01: +0,768.361,1,Sticker | iBUYPOWER | Katowice 2014
Jul 07 2020 01: +0,954.163,3,Sticker | iBUYPOWER | Katowice 2014
Jul 09 2020 01: +0,967.815,1,Sticker | iBUYPOWER | Katowice 2014
Jul 12 2020 01: +0,970.602,2,Sticker | iBUYPOWER | Katowice 2014
Jul 13 2020 01: +0,1074.085,1,Sticker | iBUYPOWER | Katowice 2014
Aug 02 2020 01: +0,1203.335,1,Sticker | iBUYPOWER | Katowice 2014
Oct 09 2020 01: +0,1217.163,1,Sticker | iBUYPOWER | Katowice 2014
Oct 11 2020 01: +0,1234.824,1,Sticker | iBUYPOWER | Katowice 2014
Oct 29 2020 01: +0,1207.535,1,Sticker | iBUYPOWER | Katowice 2014
Nov 29 2020 01: +0,1399.248,1,Sticker | iBUYPOWER | Katowice 2014
Dec 12 2020 01: +0,1594.409,1,Sticker | iBUYPOWER | Katowice 2014
Dec 19 2020 01: +0,1605.447,2,Sticker | iBUYPOWER | Katowice 2014
Dec 22 2020 01: +0,1618.099,1,Sticker | iBUYPOWER | Katowice 2014
Feb 06 2021 01: +0,1552.119,1,Sticker | iBUYPOWER | Katowice 2014
Feb 23 2021 01: +0,1520.811,1,Sticker | iBUYPOWER | Katowice 2014
May 22 2021 01: +0,1428.261,1,Sticker | iBUYPOWER | Katowice 2014
Feb 25 2022 01: +0,1563.129,1,Sticker | iBUYPOWER | Katowice 2014
Mar 22 2022 01: +0,1528.342,1,Sticker | iBUYPOWER | Katowice 2014
Aug 30 2022 01: +0,1537.088,1,Sticker | iBUYPOWER | Katowice 2014
Sep 11 2022 01: +0,1378.207,1,Sticker | iBUYPOWER | Katowice 2014
Oct 08 2022 01: +0,1527.646,1,Sticker | iBUYPOWER | Katowice 2014
Apr 01 2023 01: +0,1377.639,1,Sticker | iBUYPOWER | Katowice 2014
May 20 2025 01: +0,1528.342,1,Sticker | iBUYPOWER | Katowice 2014
Aug 12 2025 01: +0,1528.342,1,Sticker | iBUYPOWER | Katowice 2014
Sep 25 2025 01: +0,1528.342,1,Sticker | iBUYPOWER | Katowice 2014
