date,price,volume,item
Jan 09 2015 01: +0,40.704,3,Galil AR | Chatterbox (Field-Tested)
Jan 10 2015 01: +0,98.421,2,Galil AR | Chatterbox (Field-Tested)
Jan 11 2015 01: +0,62.215,5,Galil AR | Chatterbox (Field-Tested)
Jan 12 2015 01: +0,50.183,8,Galil AR | Chatterbox (Field-Tested)
Jan 13 2015 01: +0,53.937,5,Galil AR | Chatterbox (Field-Tested)
Jan 14 2015 01: +0,43.103,5,Galil AR | Chatterbox (Field-Tested)
Jan 15 2015 01: +0,44.375,8,Galil AR | Chatterbox (Field-Tested)
Jan 16 2015 01: +0,58.179,3,Galil AR | Chatterbox (Field-Tested)
Jan 17 2015 01: +0,50.252,6,Galil AR | Chatterbox (Field-Tested)
Jan 18 2015 01: +0,47.68,6,Galil AR | Chatterbox (Field-Tested)
Jan 19 2015 01: +0,49.874,4,Galil AR | Chatterbox (Field-Tested)
Jan 20 2015 01: +0,57.839,3,Galil AR | Chatterbox (Field-Tested)
Jan 21 2015 01: +0,44.7,4,Galil AR | Chatterbox (Field-Tested)
Jan 22 2015 01: +0,44.027,6,Galil AR | Chatterbox (Field-Tested)
Jan 23 2015 01: +0,43.594,3,Galil AR | Chatterbox (Field-Tested)
Jan 24 2015 01: +0,43.018,6,Galil AR | Chatterbox (Field-Tested)
Jan 25 2015 01: +0,44.781,9,Galil AR | Chatterbox (Field-Tested)
Jan 26 2015 01: +0,48.652,3,Galil AR | Chatterbox (Field-Tested)
Jan 27 2015 01: +0,33.751,9,Galil AR | Chatterbox (Field-Tested)
Jan 28 2015 01: +0,34.699,10,Galil AR | Chatterbox (Field-Tested)
Jan 29 2015 01: +0,35.423,5,Galil AR | Chatterbox (Field-Tested)
Jan 30 2015 01: +0,37.906,8,Galil AR | Chatterbox (Field-Tested)
Jan 31 2015 01: +0,47.922,6,Galil AR | Chatterbox (Field-Tested)
Feb 01 2015 01: +0,37.105,9,Galil AR | Chatterbox (Field-Tested)
Feb 02 2015 01: +0,41.016,7,Galil AR | Chatterbox (Field-Tested)
Feb 03 2015 01: +0,40.266,9,Galil AR | Chatterbox (Field-Tested)
Feb 04 2015 01: +0,33.692,6,Galil AR | Chatterbox (Field-Tested)
Feb 05 2015 01: +0,31.126,13,Galil AR | Chatterbox (Field-Tested)
Feb 06 2015 01: +0,33.465,12,Galil AR | Chatterbox (Field-Tested)
Feb 07 2015 01: +0,33.291,10,Galil AR | Chatterbox (Field-Tested)
Feb 08 2015 01: +0,32.378,11,Galil AR | Chatterbox (Field-Tested)
Feb 09 2015 01: +0,31.703,6,Galil AR | Chatterbox (Field-Tested)
Feb 10 2015 01: +0,30.56,9,Galil AR | Chatterbox (Field-Tested)
Feb 11 2015 01: +0,32.852,11,Galil AR | Chatterbox (Field-Tested)
Feb 12 2015 01: +0,39.04,4,Galil AR | Chatterbox (Field-Tested)
Feb 13 2015 01: +0,33.39,6,Galil AR | Chatterbox (Field-Tested)
Feb 14 2015 01: +0,32.826,20,Galil AR | Chatterbox (Field-Tested)
Feb 15 2015 01: +0,36.846,12,Galil AR | Chatterbox (Field-Tested)
Feb 16 2015 01: +0,34.245,8,Galil AR | Chatterbox (Field-Tested)
Feb 17 2015 01: +0,33.661,6,Galil AR | Chatterbox (Field-Tested)
Feb 18 2015 01: +0,38.584,8,Galil AR | Chatterbox (Field-Tested)
Feb 19 2015 01: +0,36.592,10,Galil AR | Chatterbox (Field-Tested)
Feb 20 2015 01: +0,36.017,6,Galil AR | Chatterbox (Field-Tested)
Feb 21 2015 01: +0,35.71,10,Galil AR | Chatterbox (Field-Tested)
Feb 22 2015 01: +0,37.303,9,Galil AR | Chatterbox (Field-Tested)
Feb 23 2015 01: +0,38.085,8,Galil AR | Chatterbox (Field-Tested)
Feb 24 2015 01: +0,37.973,7,Galil AR | Chatterbox (Field-Tested)
Feb 25 2015 01: +0,35.853,5,Galil AR | Chatterbox (Field-Tested)
Feb 26 2015 01: +0,36.645,12,Galil AR | Chatterbox (Field-Tested)
Feb 27 2015 01: +0,36.144,8,Galil AR | Chatterbox (Field-Tested)
Feb 28 2015 01: +0,34.37,15,Galil AR | Chatterbox (Field-Tested)
Mar 01 2015 01: +0,33.638,10,Galil AR | Chatterbox (Field-Tested)
Mar 02 2015 01: +0,32.959,13,Galil AR | Chatterbox (Field-Tested)
Mar 03 2015 01: +0,34.515,7,Galil AR | Chatterbox (Field-Tested)
Mar 04 2015 01: +0,35.061,13,Galil AR | Chatterbox (Field-Tested)
Mar 05 2015 01: +0,37.725,8,Galil AR | Chatterbox (Field-Tested)
Mar 06 2015 01: +0,31.826,7,Galil AR | Chatterbox (Field-Tested)
Mar 07 2015 01: +0,31.528,15,Galil AR | Chatterbox (Field-Tested)
Mar 08 2015 01: +0,31.139,14,Galil AR | Chatterbox (Field-Tested)
Mar 09 2015 01: +0,32.756,9,Galil AR | Chatterbox (Field-Tested)
Mar 10 2015 01: +0,31.156,11,Galil AR | Chatterbox (Field-Tested)
Mar 11 2015 01: +0,28.045,7,Galil AR | Chatterbox (Field-Tested)
Mar 12 2015 01: +0,27.996,13,Galil AR | Chatterbox (Field-Tested)
Mar 13 2015 01: +0,30.715,15,Galil AR | Chatterbox (Field-Tested)
Mar 14 2015 01: +0,29.127,10,Galil AR | Chatterbox (Field-Tested)
Mar 15 2015 01: +0,28.007,17,Galil AR | Chatterbox (Field-Tested)
Mar 16 2015 01: +0,28.118,12,Galil AR | Chatterbox (Field-Tested)
Mar 17 2015 01: +0,27.965,6,Galil AR | Chatterbox (Field-Tested)
Mar 18 2015 01: +0,27.84,11,Galil AR | Chatterbox (Field-Tested)
Mar 19 2015 01: +0,27.844,8,Galil AR | Chatterbox (Field-Tested)
Mar 20 2015 01: +0,25.353,17,Galil AR | Chatterbox (Field-Tested)
Mar 21 2015 01: +0,24.113,15,Galil AR | Chatterbox (Field-Tested)
Mar 22 2015 01: +0,24.798,19,Galil AR | Chatterbox (Field-Tested)
Mar 23 2015 01: +0,26.193,14,Galil AR | Chatterbox (Field-Tested)
Mar 24 2015 01: +0,26.686,15,Galil AR | Chatterbox (Field-Tested)
Mar 25 2015 01: +0,29.658,12,Galil AR | Chatterbox (Field-Tested)
Mar 26 2015 01: +0,29.443,9,Galil AR | Chatterbox (Field-Tested)
Mar 27 2015 01: +0,30.84,11,Galil AR | Chatterbox (Field-Tested)
Mar 28 2015 01: +0,29.437,13,Galil AR | Chatterbox (Field-Tested)
Mar 29 2015 01: +0,26.611,16,Galil AR | Chatterbox (Field-Tested)
Mar 30 2015 01: +0,23.009,16,Galil AR | Chatterbox (Field-Tested)
Mar 31 2015 01: +0,26.572,17,Galil AR | Chatterbox (Field-Tested)
Apr 01 2015 01: +0,26.507,22,Galil AR | Chatterbox (Field-Tested)
Apr 02 2015 01: +0,28.117,12,Galil AR | Chatterbox (Field-Tested)
Apr 03 2015 01: +0,29.434,15,Galil AR | Chatterbox (Field-Tested)
Apr 04 2015 01: +0,26.741,13,Galil AR | Chatterbox (Field-Tested)
Apr 05 2015 01: +0,28.826,12,Galil AR | Chatterbox (Field-Tested)
Apr 06 2015 01: +0,27.564,12,Galil AR | Chatterbox (Field-Tested)
Apr 07 2015 01: +0,26.413,13,Galil AR | Chatterbox (Field-Tested)
Apr 08 2015 01: +0,24.922,13,Galil AR | Chatterbox (Field-Tested)
Apr 09 2015 01: +0,26.882,10,Galil AR | Chatterbox (Field-Tested)
Apr 10 2015 01: +0,25.945,13,Galil AR | Chatterbox (Field-Tested)
Apr 11 2015 01: +0,23.663,24,Galil AR | Chatterbox (Field-Tested)
Apr 12 2015 01: +0,21.797,18,Galil AR | Chatterbox (Field-Tested)
Apr 13 2015 01: +0,23.195,23,Galil AR | Chatterbox (Field-Tested)
Apr 14 2015 01: +0,23.499,15,Galil AR | Chatterbox (Field-Tested)
Apr 15 2015 01: +0,24.431,13,Galil AR | Chatterbox (Field-Tested)
Apr 16 2015 01: +0,17.907,20,Galil AR | Chatterbox (Field-Tested)
Apr 17 2015 01: +0,18.103,28,Galil AR | Chatterbox (Field-Tested)
Apr 18 2015 01: +0,17.544,21,Galil AR | Chatterbox (Field-Tested)
Apr 19 2015 01: +0,19.57,21,Galil AR | Chatterbox (Field-Tested)
Apr 20 2015 01: +0,16.636,28,Galil AR | Chatterbox (Field-Tested)
Apr 21 2015 01: +0,18.522,27,Galil AR | Chatterbox (Field-Tested)
Apr 22 2015 01: +0,18.342,14,Galil AR | Chatterbox (Field-Tested)
Apr 23 2015 01: +0,17.81,22,Galil AR | Chatterbox (Field-Tested)
Apr 24 2015 01: +0,17.727,21,Galil AR | Chatterbox (Field-Tested)
Apr 25 2015 01: +0,18.105,19,Galil AR | Chatterbox (Field-Tested)
Apr 26 2015 01: +0,17.079,19,Galil AR | Chatterbox (Field-Tested)
Apr 27 2015 01: +0,17.633,14,Galil AR | Chatterbox (Field-Tested)
Apr 28 2015 01: +0,17.725,12,Galil AR | Chatterbox (Field-Tested)
Apr 29 2015 01: +0,17.779,14,Galil AR | Chatterbox (Field-Tested)
Apr 30 2015 01: +0,18.117,28,Galil AR | Chatterbox (Field-Tested)
May 01 2015 01: +0,16.691,27,Galil AR | Chatterbox (Field-Tested)
May 02 2015 01: +0,19.599,16,Galil AR | Chatterbox (Field-Tested)
May 03 2015 01: +0,17.993,24,Galil AR | Chatterbox (Field-Tested)
May 04 2015 01: +0,17.56,15,Galil AR | Chatterbox (Field-Tested)
May 05 2015 01: +0,17.222,25,Galil AR | Chatterbox (Field-Tested)
May 06 2015 01: +0,19.956,15,Galil AR | Chatterbox (Field-Tested)
May 07 2015 01: +0,19.444,14,Galil AR | Chatterbox (Field-Tested)
May 08 2015 01: +0,19.053,13,Galil AR | Chatterbox (Field-Tested)
May 09 2015 01: +0,18.123,23,Galil AR | Chatterbox (Field-Tested)
May 10 2015 01: +0,18.878,25,Galil AR | Chatterbox (Field-Tested)
May 11 2015 01: +0,17.831,14,Galil AR | Chatterbox (Field-Tested)
May 12 2015 01: +0,18.65,11,Galil AR | Chatterbox (Field-Tested)
May 13 2015 01: +0,18.022,17,Galil AR | Chatterbox (Field-Tested)
May 14 2015 01: +0,17.852,22,Galil AR | Chatterbox (Field-Tested)
May 15 2015 01: +0,17.724,20,Galil AR | Chatterbox (Field-Tested)
May 16 2015 01: +0,20.444,15,Galil AR | Chatterbox (Field-Tested)
May 17 2015 01: +0,20.389,14,Galil AR | Chatterbox (Field-Tested)
May 18 2015 01: +0,18.384,9,Galil AR | Chatterbox (Field-Tested)
May 19 2015 01: +0,15.885,21,Galil AR | Chatterbox (Field-Tested)
May 20 2015 01: +0,16.132,24,Galil AR | Chatterbox (Field-Tested)
May 21 2015 01: +0,17.417,19,Galil AR | Chatterbox (Field-Tested)
May 22 2015 01: +0,18.702,21,Galil AR | Chatterbox (Field-Tested)
May 23 2015 01: +0,19.817,17,Galil AR | Chatterbox (Field-Tested)
May 24 2015 01: +0,18.798,12,Galil AR | Chatterbox (Field-Tested)
May 25 2015 01: +0,18.148,15,Galil AR | Chatterbox (Field-Tested)
May 26 2015 01: +0,18.592,18,Galil AR | Chatterbox (Field-Tested)
May 27 2015 01: +0,14.606,36,Galil AR | Chatterbox (Field-Tested)
May 28 2015 01: +0,14.94,22,Galil AR | Chatterbox (Field-Tested)
May 29 2015 01: +0,14.867,28,Galil AR | Chatterbox (Field-Tested)
May 30 2015 01: +0,15.069,28,Galil AR | Chatterbox (Field-Tested)
May 31 2015 01: +0,14.917,30,Galil AR | Chatterbox (Field-Tested)
Jun 01 2015 01: +0,15.843,23,Galil AR | Chatterbox (Field-Tested)
Jun 02 2015 01: +0,17.256,19,Galil AR | Chatterbox (Field-Tested)
Jun 03 2015 01: +0,17.134,21,Galil AR | Chatterbox (Field-Tested)
Jun 04 2015 01: +0,16.157,25,Galil AR | Chatterbox (Field-Tested)
Jun 05 2015 01: +0,16.351,31,Galil AR | Chatterbox (Field-Tested)
Jun 06 2015 01: +0,15.56,20,Galil AR | Chatterbox (Field-Tested)
Jun 07 2015 01: +0,14.155,35,Galil AR | Chatterbox (Field-Tested)
Jun 08 2015 01: +0,13.889,29,Galil AR | Chatterbox (Field-Tested)
Jun 09 2015 01: +0,15.406,20,Galil AR | Chatterbox (Field-Tested)
Jun 10 2015 01: +0,14.848,17,Galil AR | Chatterbox (Field-Tested)
Jun 11 2015 01: +0,15.212,21,Galil AR | Chatterbox (Field-Tested)
Jun 12 2015 01: +0,15.118,15,Galil AR | Chatterbox (Field-Tested)
Jun 13 2015 01: +0,14.127,19,Galil AR | Chatterbox (Field-Tested)
Jun 14 2015 01: +0,14.045,23,Galil AR | Chatterbox (Field-Tested)
Jun 15 2015 01: +0,13.473,27,Galil AR | Chatterbox (Field-Tested)
Jun 16 2015 01: +0,13.894,27,Galil AR | Chatterbox (Field-Tested)
Jun 17 2015 01: +0,13.882,18,Galil AR | Chatterbox (Field-Tested)
Jun 18 2015 01: +0,14.663,24,Galil AR | Chatterbox (Field-Tested)
Jun 19 2015 01: +0,14.041,24,Galil AR | Chatterbox (Field-Tested)
Jun 20 2015 01: +0,14.182,24,Galil AR | Chatterbox (Field-Tested)
Jun 21 2015 01: +0,14.103,16,Galil AR | Chatterbox (Field-Tested)
Jun 22 2015 01: +0,13.051,24,Galil AR | Chatterbox (Field-Tested)
Jun 23 2015 01: +0,13.987,21,Galil AR | Chatterbox (Field-Tested)
Jun 24 2015 01: +0,14.783,18,Galil AR | Chatterbox (Field-Tested)
Jun 25 2015 01: +0,14.184,13,Galil AR | Chatterbox (Field-Tested)
Jun 26 2015 01: +0,14.423,25,Galil AR | Chatterbox (Field-Tested)
Jun 27 2015 01: +0,13.873,21,Galil AR | Chatterbox (Field-Tested)
Jun 28 2015 01: +0,13.833,15,Galil AR | Chatterbox (Field-Tested)
Jun 29 2015 01: +0,14.276,19,Galil AR | Chatterbox (Field-Tested)
Jun 30 2015 01: +0,14.415,20,Galil AR | Chatterbox (Field-Tested)
Jul 01 2015 01: +0,13.396,21,Galil AR | Chatterbox (Field-Tested)
Jul 02 2015 01: +0,14.534,25,Galil AR | Chatterbox (Field-Tested)
Jul 03 2015 01: +0,15.209,14,Galil AR | Chatterbox (Field-Tested)
Jul 04 2015 01: +0,15.575,17,Galil AR | Chatterbox (Field-Tested)
Jul 05 2015 01: +0,15.453,23,Galil AR | Chatterbox (Field-Tested)
Jul 06 2015 01: +0,14.312,14,Galil AR | Chatterbox (Field-Tested)
Jul 07 2015 01: +0,15.037,14,Galil AR | Chatterbox (Field-Tested)
Jul 08 2015 01: +0,14.533,19,Galil AR | Chatterbox (Field-Tested)
Jul 09 2015 01: +0,14.038,18,Galil AR | Chatterbox (Field-Tested)
Jul 10 2015 01: +0,14.486,25,Galil AR | Chatterbox (Field-Tested)
Jul 11 2015 01: +0,15.513,22,Galil AR | Chatterbox (Field-Tested)
Jul 12 2015 01: +0,14.899,23,Galil AR | Chatterbox (Field-Tested)
Jul 13 2015 01: +0,13.74,19,Galil AR | Chatterbox (Field-Tested)
Jul 14 2015 01: +0,12.785,17,Galil AR | Chatterbox (Field-Tested)
Jul 15 2015 01: +0,14.11,19,Galil AR | Chatterbox (Field-Tested)
Jul 16 2015 01: +0,14.391,21,Galil AR | Chatterbox (Field-Tested)
Jul 17 2015 01: +0,12.845,23,Galil AR | Chatterbox (Field-Tested)
Jul 18 2015 01: +0,13.482,28,Galil AR | Chatterbox (Field-Tested)
Jul 19 2015 01: +0,13.742,15,Galil AR | Chatterbox (Field-Tested)
Jul 20 2015 01: +0,13.512,21,Galil AR | Chatterbox (Field-Tested)
Jul 21 2015 01: +0,13.155,16,Galil AR | Chatterbox (Field-Tested)
Jul 22 2015 01: +0,13.551,17,Galil AR | Chatterbox (Field-Tested)
Jul 23 2015 01: +0,12.549,14,Galil AR | Chatterbox (Field-Tested)
Jul 24 2015 01: +0,13.443,21,Galil AR | Chatterbox (Field-Tested)
Jul 25 2015 01: +0,12.409,13,Galil AR | Chatterbox (Field-Tested)
Jul 26 2015 01: +0,12.451,24,Galil AR | Chatterbox (Field-Tested)
Jul 27 2015 01: +0,12.83,17,Galil AR | Chatterbox (Field-Tested)
Jul 28 2015 01: +0,13.359,21,Galil AR | Chatterbox (Field-Tested)
Jul 29 2015 01: +0,13.123,21,Galil AR | Chatterbox (Field-Tested)
Jul 30 2015 01: +0,13.403,17,Galil AR | Chatterbox (Field-Tested)
Jul 31 2015 01: +0,13.031,14,Galil AR | Chatterbox (Field-Tested)
Aug 01 2015 01: +0,13.294,18,Galil AR | Chatterbox (Field-Tested)
Aug 02 2015 01: +0,12.821,23,Galil AR | Chatterbox (Field-Tested)
Aug 03 2015 01: +0,13.317,16,Galil AR | Chatterbox (Field-Tested)
Aug 04 2015 01: +0,13.88,17,Galil AR | Chatterbox (Field-Tested)
Aug 05 2015 01: +0,13.096,16,Galil AR | Chatterbox (Field-Tested)
Aug 06 2015 01: +0,14.245,11,Galil AR | Chatterbox (Field-Tested)
Aug 07 2015 01: +0,12.476,12,Galil AR | Chatterbox (Field-Tested)
Aug 08 2015 01: +0,13.108,25,Galil AR | Chatterbox (Field-Tested)
Aug 09 2015 01: +0,12.473,17,Galil AR | Chatterbox (Field-Tested)
Aug 10 2015 01: +0,12.242,23,Galil AR | Chatterbox (Field-Tested)
Aug 11 2015 01: +0,13.288,26,Galil AR | Chatterbox (Field-Tested)
Aug 12 2015 01: +0,13.948,14,Galil AR | Chatterbox (Field-Tested)
Aug 13 2015 01: +0,12.126,12,Galil AR | Chatterbox (Field-Tested)
Aug 14 2015 01: +0,12.234,18,Galil AR | Chatterbox (Field-Tested)
Aug 15 2015 01: +0,12.286,25,Galil AR | Chatterbox (Field-Tested)
Aug 16 2015 01: +0,11.529,23,Galil AR | Chatterbox (Field-Tested)
Aug 17 2015 01: +0,12.818,24,Galil AR | Chatterbox (Field-Tested)
Aug 18 2015 01: +0,12.177,17,Galil AR | Chatterbox (Field-Tested)
Aug 19 2015 01: +0,11.829,16,Galil AR | Chatterbox (Field-Tested)
Aug 20 2015 01: +0,11.56,31,Galil AR | Chatterbox (Field-Tested)
Aug 21 2015 01: +0,12.253,21,Galil AR | Chatterbox (Field-Tested)
Aug 22 2015 01: +0,13.465,26,Galil AR | Chatterbox (Field-Tested)
Aug 23 2015 01: +0,13.504,22,Galil AR | Chatterbox (Field-Tested)
Aug 24 2015 01: +0,12.652,15,Galil AR | Chatterbox (Field-Tested)
Aug 25 2015 01: +0,13.57,15,Galil AR | Chatterbox (Field-Tested)
Aug 26 2015 01: +0,13.938,23,Galil AR | Chatterbox (Field-Tested)
Aug 27 2015 01: +0,12.981,15,Galil AR | Chatterbox (Field-Tested)
Aug 28 2015 01: +0,13.397,20,Galil AR | Chatterbox (Field-Tested)
Aug 29 2015 01: +0,13.252,23,Galil AR | Chatterbox (Field-Tested)
Aug 30 2015 01: +0,13.955,26,Galil AR | Chatterbox (Field-Tested)
Aug 31 2015 01: +0,13.889,12,Galil AR | Chatterbox (Field-Tested)
Sep 01 2015 01: +0,13.353,15,Galil AR | Chatterbox (Field-Tested)
Sep 02 2015 01: +0,13.588,16,Galil AR | Chatterbox (Field-Tested)
Sep 03 2015 01: +0,14.087,17,Galil AR | Chatterbox (Field-Tested)
Sep 04 2015 01: +0,14.645,14,Galil AR | Chatterbox (Field-Tested)
Sep 05 2015 01: +0,12.639,33,Galil AR | Chatterbox (Field-Tested)
Sep 06 2015 01: +0,14.028,14,Galil AR | Chatterbox (Field-Tested)
Sep 07 2015 01: +0,12.883,16,Galil AR | Chatterbox (Field-Tested)
Sep 08 2015 01: +0,13.818,12,Galil AR | Chatterbox (Field-Tested)
Sep 09 2015 01: +0,13.09,16,Galil AR | Chatterbox (Field-Tested)
Sep 10 2015 01: +0,13.67,18,Galil AR | Chatterbox (Field-Tested)
Sep 11 2015 01: +0,12.655,17,Galil AR | Chatterbox (Field-Tested)
Sep 12 2015 01: +0,12.524,23,Galil AR | Chatterbox (Field-Tested)
Sep 13 2015 01: +0,12.948,23,Galil AR | Chatterbox (Field-Tested)
Sep 14 2015 01: +0,12.602,19,Galil AR | Chatterbox (Field-Tested)
Sep 15 2015 01: +0,12.474,16,Galil AR | Chatterbox (Field-Tested)
Sep 16 2015 01: +0,14.087,19,Galil AR | Chatterbox (Field-Tested)
Sep 17 2015 01: +0,14.431,19,Galil AR | Chatterbox (Field-Tested)
Sep 18 2015 01: +0,13.13,21,Galil AR | Chatterbox (Field-Tested)
Sep 19 2015 01: +0,11.523,30,Galil AR | Chatterbox (Field-Tested)
Sep 20 2015 01: +0,11.72,33,Galil AR | Chatterbox (Field-Tested)
Sep 21 2015 01: +0,10.568,22,Galil AR | Chatterbox (Field-Tested)
Sep 22 2015 01: +0,11.768,20,Galil AR | Chatterbox (Field-Tested)
Sep 23 2015 01: +0,11.575,17,Galil AR | Chatterbox (Field-Tested)
Sep 24 2015 01: +0,12.422,14,Galil AR | Chatterbox (Field-Tested)
Sep 25 2015 01: +0,11.971,17,Galil AR | Chatterbox (Field-Tested)
Sep 26 2015 01: +0,12.852,15,Galil AR | Chatterbox (Field-Tested)
Sep 27 2015 01: +0,11.404,23,Galil AR | Chatterbox (Field-Tested)
Sep 28 2015 01: +0,12.907,15,Galil AR | Chatterbox (Field-Tested)
Sep 29 2015 01: +0,12.723,16,Galil AR | Chatterbox (Field-Tested)
Sep 30 2015 01: +0,12.457,10,Galil AR | Chatterbox (Field-Tested)
Oct 01 2015 01: +0,12.628,14,Galil AR | Chatterbox (Field-Tested)
Oct 02 2015 01: +0,12.853,18,Galil AR | Chatterbox (Field-Tested)
Oct 03 2015 01: +0,12.126,21,Galil AR | Chatterbox (Field-Tested)
Oct 04 2015 01: +0,10.971,13,Galil AR | Chatterbox (Field-Tested)
Oct 05 2015 01: +0,11.534,12,Galil AR | Chatterbox (Field-Tested)
Oct 06 2015 01: +0,11.478,17,Galil AR | Chatterbox (Field-Tested)
Oct 07 2015 01: +0,11.543,11,Galil AR | Chatterbox (Field-Tested)
Oct 08 2015 01: +0,11.424,18,Galil AR | Chatterbox (Field-Tested)
Oct 09 2015 01: +0,11.32,18,Galil AR | Chatterbox (Field-Tested)
Oct 10 2015 01: +0,11.586,25,Galil AR | Chatterbox (Field-Tested)
Oct 11 2015 01: +0,12.206,17,Galil AR | Chatterbox (Field-Tested)
Oct 12 2015 01: +0,12.573,12,Galil AR | Chatterbox (Field-Tested)
Oct 13 2015 01: +0,12.267,13,Galil AR | Chatterbox (Field-Tested)
Oct 14 2015 01: +0,11.848,19,Galil AR | Chatterbox (Field-Tested)
Oct 15 2015 01: +0,11.21,20,Galil AR | Chatterbox (Field-Tested)
Oct 16 2015 01: +0,11.631,16,Galil AR | Chatterbox (Field-Tested)
Oct 17 2015 01: +0,12.368,16,Galil AR | Chatterbox (Field-Tested)
Oct 18 2015 01: +0,10.888,20,Galil AR | Chatterbox (Field-Tested)
Oct 19 2015 01: +0,12.411,20,Galil AR | Chatterbox (Field-Tested)
Oct 20 2015 01: +0,11.851,15,Galil AR | Chatterbox (Field-Tested)
Oct 21 2015 01: +0,10.847,14,Galil AR | Chatterbox (Field-Tested)
Oct 22 2015 01: +0,9.922,17,Galil AR | Chatterbox (Field-Tested)
Oct 23 2015 01: +0,9.889,23,Galil AR | Chatterbox (Field-Tested)
Oct 24 2015 01: +0,11.465,23,Galil AR | Chatterbox (Field-Tested)
Oct 25 2015 01: +0,10.805,20,Galil AR | Chatterbox (Field-Tested)
Oct 26 2015 01: +0,10.035,20,Galil AR | Chatterbox (Field-Tested)
Oct 27 2015 01: +0,9.608,33,Galil AR | Chatterbox (Field-Tested)
Oct 28 2015 01: +0,11.148,14,Galil AR | Chatterbox (Field-Tested)
Oct 29 2015 01: +0,9.567,17,Galil AR | Chatterbox (Field-Tested)
Oct 30 2015 01: +0,10.255,25,Galil AR | Chatterbox (Field-Tested)
Oct 31 2015 01: +0,11.953,22,Galil AR | Chatterbox (Field-Tested)
Nov 01 2015 01: +0,11.442,13,Galil AR | Chatterbox (Field-Tested)
Nov 02 2015 01: +0,11.074,20,Galil AR | Chatterbox (Field-Tested)
Nov 03 2015 01: +0,10.328,10,Galil AR | Chatterbox (Field-Tested)
Nov 04 2015 01: +0,10.208,14,Galil AR | Chatterbox (Field-Tested)
Nov 05 2015 01: +0,10.619,20,Galil AR | Chatterbox (Field-Tested)
Nov 06 2015 01: +0,10.905,20,Galil AR | Chatterbox (Field-Tested)
Nov 07 2015 01: +0,11.399,21,Galil AR | Chatterbox (Field-Tested)
Nov 08 2015 01: +0,11.078,13,Galil AR | Chatterbox (Field-Tested)
Nov 09 2015 01: +0,10.626,18,Galil AR | Chatterbox (Field-Tested)
Nov 10 2015 01: +0,9.923,5,Galil AR | Chatterbox (Field-Tested)
Nov 11 2015 01: +0,9.919,23,Galil AR | Chatterbox (Field-Tested)
Nov 12 2015 01: +0,10.18,12,Galil AR | Chatterbox (Field-Tested)
Nov 13 2015 01: +0,10.981,15,Galil AR | Chatterbox (Field-Tested)
Nov 14 2015 01: +0,10.442,18,Galil AR | Chatterbox (Field-Tested)
Nov 15 2015 01: +0,11.264,19,Galil AR | Chatterbox (Field-Tested)
Nov 16 2015 01: +0,10.487,11,Galil AR | Chatterbox (Field-Tested)
Nov 17 2015 01: +0,10.636,10,Galil AR | Chatterbox (Field-Tested)
Nov 18 2015 01: +0,11.314,14,Galil AR | Chatterbox (Field-Tested)
Nov 19 2015 01: +0,10.361,10,Galil AR | Chatterbox (Field-Tested)
Nov 20 2015 01: +0,10.391,11,Galil AR | Chatterbox (Field-Tested)
Nov 21 2015 01: +0,10.659,17,Galil AR | Chatterbox (Field-Tested)
Nov 22 2015 01: +0,11.491,11,Galil AR | Chatterbox (Field-Tested)
Nov 23 2015 01: +0,11.009,15,Galil AR | Chatterbox (Field-Tested)
Nov 24 2015 01: +0,11.052,11,Galil AR | Chatterbox (Field-Tested)
Nov 25 2015 01: +0,10.679,22,Galil AR | Chatterbox (Field-Tested)
Nov 26 2015 01: +0,10.379,19,Galil AR | Chatterbox (Field-Tested)
Nov 27 2015 01: +0,10.653,13,Galil AR | Chatterbox (Field-Tested)
Nov 28 2015 01: +0,9.301,22,Galil AR | Chatterbox (Field-Tested)
Nov 29 2015 01: +0,9.532,13,Galil AR | Chatterbox (Field-Tested)
Nov 30 2015 01: +0,9.13,14,Galil AR | Chatterbox (Field-Tested)
Dec 01 2015 01: +0,8.7,23,Galil AR | Chatterbox (Field-Tested)
Dec 02 2015 01: +0,9.65,11,Galil AR | Chatterbox (Field-Tested)
Dec 03 2015 01: +0,9.814,23,Galil AR | Chatterbox (Field-Tested)
Dec 04 2015 01: +0,10.992,16,Galil AR | Chatterbox (Field-Tested)
Dec 05 2015 01: +0,10.026,17,Galil AR | Chatterbox (Field-Tested)
Dec 06 2015 01: +0,11.592,16,Galil AR | Chatterbox (Field-Tested)
Dec 07 2015 01: +0,11.493,9,Galil AR | Chatterbox (Field-Tested)
Dec 08 2015 01: +0,12.263,11,Galil AR | Chatterbox (Field-Tested)
Dec 09 2015 01: +0,11.144,7,Galil AR | Chatterbox (Field-Tested)
Dec 10 2015 01: +0,10.458,10,Galil AR | Chatterbox (Field-Tested)
Dec 11 2015 01: +0,9.65,12,Galil AR | Chatterbox (Field-Tested)
Dec 12 2015 01: +0,10.162,17,Galil AR | Chatterbox (Field-Tested)
Dec 13 2015 01: +0,9.955,20,Galil AR | Chatterbox (Field-Tested)
Dec 14 2015 01: +0,10.86,8,Galil AR | Chatterbox (Field-Tested)
Dec 15 2015 01: +0,11.049,10,Galil AR | Chatterbox (Field-Tested)
Dec 16 2015 01: +0,10.458,14,Galil AR | Chatterbox (Field-Tested)
Dec 17 2015 01: +0,10.25,14,Galil AR | Chatterbox (Field-Tested)
Dec 18 2015 01: +0,10.625,15,Galil AR | Chatterbox (Field-Tested)
Dec 19 2015 01: +0,10.76,15,Galil AR | Chatterbox (Field-Tested)
Dec 20 2015 01: +0,11.561,14,Galil AR | Chatterbox (Field-Tested)
Dec 21 2015 01: +0,11.546,18,Galil AR | Chatterbox (Field-Tested)
Dec 22 2015 01: +0,10.909,9,Galil AR | Chatterbox (Field-Tested)
Dec 23 2015 01: +0,9.41,15,Galil AR | Chatterbox (Field-Tested)
Dec 24 2015 01: +0,10.789,18,Galil AR | Chatterbox (Field-Tested)
Dec 25 2015 01: +0,11.376,19,Galil AR | Chatterbox (Field-Tested)
Dec 26 2015 01: +0,11.251,15,Galil AR | Chatterbox (Field-Tested)
Dec 27 2015 01: +0,10.921,15,Galil AR | Chatterbox (Field-Tested)
Dec 28 2015 01: +0,10.318,18,Galil AR | Chatterbox (Field-Tested)
Dec 29 2015 01: +0,9.641,20,Galil AR | Chatterbox (Field-Tested)
Dec 30 2015 01: +0,10.159,16,Galil AR | Chatterbox (Field-Tested)
Dec 31 2015 01: +0,11.227,16,Galil AR | Chatterbox (Field-Tested)
Jan 01 2016 01: +0,10.476,14,Galil AR | Chatterbox (Field-Tested)
Jan 02 2016 01: +0,10.533,14,Galil AR | Chatterbox (Field-Tested)
Jan 03 2016 01: +0,12.687,20,Galil AR | Chatterbox (Field-Tested)
Jan 04 2016 01: +0,10.612,12,Galil AR | Chatterbox (Field-Tested)
Jan 05 2016 01: +0,10.017,8,Galil AR | Chatterbox (Field-Tested)
Jan 06 2016 01: +0,10.911,17,Galil AR | Chatterbox (Field-Tested)
Jan 07 2016 01: +0,9.512,9,Galil AR | Chatterbox (Field-Tested)
Jan 08 2016 01: +0,9.398,19,Galil AR | Chatterbox (Field-Tested)
Jan 09 2016 01: +0,9.404,15,Galil AR | Chatterbox (Field-Tested)
Jan 10 2016 01: +0,9.349,17,Galil AR | Chatterbox (Field-Tested)
Jan 11 2016 01: +0,8.36,12,Galil AR | Chatterbox (Field-Tested)
Jan 12 2016 01: +0,9.289,12,Galil AR | Chatterbox (Field-Tested)
Jan 13 2016 01: +0,8.572,8,Galil AR | Chatterbox (Field-Tested)
Jan 14 2016 01: +0,9.128,24,Galil AR | Chatterbox (Field-Tested)
Jan 15 2016 01: +0,9.774,19,Galil AR | Chatterbox (Field-Tested)
Jan 16 2016 01: +0,10.672,18,Galil AR | Chatterbox (Field-Tested)
Jan 17 2016 01: +0,10.063,15,Galil AR | Chatterbox (Field-Tested)
Jan 18 2016 01: +0,10.114,14,Galil AR | Chatterbox (Field-Tested)
Jan 19 2016 01: +0,9.339,6,Galil AR | Chatterbox (Field-Tested)
Jan 20 2016 01: +0,9.333,14,Galil AR | Chatterbox (Field-Tested)
Jan 21 2016 01: +0,9.181,18,Galil AR | Chatterbox (Field-Tested)
Jan 22 2016 01: +0,9.441,18,Galil AR | Chatterbox (Field-Tested)
Jan 23 2016 01: +0,10.093,19,Galil AR | Chatterbox (Field-Tested)
Jan 24 2016 01: +0,10.71,9,Galil AR | Chatterbox (Field-Tested)
Jan 25 2016 01: +0,10.651,11,Galil AR | Chatterbox (Field-Tested)
Jan 26 2016 01: +0,10.537,10,Galil AR | Chatterbox (Field-Tested)
Jan 27 2016 01: +0,9.532,10,Galil AR | Chatterbox (Field-Tested)
Jan 28 2016 01: +0,9.593,13,Galil AR | Chatterbox (Field-Tested)
Jan 29 2016 01: +0,9.031,19,Galil AR | Chatterbox (Field-Tested)
Jan 30 2016 01: +0,10.454,21,Galil AR | Chatterbox (Field-Tested)
Jan 31 2016 01: +0,9.706,22,Galil AR | Chatterbox (Field-Tested)
Feb 01 2016 01: +0,9.884,15,Galil AR | Chatterbox (Field-Tested)
Feb 02 2016 01: +0,9.335,10,Galil AR | Chatterbox (Field-Tested)
Feb 03 2016 01: +0,9.268,17,Galil AR | Chatterbox (Field-Tested)
Feb 04 2016 01: +0,9.085,16,Galil AR | Chatterbox (Field-Tested)
Feb 05 2016 01: +0,9.569,16,Galil AR | Chatterbox (Field-Tested)
Feb 06 2016 01: +0,9.082,16,Galil AR | Chatterbox (Field-Tested)
Feb 07 2016 01: +0,9.374,9,Galil AR | Chatterbox (Field-Tested)
Feb 08 2016 01: +0,8.136,11,Galil AR | Chatterbox (Field-Tested)
Feb 09 2016 01: +0,8.69,21,Galil AR | Chatterbox (Field-Tested)
Feb 10 2016 01: +0,9.61,14,Galil AR | Chatterbox (Field-Tested)
Feb 11 2016 01: +0,8.796,19,Galil AR | Chatterbox (Field-Tested)
Feb 12 2016 01: +0,9.083,11,Galil AR | Chatterbox (Field-Tested)
Feb 13 2016 01: +0,10.324,11,Galil AR | Chatterbox (Field-Tested)
Feb 14 2016 01: +0,9.134,13,Galil AR | Chatterbox (Field-Tested)
Feb 15 2016 01: +0,9.221,9,Galil AR | Chatterbox (Field-Tested)
Feb 16 2016 01: +0,8.302,16,Galil AR | Chatterbox (Field-Tested)
Feb 17 2016 01: +0,8.34,20,Galil AR | Chatterbox (Field-Tested)
Feb 18 2016 01: +0,8.362,33,Galil AR | Chatterbox (Field-Tested)
Feb 19 2016 01: +0,8.036,16,Galil AR | Chatterbox (Field-Tested)
Feb 20 2016 01: +0,7.958,30,Galil AR | Chatterbox (Field-Tested)
Feb 21 2016 01: +0,8.775,12,Galil AR | Chatterbox (Field-Tested)
Feb 22 2016 01: +0,8.2,21,Galil AR | Chatterbox (Field-Tested)
Feb 23 2016 01: +0,9.279,12,Galil AR | Chatterbox (Field-Tested)
Feb 24 2016 01: +0,9.199,12,Galil AR | Chatterbox (Field-Tested)
Feb 25 2016 01: +0,9.332,17,Galil AR | Chatterbox (Field-Tested)
Feb 26 2016 01: +0,10.367,15,Galil AR | Chatterbox (Field-Tested)
Feb 27 2016 01: +0,9.139,21,Galil AR | Chatterbox (Field-Tested)
Feb 28 2016 01: +0,10.039,11,Galil AR | Chatterbox (Field-Tested)
Feb 29 2016 01: +0,9.746,26,Galil AR | Chatterbox (Field-Tested)
Mar 01 2016 01: +0,9.91,12,Galil AR | Chatterbox (Field-Tested)
Mar 02 2016 01: +0,9.586,15,Galil AR | Chatterbox (Field-Tested)
Mar 03 2016 01: +0,10.401,19,Galil AR | Chatterbox (Field-Tested)
Mar 04 2016 01: +0,9.813,18,Galil AR | Chatterbox (Field-Tested)
Mar 05 2016 01: +0,10.263,20,Galil AR | Chatterbox (Field-Tested)
Mar 06 2016 01: +0,9.912,16,Galil AR | Chatterbox (Field-Tested)
Mar 07 2016 01: +0,9.762,20,Galil AR | Chatterbox (Field-Tested)
Mar 08 2016 01: +0,8.994,14,Galil AR | Chatterbox (Field-Tested)
Mar 09 2016 01: +0,8.435,10,Galil AR | Chatterbox (Field-Tested)
Mar 10 2016 01: +0,8.513,19,Galil AR | Chatterbox (Field-Tested)
Mar 11 2016 01: +0,10.158,21,Galil AR | Chatterbox (Field-Tested)
Mar 12 2016 01: +0,11.257,14,Galil AR | Chatterbox (Field-Tested)
Mar 13 2016 01: +0,10.718,16,Galil AR | Chatterbox (Field-Tested)
Mar 14 2016 01: +0,10.979,11,Galil AR | Chatterbox (Field-Tested)
Mar 15 2016 01: +0,11.243,13,Galil AR | Chatterbox (Field-Tested)
Mar 16 2016 01: +0,9.47,10,Galil AR | Chatterbox (Field-Tested)
Mar 17 2016 01: +0,9.687,10,Galil AR | Chatterbox (Field-Tested)
Mar 18 2016 01: +0,10.346,17,Galil AR | Chatterbox (Field-Tested)
Mar 19 2016 01: +0,10.577,13,Galil AR | Chatterbox (Field-Tested)
Mar 20 2016 01: +0,12.223,13,Galil AR | Chatterbox (Field-Tested)
Mar 21 2016 01: +0,11.732,9,Galil AR | Chatterbox (Field-Tested)
Mar 22 2016 01: +0,12.076,12,Galil AR | Chatterbox (Field-Tested)
Mar 23 2016 01: +0,12.305,17,Galil AR | Chatterbox (Field-Tested)
Mar 24 2016 01: +0,11.914,13,Galil AR | Chatterbox (Field-Tested)
Mar 25 2016 01: +0,12.716,13,Galil AR | Chatterbox (Field-Tested)
Mar 26 2016 01: +0,12.284,11,Galil AR | Chatterbox (Field-Tested)
Mar 27 2016 01: +0,11.401,12,Galil AR | Chatterbox (Field-Tested)
Mar 28 2016 01: +0,10.891,10,Galil AR | Chatterbox (Field-Tested)
Mar 29 2016 01: +0,11.05,16,Galil AR | Chatterbox (Field-Tested)
Mar 30 2016 01: +0,14.088,16,Galil AR | Chatterbox (Field-Tested)
Mar 31 2016 01: +0,13.374,11,Galil AR | Chatterbox (Field-Tested)
Apr 01 2016 01: +0,14.945,12,Galil AR | Chatterbox (Field-Tested)
Apr 02 2016 01: +0,13.871,13,Galil AR | Chatterbox (Field-Tested)
Apr 03 2016 01: +0,12.361,14,Galil AR | Chatterbox (Field-Tested)
Apr 04 2016 01: +0,11.306,17,Galil AR | Chatterbox (Field-Tested)
Apr 05 2016 01: +0,12.353,10,Galil AR | Chatterbox (Field-Tested)
Apr 06 2016 01: +0,12.404,9,Galil AR | Chatterbox (Field-Tested)
Apr 07 2016 01: +0,11.604,9,Galil AR | Chatterbox (Field-Tested)
Apr 08 2016 01: +0,10.883,21,Galil AR | Chatterbox (Field-Tested)
Apr 09 2016 01: +0,11.17,20,Galil AR | Chatterbox (Field-Tested)
Apr 10 2016 01: +0,11.507,21,Galil AR | Chatterbox (Field-Tested)
Apr 11 2016 01: +0,11.446,17,Galil AR | Chatterbox (Field-Tested)
Apr 12 2016 01: +0,10.496,11,Galil AR | Chatterbox (Field-Tested)
Apr 13 2016 01: +0,11.201,11,Galil AR | Chatterbox (Field-Tested)
Apr 14 2016 01: +0,11.202,9,Galil AR | Chatterbox (Field-Tested)
Apr 15 2016 01: +0,10.795,13,Galil AR | Chatterbox (Field-Tested)
Apr 16 2016 01: +0,11.286,18,Galil AR | Chatterbox (Field-Tested)
Apr 17 2016 01: +0,11.121,17,Galil AR | Chatterbox (Field-Tested)
Apr 18 2016 01: +0,12.104,11,Galil AR | Chatterbox (Field-Tested)
Apr 19 2016 01: +0,14.817,11,Galil AR | Chatterbox (Field-Tested)
Apr 20 2016 01: +0,11.823,10,Galil AR | Chatterbox (Field-Tested)
Apr 21 2016 01: +0,11.874,13,Galil AR | Chatterbox (Field-Tested)
Apr 22 2016 01: +0,14.096,13,Galil AR | Chatterbox (Field-Tested)
Apr 23 2016 01: +0,14.679,8,Galil AR | Chatterbox (Field-Tested)
Apr 24 2016 01: +0,13.582,14,Galil AR | Chatterbox (Field-Tested)
Apr 25 2016 01: +0,15.093,13,Galil AR | Chatterbox (Field-Tested)
Apr 26 2016 01: +0,13.772,6,Galil AR | Chatterbox (Field-Tested)
Apr 27 2016 01: +0,13.22,9,Galil AR | Chatterbox (Field-Tested)
Apr 28 2016 01: +0,12.318,10,Galil AR | Chatterbox (Field-Tested)
Apr 29 2016 01: +0,11.22,15,Galil AR | Chatterbox (Field-Tested)
Apr 30 2016 01: +0,12.31,17,Galil AR | Chatterbox (Field-Tested)
May 01 2016 01: +0,12.121,6,Galil AR | Chatterbox (Field-Tested)
May 02 2016 01: +0,11.357,6,Galil AR | Chatterbox (Field-Tested)
May 03 2016 01: +0,10.973,12,Galil AR | Chatterbox (Field-Tested)
May 04 2016 01: +0,12.12,13,Galil AR | Chatterbox (Field-Tested)
May 05 2016 01: +0,12.419,8,Galil AR | Chatterbox (Field-Tested)
May 06 2016 01: +0,12.125,8,Galil AR | Chatterbox (Field-Tested)
May 07 2016 01: +0,11.01,11,Galil AR | Chatterbox (Field-Tested)
May 08 2016 01: +0,10.745,12,Galil AR | Chatterbox (Field-Tested)
May 09 2016 01: +0,11.801,5,Galil AR | Chatterbox (Field-Tested)
May 10 2016 01: +0,12.228,6,Galil AR | Chatterbox (Field-Tested)
May 11 2016 01: +0,11.675,9,Galil AR | Chatterbox (Field-Tested)
May 12 2016 01: +0,13.179,7,Galil AR | Chatterbox (Field-Tested)
May 13 2016 01: +0,12.071,9,Galil AR | Chatterbox (Field-Tested)
May 14 2016 01: +0,12.199,7,Galil AR | Chatterbox (Field-Tested)
May 15 2016 01: +0,12.282,11,Galil AR | Chatterbox (Field-Tested)
May 16 2016 01: +0,12.032,9,Galil AR | Chatterbox (Field-Tested)
May 17 2016 01: +0,11.887,4,Galil AR | Chatterbox (Field-Tested)
May 18 2016 01: +0,11.346,11,Galil AR | Chatterbox (Field-Tested)
May 19 2016 01: +0,11.498,12,Galil AR | Chatterbox (Field-Tested)
May 20 2016 01: +0,11.366,9,Galil AR | Chatterbox (Field-Tested)
May 21 2016 01: +0,11.771,7,Galil AR | Chatterbox (Field-Tested)
May 22 2016 01: +0,12.021,7,Galil AR | Chatterbox (Field-Tested)
May 23 2016 01: +0,11.267,12,Galil AR | Chatterbox (Field-Tested)
May 24 2016 01: +0,11.846,11,Galil AR | Chatterbox (Field-Tested)
May 25 2016 01: +0,11.826,7,Galil AR | Chatterbox (Field-Tested)
May 26 2016 01: +0,11.737,10,Galil AR | Chatterbox (Field-Tested)
May 27 2016 01: +0,11.056,11,Galil AR | Chatterbox (Field-Tested)
May 28 2016 01: +0,11.11,6,Galil AR | Chatterbox (Field-Tested)
May 29 2016 01: +0,10.921,7,Galil AR | Chatterbox (Field-Tested)
May 30 2016 01: +0,10.294,7,Galil AR | Chatterbox (Field-Tested)
May 31 2016 01: +0,10.333,7,Galil AR | Chatterbox (Field-Tested)
Jun 01 2016 01: +0,10.936,14,Galil AR | Chatterbox (Field-Tested)
Jun 02 2016 01: +0,11.508,11,Galil AR | Chatterbox (Field-Tested)
Jun 03 2016 01: +0,10.819,10,Galil AR | Chatterbox (Field-Tested)
Jun 04 2016 01: +0,10.564,14,Galil AR | Chatterbox (Field-Tested)
Jun 05 2016 01: +0,12.286,11,Galil AR | Chatterbox (Field-Tested)
Jun 06 2016 01: +0,10.143,14,Galil AR | Chatterbox (Field-Tested)
Jun 07 2016 01: +0,10.205,4,Galil AR | Chatterbox (Field-Tested)
Jun 08 2016 01: +0,9.889,9,Galil AR | Chatterbox (Field-Tested)
Jun 09 2016 01: +0,10.053,12,Galil AR | Chatterbox (Field-Tested)
Jun 10 2016 01: +0,11.669,6,Galil AR | Chatterbox (Field-Tested)
Jun 11 2016 01: +0,11.081,11,Galil AR | Chatterbox (Field-Tested)
Jun 12 2016 01: +0,12.059,5,Galil AR | Chatterbox (Field-Tested)
Jun 13 2016 01: +0,10.374,7,Galil AR | Chatterbox (Field-Tested)
Jun 14 2016 01: +0,10.144,6,Galil AR | Chatterbox (Field-Tested)
Jun 15 2016 01: +0,10.35,7,Galil AR | Chatterbox (Field-Tested)
Jun 16 2016 01: +0,9.739,14,Galil AR | Chatterbox (Field-Tested)
Jun 17 2016 01: +0,10.803,7,Galil AR | Chatterbox (Field-Tested)
Jun 18 2016 01: +0,10.139,8,Galil AR | Chatterbox (Field-Tested)
Jun 19 2016 01: +0,10.06,9,Galil AR | Chatterbox (Field-Tested)
Jun 20 2016 01: +0,9.468,10,Galil AR | Chatterbox (Field-Tested)
Jun 21 2016 01: +0,9.474,13,Galil AR | Chatterbox (Field-Tested)
Jun 22 2016 01: +0,9.219,11,Galil AR | Chatterbox (Field-Tested)
Jun 23 2016 01: +0,8.993,18,Galil AR | Chatterbox (Field-Tested)
Jun 24 2016 01: +0,8.463,14,Galil AR | Chatterbox (Field-Tested)
Jun 25 2016 01: +0,7.726,13,Galil AR | Chatterbox (Field-Tested)
Jun 26 2016 01: +0,6.865,26,Galil AR | Chatterbox (Field-Tested)
Jun 27 2016 01: +0,7.335,15,Galil AR | Chatterbox (Field-Tested)
Jun 28 2016 01: +0,7.091,10,Galil AR | Chatterbox (Field-Tested)
Jun 29 2016 01: +0,8.947,11,Galil AR | Chatterbox (Field-Tested)
Jun 30 2016 01: +0,8.605,9,Galil AR | Chatterbox (Field-Tested)
Jul 01 2016 01: +0,8.041,15,Galil AR | Chatterbox (Field-Tested)
Jul 02 2016 01: +0,7.983,19,Galil AR | Chatterbox (Field-Tested)
Jul 03 2016 01: +0,7.749,15,Galil AR | Chatterbox (Field-Tested)
Jul 04 2016 01: +0,7.855,13,Galil AR | Chatterbox (Field-Tested)
Jul 05 2016 01: +0,8.509,17,Galil AR | Chatterbox (Field-Tested)
Jul 06 2016 01: +0,8.354,12,Galil AR | Chatterbox (Field-Tested)
Jul 07 2016 01: +0,7.851,9,Galil AR | Chatterbox (Field-Tested)
Jul 08 2016 01: +0,9.255,13,Galil AR | Chatterbox (Field-Tested)
Jul 09 2016 01: +0,8.838,18,Galil AR | Chatterbox (Field-Tested)
Jul 10 2016 01: +0,9.224,15,Galil AR | Chatterbox (Field-Tested)
Jul 11 2016 01: +0,8.871,14,Galil AR | Chatterbox (Field-Tested)
Jul 12 2016 01: +0,8.35,7,Galil AR | Chatterbox (Field-Tested)
Jul 13 2016 01: +0,8.627,13,Galil AR | Chatterbox (Field-Tested)
Jul 14 2016 01: +0,9.076,11,Galil AR | Chatterbox (Field-Tested)
Jul 15 2016 01: +0,9.412,10,Galil AR | Chatterbox (Field-Tested)
Jul 16 2016 01: +0,8.872,10,Galil AR | Chatterbox (Field-Tested)
Jul 17 2016 01: +0,9.038,16,Galil AR | Chatterbox (Field-Tested)
Jul 18 2016 01: +0,9.186,9,Galil AR | Chatterbox (Field-Tested)
Jul 19 2016 01: +0,9.236,12,Galil AR | Chatterbox (Field-Tested)
Jul 20 2016 01: +0,9.291,8,Galil AR | Chatterbox (Field-Tested)
Jul 21 2016 01: +0,9.142,8,Galil AR | Chatterbox (Field-Tested)
Jul 22 2016 01: +0,8.7,9,Galil AR | Chatterbox (Field-Tested)
Jul 23 2016 01: +0,7.957,8,Galil AR | Chatterbox (Field-Tested)
Jul 24 2016 01: +0,8.323,10,Galil AR | Chatterbox (Field-Tested)
Jul 25 2016 01: +0,8.447,10,Galil AR | Chatterbox (Field-Tested)
Jul 26 2016 01: +0,8.829,10,Galil AR | Chatterbox (Field-Tested)
Jul 27 2016 01: +0,7.957,5,Galil AR | Chatterbox (Field-Tested)
Jul 28 2016 01: +0,8.36,8,Galil AR | Chatterbox (Field-Tested)
Jul 29 2016 01: +0,8.063,11,Galil AR | Chatterbox (Field-Tested)
Jul 30 2016 01: +0,8.624,10,Galil AR | Chatterbox (Field-Tested)
Jul 31 2016 01: +0,8.601,8,Galil AR | Chatterbox (Field-Tested)
Aug 01 2016 01: +0,7.726,7,Galil AR | Chatterbox (Field-Tested)
Aug 02 2016 01: +0,7.762,19,Galil AR | Chatterbox (Field-Tested)
Aug 03 2016 01: +0,8.552,11,Galil AR | Chatterbox (Field-Tested)
Aug 04 2016 01: +0,8.137,14,Galil AR | Chatterbox (Field-Tested)
Aug 05 2016 01: +0,8.327,10,Galil AR | Chatterbox (Field-Tested)
Aug 06 2016 01: +0,8.385,14,Galil AR | Chatterbox (Field-Tested)
Aug 07 2016 01: +0,8.897,3,Galil AR | Chatterbox (Field-Tested)
Aug 08 2016 01: +0,8.37,7,Galil AR | Chatterbox (Field-Tested)
Aug 09 2016 01: +0,8.114,8,Galil AR | Chatterbox (Field-Tested)
Aug 10 2016 01: +0,7.781,11,Galil AR | Chatterbox (Field-Tested)
Aug 11 2016 01: +0,8.541,6,Galil AR | Chatterbox (Field-Tested)
Aug 12 2016 01: +0,8.778,11,Galil AR | Chatterbox (Field-Tested)
Aug 13 2016 01: +0,8.311,5,Galil AR | Chatterbox (Field-Tested)
Aug 14 2016 01: +0,7.902,6,Galil AR | Chatterbox (Field-Tested)
Aug 15 2016 01: +0,8.03,6,Galil AR | Chatterbox (Field-Tested)
Aug 16 2016 01: +0,8.209,8,Galil AR | Chatterbox (Field-Tested)
Aug 17 2016 01: +0,7.916,8,Galil AR | Chatterbox (Field-Tested)
Aug 18 2016 01: +0,8.055,16,Galil AR | Chatterbox (Field-Tested)
Aug 19 2016 01: +0,8.279,11,Galil AR | Chatterbox (Field-Tested)
Aug 20 2016 01: +0,7.849,16,Galil AR | Chatterbox (Field-Tested)
Aug 21 2016 01: +0,8.189,17,Galil AR | Chatterbox (Field-Tested)
Aug 22 2016 01: +0,8.041,9,Galil AR | Chatterbox (Field-Tested)
Aug 23 2016 01: +0,8.066,11,Galil AR | Chatterbox (Field-Tested)
Aug 24 2016 01: +0,7.438,10,Galil AR | Chatterbox (Field-Tested)
Aug 25 2016 01: +0,9.141,13,Galil AR | Chatterbox (Field-Tested)
Aug 26 2016 01: +0,8.288,10,Galil AR | Chatterbox (Field-Tested)
Aug 27 2016 01: +0,8.959,12,Galil AR | Chatterbox (Field-Tested)
Aug 28 2016 01: +0,8.214,12,Galil AR | Chatterbox (Field-Tested)
Aug 29 2016 01: +0,8.158,10,Galil AR | Chatterbox (Field-Tested)
Aug 30 2016 01: +0,8.628,10,Galil AR | Chatterbox (Field-Tested)
Aug 31 2016 01: +0,8.169,9,Galil AR | Chatterbox (Field-Tested)
Sep 01 2016 01: +0,8.384,14,Galil AR | Chatterbox (Field-Tested)
Sep 02 2016 01: +0,8.636,6,Galil AR | Chatterbox (Field-Tested)
Sep 03 2016 01: +0,8.803,15,Galil AR | Chatterbox (Field-Tested)
Sep 04 2016 01: +0,8.118,9,Galil AR | Chatterbox (Field-Tested)
Sep 05 2016 01: +0,7.734,10,Galil AR | Chatterbox (Field-Tested)
Sep 06 2016 01: +0,8.419,8,Galil AR | Chatterbox (Field-Tested)
Sep 07 2016 01: +0,7.829,14,Galil AR | Chatterbox (Field-Tested)
Sep 08 2016 01: +0,8.448,9,Galil AR | Chatterbox (Field-Tested)
Sep 09 2016 01: +0,8.475,8,Galil AR | Chatterbox (Field-Tested)
Sep 10 2016 01: +0,8.854,12,Galil AR | Chatterbox (Field-Tested)
Sep 11 2016 01: +0,7.81,12,Galil AR | Chatterbox (Field-Tested)
Sep 12 2016 01: +0,7.917,8,Galil AR | Chatterbox (Field-Tested)
Sep 13 2016 01: +0,8.657,10,Galil AR | Chatterbox (Field-Tested)
Sep 14 2016 01: +0,8.58,8,Galil AR | Chatterbox (Field-Tested)
Sep 15 2016 01: +0,10.329,5,Galil AR | Chatterbox (Field-Tested)
Sep 16 2016 01: +0,12.06,8,Galil AR | Chatterbox (Field-Tested)
Sep 17 2016 01: +0,11.315,5,Galil AR | Chatterbox (Field-Tested)
Sep 18 2016 01: +0,8.847,7,Galil AR | Chatterbox (Field-Tested)
Sep 19 2016 01: +0,9.355,11,Galil AR | Chatterbox (Field-Tested)
Sep 20 2016 01: +0,9.891,7,Galil AR | Chatterbox (Field-Tested)
Sep 21 2016 01: +0,9.7,6,Galil AR | Chatterbox (Field-Tested)
Sep 22 2016 01: +0,9.356,9,Galil AR | Chatterbox (Field-Tested)
Sep 23 2016 01: +0,9.651,6,Galil AR | Chatterbox (Field-Tested)
Sep 24 2016 01: +0,9.744,4,Galil AR | Chatterbox (Field-Tested)
Sep 25 2016 01: +0,9.412,11,Galil AR | Chatterbox (Field-Tested)
Sep 26 2016 01: +0,8.728,2,Galil AR | Chatterbox (Field-Tested)
Sep 27 2016 01: +0,9.772,11,Galil AR | Chatterbox (Field-Tested)
Sep 28 2016 01: +0,9.534,5,Galil AR | Chatterbox (Field-Tested)
Sep 29 2016 01: +0,9.988,6,Galil AR | Chatterbox (Field-Tested)
Sep 30 2016 01: +0,9.468,7,Galil AR | Chatterbox (Field-Tested)
Oct 01 2016 01: +0,10.378,10,Galil AR | Chatterbox (Field-Tested)
Oct 02 2016 01: +0,10.881,6,Galil AR | Chatterbox (Field-Tested)
Oct 03 2016 01: +0,9.871,6,Galil AR | Chatterbox (Field-Tested)
Oct 04 2016 01: +0,8.746,11,Galil AR | Chatterbox (Field-Tested)
Oct 05 2016 01: +0,9.225,4,Galil AR | Chatterbox (Field-Tested)
Oct 06 2016 01: +0,8.267,7,Galil AR | Chatterbox (Field-Tested)
Oct 07 2016 01: +0,8.742,11,Galil AR | Chatterbox (Field-Tested)
Oct 08 2016 01: +0,9.364,11,Galil AR | Chatterbox (Field-Tested)
Oct 09 2016 01: +0,9.112,7,Galil AR | Chatterbox (Field-Tested)
Oct 10 2016 01: +0,10.226,11,Galil AR | Chatterbox (Field-Tested)
Oct 11 2016 01: +0,11.791,9,Galil AR | Chatterbox (Field-Tested)
Oct 12 2016 01: +0,11.517,5,Galil AR | Chatterbox (Field-Tested)
Oct 13 2016 01: +0,10.193,9,Galil AR | Chatterbox (Field-Tested)
Oct 14 2016 01: +0,9.331,8,Galil AR | Chatterbox (Field-Tested)
Oct 15 2016 01: +0,9.299,9,Galil AR | Chatterbox (Field-Tested)
Oct 16 2016 01: +0,8.655,8,Galil AR | Chatterbox (Field-Tested)
Oct 17 2016 01: +0,8.339,8,Galil AR | Chatterbox (Field-Tested)
Oct 18 2016 01: +0,8.473,5,Galil AR | Chatterbox (Field-Tested)
Oct 19 2016 01: +0,7.724,11,Galil AR | Chatterbox (Field-Tested)
Oct 20 2016 01: +0,8.223,8,Galil AR | Chatterbox (Field-Tested)
Oct 21 2016 01: +0,8.373,6,Galil AR | Chatterbox (Field-Tested)
Oct 22 2016 01: +0,8.307,12,Galil AR | Chatterbox (Field-Tested)
Oct 23 2016 01: +0,7.607,11,Galil AR | Chatterbox (Field-Tested)
Oct 24 2016 01: +0,7.423,9,Galil AR | Chatterbox (Field-Tested)
Oct 25 2016 01: +0,7.596,11,Galil AR | Chatterbox (Field-Tested)
Oct 26 2016 01: +0,7.695,6,Galil AR | Chatterbox (Field-Tested)
Oct 27 2016 01: +0,7.961,11,Galil AR | Chatterbox (Field-Tested)
Oct 28 2016 01: +0,8.151,5,Galil AR | Chatterbox (Field-Tested)
Oct 29 2016 01: +0,8.324,7,Galil AR | Chatterbox (Field-Tested)
Oct 30 2016 01: +0,8.051,11,Galil AR | Chatterbox (Field-Tested)
Oct 31 2016 01: +0,7.703,4,Galil AR | Chatterbox (Field-Tested)
Nov 01 2016 01: +0,9.003,8,Galil AR | Chatterbox (Field-Tested)
Nov 02 2016 01: +0,8.17,7,Galil AR | Chatterbox (Field-Tested)
Nov 03 2016 01: +0,9.387,12,Galil AR | Chatterbox (Field-Tested)
Nov 04 2016 01: +0,11.742,6,Galil AR | Chatterbox (Field-Tested)
Nov 05 2016 01: +0,9.712,7,Galil AR | Chatterbox (Field-Tested)
Nov 06 2016 01: +0,9.321,4,Galil AR | Chatterbox (Field-Tested)
Nov 07 2016 01: +0,8.622,7,Galil AR | Chatterbox (Field-Tested)
Nov 08 2016 01: +0,8.488,3,Galil AR | Chatterbox (Field-Tested)
Nov 09 2016 01: +0,8.401,4,Galil AR | Chatterbox (Field-Tested)
Nov 10 2016 01: +0,8.373,8,Galil AR | Chatterbox (Field-Tested)
Nov 11 2016 01: +0,8.655,11,Galil AR | Chatterbox (Field-Tested)
Nov 12 2016 01: +0,9.39,10,Galil AR | Chatterbox (Field-Tested)
Nov 13 2016 01: +0,9.013,2,Galil AR | Chatterbox (Field-Tested)
Nov 14 2016 01: +0,8.382,10,Galil AR | Chatterbox (Field-Tested)
Nov 15 2016 01: +0,8.824,9,Galil AR | Chatterbox (Field-Tested)
Nov 16 2016 01: +0,11.432,5,Galil AR | Chatterbox (Field-Tested)
Nov 17 2016 01: +0,11.353,4,Galil AR | Chatterbox (Field-Tested)
Nov 18 2016 01: +0,11.035,4,Galil AR | Chatterbox (Field-Tested)
Nov 19 2016 01: +0,9.625,7,Galil AR | Chatterbox (Field-Tested)
Nov 20 2016 01: +0,9.044,7,Galil AR | Chatterbox (Field-Tested)
Nov 21 2016 01: +0,8.382,9,Galil AR | Chatterbox (Field-Tested)
Nov 22 2016 01: +0,8.86,6,Galil AR | Chatterbox (Field-Tested)
Nov 23 2016 01: +0,7.835,10,Galil AR | Chatterbox (Field-Tested)
Nov 24 2016 01: +0,8.815,9,Galil AR | Chatterbox (Field-Tested)
Nov 25 2016 01: +0,7.497,14,Galil AR | Chatterbox (Field-Tested)
Nov 26 2016 01: +0,7.641,13,Galil AR | Chatterbox (Field-Tested)
Nov 27 2016 01: +0,7.829,7,Galil AR | Chatterbox (Field-Tested)
Nov 28 2016 01: +0,8.034,10,Galil AR | Chatterbox (Field-Tested)
Nov 29 2016 01: +0,7.466,9,Galil AR | Chatterbox (Field-Tested)
Nov 30 2016 01: +0,8.135,10,Galil AR | Chatterbox (Field-Tested)
Dec 01 2016 01: +0,8.905,5,Galil AR | Chatterbox (Field-Tested)
Dec 02 2016 01: +0,8.832,10,Galil AR | Chatterbox (Field-Tested)
Dec 03 2016 01: +0,8.929,9,Galil AR | Chatterbox (Field-Tested)
Dec 04 2016 01: +0,9.763,10,Galil AR | Chatterbox (Field-Tested)
Dec 05 2016 01: +0,9.849,9,Galil AR | Chatterbox (Field-Tested)
Dec 06 2016 01: +0,10.075,3,Galil AR | Chatterbox (Field-Tested)
Dec 07 2016 01: +0,8.938,8,Galil AR | Chatterbox (Field-Tested)
Dec 08 2016 01: +0,9.13,8,Galil AR | Chatterbox (Field-Tested)
Dec 09 2016 01: +0,8.807,11,Galil AR | Chatterbox (Field-Tested)
Dec 10 2016 01: +0,8.815,6,Galil AR | Chatterbox (Field-Tested)
Dec 11 2016 01: +0,8.988,10,Galil AR | Chatterbox (Field-Tested)
Dec 12 2016 01: +0,8.964,11,Galil AR | Chatterbox (Field-Tested)
Dec 13 2016 01: +0,10.809,7,Galil AR | Chatterbox (Field-Tested)
Dec 14 2016 01: +0,9.571,11,Galil AR | Chatterbox (Field-Tested)
Dec 15 2016 01: +0,8.87,13,Galil AR | Chatterbox (Field-Tested)
Dec 16 2016 01: +0,8.41,4,Galil AR | Chatterbox (Field-Tested)
Dec 17 2016 01: +0,9.171,12,Galil AR | Chatterbox (Field-Tested)
Dec 18 2016 01: +0,10.657,6,Galil AR | Chatterbox (Field-Tested)
Dec 19 2016 01: +0,9.737,6,Galil AR | Chatterbox (Field-Tested)
Dec 20 2016 01: +0,9.551,6,Galil AR | Chatterbox (Field-Tested)
Dec 21 2016 01: +0,9.38,9,Galil AR | Chatterbox (Field-Tested)
Dec 22 2016 01: +0,7.64,9,Galil AR | Chatterbox (Field-Tested)
Dec 23 2016 01: +0,8.242,10,Galil AR | Chatterbox (Field-Tested)
Dec 24 2016 01: +0,7.528,14,Galil AR | Chatterbox (Field-Tested)
Dec 25 2016 01: +0,8.131,16,Galil AR | Chatterbox (Field-Tested)
Dec 26 2016 01: +0,9.547,13,Galil AR | Chatterbox (Field-Tested)
Dec 27 2016 01: +0,9.287,11,Galil AR | Chatterbox (Field-Tested)
Dec 28 2016 01: +0,8.299,7,Galil AR | Chatterbox (Field-Tested)
Dec 29 2016 01: +0,8.069,10,Galil AR | Chatterbox (Field-Tested)
Dec 30 2016 01: +0,9.271,7,Galil AR | Chatterbox (Field-Tested)
Dec 31 2016 01: +0,8.58,6,Galil AR | Chatterbox (Field-Tested)
Jan 01 2017 01: +0,7.892,15,Galil AR | Chatterbox (Field-Tested)
Jan 02 2017 01: +0,8.616,8,Galil AR | Chatterbox (Field-Tested)
Jan 03 2017 01: +0,8.587,3,Galil AR | Chatterbox (Field-Tested)
Jan 04 2017 01: +0,8.078,9,Galil AR | Chatterbox (Field-Tested)
Jan 05 2017 01: +0,8.421,10,Galil AR | Chatterbox (Field-Tested)
Jan 06 2017 01: +0,9.655,8,Galil AR | Chatterbox (Field-Tested)
Jan 07 2017 01: +0,10.344,8,Galil AR | Chatterbox (Field-Tested)
Jan 08 2017 01: +0,9.986,10,Galil AR | Chatterbox (Field-Tested)
Jan 09 2017 01: +0,10.002,4,Galil AR | Chatterbox (Field-Tested)
Jan 10 2017 01: +0,8.506,8,Galil AR | Chatterbox (Field-Tested)
Jan 11 2017 01: +0,9.623,8,Galil AR | Chatterbox (Field-Tested)
Jan 12 2017 01: +0,8.591,6,Galil AR | Chatterbox (Field-Tested)
Jan 13 2017 01: +0,9.182,12,Galil AR | Chatterbox (Field-Tested)
Jan 14 2017 01: +0,9.746,9,Galil AR | Chatterbox (Field-Tested)
Jan 15 2017 01: +0,10.81,9,Galil AR | Chatterbox (Field-Tested)
Jan 16 2017 01: +0,11.42,2,Galil AR | Chatterbox (Field-Tested)
Jan 17 2017 01: +0,13.907,7,Galil AR | Chatterbox (Field-Tested)
Jan 18 2017 01: +0,12.645,5,Galil AR | Chatterbox (Field-Tested)
Jan 19 2017 01: +0,12.297,5,Galil AR | Chatterbox (Field-Tested)
Jan 20 2017 01: +0,11.293,5,Galil AR | Chatterbox (Field-Tested)
Jan 21 2017 01: +0,11.305,3,Galil AR | Chatterbox (Field-Tested)
Jan 22 2017 01: +0,11.6,4,Galil AR | Chatterbox (Field-Tested)
Jan 23 2017 01: +0,11.36,7,Galil AR | Chatterbox (Field-Tested)
Jan 24 2017 01: +0,10.946,10,Galil AR | Chatterbox (Field-Tested)
Jan 25 2017 01: +0,11.624,4,Galil AR | Chatterbox (Field-Tested)
Jan 26 2017 01: +0,11.004,7,Galil AR | Chatterbox (Field-Tested)
Jan 27 2017 01: +0,11.588,4,Galil AR | Chatterbox (Field-Tested)
Jan 28 2017 01: +0,11.703,9,Galil AR | Chatterbox (Field-Tested)
Jan 29 2017 01: +0,11.009,3,Galil AR | Chatterbox (Field-Tested)
Jan 30 2017 01: +0,11.617,6,Galil AR | Chatterbox (Field-Tested)
Jan 31 2017 01: +0,12.213,7,Galil AR | Chatterbox (Field-Tested)
Feb 01 2017 01: +0,11.211,11,Galil AR | Chatterbox (Field-Tested)
Feb 02 2017 01: +0,10.4,10,Galil AR | Chatterbox (Field-Tested)
Feb 03 2017 01: +0,10.101,10,Galil AR | Chatterbox (Field-Tested)
Feb 04 2017 01: +0,10.857,13,Galil AR | Chatterbox (Field-Tested)
Feb 05 2017 01: +0,10.473,15,Galil AR | Chatterbox (Field-Tested)
Feb 06 2017 01: +0,10.686,11,Galil AR | Chatterbox (Field-Tested)
Feb 07 2017 01: +0,11.011,5,Galil AR | Chatterbox (Field-Tested)
Feb 08 2017 01: +0,10.589,8,Galil AR | Chatterbox (Field-Tested)
Feb 09 2017 01: +0,10.474,4,Galil AR | Chatterbox (Field-Tested)
Feb 10 2017 01: +0,10.642,10,Galil AR | Chatterbox (Field-Tested)
Feb 11 2017 01: +0,10.415,5,Galil AR | Chatterbox (Field-Tested)
Feb 12 2017 01: +0,10.557,7,Galil AR | Chatterbox (Field-Tested)
Feb 13 2017 01: +0,10.859,4,Galil AR | Chatterbox (Field-Tested)
Feb 14 2017 01: +0,10.815,6,Galil AR | Chatterbox (Field-Tested)
Feb 15 2017 01: +0,10.347,7,Galil AR | Chatterbox (Field-Tested)
Feb 16 2017 01: +0,10.748,11,Galil AR | Chatterbox (Field-Tested)
Feb 17 2017 01: +0,9.718,7,Galil AR | Chatterbox (Field-Tested)
Feb 18 2017 01: +0,10.316,8,Galil AR | Chatterbox (Field-Tested)
Feb 19 2017 01: +0,9.885,4,Galil AR | Chatterbox (Field-Tested)
Feb 20 2017 01: +0,10.164,10,Galil AR | Chatterbox (Field-Tested)
Feb 21 2017 01: +0,9.622,8,Galil AR | Chatterbox (Field-Tested)
Feb 22 2017 01: +0,9.412,11,Galil AR | Chatterbox (Field-Tested)
Feb 23 2017 01: +0,9.824,10,Galil AR | Chatterbox (Field-Tested)
Feb 24 2017 01: +0,9.391,12,Galil AR | Chatterbox (Field-Tested)
Feb 25 2017 01: +0,9.432,10,Galil AR | Chatterbox (Field-Tested)
Feb 26 2017 01: +0,9.57,7,Galil AR | Chatterbox (Field-Tested)
Feb 27 2017 01: +0,9.342,10,Galil AR | Chatterbox (Field-Tested)
Feb 28 2017 01: +0,8.828,6,Galil AR | Chatterbox (Field-Tested)
Mar 01 2017 01: +0,9.953,8,Galil AR | Chatterbox (Field-Tested)
Mar 02 2017 01: +0,10.89,11,Galil AR | Chatterbox (Field-Tested)
Mar 03 2017 01: +0,10.735,8,Galil AR | Chatterbox (Field-Tested)
Mar 04 2017 01: +0,11.423,7,Galil AR | Chatterbox (Field-Tested)
Mar 05 2017 01: +0,9.854,8,Galil AR | Chatterbox (Field-Tested)
Mar 06 2017 01: +0,9.611,8,Galil AR | Chatterbox (Field-Tested)
Mar 07 2017 01: +0,9.248,11,Galil AR | Chatterbox (Field-Tested)
Mar 08 2017 01: +0,9.759,6,Galil AR | Chatterbox (Field-Tested)
Mar 09 2017 01: +0,9.734,5,Galil AR | Chatterbox (Field-Tested)
Mar 10 2017 01: +0,10.069,7,Galil AR | Chatterbox (Field-Tested)
Mar 11 2017 01: +0,9.984,6,Galil AR | Chatterbox (Field-Tested)
Mar 12 2017 01: +0,11.337,4,Galil AR | Chatterbox (Field-Tested)
Mar 13 2017 01: +0,10.402,6,Galil AR | Chatterbox (Field-Tested)
Mar 14 2017 01: +0,10.542,7,Galil AR | Chatterbox (Field-Tested)
Mar 15 2017 01: +0,10.779,11,Galil AR | Chatterbox (Field-Tested)
Mar 16 2017 01: +0,10.295,6,Galil AR | Chatterbox (Field-Tested)
Mar 17 2017 01: +0,10.069,3,Galil AR | Chatterbox (Field-Tested)
Mar 18 2017 01: +0,10.32,10,Galil AR | Chatterbox (Field-Tested)
Mar 19 2017 01: +0,9.337,10,Galil AR | Chatterbox (Field-Tested)
Mar 20 2017 01: +0,9.846,4,Galil AR | Chatterbox (Field-Tested)
Mar 21 2017 01: +0,9.684,5,Galil AR | Chatterbox (Field-Tested)
Mar 22 2017 01: +0,10.383,8,Galil AR | Chatterbox (Field-Tested)
Mar 23 2017 01: +0,7.997,5,Galil AR | Chatterbox (Field-Tested)
Mar 24 2017 01: +0,9.192,7,Galil AR | Chatterbox (Field-Tested)
Mar 25 2017 01: +0,9.716,5,Galil AR | Chatterbox (Field-Tested)
Mar 26 2017 01: +0,9.666,5,Galil AR | Chatterbox (Field-Tested)
Mar 27 2017 01: +0,9.681,10,Galil AR | Chatterbox (Field-Tested)
Mar 28 2017 01: +0,9.9,5,Galil AR | Chatterbox (Field-Tested)
Mar 29 2017 01: +0,10.294,9,Galil AR | Chatterbox (Field-Tested)
Mar 30 2017 01: +0,10.284,9,Galil AR | Chatterbox (Field-Tested)
Mar 31 2017 01: +0,10.356,4,Galil AR | Chatterbox (Field-Tested)
Apr 01 2017 01: +0,10.222,12,Galil AR | Chatterbox (Field-Tested)
Apr 02 2017 01: +0,10.61,10,Galil AR | Chatterbox (Field-Tested)
Apr 03 2017 01: +0,10.785,2,Galil AR | Chatterbox (Field-Tested)
Apr 04 2017 01: +0,10.684,8,Galil AR | Chatterbox (Field-Tested)
Apr 05 2017 01: +0,11.134,3,Galil AR | Chatterbox (Field-Tested)
Apr 06 2017 01: +0,11.539,6,Galil AR | Chatterbox (Field-Tested)
Apr 07 2017 01: +0,12.477,7,Galil AR | Chatterbox (Field-Tested)
Apr 08 2017 01: +0,13.28,5,Galil AR | Chatterbox (Field-Tested)
Apr 09 2017 01: +0,12.669,6,Galil AR | Chatterbox (Field-Tested)
Apr 10 2017 01: +0,12.888,4,Galil AR | Chatterbox (Field-Tested)
Apr 11 2017 01: +0,11.858,5,Galil AR | Chatterbox (Field-Tested)
Apr 12 2017 01: +0,12.195,8,Galil AR | Chatterbox (Field-Tested)
Apr 13 2017 01: +0,11.955,2,Galil AR | Chatterbox (Field-Tested)
Apr 14 2017 01: +0,12.208,5,Galil AR | Chatterbox (Field-Tested)
Apr 15 2017 01: +0,12.489,6,Galil AR | Chatterbox (Field-Tested)
Apr 16 2017 01: +0,11.855,5,Galil AR | Chatterbox (Field-Tested)
Apr 17 2017 01: +0,12.223,1,Galil AR | Chatterbox (Field-Tested)
Apr 18 2017 01: +0,11.78,6,Galil AR | Chatterbox (Field-Tested)
Apr 19 2017 01: +0,12.167,4,Galil AR | Chatterbox (Field-Tested)
Apr 20 2017 01: +0,12.735,4,Galil AR | Chatterbox (Field-Tested)
Apr 21 2017 01: +0,12.377,6,Galil AR | Chatterbox (Field-Tested)
Apr 22 2017 01: +0,12.987,8,Galil AR | Chatterbox (Field-Tested)
Apr 23 2017 01: +0,10.077,5,Galil AR | Chatterbox (Field-Tested)
Apr 24 2017 01: +0,11.804,5,Galil AR | Chatterbox (Field-Tested)
Apr 25 2017 01: +0,10.278,7,Galil AR | Chatterbox (Field-Tested)
Apr 26 2017 01: +0,11.459,2,Galil AR | Chatterbox (Field-Tested)
Apr 27 2017 01: +0,10.723,2,Galil AR | Chatterbox (Field-Tested)
Apr 28 2017 01: +0,10.717,2,Galil AR | Chatterbox (Field-Tested)
Apr 29 2017 01: +0,11.889,4,Galil AR | Chatterbox (Field-Tested)
Apr 30 2017 01: +0,12.461,6,Galil AR | Chatterbox (Field-Tested)
May 01 2017 01: +0,12.726,4,Galil AR | Chatterbox (Field-Tested)
May 02 2017 01: +0,11.106,1,Galil AR | Chatterbox (Field-Tested)
May 03 2017 01: +0,16.248,6,Galil AR | Chatterbox (Field-Tested)
May 04 2017 01: +0,13.868,3,Galil AR | Chatterbox (Field-Tested)
May 05 2017 01: +0,11.342,11,Galil AR | Chatterbox (Field-Tested)
May 06 2017 01: +0,11.056,5,Galil AR | Chatterbox (Field-Tested)
May 07 2017 01: +0,11.33,5,Galil AR | Chatterbox (Field-Tested)
May 08 2017 01: +0,11.22,4,Galil AR | Chatterbox (Field-Tested)
May 09 2017 01: +0,11.574,2,Galil AR | Chatterbox (Field-Tested)
May 10 2017 01: +0,11.644,5,Galil AR | Chatterbox (Field-Tested)
May 11 2017 01: +0,12.438,5,Galil AR | Chatterbox (Field-Tested)
May 12 2017 01: +0,12.555,7,Galil AR | Chatterbox (Field-Tested)
May 13 2017 01: +0,11.977,9,Galil AR | Chatterbox (Field-Tested)
May 14 2017 01: +0,11.744,5,Galil AR | Chatterbox (Field-Tested)
May 15 2017 01: +0,11.047,8,Galil AR | Chatterbox (Field-Tested)
May 16 2017 01: +0,11.381,6,Galil AR | Chatterbox (Field-Tested)
May 17 2017 01: +0,12.197,5,Galil AR | Chatterbox (Field-Tested)
May 18 2017 01: +0,14.39,3,Galil AR | Chatterbox (Field-Tested)
May 19 2017 01: +0,12.898,1,Galil AR | Chatterbox (Field-Tested)
May 20 2017 01: +0,12.359,5,Galil AR | Chatterbox (Field-Tested)
May 21 2017 01: +0,14.86,6,Galil AR | Chatterbox (Field-Tested)
May 22 2017 01: +0,14.731,3,Galil AR | Chatterbox (Field-Tested)
May 23 2017 01: +0,14.122,2,Galil AR | Chatterbox (Field-Tested)
May 24 2017 01: +0,9.812,11,Galil AR | Chatterbox (Field-Tested)
May 25 2017 01: +0,10.487,5,Galil AR | Chatterbox (Field-Tested)
May 26 2017 01: +0,10.563,6,Galil AR | Chatterbox (Field-Tested)
May 27 2017 01: +0,9.85,5,Galil AR | Chatterbox (Field-Tested)
May 28 2017 01: +0,11.116,4,Galil AR | Chatterbox (Field-Tested)
May 29 2017 01: +0,12.998,3,Galil AR | Chatterbox (Field-Tested)
May 30 2017 01: +0,12.179,6,Galil AR | Chatterbox (Field-Tested)
May 31 2017 01: +0,11.826,6,Galil AR | Chatterbox (Field-Tested)
Jun 01 2017 01: +0,11.227,4,Galil AR | Chatterbox (Field-Tested)
Jun 02 2017 01: +0,12.03,4,Galil AR | Chatterbox (Field-Tested)
Jun 03 2017 01: +0,12.114,5,Galil AR | Chatterbox (Field-Tested)
Jun 04 2017 01: +0,11.834,7,Galil AR | Chatterbox (Field-Tested)
Jun 05 2017 01: +0,11.16,4,Galil AR | Chatterbox (Field-Tested)
Jun 06 2017 01: +0,11.473,9,Galil AR | Chatterbox (Field-Tested)
Jun 07 2017 01: +0,11.98,7,Galil AR | Chatterbox (Field-Tested)
Jun 08 2017 01: +0,13.349,2,Galil AR | Chatterbox (Field-Tested)
Jun 09 2017 01: +0,13.033,5,Galil AR | Chatterbox (Field-Tested)
Jun 10 2017 01: +0,12.467,8,Galil AR | Chatterbox (Field-Tested)
Jun 11 2017 01: +0,12.791,8,Galil AR | Chatterbox (Field-Tested)
Jun 12 2017 01: +0,11.821,4,Galil AR | Chatterbox (Field-Tested)
Jun 13 2017 01: +0,12.388,6,Galil AR | Chatterbox (Field-Tested)
Jun 14 2017 01: +0,10.488,4,Galil AR | Chatterbox (Field-Tested)
Jun 15 2017 01: +0,11.951,6,Galil AR | Chatterbox (Field-Tested)
Jun 16 2017 01: +0,11.374,5,Galil AR | Chatterbox (Field-Tested)
Jun 17 2017 01: +0,11.833,7,Galil AR | Chatterbox (Field-Tested)
Jun 18 2017 01: +0,12.916,4,Galil AR | Chatterbox (Field-Tested)
Jun 19 2017 01: +0,11.004,4,Galil AR | Chatterbox (Field-Tested)
Jun 20 2017 01: +0,11.025,2,Galil AR | Chatterbox (Field-Tested)
Jun 21 2017 01: +0,11.666,1,Galil AR | Chatterbox (Field-Tested)
Jun 22 2017 01: +0,10.732,6,Galil AR | Chatterbox (Field-Tested)
Jun 23 2017 01: +0,11.413,7,Galil AR | Chatterbox (Field-Tested)
Jun 24 2017 01: +0,11.65,5,Galil AR | Chatterbox (Field-Tested)
Jun 25 2017 01: +0,11.442,8,Galil AR | Chatterbox (Field-Tested)
Jun 26 2017 01: +0,11.186,8,Galil AR | Chatterbox (Field-Tested)
Jun 27 2017 01: +0,10.146,3,Galil AR | Chatterbox (Field-Tested)
Jun 28 2017 01: +0,10.805,5,Galil AR | Chatterbox (Field-Tested)
Jun 29 2017 01: +0,11.423,6,Galil AR | Chatterbox (Field-Tested)
Jun 30 2017 01: +0,11.753,6,Galil AR | Chatterbox (Field-Tested)
Jul 01 2017 01: +0,14.081,5,Galil AR | Chatterbox (Field-Tested)
Jul 02 2017 01: +0,13.753,2,Galil AR | Chatterbox (Field-Tested)
Jul 03 2017 01: +0,13.084,5,Galil AR | Chatterbox (Field-Tested)
Jul 04 2017 01: +0,12.284,6,Galil AR | Chatterbox (Field-Tested)
Jul 05 2017 01: +0,12.797,3,Galil AR | Chatterbox (Field-Tested)
Jul 06 2017 01: +0,12.771,6,Galil AR | Chatterbox (Field-Tested)
Jul 07 2017 01: +0,11.815,6,Galil AR | Chatterbox (Field-Tested)
Jul 08 2017 01: +0,12.687,8,Galil AR | Chatterbox (Field-Tested)
Jul 09 2017 01: +0,13.538,3,Galil AR | Chatterbox (Field-Tested)
Jul 10 2017 01: +0,12.885,4,Galil AR | Chatterbox (Field-Tested)
Jul 11 2017 01: +0,14.683,6,Galil AR | Chatterbox (Field-Tested)
Jul 12 2017 01: +0,13.214,4,Galil AR | Chatterbox (Field-Tested)
Jul 13 2017 01: +0,13.218,4,Galil AR | Chatterbox (Field-Tested)
Jul 14 2017 01: +0,11.63,5,Galil AR | Chatterbox (Field-Tested)
Jul 15 2017 01: +0,12.394,6,Galil AR | Chatterbox (Field-Tested)
Jul 16 2017 01: +0,13.147,6,Galil AR | Chatterbox (Field-Tested)
Jul 17 2017 01: +0,13.966,3,Galil AR | Chatterbox (Field-Tested)
Jul 18 2017 01: +0,12.729,5,Galil AR | Chatterbox (Field-Tested)
Jul 19 2017 01: +0,13.492,3,Galil AR | Chatterbox (Field-Tested)
Jul 20 2017 01: +0,13.238,3,Galil AR | Chatterbox (Field-Tested)
Jul 21 2017 01: +0,11.272,3,Galil AR | Chatterbox (Field-Tested)
Jul 22 2017 01: +0,12.977,8,Galil AR | Chatterbox (Field-Tested)
Jul 23 2017 01: +0,13.389,5,Galil AR | Chatterbox (Field-Tested)
Jul 24 2017 01: +0,13.4,3,Galil AR | Chatterbox (Field-Tested)
Jul 25 2017 01: +0,13.88,6,Galil AR | Chatterbox (Field-Tested)
Jul 26 2017 01: +0,14.396,1,Galil AR | Chatterbox (Field-Tested)
Jul 27 2017 01: +0,13.247,7,Galil AR | Chatterbox (Field-Tested)
Jul 28 2017 01: +0,13.933,3,Galil AR | Chatterbox (Field-Tested)
Jul 29 2017 01: +0,11.887,1,Galil AR | Chatterbox (Field-Tested)
Jul 30 2017 01: +0,13.475,7,Galil AR | Chatterbox (Field-Tested)
Jul 31 2017 01: +0,13.442,4,Galil AR | Chatterbox (Field-Tested)
Aug 01 2017 01: +0,13.623,4,Galil AR | Chatterbox (Field-Tested)
Aug 02 2017 01: +0,13.52,3,Galil AR | Chatterbox (Field-Tested)
Aug 03 2017 01: +0,12.84,3,Galil AR | Chatterbox (Field-Tested)
Aug 04 2017 01: +0,12.874,3,Galil AR | Chatterbox (Field-Tested)
Aug 05 2017 01: +0,13.207,8,Galil AR | Chatterbox (Field-Tested)
Aug 06 2017 01: +0,12.265,5,Galil AR | Chatterbox (Field-Tested)
Aug 07 2017 01: +0,12.231,3,Galil AR | Chatterbox (Field-Tested)
Aug 08 2017 01: +0,13.486,7,Galil AR | Chatterbox (Field-Tested)
Aug 09 2017 01: +0,13.296,4,Galil AR | Chatterbox (Field-Tested)
Aug 10 2017 01: +0,12.89,6,Galil AR | Chatterbox (Field-Tested)
Aug 11 2017 01: +0,13.885,4,Galil AR | Chatterbox (Field-Tested)
Aug 12 2017 01: +0,14.383,4,Galil AR | Chatterbox (Field-Tested)
Aug 13 2017 01: +0,13.863,4,Galil AR | Chatterbox (Field-Tested)
Aug 14 2017 01: +0,14.683,2,Galil AR | Chatterbox (Field-Tested)
Aug 15 2017 01: +0,15.509,2,Galil AR | Chatterbox (Field-Tested)
Aug 16 2017 01: +0,16.139,3,Galil AR | Chatterbox (Field-Tested)
Aug 17 2017 01: +0,13.304,3,Galil AR | Chatterbox (Field-Tested)
Aug 18 2017 01: +0,15.074,3,Galil AR | Chatterbox (Field-Tested)
Aug 19 2017 01: +0,14.333,2,Galil AR | Chatterbox (Field-Tested)
Aug 21 2017 01: +0,13.225,4,Galil AR | Chatterbox (Field-Tested)
Aug 22 2017 01: +0,13.506,4,Galil AR | Chatterbox (Field-Tested)
Aug 23 2017 01: +0,11.974,5,Galil AR | Chatterbox (Field-Tested)
Aug 24 2017 01: +0,11.941,3,Galil AR | Chatterbox (Field-Tested)
Aug 25 2017 01: +0,12.443,3,Galil AR | Chatterbox (Field-Tested)
Aug 26 2017 01: +0,12.526,4,Galil AR | Chatterbox (Field-Tested)
Aug 27 2017 01: +0,12.387,4,Galil AR | Chatterbox (Field-Tested)
Aug 28 2017 01: +0,13.537,3,Galil AR | Chatterbox (Field-Tested)
Aug 29 2017 01: +0,14.407,3,Galil AR | Chatterbox (Field-Tested)
Aug 30 2017 01: +0,12.901,4,Galil AR | Chatterbox (Field-Tested)
Aug 31 2017 01: +0,13.841,6,Galil AR | Chatterbox (Field-Tested)
Sep 01 2017 01: +0,14.597,2,Galil AR | Chatterbox (Field-Tested)
Sep 02 2017 01: +0,12.605,6,Galil AR | Chatterbox (Field-Tested)
Sep 03 2017 01: +0,10.654,5,Galil AR | Chatterbox (Field-Tested)
Sep 04 2017 01: +0,12.463,4,Galil AR | Chatterbox (Field-Tested)
Sep 05 2017 01: +0,13.48,3,Galil AR | Chatterbox (Field-Tested)
Sep 06 2017 01: +0,13.106,6,Galil AR | Chatterbox (Field-Tested)
Sep 08 2017 01: +0,14.096,2,Galil AR | Chatterbox (Field-Tested)
Sep 09 2017 01: +0,12.306,4,Galil AR | Chatterbox (Field-Tested)
Sep 10 2017 01: +0,12.0,3,Galil AR | Chatterbox (Field-Tested)
Sep 11 2017 01: +0,13.056,3,Galil AR | Chatterbox (Field-Tested)
Sep 12 2017 01: +0,12.518,5,Galil AR | Chatterbox (Field-Tested)
Sep 13 2017 01: +0,12.308,5,Galil AR | Chatterbox (Field-Tested)
Sep 14 2017 01: +0,13.4,1,Galil AR | Chatterbox (Field-Tested)
Sep 15 2017 01: +0,11.103,6,Galil AR | Chatterbox (Field-Tested)
Sep 16 2017 01: +0,10.846,9,Galil AR | Chatterbox (Field-Tested)
Sep 17 2017 01: +0,11.511,4,Galil AR | Chatterbox (Field-Tested)
Sep 18 2017 01: +0,12.844,6,Galil AR | Chatterbox (Field-Tested)
Sep 19 2017 01: +0,12.77,8,Galil AR | Chatterbox (Field-Tested)
Sep 20 2017 01: +0,13.621,6,Galil AR | Chatterbox (Field-Tested)
Sep 21 2017 01: +0,14.585,3,Galil AR | Chatterbox (Field-Tested)
Sep 22 2017 01: +0,12.989,4,Galil AR | Chatterbox (Field-Tested)
Sep 23 2017 01: +0,13.29,3,Galil AR | Chatterbox (Field-Tested)
Sep 24 2017 01: +0,13.956,3,Galil AR | Chatterbox (Field-Tested)
Sep 25 2017 01: +0,11.675,1,Galil AR | Chatterbox (Field-Tested)
Sep 26 2017 01: +0,12.149,7,Galil AR | Chatterbox (Field-Tested)
Sep 28 2017 01: +0,14.734,1,Galil AR | Chatterbox (Field-Tested)
Sep 29 2017 01: +0,12.833,6,Galil AR | Chatterbox (Field-Tested)
Sep 30 2017 01: +0,13.923,5,Galil AR | Chatterbox (Field-Tested)
Oct 01 2017 01: +0,14.596,5,Galil AR | Chatterbox (Field-Tested)
Oct 02 2017 01: +0,12.637,2,Galil AR | Chatterbox (Field-Tested)
Oct 03 2017 01: +0,11.566,3,Galil AR | Chatterbox (Field-Tested)
Oct 04 2017 01: +0,12.841,7,Galil AR | Chatterbox (Field-Tested)
Oct 05 2017 01: +0,11.87,1,Galil AR | Chatterbox (Field-Tested)
Oct 06 2017 01: +0,13.481,4,Galil AR | Chatterbox (Field-Tested)
Oct 07 2017 01: +0,14.007,4,Galil AR | Chatterbox (Field-Tested)
Oct 08 2017 01: +0,13.551,4,Galil AR | Chatterbox (Field-Tested)
Oct 09 2017 01: +0,13.543,1,Galil AR | Chatterbox (Field-Tested)
Oct 10 2017 01: +0,11.372,1,Galil AR | Chatterbox (Field-Tested)
Oct 11 2017 01: +0,12.181,3,Galil AR | Chatterbox (Field-Tested)
Oct 12 2017 01: +0,13.258,3,Galil AR | Chatterbox (Field-Tested)
Oct 13 2017 01: +0,12.295,5,Galil AR | Chatterbox (Field-Tested)
Oct 14 2017 01: +0,11.396,5,Galil AR | Chatterbox (Field-Tested)
Oct 15 2017 01: +0,11.019,4,Galil AR | Chatterbox (Field-Tested)
Oct 16 2017 01: +0,11.488,5,Galil AR | Chatterbox (Field-Tested)
Oct 17 2017 01: +0,12.474,4,Galil AR | Chatterbox (Field-Tested)
Oct 18 2017 01: +0,12.911,3,Galil AR | Chatterbox (Field-Tested)
Oct 19 2017 01: +0,14.016,2,Galil AR | Chatterbox (Field-Tested)
Oct 20 2017 01: +0,14.44,3,Galil AR | Chatterbox (Field-Tested)
Oct 21 2017 01: +0,13.617,3,Galil AR | Chatterbox (Field-Tested)
Oct 22 2017 01: +0,13.103,3,Galil AR | Chatterbox (Field-Tested)
Oct 23 2017 01: +0,12.896,4,Galil AR | Chatterbox (Field-Tested)
Oct 24 2017 01: +0,12.942,1,Galil AR | Chatterbox (Field-Tested)
Oct 25 2017 01: +0,12.273,2,Galil AR | Chatterbox (Field-Tested)
Oct 26 2017 01: +0,11.642,6,Galil AR | Chatterbox (Field-Tested)
Oct 27 2017 01: +0,11.762,3,Galil AR | Chatterbox (Field-Tested)
Oct 28 2017 01: +0,12.756,2,Galil AR | Chatterbox (Field-Tested)
Oct 29 2017 01: +0,12.714,3,Galil AR | Chatterbox (Field-Tested)
Oct 30 2017 01: +0,12.298,4,Galil AR | Chatterbox (Field-Tested)
Oct 31 2017 01: +0,13.51,3,Galil AR | Chatterbox (Field-Tested)
Nov 01 2017 01: +0,12.905,4,Galil AR | Chatterbox (Field-Tested)
Nov 02 2017 01: +0,12.519,2,Galil AR | Chatterbox (Field-Tested)
Nov 03 2017 01: +0,12.762,2,Galil AR | Chatterbox (Field-Tested)
Nov 04 2017 01: +0,12.833,2,Galil AR | Chatterbox (Field-Tested)
Nov 05 2017 01: +0,12.158,5,Galil AR | Chatterbox (Field-Tested)
Nov 06 2017 01: +0,12.748,1,Galil AR | Chatterbox (Field-Tested)
Nov 07 2017 01: +0,12.467,4,Galil AR | Chatterbox (Field-Tested)
Nov 08 2017 01: +0,14.898,5,Galil AR | Chatterbox (Field-Tested)
Nov 09 2017 01: +0,15.179,2,Galil AR | Chatterbox (Field-Tested)
Nov 10 2017 01: +0,12.881,10,Galil AR | Chatterbox (Field-Tested)
Nov 11 2017 01: +0,13.165,4,Galil AR | Chatterbox (Field-Tested)
Nov 12 2017 01: +0,14.427,2,Galil AR | Chatterbox (Field-Tested)
Nov 13 2017 01: +0,12.676,3,Galil AR | Chatterbox (Field-Tested)
Nov 14 2017 01: +0,12.018,3,Galil AR | Chatterbox (Field-Tested)
Nov 15 2017 01: +0,12.302,6,Galil AR | Chatterbox (Field-Tested)
Nov 16 2017 01: +0,11.858,3,Galil AR | Chatterbox (Field-Tested)
Nov 17 2017 01: +0,11.299,4,Galil AR | Chatterbox (Field-Tested)
Nov 18 2017 01: +0,12.415,4,Galil AR | Chatterbox (Field-Tested)
Nov 19 2017 01: +0,12.476,8,Galil AR | Chatterbox (Field-Tested)
Nov 20 2017 01: +0,13.368,4,Galil AR | Chatterbox (Field-Tested)
Nov 21 2017 01: +0,11.191,4,Galil AR | Chatterbox (Field-Tested)
Nov 22 2017 01: +0,12.393,5,Galil AR | Chatterbox (Field-Tested)
Nov 23 2017 01: +0,12.086,6,Galil AR | Chatterbox (Field-Tested)
Nov 25 2017 01: +0,11.738,5,Galil AR | Chatterbox (Field-Tested)
Nov 26 2017 01: +0,12.344,2,Galil AR | Chatterbox (Field-Tested)
Nov 27 2017 01: +0,10.989,4,Galil AR | Chatterbox (Field-Tested)
Nov 28 2017 01: +0,10.245,4,Galil AR | Chatterbox (Field-Tested)
Nov 29 2017 01: +0,11.185,3,Galil AR | Chatterbox (Field-Tested)
Nov 30 2017 01: +0,10.601,8,Galil AR | Chatterbox (Field-Tested)
Dec 01 2017 01: +0,11.457,3,Galil AR | Chatterbox (Field-Tested)
Dec 02 2017 01: +0,12.091,3,Galil AR | Chatterbox (Field-Tested)
Dec 03 2017 01: +0,10.543,4,Galil AR | Chatterbox (Field-Tested)
Dec 04 2017 01: +0,11.774,2,Galil AR | Chatterbox (Field-Tested)
Dec 05 2017 01: +0,11.39,7,Galil AR | Chatterbox (Field-Tested)
Dec 06 2017 01: +0,11.196,3,Galil AR | Chatterbox (Field-Tested)
Dec 07 2017 01: +0,12.426,3,Galil AR | Chatterbox (Field-Tested)
Dec 08 2017 01: +0,11.392,5,Galil AR | Chatterbox (Field-Tested)
Dec 09 2017 01: +0,9.764,1,Galil AR | Chatterbox (Field-Tested)
Dec 10 2017 01: +0,11.997,7,Galil AR | Chatterbox (Field-Tested)
Dec 11 2017 01: +0,12.544,1,Galil AR | Chatterbox (Field-Tested)
Dec 12 2017 01: +0,11.73,2,Galil AR | Chatterbox (Field-Tested)
Dec 13 2017 01: +0,12.655,5,Galil AR | Chatterbox (Field-Tested)
Dec 14 2017 01: +0,11.42,5,Galil AR | Chatterbox (Field-Tested)
Dec 15 2017 01: +0,10.554,2,Galil AR | Chatterbox (Field-Tested)
Dec 16 2017 01: +0,11.635,5,Galil AR | Chatterbox (Field-Tested)
Dec 17 2017 01: +0,12.329,3,Galil AR | Chatterbox (Field-Tested)
Dec 18 2017 01: +0,12.635,4,Galil AR | Chatterbox (Field-Tested)
Dec 19 2017 01: +0,13.03,4,Galil AR | Chatterbox (Field-Tested)
Dec 20 2017 01: +0,13.64,2,Galil AR | Chatterbox (Field-Tested)
Dec 21 2017 01: +0,10.886,4,Galil AR | Chatterbox (Field-Tested)
Dec 22 2017 01: +0,11.16,4,Galil AR | Chatterbox (Field-Tested)
Dec 23 2017 01: +0,10.924,7,Galil AR | Chatterbox (Field-Tested)
Dec 24 2017 01: +0,10.4,6,Galil AR | Chatterbox (Field-Tested)
Dec 25 2017 01: +0,11.432,7,Galil AR | Chatterbox (Field-Tested)
Dec 26 2017 01: +0,11.636,4,Galil AR | Chatterbox (Field-Tested)
Dec 27 2017 01: +0,11.916,3,Galil AR | Chatterbox (Field-Tested)
Dec 28 2017 01: +0,12.401,3,Galil AR | Chatterbox (Field-Tested)
Dec 29 2017 01: +0,12.937,7,Galil AR | Chatterbox (Field-Tested)
Dec 30 2017 01: +0,11.891,3,Galil AR | Chatterbox (Field-Tested)
Dec 31 2017 01: +0,12.582,4,Galil AR | Chatterbox (Field-Tested)
Jan 01 2018 01: +0,12.277,2,Galil AR | Chatterbox (Field-Tested)
Jan 02 2018 01: +0,10.189,1,Galil AR | Chatterbox (Field-Tested)
Jan 03 2018 01: +0,11.983,10,Galil AR | Chatterbox (Field-Tested)
Jan 04 2018 01: +0,12.532,4,Galil AR | Chatterbox (Field-Tested)
Jan 05 2018 01: +0,13.305,2,Galil AR | Chatterbox (Field-Tested)
Jan 06 2018 01: +0,14.308,8,Galil AR | Chatterbox (Field-Tested)
Jan 07 2018 01: +0,13.95,4,Galil AR | Chatterbox (Field-Tested)
Jan 08 2018 01: +0,16.617,3,Galil AR | Chatterbox (Field-Tested)
Jan 09 2018 01: +0,12.802,2,Galil AR | Chatterbox (Field-Tested)
Jan 10 2018 01: +0,17.182,3,Galil AR | Chatterbox (Field-Tested)
Jan 12 2018 01: +0,15.158,3,Galil AR | Chatterbox (Field-Tested)
Jan 13 2018 01: +0,16.929,1,Galil AR | Chatterbox (Field-Tested)
Jan 14 2018 01: +0,16.873,2,Galil AR | Chatterbox (Field-Tested)
Jan 15 2018 01: +0,15.511,3,Galil AR | Chatterbox (Field-Tested)
Jan 16 2018 01: +0,15.875,2,Galil AR | Chatterbox (Field-Tested)
Jan 17 2018 01: +0,14.73,3,Galil AR | Chatterbox (Field-Tested)
Jan 18 2018 01: +0,14.94,2,Galil AR | Chatterbox (Field-Tested)
Jan 19 2018 01: +0,16.606,2,Galil AR | Chatterbox (Field-Tested)
Jan 20 2018 01: +0,16.472,6,Galil AR | Chatterbox (Field-Tested)
Jan 21 2018 01: +0,13.903,4,Galil AR | Chatterbox (Field-Tested)
Jan 22 2018 01: +0,15.431,3,Galil AR | Chatterbox (Field-Tested)
Jan 24 2018 01: +0,13.152,1,Galil AR | Chatterbox (Field-Tested)
Jan 25 2018 01: +0,13.645,1,Galil AR | Chatterbox (Field-Tested)
Jan 26 2018 01: +0,14.311,8,Galil AR | Chatterbox (Field-Tested)
Jan 27 2018 01: +0,15.296,4,Galil AR | Chatterbox (Field-Tested)
Jan 28 2018 01: +0,14.912,6,Galil AR | Chatterbox (Field-Tested)
Jan 29 2018 01: +0,13.745,6,Galil AR | Chatterbox (Field-Tested)
Jan 30 2018 01: +0,14.448,1,Galil AR | Chatterbox (Field-Tested)
Jan 31 2018 01: +0,13.751,1,Galil AR | Chatterbox (Field-Tested)
Feb 01 2018 01: +0,15.412,4,Galil AR | Chatterbox (Field-Tested)
Feb 02 2018 01: +0,15.866,3,Galil AR | Chatterbox (Field-Tested)
Feb 03 2018 01: +0,15.606,2,Galil AR | Chatterbox (Field-Tested)
Feb 04 2018 01: +0,14.277,5,Galil AR | Chatterbox (Field-Tested)
Feb 05 2018 01: +0,16.048,1,Galil AR | Chatterbox (Field-Tested)
Feb 06 2018 01: +0,14.598,5,Galil AR | Chatterbox (Field-Tested)
Feb 07 2018 01: +0,15.971,4,Galil AR | Chatterbox (Field-Tested)
Feb 08 2018 01: +0,14.502,4,Galil AR | Chatterbox (Field-Tested)
Feb 09 2018 01: +0,14.965,3,Galil AR | Chatterbox (Field-Tested)
Feb 10 2018 01: +0,14.295,4,Galil AR | Chatterbox (Field-Tested)
Feb 11 2018 01: +0,15.518,5,Galil AR | Chatterbox (Field-Tested)
Feb 12 2018 01: +0,14.557,3,Galil AR | Chatterbox (Field-Tested)
Feb 13 2018 01: +0,13.077,5,Galil AR | Chatterbox (Field-Tested)
Feb 14 2018 01: +0,12.417,2,Galil AR | Chatterbox (Field-Tested)
Feb 15 2018 01: +0,13.842,4,Galil AR | Chatterbox (Field-Tested)
Feb 16 2018 01: +0,13.715,4,Galil AR | Chatterbox (Field-Tested)
Feb 17 2018 01: +0,15.861,3,Galil AR | Chatterbox (Field-Tested)
Feb 18 2018 01: +0,13.28,6,Galil AR | Chatterbox (Field-Tested)
Feb 19 2018 01: +0,13.983,4,Galil AR | Chatterbox (Field-Tested)
Feb 20 2018 01: +0,12.88,3,Galil AR | Chatterbox (Field-Tested)
Feb 21 2018 01: +0,13.095,2,Galil AR | Chatterbox (Field-Tested)
Feb 22 2018 01: +0,13.528,2,Galil AR | Chatterbox (Field-Tested)
Feb 23 2018 01: +0,12.82,5,Galil AR | Chatterbox (Field-Tested)
Feb 24 2018 01: +0,12.686,7,Galil AR | Chatterbox (Field-Tested)
Feb 25 2018 01: +0,13.47,7,Galil AR | Chatterbox (Field-Tested)
Feb 26 2018 01: +0,11.738,3,Galil AR | Chatterbox (Field-Tested)
Feb 27 2018 01: +0,12.455,8,Galil AR | Chatterbox (Field-Tested)
Feb 28 2018 01: +0,12.549,7,Galil AR | Chatterbox (Field-Tested)
Mar 01 2018 01: +0,12.372,6,Galil AR | Chatterbox (Field-Tested)
Mar 02 2018 01: +0,12.196,4,Galil AR | Chatterbox (Field-Tested)
Mar 03 2018 01: +0,13.1,7,Galil AR | Chatterbox (Field-Tested)
Mar 04 2018 01: +0,12.248,4,Galil AR | Chatterbox (Field-Tested)
Mar 06 2018 01: +0,13.436,4,Galil AR | Chatterbox (Field-Tested)
Mar 07 2018 01: +0,15.632,4,Galil AR | Chatterbox (Field-Tested)
Mar 08 2018 01: +0,15.499,2,Galil AR | Chatterbox (Field-Tested)
Mar 09 2018 01: +0,15.2,7,Galil AR | Chatterbox (Field-Tested)
Mar 10 2018 01: +0,13.259,3,Galil AR | Chatterbox (Field-Tested)
Mar 11 2018 01: +0,14.07,4,Galil AR | Chatterbox (Field-Tested)
Mar 12 2018 01: +0,14.878,3,Galil AR | Chatterbox (Field-Tested)
Mar 13 2018 01: +0,14.532,2,Galil AR | Chatterbox (Field-Tested)
Mar 14 2018 01: +0,12.929,4,Galil AR | Chatterbox (Field-Tested)
Mar 15 2018 01: +0,14.473,4,Galil AR | Chatterbox (Field-Tested)
Mar 16 2018 01: +0,14.551,1,Galil AR | Chatterbox (Field-Tested)
Mar 17 2018 01: +0,15.315,7,Galil AR | Chatterbox (Field-Tested)
Mar 18 2018 01: +0,14.496,6,Galil AR | Chatterbox (Field-Tested)
Mar 19 2018 01: +0,13.61,4,Galil AR | Chatterbox (Field-Tested)
Mar 20 2018 01: +0,12.824,2,Galil AR | Chatterbox (Field-Tested)
Mar 21 2018 01: +0,14.703,3,Galil AR | Chatterbox (Field-Tested)
Mar 22 2018 01: +0,14.22,3,Galil AR | Chatterbox (Field-Tested)
Mar 23 2018 01: +0,12.389,6,Galil AR | Chatterbox (Field-Tested)
Mar 24 2018 01: +0,14.212,4,Galil AR | Chatterbox (Field-Tested)
Mar 25 2018 01: +0,12.405,1,Galil AR | Chatterbox (Field-Tested)
Mar 26 2018 01: +0,13.818,3,Galil AR | Chatterbox (Field-Tested)
Mar 27 2018 01: +0,13.232,4,Galil AR | Chatterbox (Field-Tested)
Mar 29 2018 01: +0,12.182,6,Galil AR | Chatterbox (Field-Tested)
Mar 30 2018 01: +0,11.127,5,Galil AR | Chatterbox (Field-Tested)
Mar 31 2018 01: +0,10.397,5,Galil AR | Chatterbox (Field-Tested)
Apr 01 2018 01: +0,10.283,6,Galil AR | Chatterbox (Field-Tested)
Apr 02 2018 01: +0,10.671,8,Galil AR | Chatterbox (Field-Tested)
Apr 03 2018 01: +0,12.06,3,Galil AR | Chatterbox (Field-Tested)
Apr 04 2018 01: +0,10.74,4,Galil AR | Chatterbox (Field-Tested)
Apr 05 2018 01: +0,11.769,3,Galil AR | Chatterbox (Field-Tested)
Apr 06 2018 01: +0,11.333,6,Galil AR | Chatterbox (Field-Tested)
Apr 07 2018 01: +0,11.791,6,Galil AR | Chatterbox (Field-Tested)
Apr 08 2018 01: +0,10.862,3,Galil AR | Chatterbox (Field-Tested)
Apr 09 2018 01: +0,12.465,6,Galil AR | Chatterbox (Field-Tested)
Apr 10 2018 01: +0,13.272,4,Galil AR | Chatterbox (Field-Tested)
Apr 11 2018 01: +0,12.426,1,Galil AR | Chatterbox (Field-Tested)
Apr 12 2018 01: +0,12.481,6,Galil AR | Chatterbox (Field-Tested)
Apr 13 2018 01: +0,12.419,3,Galil AR | Chatterbox (Field-Tested)
Apr 14 2018 01: +0,13.868,3,Galil AR | Chatterbox (Field-Tested)
Apr 15 2018 01: +0,12.036,3,Galil AR | Chatterbox (Field-Tested)
Apr 16 2018 01: +0,11.157,4,Galil AR | Chatterbox (Field-Tested)
Apr 17 2018 01: +0,11.892,6,Galil AR | Chatterbox (Field-Tested)
Apr 18 2018 01: +0,14.339,3,Galil AR | Chatterbox (Field-Tested)
Apr 19 2018 01: +0,13.853,4,Galil AR | Chatterbox (Field-Tested)
Apr 20 2018 01: +0,13.569,1,Galil AR | Chatterbox (Field-Tested)
Apr 21 2018 01: +0,13.729,2,Galil AR | Chatterbox (Field-Tested)
Apr 22 2018 01: +0,11.24,6,Galil AR | Chatterbox (Field-Tested)
Apr 23 2018 01: +0,11.444,5,Galil AR | Chatterbox (Field-Tested)
Apr 24 2018 01: +0,11.743,9,Galil AR | Chatterbox (Field-Tested)
Apr 25 2018 01: +0,11.31,6,Galil AR | Chatterbox (Field-Tested)
Apr 26 2018 01: +0,11.859,4,Galil AR | Chatterbox (Field-Tested)
Apr 27 2018 01: +0,12.257,1,Galil AR | Chatterbox (Field-Tested)
Apr 28 2018 01: +0,12.258,3,Galil AR | Chatterbox (Field-Tested)
Apr 29 2018 01: +0,10.478,1,Galil AR | Chatterbox (Field-Tested)
Apr 30 2018 01: +0,10.749,4,Galil AR | Chatterbox (Field-Tested)
May 01 2018 01: +0,11.42,5,Galil AR | Chatterbox (Field-Tested)
May 02 2018 01: +0,10.816,6,Galil AR | Chatterbox (Field-Tested)
May 03 2018 01: +0,11.117,4,Galil AR | Chatterbox (Field-Tested)
May 04 2018 01: +0,11.895,2,Galil AR | Chatterbox (Field-Tested)
May 05 2018 01: +0,10.483,4,Galil AR | Chatterbox (Field-Tested)
May 06 2018 01: +0,10.022,2,Galil AR | Chatterbox (Field-Tested)
May 07 2018 01: +0,10.424,5,Galil AR | Chatterbox (Field-Tested)
May 08 2018 01: +0,9.997,7,Galil AR | Chatterbox (Field-Tested)
May 09 2018 01: +0,10.069,5,Galil AR | Chatterbox (Field-Tested)
May 10 2018 01: +0,9.959,5,Galil AR | Chatterbox (Field-Tested)
May 11 2018 01: +0,10.495,3,Galil AR | Chatterbox (Field-Tested)
May 12 2018 01: +0,9.521,1,Galil AR | Chatterbox (Field-Tested)
May 13 2018 01: +0,10.419,5,Galil AR | Chatterbox (Field-Tested)
May 14 2018 01: +0,10.528,5,Galil AR | Chatterbox (Field-Tested)
May 15 2018 01: +0,11.036,5,Galil AR | Chatterbox (Field-Tested)
May 16 2018 01: +0,11.348,4,Galil AR | Chatterbox (Field-Tested)
May 17 2018 01: +0,11.442,2,Galil AR | Chatterbox (Field-Tested)
May 18 2018 01: +0,10.408,5,Galil AR | Chatterbox (Field-Tested)
May 20 2018 01: +0,9.845,2,Galil AR | Chatterbox (Field-Tested)
May 21 2018 01: +0,9.481,9,Galil AR | Chatterbox (Field-Tested)
May 22 2018 01: +0,10.618,2,Galil AR | Chatterbox (Field-Tested)
May 23 2018 01: +0,10.39,7,Galil AR | Chatterbox (Field-Tested)
May 24 2018 01: +0,9.816,3,Galil AR | Chatterbox (Field-Tested)
May 25 2018 01: +0,10.803,4,Galil AR | Chatterbox (Field-Tested)
May 26 2018 01: +0,10.21,5,Galil AR | Chatterbox (Field-Tested)
May 27 2018 01: +0,10.169,2,Galil AR | Chatterbox (Field-Tested)
May 28 2018 01: +0,11.444,2,Galil AR | Chatterbox (Field-Tested)
May 29 2018 01: +0,8.126,2,Galil AR | Chatterbox (Field-Tested)
May 30 2018 01: +0,10.198,7,Galil AR | Chatterbox (Field-Tested)
May 31 2018 01: +0,9.764,1,Galil AR | Chatterbox (Field-Tested)
Jun 01 2018 01: +0,11.201,5,Galil AR | Chatterbox (Field-Tested)
Jun 02 2018 01: +0,11.463,3,Galil AR | Chatterbox (Field-Tested)
Jun 03 2018 01: +0,13.065,2,Galil AR | Chatterbox (Field-Tested)
Jun 04 2018 01: +0,11.858,2,Galil AR | Chatterbox (Field-Tested)
Jun 05 2018 01: +0,12.279,3,Galil AR | Chatterbox (Field-Tested)
Jun 06 2018 01: +0,12.918,2,Galil AR | Chatterbox (Field-Tested)
Jun 07 2018 01: +0,13.218,5,Galil AR | Chatterbox (Field-Tested)
Jun 08 2018 01: +0,12.847,3,Galil AR | Chatterbox (Field-Tested)
Jun 09 2018 01: +0,11.714,4,Galil AR | Chatterbox (Field-Tested)
Jun 10 2018 01: +0,9.764,1,Galil AR | Chatterbox (Field-Tested)
Jun 11 2018 01: +0,11.787,4,Galil AR | Chatterbox (Field-Tested)
Jun 12 2018 01: +0,5.918,3,Galil AR | Chatterbox (Field-Tested)
Jun 13 2018 01: +0,11.119,2,Galil AR | Chatterbox (Field-Tested)
Jun 14 2018 01: +0,9.957,3,Galil AR | Chatterbox (Field-Tested)
Jun 15 2018 01: +0,8.438,4,Galil AR | Chatterbox (Field-Tested)
Jun 16 2018 01: +0,9.561,9,Galil AR | Chatterbox (Field-Tested)
Jun 17 2018 01: +0,9.203,6,Galil AR | Chatterbox (Field-Tested)
Jun 18 2018 01: +0,9.754,3,Galil AR | Chatterbox (Field-Tested)
Jun 19 2018 01: +0,10.345,3,Galil AR | Chatterbox (Field-Tested)
Jun 20 2018 01: +0,8.375,2,Galil AR | Chatterbox (Field-Tested)
Jun 21 2018 01: +0,10.22,3,Galil AR | Chatterbox (Field-Tested)
Jun 22 2018 01: +0,9.302,3,Galil AR | Chatterbox (Field-Tested)
Jun 23 2018 01: +0,10.586,4,Galil AR | Chatterbox (Field-Tested)
Jun 24 2018 01: +0,9.917,4,Galil AR | Chatterbox (Field-Tested)
Jun 25 2018 01: +0,7.808,2,Galil AR | Chatterbox (Field-Tested)
Jun 26 2018 01: +0,10.762,4,Galil AR | Chatterbox (Field-Tested)
Jun 27 2018 01: +0,14.442,4,Galil AR | Chatterbox (Field-Tested)
Jun 28 2018 01: +0,10.774,2,Galil AR | Chatterbox (Field-Tested)
Jun 29 2018 01: +0,10.371,10,Galil AR | Chatterbox (Field-Tested)
Jun 30 2018 01: +0,10.773,9,Galil AR | Chatterbox (Field-Tested)
Jul 01 2018 01: +0,11.788,2,Galil AR | Chatterbox (Field-Tested)
Jul 02 2018 01: +0,11.898,3,Galil AR | Chatterbox (Field-Tested)
Jul 03 2018 01: +0,10.495,1,Galil AR | Chatterbox (Field-Tested)
Jul 04 2018 01: +0,9.629,2,Galil AR | Chatterbox (Field-Tested)
Jul 05 2018 01: +0,9.646,6,Galil AR | Chatterbox (Field-Tested)
Jul 06 2018 01: +0,10.953,6,Galil AR | Chatterbox (Field-Tested)
Jul 07 2018 01: +0,11.787,2,Galil AR | Chatterbox (Field-Tested)
Jul 08 2018 01: +0,12.293,1,Galil AR | Chatterbox (Field-Tested)
Jul 09 2018 01: +0,12.428,3,Galil AR | Chatterbox (Field-Tested)
Jul 10 2018 01: +0,11.034,2,Galil AR | Chatterbox (Field-Tested)
Jul 11 2018 01: +0,11.906,3,Galil AR | Chatterbox (Field-Tested)
Jul 12 2018 01: +0,11.382,2,Galil AR | Chatterbox (Field-Tested)
Jul 13 2018 01: +0,11.618,3,Galil AR | Chatterbox (Field-Tested)
Jul 14 2018 01: +0,11.893,4,Galil AR | Chatterbox (Field-Tested)
Jul 15 2018 01: +0,11.506,2,Galil AR | Chatterbox (Field-Tested)
Jul 16 2018 01: +0,11.098,3,Galil AR | Chatterbox (Field-Tested)
Jul 17 2018 01: +0,10.839,2,Galil AR | Chatterbox (Field-Tested)
Jul 19 2018 01: +0,11.442,2,Galil AR | Chatterbox (Field-Tested)
Jul 20 2018 01: +0,11.007,2,Galil AR | Chatterbox (Field-Tested)
Jul 21 2018 01: +0,10.182,3,Galil AR | Chatterbox (Field-Tested)
Jul 22 2018 01: +0,11.661,2,Galil AR | Chatterbox (Field-Tested)
Jul 23 2018 01: +0,10.085,4,Galil AR | Chatterbox (Field-Tested)
Jul 24 2018 01: +0,11.688,4,Galil AR | Chatterbox (Field-Tested)
Jul 25 2018 01: +0,11.248,3,Galil AR | Chatterbox (Field-Tested)
Jul 26 2018 01: +0,12.454,6,Galil AR | Chatterbox (Field-Tested)
Jul 27 2018 01: +0,13.699,9,Galil AR | Chatterbox (Field-Tested)
Jul 28 2018 01: +0,19.656,1,Galil AR | Chatterbox (Field-Tested)
Jul 29 2018 01: +0,16.838,1,Galil AR | Chatterbox (Field-Tested)
Jul 30 2018 01: +0,15.167,4,Galil AR | Chatterbox (Field-Tested)
Jul 31 2018 01: +0,12.127,5,Galil AR | Chatterbox (Field-Tested)
Aug 01 2018 01: +0,12.414,2,Galil AR | Chatterbox (Field-Tested)
Aug 02 2018 01: +0,10.726,1,Galil AR | Chatterbox (Field-Tested)
Aug 03 2018 01: +0,12.784,5,Galil AR | Chatterbox (Field-Tested)
Aug 04 2018 01: +0,10.917,1,Galil AR | Chatterbox (Field-Tested)
Aug 05 2018 01: +0,12.926,6,Galil AR | Chatterbox (Field-Tested)
Aug 06 2018 01: +0,18.52,4,Galil AR | Chatterbox (Field-Tested)
Aug 07 2018 01: +0,10.604,3,Galil AR | Chatterbox (Field-Tested)
Aug 08 2018 01: +0,10.594,6,Galil AR | Chatterbox (Field-Tested)
Aug 09 2018 01: +0,10.359,3,Galil AR | Chatterbox (Field-Tested)
Aug 10 2018 01: +0,11.35,5,Galil AR | Chatterbox (Field-Tested)
Aug 11 2018 01: +0,11.462,1,Galil AR | Chatterbox (Field-Tested)
Aug 12 2018 01: +0,11.037,5,Galil AR | Chatterbox (Field-Tested)
Aug 13 2018 01: +0,11.224,5,Galil AR | Chatterbox (Field-Tested)
Aug 14 2018 01: +0,9.713,5,Galil AR | Chatterbox (Field-Tested)
Aug 15 2018 01: +0,10.804,5,Galil AR | Chatterbox (Field-Tested)
Aug 16 2018 01: +0,11.027,1,Galil AR | Chatterbox (Field-Tested)
Aug 17 2018 01: +0,10.886,5,Galil AR | Chatterbox (Field-Tested)
Aug 18 2018 01: +0,11.29,2,Galil AR | Chatterbox (Field-Tested)
Aug 19 2018 01: +0,10.824,4,Galil AR | Chatterbox (Field-Tested)
Aug 20 2018 01: +0,11.976,3,Galil AR | Chatterbox (Field-Tested)
Aug 21 2018 01: +0,11.667,3,Galil AR | Chatterbox (Field-Tested)
Aug 22 2018 01: +0,11.853,2,Galil AR | Chatterbox (Field-Tested)
Aug 23 2018 01: +0,10.51,2,Galil AR | Chatterbox (Field-Tested)
Aug 24 2018 01: +0,11.626,5,Galil AR | Chatterbox (Field-Tested)
Aug 25 2018 01: +0,11.519,5,Galil AR | Chatterbox (Field-Tested)
Aug 26 2018 01: +0,11.716,2,Galil AR | Chatterbox (Field-Tested)
Aug 27 2018 01: +0,11.097,2,Galil AR | Chatterbox (Field-Tested)
Aug 28 2018 01: +0,11.911,4,Galil AR | Chatterbox (Field-Tested)
Aug 29 2018 01: +0,14.059,3,Galil AR | Chatterbox (Field-Tested)
Aug 30 2018 01: +0,13.052,7,Galil AR | Chatterbox (Field-Tested)
Aug 31 2018 01: +0,13.124,2,Galil AR | Chatterbox (Field-Tested)
Sep 01 2018 01: +0,10.461,4,Galil AR | Chatterbox (Field-Tested)
Sep 02 2018 01: +0,12.97,4,Galil AR | Chatterbox (Field-Tested)
Sep 03 2018 01: +0,11.742,3,Galil AR | Chatterbox (Field-Tested)
Sep 04 2018 01: +0,10.062,1,Galil AR | Chatterbox (Field-Tested)
Sep 05 2018 01: +0,10.721,7,Galil AR | Chatterbox (Field-Tested)
Sep 06 2018 01: +0,11.534,8,Galil AR | Chatterbox (Field-Tested)
Sep 07 2018 01: +0,11.065,2,Galil AR | Chatterbox (Field-Tested)
Sep 08 2018 01: +0,10.775,5,Galil AR | Chatterbox (Field-Tested)
Sep 09 2018 01: +0,11.351,6,Galil AR | Chatterbox (Field-Tested)
Sep 10 2018 01: +0,10.74,2,Galil AR | Chatterbox (Field-Tested)
Sep 11 2018 01: +0,10.752,2,Galil AR | Chatterbox (Field-Tested)
Sep 12 2018 01: +0,11.081,2,Galil AR | Chatterbox (Field-Tested)
Sep 14 2018 01: +0,10.563,4,Galil AR | Chatterbox (Field-Tested)
Sep 15 2018 01: +0,11.092,5,Galil AR | Chatterbox (Field-Tested)
Sep 16 2018 01: +0,11.049,5,Galil AR | Chatterbox (Field-Tested)
Sep 17 2018 01: +0,11.196,3,Galil AR | Chatterbox (Field-Tested)
Sep 19 2018 01: +0,10.653,9,Galil AR | Chatterbox (Field-Tested)
Sep 20 2018 01: +0,10.619,7,Galil AR | Chatterbox (Field-Tested)
Sep 21 2018 01: +0,11.618,6,Galil AR | Chatterbox (Field-Tested)
Sep 22 2018 01: +0,11.108,2,Galil AR | Chatterbox (Field-Tested)
Sep 23 2018 01: +0,8.525,1,Galil AR | Chatterbox (Field-Tested)
Sep 24 2018 01: +0,11.199,4,Galil AR | Chatterbox (Field-Tested)
Sep 26 2018 01: +0,11.138,4,Galil AR | Chatterbox (Field-Tested)
Sep 27 2018 01: +0,11.91,4,Galil AR | Chatterbox (Field-Tested)
Sep 28 2018 01: +0,11.873,5,Galil AR | Chatterbox (Field-Tested)
Sep 29 2018 01: +0,14.585,2,Galil AR | Chatterbox (Field-Tested)
Sep 30 2018 01: +0,12.573,3,Galil AR | Chatterbox (Field-Tested)
Oct 01 2018 01: +0,12.178,4,Galil AR | Chatterbox (Field-Tested)
Oct 02 2018 01: +0,12.322,2,Galil AR | Chatterbox (Field-Tested)
Oct 03 2018 01: +0,13.056,2,Galil AR | Chatterbox (Field-Tested)
Oct 05 2018 01: +0,13.427,4,Galil AR | Chatterbox (Field-Tested)
Oct 06 2018 01: +0,12.883,3,Galil AR | Chatterbox (Field-Tested)
Oct 07 2018 01: +0,12.451,2,Galil AR | Chatterbox (Field-Tested)
Oct 08 2018 01: +0,13.387,6,Galil AR | Chatterbox (Field-Tested)
Oct 10 2018 01: +0,11.805,1,Galil AR | Chatterbox (Field-Tested)
Oct 11 2018 01: +0,12.699,3,Galil AR | Chatterbox (Field-Tested)
Oct 12 2018 01: +0,13.335,2,Galil AR | Chatterbox (Field-Tested)
Oct 13 2018 01: +0,14.765,1,Galil AR | Chatterbox (Field-Tested)
Oct 14 2018 01: +0,14.705,3,Galil AR | Chatterbox (Field-Tested)
Oct 15 2018 01: +0,13.328,3,Galil AR | Chatterbox (Field-Tested)
Oct 16 2018 01: +0,14.703,4,Galil AR | Chatterbox (Field-Tested)
Oct 17 2018 01: +0,15.271,1,Galil AR | Chatterbox (Field-Tested)
Oct 18 2018 01: +0,15.268,1,Galil AR | Chatterbox (Field-Tested)
Oct 19 2018 01: +0,14.691,2,Galil AR | Chatterbox (Field-Tested)
Oct 20 2018 01: +0,14.939,2,Galil AR | Chatterbox (Field-Tested)
Oct 21 2018 01: +0,14.088,4,Galil AR | Chatterbox (Field-Tested)
Oct 22 2018 01: +0,14.224,3,Galil AR | Chatterbox (Field-Tested)
Oct 23 2018 01: +0,14.594,2,Galil AR | Chatterbox (Field-Tested)
Oct 24 2018 01: +0,14.516,2,Galil AR | Chatterbox (Field-Tested)
Oct 25 2018 01: +0,12.586,3,Galil AR | Chatterbox (Field-Tested)
Oct 26 2018 01: +0,15.376,2,Galil AR | Chatterbox (Field-Tested)
Oct 27 2018 01: +0,17.663,2,Galil AR | Chatterbox (Field-Tested)
Oct 28 2018 01: +0,14.221,6,Galil AR | Chatterbox (Field-Tested)
Oct 29 2018 01: +0,14.208,3,Galil AR | Chatterbox (Field-Tested)
Oct 30 2018 01: +0,13.547,2,Galil AR | Chatterbox (Field-Tested)
Oct 31 2018 01: +0,13.624,4,Galil AR | Chatterbox (Field-Tested)
Nov 01 2018 01: +0,14.203,2,Galil AR | Chatterbox (Field-Tested)
Nov 02 2018 01: +0,13.808,3,Galil AR | Chatterbox (Field-Tested)
Nov 03 2018 01: +0,13.084,5,Galil AR | Chatterbox (Field-Tested)
Nov 04 2018 01: +0,12.562,2,Galil AR | Chatterbox (Field-Tested)
Nov 07 2018 01: +0,12.361,2,Galil AR | Chatterbox (Field-Tested)
Nov 08 2018 01: +0,13.254,1,Galil AR | Chatterbox (Field-Tested)
Nov 09 2018 01: +0,13.377,1,Galil AR | Chatterbox (Field-Tested)
Nov 10 2018 01: +0,16.407,5,Galil AR | Chatterbox (Field-Tested)
Nov 11 2018 01: +0,15.51,4,Galil AR | Chatterbox (Field-Tested)
Nov 12 2018 01: +0,14.382,5,Galil AR | Chatterbox (Field-Tested)
Nov 13 2018 01: +0,15.231,1,Galil AR | Chatterbox (Field-Tested)
Nov 14 2018 01: +0,13.411,2,Galil AR | Chatterbox (Field-Tested)
Nov 15 2018 01: +0,14.36,3,Galil AR | Chatterbox (Field-Tested)
Nov 16 2018 01: +0,14.034,4,Galil AR | Chatterbox (Field-Tested)
Nov 17 2018 01: +0,14.409,3,Galil AR | Chatterbox (Field-Tested)
Nov 18 2018 01: +0,15.111,3,Galil AR | Chatterbox (Field-Tested)
Nov 19 2018 01: +0,15.169,2,Galil AR | Chatterbox (Field-Tested)
Nov 20 2018 01: +0,11.879,1,Galil AR | Chatterbox (Field-Tested)
Nov 21 2018 01: +0,12.84,2,Galil AR | Chatterbox (Field-Tested)
Nov 22 2018 01: +0,12.762,4,Galil AR | Chatterbox (Field-Tested)
Nov 23 2018 01: +0,11.726,1,Galil AR | Chatterbox (Field-Tested)
Nov 24 2018 01: +0,12.411,2,Galil AR | Chatterbox (Field-Tested)
Nov 25 2018 01: +0,12.798,1,Galil AR | Chatterbox (Field-Tested)
Nov 26 2018 01: +0,13.289,3,Galil AR | Chatterbox (Field-Tested)
Nov 27 2018 01: +0,12.688,5,Galil AR | Chatterbox (Field-Tested)
Nov 29 2018 01: +0,12.675,5,Galil AR | Chatterbox (Field-Tested)
Nov 30 2018 01: +0,12.454,6,Galil AR | Chatterbox (Field-Tested)
Dec 01 2018 01: +0,12.271,3,Galil AR | Chatterbox (Field-Tested)
Dec 02 2018 01: +0,12.235,4,Galil AR | Chatterbox (Field-Tested)
Dec 03 2018 01: +0,11.481,5,Galil AR | Chatterbox (Field-Tested)
Dec 05 2018 01: +0,11.834,2,Galil AR | Chatterbox (Field-Tested)
Dec 06 2018 01: +0,12.529,3,Galil AR | Chatterbox (Field-Tested)
Dec 07 2018 01: +0,10.747,1,Galil AR | Chatterbox (Field-Tested)
Dec 08 2018 01: +0,10.505,3,Galil AR | Chatterbox (Field-Tested)
Dec 09 2018 01: +0,10.791,3,Galil AR | Chatterbox (Field-Tested)
Dec 10 2018 01: +0,10.992,3,Galil AR | Chatterbox (Field-Tested)
Dec 11 2018 01: +0,11.405,3,Galil AR | Chatterbox (Field-Tested)
Dec 12 2018 01: +0,11.733,4,Galil AR | Chatterbox (Field-Tested)
Dec 13 2018 01: +0,12.13,2,Galil AR | Chatterbox (Field-Tested)
Dec 14 2018 01: +0,11.482,2,Galil AR | Chatterbox (Field-Tested)
Dec 15 2018 01: +0,11.468,4,Galil AR | Chatterbox (Field-Tested)
Dec 16 2018 01: +0,12.506,6,Galil AR | Chatterbox (Field-Tested)
Dec 17 2018 01: +0,13.692,5,Galil AR | Chatterbox (Field-Tested)
Dec 18 2018 01: +0,16.374,2,Galil AR | Chatterbox (Field-Tested)
Dec 19 2018 01: +0,19.299,2,Galil AR | Chatterbox (Field-Tested)
Dec 20 2018 01: +0,14.42,4,Galil AR | Chatterbox (Field-Tested)
Dec 21 2018 01: +0,14.243,3,Galil AR | Chatterbox (Field-Tested)
Dec 22 2018 01: +0,12.708,5,Galil AR | Chatterbox (Field-Tested)
Dec 23 2018 01: +0,12.714,6,Galil AR | Chatterbox (Field-Tested)
Dec 24 2018 01: +0,12.595,2,Galil AR | Chatterbox (Field-Tested)
Dec 25 2018 01: +0,12.125,3,Galil AR | Chatterbox (Field-Tested)
Dec 26 2018 01: +0,12.61,5,Galil AR | Chatterbox (Field-Tested)
Dec 27 2018 01: +0,13.313,3,Galil AR | Chatterbox (Field-Tested)
Dec 29 2018 01: +0,11.886,3,Galil AR | Chatterbox (Field-Tested)
Dec 31 2018 01: +0,11.908,3,Galil AR | Chatterbox (Field-Tested)
Jan 01 2019 01: +0,11.674,5,Galil AR | Chatterbox (Field-Tested)
Jan 02 2019 01: +0,12.787,9,Galil AR | Chatterbox (Field-Tested)
Jan 03 2019 01: +0,13.216,5,Galil AR | Chatterbox (Field-Tested)
Jan 04 2019 01: +0,12.298,7,Galil AR | Chatterbox (Field-Tested)
Jan 05 2019 01: +0,13.159,4,Galil AR | Chatterbox (Field-Tested)
Jan 06 2019 01: +0,18.008,1,Galil AR | Chatterbox (Field-Tested)
Jan 07 2019 01: +0,13.059,4,Galil AR | Chatterbox (Field-Tested)
Jan 08 2019 01: +0,13.543,4,Galil AR | Chatterbox (Field-Tested)
Jan 10 2019 01: +0,12.423,3,Galil AR | Chatterbox (Field-Tested)
Jan 11 2019 01: +0,12.496,5,Galil AR | Chatterbox (Field-Tested)
Jan 12 2019 01: +0,12.82,3,Galil AR | Chatterbox (Field-Tested)
Jan 13 2019 01: +0,15.784,3,Galil AR | Chatterbox (Field-Tested)
Jan 14 2019 01: +0,15.064,4,Galil AR | Chatterbox (Field-Tested)
Jan 15 2019 01: +0,13.462,1,Galil AR | Chatterbox (Field-Tested)
Jan 16 2019 01: +0,12.401,5,Galil AR | Chatterbox (Field-Tested)
Jan 17 2019 01: +0,12.655,4,Galil AR | Chatterbox (Field-Tested)
Jan 18 2019 01: +0,12.982,1,Galil AR | Chatterbox (Field-Tested)
Jan 20 2019 01: +0,12.83,3,Galil AR | Chatterbox (Field-Tested)
Jan 21 2019 01: +0,12.85,2,Galil AR | Chatterbox (Field-Tested)
Jan 22 2019 01: +0,9.868,1,Galil AR | Chatterbox (Field-Tested)
Jan 23 2019 01: +0,12.786,3,Galil AR | Chatterbox (Field-Tested)
Jan 24 2019 01: +0,12.718,2,Galil AR | Chatterbox (Field-Tested)
Jan 25 2019 01: +0,16.933,4,Galil AR | Chatterbox (Field-Tested)
Jan 26 2019 01: +0,11.492,4,Galil AR | Chatterbox (Field-Tested)
Jan 27 2019 01: +0,12.977,4,Galil AR | Chatterbox (Field-Tested)
Jan 28 2019 01: +0,13.132,4,Galil AR | Chatterbox (Field-Tested)
Jan 29 2019 01: +0,13.279,5,Galil AR | Chatterbox (Field-Tested)
Jan 30 2019 01: +0,15.521,5,Galil AR | Chatterbox (Field-Tested)
Jan 31 2019 01: +0,15.741,6,Galil AR | Chatterbox (Field-Tested)
Feb 01 2019 01: +0,15.359,1,Galil AR | Chatterbox (Field-Tested)
Feb 02 2019 01: +0,14.66,4,Galil AR | Chatterbox (Field-Tested)
Feb 03 2019 01: +0,16.039,1,Galil AR | Chatterbox (Field-Tested)
Feb 04 2019 01: +0,12.821,3,Galil AR | Chatterbox (Field-Tested)
Feb 05 2019 01: +0,13.839,1,Galil AR | Chatterbox (Field-Tested)
Feb 06 2019 01: +0,15.347,2,Galil AR | Chatterbox (Field-Tested)
Feb 07 2019 01: +0,13.723,2,Galil AR | Chatterbox (Field-Tested)
Feb 08 2019 01: +0,14.786,2,Galil AR | Chatterbox (Field-Tested)
Feb 10 2019 01: +0,13.103,3,Galil AR | Chatterbox (Field-Tested)
Feb 11 2019 01: +0,12.567,1,Galil AR | Chatterbox (Field-Tested)
Feb 12 2019 01: +0,14.164,1,Galil AR | Chatterbox (Field-Tested)
Feb 14 2019 01: +0,13.491,2,Galil AR | Chatterbox (Field-Tested)
Feb 15 2019 01: +0,13.082,3,Galil AR | Chatterbox (Field-Tested)
Feb 16 2019 01: +0,14.283,1,Galil AR | Chatterbox (Field-Tested)
Feb 17 2019 01: +0,13.778,1,Galil AR | Chatterbox (Field-Tested)
Feb 18 2019 01: +0,12.89,2,Galil AR | Chatterbox (Field-Tested)
Feb 19 2019 01: +0,12.911,3,Galil AR | Chatterbox (Field-Tested)
Feb 20 2019 01: +0,12.835,2,Galil AR | Chatterbox (Field-Tested)
Feb 21 2019 01: +0,12.736,1,Galil AR | Chatterbox (Field-Tested)
Feb 22 2019 01: +0,12.791,3,Galil AR | Chatterbox (Field-Tested)
Feb 23 2019 01: +0,12.663,6,Galil AR | Chatterbox (Field-Tested)
Feb 24 2019 01: +0,12.558,3,Galil AR | Chatterbox (Field-Tested)
Feb 25 2019 01: +0,15.618,4,Galil AR | Chatterbox (Field-Tested)
Feb 26 2019 01: +0,13.356,3,Galil AR | Chatterbox (Field-Tested)
Feb 27 2019 01: +0,13.678,4,Galil AR | Chatterbox (Field-Tested)
Feb 28 2019 01: +0,14.442,6,Galil AR | Chatterbox (Field-Tested)
Mar 01 2019 01: +0,17.536,2,Galil AR | Chatterbox (Field-Tested)
Mar 02 2019 01: +0,13.582,4,Galil AR | Chatterbox (Field-Tested)
Mar 03 2019 01: +0,12.655,2,Galil AR | Chatterbox (Field-Tested)
Mar 04 2019 01: +0,14.681,1,Galil AR | Chatterbox (Field-Tested)
Mar 05 2019 01: +0,14.489,1,Galil AR | Chatterbox (Field-Tested)
Mar 06 2019 01: +0,13.772,6,Galil AR | Chatterbox (Field-Tested)
Mar 07 2019 01: +0,12.878,2,Galil AR | Chatterbox (Field-Tested)
Mar 08 2019 01: +0,12.937,8,Galil AR | Chatterbox (Field-Tested)
Mar 09 2019 01: +0,13.558,4,Galil AR | Chatterbox (Field-Tested)
Mar 10 2019 01: +0,14.533,2,Galil AR | Chatterbox (Field-Tested)
Mar 11 2019 01: +0,17.045,3,Galil AR | Chatterbox (Field-Tested)
Mar 12 2019 01: +0,13.608,3,Galil AR | Chatterbox (Field-Tested)
Mar 13 2019 01: +0,14.616,2,Galil AR | Chatterbox (Field-Tested)
Mar 14 2019 01: +0,13.237,2,Galil AR | Chatterbox (Field-Tested)
Mar 15 2019 01: +0,13.991,6,Galil AR | Chatterbox (Field-Tested)
Mar 16 2019 01: +0,13.263,6,Galil AR | Chatterbox (Field-Tested)
Mar 17 2019 01: +0,14.467,4,Galil AR | Chatterbox (Field-Tested)
Mar 18 2019 01: +0,12.206,4,Galil AR | Chatterbox (Field-Tested)
Mar 19 2019 01: +0,14.792,1,Galil AR | Chatterbox (Field-Tested)
Mar 20 2019 01: +0,15.164,2,Galil AR | Chatterbox (Field-Tested)
Mar 21 2019 01: +0,14.846,2,Galil AR | Chatterbox (Field-Tested)
Mar 22 2019 01: +0,13.828,4,Galil AR | Chatterbox (Field-Tested)
Mar 23 2019 01: +0,13.454,1,Galil AR | Chatterbox (Field-Tested)
Mar 24 2019 01: +0,12.948,3,Galil AR | Chatterbox (Field-Tested)
Mar 25 2019 01: +0,14.111,3,Galil AR | Chatterbox (Field-Tested)
Mar 26 2019 01: +0,14.834,4,Galil AR | Chatterbox (Field-Tested)
Mar 28 2019 01: +0,13.286,2,Galil AR | Chatterbox (Field-Tested)
Mar 29 2019 01: +0,13.221,4,Galil AR | Chatterbox (Field-Tested)
Mar 30 2019 01: +0,13.464,3,Galil AR | Chatterbox (Field-Tested)
Mar 31 2019 01: +0,15.016,2,Galil AR | Chatterbox (Field-Tested)
Apr 01 2019 01: +0,18.449,2,Galil AR | Chatterbox (Field-Tested)
Apr 02 2019 01: +0,16.74,1,Galil AR | Chatterbox (Field-Tested)
Apr 03 2019 01: +0,15.427,6,Galil AR | Chatterbox (Field-Tested)
Apr 04 2019 01: +0,15.665,4,Galil AR | Chatterbox (Field-Tested)
Apr 05 2019 01: +0,15.325,3,Galil AR | Chatterbox (Field-Tested)
Apr 06 2019 01: +0,17.719,4,Galil AR | Chatterbox (Field-Tested)
Apr 07 2019 01: +0,14.749,4,Galil AR | Chatterbox (Field-Tested)
Apr 08 2019 01: +0,15.021,2,Galil AR | Chatterbox (Field-Tested)
Apr 09 2019 01: +0,15.785,1,Galil AR | Chatterbox (Field-Tested)
Apr 10 2019 01: +0,12.598,5,Galil AR | Chatterbox (Field-Tested)
Apr 11 2019 01: +0,16.266,2,Galil AR | Chatterbox (Field-Tested)
Apr 12 2019 01: +0,14.604,2,Galil AR | Chatterbox (Field-Tested)
Apr 13 2019 01: +0,14.216,2,Galil AR | Chatterbox (Field-Tested)
Apr 14 2019 01: +0,15.774,3,Galil AR | Chatterbox (Field-Tested)
Apr 15 2019 01: +0,15.776,2,Galil AR | Chatterbox (Field-Tested)
Apr 16 2019 01: +0,13.972,4,Galil AR | Chatterbox (Field-Tested)
Apr 17 2019 01: +0,14.633,2,Galil AR | Chatterbox (Field-Tested)
Apr 18 2019 01: +0,16.992,2,Galil AR | Chatterbox (Field-Tested)
Apr 19 2019 01: +0,14.385,4,Galil AR | Chatterbox (Field-Tested)
Apr 20 2019 01: +0,14.631,2,Galil AR | Chatterbox (Field-Tested)
Apr 21 2019 01: +0,15.037,2,Galil AR | Chatterbox (Field-Tested)
Apr 24 2019 01: +0,14.308,2,Galil AR | Chatterbox (Field-Tested)
Apr 25 2019 01: +0,13.812,1,Galil AR | Chatterbox (Field-Tested)
Apr 26 2019 01: +0,13.805,1,Galil AR | Chatterbox (Field-Tested)
Apr 27 2019 01: +0,14.169,5,Galil AR | Chatterbox (Field-Tested)
Apr 28 2019 01: +0,14.196,1,Galil AR | Chatterbox (Field-Tested)
Apr 29 2019 01: +0,15.433,1,Galil AR | Chatterbox (Field-Tested)
Apr 30 2019 01: +0,14.408,2,Galil AR | Chatterbox (Field-Tested)
May 01 2019 01: +0,14.159,8,Galil AR | Chatterbox (Field-Tested)
May 02 2019 01: +0,18.645,2,Galil AR | Chatterbox (Field-Tested)
May 03 2019 01: +0,16.965,1,Galil AR | Chatterbox (Field-Tested)
May 04 2019 01: +0,18.389,2,Galil AR | Chatterbox (Field-Tested)
May 05 2019 01: +0,17.178,2,Galil AR | Chatterbox (Field-Tested)
May 06 2019 01: +0,15.868,1,Galil AR | Chatterbox (Field-Tested)
May 07 2019 01: +0,14.734,2,Galil AR | Chatterbox (Field-Tested)
May 08 2019 01: +0,16.941,2,Galil AR | Chatterbox (Field-Tested)
May 09 2019 01: +0,18.889,2,Galil AR | Chatterbox (Field-Tested)
May 11 2019 01: +0,16.369,2,Galil AR | Chatterbox (Field-Tested)
May 12 2019 01: +0,14.611,1,Galil AR | Chatterbox (Field-Tested)
May 13 2019 01: +0,16.854,1,Galil AR | Chatterbox (Field-Tested)
May 14 2019 01: +0,16.779,7,Galil AR | Chatterbox (Field-Tested)
May 15 2019 01: +0,16.67,2,Galil AR | Chatterbox (Field-Tested)
May 16 2019 01: +0,15.57,2,Galil AR | Chatterbox (Field-Tested)
May 17 2019 01: +0,16.217,3,Galil AR | Chatterbox (Field-Tested)
May 18 2019 01: +0,16.47,2,Galil AR | Chatterbox (Field-Tested)
May 19 2019 01: +0,15.481,3,Galil AR | Chatterbox (Field-Tested)
May 20 2019 01: +0,17.815,2,Galil AR | Chatterbox (Field-Tested)
May 21 2019 01: +0,17.989,2,Galil AR | Chatterbox (Field-Tested)
May 22 2019 01: +0,18.099,3,Galil AR | Chatterbox (Field-Tested)
May 23 2019 01: +0,20.126,2,Galil AR | Chatterbox (Field-Tested)
May 24 2019 01: +0,18.486,6,Galil AR | Chatterbox (Field-Tested)
May 25 2019 01: +0,16.077,2,Galil AR | Chatterbox (Field-Tested)
May 26 2019 01: +0,18.764,3,Galil AR | Chatterbox (Field-Tested)
May 27 2019 01: +0,18.511,2,Galil AR | Chatterbox (Field-Tested)
May 28 2019 01: +0,17.516,2,Galil AR | Chatterbox (Field-Tested)
May 29 2019 01: +0,18.713,3,Galil AR | Chatterbox (Field-Tested)
May 30 2019 01: +0,18.796,2,Galil AR | Chatterbox (Field-Tested)
May 31 2019 01: +0,15.816,2,Galil AR | Chatterbox (Field-Tested)
Jun 02 2019 01: +0,19.237,1,Galil AR | Chatterbox (Field-Tested)
Jun 03 2019 01: +0,17.344,3,Galil AR | Chatterbox (Field-Tested)
Jun 06 2019 01: +0,16.848,3,Galil AR | Chatterbox (Field-Tested)
Jun 07 2019 01: +0,15.889,6,Galil AR | Chatterbox (Field-Tested)
Jun 08 2019 01: +0,16.545,5,Galil AR | Chatterbox (Field-Tested)
Jun 09 2019 01: +0,14.43,3,Galil AR | Chatterbox (Field-Tested)
Jun 10 2019 01: +0,16.626,3,Galil AR | Chatterbox (Field-Tested)
Jun 11 2019 01: +0,16.186,2,Galil AR | Chatterbox (Field-Tested)
Jun 12 2019 01: +0,12.875,3,Galil AR | Chatterbox (Field-Tested)
Jun 13 2019 01: +0,17.21,2,Galil AR | Chatterbox (Field-Tested)
Jun 14 2019 01: +0,17.795,2,Galil AR | Chatterbox (Field-Tested)
Jun 15 2019 01: +0,18.312,1,Galil AR | Chatterbox (Field-Tested)
Jun 17 2019 01: +0,19.326,1,Galil AR | Chatterbox (Field-Tested)
Jun 18 2019 01: +0,16.401,1,Galil AR | Chatterbox (Field-Tested)
Jun 19 2019 01: +0,16.977,1,Galil AR | Chatterbox (Field-Tested)
Jun 21 2019 01: +0,17.212,2,Galil AR | Chatterbox (Field-Tested)
Jun 22 2019 01: +0,18.332,1,Galil AR | Chatterbox (Field-Tested)
Jun 23 2019 01: +0,19.016,1,Galil AR | Chatterbox (Field-Tested)
Jun 24 2019 01: +0,16.267,1,Galil AR | Chatterbox (Field-Tested)
Jun 25 2019 01: +0,15.811,3,Galil AR | Chatterbox (Field-Tested)
Jun 26 2019 01: +0,17.283,2,Galil AR | Chatterbox (Field-Tested)
Jun 27 2019 01: +0,15.196,2,Galil AR | Chatterbox (Field-Tested)
Jun 28 2019 01: +0,17.895,4,Galil AR | Chatterbox (Field-Tested)
Jun 29 2019 01: +0,17.978,7,Galil AR | Chatterbox (Field-Tested)
Jun 30 2019 01: +0,16.28,2,Galil AR | Chatterbox (Field-Tested)
Jul 01 2019 01: +0,17.561,2,Galil AR | Chatterbox (Field-Tested)
Jul 03 2019 01: +0,17.02,1,Galil AR | Chatterbox (Field-Tested)
Jul 04 2019 01: +0,20.336,2,Galil AR | Chatterbox (Field-Tested)
Jul 05 2019 01: +0,17.323,3,Galil AR | Chatterbox (Field-Tested)
Jul 06 2019 01: +0,18.021,3,Galil AR | Chatterbox (Field-Tested)
Jul 07 2019 01: +0,18.571,4,Galil AR | Chatterbox (Field-Tested)
Jul 08 2019 01: +0,18.669,2,Galil AR | Chatterbox (Field-Tested)
Jul 09 2019 01: +0,19.189,2,Galil AR | Chatterbox (Field-Tested)
Jul 11 2019 01: +0,18.746,3,Galil AR | Chatterbox (Field-Tested)
Jul 12 2019 01: +0,20.883,5,Galil AR | Chatterbox (Field-Tested)
Jul 13 2019 01: +0,19.1,1,Galil AR | Chatterbox (Field-Tested)
Jul 14 2019 01: +0,19.841,1,Galil AR | Chatterbox (Field-Tested)
Jul 15 2019 01: +0,20.121,2,Galil AR | Chatterbox (Field-Tested)
Jul 16 2019 01: +0,20.451,4,Galil AR | Chatterbox (Field-Tested)
Jul 19 2019 01: +0,19.351,1,Galil AR | Chatterbox (Field-Tested)
Jul 20 2019 01: +0,23.54,2,Galil AR | Chatterbox (Field-Tested)
Jul 21 2019 01: +0,21.505,2,Galil AR | Chatterbox (Field-Tested)
Jul 22 2019 01: +0,19.614,2,Galil AR | Chatterbox (Field-Tested)
Jul 23 2019 01: +0,23.364,2,Galil AR | Chatterbox (Field-Tested)
Jul 24 2019 01: +0,19.75,1,Galil AR | Chatterbox (Field-Tested)
Jul 25 2019 01: +0,23.219,1,Galil AR | Chatterbox (Field-Tested)
Jul 26 2019 01: +0,23.18,1,Galil AR | Chatterbox (Field-Tested)
Jul 27 2019 01: +0,19.435,1,Galil AR | Chatterbox (Field-Tested)
Jul 28 2019 01: +0,19.422,1,Galil AR | Chatterbox (Field-Tested)
Jul 29 2019 01: +0,20.443,2,Galil AR | Chatterbox (Field-Tested)
Jul 30 2019 01: +0,18.226,2,Galil AR | Chatterbox (Field-Tested)
Jul 31 2019 01: +0,17.731,5,Galil AR | Chatterbox (Field-Tested)
Aug 01 2019 01: +0,19.005,1,Galil AR | Chatterbox (Field-Tested)
Aug 02 2019 01: +0,19.968,2,Galil AR | Chatterbox (Field-Tested)
Aug 03 2019 01: +0,19.743,1,Galil AR | Chatterbox (Field-Tested)
Aug 04 2019 01: +0,21.119,2,Galil AR | Chatterbox (Field-Tested)
Aug 05 2019 01: +0,18.938,2,Galil AR | Chatterbox (Field-Tested)
Aug 06 2019 01: +0,22.586,1,Galil AR | Chatterbox (Field-Tested)
Aug 07 2019 01: +0,22.586,1,Galil AR | Chatterbox (Field-Tested)
Aug 08 2019 01: +0,22.661,1,Galil AR | Chatterbox (Field-Tested)
Aug 09 2019 01: +0,19.196,1,Galil AR | Chatterbox (Field-Tested)
Aug 10 2019 01: +0,22.691,2,Galil AR | Chatterbox (Field-Tested)
Aug 12 2019 01: +0,22.357,4,Galil AR | Chatterbox (Field-Tested)
Aug 14 2019 01: +0,18.448,2,Galil AR | Chatterbox (Field-Tested)
Aug 15 2019 01: +0,20.295,1,Galil AR | Chatterbox (Field-Tested)
Aug 16 2019 01: +0,22.288,4,Galil AR | Chatterbox (Field-Tested)
Aug 17 2019 01: +0,21.432,2,Galil AR | Chatterbox (Field-Tested)
Aug 18 2019 01: +0,23.479,1,Galil AR | Chatterbox (Field-Tested)
Aug 20 2019 01: +0,20.423,2,Galil AR | Chatterbox (Field-Tested)
Aug 22 2019 01: +0,21.246,3,Galil AR | Chatterbox (Field-Tested)
Aug 23 2019 01: +0,21.398,2,Galil AR | Chatterbox (Field-Tested)
Aug 24 2019 01: +0,19.29,3,Galil AR | Chatterbox (Field-Tested)
Aug 25 2019 01: +0,16.913,1,Galil AR | Chatterbox (Field-Tested)
Aug 26 2019 01: +0,21.623,2,Galil AR | Chatterbox (Field-Tested)
Aug 28 2019 01: +0,21.623,1,Galil AR | Chatterbox (Field-Tested)
Aug 29 2019 01: +0,22.501,1,Galil AR | Chatterbox (Field-Tested)
Aug 30 2019 01: +0,18.919,1,Galil AR | Chatterbox (Field-Tested)
Aug 31 2019 01: +0,20.558,2,Galil AR | Chatterbox (Field-Tested)
Sep 01 2019 01: +0,22.057,3,Galil AR | Chatterbox (Field-Tested)
Sep 02 2019 01: +0,22.052,2,Galil AR | Chatterbox (Field-Tested)
Sep 03 2019 01: +0,22.833,2,Galil AR | Chatterbox (Field-Tested)
Sep 04 2019 01: +0,22.051,1,Galil AR | Chatterbox (Field-Tested)
Sep 05 2019 01: +0,22.143,1,Galil AR | Chatterbox (Field-Tested)
Sep 06 2019 01: +0,21.831,4,Galil AR | Chatterbox (Field-Tested)
Sep 07 2019 01: +0,24.376,2,Galil AR | Chatterbox (Field-Tested)
Sep 08 2019 01: +0,20.901,3,Galil AR | Chatterbox (Field-Tested)
Sep 09 2019 01: +0,22.517,3,Galil AR | Chatterbox (Field-Tested)
Sep 10 2019 01: +0,22.653,3,Galil AR | Chatterbox (Field-Tested)
Sep 11 2019 01: +0,20.387,3,Galil AR | Chatterbox (Field-Tested)
Sep 12 2019 01: +0,21.494,3,Galil AR | Chatterbox (Field-Tested)
Sep 13 2019 01: +0,21.14,7,Galil AR | Chatterbox (Field-Tested)
Sep 14 2019 01: +0,22.231,3,Galil AR | Chatterbox (Field-Tested)
Sep 15 2019 01: +0,18.631,3,Galil AR | Chatterbox (Field-Tested)
Sep 16 2019 01: +0,20.114,7,Galil AR | Chatterbox (Field-Tested)
Sep 17 2019 01: +0,21.589,1,Galil AR | Chatterbox (Field-Tested)
Sep 20 2019 01: +0,20.929,5,Galil AR | Chatterbox (Field-Tested)
Sep 21 2019 01: +0,22.813,1,Galil AR | Chatterbox (Field-Tested)
Sep 22 2019 01: +0,24.147,3,Galil AR | Chatterbox (Field-Tested)
Sep 24 2019 01: +0,19.76,1,Galil AR | Chatterbox (Field-Tested)
Sep 25 2019 01: +0,27.055,1,Galil AR | Chatterbox (Field-Tested)
Sep 26 2019 01: +0,21.074,2,Galil AR | Chatterbox (Field-Tested)
Sep 28 2019 01: +0,21.009,3,Galil AR | Chatterbox (Field-Tested)
Sep 29 2019 01: +0,23.535,1,Galil AR | Chatterbox (Field-Tested)
Sep 30 2019 01: +0,19.868,1,Galil AR | Chatterbox (Field-Tested)
Oct 01 2019 01: +0,23.571,1,Galil AR | Chatterbox (Field-Tested)
Oct 03 2019 01: +0,23.352,1,Galil AR | Chatterbox (Field-Tested)
Oct 04 2019 01: +0,18.684,2,Galil AR | Chatterbox (Field-Tested)
Oct 05 2019 01: +0,20.562,2,Galil AR | Chatterbox (Field-Tested)
Oct 08 2019 01: +0,22.722,2,Galil AR | Chatterbox (Field-Tested)
Oct 09 2019 01: +0,19.673,1,Galil AR | Chatterbox (Field-Tested)
Oct 11 2019 01: +0,21.784,2,Galil AR | Chatterbox (Field-Tested)
Oct 12 2019 01: +0,21.327,2,Galil AR | Chatterbox (Field-Tested)
Oct 13 2019 01: +0,19.013,1,Galil AR | Chatterbox (Field-Tested)
Oct 14 2019 01: +0,19.547,7,Galil AR | Chatterbox (Field-Tested)
Oct 15 2019 01: +0,17.303,1,Galil AR | Chatterbox (Field-Tested)
Oct 16 2019 01: +0,22.055,2,Galil AR | Chatterbox (Field-Tested)
Oct 17 2019 01: +0,21.235,1,Galil AR | Chatterbox (Field-Tested)
Oct 18 2019 01: +0,20.66,5,Galil AR | Chatterbox (Field-Tested)
Oct 19 2019 01: +0,20.152,2,Galil AR | Chatterbox (Field-Tested)
Oct 20 2019 01: +0,22.686,2,Galil AR | Chatterbox (Field-Tested)
Oct 21 2019 01: +0,20.272,2,Galil AR | Chatterbox (Field-Tested)
Oct 22 2019 01: +0,19.285,3,Galil AR | Chatterbox (Field-Tested)
Oct 23 2019 01: +0,19.168,2,Galil AR | Chatterbox (Field-Tested)
Oct 24 2019 01: +0,19.426,2,Galil AR | Chatterbox (Field-Tested)
Oct 25 2019 01: +0,18.367,3,Galil AR | Chatterbox (Field-Tested)
Oct 26 2019 01: +0,19.298,2,Galil AR | Chatterbox (Field-Tested)
Oct 27 2019 01: +0,17.011,2,Galil AR | Chatterbox (Field-Tested)
Oct 28 2019 01: +0,20.054,1,Galil AR | Chatterbox (Field-Tested)
Oct 29 2019 01: +0,19.886,2,Galil AR | Chatterbox (Field-Tested)
Oct 30 2019 01: +0,20.41,5,Galil AR | Chatterbox (Field-Tested)
Oct 31 2019 01: +0,20.146,3,Galil AR | Chatterbox (Field-Tested)
Nov 01 2019 01: +0,22.963,2,Galil AR | Chatterbox (Field-Tested)
Nov 02 2019 01: +0,19.923,4,Galil AR | Chatterbox (Field-Tested)
Nov 03 2019 01: +0,20.173,3,Galil AR | Chatterbox (Field-Tested)
Nov 04 2019 01: +0,22.463,3,Galil AR | Chatterbox (Field-Tested)
Nov 05 2019 01: +0,18.74,1,Galil AR | Chatterbox (Field-Tested)
Nov 06 2019 01: +0,20.157,1,Galil AR | Chatterbox (Field-Tested)
Nov 08 2019 01: +0,20.509,1,Galil AR | Chatterbox (Field-Tested)
Nov 09 2019 01: +0,21.388,2,Galil AR | Chatterbox (Field-Tested)
Nov 10 2019 01: +0,20.73,2,Galil AR | Chatterbox (Field-Tested)
Nov 12 2019 01: +0,21.515,1,Galil AR | Chatterbox (Field-Tested)
Nov 14 2019 01: +0,19.112,2,Galil AR | Chatterbox (Field-Tested)
Nov 15 2019 01: +0,22.502,2,Galil AR | Chatterbox (Field-Tested)
Nov 17 2019 01: +0,24.158,3,Galil AR | Chatterbox (Field-Tested)
Nov 19 2019 01: +0,25.144,12,Galil AR | Chatterbox (Field-Tested)
Nov 21 2019 01: +0,20.051,2,Galil AR | Chatterbox (Field-Tested)
Nov 22 2019 01: +0,21.49,3,Galil AR | Chatterbox (Field-Tested)
Nov 23 2019 01: +0,20.393,4,Galil AR | Chatterbox (Field-Tested)
Nov 24 2019 01: +0,19.958,2,Galil AR | Chatterbox (Field-Tested)
Nov 25 2019 01: +0,19.346,5,Galil AR | Chatterbox (Field-Tested)
Nov 26 2019 01: +0,20.488,1,Galil AR | Chatterbox (Field-Tested)
Nov 27 2019 01: +0,21.842,3,Galil AR | Chatterbox (Field-Tested)
Nov 28 2019 01: +0,19.902,1,Galil AR | Chatterbox (Field-Tested)
Nov 30 2019 01: +0,21.482,4,Galil AR | Chatterbox (Field-Tested)
Dec 01 2019 01: +0,23.317,3,Galil AR | Chatterbox (Field-Tested)
Dec 02 2019 01: +0,22.845,2,Galil AR | Chatterbox (Field-Tested)
Dec 04 2019 01: +0,21.482,1,Galil AR | Chatterbox (Field-Tested)
Dec 05 2019 01: +0,19.261,3,Galil AR | Chatterbox (Field-Tested)
Dec 06 2019 01: +0,22.98,1,Galil AR | Chatterbox (Field-Tested)
Dec 07 2019 01: +0,23.468,5,Galil AR | Chatterbox (Field-Tested)
Dec 08 2019 01: +0,31.509,1,Galil AR | Chatterbox (Field-Tested)
Dec 10 2019 01: +0,22.467,2,Galil AR | Chatterbox (Field-Tested)
Dec 11 2019 01: +0,22.0,1,Galil AR | Chatterbox (Field-Tested)
Dec 12 2019 01: +0,19.888,2,Galil AR | Chatterbox (Field-Tested)
Dec 13 2019 01: +0,22.201,3,Galil AR | Chatterbox (Field-Tested)
Dec 14 2019 01: +0,22.155,3,Galil AR | Chatterbox (Field-Tested)
Dec 15 2019 01: +0,23.565,5,Galil AR | Chatterbox (Field-Tested)
Dec 17 2019 01: +0,22.611,1,Galil AR | Chatterbox (Field-Tested)
Dec 19 2019 01: +0,23.579,1,Galil AR | Chatterbox (Field-Tested)
Dec 20 2019 01: +0,26.944,1,Galil AR | Chatterbox (Field-Tested)
Dec 21 2019 01: +0,23.143,3,Galil AR | Chatterbox (Field-Tested)
Dec 23 2019 01: +0,24.557,4,Galil AR | Chatterbox (Field-Tested)
Dec 24 2019 01: +0,23.604,2,Galil AR | Chatterbox (Field-Tested)
Dec 25 2019 01: +0,26.115,2,Galil AR | Chatterbox (Field-Tested)
Dec 26 2019 01: +0,24.291,2,Galil AR | Chatterbox (Field-Tested)
Dec 27 2019 01: +0,22.268,2,Galil AR | Chatterbox (Field-Tested)
Dec 28 2019 01: +0,22.299,1,Galil AR | Chatterbox (Field-Tested)
Dec 30 2019 01: +0,24.54,2,Galil AR | Chatterbox (Field-Tested)
Dec 31 2019 01: +0,26.296,3,Galil AR | Chatterbox (Field-Tested)
Jan 03 2020 01: +0,28.898,2,Galil AR | Chatterbox (Field-Tested)
Jan 04 2020 01: +0,28.878,1,Galil AR | Chatterbox (Field-Tested)
Jan 07 2020 01: +0,23.767,1,Galil AR | Chatterbox (Field-Tested)
Jan 08 2020 01: +0,24.186,1,Galil AR | Chatterbox (Field-Tested)
Jan 09 2020 01: +0,27.749,3,Galil AR | Chatterbox (Field-Tested)
Jan 11 2020 01: +0,28.147,1,Galil AR | Chatterbox (Field-Tested)
Jan 13 2020 01: +0,25.33,3,Galil AR | Chatterbox (Field-Tested)
Jan 14 2020 01: +0,23.653,3,Galil AR | Chatterbox (Field-Tested)
Jan 15 2020 01: +0,26.599,4,Galil AR | Chatterbox (Field-Tested)
Jan 18 2020 01: +0,20.727,1,Galil AR | Chatterbox (Field-Tested)
Jan 19 2020 01: +0,27.188,2,Galil AR | Chatterbox (Field-Tested)
Jan 20 2020 01: +0,27.44,4,Galil AR | Chatterbox (Field-Tested)
Jan 21 2020 01: +0,28.913,1,Galil AR | Chatterbox (Field-Tested)
Jan 22 2020 01: +0,24.581,1,Galil AR | Chatterbox (Field-Tested)
Jan 23 2020 01: +0,29.166,1,Galil AR | Chatterbox (Field-Tested)
Jan 24 2020 01: +0,25.889,3,Galil AR | Chatterbox (Field-Tested)
Jan 25 2020 01: +0,23.685,1,Galil AR | Chatterbox (Field-Tested)
Jan 26 2020 01: +0,24.256,3,Galil AR | Chatterbox (Field-Tested)
Jan 28 2020 01: +0,24.991,3,Galil AR | Chatterbox (Field-Tested)
Jan 29 2020 01: +0,29.361,1,Galil AR | Chatterbox (Field-Tested)
Jan 30 2020 01: +0,28.804,4,Galil AR | Chatterbox (Field-Tested)
Jan 31 2020 01: +0,29.651,2,Galil AR | Chatterbox (Field-Tested)
Feb 01 2020 01: +0,28.542,3,Galil AR | Chatterbox (Field-Tested)
Feb 02 2020 01: +0,31.792,1,Galil AR | Chatterbox (Field-Tested)
Feb 03 2020 01: +0,31.891,1,Galil AR | Chatterbox (Field-Tested)
Feb 05 2020 01: +0,28.624,3,Galil AR | Chatterbox (Field-Tested)
Feb 06 2020 01: +0,31.924,1,Galil AR | Chatterbox (Field-Tested)
Feb 07 2020 01: +0,27.477,5,Galil AR | Chatterbox (Field-Tested)
Feb 09 2020 01: +0,28.165,1,Galil AR | Chatterbox (Field-Tested)
Feb 10 2020 01: +0,29.788,2,Galil AR | Chatterbox (Field-Tested)
Feb 11 2020 01: +0,31.477,2,Galil AR | Chatterbox (Field-Tested)
Feb 12 2020 01: +0,31.199,1,Galil AR | Chatterbox (Field-Tested)
Feb 13 2020 01: +0,30.186,1,Galil AR | Chatterbox (Field-Tested)
Feb 14 2020 01: +0,30.23,2,Galil AR | Chatterbox (Field-Tested)
Feb 15 2020 01: +0,31.772,1,Galil AR | Chatterbox (Field-Tested)
Feb 16 2020 01: +0,32.126,1,Galil AR | Chatterbox (Field-Tested)
Feb 17 2020 01: +0,34.793,1,Galil AR | Chatterbox (Field-Tested)
Feb 19 2020 01: +0,13.441,1,Galil AR | Chatterbox (Field-Tested)
Feb 20 2020 01: +0,24.568,2,Galil AR | Chatterbox (Field-Tested)
Feb 22 2020 01: +0,22.302,2,Galil AR | Chatterbox (Field-Tested)
Feb 23 2020 01: +0,26.911,1,Galil AR | Chatterbox (Field-Tested)
Feb 24 2020 01: +0,26.421,1,Galil AR | Chatterbox (Field-Tested)
Feb 25 2020 01: +0,29.614,2,Galil AR | Chatterbox (Field-Tested)
Feb 26 2020 01: +0,27.534,1,Galil AR | Chatterbox (Field-Tested)
Feb 27 2020 01: +0,26.5,2,Galil AR | Chatterbox (Field-Tested)
Feb 28 2020 01: +0,29.027,1,Galil AR | Chatterbox (Field-Tested)
Feb 29 2020 01: +0,27.433,2,Galil AR | Chatterbox (Field-Tested)
Mar 01 2020 01: +0,29.994,1,Galil AR | Chatterbox (Field-Tested)
Mar 02 2020 01: +0,26.363,1,Galil AR | Chatterbox (Field-Tested)
Mar 03 2020 01: +0,31.58,4,Galil AR | Chatterbox (Field-Tested)
Mar 04 2020 01: +0,31.247,3,Galil AR | Chatterbox (Field-Tested)
Mar 05 2020 01: +0,30.185,1,Galil AR | Chatterbox (Field-Tested)
Mar 06 2020 01: +0,28.49,1,Galil AR | Chatterbox (Field-Tested)
Mar 07 2020 01: +0,27.816,5,Galil AR | Chatterbox (Field-Tested)
Mar 08 2020 01: +0,26.952,4,Galil AR | Chatterbox (Field-Tested)
Mar 09 2020 01: +0,28.497,2,Galil AR | Chatterbox (Field-Tested)
Mar 10 2020 01: +0,26.944,3,Galil AR | Chatterbox (Field-Tested)
Mar 12 2020 01: +0,28.062,1,Galil AR | Chatterbox (Field-Tested)
Mar 13 2020 01: +0,29.058,2,Galil AR | Chatterbox (Field-Tested)
Mar 14 2020 01: +0,29.253,2,Galil AR | Chatterbox (Field-Tested)
Mar 15 2020 01: +0,27.681,3,Galil AR | Chatterbox (Field-Tested)
Mar 16 2020 01: +0,28.045,2,Galil AR | Chatterbox (Field-Tested)
Mar 18 2020 01: +0,23.732,1,Galil AR | Chatterbox (Field-Tested)
Mar 19 2020 01: +0,29.079,2,Galil AR | Chatterbox (Field-Tested)
Mar 20 2020 01: +0,26.986,3,Galil AR | Chatterbox (Field-Tested)
Mar 21 2020 01: +0,26.749,4,Galil AR | Chatterbox (Field-Tested)
Mar 22 2020 01: +0,25.954,1,Galil AR | Chatterbox (Field-Tested)
Mar 23 2020 01: +0,28.323,1,Galil AR | Chatterbox (Field-Tested)
Mar 24 2020 01: +0,29.227,5,Galil AR | Chatterbox (Field-Tested)
Mar 25 2020 01: +0,28.708,5,Galil AR | Chatterbox (Field-Tested)
Mar 26 2020 01: +0,25.475,1,Galil AR | Chatterbox (Field-Tested)
Mar 27 2020 01: +0,28.827,2,Galil AR | Chatterbox (Field-Tested)
Mar 28 2020 01: +0,28.832,1,Galil AR | Chatterbox (Field-Tested)
Mar 29 2020 01: +0,23.256,1,Galil AR | Chatterbox (Field-Tested)
Mar 30 2020 01: +0,24.626,2,Galil AR | Chatterbox (Field-Tested)
Mar 31 2020 01: +0,24.395,5,Galil AR | Chatterbox (Field-Tested)
Apr 01 2020 01: +0,28.317,1,Galil AR | Chatterbox (Field-Tested)
Apr 02 2020 01: +0,28.316,1,Galil AR | Chatterbox (Field-Tested)
Apr 03 2020 01: +0,28.519,2,Galil AR | Chatterbox (Field-Tested)
Apr 04 2020 01: +0,27.006,2,Galil AR | Chatterbox (Field-Tested)
Apr 05 2020 01: +0,26.584,3,Galil AR | Chatterbox (Field-Tested)
Apr 06 2020 01: +0,28.102,4,Galil AR | Chatterbox (Field-Tested)
Apr 07 2020 01: +0,28.07,3,Galil AR | Chatterbox (Field-Tested)
Apr 08 2020 01: +0,27.652,1,Galil AR | Chatterbox (Field-Tested)
Apr 09 2020 01: +0,25.329,1,Galil AR | Chatterbox (Field-Tested)
Apr 10 2020 01: +0,24.939,5,Galil AR | Chatterbox (Field-Tested)
Apr 11 2020 01: +0,26.038,2,Galil AR | Chatterbox (Field-Tested)
Apr 12 2020 01: +0,27.678,2,Galil AR | Chatterbox (Field-Tested)
Apr 13 2020 01: +0,30.195,3,Galil AR | Chatterbox (Field-Tested)
Apr 15 2020 01: +0,21.011,2,Galil AR | Chatterbox (Field-Tested)
Apr 16 2020 01: +0,28.133,2,Galil AR | Chatterbox (Field-Tested)
Apr 18 2020 01: +0,26.686,4,Galil AR | Chatterbox (Field-Tested)
Apr 19 2020 01: +0,27.201,2,Galil AR | Chatterbox (Field-Tested)
Apr 20 2020 01: +0,29.268,1,Galil AR | Chatterbox (Field-Tested)
Apr 21 2020 01: +0,27.229,3,Galil AR | Chatterbox (Field-Tested)
Apr 22 2020 01: +0,29.844,2,Galil AR | Chatterbox (Field-Tested)
Apr 23 2020 01: +0,29.463,1,Galil AR | Chatterbox (Field-Tested)
Apr 24 2020 01: +0,30.366,2,Galil AR | Chatterbox (Field-Tested)
Apr 25 2020 01: +0,27.145,1,Galil AR | Chatterbox (Field-Tested)
Apr 26 2020 01: +0,25.384,3,Galil AR | Chatterbox (Field-Tested)
Apr 28 2020 01: +0,25.281,8,Galil AR | Chatterbox (Field-Tested)
Apr 29 2020 01: +0,28.319,2,Galil AR | Chatterbox (Field-Tested)
Apr 30 2020 01: +0,30.51,2,Galil AR | Chatterbox (Field-Tested)
May 01 2020 01: +0,25.683,4,Galil AR | Chatterbox (Field-Tested)
May 02 2020 01: +0,29.527,3,Galil AR | Chatterbox (Field-Tested)
May 03 2020 01: +0,30.135,1,Galil AR | Chatterbox (Field-Tested)
May 04 2020 01: +0,26.887,2,Galil AR | Chatterbox (Field-Tested)
May 05 2020 01: +0,30.584,1,Galil AR | Chatterbox (Field-Tested)
May 07 2020 01: +0,27.443,1,Galil AR | Chatterbox (Field-Tested)
May 08 2020 01: +0,25.593,1,Galil AR | Chatterbox (Field-Tested)
May 09 2020 01: +0,27.386,4,Galil AR | Chatterbox (Field-Tested)
May 10 2020 01: +0,24.965,2,Galil AR | Chatterbox (Field-Tested)
May 12 2020 01: +0,26.74,2,Galil AR | Chatterbox (Field-Tested)
May 13 2020 01: +0,28.192,5,Galil AR | Chatterbox (Field-Tested)
May 14 2020 01: +0,31.745,4,Galil AR | Chatterbox (Field-Tested)
May 16 2020 01: +0,29.71,2,Galil AR | Chatterbox (Field-Tested)
May 17 2020 01: +0,32.476,1,Galil AR | Chatterbox (Field-Tested)
May 19 2020 01: +0,29.788,2,Galil AR | Chatterbox (Field-Tested)
May 20 2020 01: +0,27.309,2,Galil AR | Chatterbox (Field-Tested)
May 22 2020 01: +0,30.521,5,Galil AR | Chatterbox (Field-Tested)
May 23 2020 01: +0,26.987,1,Galil AR | Chatterbox (Field-Tested)
May 24 2020 01: +0,27.094,2,Galil AR | Chatterbox (Field-Tested)
May 26 2020 01: +0,29.345,2,Galil AR | Chatterbox (Field-Tested)
May 28 2020 01: +0,29.019,4,Galil AR | Chatterbox (Field-Tested)
May 29 2020 01: +0,29.217,5,Galil AR | Chatterbox (Field-Tested)
May 30 2020 01: +0,30.806,1,Galil AR | Chatterbox (Field-Tested)
May 31 2020 01: +0,30.623,2,Galil AR | Chatterbox (Field-Tested)
Jun 01 2020 01: +0,35.845,3,Galil AR | Chatterbox (Field-Tested)
Jun 02 2020 01: +0,30.895,1,Galil AR | Chatterbox (Field-Tested)
Jun 03 2020 01: +0,28.9,2,Galil AR | Chatterbox (Field-Tested)
Jun 04 2020 01: +0,26.37,5,Galil AR | Chatterbox (Field-Tested)
Jun 05 2020 01: +0,29.485,3,Galil AR | Chatterbox (Field-Tested)
Jun 06 2020 01: +0,32.124,1,Galil AR | Chatterbox (Field-Tested)
Jun 07 2020 01: +0,32.741,2,Galil AR | Chatterbox (Field-Tested)
Jun 08 2020 01: +0,29.772,1,Galil AR | Chatterbox (Field-Tested)
Jun 09 2020 01: +0,26.621,1,Galil AR | Chatterbox (Field-Tested)
Jun 10 2020 01: +0,30.19,2,Galil AR | Chatterbox (Field-Tested)
Jun 11 2020 01: +0,33.127,2,Galil AR | Chatterbox (Field-Tested)
Jun 12 2020 01: +0,26.848,3,Galil AR | Chatterbox (Field-Tested)
Jun 14 2020 01: +0,36.031,2,Galil AR | Chatterbox (Field-Tested)
Jun 15 2020 01: +0,25.702,1,Galil AR | Chatterbox (Field-Tested)
Jun 16 2020 01: +0,29.844,1,Galil AR | Chatterbox (Field-Tested)
Jun 17 2020 01: +0,31.098,3,Galil AR | Chatterbox (Field-Tested)
Jun 18 2020 01: +0,32.5,2,Galil AR | Chatterbox (Field-Tested)
Jun 19 2020 01: +0,31.432,1,Galil AR | Chatterbox (Field-Tested)
Jun 20 2020 01: +0,27.274,2,Galil AR | Chatterbox (Field-Tested)
Jun 21 2020 01: +0,28.414,2,Galil AR | Chatterbox (Field-Tested)
Jun 22 2020 01: +0,30.754,2,Galil AR | Chatterbox (Field-Tested)
Jun 24 2020 01: +0,26.329,2,Galil AR | Chatterbox (Field-Tested)
Jun 25 2020 01: +0,26.115,1,Galil AR | Chatterbox (Field-Tested)
Jun 26 2020 01: +0,25.694,3,Galil AR | Chatterbox (Field-Tested)
Jun 27 2020 01: +0,25.631,3,Galil AR | Chatterbox (Field-Tested)
Jun 28 2020 01: +0,23.435,1,Galil AR | Chatterbox (Field-Tested)
Jun 29 2020 01: +0,27.41,2,Galil AR | Chatterbox (Field-Tested)
Jun 30 2020 01: +0,23.765,2,Galil AR | Chatterbox (Field-Tested)
Jul 01 2020 01: +0,24.398,5,Galil AR | Chatterbox (Field-Tested)
Jul 02 2020 01: +0,27.744,3,Galil AR | Chatterbox (Field-Tested)
Jul 03 2020 01: +0,27.595,1,Galil AR | Chatterbox (Field-Tested)
Jul 04 2020 01: +0,26.179,4,Galil AR | Chatterbox (Field-Tested)
Jul 05 2020 01: +0,24.886,3,Galil AR | Chatterbox (Field-Tested)
Jul 07 2020 01: +0,26.016,2,Galil AR | Chatterbox (Field-Tested)
Jul 08 2020 01: +0,25.24,1,Galil AR | Chatterbox (Field-Tested)
Jul 09 2020 01: +0,28.289,1,Galil AR | Chatterbox (Field-Tested)
Jul 10 2020 01: +0,27.805,3,Galil AR | Chatterbox (Field-Tested)
Jul 11 2020 01: +0,28.211,1,Galil AR | Chatterbox (Field-Tested)
Jul 12 2020 01: +0,24.734,3,Galil AR | Chatterbox (Field-Tested)
Jul 13 2020 01: +0,26.465,3,Galil AR | Chatterbox (Field-Tested)
Jul 14 2020 01: +0,26.502,3,Galil AR | Chatterbox (Field-Tested)
Jul 15 2020 01: +0,30.549,1,Galil AR | Chatterbox (Field-Tested)
Jul 16 2020 01: +0,28.558,2,Galil AR | Chatterbox (Field-Tested)
Jul 17 2020 01: +0,31.202,2,Galil AR | Chatterbox (Field-Tested)
Jul 22 2020 01: +0,30.625,2,Galil AR | Chatterbox (Field-Tested)
Jul 23 2020 01: +0,33.207,1,Galil AR | Chatterbox (Field-Tested)
Jul 24 2020 01: +0,26.85,3,Galil AR | Chatterbox (Field-Tested)
Jul 25 2020 01: +0,32.73,6,Galil AR | Chatterbox (Field-Tested)
Jul 26 2020 01: +0,34.595,2,Galil AR | Chatterbox (Field-Tested)
Jul 27 2020 01: +0,29.293,1,Galil AR | Chatterbox (Field-Tested)
Jul 30 2020 01: +0,29.59,2,Galil AR | Chatterbox (Field-Tested)
Jul 31 2020 01: +0,28.764,4,Galil AR | Chatterbox (Field-Tested)
Aug 01 2020 01: +0,28.069,1,Galil AR | Chatterbox (Field-Tested)
Aug 02 2020 01: +0,29.723,2,Galil AR | Chatterbox (Field-Tested)
Aug 04 2020 01: +0,28.554,3,Galil AR | Chatterbox (Field-Tested)
Aug 05 2020 01: +0,28.767,1,Galil AR | Chatterbox (Field-Tested)
Aug 06 2020 01: +0,28.22,1,Galil AR | Chatterbox (Field-Tested)
Aug 07 2020 01: +0,26.814,1,Galil AR | Chatterbox (Field-Tested)
Aug 08 2020 01: +0,30.831,3,Galil AR | Chatterbox (Field-Tested)
Aug 09 2020 01: +0,30.92,5,Galil AR | Chatterbox (Field-Tested)
Aug 10 2020 01: +0,25.475,1,Galil AR | Chatterbox (Field-Tested)
Aug 11 2020 01: +0,29.68,3,Galil AR | Chatterbox (Field-Tested)
Aug 12 2020 01: +0,30.886,2,Galil AR | Chatterbox (Field-Tested)
Aug 13 2020 01: +0,33.013,1,Galil AR | Chatterbox (Field-Tested)
Aug 14 2020 01: +0,28.365,3,Galil AR | Chatterbox (Field-Tested)
Aug 15 2020 01: +0,30.946,2,Galil AR | Chatterbox (Field-Tested)
Aug 16 2020 01: +0,32.007,3,Galil AR | Chatterbox (Field-Tested)
Aug 17 2020 01: +0,39.3,2,Galil AR | Chatterbox (Field-Tested)
Aug 18 2020 01: +0,31.202,2,Galil AR | Chatterbox (Field-Tested)
Aug 20 2020 01: +0,33.105,2,Galil AR | Chatterbox (Field-Tested)
Aug 21 2020 01: +0,28.668,1,Galil AR | Chatterbox (Field-Tested)
Aug 22 2020 01: +0,28.877,1,Galil AR | Chatterbox (Field-Tested)
Aug 23 2020 01: +0,31.673,2,Galil AR | Chatterbox (Field-Tested)
Aug 24 2020 01: +0,29.62,2,Galil AR | Chatterbox (Field-Tested)
Aug 26 2020 01: +0,32.165,2,Galil AR | Chatterbox (Field-Tested)
Aug 27 2020 01: +0,28.563,1,Galil AR | Chatterbox (Field-Tested)
Aug 28 2020 01: +0,30.168,5,Galil AR | Chatterbox (Field-Tested)
Aug 29 2020 01: +0,24.766,3,Galil AR | Chatterbox (Field-Tested)
Aug 30 2020 01: +0,29.332,2,Galil AR | Chatterbox (Field-Tested)
Aug 31 2020 01: +0,36.421,2,Galil AR | Chatterbox (Field-Tested)
Sep 01 2020 01: +0,33.904,1,Galil AR | Chatterbox (Field-Tested)
Sep 02 2020 01: +0,32.831,2,Galil AR | Chatterbox (Field-Tested)
Sep 03 2020 01: +0,27.858,1,Galil AR | Chatterbox (Field-Tested)
Sep 04 2020 01: +0,36.069,3,Galil AR | Chatterbox (Field-Tested)
Sep 05 2020 01: +0,20.013,1,Galil AR | Chatterbox (Field-Tested)
Sep 06 2020 01: +0,44.787,1,Galil AR | Chatterbox (Field-Tested)
Sep 07 2020 01: +0,38.726,1,Galil AR | Chatterbox (Field-Tested)
Sep 08 2020 01: +0,39.043,5,Galil AR | Chatterbox (Field-Tested)
Sep 09 2020 01: +0,34.707,3,Galil AR | Chatterbox (Field-Tested)
Sep 10 2020 01: +0,34.748,3,Galil AR | Chatterbox (Field-Tested)
Sep 11 2020 01: +0,31.594,2,Galil AR | Chatterbox (Field-Tested)
Sep 12 2020 01: +0,29.293,1,Galil AR | Chatterbox (Field-Tested)
Sep 13 2020 01: +0,28.238,3,Galil AR | Chatterbox (Field-Tested)
Sep 14 2020 01: +0,28.317,1,Galil AR | Chatterbox (Field-Tested)
Sep 15 2020 01: +0,28.963,3,Galil AR | Chatterbox (Field-Tested)
Sep 16 2020 01: +0,32.77,4,Galil AR | Chatterbox (Field-Tested)
Sep 17 2020 01: +0,29.256,3,Galil AR | Chatterbox (Field-Tested)
Sep 18 2020 01: +0,31.033,2,Galil AR | Chatterbox (Field-Tested)
Sep 19 2020 01: +0,32.873,2,Galil AR | Chatterbox (Field-Tested)
Sep 20 2020 01: +0,31.396,4,Galil AR | Chatterbox (Field-Tested)
Sep 22 2020 01: +0,33.98,1,Galil AR | Chatterbox (Field-Tested)
Sep 23 2020 01: +0,35.264,3,Galil AR | Chatterbox (Field-Tested)
Sep 24 2020 01: +0,30.27,2,Galil AR | Chatterbox (Field-Tested)
Sep 28 2020 01: +0,30.295,1,Galil AR | Chatterbox (Field-Tested)
Sep 30 2020 01: +0,32.379,5,Galil AR | Chatterbox (Field-Tested)
Oct 01 2020 01: +0,36.434,1,Galil AR | Chatterbox (Field-Tested)
Oct 02 2020 01: +0,36.746,1,Galil AR | Chatterbox (Field-Tested)
Oct 03 2020 01: +0,36.167,1,Galil AR | Chatterbox (Field-Tested)
Oct 04 2020 01: +0,33.326,3,Galil AR | Chatterbox (Field-Tested)
Oct 05 2020 01: +0,30.686,1,Galil AR | Chatterbox (Field-Tested)
Oct 06 2020 01: +0,33.195,2,Galil AR | Chatterbox (Field-Tested)
Oct 07 2020 01: +0,30.458,1,Galil AR | Chatterbox (Field-Tested)
Oct 08 2020 01: +0,30.473,1,Galil AR | Chatterbox (Field-Tested)
Oct 09 2020 01: +0,32.257,2,Galil AR | Chatterbox (Field-Tested)
Oct 10 2020 01: +0,34.463,4,Galil AR | Chatterbox (Field-Tested)
Oct 11 2020 01: +0,39.427,2,Galil AR | Chatterbox (Field-Tested)
Oct 12 2020 01: +0,32.601,3,Galil AR | Chatterbox (Field-Tested)
Oct 13 2020 01: +0,37.487,2,Galil AR | Chatterbox (Field-Tested)
Oct 15 2020 01: +0,34.427,2,Galil AR | Chatterbox (Field-Tested)
Oct 16 2020 01: +0,38.192,1,Galil AR | Chatterbox (Field-Tested)
Oct 17 2020 01: +0,31.95,3,Galil AR | Chatterbox (Field-Tested)
Oct 18 2020 01: +0,31.344,2,Galil AR | Chatterbox (Field-Tested)
Oct 19 2020 01: +0,37.994,2,Galil AR | Chatterbox (Field-Tested)
Oct 20 2020 01: +0,29.998,1,Galil AR | Chatterbox (Field-Tested)
Oct 22 2020 01: +0,18.824,1,Galil AR | Chatterbox (Field-Tested)
Oct 23 2020 01: +0,37.502,1,Galil AR | Chatterbox (Field-Tested)
Oct 24 2020 01: +0,31.783,2,Galil AR | Chatterbox (Field-Tested)
Oct 25 2020 01: +0,31.023,3,Galil AR | Chatterbox (Field-Tested)
Oct 26 2020 01: +0,32.836,1,Galil AR | Chatterbox (Field-Tested)
Oct 27 2020 01: +0,30.577,2,Galil AR | Chatterbox (Field-Tested)
Oct 28 2020 01: +0,30.117,2,Galil AR | Chatterbox (Field-Tested)
Oct 30 2020 01: +0,34.781,5,Galil AR | Chatterbox (Field-Tested)
Nov 01 2020 01: +0,34.229,3,Galil AR | Chatterbox (Field-Tested)
Nov 02 2020 01: +0,32.492,3,Galil AR | Chatterbox (Field-Tested)
Nov 03 2020 01: +0,30.04,1,Galil AR | Chatterbox (Field-Tested)
Nov 05 2020 01: +0,36.091,1,Galil AR | Chatterbox (Field-Tested)
Nov 07 2020 01: +0,35.182,2,Galil AR | Chatterbox (Field-Tested)
Nov 08 2020 01: +0,35.606,1,Galil AR | Chatterbox (Field-Tested)
Nov 09 2020 01: +0,31.165,2,Galil AR | Chatterbox (Field-Tested)
Nov 10 2020 01: +0,35.002,2,Galil AR | Chatterbox (Field-Tested)
Nov 11 2020 01: +0,30.83,1,Galil AR | Chatterbox (Field-Tested)
Nov 12 2020 01: +0,33.733,1,Galil AR | Chatterbox (Field-Tested)
Nov 13 2020 01: +0,34.263,3,Galil AR | Chatterbox (Field-Tested)
Nov 14 2020 01: +0,33.543,2,Galil AR | Chatterbox (Field-Tested)
Nov 17 2020 01: +0,33.43,2,Galil AR | Chatterbox (Field-Tested)
Nov 18 2020 01: +0,34.333,2,Galil AR | Chatterbox (Field-Tested)
Nov 19 2020 01: +0,34.176,1,Galil AR | Chatterbox (Field-Tested)
Nov 20 2020 01: +0,33.598,4,Galil AR | Chatterbox (Field-Tested)
Nov 21 2020 01: +0,31.059,1,Galil AR | Chatterbox (Field-Tested)
Nov 22 2020 01: +0,30.83,1,Galil AR | Chatterbox (Field-Tested)
Nov 23 2020 01: +0,36.531,1,Galil AR | Chatterbox (Field-Tested)
Nov 26 2020 01: +0,27.977,3,Galil AR | Chatterbox (Field-Tested)
Nov 27 2020 01: +0,29.922,1,Galil AR | Chatterbox (Field-Tested)
Nov 28 2020 01: +0,33.273,2,Galil AR | Chatterbox (Field-Tested)
Nov 29 2020 01: +0,31.938,2,Galil AR | Chatterbox (Field-Tested)
Nov 30 2020 01: +0,34.568,2,Galil AR | Chatterbox (Field-Tested)
Dec 01 2020 01: +0,32.075,2,Galil AR | Chatterbox (Field-Tested)
Dec 03 2020 01: +0,29.869,6,Galil AR | Chatterbox (Field-Tested)
Dec 04 2020 01: +0,25.91,1,Galil AR | Chatterbox (Field-Tested)
Dec 05 2020 01: +0,24.361,5,Galil AR | Chatterbox (Field-Tested)
Dec 06 2020 01: +0,25.753,1,Galil AR | Chatterbox (Field-Tested)
Dec 07 2020 01: +0,29.552,2,Galil AR | Chatterbox (Field-Tested)
Dec 08 2020 01: +0,31.11,2,Galil AR | Chatterbox (Field-Tested)
Dec 09 2020 01: +0,26.279,4,Galil AR | Chatterbox (Field-Tested)
Dec 10 2020 01: +0,26.413,6,Galil AR | Chatterbox (Field-Tested)
Dec 11 2020 01: +0,26.206,3,Galil AR | Chatterbox (Field-Tested)
Dec 12 2020 01: +0,25.09,1,Galil AR | Chatterbox (Field-Tested)
Dec 13 2020 01: +0,25.729,2,Galil AR | Chatterbox (Field-Tested)
Dec 14 2020 01: +0,28.389,4,Galil AR | Chatterbox (Field-Tested)
Dec 15 2020 01: +0,29.292,1,Galil AR | Chatterbox (Field-Tested)
Dec 16 2020 01: +0,26.293,4,Galil AR | Chatterbox (Field-Tested)
Dec 17 2020 01: +0,29.675,1,Galil AR | Chatterbox (Field-Tested)
Dec 18 2020 01: +0,30.686,3,Galil AR | Chatterbox (Field-Tested)
Dec 19 2020 01: +0,27.721,4,Galil AR | Chatterbox (Field-Tested)
Dec 20 2020 01: +0,23.124,2,Galil AR | Chatterbox (Field-Tested)
Dec 21 2020 01: +0,26.338,1,Galil AR | Chatterbox (Field-Tested)
Dec 22 2020 01: +0,28.503,2,Galil AR | Chatterbox (Field-Tested)
Dec 23 2020 01: +0,27.616,2,Galil AR | Chatterbox (Field-Tested)
Dec 24 2020 01: +0,27.92,4,Galil AR | Chatterbox (Field-Tested)
Dec 25 2020 01: +0,28.585,5,Galil AR | Chatterbox (Field-Tested)
Dec 26 2020 01: +0,29.123,2,Galil AR | Chatterbox (Field-Tested)
Dec 27 2020 01: +0,29.387,2,Galil AR | Chatterbox (Field-Tested)
Dec 28 2020 01: +0,27.086,1,Galil AR | Chatterbox (Field-Tested)
Dec 29 2020 01: +0,33.396,1,Galil AR | Chatterbox (Field-Tested)
Dec 30 2020 01: +0,29.218,2,Galil AR | Chatterbox (Field-Tested)
Dec 31 2020 01: +0,28.437,3,Galil AR | Chatterbox (Field-Tested)
Jan 01 2021 01: +0,27.935,3,Galil AR | Chatterbox (Field-Tested)
Jan 02 2021 01: +0,26.267,4,Galil AR | Chatterbox (Field-Tested)
Jan 03 2021 01: +0,27.995,3,Galil AR | Chatterbox (Field-Tested)
Jan 04 2021 01: +0,28.558,3,Galil AR | Chatterbox (Field-Tested)
Jan 06 2021 01: +0,31.922,4,Galil AR | Chatterbox (Field-Tested)
Jan 07 2021 01: +0,36.675,3,Galil AR | Chatterbox (Field-Tested)
Jan 08 2021 01: +0,32.28,2,Galil AR | Chatterbox (Field-Tested)
Jan 09 2021 01: +0,31.527,3,Galil AR | Chatterbox (Field-Tested)
Jan 10 2021 01: +0,29.922,1,Galil AR | Chatterbox (Field-Tested)
Jan 11 2021 01: +0,35.653,3,Galil AR | Chatterbox (Field-Tested)
Jan 13 2021 01: +0,30.219,1,Galil AR | Chatterbox (Field-Tested)
Jan 14 2021 01: +0,31.412,2,Galil AR | Chatterbox (Field-Tested)
Jan 15 2021 01: +0,31.187,1,Galil AR | Chatterbox (Field-Tested)
Jan 16 2021 01: +0,32.783,3,Galil AR | Chatterbox (Field-Tested)
Jan 17 2021 01: +0,35.152,1,Galil AR | Chatterbox (Field-Tested)
Jan 18 2021 01: +0,31.12,1,Galil AR | Chatterbox (Field-Tested)
Jan 19 2021 01: +0,34.537,4,Galil AR | Chatterbox (Field-Tested)
Jan 20 2021 01: +0,33.227,3,Galil AR | Chatterbox (Field-Tested)
Jan 21 2021 01: +0,36.496,1,Galil AR | Chatterbox (Field-Tested)
Jan 22 2021 01: +0,36.457,1,Galil AR | Chatterbox (Field-Tested)
Jan 23 2021 01: +0,29.539,4,Galil AR | Chatterbox (Field-Tested)
Jan 24 2021 01: +0,30.142,1,Galil AR | Chatterbox (Field-Tested)
Jan 25 2021 01: +0,34.452,1,Galil AR | Chatterbox (Field-Tested)
Jan 26 2021 01: +0,32.634,5,Galil AR | Chatterbox (Field-Tested)
Jan 27 2021 01: +0,28.147,1,Galil AR | Chatterbox (Field-Tested)
Jan 28 2021 01: +0,31.195,2,Galil AR | Chatterbox (Field-Tested)
Jan 29 2021 01: +0,31.89,3,Galil AR | Chatterbox (Field-Tested)
Jan 30 2021 01: +0,30.466,4,Galil AR | Chatterbox (Field-Tested)
Jan 31 2021 01: +0,33.943,1,Galil AR | Chatterbox (Field-Tested)
Feb 01 2021 01: +0,29.295,3,Galil AR | Chatterbox (Field-Tested)
Feb 02 2021 01: +0,31.359,3,Galil AR | Chatterbox (Field-Tested)
Feb 03 2021 01: +0,29.302,1,Galil AR | Chatterbox (Field-Tested)
Feb 04 2021 01: +0,31.374,1,Galil AR | Chatterbox (Field-Tested)
Feb 07 2021 01: +0,30.3,4,Galil AR | Chatterbox (Field-Tested)
Feb 08 2021 01: +0,29.661,3,Galil AR | Chatterbox (Field-Tested)
Feb 09 2021 01: +0,32.081,3,Galil AR | Chatterbox (Field-Tested)
Feb 11 2021 01: +0,31.369,4,Galil AR | Chatterbox (Field-Tested)
Feb 12 2021 01: +0,31.161,3,Galil AR | Chatterbox (Field-Tested)
Feb 13 2021 01: +0,31.22,2,Galil AR | Chatterbox (Field-Tested)
Feb 14 2021 01: +0,31.947,2,Galil AR | Chatterbox (Field-Tested)
Feb 15 2021 01: +0,29.115,1,Galil AR | Chatterbox (Field-Tested)
Feb 16 2021 01: +0,33.685,2,Galil AR | Chatterbox (Field-Tested)
Feb 17 2021 01: +0,33.224,2,Galil AR | Chatterbox (Field-Tested)
Feb 18 2021 01: +0,33.968,1,Galil AR | Chatterbox (Field-Tested)
Feb 19 2021 01: +0,29.694,3,Galil AR | Chatterbox (Field-Tested)
Feb 21 2021 01: +0,34.3,1,Galil AR | Chatterbox (Field-Tested)
Feb 23 2021 01: +0,30.932,2,Galil AR | Chatterbox (Field-Tested)
Feb 24 2021 01: +0,34.155,2,Galil AR | Chatterbox (Field-Tested)
Feb 25 2021 01: +0,33.076,3,Galil AR | Chatterbox (Field-Tested)
Feb 26 2021 01: +0,29.108,4,Galil AR | Chatterbox (Field-Tested)
Feb 27 2021 01: +0,32.661,2,Galil AR | Chatterbox (Field-Tested)
Feb 28 2021 01: +0,29.412,1,Galil AR | Chatterbox (Field-Tested)
Mar 01 2021 01: +0,38.565,3,Galil AR | Chatterbox (Field-Tested)
Mar 02 2021 01: +0,32.542,3,Galil AR | Chatterbox (Field-Tested)
Mar 03 2021 01: +0,35.528,2,Galil AR | Chatterbox (Field-Tested)
Mar 04 2021 01: +0,31.723,2,Galil AR | Chatterbox (Field-Tested)
Mar 05 2021 01: +0,33.507,4,Galil AR | Chatterbox (Field-Tested)
Mar 06 2021 01: +0,35.426,5,Galil AR | Chatterbox (Field-Tested)
Mar 07 2021 01: +0,32.223,1,Galil AR | Chatterbox (Field-Tested)
Mar 08 2021 01: +0,30.771,4,Galil AR | Chatterbox (Field-Tested)
Mar 09 2021 01: +0,33.471,3,Galil AR | Chatterbox (Field-Tested)
Mar 11 2021 01: +0,35.761,4,Galil AR | Chatterbox (Field-Tested)
Mar 13 2021 01: +0,37.173,1,Galil AR | Chatterbox (Field-Tested)
Mar 14 2021 01: +0,29.477,3,Galil AR | Chatterbox (Field-Tested)
Mar 15 2021 01: +0,32.545,2,Galil AR | Chatterbox (Field-Tested)
Mar 16 2021 01: +0,34.341,2,Galil AR | Chatterbox (Field-Tested)
Mar 17 2021 01: +0,32.562,1,Galil AR | Chatterbox (Field-Tested)
Mar 18 2021 01: +0,34.522,2,Galil AR | Chatterbox (Field-Tested)
Mar 19 2021 01: +0,32.538,3,Galil AR | Chatterbox (Field-Tested)
Mar 20 2021 01: +0,33.287,10,Galil AR | Chatterbox (Field-Tested)
Mar 21 2021 01: +0,35.987,3,Galil AR | Chatterbox (Field-Tested)
Mar 22 2021 01: +0,36.434,1,Galil AR | Chatterbox (Field-Tested)
Mar 24 2021 01: +0,37.45,3,Galil AR | Chatterbox (Field-Tested)
Mar 25 2021 01: +0,37.269,2,Galil AR | Chatterbox (Field-Tested)
Mar 26 2021 01: +0,41.0,1,Galil AR | Chatterbox (Field-Tested)
Mar 27 2021 01: +0,37.041,3,Galil AR | Chatterbox (Field-Tested)
Mar 28 2021 01: +0,39.355,6,Galil AR | Chatterbox (Field-Tested)
Mar 29 2021 01: +0,45.375,1,Galil AR | Chatterbox (Field-Tested)
Mar 30 2021 01: +0,37.617,2,Galil AR | Chatterbox (Field-Tested)
Mar 31 2021 01: +0,36.971,4,Galil AR | Chatterbox (Field-Tested)
Apr 01 2021 01: +0,37.349,3,Galil AR | Chatterbox (Field-Tested)
Apr 02 2021 01: +0,38.735,1,Galil AR | Chatterbox (Field-Tested)
Apr 03 2021 01: +0,42.004,1,Galil AR | Chatterbox (Field-Tested)
Apr 04 2021 01: +0,35.424,1,Galil AR | Chatterbox (Field-Tested)
Apr 05 2021 01: +0,43.898,1,Galil AR | Chatterbox (Field-Tested)
Apr 06 2021 01: +0,37.195,2,Galil AR | Chatterbox (Field-Tested)
Apr 07 2021 01: +0,29.798,1,Galil AR | Chatterbox (Field-Tested)
Apr 08 2021 01: +0,35.262,2,Galil AR | Chatterbox (Field-Tested)
Apr 09 2021 01: +0,37.993,2,Galil AR | Chatterbox (Field-Tested)
Apr 10 2021 01: +0,37.427,3,Galil AR | Chatterbox (Field-Tested)
Apr 11 2021 01: +0,44.252,1,Galil AR | Chatterbox (Field-Tested)
Apr 12 2021 01: +0,33.283,2,Galil AR | Chatterbox (Field-Tested)
Apr 13 2021 01: +0,36.334,3,Galil AR | Chatterbox (Field-Tested)
Apr 15 2021 01: +0,34.855,2,Galil AR | Chatterbox (Field-Tested)
Apr 16 2021 01: +0,34.461,3,Galil AR | Chatterbox (Field-Tested)
Apr 17 2021 01: +0,33.188,2,Galil AR | Chatterbox (Field-Tested)
Apr 18 2021 01: +0,34.561,2,Galil AR | Chatterbox (Field-Tested)
Apr 19 2021 01: +0,36.513,4,Galil AR | Chatterbox (Field-Tested)
Apr 20 2021 01: +0,36.996,3,Galil AR | Chatterbox (Field-Tested)
Apr 22 2021 01: +0,32.69,1,Galil AR | Chatterbox (Field-Tested)
Apr 23 2021 01: +0,33.939,3,Galil AR | Chatterbox (Field-Tested)
Apr 24 2021 01: +0,40.382,1,Galil AR | Chatterbox (Field-Tested)
Apr 25 2021 01: +0,35.84,1,Galil AR | Chatterbox (Field-Tested)
Apr 26 2021 01: +0,34.307,3,Galil AR | Chatterbox (Field-Tested)
Apr 29 2021 01: +0,33.14,1,Galil AR | Chatterbox (Field-Tested)
Apr 30 2021 01: +0,39.936,1,Galil AR | Chatterbox (Field-Tested)
May 02 2021 01: +0,39.164,1,Galil AR | Chatterbox (Field-Tested)
May 03 2021 01: +0,38.257,1,Galil AR | Chatterbox (Field-Tested)
May 04 2021 01: +0,37.244,1,Galil AR | Chatterbox (Field-Tested)
May 05 2021 01: +0,32.621,4,Galil AR | Chatterbox (Field-Tested)
May 07 2021 01: +0,36.539,4,Galil AR | Chatterbox (Field-Tested)
May 08 2021 01: +0,33.808,6,Galil AR | Chatterbox (Field-Tested)
May 09 2021 01: +0,32.042,2,Galil AR | Chatterbox (Field-Tested)
May 11 2021 01: +0,28.944,1,Galil AR | Chatterbox (Field-Tested)
May 12 2021 01: +0,33.369,1,Galil AR | Chatterbox (Field-Tested)
May 13 2021 01: +0,33.462,1,Galil AR | Chatterbox (Field-Tested)
May 14 2021 01: +0,33.144,3,Galil AR | Chatterbox (Field-Tested)
May 15 2021 01: +0,33.806,2,Galil AR | Chatterbox (Field-Tested)
May 16 2021 01: +0,35.518,2,Galil AR | Chatterbox (Field-Tested)
May 17 2021 01: +0,37.271,1,Galil AR | Chatterbox (Field-Tested)
May 18 2021 01: +0,34.048,1,Galil AR | Chatterbox (Field-Tested)
May 19 2021 01: +0,36.214,1,Galil AR | Chatterbox (Field-Tested)
May 20 2021 01: +0,36.999,1,Galil AR | Chatterbox (Field-Tested)
May 21 2021 01: +0,34.192,2,Galil AR | Chatterbox (Field-Tested)
May 22 2021 01: +0,34.218,1,Galil AR | Chatterbox (Field-Tested)
May 23 2021 01: +0,37.428,1,Galil AR | Chatterbox (Field-Tested)
May 24 2021 01: +0,37.322,1,Galil AR | Chatterbox (Field-Tested)
May 25 2021 01: +0,37.793,1,Galil AR | Chatterbox (Field-Tested)
May 26 2021 01: +0,37.552,2,Galil AR | Chatterbox (Field-Tested)
May 27 2021 01: +0,36.098,2,Galil AR | Chatterbox (Field-Tested)
May 29 2021 01: +0,41.266,3,Galil AR | Chatterbox (Field-Tested)
May 31 2021 01: +0,34.447,1,Galil AR | Chatterbox (Field-Tested)
Jun 02 2021 01: +0,37.87,2,Galil AR | Chatterbox (Field-Tested)
Jun 03 2021 01: +0,35.058,2,Galil AR | Chatterbox (Field-Tested)
Jun 04 2021 01: +0,28.805,1,Galil AR | Chatterbox (Field-Tested)
Jun 05 2021 01: +0,38.75,1,Galil AR | Chatterbox (Field-Tested)
Jun 06 2021 01: +0,35.63,3,Galil AR | Chatterbox (Field-Tested)
Jun 07 2021 01: +0,36.794,2,Galil AR | Chatterbox (Field-Tested)
Jun 09 2021 01: +0,36.421,2,Galil AR | Chatterbox (Field-Tested)
Jun 11 2021 01: +0,38.138,1,Galil AR | Chatterbox (Field-Tested)
Jun 12 2021 01: +0,37.056,4,Galil AR | Chatterbox (Field-Tested)
Jun 13 2021 01: +0,34.808,2,Galil AR | Chatterbox (Field-Tested)
Jun 14 2021 01: +0,37.833,1,Galil AR | Chatterbox (Field-Tested)
Jun 15 2021 01: +0,35.32,3,Galil AR | Chatterbox (Field-Tested)
Jun 16 2021 01: +0,40.228,2,Galil AR | Chatterbox (Field-Tested)
Jun 17 2021 01: +0,40.483,2,Galil AR | Chatterbox (Field-Tested)
Jun 18 2021 01: +0,39.916,1,Galil AR | Chatterbox (Field-Tested)
Jun 19 2021 01: +0,40.735,1,Galil AR | Chatterbox (Field-Tested)
Jun 20 2021 01: +0,38.302,1,Galil AR | Chatterbox (Field-Tested)
Jun 21 2021 01: +0,36.239,1,Galil AR | Chatterbox (Field-Tested)
Jun 22 2021 01: +0,40.556,2,Galil AR | Chatterbox (Field-Tested)
Jun 23 2021 01: +0,36.366,1,Galil AR | Chatterbox (Field-Tested)
Jun 25 2021 01: +0,36.364,4,Galil AR | Chatterbox (Field-Tested)
Jun 26 2021 01: +0,35.126,2,Galil AR | Chatterbox (Field-Tested)
Jun 27 2021 01: +0,41.062,2,Galil AR | Chatterbox (Field-Tested)
Jun 29 2021 01: +0,34.195,3,Galil AR | Chatterbox (Field-Tested)
Jun 30 2021 01: +0,38.464,1,Galil AR | Chatterbox (Field-Tested)
Jul 02 2021 01: +0,38.945,3,Galil AR | Chatterbox (Field-Tested)
Jul 03 2021 01: +0,34.917,4,Galil AR | Chatterbox (Field-Tested)
Jul 04 2021 01: +0,39.221,2,Galil AR | Chatterbox (Field-Tested)
Jul 05 2021 01: +0,34.048,1,Galil AR | Chatterbox (Field-Tested)
Jul 06 2021 01: +0,33.101,5,Galil AR | Chatterbox (Field-Tested)
Jul 07 2021 01: +0,32.087,1,Galil AR | Chatterbox (Field-Tested)
Jul 08 2021 01: +0,42.462,3,Galil AR | Chatterbox (Field-Tested)
Jul 09 2021 01: +0,31.756,1,Galil AR | Chatterbox (Field-Tested)
Jul 10 2021 01: +0,33.911,3,Galil AR | Chatterbox (Field-Tested)
Jul 11 2021 01: +0,38.344,1,Galil AR | Chatterbox (Field-Tested)
Jul 14 2021 01: +0,37.231,1,Galil AR | Chatterbox (Field-Tested)
Jul 15 2021 01: +0,32.203,1,Galil AR | Chatterbox (Field-Tested)
Jul 16 2021 01: +0,36.508,1,Galil AR | Chatterbox (Field-Tested)
Jul 17 2021 01: +0,33.441,2,Galil AR | Chatterbox (Field-Tested)
Jul 18 2021 01: +0,32.104,1,Galil AR | Chatterbox (Field-Tested)
Jul 20 2021 01: +0,31.113,1,Galil AR | Chatterbox (Field-Tested)
Jul 21 2021 01: +0,36.544,1,Galil AR | Chatterbox (Field-Tested)
Jul 22 2021 01: +0,33.887,2,Galil AR | Chatterbox (Field-Tested)
Jul 23 2021 01: +0,35.275,4,Galil AR | Chatterbox (Field-Tested)
Jul 24 2021 01: +0,29.619,2,Galil AR | Chatterbox (Field-Tested)
Jul 26 2021 01: +0,35.858,3,Galil AR | Chatterbox (Field-Tested)
Jul 27 2021 01: +0,33.955,1,Galil AR | Chatterbox (Field-Tested)
Jul 28 2021 01: +0,35.012,2,Galil AR | Chatterbox (Field-Tested)
Jul 29 2021 01: +0,35.245,1,Galil AR | Chatterbox (Field-Tested)
Jul 30 2021 01: +0,36.926,1,Galil AR | Chatterbox (Field-Tested)
Jul 31 2021 01: +0,36.273,2,Galil AR | Chatterbox (Field-Tested)
Aug 01 2021 01: +0,36.133,2,Galil AR | Chatterbox (Field-Tested)
Aug 02 2021 01: +0,30.236,1,Galil AR | Chatterbox (Field-Tested)
Aug 03 2021 01: +0,35.549,3,Galil AR | Chatterbox (Field-Tested)
Aug 04 2021 01: +0,34.812,1,Galil AR | Chatterbox (Field-Tested)
Aug 06 2021 01: +0,34.952,1,Galil AR | Chatterbox (Field-Tested)
Aug 07 2021 01: +0,35.832,3,Galil AR | Chatterbox (Field-Tested)
Aug 11 2021 01: +0,33.609,1,Galil AR | Chatterbox (Field-Tested)
Aug 13 2021 01: +0,33.97,1,Galil AR | Chatterbox (Field-Tested)
Aug 15 2021 01: +0,33.643,3,Galil AR | Chatterbox (Field-Tested)
Aug 16 2021 01: +0,32.374,2,Galil AR | Chatterbox (Field-Tested)
Aug 17 2021 01: +0,33.858,3,Galil AR | Chatterbox (Field-Tested)
Aug 18 2021 01: +0,36.014,2,Galil AR | Chatterbox (Field-Tested)
Aug 19 2021 01: +0,36.948,2,Galil AR | Chatterbox (Field-Tested)
Aug 20 2021 01: +0,37.181,2,Galil AR | Chatterbox (Field-Tested)
Aug 23 2021 01: +0,32.932,3,Galil AR | Chatterbox (Field-Tested)
Aug 24 2021 01: +0,36.638,1,Galil AR | Chatterbox (Field-Tested)
Aug 25 2021 01: +0,24.942,1,Galil AR | Chatterbox (Field-Tested)
Aug 26 2021 01: +0,37.037,2,Galil AR | Chatterbox (Field-Tested)
Aug 28 2021 01: +0,36.256,3,Galil AR | Chatterbox (Field-Tested)
Aug 29 2021 01: +0,35.271,2,Galil AR | Chatterbox (Field-Tested)
Aug 30 2021 01: +0,34.113,2,Galil AR | Chatterbox (Field-Tested)
Aug 31 2021 01: +0,31.348,1,Galil AR | Chatterbox (Field-Tested)
Sep 01 2021 01: +0,34.923,1,Galil AR | Chatterbox (Field-Tested)
Sep 02 2021 01: +0,32.155,1,Galil AR | Chatterbox (Field-Tested)
Sep 03 2021 01: +0,39.814,1,Galil AR | Chatterbox (Field-Tested)
Sep 04 2021 01: +0,32.509,1,Galil AR | Chatterbox (Field-Tested)
Sep 05 2021 01: +0,34.553,5,Galil AR | Chatterbox (Field-Tested)
Sep 06 2021 01: +0,38.439,3,Galil AR | Chatterbox (Field-Tested)
Sep 07 2021 01: +0,39.243,1,Galil AR | Chatterbox (Field-Tested)
Sep 09 2021 01: +0,32.832,1,Galil AR | Chatterbox (Field-Tested)
Sep 10 2021 01: +0,39.78,3,Galil AR | Chatterbox (Field-Tested)
Sep 12 2021 01: +0,38.974,1,Galil AR | Chatterbox (Field-Tested)
Sep 13 2021 01: +0,31.456,3,Galil AR | Chatterbox (Field-Tested)
Sep 15 2021 01: +0,39.225,2,Galil AR | Chatterbox (Field-Tested)
Sep 17 2021 01: +0,35.156,1,Galil AR | Chatterbox (Field-Tested)
Sep 18 2021 01: +0,31.911,3,Galil AR | Chatterbox (Field-Tested)
Sep 19 2021 01: +0,38.861,1,Galil AR | Chatterbox (Field-Tested)
Sep 20 2021 01: +0,34.439,1,Galil AR | Chatterbox (Field-Tested)
Sep 21 2021 01: +0,34.668,1,Galil AR | Chatterbox (Field-Tested)
Sep 22 2021 01: +0,26.136,6,Galil AR | Chatterbox (Field-Tested)
Sep 23 2021 01: +0,27.468,2,Galil AR | Chatterbox (Field-Tested)
Sep 24 2021 01: +0,31.361,2,Galil AR | Chatterbox (Field-Tested)
Sep 25 2021 01: +0,32.274,3,Galil AR | Chatterbox (Field-Tested)
Sep 26 2021 01: +0,25.448,2,Galil AR | Chatterbox (Field-Tested)
Sep 27 2021 01: +0,23.805,1,Galil AR | Chatterbox (Field-Tested)
Sep 28 2021 01: +0,26.875,3,Galil AR | Chatterbox (Field-Tested)
Sep 29 2021 01: +0,29.119,2,Galil AR | Chatterbox (Field-Tested)
Sep 30 2021 01: +0,26.613,3,Galil AR | Chatterbox (Field-Tested)
Oct 01 2021 01: +0,29.505,1,Galil AR | Chatterbox (Field-Tested)
Oct 02 2021 01: +0,29.692,3,Galil AR | Chatterbox (Field-Tested)
Oct 04 2021 01: +0,29.404,1,Galil AR | Chatterbox (Field-Tested)
Oct 05 2021 01: +0,33.387,3,Galil AR | Chatterbox (Field-Tested)
Oct 06 2021 01: +0,29.548,1,Galil AR | Chatterbox (Field-Tested)
Oct 07 2021 01: +0,34.133,1,Galil AR | Chatterbox (Field-Tested)
Oct 08 2021 01: +0,31.373,1,Galil AR | Chatterbox (Field-Tested)
Oct 09 2021 01: +0,34.078,2,Galil AR | Chatterbox (Field-Tested)
Oct 10 2021 01: +0,32.292,3,Galil AR | Chatterbox (Field-Tested)
Oct 11 2021 01: +0,32.379,4,Galil AR | Chatterbox (Field-Tested)
Oct 12 2021 01: +0,30.616,2,Galil AR | Chatterbox (Field-Tested)
Oct 13 2021 01: +0,30.161,2,Galil AR | Chatterbox (Field-Tested)
Oct 14 2021 01: +0,32.296,6,Galil AR | Chatterbox (Field-Tested)
Oct 16 2021 01: +0,34.099,1,Galil AR | Chatterbox (Field-Tested)
Oct 17 2021 01: +0,31.832,3,Galil AR | Chatterbox (Field-Tested)
Oct 18 2021 01: +0,33.198,3,Galil AR | Chatterbox (Field-Tested)
Oct 19 2021 01: +0,33.196,3,Galil AR | Chatterbox (Field-Tested)
Oct 20 2021 01: +0,32.352,3,Galil AR | Chatterbox (Field-Tested)
Oct 21 2021 01: +0,33.08,1,Galil AR | Chatterbox (Field-Tested)
Oct 22 2021 01: +0,30.465,5,Galil AR | Chatterbox (Field-Tested)
Oct 23 2021 01: +0,31.206,2,Galil AR | Chatterbox (Field-Tested)
Oct 26 2021 01: +0,33.157,1,Galil AR | Chatterbox (Field-Tested)
Oct 27 2021 01: +0,30.961,4,Galil AR | Chatterbox (Field-Tested)
Oct 28 2021 01: +0,28.461,1,Galil AR | Chatterbox (Field-Tested)
Oct 29 2021 01: +0,31.607,3,Galil AR | Chatterbox (Field-Tested)
Oct 31 2021 01: +0,28.462,3,Galil AR | Chatterbox (Field-Tested)
Nov 01 2021 01: +0,28.518,3,Galil AR | Chatterbox (Field-Tested)
Nov 02 2021 01: +0,29.398,2,Galil AR | Chatterbox (Field-Tested)
Nov 03 2021 01: +0,28.291,1,Galil AR | Chatterbox (Field-Tested)
Nov 04 2021 01: +0,27.587,1,Galil AR | Chatterbox (Field-Tested)
Nov 05 2021 01: +0,29.387,1,Galil AR | Chatterbox (Field-Tested)
Nov 06 2021 01: +0,33.912,1,Galil AR | Chatterbox (Field-Tested)
Nov 08 2021 01: +0,28.698,1,Galil AR | Chatterbox (Field-Tested)
Nov 09 2021 01: +0,32.476,1,Galil AR | Chatterbox (Field-Tested)
Nov 10 2021 01: +0,35.535,2,Galil AR | Chatterbox (Field-Tested)
Nov 11 2021 01: +0,27.398,1,Galil AR | Chatterbox (Field-Tested)
Nov 12 2021 01: +0,29.97,1,Galil AR | Chatterbox (Field-Tested)
Nov 13 2021 01: +0,30.828,1,Galil AR | Chatterbox (Field-Tested)
Nov 14 2021 01: +0,29.288,3,Galil AR | Chatterbox (Field-Tested)
Nov 15 2021 01: +0,26.576,1,Galil AR | Chatterbox (Field-Tested)
Nov 16 2021 01: +0,29.072,4,Galil AR | Chatterbox (Field-Tested)
Nov 17 2021 01: +0,30.631,2,Galil AR | Chatterbox (Field-Tested)
Nov 18 2021 01: +0,26.007,1,Galil AR | Chatterbox (Field-Tested)
Nov 19 2021 01: +0,30.146,2,Galil AR | Chatterbox (Field-Tested)
Nov 20 2021 01: +0,27.708,1,Galil AR | Chatterbox (Field-Tested)
Nov 21 2021 01: +0,28.283,1,Galil AR | Chatterbox (Field-Tested)
Nov 22 2021 01: +0,27.735,3,Galil AR | Chatterbox (Field-Tested)
Nov 23 2021 01: +0,32.944,1,Galil AR | Chatterbox (Field-Tested)
Nov 24 2021 01: +0,29.556,1,Galil AR | Chatterbox (Field-Tested)
Nov 25 2021 01: +0,31.085,3,Galil AR | Chatterbox (Field-Tested)
Nov 26 2021 01: +0,31.314,2,Galil AR | Chatterbox (Field-Tested)
Nov 27 2021 01: +0,29.169,2,Galil AR | Chatterbox (Field-Tested)
Nov 28 2021 01: +0,28.639,1,Galil AR | Chatterbox (Field-Tested)
Nov 29 2021 01: +0,28.363,2,Galil AR | Chatterbox (Field-Tested)
Nov 30 2021 01: +0,26.691,2,Galil AR | Chatterbox (Field-Tested)
Dec 01 2021 01: +0,28.524,2,Galil AR | Chatterbox (Field-Tested)
Dec 03 2021 01: +0,26.958,1,Galil AR | Chatterbox (Field-Tested)
Dec 04 2021 01: +0,29.076,5,Galil AR | Chatterbox (Field-Tested)
Dec 05 2021 01: +0,24.063,1,Galil AR | Chatterbox (Field-Tested)
Dec 06 2021 01: +0,31.399,1,Galil AR | Chatterbox (Field-Tested)
Dec 07 2021 01: +0,29.295,4,Galil AR | Chatterbox (Field-Tested)
Dec 08 2021 01: +0,30.699,3,Galil AR | Chatterbox (Field-Tested)
Dec 09 2021 01: +0,32.48,1,Galil AR | Chatterbox (Field-Tested)
Dec 10 2021 01: +0,35.104,2,Galil AR | Chatterbox (Field-Tested)
Dec 11 2021 01: +0,39.926,1,Galil AR | Chatterbox (Field-Tested)
Dec 14 2021 01: +0,28.045,3,Galil AR | Chatterbox (Field-Tested)
Dec 15 2021 01: +0,30.83,2,Galil AR | Chatterbox (Field-Tested)
Dec 17 2021 01: +0,43.293,1,Galil AR | Chatterbox (Field-Tested)
Dec 18 2021 01: +0,27.587,1,Galil AR | Chatterbox (Field-Tested)
Dec 19 2021 01: +0,31.737,2,Galil AR | Chatterbox (Field-Tested)
Dec 20 2021 01: +0,36.453,1,Galil AR | Chatterbox (Field-Tested)
Dec 21 2021 01: +0,32.754,3,Galil AR | Chatterbox (Field-Tested)
Dec 22 2021 01: +0,32.07,3,Galil AR | Chatterbox (Field-Tested)
Dec 23 2021 01: +0,28.188,3,Galil AR | Chatterbox (Field-Tested)
Dec 26 2021 01: +0,30.166,4,Galil AR | Chatterbox (Field-Tested)
Dec 27 2021 01: +0,34.048,4,Galil AR | Chatterbox (Field-Tested)
Dec 28 2021 01: +0,32.179,2,Galil AR | Chatterbox (Field-Tested)
Dec 30 2021 01: +0,32.766,4,Galil AR | Chatterbox (Field-Tested)
Dec 31 2021 01: +0,31.306,1,Galil AR | Chatterbox (Field-Tested)
Jan 01 2022 01: +0,34.121,3,Galil AR | Chatterbox (Field-Tested)
Jan 03 2022 01: +0,30.149,2,Galil AR | Chatterbox (Field-Tested)
Jan 04 2022 01: +0,41.342,1,Galil AR | Chatterbox (Field-Tested)
Jan 05 2022 01: +0,36.442,3,Galil AR | Chatterbox (Field-Tested)
Jan 10 2022 01: +0,31.9,1,Galil AR | Chatterbox (Field-Tested)
Jan 12 2022 01: +0,37.922,1,Galil AR | Chatterbox (Field-Tested)
Jan 14 2022 01: +0,31.17,1,Galil AR | Chatterbox (Field-Tested)
Jan 15 2022 01: +0,33.562,4,Galil AR | Chatterbox (Field-Tested)
Jan 16 2022 01: +0,33.799,2,Galil AR | Chatterbox (Field-Tested)
Jan 17 2022 01: +0,36.595,2,Galil AR | Chatterbox (Field-Tested)
Jan 20 2022 01: +0,39.087,2,Galil AR | Chatterbox (Field-Tested)
Jan 21 2022 01: +0,39.898,1,Galil AR | Chatterbox (Field-Tested)
Jan 23 2022 01: +0,25.237,1,Galil AR | Chatterbox (Field-Tested)
Jan 24 2022 01: +0,31.268,3,Galil AR | Chatterbox (Field-Tested)
Jan 25 2022 01: +0,33.229,2,Galil AR | Chatterbox (Field-Tested)
Jan 26 2022 01: +0,30.868,2,Galil AR | Chatterbox (Field-Tested)
Jan 27 2022 01: +0,31.611,2,Galil AR | Chatterbox (Field-Tested)
Jan 28 2022 01: +0,31.416,1,Galil AR | Chatterbox (Field-Tested)
Jan 29 2022 01: +0,33.108,2,Galil AR | Chatterbox (Field-Tested)
Jan 30 2022 01: +0,35.517,2,Galil AR | Chatterbox (Field-Tested)
Jan 31 2022 01: +0,38.51,1,Galil AR | Chatterbox (Field-Tested)
Feb 03 2022 01: +0,32.919,3,Galil AR | Chatterbox (Field-Tested)
Feb 04 2022 01: +0,28.928,1,Galil AR | Chatterbox (Field-Tested)
Feb 05 2022 01: +0,34.111,4,Galil AR | Chatterbox (Field-Tested)
Feb 07 2022 01: +0,36.751,1,Galil AR | Chatterbox (Field-Tested)
Feb 08 2022 01: +0,36.986,1,Galil AR | Chatterbox (Field-Tested)
Feb 09 2022 01: +0,31.688,1,Galil AR | Chatterbox (Field-Tested)
Feb 10 2022 01: +0,31.731,5,Galil AR | Chatterbox (Field-Tested)
Feb 11 2022 01: +0,31.713,1,Galil AR | Chatterbox (Field-Tested)
Feb 12 2022 01: +0,33.417,2,Galil AR | Chatterbox (Field-Tested)
Feb 13 2022 01: +0,31.587,2,Galil AR | Chatterbox (Field-Tested)
Feb 14 2022 01: +0,31.944,2,Galil AR | Chatterbox (Field-Tested)
Feb 15 2022 01: +0,32.655,3,Galil AR | Chatterbox (Field-Tested)
Feb 16 2022 01: +0,32.766,1,Galil AR | Chatterbox (Field-Tested)
Feb 17 2022 01: +0,35.948,1,Galil AR | Chatterbox (Field-Tested)
Feb 19 2022 01: +0,32.282,1,Galil AR | Chatterbox (Field-Tested)
Feb 20 2022 01: +0,35.725,2,Galil AR | Chatterbox (Field-Tested)
Feb 22 2022 01: +0,31.566,3,Galil AR | Chatterbox (Field-Tested)
Feb 23 2022 01: +0,32.375,1,Galil AR | Chatterbox (Field-Tested)
Feb 24 2022 01: +0,32.443,1,Galil AR | Chatterbox (Field-Tested)
Feb 25 2022 01: +0,31.643,2,Galil AR | Chatterbox (Field-Tested)
Feb 26 2022 01: +0,33.214,5,Galil AR | Chatterbox (Field-Tested)
Mar 01 2022 01: +0,32.112,2,Galil AR | Chatterbox (Field-Tested)
Mar 02 2022 01: +0,36.746,3,Galil AR | Chatterbox (Field-Tested)
Mar 03 2022 01: +0,36.014,2,Galil AR | Chatterbox (Field-Tested)
Mar 04 2022 01: +0,34.766,2,Galil AR | Chatterbox (Field-Tested)
Mar 05 2022 01: +0,35.8,2,Galil AR | Chatterbox (Field-Tested)
Mar 06 2022 01: +0,32.418,1,Galil AR | Chatterbox (Field-Tested)
Mar 07 2022 01: +0,35.319,2,Galil AR | Chatterbox (Field-Tested)
Mar 08 2022 01: +0,34.492,3,Galil AR | Chatterbox (Field-Tested)
Mar 09 2022 01: +0,38.483,1,Galil AR | Chatterbox (Field-Tested)
Mar 10 2022 01: +0,41.982,2,Galil AR | Chatterbox (Field-Tested)
Mar 13 2022 01: +0,39.575,1,Galil AR | Chatterbox (Field-Tested)
Mar 14 2022 01: +0,35.751,3,Galil AR | Chatterbox (Field-Tested)
Mar 15 2022 01: +0,32.783,2,Galil AR | Chatterbox (Field-Tested)
Mar 16 2022 01: +0,39.304,1,Galil AR | Chatterbox (Field-Tested)
Mar 19 2022 01: +0,39.168,3,Galil AR | Chatterbox (Field-Tested)
Mar 20 2022 01: +0,39.694,1,Galil AR | Chatterbox (Field-Tested)
Mar 21 2022 01: +0,54.036,3,Galil AR | Chatterbox (Field-Tested)
Mar 22 2022 01: +0,37.095,3,Galil AR | Chatterbox (Field-Tested)
Mar 23 2022 01: +0,34.32,1,Galil AR | Chatterbox (Field-Tested)
Mar 24 2022 01: +0,35.602,3,Galil AR | Chatterbox (Field-Tested)
Mar 25 2022 01: +0,45.052,1,Galil AR | Chatterbox (Field-Tested)
Mar 26 2022 01: +0,40.077,2,Galil AR | Chatterbox (Field-Tested)
Mar 27 2022 01: +0,40.853,2,Galil AR | Chatterbox (Field-Tested)
Mar 28 2022 01: +0,43.23,2,Galil AR | Chatterbox (Field-Tested)
Mar 29 2022 01: +0,36.544,2,Galil AR | Chatterbox (Field-Tested)
Mar 30 2022 01: +0,35.814,1,Galil AR | Chatterbox (Field-Tested)
Apr 01 2022 01: +0,38.743,1,Galil AR | Chatterbox (Field-Tested)
Apr 03 2022 01: +0,35.814,1,Galil AR | Chatterbox (Field-Tested)
Apr 04 2022 01: +0,35.326,2,Galil AR | Chatterbox (Field-Tested)
Apr 05 2022 01: +0,36.573,3,Galil AR | Chatterbox (Field-Tested)
Apr 06 2022 01: +0,39.379,1,Galil AR | Chatterbox (Field-Tested)
Apr 07 2022 01: +0,39.424,1,Galil AR | Chatterbox (Field-Tested)
Apr 08 2022 01: +0,36.547,3,Galil AR | Chatterbox (Field-Tested)
Apr 09 2022 01: +0,37.737,2,Galil AR | Chatterbox (Field-Tested)
Apr 10 2022 01: +0,68.726,2,Galil AR | Chatterbox (Field-Tested)
Apr 11 2022 01: +0,38.493,3,Galil AR | Chatterbox (Field-Tested)
Apr 13 2022 01: +0,39.698,2,Galil AR | Chatterbox (Field-Tested)
Apr 15 2022 01: +0,36.909,2,Galil AR | Chatterbox (Field-Tested)
Apr 16 2022 01: +0,39.166,2,Galil AR | Chatterbox (Field-Tested)
Apr 17 2022 01: +0,40.428,3,Galil AR | Chatterbox (Field-Tested)
Apr 19 2022 01: +0,40.442,4,Galil AR | Chatterbox (Field-Tested)
Apr 20 2022 01: +0,42.641,3,Galil AR | Chatterbox (Field-Tested)
Apr 23 2022 01: +0,38.426,2,Galil AR | Chatterbox (Field-Tested)
Apr 24 2022 01: +0,45.411,3,Galil AR | Chatterbox (Field-Tested)
Apr 25 2022 01: +0,47.854,1,Galil AR | Chatterbox (Field-Tested)
Apr 28 2022 01: +0,43.201,1,Galil AR | Chatterbox (Field-Tested)
Apr 29 2022 01: +0,41.419,3,Galil AR | Chatterbox (Field-Tested)
May 01 2022 01: +0,50.931,1,Galil AR | Chatterbox (Field-Tested)
May 02 2022 01: +0,50.929,1,Galil AR | Chatterbox (Field-Tested)
May 03 2022 01: +0,40.476,1,Galil AR | Chatterbox (Field-Tested)
May 04 2022 01: +0,38.733,4,Galil AR | Chatterbox (Field-Tested)
May 05 2022 01: +0,36.578,1,Galil AR | Chatterbox (Field-Tested)
May 06 2022 01: +0,40.277,2,Galil AR | Chatterbox (Field-Tested)
May 08 2022 01: +0,42.997,1,Galil AR | Chatterbox (Field-Tested)
May 09 2022 01: +0,36.727,2,Galil AR | Chatterbox (Field-Tested)
May 10 2022 01: +0,42.846,1,Galil AR | Chatterbox (Field-Tested)
May 13 2022 01: +0,33.939,3,Galil AR | Chatterbox (Field-Tested)
May 14 2022 01: +0,39.053,2,Galil AR | Chatterbox (Field-Tested)
May 18 2022 01: +0,33.471,3,Galil AR | Chatterbox (Field-Tested)
May 20 2022 01: +0,39.032,1,Galil AR | Chatterbox (Field-Tested)
May 21 2022 01: +0,34.32,1,Galil AR | Chatterbox (Field-Tested)
May 22 2022 01: +0,34.541,1,Galil AR | Chatterbox (Field-Tested)
May 23 2022 01: +0,36.749,4,Galil AR | Chatterbox (Field-Tested)
May 26 2022 01: +0,40.572,2,Galil AR | Chatterbox (Field-Tested)
May 27 2022 01: +0,34.541,1,Galil AR | Chatterbox (Field-Tested)
May 28 2022 01: +0,39.032,1,Galil AR | Chatterbox (Field-Tested)
May 29 2022 01: +0,39.058,1,Galil AR | Chatterbox (Field-Tested)
May 31 2022 01: +0,36.309,3,Galil AR | Chatterbox (Field-Tested)
Jun 01 2022 01: +0,39.058,1,Galil AR | Chatterbox (Field-Tested)
Jun 02 2022 01: +0,37.817,3,Galil AR | Chatterbox (Field-Tested)
Jun 03 2022 01: +0,39.215,1,Galil AR | Chatterbox (Field-Tested)
Jun 04 2022 01: +0,37.435,2,Galil AR | Chatterbox (Field-Tested)
Jun 05 2022 01: +0,34.812,1,Galil AR | Chatterbox (Field-Tested)
Jun 07 2022 01: +0,34.32,1,Galil AR | Chatterbox (Field-Tested)
Jun 09 2022 01: +0,39.413,2,Galil AR | Chatterbox (Field-Tested)
Jun 10 2022 01: +0,42.513,3,Galil AR | Chatterbox (Field-Tested)
Jun 11 2022 01: +0,29.348,1,Galil AR | Chatterbox (Field-Tested)
Jun 12 2022 01: +0,38.209,1,Galil AR | Chatterbox (Field-Tested)
Jun 15 2022 01: +0,40.552,2,Galil AR | Chatterbox (Field-Tested)
Jun 16 2022 01: +0,37.054,1,Galil AR | Chatterbox (Field-Tested)
Jun 17 2022 01: +0,37.07,2,Galil AR | Chatterbox (Field-Tested)
Jun 18 2022 01: +0,40.356,3,Galil AR | Chatterbox (Field-Tested)
Jun 20 2022 01: +0,34.982,2,Galil AR | Chatterbox (Field-Tested)
Jun 21 2022 01: +0,37.232,3,Galil AR | Chatterbox (Field-Tested)
Jun 23 2022 01: +0,37.054,3,Galil AR | Chatterbox (Field-Tested)
Jun 25 2022 01: +0,37.035,1,Galil AR | Chatterbox (Field-Tested)
Jun 26 2022 01: +0,36.914,2,Galil AR | Chatterbox (Field-Tested)
Jun 28 2022 01: +0,39.28,1,Galil AR | Chatterbox (Field-Tested)
Jun 29 2022 01: +0,39.06,1,Galil AR | Chatterbox (Field-Tested)
Jun 30 2022 01: +0,37.669,2,Galil AR | Chatterbox (Field-Tested)
Jul 01 2022 01: +0,37.561,4,Galil AR | Chatterbox (Field-Tested)
Jul 02 2022 01: +0,36.714,3,Galil AR | Chatterbox (Field-Tested)
Jul 04 2022 01: +0,35.661,2,Galil AR | Chatterbox (Field-Tested)
Jul 05 2022 01: +0,37.688,3,Galil AR | Chatterbox (Field-Tested)
Jul 07 2022 01: +0,35.492,3,Galil AR | Chatterbox (Field-Tested)
Jul 08 2022 01: +0,37.414,3,Galil AR | Chatterbox (Field-Tested)
Jul 09 2022 01: +0,37.843,3,Galil AR | Chatterbox (Field-Tested)
Jul 10 2022 01: +0,39.314,2,Galil AR | Chatterbox (Field-Tested)
Jul 11 2022 01: +0,41.826,4,Galil AR | Chatterbox (Field-Tested)
Jul 13 2022 01: +0,34.311,1,Galil AR | Chatterbox (Field-Tested)
Jul 14 2022 01: +0,38.933,2,Galil AR | Chatterbox (Field-Tested)
Jul 15 2022 01: +0,39.024,1,Galil AR | Chatterbox (Field-Tested)
Jul 16 2022 01: +0,36.595,1,Galil AR | Chatterbox (Field-Tested)
Jul 17 2022 01: +0,36.421,2,Galil AR | Chatterbox (Field-Tested)
Jul 20 2022 01: +0,42.534,1,Galil AR | Chatterbox (Field-Tested)
Jul 22 2022 01: +0,38.673,2,Galil AR | Chatterbox (Field-Tested)
Jul 23 2022 01: +0,34.374,3,Galil AR | Chatterbox (Field-Tested)
Jul 25 2022 01: +0,37.496,1,Galil AR | Chatterbox (Field-Tested)
Jul 26 2022 01: +0,40.577,1,Galil AR | Chatterbox (Field-Tested)
Jul 28 2022 01: +0,35.228,1,Galil AR | Chatterbox (Field-Tested)
Jul 29 2022 01: +0,36.23,2,Galil AR | Chatterbox (Field-Tested)
Jul 30 2022 01: +0,38.387,2,Galil AR | Chatterbox (Field-Tested)
Jul 31 2022 01: +0,38.619,2,Galil AR | Chatterbox (Field-Tested)
Aug 01 2022 01: +0,39.986,2,Galil AR | Chatterbox (Field-Tested)
Aug 02 2022 01: +0,37.202,2,Galil AR | Chatterbox (Field-Tested)
Aug 03 2022 01: +0,38.19,3,Galil AR | Chatterbox (Field-Tested)
Aug 05 2022 01: +0,51.157,2,Galil AR | Chatterbox (Field-Tested)
Aug 08 2022 01: +0,39.295,1,Galil AR | Chatterbox (Field-Tested)
Aug 09 2022 01: +0,39.516,1,Galil AR | Chatterbox (Field-Tested)
Aug 10 2022 01: +0,43.912,2,Galil AR | Chatterbox (Field-Tested)
Aug 11 2022 01: +0,40.306,1,Galil AR | Chatterbox (Field-Tested)
Aug 12 2022 01: +0,40.696,1,Galil AR | Chatterbox (Field-Tested)
Aug 13 2022 01: +0,43.426,2,Galil AR | Chatterbox (Field-Tested)
Aug 14 2022 01: +0,43.416,3,Galil AR | Chatterbox (Field-Tested)
Aug 15 2022 01: +0,41.121,1,Galil AR | Chatterbox (Field-Tested)
Aug 16 2022 01: +0,40.633,2,Galil AR | Chatterbox (Field-Tested)
Aug 17 2022 01: +0,43.061,2,Galil AR | Chatterbox (Field-Tested)
Aug 18 2022 01: +0,47.311,1,Galil AR | Chatterbox (Field-Tested)
Aug 19 2022 01: +0,43.358,4,Galil AR | Chatterbox (Field-Tested)
Aug 20 2022 01: +0,41.961,1,Galil AR | Chatterbox (Field-Tested)
Aug 24 2022 01: +0,39.6,4,Galil AR | Chatterbox (Field-Tested)
Aug 26 2022 01: +0,36.298,2,Galil AR | Chatterbox (Field-Tested)
Aug 29 2022 01: +0,41.602,2,Galil AR | Chatterbox (Field-Tested)
Aug 30 2022 01: +0,38.475,2,Galil AR | Chatterbox (Field-Tested)
Aug 31 2022 01: +0,38.523,2,Galil AR | Chatterbox (Field-Tested)
Sep 01 2022 01: +0,40.055,5,Galil AR | Chatterbox (Field-Tested)
Sep 02 2022 01: +0,38.863,3,Galil AR | Chatterbox (Field-Tested)
Sep 03 2022 01: +0,42.369,2,Galil AR | Chatterbox (Field-Tested)
Sep 04 2022 01: +0,39.312,1,Galil AR | Chatterbox (Field-Tested)
Sep 06 2022 01: +0,42.403,1,Galil AR | Chatterbox (Field-Tested)
Sep 08 2022 01: +0,44.152,1,Galil AR | Chatterbox (Field-Tested)
Sep 09 2022 01: +0,48.563,1,Galil AR | Chatterbox (Field-Tested)
Sep 10 2022 01: +0,42.964,2,Galil AR | Chatterbox (Field-Tested)
Sep 12 2022 01: +0,45.066,2,Galil AR | Chatterbox (Field-Tested)
Sep 13 2022 01: +0,39.3,2,Galil AR | Chatterbox (Field-Tested)
Sep 14 2022 01: +0,37.708,1,Galil AR | Chatterbox (Field-Tested)
Sep 17 2022 01: +0,40.501,1,Galil AR | Chatterbox (Field-Tested)
Sep 19 2022 01: +0,45.6,2,Galil AR | Chatterbox (Field-Tested)
Sep 20 2022 01: +0,39.058,1,Galil AR | Chatterbox (Field-Tested)
Sep 22 2022 01: +0,34.507,1,Galil AR | Chatterbox (Field-Tested)
Sep 23 2022 01: +0,36.715,2,Galil AR | Chatterbox (Field-Tested)
Sep 24 2022 01: +0,43.071,1,Galil AR | Chatterbox (Field-Tested)
Sep 25 2022 01: +0,37.139,1,Galil AR | Chatterbox (Field-Tested)
Sep 26 2022 01: +0,37.173,1,Galil AR | Chatterbox (Field-Tested)
Sep 28 2022 01: +0,29.718,1,Galil AR | Chatterbox (Field-Tested)
Sep 29 2022 01: +0,37.422,3,Galil AR | Chatterbox (Field-Tested)
Sep 30 2022 01: +0,37.181,1,Galil AR | Chatterbox (Field-Tested)
Oct 01 2022 01: +0,39.436,2,Galil AR | Chatterbox (Field-Tested)
Oct 02 2022 01: +0,34.863,1,Galil AR | Chatterbox (Field-Tested)
Oct 04 2022 01: +0,36.537,2,Galil AR | Chatterbox (Field-Tested)
Oct 05 2022 01: +0,39.189,3,Galil AR | Chatterbox (Field-Tested)
Oct 06 2022 01: +0,42.213,1,Galil AR | Chatterbox (Field-Tested)
Oct 10 2022 01: +0,39.427,2,Galil AR | Chatterbox (Field-Tested)
Oct 11 2022 01: +0,37.41,1,Galil AR | Chatterbox (Field-Tested)
Oct 13 2022 01: +0,38.603,2,Galil AR | Chatterbox (Field-Tested)
Oct 14 2022 01: +0,39.259,1,Galil AR | Chatterbox (Field-Tested)
Oct 16 2022 01: +0,41.418,1,Galil AR | Chatterbox (Field-Tested)
Oct 17 2022 01: +0,38.2,4,Galil AR | Chatterbox (Field-Tested)
Oct 18 2022 01: +0,40.74,2,Galil AR | Chatterbox (Field-Tested)
Oct 19 2022 01: +0,40.543,3,Galil AR | Chatterbox (Field-Tested)
Oct 20 2022 01: +0,40.518,1,Galil AR | Chatterbox (Field-Tested)
Oct 22 2022 01: +0,40.493,1,Galil AR | Chatterbox (Field-Tested)
Oct 23 2022 01: +0,35.661,1,Galil AR | Chatterbox (Field-Tested)
Oct 25 2022 01: +0,37.141,2,Galil AR | Chatterbox (Field-Tested)
Oct 26 2022 01: +0,38.812,2,Galil AR | Chatterbox (Field-Tested)
Oct 28 2022 01: +0,39.515,1,Galil AR | Chatterbox (Field-Tested)
Oct 29 2022 01: +0,36.965,2,Galil AR | Chatterbox (Field-Tested)
Oct 30 2022 01: +0,36.884,2,Galil AR | Chatterbox (Field-Tested)
Nov 01 2022 01: +0,38.331,1,Galil AR | Chatterbox (Field-Tested)
Nov 02 2022 01: +0,40.303,1,Galil AR | Chatterbox (Field-Tested)
Nov 04 2022 01: +0,39.266,3,Galil AR | Chatterbox (Field-Tested)
Nov 05 2022 01: +0,38.523,1,Galil AR | Chatterbox (Field-Tested)
Nov 06 2022 01: +0,37.731,3,Galil AR | Chatterbox (Field-Tested)
Nov 07 2022 01: +0,34.838,2,Galil AR | Chatterbox (Field-Tested)
Nov 08 2022 01: +0,38.497,1,Galil AR | Chatterbox (Field-Tested)
Nov 09 2022 01: +0,39.816,1,Galil AR | Chatterbox (Field-Tested)
Nov 10 2022 01: +0,40.652,5,Galil AR | Chatterbox (Field-Tested)
Nov 11 2022 01: +0,38.952,4,Galil AR | Chatterbox (Field-Tested)
Nov 12 2022 01: +0,38.837,1,Galil AR | Chatterbox (Field-Tested)
Nov 13 2022 01: +0,39.893,3,Galil AR | Chatterbox (Field-Tested)
Nov 14 2022 01: +0,37.47,1,Galil AR | Chatterbox (Field-Tested)
Nov 16 2022 01: +0,42.934,3,Galil AR | Chatterbox (Field-Tested)
Nov 17 2022 01: +0,43.643,2,Galil AR | Chatterbox (Field-Tested)
Nov 19 2022 01: +0,36.035,1,Galil AR | Chatterbox (Field-Tested)
Nov 20 2022 01: +0,27.379,1,Galil AR | Chatterbox (Field-Tested)
Nov 21 2022 01: +0,33.596,4,Galil AR | Chatterbox (Field-Tested)
Nov 22 2022 01: +0,42.668,2,Galil AR | Chatterbox (Field-Tested)
Nov 27 2022 01: +0,34.137,2,Galil AR | Chatterbox (Field-Tested)
Nov 28 2022 01: +0,34.197,2,Galil AR | Chatterbox (Field-Tested)
Nov 30 2022 01: +0,35.633,2,Galil AR | Chatterbox (Field-Tested)
Dec 01 2022 01: +0,37.196,1,Galil AR | Chatterbox (Field-Tested)
Dec 02 2022 01: +0,41.995,1,Galil AR | Chatterbox (Field-Tested)
Dec 04 2022 01: +0,35.585,1,Galil AR | Chatterbox (Field-Tested)
Dec 06 2022 01: +0,36.521,3,Galil AR | Chatterbox (Field-Tested)
Dec 07 2022 01: +0,42.324,1,Galil AR | Chatterbox (Field-Tested)
Dec 08 2022 01: +0,42.092,1,Galil AR | Chatterbox (Field-Tested)
Dec 09 2022 01: +0,37.275,2,Galil AR | Chatterbox (Field-Tested)
Dec 11 2022 01: +0,37.461,2,Galil AR | Chatterbox (Field-Tested)
Dec 12 2022 01: +0,42.314,1,Galil AR | Chatterbox (Field-Tested)
Dec 13 2022 01: +0,37.105,1,Galil AR | Chatterbox (Field-Tested)
Dec 15 2022 01: +0,37.493,2,Galil AR | Chatterbox (Field-Tested)
Dec 16 2022 01: +0,37.572,1,Galil AR | Chatterbox (Field-Tested)
Dec 18 2022 01: +0,69.318,1,Galil AR | Chatterbox (Field-Tested)
Dec 19 2022 01: +0,35.748,2,Galil AR | Chatterbox (Field-Tested)
Dec 21 2022 01: +0,36.537,2,Galil AR | Chatterbox (Field-Tested)
Dec 23 2022 01: +0,37.31,4,Galil AR | Chatterbox (Field-Tested)
Dec 24 2022 01: +0,36.307,2,Galil AR | Chatterbox (Field-Tested)
Dec 25 2022 01: +0,40.527,2,Galil AR | Chatterbox (Field-Tested)
Dec 28 2022 01: +0,42.357,1,Galil AR | Chatterbox (Field-Tested)
Dec 29 2022 01: +0,39.799,3,Galil AR | Chatterbox (Field-Tested)
Dec 30 2022 01: +0,39.411,3,Galil AR | Chatterbox (Field-Tested)
Dec 31 2022 01: +0,31.255,1,Galil AR | Chatterbox (Field-Tested)
Jan 01 2023 01: +0,40.875,2,Galil AR | Chatterbox (Field-Tested)
Jan 02 2023 01: +0,37.86,1,Galil AR | Chatterbox (Field-Tested)
Jan 03 2023 01: +0,42.907,1,Galil AR | Chatterbox (Field-Tested)
Jan 04 2023 01: +0,37.979,2,Galil AR | Chatterbox (Field-Tested)
Jan 05 2023 01: +0,37.911,1,Galil AR | Chatterbox (Field-Tested)
Jan 06 2023 01: +0,36.977,2,Galil AR | Chatterbox (Field-Tested)
Jan 07 2023 01: +0,35.687,1,Galil AR | Chatterbox (Field-Tested)
Jan 08 2023 01: +0,39.795,2,Galil AR | Chatterbox (Field-Tested)
Jan 09 2023 01: +0,35.373,1,Galil AR | Chatterbox (Field-Tested)
Jan 11 2023 01: +0,41.724,1,Galil AR | Chatterbox (Field-Tested)
Jan 13 2023 01: +0,37.472,4,Galil AR | Chatterbox (Field-Tested)
Jan 14 2023 01: +0,41.67,1,Galil AR | Chatterbox (Field-Tested)
Jan 17 2023 01: +0,39.471,3,Galil AR | Chatterbox (Field-Tested)
Jan 18 2023 01: +0,37.801,1,Galil AR | Chatterbox (Field-Tested)
Jan 19 2023 01: +0,37.826,1,Galil AR | Chatterbox (Field-Tested)
Jan 20 2023 01: +0,41.151,1,Galil AR | Chatterbox (Field-Tested)
Jan 22 2023 01: +0,38.378,1,Galil AR | Chatterbox (Field-Tested)
Jan 24 2023 01: +0,42.66,2,Galil AR | Chatterbox (Field-Tested)
Jan 26 2023 01: +0,39.075,1,Galil AR | Chatterbox (Field-Tested)
Jan 27 2023 01: +0,39.38,1,Galil AR | Chatterbox (Field-Tested)
Jan 28 2023 01: +0,39.722,3,Galil AR | Chatterbox (Field-Tested)
Jan 29 2023 01: +0,39.567,2,Galil AR | Chatterbox (Field-Tested)
Jan 30 2023 01: +0,39.584,1,Galil AR | Chatterbox (Field-Tested)
Jan 31 2023 01: +0,40.704,2,Galil AR | Chatterbox (Field-Tested)
Feb 01 2023 01: +0,40.05,2,Galil AR | Chatterbox (Field-Tested)
Feb 02 2023 01: +0,40.518,2,Galil AR | Chatterbox (Field-Tested)
Feb 04 2023 01: +0,41.366,1,Galil AR | Chatterbox (Field-Tested)
Feb 05 2023 01: +0,40.738,2,Galil AR | Chatterbox (Field-Tested)
Feb 06 2023 01: +0,42.681,3,Galil AR | Chatterbox (Field-Tested)
Feb 07 2023 01: +0,41.025,1,Galil AR | Chatterbox (Field-Tested)
Feb 08 2023 01: +0,44.834,3,Galil AR | Chatterbox (Field-Tested)
Feb 10 2023 01: +0,43.818,1,Galil AR | Chatterbox (Field-Tested)
Feb 11 2023 01: +0,41.906,2,Galil AR | Chatterbox (Field-Tested)
Feb 12 2023 01: +0,50.435,1,Galil AR | Chatterbox (Field-Tested)
Feb 13 2023 01: +0,45.717,2,Galil AR | Chatterbox (Field-Tested)
Feb 15 2023 01: +0,39.557,2,Galil AR | Chatterbox (Field-Tested)
Feb 16 2023 01: +0,39.287,3,Galil AR | Chatterbox (Field-Tested)
Feb 17 2023 01: +0,44.959,4,Galil AR | Chatterbox (Field-Tested)
Feb 18 2023 01: +0,44.981,4,Galil AR | Chatterbox (Field-Tested)
Feb 19 2023 01: +0,42.975,3,Galil AR | Chatterbox (Field-Tested)
Feb 20 2023 01: +0,40.79,1,Galil AR | Chatterbox (Field-Tested)
Feb 21 2023 01: +0,49.23,1,Galil AR | Chatterbox (Field-Tested)
Feb 22 2023 01: +0,45.378,2,Galil AR | Chatterbox (Field-Tested)
Feb 23 2023 01: +0,41.461,1,Galil AR | Chatterbox (Field-Tested)
Feb 24 2023 01: +0,41.478,1,Galil AR | Chatterbox (Field-Tested)
Feb 25 2023 01: +0,42.055,1,Galil AR | Chatterbox (Field-Tested)
Feb 26 2023 01: +0,38.531,1,Galil AR | Chatterbox (Field-Tested)
Feb 27 2023 01: +0,42.433,2,Galil AR | Chatterbox (Field-Tested)
Feb 28 2023 01: +0,43.96,2,Galil AR | Chatterbox (Field-Tested)
Mar 01 2023 01: +0,40.22,2,Galil AR | Chatterbox (Field-Tested)
Mar 02 2023 01: +0,40.009,1,Galil AR | Chatterbox (Field-Tested)
Mar 04 2023 01: +0,47.846,1,Galil AR | Chatterbox (Field-Tested)
Mar 06 2023 01: +0,46.258,1,Galil AR | Chatterbox (Field-Tested)
Mar 08 2023 01: +0,43.783,2,Galil AR | Chatterbox (Field-Tested)
Mar 10 2023 01: +0,43.597,3,Galil AR | Chatterbox (Field-Tested)
Mar 11 2023 01: +0,47.55,1,Galil AR | Chatterbox (Field-Tested)
Mar 12 2023 01: +0,42.726,3,Galil AR | Chatterbox (Field-Tested)
Mar 13 2023 01: +0,46.007,3,Galil AR | Chatterbox (Field-Tested)
Mar 15 2023 01: +0,41.923,2,Galil AR | Chatterbox (Field-Tested)
Mar 16 2023 01: +0,42.619,3,Galil AR | Chatterbox (Field-Tested)
Mar 18 2023 01: +0,36.073,1,Galil AR | Chatterbox (Field-Tested)
Mar 19 2023 01: +0,44.004,2,Galil AR | Chatterbox (Field-Tested)
Mar 20 2023 01: +0,46.423,1,Galil AR | Chatterbox (Field-Tested)
Mar 21 2023 01: +0,45.332,3,Galil AR | Chatterbox (Field-Tested)
Mar 22 2023 01: +0,43.152,2,Galil AR | Chatterbox (Field-Tested)
Mar 23 2023 01: +0,46.764,2,Galil AR | Chatterbox (Field-Tested)
Mar 24 2023 01: +0,47.364,2,Galil AR | Chatterbox (Field-Tested)
Mar 25 2023 01: +0,50.365,4,Galil AR | Chatterbox (Field-Tested)
Mar 26 2023 01: +0,42.214,5,Galil AR | Chatterbox (Field-Tested)
Mar 27 2023 01: +0,41.961,1,Galil AR | Chatterbox (Field-Tested)
Mar 28 2023 01: +0,61.502,3,Galil AR | Chatterbox (Field-Tested)
Mar 29 2023 01: +0,52.193,2,Galil AR | Chatterbox (Field-Tested)
Mar 30 2023 01: +0,60.064,1,Galil AR | Chatterbox (Field-Tested)
Apr 01 2023 01: +0,45.857,2,Galil AR | Chatterbox (Field-Tested)
Apr 03 2023 01: +0,58.642,2,Galil AR | Chatterbox (Field-Tested)
Apr 04 2023 01: +0,52.981,2,Galil AR | Chatterbox (Field-Tested)
Apr 05 2023 01: +0,54.779,2,Galil AR | Chatterbox (Field-Tested)
Apr 06 2023 01: +0,62.923,3,Galil AR | Chatterbox (Field-Tested)
Apr 08 2023 01: +0,54.848,1,Galil AR | Chatterbox (Field-Tested)
Apr 09 2023 01: +0,74.08,2,Galil AR | Chatterbox (Field-Tested)
Apr 11 2023 01: +0,63.847,2,Galil AR | Chatterbox (Field-Tested)
Apr 12 2023 01: +0,71.798,3,Galil AR | Chatterbox (Field-Tested)
Apr 15 2023 01: +0,59.667,2,Galil AR | Chatterbox (Field-Tested)
Apr 17 2023 01: +0,67.368,1,Galil AR | Chatterbox (Field-Tested)
Apr 18 2023 01: +0,64.528,3,Galil AR | Chatterbox (Field-Tested)
Apr 19 2023 01: +0,61.281,1,Galil AR | Chatterbox (Field-Tested)
Apr 20 2023 01: +0,53.407,1,Galil AR | Chatterbox (Field-Tested)
Apr 21 2023 01: +0,61.575,2,Galil AR | Chatterbox (Field-Tested)
Apr 22 2023 01: +0,61.184,1,Galil AR | Chatterbox (Field-Tested)
Apr 23 2023 01: +0,59.19,2,Galil AR | Chatterbox (Field-Tested)
Apr 25 2023 01: +0,55.231,1,Galil AR | Chatterbox (Field-Tested)
Apr 26 2023 01: +0,56.116,2,Galil AR | Chatterbox (Field-Tested)
Apr 27 2023 01: +0,45.872,1,Galil AR | Chatterbox (Field-Tested)
Apr 28 2023 01: +0,61.832,1,Galil AR | Chatterbox (Field-Tested)
Apr 29 2023 01: +0,53.198,3,Galil AR | Chatterbox (Field-Tested)
Apr 30 2023 01: +0,71.65,2,Galil AR | Chatterbox (Field-Tested)
May 01 2023 01: +0,56.026,3,Galil AR | Chatterbox (Field-Tested)
May 02 2023 01: +0,59.488,4,Galil AR | Chatterbox (Field-Tested)
May 03 2023 01: +0,61.512,2,Galil AR | Chatterbox (Field-Tested)
May 04 2023 01: +0,54.103,1,Galil AR | Chatterbox (Field-Tested)
May 05 2023 01: +0,48.294,6,Galil AR | Chatterbox (Field-Tested)
May 06 2023 01: +0,62.544,1,Galil AR | Chatterbox (Field-Tested)
May 07 2023 01: +0,55.953,2,Galil AR | Chatterbox (Field-Tested)
May 09 2023 01: +0,52.216,1,Galil AR | Chatterbox (Field-Tested)
May 10 2023 01: +0,55.574,2,Galil AR | Chatterbox (Field-Tested)
May 11 2023 01: +0,56.134,3,Galil AR | Chatterbox (Field-Tested)
May 12 2023 01: +0,56.413,1,Galil AR | Chatterbox (Field-Tested)
May 13 2023 01: +0,65.838,1,Galil AR | Chatterbox (Field-Tested)
May 14 2023 01: +0,67.777,4,Galil AR | Chatterbox (Field-Tested)
May 15 2023 01: +0,48.821,1,Galil AR | Chatterbox (Field-Tested)
May 16 2023 01: +0,48.485,3,Galil AR | Chatterbox (Field-Tested)
May 17 2023 01: +0,52.497,2,Galil AR | Chatterbox (Field-Tested)
May 18 2023 01: +0,52.495,3,Galil AR | Chatterbox (Field-Tested)
May 19 2023 01: +0,52.462,3,Galil AR | Chatterbox (Field-Tested)
May 20 2023 01: +0,67.163,1,Galil AR | Chatterbox (Field-Tested)
May 21 2023 01: +0,50.393,1,Galil AR | Chatterbox (Field-Tested)
May 23 2023 01: +0,55.373,2,Galil AR | Chatterbox (Field-Tested)
May 25 2023 01: +0,50.013,4,Galil AR | Chatterbox (Field-Tested)
May 26 2023 01: +0,52.254,2,Galil AR | Chatterbox (Field-Tested)
May 28 2023 01: +0,52.06,3,Galil AR | Chatterbox (Field-Tested)
May 29 2023 01: +0,53.123,2,Galil AR | Chatterbox (Field-Tested)
May 30 2023 01: +0,57.93,1,Galil AR | Chatterbox (Field-Tested)
May 31 2023 01: +0,61.681,2,Galil AR | Chatterbox (Field-Tested)
Jun 01 2023 01: +0,51.87,1,Galil AR | Chatterbox (Field-Tested)
Jun 02 2023 01: +0,53.704,2,Galil AR | Chatterbox (Field-Tested)
Jun 03 2023 01: +0,52.957,1,Galil AR | Chatterbox (Field-Tested)
Jun 04 2023 01: +0,55.937,2,Galil AR | Chatterbox (Field-Tested)
Jun 05 2023 01: +0,51.132,1,Galil AR | Chatterbox (Field-Tested)
Jun 06 2023 01: +0,51.199,2,Galil AR | Chatterbox (Field-Tested)
Jun 07 2023 01: +0,60.065,1,Galil AR | Chatterbox (Field-Tested)
Jun 08 2023 01: +0,57.546,2,Galil AR | Chatterbox (Field-Tested)
Jun 09 2023 01: +0,63.342,1,Galil AR | Chatterbox (Field-Tested)
Jun 10 2023 01: +0,63.341,1,Galil AR | Chatterbox (Field-Tested)
Jun 12 2023 01: +0,61.024,2,Galil AR | Chatterbox (Field-Tested)
Jun 14 2023 01: +0,65.54,3,Galil AR | Chatterbox (Field-Tested)
Jun 16 2023 01: +0,57.296,3,Galil AR | Chatterbox (Field-Tested)
Jun 17 2023 01: +0,55.632,1,Galil AR | Chatterbox (Field-Tested)
Jun 18 2023 01: +0,62.801,2,Galil AR | Chatterbox (Field-Tested)
Jun 21 2023 01: +0,55.275,1,Galil AR | Chatterbox (Field-Tested)
Jun 23 2023 01: +0,62.214,2,Galil AR | Chatterbox (Field-Tested)
Jun 24 2023 01: +0,58.828,3,Galil AR | Chatterbox (Field-Tested)
Jun 26 2023 01: +0,53.246,2,Galil AR | Chatterbox (Field-Tested)
Jun 27 2023 01: +0,64.657,1,Galil AR | Chatterbox (Field-Tested)
Jun 28 2023 01: +0,66.779,2,Galil AR | Chatterbox (Field-Tested)
Jun 29 2023 01: +0,59.707,1,Galil AR | Chatterbox (Field-Tested)
Jun 30 2023 01: +0,57.469,3,Galil AR | Chatterbox (Field-Tested)
Jul 02 2023 01: +0,66.546,2,Galil AR | Chatterbox (Field-Tested)
Jul 04 2023 01: +0,55.912,5,Galil AR | Chatterbox (Field-Tested)
Jul 05 2023 01: +0,59.948,2,Galil AR | Chatterbox (Field-Tested)
Jul 06 2023 01: +0,64.187,1,Galil AR | Chatterbox (Field-Tested)
Jul 07 2023 01: +0,60.258,1,Galil AR | Chatterbox (Field-Tested)
Jul 11 2023 01: +0,64.344,1,Galil AR | Chatterbox (Field-Tested)
Jul 12 2023 01: +0,56.678,1,Galil AR | Chatterbox (Field-Tested)
Jul 13 2023 01: +0,54.596,1,Galil AR | Chatterbox (Field-Tested)
Jul 15 2023 01: +0,56.687,4,Galil AR | Chatterbox (Field-Tested)
Jul 16 2023 01: +0,49.337,3,Galil AR | Chatterbox (Field-Tested)
Jul 17 2023 01: +0,55.245,2,Galil AR | Chatterbox (Field-Tested)
Jul 18 2023 01: +0,50.6,3,Galil AR | Chatterbox (Field-Tested)
Jul 19 2023 01: +0,50.738,3,Galil AR | Chatterbox (Field-Tested)
Jul 20 2023 01: +0,50.265,1,Galil AR | Chatterbox (Field-Tested)
Jul 21 2023 01: +0,60.732,1,Galil AR | Chatterbox (Field-Tested)
Jul 24 2023 01: +0,53.123,2,Galil AR | Chatterbox (Field-Tested)
Jul 25 2023 01: +0,59.489,2,Galil AR | Chatterbox (Field-Tested)
Jul 27 2023 01: +0,50.461,4,Galil AR | Chatterbox (Field-Tested)
Jul 28 2023 01: +0,50.902,1,Galil AR | Chatterbox (Field-Tested)
Jul 30 2023 01: +0,58.449,1,Galil AR | Chatterbox (Field-Tested)
Aug 03 2023 01: +0,49.2,2,Galil AR | Chatterbox (Field-Tested)
Aug 04 2023 01: +0,47.36,2,Galil AR | Chatterbox (Field-Tested)
Aug 05 2023 01: +0,46.879,1,Galil AR | Chatterbox (Field-Tested)
Aug 06 2023 01: +0,46.92,1,Galil AR | Chatterbox (Field-Tested)
Aug 07 2023 01: +0,50.151,2,Galil AR | Chatterbox (Field-Tested)
Aug 09 2023 01: +0,52.261,2,Galil AR | Chatterbox (Field-Tested)
Aug 10 2023 01: +0,50.028,3,Galil AR | Chatterbox (Field-Tested)
Aug 11 2023 01: +0,56.438,1,Galil AR | Chatterbox (Field-Tested)
Aug 12 2023 01: +0,51.363,2,Galil AR | Chatterbox (Field-Tested)
Aug 13 2023 01: +0,58.99,4,Galil AR | Chatterbox (Field-Tested)
Aug 14 2023 01: +0,52.114,3,Galil AR | Chatterbox (Field-Tested)
Aug 15 2023 01: +0,61.881,1,Galil AR | Chatterbox (Field-Tested)
Aug 16 2023 01: +0,50.369,3,Galil AR | Chatterbox (Field-Tested)
Aug 19 2023 01: +0,58.415,2,Galil AR | Chatterbox (Field-Tested)
Aug 20 2023 01: +0,46.228,2,Galil AR | Chatterbox (Field-Tested)
Aug 21 2023 01: +0,69.64,2,Galil AR | Chatterbox (Field-Tested)
Aug 23 2023 01: +0,54.914,2,Galil AR | Chatterbox (Field-Tested)
Aug 24 2023 01: +0,51.502,1,Galil AR | Chatterbox (Field-Tested)
Aug 26 2023 01: +0,58.524,2,Galil AR | Chatterbox (Field-Tested)
Aug 28 2023 01: +0,61.995,1,Galil AR | Chatterbox (Field-Tested)
Aug 29 2023 01: +0,57.482,5,Galil AR | Chatterbox (Field-Tested)
Aug 30 2023 01: +0,56.294,2,Galil AR | Chatterbox (Field-Tested)
Aug 31 2023 01: +0,51.365,2,Galil AR | Chatterbox (Field-Tested)
Sep 01 2023 01: +0,55.997,2,Galil AR | Chatterbox (Field-Tested)
Sep 02 2023 01: +0,51.921,1,Galil AR | Chatterbox (Field-Tested)
Sep 03 2023 01: +0,57.92,2,Galil AR | Chatterbox (Field-Tested)
Sep 09 2023 01: +0,49.841,3,Galil AR | Chatterbox (Field-Tested)
Sep 11 2023 01: +0,61.166,1,Galil AR | Chatterbox (Field-Tested)
Sep 16 2023 01: +0,54.307,1,Galil AR | Chatterbox (Field-Tested)
Sep 17 2023 01: +0,67.454,5,Galil AR | Chatterbox (Field-Tested)
Sep 19 2023 01: +0,56.166,2,Galil AR | Chatterbox (Field-Tested)
Sep 20 2023 01: +0,57.623,1,Galil AR | Chatterbox (Field-Tested)
Sep 22 2023 01: +0,50.684,3,Galil AR | Chatterbox (Field-Tested)
Sep 23 2023 01: +0,53.134,4,Galil AR | Chatterbox (Field-Tested)
Sep 25 2023 01: +0,54.069,1,Galil AR | Chatterbox (Field-Tested)
Sep 27 2023 01: +0,56.496,3,Galil AR | Chatterbox (Field-Tested)
Sep 29 2023 01: +0,58.081,3,Galil AR | Chatterbox (Field-Tested)
Sep 30 2023 01: +0,53.925,1,Galil AR | Chatterbox (Field-Tested)
Oct 01 2023 01: +0,59.508,3,Galil AR | Chatterbox (Field-Tested)
Oct 02 2023 01: +0,59.464,4,Galil AR | Chatterbox (Field-Tested)
Oct 03 2023 01: +0,54.834,1,Galil AR | Chatterbox (Field-Tested)
Oct 04 2023 01: +0,56.502,3,Galil AR | Chatterbox (Field-Tested)
Oct 05 2023 01: +0,60.48,2,Galil AR | Chatterbox (Field-Tested)
Oct 06 2023 01: +0,67.536,2,Galil AR | Chatterbox (Field-Tested)
Oct 07 2023 01: +0,71.004,2,Galil AR | Chatterbox (Field-Tested)
Oct 08 2023 01: +0,68.775,1,Galil AR | Chatterbox (Field-Tested)
Oct 09 2023 01: +0,65.415,4,Galil AR | Chatterbox (Field-Tested)
Oct 11 2023 01: +0,69.162,3,Galil AR | Chatterbox (Field-Tested)
Oct 12 2023 01: +0,80.051,2,Galil AR | Chatterbox (Field-Tested)
Oct 13 2023 01: +0,64.27,3,Galil AR | Chatterbox (Field-Tested)
Oct 14 2023 01: +0,68.819,3,Galil AR | Chatterbox (Field-Tested)
Oct 16 2023 01: +0,71.323,1,Galil AR | Chatterbox (Field-Tested)
Oct 17 2023 01: +0,73.647,2,Galil AR | Chatterbox (Field-Tested)
Oct 18 2023 01: +0,71.382,1,Galil AR | Chatterbox (Field-Tested)
Oct 19 2023 01: +0,61.295,1,Galil AR | Chatterbox (Field-Tested)
Oct 20 2023 01: +0,75.589,4,Galil AR | Chatterbox (Field-Tested)
Oct 21 2023 01: +0,70.639,2,Galil AR | Chatterbox (Field-Tested)
Oct 26 2023 01: +0,64.49,1,Galil AR | Chatterbox (Field-Tested)
Oct 28 2023 01: +0,63.285,3,Galil AR | Chatterbox (Field-Tested)
Oct 29 2023 01: +0,71.976,2,Galil AR | Chatterbox (Field-Tested)
Oct 31 2023 01: +0,62.649,1,Galil AR | Chatterbox (Field-Tested)
Nov 01 2023 01: +0,64.449,1,Galil AR | Chatterbox (Field-Tested)
Nov 03 2023 01: +0,64.957,2,Galil AR | Chatterbox (Field-Tested)
Nov 04 2023 01: +0,70.278,3,Galil AR | Chatterbox (Field-Tested)
Nov 05 2023 01: +0,68.42,2,Galil AR | Chatterbox (Field-Tested)
Nov 06 2023 01: +0,74.775,2,Galil AR | Chatterbox (Field-Tested)
Nov 08 2023 01: +0,66.776,4,Galil AR | Chatterbox (Field-Tested)
Nov 09 2023 01: +0,62.624,1,Galil AR | Chatterbox (Field-Tested)
Nov 10 2023 01: +0,63.35,1,Galil AR | Chatterbox (Field-Tested)
Nov 11 2023 01: +0,65.286,2,Galil AR | Chatterbox (Field-Tested)
Nov 14 2023 01: +0,67.901,1,Galil AR | Chatterbox (Field-Tested)
Nov 16 2023 01: +0,67.976,2,Galil AR | Chatterbox (Field-Tested)
Nov 17 2023 01: +0,72.024,3,Galil AR | Chatterbox (Field-Tested)
Nov 18 2023 01: +0,79.117,1,Galil AR | Chatterbox (Field-Tested)
Nov 20 2023 01: +0,67.595,1,Galil AR | Chatterbox (Field-Tested)
Nov 21 2023 01: +0,68.351,1,Galil AR | Chatterbox (Field-Tested)
Nov 22 2023 01: +0,67.799,3,Galil AR | Chatterbox (Field-Tested)
Nov 23 2023 01: +0,53.45,1,Galil AR | Chatterbox (Field-Tested)
Nov 24 2023 01: +0,60.94,1,Galil AR | Chatterbox (Field-Tested)
Nov 25 2023 01: +0,54.35,1,Galil AR | Chatterbox (Field-Tested)
Nov 26 2023 01: +0,57.907,2,Galil AR | Chatterbox (Field-Tested)
Nov 27 2023 01: +0,47.718,1,Galil AR | Chatterbox (Field-Tested)
Nov 28 2023 01: +0,58.952,2,Galil AR | Chatterbox (Field-Tested)
Nov 30 2023 01: +0,57.234,2,Galil AR | Chatterbox (Field-Tested)
Dec 02 2023 01: +0,58.196,1,Galil AR | Chatterbox (Field-Tested)
Dec 03 2023 01: +0,60.004,1,Galil AR | Chatterbox (Field-Tested)
Dec 04 2023 01: +0,59.326,4,Galil AR | Chatterbox (Field-Tested)
Dec 05 2023 01: +0,60.208,1,Galil AR | Chatterbox (Field-Tested)
Dec 07 2023 01: +0,82.809,1,Galil AR | Chatterbox (Field-Tested)
Dec 08 2023 01: +0,69.48,1,Galil AR | Chatterbox (Field-Tested)
Dec 12 2023 01: +0,63.834,1,Galil AR | Chatterbox (Field-Tested)
Dec 13 2023 01: +0,55.721,2,Galil AR | Chatterbox (Field-Tested)
Dec 16 2023 01: +0,61.452,2,Galil AR | Chatterbox (Field-Tested)
Dec 20 2023 01: +0,59.147,1,Galil AR | Chatterbox (Field-Tested)
Dec 22 2023 01: +0,61.652,1,Galil AR | Chatterbox (Field-Tested)
Dec 30 2023 01: +0,58.807,1,Galil AR | Chatterbox (Field-Tested)
Jan 01 2024 01: +0,60.981,1,Galil AR | Chatterbox (Field-Tested)
Jan 02 2024 01: +0,61.46,1,Galil AR | Chatterbox (Field-Tested)
Jan 03 2024 01: +0,67.867,1,Galil AR | Chatterbox (Field-Tested)
Jan 05 2024 01: +0,59.351,2,Galil AR | Chatterbox (Field-Tested)
Jan 07 2024 01: +0,57.381,1,Galil AR | Chatterbox (Field-Tested)
Jan 10 2024 01: +0,59.181,1,Galil AR | Chatterbox (Field-Tested)
Jan 12 2024 01: +0,59.858,3,Galil AR | Chatterbox (Field-Tested)
Jan 14 2024 01: +0,59.189,1,Galil AR | Chatterbox (Field-Tested)
Jan 16 2024 01: +0,59.436,1,Galil AR | Chatterbox (Field-Tested)
Jan 17 2024 01: +0,59.52,2,Galil AR | Chatterbox (Field-Tested)
Jan 19 2024 01: +0,64.096,2,Galil AR | Chatterbox (Field-Tested)
Jan 23 2024 01: +0,60.811,1,Galil AR | Chatterbox (Field-Tested)
Jan 25 2024 01: +0,50.945,1,Galil AR | Chatterbox (Field-Tested)
Jan 27 2024 01: +0,54.655,1,Galil AR | Chatterbox (Field-Tested)
Jan 28 2024 01: +0,51.17,2,Galil AR | Chatterbox (Field-Tested)
Jan 30 2024 01: +0,53.912,2,Galil AR | Chatterbox (Field-Tested)
Feb 02 2024 01: +0,63.18,1,Galil AR | Chatterbox (Field-Tested)
Feb 03 2024 01: +0,56.532,1,Galil AR | Chatterbox (Field-Tested)
Feb 04 2024 01: +0,59.436,1,Galil AR | Chatterbox (Field-Tested)
Feb 07 2024 01: +0,58.204,1,Galil AR | Chatterbox (Field-Tested)
Feb 12 2024 01: +0,53.106,2,Galil AR | Chatterbox (Field-Tested)
Feb 14 2024 01: +0,52.65,3,Galil AR | Chatterbox (Field-Tested)
Feb 16 2024 01: +0,55.73,1,Galil AR | Chatterbox (Field-Tested)
Feb 18 2024 01: +0,48.822,1,Galil AR | Chatterbox (Field-Tested)
Feb 19 2024 01: +0,55.198,1,Galil AR | Chatterbox (Field-Tested)
Feb 20 2024 01: +0,59.442,1,Galil AR | Chatterbox (Field-Tested)
Feb 21 2024 01: +0,62.77,1,Galil AR | Chatterbox (Field-Tested)
Feb 25 2024 01: +0,56.37,1,Galil AR | Chatterbox (Field-Tested)
Feb 27 2024 01: +0,55.933,2,Galil AR | Chatterbox (Field-Tested)
Feb 29 2024 01: +0,65.714,2,Galil AR | Chatterbox (Field-Tested)
Mar 01 2024 01: +0,84.918,1,Galil AR | Chatterbox (Field-Tested)
Mar 05 2024 01: +0,70.693,1,Galil AR | Chatterbox (Field-Tested)
Mar 06 2024 01: +0,68.079,2,Galil AR | Chatterbox (Field-Tested)
Mar 07 2024 01: +0,76.39,2,Galil AR | Chatterbox (Field-Tested)
Mar 08 2024 01: +0,69.939,1,Galil AR | Chatterbox (Field-Tested)
Mar 09 2024 01: +0,74.977,1,Galil AR | Chatterbox (Field-Tested)
Mar 13 2024 01: +0,64.853,1,Galil AR | Chatterbox (Field-Tested)
Mar 15 2024 01: +0,61.388,3,Galil AR | Chatterbox (Field-Tested)
Mar 16 2024 01: +0,68.117,1,Galil AR | Chatterbox (Field-Tested)
Mar 18 2024 01: +0,55.436,1,Galil AR | Chatterbox (Field-Tested)
Mar 19 2024 01: +0,62.04,4,Galil AR | Chatterbox (Field-Tested)
Mar 22 2024 01: +0,52.592,1,Galil AR | Chatterbox (Field-Tested)
Mar 23 2024 01: +0,54.769,4,Galil AR | Chatterbox (Field-Tested)
Mar 24 2024 01: +0,58.083,3,Galil AR | Chatterbox (Field-Tested)
Mar 25 2024 01: +0,66.139,1,Galil AR | Chatterbox (Field-Tested)
Mar 26 2024 01: +0,69.743,1,Galil AR | Chatterbox (Field-Tested)
Mar 28 2024 01: +0,60.454,1,Galil AR | Chatterbox (Field-Tested)
Mar 30 2024 01: +0,75.559,3,Galil AR | Chatterbox (Field-Tested)
Mar 31 2024 01: +0,63.507,2,Galil AR | Chatterbox (Field-Tested)
Apr 03 2024 01: +0,83.583,1,Galil AR | Chatterbox (Field-Tested)
Apr 04 2024 01: +0,77.915,1,Galil AR | Chatterbox (Field-Tested)
Apr 05 2024 01: +0,78.956,1,Galil AR | Chatterbox (Field-Tested)
Apr 08 2024 01: +0,70.015,1,Galil AR | Chatterbox (Field-Tested)
Apr 09 2024 01: +0,70.176,1,Galil AR | Chatterbox (Field-Tested)
Apr 12 2024 01: +0,80.172,1,Galil AR | Chatterbox (Field-Tested)
Apr 14 2024 01: +0,78.971,1,Galil AR | Chatterbox (Field-Tested)
Apr 15 2024 01: +0,72.172,1,Galil AR | Chatterbox (Field-Tested)
Apr 16 2024 01: +0,76.55,2,Galil AR | Chatterbox (Field-Tested)
Apr 18 2024 01: +0,69.119,2,Galil AR | Chatterbox (Field-Tested)
Apr 19 2024 01: +0,69.081,1,Galil AR | Chatterbox (Field-Tested)
Apr 20 2024 01: +0,64.776,1,Galil AR | Chatterbox (Field-Tested)
Apr 23 2024 01: +0,63.155,1,Galil AR | Chatterbox (Field-Tested)
Apr 24 2024 01: +0,74.209,1,Galil AR | Chatterbox (Field-Tested)
Apr 26 2024 01: +0,80.91,3,Galil AR | Chatterbox (Field-Tested)
Apr 28 2024 01: +0,80.067,1,Galil AR | Chatterbox (Field-Tested)
May 01 2024 01: +0,66.644,3,Galil AR | Chatterbox (Field-Tested)
May 02 2024 01: +0,62.56,1,Galil AR | Chatterbox (Field-Tested)
May 05 2024 01: +0,66.899,1,Galil AR | Chatterbox (Field-Tested)
May 06 2024 01: +0,73.208,1,Galil AR | Chatterbox (Field-Tested)
May 07 2024 01: +0,69.99,2,Galil AR | Chatterbox (Field-Tested)
May 08 2024 01: +0,83.001,1,Galil AR | Chatterbox (Field-Tested)
May 09 2024 01: +0,73.233,1,Galil AR | Chatterbox (Field-Tested)
May 10 2024 01: +0,69.624,1,Galil AR | Chatterbox (Field-Tested)
May 14 2024 01: +0,63.834,1,Galil AR | Chatterbox (Field-Tested)
May 16 2024 01: +0,87.88,1,Galil AR | Chatterbox (Field-Tested)
May 18 2024 01: +0,80.592,2,Galil AR | Chatterbox (Field-Tested)
May 22 2024 01: +0,71.025,1,Galil AR | Chatterbox (Field-Tested)
May 25 2024 01: +0,66.907,2,Galil AR | Chatterbox (Field-Tested)
May 28 2024 01: +0,67.909,1,Galil AR | Chatterbox (Field-Tested)
May 29 2024 01: +0,69.298,3,Galil AR | Chatterbox (Field-Tested)
Jun 05 2024 01: +0,72.721,2,Galil AR | Chatterbox (Field-Tested)
Jun 06 2024 01: +0,75.745,2,Galil AR | Chatterbox (Field-Tested)
Jun 09 2024 01: +0,71.624,1,Galil AR | Chatterbox (Field-Tested)
Jun 10 2024 01: +0,71.09,3,Galil AR | Chatterbox (Field-Tested)
Jun 11 2024 01: +0,59.724,1,Galil AR | Chatterbox (Field-Tested)
Jun 13 2024 01: +0,71.533,2,Galil AR | Chatterbox (Field-Tested)
Jun 16 2024 01: +0,63.702,2,Galil AR | Chatterbox (Field-Tested)
Jun 17 2024 01: +0,74.17,1,Galil AR | Chatterbox (Field-Tested)
Jun 23 2024 01: +0,57.924,1,Galil AR | Chatterbox (Field-Tested)
Jun 25 2024 01: +0,65.702,2,Galil AR | Chatterbox (Field-Tested)
Jun 26 2024 01: +0,61.868,3,Galil AR | Chatterbox (Field-Tested)
Jun 29 2024 01: +0,59.321,2,Galil AR | Chatterbox (Field-Tested)
Jun 30 2024 01: +0,60.682,3,Galil AR | Chatterbox (Field-Tested)
Jul 01 2024 01: +0,69.304,2,Galil AR | Chatterbox (Field-Tested)
Jul 05 2024 01: +0,62.968,3,Galil AR | Chatterbox (Field-Tested)
Jul 07 2024 01: +0,66.712,1,Galil AR | Chatterbox (Field-Tested)
Jul 08 2024 01: +0,66.502,2,Galil AR | Chatterbox (Field-Tested)
Jul 11 2024 01: +0,71.323,1,Galil AR | Chatterbox (Field-Tested)
Jul 16 2024 01: +0,71.399,1,Galil AR | Chatterbox (Field-Tested)
Jul 19 2024 01: +0,49.854,1,Galil AR | Chatterbox (Field-Tested)
Jul 22 2024 01: +0,67.315,1,Galil AR | Chatterbox (Field-Tested)
Jul 24 2024 01: +0,68.58,1,Galil AR | Chatterbox (Field-Tested)
Jul 25 2024 01: +0,76.559,1,Galil AR | Chatterbox (Field-Tested)
Jul 26 2024 01: +0,68.589,1,Galil AR | Chatterbox (Field-Tested)
Jul 27 2024 01: +0,66.432,2,Galil AR | Chatterbox (Field-Tested)
Jul 28 2024 01: +0,69.137,1,Galil AR | Chatterbox (Field-Tested)
Jul 30 2024 01: +0,66.958,1,Galil AR | Chatterbox (Field-Tested)
Aug 05 2024 01: +0,66.95,1,Galil AR | Chatterbox (Field-Tested)
Aug 06 2024 01: +0,77.709,1,Galil AR | Chatterbox (Field-Tested)
Aug 07 2024 01: +0,65.693,1,Galil AR | Chatterbox (Field-Tested)
Aug 09 2024 01: +0,79.825,1,Galil AR | Chatterbox (Field-Tested)
Aug 11 2024 01: +0,76.502,1,Galil AR | Chatterbox (Field-Tested)
Aug 12 2024 01: +0,66.262,2,Galil AR | Chatterbox (Field-Tested)
Aug 14 2024 01: +0,72.002,2,Galil AR | Chatterbox (Field-Tested)
Aug 16 2024 01: +0,66.279,1,Galil AR | Chatterbox (Field-Tested)
Aug 17 2024 01: +0,66.474,1,Galil AR | Chatterbox (Field-Tested)
Aug 18 2024 01: +0,66.279,1,Galil AR | Chatterbox (Field-Tested)
Aug 22 2024 01: +0,71.964,2,Galil AR | Chatterbox (Field-Tested)
Aug 25 2024 01: +0,60.604,2,Galil AR | Chatterbox (Field-Tested)
Aug 27 2024 01: +0,80.129,1,Galil AR | Chatterbox (Field-Tested)
Sep 03 2024 01: +0,67.518,1,Galil AR | Chatterbox (Field-Tested)
Sep 06 2024 01: +0,66.135,1,Galil AR | Chatterbox (Field-Tested)
Sep 10 2024 01: +0,86.867,1,Galil AR | Chatterbox (Field-Tested)
Sep 11 2024 01: +0,64.428,2,Galil AR | Chatterbox (Field-Tested)
Sep 12 2024 01: +0,66.984,1,Galil AR | Chatterbox (Field-Tested)
Sep 14 2024 01: +0,74.778,2,Galil AR | Chatterbox (Field-Tested)
Sep 17 2024 01: +0,67.417,1,Galil AR | Chatterbox (Field-Tested)
Sep 22 2024 01: +0,67.517,1,Galil AR | Chatterbox (Field-Tested)
Sep 23 2024 01: +0,80.068,1,Galil AR | Chatterbox (Field-Tested)
Sep 24 2024 01: +0,65.175,1,Galil AR | Chatterbox (Field-Tested)
Sep 25 2024 01: +0,64.292,1,Galil AR | Chatterbox (Field-Tested)
Sep 28 2024 01: +0,66.763,1,Galil AR | Chatterbox (Field-Tested)
Sep 30 2024 01: +0,65.515,1,Galil AR | Chatterbox (Field-Tested)
Oct 01 2024 01: +0,71.136,1,Galil AR | Chatterbox (Field-Tested)
Oct 02 2024 01: +0,68.283,1,Galil AR | Chatterbox (Field-Tested)
Oct 03 2024 01: +0,63.409,1,Galil AR | Chatterbox (Field-Tested)
Oct 04 2024 01: +0,70.548,1,Galil AR | Chatterbox (Field-Tested)
Oct 05 2024 01: +0,69.799,1,Galil AR | Chatterbox (Field-Tested)
Oct 07 2024 01: +0,68.02,1,Galil AR | Chatterbox (Field-Tested)
Oct 09 2024 01: +0,70.028,1,Galil AR | Chatterbox (Field-Tested)
Oct 11 2024 01: +0,67.077,1,Galil AR | Chatterbox (Field-Tested)
Oct 12 2024 01: +0,66.211,1,Galil AR | Chatterbox (Field-Tested)
Oct 14 2024 01: +0,69.378,1,Galil AR | Chatterbox (Field-Tested)
Oct 17 2024 01: +0,74.558,1,Galil AR | Chatterbox (Field-Tested)
Oct 19 2024 01: +0,78.859,1,Galil AR | Chatterbox (Field-Tested)
Oct 21 2024 01: +0,74.719,1,Galil AR | Chatterbox (Field-Tested)
Oct 22 2024 01: +0,71.577,3,Galil AR | Chatterbox (Field-Tested)
Oct 24 2024 01: +0,68.011,1,Galil AR | Chatterbox (Field-Tested)
Oct 25 2024 01: +0,69.624,1,Galil AR | Chatterbox (Field-Tested)
Oct 26 2024 01: +0,67.786,2,Galil AR | Chatterbox (Field-Tested)
Oct 28 2024 01: +0,77.147,1,Galil AR | Chatterbox (Field-Tested)
Nov 02 2024 01: +0,67.646,1,Galil AR | Chatterbox (Field-Tested)
Nov 05 2024 01: +0,71.528,1,Galil AR | Chatterbox (Field-Tested)
Nov 11 2024 01: +0,69.306,2,Galil AR | Chatterbox (Field-Tested)
Nov 20 2024 01: +0,72.596,1,Galil AR | Chatterbox (Field-Tested)
Nov 21 2024 01: +0,71.272,2,Galil AR | Chatterbox (Field-Tested)
Nov 22 2024 01: +0,67.807,2,Galil AR | Chatterbox (Field-Tested)
Nov 24 2024 01: +0,68.083,2,Galil AR | Chatterbox (Field-Tested)
Nov 25 2024 01: +0,75.004,1,Galil AR | Chatterbox (Field-Tested)
Nov 27 2024 01: +0,69.387,1,Galil AR | Chatterbox (Field-Tested)
Nov 28 2024 01: +0,72.786,2,Galil AR | Chatterbox (Field-Tested)
Dec 01 2024 01: +0,70.293,1,Galil AR | Chatterbox (Field-Tested)
Dec 02 2024 01: +0,72.303,1,Galil AR | Chatterbox (Field-Tested)
Dec 05 2024 01: +0,69.862,1,Galil AR | Chatterbox (Field-Tested)
Dec 07 2024 01: +0,70.805,1,Galil AR | Chatterbox (Field-Tested)
Dec 08 2024 01: +0,75.509,1,Galil AR | Chatterbox (Field-Tested)
Dec 10 2024 01: +0,79.924,1,Galil AR | Chatterbox (Field-Tested)
Dec 13 2024 01: +0,70.711,1,Galil AR | Chatterbox (Field-Tested)
Dec 14 2024 01: +0,68.889,2,Galil AR | Chatterbox (Field-Tested)
Dec 19 2024 01: +0,58.519,1,Galil AR | Chatterbox (Field-Tested)
Dec 21 2024 01: +0,69.293,1,Galil AR | Chatterbox (Field-Tested)
Dec 23 2024 01: +0,67.489,2,Galil AR | Chatterbox (Field-Tested)
Dec 24 2024 01: +0,70.885,1,Galil AR | Chatterbox (Field-Tested)
Dec 25 2024 01: +0,104.509,1,Galil AR | Chatterbox (Field-Tested)
Dec 28 2024 01: +0,70.848,1,Galil AR | Chatterbox (Field-Tested)
Dec 29 2024 01: +0,68.071,1,Galil AR | Chatterbox (Field-Tested)
Jan 03 2025 01: +0,65.065,1,Galil AR | Chatterbox (Field-Tested)
Jan 05 2025 01: +0,83.796,1,Galil AR | Chatterbox (Field-Tested)
Jan 07 2025 01: +0,74.854,1,Galil AR | Chatterbox (Field-Tested)
Jan 08 2025 01: +0,75.016,1,Galil AR | Chatterbox (Field-Tested)
Jan 13 2025 01: +0,68.835,1,Galil AR | Chatterbox (Field-Tested)
Jan 16 2025 01: +0,74.018,1,Galil AR | Chatterbox (Field-Tested)
Jan 17 2025 01: +0,105.286,1,Galil AR | Chatterbox (Field-Tested)
Jan 24 2025 01: +0,61.72,1,Galil AR | Chatterbox (Field-Tested)
Jan 29 2025 01: +0,61.134,1,Galil AR | Chatterbox (Field-Tested)
Feb 01 2025 01: +0,43.49,1,Galil AR | Chatterbox (Field-Tested)
Feb 02 2025 01: +0,70.738,1,Galil AR | Chatterbox (Field-Tested)
Feb 03 2025 01: +0,68.02,1,Galil AR | Chatterbox (Field-Tested)
Feb 09 2025 01: +0,78.964,1,Galil AR | Chatterbox (Field-Tested)
Feb 12 2025 01: +0,75.406,1,Galil AR | Chatterbox (Field-Tested)
Feb 14 2025 01: +0,77.116,1,Galil AR | Chatterbox (Field-Tested)
Feb 15 2025 01: +0,75.704,1,Galil AR | Chatterbox (Field-Tested)
Feb 17 2025 01: +0,76.417,1,Galil AR | Chatterbox (Field-Tested)
Feb 18 2025 01: +0,71.73,1,Galil AR | Chatterbox (Field-Tested)
Feb 22 2025 01: +0,80.302,1,Galil AR | Chatterbox (Field-Tested)
Feb 27 2025 01: +0,79.027,1,Galil AR | Chatterbox (Field-Tested)
Mar 03 2025 01: +0,71.442,1,Galil AR | Chatterbox (Field-Tested)
Mar 05 2025 01: +0,70.185,1,Galil AR | Chatterbox (Field-Tested)
Mar 08 2025 01: +0,63.681,1,Galil AR | Chatterbox (Field-Tested)
Mar 09 2025 01: +0,69.37,1,Galil AR | Chatterbox (Field-Tested)
Mar 12 2025 01: +0,82.765,1,Galil AR | Chatterbox (Field-Tested)
Mar 13 2025 01: +0,82.225,1,Galil AR | Chatterbox (Field-Tested)
Mar 15 2025 01: +0,76.145,2,Galil AR | Chatterbox (Field-Tested)
Mar 17 2025 01: +0,80.431,1,Galil AR | Chatterbox (Field-Tested)
Mar 19 2025 01: +0,81.316,1,Galil AR | Chatterbox (Field-Tested)
Mar 23 2025 01: +0,95.589,1,Galil AR | Chatterbox (Field-Tested)
Mar 26 2025 01: +0,105.646,1,Galil AR | Chatterbox (Field-Tested)
Mar 30 2025 01: +0,67.994,1,Galil AR | Chatterbox (Field-Tested)
Apr 01 2025 01: +0,77.105,1,Galil AR | Chatterbox (Field-Tested)
Apr 06 2025 01: +0,80.769,2,Galil AR | Chatterbox (Field-Tested)
Apr 07 2025 01: +0,93.55,1,Galil AR | Chatterbox (Field-Tested)
Apr 12 2025 01: +0,101.097,1,Galil AR | Chatterbox (Field-Tested)
Apr 15 2025 01: +0,77.334,1,Galil AR | Chatterbox (Field-Tested)
Apr 27 2025 01: +0,76.08,1,Galil AR | Chatterbox (Field-Tested)
Apr 29 2025 01: +0,85.573,1,Galil AR | Chatterbox (Field-Tested)
May 01 2025 01: +0,74.083,1,Galil AR | Chatterbox (Field-Tested)
May 02 2025 01: +0,68.682,1,Galil AR | Chatterbox (Field-Tested)
May 04 2025 01: +0,72.121,1,Galil AR | Chatterbox (Field-Tested)
May 07 2025 01: +0,74.634,1,Galil AR | Chatterbox (Field-Tested)
May 08 2025 01: +0,84.412,2,Galil AR | Chatterbox (Field-Tested)
May 10 2025 01: +0,83.142,1,Galil AR | Chatterbox (Field-Tested)
May 12 2025 01: +0,84.246,1,Galil AR | Chatterbox (Field-Tested)
May 13 2025 01: +0,82.153,2,Galil AR | Chatterbox (Field-Tested)
May 18 2025 01: +0,87.442,1,Galil AR | Chatterbox (Field-Tested)
May 20 2025 01: +0,81.512,1,Galil AR | Chatterbox (Field-Tested)
May 25 2025 01: +0,64.275,2,Galil AR | Chatterbox (Field-Tested)
May 26 2025 01: +0,80.036,1,Galil AR | Chatterbox (Field-Tested)
May 28 2025 01: +0,81.383,1,Galil AR | Chatterbox (Field-Tested)
May 30 2025 01: +0,75.211,1,Galil AR | Chatterbox (Field-Tested)
May 31 2025 01: +0,75.577,1,Galil AR | Chatterbox (Field-Tested)
Jun 01 2025 01: +0,81.739,1,Galil AR | Chatterbox (Field-Tested)
Jun 04 2025 01: +0,80.951,1,Galil AR | Chatterbox (Field-Tested)
Jun 06 2025 01: +0,100.102,2,Galil AR | Chatterbox (Field-Tested)
Jun 07 2025 01: +0,92.134,1,Galil AR | Chatterbox (Field-Tested)
Jun 13 2025 01: +0,88.525,1,Galil AR | Chatterbox (Field-Tested)
Jun 14 2025 01: +0,89.157,1,Galil AR | Chatterbox (Field-Tested)
Jun 17 2025 01: +0,97.474,1,Galil AR | Chatterbox (Field-Tested)
Jun 18 2025 01: +0,88.995,2,Galil AR | Chatterbox (Field-Tested)
Jun 28 2025 01: +0,97.073,1,Galil AR | Chatterbox (Field-Tested)
Jul 06 2025 01: +0,92.393,1,Galil AR | Chatterbox (Field-Tested)
Jul 19 2025 01: +0,93.403,1,Galil AR | Chatterbox (Field-Tested)
Jul 26 2025 01: +0,90.393,1,Galil AR | Chatterbox (Field-Tested)
Jul 27 2025 01: +0,85.417,1,Galil AR | Chatterbox (Field-Tested)
Jul 30 2025 01: +0,84.622,3,Galil AR | Chatterbox (Field-Tested)
Jul 31 2025 01: +0,84.908,1,Galil AR | Chatterbox (Field-Tested)
Aug 01 2025 01: +0,84.186,1,Galil AR | Chatterbox (Field-Tested)
Aug 07 2025 01: +0,78.54,1,Galil AR | Chatterbox (Field-Tested)
Aug 08 2025 01: +0,93.402,1,Galil AR | Chatterbox (Field-Tested)
Aug 09 2025 01: +0,102.526,1,Galil AR | Chatterbox (Field-Tested)
Aug 11 2025 01: +0,82.505,2,Galil AR | Chatterbox (Field-Tested)
Aug 14 2025 01: +0,101.795,1,Galil AR | Chatterbox (Field-Tested)
Aug 18 2025 01: +0,88.623,2,Galil AR | Chatterbox (Field-Tested)
Aug 20 2025 01: +0,87.192,1,Galil AR | Chatterbox (Field-Tested)
Aug 21 2025 01: +0,98.549,1,Galil AR | Chatterbox (Field-Tested)
Aug 22 2025 01: +0,115.67,1,Galil AR | Chatterbox (Field-Tested)
Aug 23 2025 01: +0,97.22,1,Galil AR | Chatterbox (Field-Tested)
Aug 28 2025 01: +0,113.058,1,Galil AR | Chatterbox (Field-Tested)
Sep 02 2025 01: +0,90.701,3,Galil AR | Chatterbox (Field-Tested)
Sep 04 2025 01: +0,96.753,2,Galil AR | Chatterbox (Field-Tested)
Sep 05 2025 01: +0,89.009,1,Galil AR | Chatterbox (Field-Tested)
Sep 08 2025 01: +0,82.547,1,Galil AR | Chatterbox (Field-Tested)
Sep 14 2025 01: +0,75.424,1,Galil AR | Chatterbox (Field-Tested)
Sep 15 2025 01: +0,99.406,1,Galil AR | Chatterbox (Field-Tested)
Sep 16 2025 01: +0,146.089,1,Galil AR | Chatterbox (Field-Tested)
Sep 20 2025 01: +0,124.059,1,Galil AR | Chatterbox (Field-Tested)
Sep 23 2025 01: +0,121.609,2,Galil AR | Chatterbox (Field-Tested)
Sep 28 2025 01: +0,99.924,4,Galil AR | Chatterbox (Field-Tested)
Sep 29 2025 01: +0,107.178,1,Galil AR | Chatterbox (Field-Tested)
Sep 30 2025 01: +0,122.532,1,Galil AR | Chatterbox (Field-Tested)
Oct 03 2025 01: +0,134.19,5,Galil AR | Chatterbox (Field-Tested)
Oct 04 2025 01: +0,171.871,1,Galil AR | Chatterbox (Field-Tested)
Oct 07 2025 01: +0,142.365,1,Galil AR | Chatterbox (Field-Tested)
Oct 08 2025 01: +0,137.389,1,Galil AR | Chatterbox (Field-Tested)
Oct 11 2025 01: +0,143.81,3,Galil AR | Chatterbox (Field-Tested)
Oct 14 2025 01: +0,158.085,1,Galil AR | Chatterbox (Field-Tested)
Oct 22 2025 01: +0,140.973,1,Galil AR | Chatterbox (Field-Tested)
Oct 23 2025 01: +0,118.329,3,Galil AR | Chatterbox (Field-Tested)
Oct 24 2025 01: +0,138.338,3,Galil AR | Chatterbox (Field-Tested)
Oct 25 2025 01: +0,131.629,2,Galil AR | Chatterbox (Field-Tested)
Oct 26 2025 01: +0,124.98,9,Galil AR | Chatterbox (Field-Tested)
Oct 27 2025 01: +0,139.207,1,Galil AR | Chatterbox (Field-Tested)
Oct 28 2025 01: +0,102.788,2,Galil AR | Chatterbox (Field-Tested)
Oct 30 2025 01: +0,126.15,4,Galil AR | Chatterbox (Field-Tested)
Oct 31 2025 01: +0,138.576,7,Galil AR | Chatterbox (Field-Tested)
Nov 01 2025 01: +0,161.919,4,Galil AR | Chatterbox (Field-Tested)
Nov 02 2025 01: +0,184.485,4,Galil AR | Chatterbox (Field-Tested)
Nov 03 2025 01: +0,186.807,1,Galil AR | Chatterbox (Field-Tested)
Nov 04 2025 01: +0,212.268,1,Galil AR | Chatterbox (Field-Tested)
Nov 05 2025 01: +0,215.411,1,Galil AR | Chatterbox (Field-Tested)
Nov 07 2025 01: +0,201.025,1,Galil AR | Chatterbox (Field-Tested)
Nov 08 2025 01: +0,217.568,1,Galil AR | Chatterbox (Field-Tested)
Nov 09 2025 01: +0,217.109,1,Galil AR | Chatterbox (Field-Tested)
Nov 10 2025 01: +0,202.127,1,Galil AR | Chatterbox (Field-Tested)
Nov 11 2025 01: +0,202.429,1,Galil AR | Chatterbox (Field-Tested)
Nov 14 2025 01: +0,186.076,6,Galil AR | Chatterbox (Field-Tested)
Nov 17 2025 01: +0,174.061,1,Galil AR | Chatterbox (Field-Tested)
Nov 20 2025 01: +0,199.194,1,Galil AR | Chatterbox (Field-Tested)
Nov 21 2025 01: +0,202.28,2,Galil AR | Chatterbox (Field-Tested)
Nov 26 2025 01: +0,203.788,1,Galil AR | Chatterbox (Field-Tested)
Nov 30 2025 01: +0,195.674,4,Galil AR | Chatterbox (Field-Tested)
Dec 05 2025 01: +0,211.399,2,Galil AR | Chatterbox (Field-Tested)
Dec 10 2025 01: +0,230.142,1,Galil AR | Chatterbox (Field-Tested)
Dec 18 2025 01: +0,205.059,1,Galil AR | Chatterbox (Field-Tested)
Dec 19 2025 01: +0,205.37,1,Galil AR | Chatterbox (Field-Tested)
Dec 20 2025 01: +0,199.228,1,Galil AR | Chatterbox (Field-Tested)
Dec 21 2025 01: +0,224.321,1,Galil AR | Chatterbox (Field-Tested)
Dec 22 2025 01: +0,226.72,1,Galil AR | Chatterbox (Field-Tested)
Dec 23 2025 01: +0,234.609,2,Galil AR | Chatterbox (Field-Tested)
Dec 26 2025 01: +0,194.193,2,Galil AR | Chatterbox (Field-Tested)
Dec 30 2025 01: +0,232.881,1,Galil AR | Chatterbox (Field-Tested)
Jan 03 2026 01: +0,200.714,1,Galil AR | Chatterbox (Field-Tested)
Jan 12 2026 01: +0,196.256,2,Galil AR | Chatterbox (Field-Tested)
Jan 13 2026 01: +0,215.128,2,Galil AR | Chatterbox (Field-Tested)
Jan 15 2026 01: +0,197.445,1,Galil AR | Chatterbox (Field-Tested)
Jan 18 2026 01: +0,203.1,1,Galil AR | Chatterbox (Field-Tested)
Jan 19 2026 01: +0,215.377,1,Galil AR | Chatterbox (Field-Tested)
Jan 24 2026 01: +0,196.367,1,Galil AR | Chatterbox (Field-Tested)
Jan 25 2026 01: +0,218.8,2,Galil AR | Chatterbox (Field-Tested)
Jan 28 2026 01: +0,202.57,1,Galil AR | Chatterbox (Field-Tested)
Jan 29 2026 01: +0,212.253,1,Galil AR | Chatterbox (Field-Tested)
Jan 30 2026 01: +0,216.507,2,Galil AR | Chatterbox (Field-Tested)
Feb 03 2026 01: +0,230.516,1,Galil AR | Chatterbox (Field-Tested)
Feb 07 2026 01: +0,240.598,1,Galil AR | Chatterbox (Field-Tested)
Feb 08 2026 01: +0,243.849,1,Galil AR | Chatterbox (Field-Tested)
Feb 12 2026 01: +0,229.956,1,Galil AR | Chatterbox (Field-Tested)
Feb 15 2026 01: +0,237.753,1,Galil AR | Chatterbox (Field-Tested)
Mar 04 2026 01: +0,207.175,1,Galil AR | Chatterbox (Field-Tested)
Mar 08 2026 01: +0,247.498,1,Galil AR | Chatterbox (Field-Tested)
Mar 12 2026 01: +0,249.731,1,Galil AR | Chatterbox (Field-Tested)
Mar 15 2026 01: +0,236.596,1,Galil AR | Chatterbox (Field-Tested)
Mar 18 2026 01: +0,237.122,2,Galil AR | Chatterbox (Field-Tested)
Mar 19 2026 01: +0,252.373,1,Galil AR | Chatterbox (Field-Tested)
Mar 21 2026 01: +0,294.274,1,Galil AR | Chatterbox (Field-Tested)
Mar 23 2026 01: +0,239.279,1,Galil AR | Chatterbox (Field-Tested)
Mar 24 2026 01: +0,260.667,2,Galil AR | Chatterbox (Field-Tested)
Apr 02 2026 01: +0,343.039,1,Galil AR | Chatterbox (Field-Tested)
Apr 03 2026 01: +0,307.944,1,Galil AR | Chatterbox (Field-Tested)
Apr 09 2026 01: +0,280.994,2,Galil AR | Chatterbox (Field-Tested)
Apr 10 2026 01: +0,241.198,1,Galil AR | Chatterbox (Field-Tested)
Apr 11 2026 01: +0,292.931,1,Galil AR | Chatterbox (Field-Tested)
Apr 14 2026 08: +0,241.979,1,Galil AR | Chatterbox (Field-Tested)
Apr 19 2026 10: +0,254.735,1,Galil AR | Chatterbox (Field-Tested)
Apr 26 2026 10: +0,244.104,1,Galil AR | Chatterbox (Field-Tested)
May 02 2026 22: +0,245.524,2,Galil AR | Chatterbox (Field-Tested)
May 05 2026 10: +0,246.224,1,Galil AR | Chatterbox (Field-Tested)
May 06 2026 18: +0,246.683,1,Galil AR | Chatterbox (Field-Tested)
May 08 2026 11: +0,229.863,1,Galil AR | Chatterbox (Field-Tested)
May 08 2026 17: +0,295.836,1,Galil AR | Chatterbox (Field-Tested)
