date_raw,price_raw,volume_raw,item,date,price,volume,display_label,log_return,percent_return,absolute_return,big_move,rolling_average_14,rolling_volatility_30,rolling_volume_14
Jan 09 2015 01: +0,40.704,3,Galil AR | Chatterbox (Field-Tested),2015-01-09,40.704,3,Galil AR | Chatterbox (Field-Tested),,,,False,,,
Jan 10 2015 01: +0,98.421,2,Galil AR | Chatterbox (Field-Tested),2015-01-10,98.421,2,Galil AR | Chatterbox (Field-Tested),0.8829278282050337,88.29278282050336,0.8829278282050337,True,,,
Jan 11 2015 01: +0,62.215,5,Galil AR | Chatterbox (Field-Tested),2015-01-11,62.215,5,Galil AR | Chatterbox (Field-Tested),-0.45865806769509604,-45.865806769509604,0.45865806769509604,True,,,
Jan 12 2015 01: +0,50.183,8,Galil AR | Chatterbox (Field-Tested),2015-01-12,50.183,8,Galil AR | Chatterbox (Field-Tested),-0.21491980430154606,-21.491980430154605,0.21491980430154606,True,,,
Jan 13 2015 01: +0,53.937,5,Galil AR | Chatterbox (Field-Tested),2015-01-13,53.937,5,Galil AR | Chatterbox (Field-Tested),0.07214037488621905,7.214037488621905,0.07214037488621905,True,61.092000000000006,,4.6
Jan 14 2015 01: +0,43.103,5,Galil AR | Chatterbox (Field-Tested),2015-01-14,43.103,5,Galil AR | Chatterbox (Field-Tested),-0.22422409855647518,-22.42240985564752,0.22422409855647518,True,58.09383333333333,997.7406892516008,4.666666666666667
Jan 15 2015 01: +0,44.375,8,Galil AR | Chatterbox (Field-Tested),2015-01-15,44.375,8,Galil AR | Chatterbox (Field-Tested),0.02908364753978741,2.908364753978741,0.02908364753978741,False,56.134,892.5123390035633,5.142857142857143
Jan 16 2015 01: +0,58.179,3,Galil AR | Chatterbox (Field-Tested),2015-01-16,58.179,3,Galil AR | Chatterbox (Field-Tested),0.27084821708663354,27.084821708663355,0.27084821708663354,True,56.389625,835.5295160560205,4.875
Jan 17 2015 01: +0,50.252,6,Galil AR | Chatterbox (Field-Tested),2015-01-17,50.252,6,Galil AR | Chatterbox (Field-Tested),-0.146474117740042,-14.6474117740042,0.146474117740042,True,55.70766666666667,784.96921629401,5.0
Jan 18 2015 01: +0,47.68,6,Galil AR | Chatterbox (Field-Tested),2015-01-18,47.68,6,Galil AR | Chatterbox (Field-Tested),-0.052538324385077155,-5.2538324385077155,0.052538324385077155,True,54.9049,735.9877037434874,5.1
Jan 19 2015 01: +0,49.874,4,Galil AR | Chatterbox (Field-Tested),2015-01-19,49.874,4,Galil AR | Chatterbox (Field-Tested),0.044987802126613435,4.498780212661344,0.044987802126613435,False,54.447545454545455,694.0934566458644,5.0
Jan 20 2015 01: +0,57.839,3,Galil AR | Chatterbox (Field-Tested),2015-01-20,57.839,3,Galil AR | Chatterbox (Field-Tested),0.14816346374403797,14.816346374403796,0.14816346374403797,True,54.73016666666667,662.5802587437158,4.833333333333333
Jan 21 2015 01: +0,44.7,4,Galil AR | Chatterbox (Field-Tested),2015-01-21,44.7,4,Galil AR | Chatterbox (Field-Tested),-0.25768978700822254,-25.768978700822252,0.25768978700822254,True,53.958615384615385,651.6267798924905,4.769230769230769
Jan 22 2015 01: +0,44.027,6,Galil AR | Chatterbox (Field-Tested),2015-01-22,44.027,6,Galil AR | Chatterbox (Field-Tested),-0.015170419535432994,-1.5170419535432993,0.015170419535432994,False,53.24921428571429,624.0039003973478,4.857142857142857
Jan 23 2015 01: +0,43.594,3,Galil AR | Chatterbox (Field-Tested),2015-01-23,43.594,3,Galil AR | Chatterbox (Field-Tested),-0.00988355587776936,-0.9883555877769359,0.00988355587776936,False,53.45564285714287,599.5786622677424,4.857142857142857
Jan 24 2015 01: +0,43.018,6,Galil AR | Chatterbox (Field-Tested),2015-01-24,43.018,6,Galil AR | Chatterbox (Field-Tested),-0.013300893452079647,-1.3300893452079647,0.013300893452079647,False,49.498285714285714,577.838207315372,5.142857142857143
Jan 25 2015 01: +0,44.781,9,Galil AR | Chatterbox (Field-Tested),2015-01-25,44.781,9,Galil AR | Chatterbox (Field-Tested),0.04016530956497102,4.0165309564971015,0.04016530956497102,False,48.253,558.516577014347,5.428571428571429
Jan 26 2015 01: +0,48.652,3,Galil AR | Chatterbox (Field-Tested),2015-01-26,48.652,3,Galil AR | Chatterbox (Field-Tested),0.08290897543697771,8.29089754369777,0.08290897543697771,True,48.14364285714286,541.9553228795795,5.071428571428571
Jan 27 2015 01: +0,33.751,9,Galil AR | Chatterbox (Field-Tested),2015-01-27,33.751,9,Galil AR | Chatterbox (Field-Tested),-0.3656828712469704,-36.568287124697044,0.3656828712469704,True,46.70178571428572,552.3882615768888,5.357142857142857
Jan 28 2015 01: +0,34.699,10,Galil AR | Chatterbox (Field-Tested),2015-01-28,34.699,10,Galil AR | Chatterbox (Field-Tested),0.027700821584530494,2.7700821584530493,0.027700821584530494,False,46.1015,537.0846658880171,5.714285714285714
Jan 29 2015 01: +0,35.423,5,Galil AR | Chatterbox (Field-Tested),2015-01-29,35.423,5,Galil AR | Chatterbox (Field-Tested),0.02065045858505673,2.065045858505673,0.02065045858505673,False,45.462071428571434,522.9071256288397,5.5
Jan 30 2015 01: +0,37.906,8,Galil AR | Chatterbox (Field-Tested),2015-01-30,37.906,8,Galil AR | Chatterbox (Field-Tested),0.06774808422530158,6.774808422530159,0.06774808422530158,True,44.014,510.6173191181234,5.857142857142857
Jan 31 2015 01: +0,47.922,6,Galil AR | Chatterbox (Field-Tested),2015-01-31,47.922,6,Galil AR | Chatterbox (Field-Tested),0.23446527825919844,23.446527825919844,0.23446527825919844,True,43.84757142857143,507.6423547555377,5.857142857142857
Feb 01 2015 01: +0,37.105,9,Galil AR | Chatterbox (Field-Tested),2015-02-01,37.105,9,Galil AR | Chatterbox (Field-Tested),-0.2558229577412101,-25.58229577412101,0.2558229577412101,True,43.09221428571429,506.9361208143044,6.071428571428571
Feb 02 2015 01: +0,41.016,7,Galil AR | Chatterbox (Field-Tested),2015-02-02,41.016,7,Galil AR | Chatterbox (Field-Tested),0.1002105030593027,10.02105030593027,0.1002105030593027,True,42.4595,497.4569269625375,6.285714285714286
Feb 03 2015 01: +0,40.266,9,Galil AR | Chatterbox (Field-Tested),2015-02-03,40.266,9,Galil AR | Chatterbox (Field-Tested),-0.018454794077242202,-1.8454794077242203,0.018454794077242202,False,41.20428571428571,487.03580290056465,6.714285714285714
Feb 04 2015 01: +0,33.692,6,Galil AR | Chatterbox (Field-Tested),2015-02-04,33.692,6,Galil AR | Chatterbox (Field-Tested),-0.17824701995103992,-17.824701995103993,0.17824701995103992,True,40.418,481.8240205726145,6.857142857142857
Feb 05 2015 01: +0,31.126,13,Galil AR | Chatterbox (Field-Tested),2015-02-05,31.126,13,Galil AR | Chatterbox (Field-Tested),-0.07921693767029897,-7.921693767029897,0.07921693767029897,True,39.496500000000005,473.20725372925614,7.357142857142857
Feb 06 2015 01: +0,33.465,12,Galil AR | Chatterbox (Field-Tested),2015-02-06,33.465,12,Galil AR | Chatterbox (Field-Tested),0.07245663376978724,7.245663376978724,0.07245663376978724,True,38.773,465.31336399130134,8.0
Feb 07 2015 01: +0,33.291,10,Galil AR | Chatterbox (Field-Tested),2015-02-07,33.291,10,Galil AR | Chatterbox (Field-Tested),-0.005213026366069387,-0.5213026366069388,0.005213026366069387,False,38.07821428571429,456.92908939776214,8.285714285714286
Feb 08 2015 01: +0,32.378,11,Galil AR | Chatterbox (Field-Tested),2015-02-08,32.378,11,Galil AR | Chatterbox (Field-Tested),-0.027807910367222122,-2.780791036722212,0.027807910367222122,False,37.19228571428572,449.04093200496015,8.428571428571429
Feb 09 2015 01: +0,31.703,6,Galil AR | Chatterbox (Field-Tested),2015-02-09,31.703,6,Galil AR | Chatterbox (Field-Tested),-0.02106786618992399,-2.106786618992399,0.02106786618992399,False,35.98164285714286,313.7068901657174,8.642857142857142
Feb 10 2015 01: +0,30.56,9,Galil AR | Chatterbox (Field-Tested),2015-02-10,30.56,9,Galil AR | Chatterbox (Field-Tested),-0.03671934933107041,-3.671934933107041,0.03671934933107041,False,35.75371428571428,274.532814261224,8.642857142857142
Feb 11 2015 01: +0,32.852,11,Galil AR | Chatterbox (Field-Tested),2015-02-11,32.852,11,Galil AR | Chatterbox (Field-Tested),0.07232066157962608,7.232066157962608,0.07232066157962608,True,35.621785714285714,267.5447264105145,8.714285714285714
Feb 12 2015 01: +0,39.04,4,Galil AR | Chatterbox (Field-Tested),2015-02-12,39.04,4,Galil AR | Chatterbox (Field-Tested),0.172574135666946,17.2574135666946,0.172574135666946,True,35.88014285714286,273.8398787008083,8.642857142857142
Feb 13 2015 01: +0,33.39,6,Galil AR | Chatterbox (Field-Tested),2015-02-13,33.39,6,Galil AR | Chatterbox (Field-Tested),-0.15633030758932853,-15.633030758932854,0.15633030758932853,True,35.55757142857143,268.1438891175683,8.5
Feb 14 2015 01: +0,32.826,20,Galil AR | Chatterbox (Field-Tested),2015-02-14,32.826,20,Galil AR | Chatterbox (Field-Tested),-0.01703556964581931,-1.703556964581931,0.01703556964581931,False,34.479285714285716,267.8123922180381,9.5
Feb 15 2015 01: +0,36.846,12,Galil AR | Chatterbox (Field-Tested),2015-02-15,36.846,12,Galil AR | Chatterbox (Field-Tested),0.11552618026557322,11.552618026557322,0.11552618026557322,True,34.46078571428571,252.3412206578191,9.714285714285714
Feb 16 2015 01: +0,34.245,8,Galil AR | Chatterbox (Field-Tested),2015-02-16,34.245,8,Galil AR | Chatterbox (Field-Tested),-0.07320649592544862,-7.320649592544862,0.07320649592544862,True,33.97714285714286,248.81433881028406,9.785714285714286
Feb 17 2015 01: +0,33.661,6,Galil AR | Chatterbox (Field-Tested),2015-02-17,33.661,6,Galil AR | Chatterbox (Field-Tested),-0.017200671475269432,-1.7200671475269431,0.017200671475269432,False,33.50535714285714,248.40868572068283,9.571428571428571
Feb 18 2015 01: +0,38.584,8,Galil AR | Chatterbox (Field-Tested),2015-02-18,38.584,8,Galil AR | Chatterbox (Field-Tested),0.13649778559207187,13.649778559207187,0.13649778559207187,True,33.85478571428571,253.04025124013108,9.714285714285714
Feb 19 2015 01: +0,36.592,10,Galil AR | Chatterbox (Field-Tested),2015-02-19,36.592,10,Galil AR | Chatterbox (Field-Tested),-0.05300804548624554,-5.300804548624554,0.05300804548624554,True,34.24521428571428,247.016225139095,9.5
Feb 20 2015 01: +0,36.017,6,Galil AR | Chatterbox (Field-Tested),2015-02-20,36.017,6,Galil AR | Chatterbox (Field-Tested),-0.01583858806391816,-1.583858806391816,0.01583858806391816,False,34.427499999999995,231.02930015369716,9.071428571428571
Feb 21 2015 01: +0,35.71,10,Galil AR | Chatterbox (Field-Tested),2015-02-21,35.71,10,Galil AR | Chatterbox (Field-Tested),-0.008560287610150137,-0.8560287610150137,0.008560287610150137,False,34.60028571428571,231.01210016433035,9.071428571428571
Feb 22 2015 01: +0,37.303,9,Galil AR | Chatterbox (Field-Tested),2015-02-22,37.303,9,Galil AR | Chatterbox (Field-Tested),0.04364299076360133,4.364299076360132,0.04364299076360133,False,34.95207142857143,231.68090511599954,8.928571428571429
Feb 23 2015 01: +0,38.085,8,Galil AR | Chatterbox (Field-Tested),2015-02-23,38.085,8,Galil AR | Chatterbox (Field-Tested),0.02074675145479303,2.074675145479303,0.02074675145479303,False,35.40792857142857,231.83530625995525,9.071428571428571
Feb 24 2015 01: +0,37.973,7,Galil AR | Chatterbox (Field-Tested),2015-02-24,37.973,7,Galil AR | Chatterbox (Field-Tested),-0.0029451229576108674,-0.29451229576108673,0.0029451229576108674,False,35.937428571428576,231.2872635895948,8.928571428571429
Feb 25 2015 01: +0,35.853,5,Galil AR | Chatterbox (Field-Tested),2015-02-25,35.853,5,Galil AR | Chatterbox (Field-Tested),-0.05744813531428691,-5.744813531428691,0.05744813531428691,True,36.151785714285715,229.71101872010675,8.5
Feb 26 2015 01: +0,36.645,12,Galil AR | Chatterbox (Field-Tested),2015-02-26,36.645,12,Galil AR | Chatterbox (Field-Tested),0.02184974782495996,2.184974782495996,0.02184974782495996,False,35.980714285714285,190.68043737118197,9.071428571428571
Feb 27 2015 01: +0,36.144,8,Galil AR | Chatterbox (Field-Tested),2015-02-27,36.144,8,Galil AR | Chatterbox (Field-Tested),-0.013766033652166202,-1.37660336521662,0.013766033652166202,False,36.17742857142857,190.54582670796475,9.214285714285714
Feb 28 2015 01: +0,34.37,15,Galil AR | Chatterbox (Field-Tested),2015-02-28,34.37,15,Galil AR | Chatterbox (Field-Tested),-0.05032686886390497,-5.032686886390497,0.05032686886390497,True,36.28771428571429,191.2484906880503,8.857142857142858
Mar 01 2015 01: +0,33.638,10,Galil AR | Chatterbox (Field-Tested),2015-03-01,33.638,10,Galil AR | Chatterbox (Field-Tested),-0.02152771055650142,-2.152771055650142,0.02152771055650142,False,36.058571428571426,189.73821230969335,8.714285714285714
Mar 02 2015 01: +0,32.959,13,Galil AR | Chatterbox (Field-Tested),2015-03-02,32.959,13,Galil AR | Chatterbox (Field-Tested),-0.02039201553005641,-2.039201553005641,0.02039201553005641,False,35.96671428571428,169.1326217766814,9.071428571428571
Mar 03 2015 01: +0,34.515,7,Galil AR | Chatterbox (Field-Tested),2015-03-03,34.515,7,Galil AR | Chatterbox (Field-Tested),0.04612964738025443,4.612964738025442,0.04612964738025443,False,36.02771428571429,145.61052266263798,9.142857142857142
Mar 04 2015 01: +0,35.061,13,Galil AR | Chatterbox (Field-Tested),2015-03-04,35.061,13,Galil AR | Chatterbox (Field-Tested),0.015695389463690656,1.5695389463690657,0.015695389463690656,False,35.77607142857143,141.02561928794165,9.5
Mar 05 2015 01: +0,37.725,8,Galil AR | Chatterbox (Field-Tested),2015-03-05,37.725,8,Galil AR | Chatterbox (Field-Tested),0.07323360303478298,7.323360303478298,0.07323360303478298,True,35.857000000000006,143.5471924529165,9.357142857142858
Mar 06 2015 01: +0,31.826,7,Galil AR | Chatterbox (Field-Tested),2015-03-06,31.826,7,Galil AR | Chatterbox (Field-Tested),-0.17003943886592046,-17.003943886592047,0.17003943886592046,True,35.55764285714286,142.30325015841083,9.428571428571429
Mar 07 2015 01: +0,31.528,15,Galil AR | Chatterbox (Field-Tested),2015-03-07,31.528,15,Galil AR | Chatterbox (Field-Tested),-0.009407525895289598,-0.9407525895289598,0.009407525895289598,False,35.25892857142857,139.5867391570014,9.785714285714286
Mar 08 2015 01: +0,31.139,14,Galil AR | Chatterbox (Field-Tested),2015-03-08,31.139,14,Galil AR | Chatterbox (Field-Tested),-0.012414987040378333,-1.2414987040378334,0.012414987040378333,False,34.818642857142855,137.1933092749198,10.142857142857142
Mar 09 2015 01: +0,32.756,9,Galil AR | Chatterbox (Field-Tested),2015-03-09,32.756,9,Galil AR | Chatterbox (Field-Tested),0.050625098555617594,5.06250985556176,0.050625098555617594,True,34.438,138.42625149288375,10.214285714285714
Mar 10 2015 01: +0,31.156,11,Galil AR | Chatterbox (Field-Tested),2015-03-10,31.156,11,Galil AR | Chatterbox (Field-Tested),-0.05007930835023973,-5.007930835023973,0.05007930835023973,True,33.95107142857143,139.19427473679158,10.5
Mar 11 2015 01: +0,28.045,7,Galil AR | Chatterbox (Field-Tested),2015-03-11,28.045,7,Galil AR | Chatterbox (Field-Tested),-0.10519648009740178,-10.519648009740177,0.10519648009740178,True,33.39335714285714,143.7190230721726,10.642857142857142
Mar 12 2015 01: +0,27.996,13,Galil AR | Chatterbox (Field-Tested),2015-03-12,27.996,13,Galil AR | Chatterbox (Field-Tested),-0.001748720133007072,-0.1748720133007072,0.001748720133007072,False,32.77557142857143,143.23646735261542,10.714285714285714
Mar 13 2015 01: +0,30.715,15,Galil AR | Chatterbox (Field-Tested),2015-03-13,30.715,15,Galil AR | Chatterbox (Field-Tested),0.09268949178859749,9.26894917885975,0.09268949178859749,True,32.38778571428571,144.75134669699662,11.214285714285714
Mar 14 2015 01: +0,29.127,10,Galil AR | Chatterbox (Field-Tested),2015-03-14,29.127,10,Galil AR | Chatterbox (Field-Tested),-0.0530855555597732,-5.30855555597732,0.0530855555597732,True,32.013285714285715,131.21829655585015,10.857142857142858
Mar 15 2015 01: +0,28.007,17,Galil AR | Chatterbox (Field-Tested),2015-03-15,28.007,17,Galil AR | Chatterbox (Field-Tested),-0.03921110012570613,-3.921110012570613,0.03921110012570613,False,31.611071428571428,120.69011784828487,11.357142857142858
Mar 16 2015 01: +0,28.118,12,Galil AR | Chatterbox (Field-Tested),2015-03-16,28.118,12,Galil AR | Chatterbox (Field-Tested),0.003955461727304316,0.39554617273043163,0.003955461727304316,False,31.265285714285714,120.66757199452492,11.285714285714286
Mar 17 2015 01: +0,27.965,6,Galil AR | Chatterbox (Field-Tested),2015-03-17,27.965,6,Galil AR | Chatterbox (Field-Tested),-0.00545621238416435,-0.545621238416435,0.00545621238416435,False,30.797428571428576,112.54357122697911,11.214285714285714
Mar 18 2015 01: +0,27.84,11,Galil AR | Chatterbox (Field-Tested),2015-03-18,27.84,11,Galil AR | Chatterbox (Field-Tested),-0.004479892807332376,-0.4479892807332376,0.004479892807332376,False,30.281642857142856,110.15120676768282,11.071428571428571
Mar 19 2015 01: +0,27.844,8,Galil AR | Chatterbox (Field-Tested),2015-03-19,27.844,8,Galil AR | Chatterbox (Field-Tested),0.000143667840201247,0.014366784020124701,0.000143667840201247,False,29.575857142857142,110.11324151490336,11.071428571428571
Mar 20 2015 01: +0,25.353,17,Galil AR | Chatterbox (Field-Tested),2015-03-20,25.353,17,Galil AR | Chatterbox (Field-Tested),-0.09372043707596515,-9.372043707596516,0.09372043707596515,True,29.1135,101.47202874572794,11.785714285714286
Mar 21 2015 01: +0,24.113,15,Galil AR | Chatterbox (Field-Tested),2015-03-21,24.113,15,Galil AR | Chatterbox (Field-Tested),-0.050145952080886944,-5.014595208088695,0.050145952080886944,True,28.583857142857145,101.33836477607639,11.785714285714286
Mar 22 2015 01: +0,24.798,19,Galil AR | Chatterbox (Field-Tested),2015-03-22,24.798,19,Galil AR | Chatterbox (Field-Tested),0.02801189060808209,2.801189060808209,0.02801189060808209,False,28.130928571428573,102.38184902548461,12.142857142857142
Mar 23 2015 01: +0,26.193,14,Galil AR | Chatterbox (Field-Tested),2015-03-23,26.193,14,Galil AR | Chatterbox (Field-Tested),0.0547291947391302,5.47291947391302,0.0547291947391302,True,27.662142857142857,105.02956947258369,12.5
Mar 24 2015 01: +0,26.686,15,Galil AR | Chatterbox (Field-Tested),2015-03-24,26.686,15,Galil AR | Chatterbox (Field-Tested),0.018646883823448625,1.8646883823448626,0.018646883823448625,False,27.342857142857145,103.76712215059408,12.785714285714286
Mar 25 2015 01: +0,29.658,12,Galil AR | Chatterbox (Field-Tested),2015-03-25,29.658,12,Galil AR | Chatterbox (Field-Tested),0.10559282023264836,10.559282023264837,0.10559282023264836,True,27.45807142857143,111.01815338587406,13.142857142857142
Mar 26 2015 01: +0,29.443,9,Galil AR | Chatterbox (Field-Tested),2015-03-26,29.443,9,Galil AR | Chatterbox (Field-Tested),-0.0072757127099625455,-0.7275712709962545,0.0072757127099625455,False,27.56142857142857,111.00196005434293,12.857142857142858
Mar 27 2015 01: +0,30.84,11,Galil AR | Chatterbox (Field-Tested),2015-03-27,30.84,11,Galil AR | Chatterbox (Field-Tested),0.04635635785221409,4.635635785221409,0.04635635785221409,False,27.570357142857144,111.1436612561391,12.571428571428571
Mar 28 2015 01: +0,29.437,13,Galil AR | Chatterbox (Field-Tested),2015-03-28,29.437,13,Galil AR | Chatterbox (Field-Tested),-0.04656016220074551,-4.656016220074552,0.04656016220074551,False,27.5925,111.622516821611,12.785714285714286
Mar 29 2015 01: +0,26.611,16,Galil AR | Chatterbox (Field-Tested),2015-03-29,26.611,16,Galil AR | Chatterbox (Field-Tested),-0.10092772235369392,-10.092772235369392,0.10092772235369392,True,27.492785714285713,116.300295384156,12.714285714285714
Mar 30 2015 01: +0,23.009,16,Galil AR | Chatterbox (Field-Tested),2015-03-30,23.009,16,Galil AR | Chatterbox (Field-Tested),-0.14543922040329355,-14.543922040329354,0.14543922040329355,True,27.127857142857145,124.84779099746373,13.0
Mar 31 2015 01: +0,26.572,17,Galil AR | Chatterbox (Field-Tested),2015-03-31,26.572,17,Galil AR | Chatterbox (Field-Tested),0.14397258606559912,14.397258606559912,0.14397258606559912,True,27.028357142857146,136.30805366011592,13.785714285714286
Apr 01 2015 01: +0,26.507,22,Galil AR | Chatterbox (Field-Tested),2015-04-01,26.507,22,Galil AR | Chatterbox (Field-Tested),-0.0024491807491398075,-0.24491807491398074,0.0024491807491398075,False,26.933142857142858,136.24409197360526,14.571428571428571
Apr 02 2015 01: +0,28.117,12,Galil AR | Chatterbox (Field-Tested),2015-04-02,28.117,12,Galil AR | Chatterbox (Field-Tested),0.058965526564291014,5.896552656429101,0.058965526564291014,True,26.952642857142855,136.948938202525,14.857142857142858
Apr 03 2015 01: +0,29.434,15,Galil AR | Chatterbox (Field-Tested),2015-04-03,29.434,15,Galil AR | Chatterbox (Field-Tested),0.04577609312377536,4.577609312377536,0.04577609312377536,False,27.244142857142858,137.96990589368357,14.714285714285714
Apr 04 2015 01: +0,26.741,13,Galil AR | Chatterbox (Field-Tested),2015-04-04,26.741,13,Galil AR | Chatterbox (Field-Tested),-0.09595250060956435,-9.595250060956435,0.09595250060956435,True,27.431857142857144,138.3872831734466,14.571428571428571
Apr 05 2015 01: +0,28.826,12,Galil AR | Chatterbox (Field-Tested),2015-04-05,28.826,12,Galil AR | Chatterbox (Field-Tested),0.07507978952855418,7.507978952855418,0.07507978952855418,True,27.71957142857143,129.13993918804834,14.071428571428571
Apr 06 2015 01: +0,27.564,12,Galil AR | Chatterbox (Field-Tested),2015-04-06,27.564,12,Galil AR | Chatterbox (Field-Tested),-0.04476718416594954,-4.476718416594954,0.04476718416594954,False,27.817500000000003,129.93692707081505,13.928571428571429
Apr 07 2015 01: +0,26.413,13,Galil AR | Chatterbox (Field-Tested),2015-04-07,26.413,13,Galil AR | Chatterbox (Field-Tested),-0.0426542603012975,-4.26542603012975,0.0426542603012975,False,27.798000000000002,130.59582000788325,13.785714285714286
Apr 08 2015 01: +0,24.922,13,Galil AR | Chatterbox (Field-Tested),2015-04-08,24.922,13,Galil AR | Chatterbox (Field-Tested),-0.05810536567298815,-5.810536567298815,0.05810536567298815,True,27.459714285714288,130.22235507632448,13.857142857142858
Apr 09 2015 01: +0,26.882,10,Galil AR | Chatterbox (Field-Tested),2015-04-09,26.882,10,Galil AR | Chatterbox (Field-Tested),0.07570597012828066,7.570597012828066,0.07570597012828066,True,27.27678571428572,132.61101816226855,13.928571428571429
Apr 10 2015 01: +0,25.945,13,Galil AR | Chatterbox (Field-Tested),2015-04-10,25.945,13,Galil AR | Chatterbox (Field-Tested),-0.03547800482925369,-3.5478004829253686,0.03547800482925369,False,26.927142857142858,128.1296193872636,14.071428571428571
Apr 11 2015 01: +0,23.663,24,Galil AR | Chatterbox (Field-Tested),2015-04-11,23.663,24,Galil AR | Chatterbox (Field-Tested),-0.09206626602678879,-9.20662660267888,0.09206626602678879,True,26.514714285714287,131.8728163143159,14.857142857142858
Apr 12 2015 01: +0,21.797,18,Galil AR | Chatterbox (Field-Tested),2015-04-12,21.797,18,Galil AR | Chatterbox (Field-Tested),-0.08214030114653872,-8.214030114653873,0.08214030114653872,True,26.17085714285714,129.55079303464967,15.0
Apr 13 2015 01: +0,23.195,23,Galil AR | Chatterbox (Field-Tested),2015-04-13,23.195,23,Galil AR | Chatterbox (Field-Tested),0.06216439255733156,6.216439255733156,0.06216439255733156,True,26.184142857142856,131.11464609426173,15.5
Apr 14 2015 01: +0,23.499,15,Galil AR | Chatterbox (Field-Tested),2015-04-14,23.499,15,Galil AR | Chatterbox (Field-Tested),0.013021128849504012,1.3021128849504011,0.013021128849504012,False,25.964642857142856,130.79463661662345,15.357142857142858
Apr 15 2015 01: +0,24.431,13,Galil AR | Chatterbox (Field-Tested),2015-04-15,24.431,13,Galil AR | Chatterbox (Field-Tested),0.03889495065744979,3.8894950657449785,0.03889495065744979,False,25.81635714285714,131.68903855368436,14.714285714285714
Apr 16 2015 01: +0,17.907,20,Galil AR | Chatterbox (Field-Tested),2015-04-16,17.907,20,Galil AR | Chatterbox (Field-Tested),-0.3106611198560385,-31.06611198560385,0.3106611198560385,True,25.08707142857143,169.51250465217348,15.285714285714286
Apr 17 2015 01: +0,18.103,28,Galil AR | Chatterbox (Field-Tested),2015-04-17,18.103,28,Galil AR | Chatterbox (Field-Tested),0.010885972539184394,1.0885972539184394,0.010885972539184394,False,24.27771428571429,169.71552923542353,16.214285714285715
Apr 18 2015 01: +0,17.544,21,Galil AR | Chatterbox (Field-Tested),2015-04-18,17.544,21,Galil AR | Chatterbox (Field-Tested),-0.031365659278219826,-3.136565927821983,0.031365659278219826,False,23.620785714285716,169.73280398886902,16.785714285714285
Apr 19 2015 01: +0,19.57,21,Galil AR | Chatterbox (Field-Tested),2015-04-19,19.57,21,Galil AR | Chatterbox (Field-Tested),0.10928577029239771,10.92857702923977,0.10928577029239771,True,22.959642857142857,172.68710243563146,17.428571428571427
Apr 20 2015 01: +0,16.636,28,Galil AR | Chatterbox (Field-Tested),2015-04-20,16.636,28,Galil AR | Chatterbox (Field-Tested),-0.16242875952731964,-16.242875952731964,0.16242875952731964,True,22.179071428571433,180.35564558560637,18.571428571428573
Apr 21 2015 01: +0,18.522,27,Galil AR | Chatterbox (Field-Tested),2015-04-21,18.522,27,Galil AR | Chatterbox (Field-Tested),0.10739019286741207,10.739019286741208,0.10739019286741207,True,21.615428571428573,184.6664912528155,19.571428571428573
Apr 22 2015 01: +0,18.342,14,Galil AR | Chatterbox (Field-Tested),2015-04-22,18.342,14,Galil AR | Chatterbox (Field-Tested),-0.009765702611324789,-0.9765702611324789,0.009765702611324789,False,21.14542857142857,183.19759468178572,19.642857142857142
Apr 23 2015 01: +0,17.81,22,Galil AR | Chatterbox (Field-Tested),2015-04-23,17.81,22,Galil AR | Chatterbox (Field-Tested),-0.02943341483518222,-2.943341483518222,0.02943341483518222,False,20.49742857142857,182.9568042759177,20.5
Apr 24 2015 01: +0,17.727,21,Galil AR | Chatterbox (Field-Tested),2015-04-24,17.727,21,Galil AR | Chatterbox (Field-Tested),-0.004671196269922942,-0.46711962699229426,0.004671196269922942,False,19.91042857142857,177.89731541007234,21.071428571428573
Apr 25 2015 01: +0,18.105,19,Galil AR | Chatterbox (Field-Tested),2015-04-25,18.105,19,Galil AR | Chatterbox (Field-Tested),0.021099242185957268,2.1099242185957268,0.021099242185957268,False,19.51342857142857,178.37033393850652,20.714285714285715
Apr 26 2015 01: +0,17.079,19,Galil AR | Chatterbox (Field-Tested),2015-04-26,17.079,19,Galil AR | Chatterbox (Field-Tested),-0.058338504580549934,-5.833850458054993,0.058338504580549934,True,19.176428571428573,177.48438340569015,20.785714285714285
Apr 27 2015 01: +0,17.633,14,Galil AR | Chatterbox (Field-Tested),2015-04-27,17.633,14,Galil AR | Chatterbox (Field-Tested),0.03192250778873193,3.192250778873193,0.03192250778873193,False,18.77914285714286,178.09952963484884,20.142857142857142
Apr 28 2015 01: +0,17.725,12,Galil AR | Chatterbox (Field-Tested),2015-04-28,17.725,12,Galil AR | Chatterbox (Field-Tested),0.005203925992404846,0.5203925992404845,0.005203925992404846,False,18.366714285714288,175.64137088287984,19.928571428571427
Apr 29 2015 01: +0,17.779,14,Galil AR | Chatterbox (Field-Tested),2015-04-29,17.779,14,Galil AR | Chatterbox (Field-Tested),0.0030419131162433195,0.30419131162433194,0.0030419131162433195,False,17.89157142857143,169.12278216841116,20.0
Apr 30 2015 01: +0,18.117,28,Galil AR | Chatterbox (Field-Tested),2015-04-30,18.117,28,Galil AR | Chatterbox (Field-Tested),0.018832738459439217,1.8832738459439218,0.018832738459439217,False,17.90657142857143,160.31782811559071,20.571428571428573
May 01 2015 01: +0,16.691,27,Galil AR | Chatterbox (Field-Tested),2015-05-01,16.691,27,Galil AR | Chatterbox (Field-Tested),-0.08198107199759344,-8.198107199759344,0.08198107199759344,True,17.805714285714284,162.06426157482764,20.5
May 02 2015 01: +0,19.599,16,Galil AR | Chatterbox (Field-Tested),2015-05-02,19.599,16,Galil AR | Chatterbox (Field-Tested),0.16060889253044255,16.060889253044255,0.16060889253044255,True,17.9525,171.53714326455696,20.142857142857142
May 03 2015 01: +0,17.993,24,Galil AR | Chatterbox (Field-Tested),2015-05-03,17.993,24,Galil AR | Chatterbox (Field-Tested),-0.08549575115634139,-8.54957511563414,0.08549575115634139,True,17.83985714285714,172.07972235998358,20.357142857142858
May 04 2015 01: +0,17.56,15,Galil AR | Chatterbox (Field-Tested),2015-05-04,17.56,15,Galil AR | Chatterbox (Field-Tested),-0.02435920516341105,-2.435920516341105,0.02435920516341105,False,17.90585714285714,169.7099588000415,19.428571428571427
May 05 2015 01: +0,17.222,25,Galil AR | Chatterbox (Field-Tested),2015-05-05,17.222,25,Galil AR | Chatterbox (Field-Tested),-0.019435951932997055,-1.9435951932997055,0.019435951932997055,False,17.813,166.6388714627419,19.285714285714285
May 06 2015 01: +0,19.956,15,Galil AR | Chatterbox (Field-Tested),2015-05-06,19.956,15,Galil AR | Chatterbox (Field-Tested),0.1473422137248173,14.734221372481729,0.1473422137248173,True,17.928285714285717,175.85269304388584,19.357142857142858
May 07 2015 01: +0,19.444,14,Galil AR | Chatterbox (Field-Tested),2015-05-07,19.444,14,Galil AR | Chatterbox (Field-Tested),-0.025991310815581876,-2.5991310815581876,0.025991310815581876,False,18.045,175.56821105225868,18.785714285714285
May 08 2015 01: +0,19.053,13,Galil AR | Chatterbox (Field-Tested),2015-05-08,19.053,13,Galil AR | Chatterbox (Field-Tested),-0.020313969694261497,-2.0313969694261496,0.020313969694261497,False,18.139714285714287,174.763659005364,18.214285714285715
May 09 2015 01: +0,18.123,23,Galil AR | Chatterbox (Field-Tested),2015-05-09,18.123,23,Galil AR | Chatterbox (Field-Tested),-0.05004271966423361,-5.004271966423361,0.05004271966423361,True,18.141,172.58763790959193,18.5
May 10 2015 01: +0,18.878,25,Galil AR | Chatterbox (Field-Tested),2015-05-10,18.878,25,Galil AR | Chatterbox (Field-Tested),0.04081537307803867,4.081537307803867,0.04081537307803867,False,18.2695,173.39470776186897,18.928571428571427
May 11 2015 01: +0,17.831,14,Galil AR | Chatterbox (Field-Tested),2015-05-11,17.831,14,Galil AR | Chatterbox (Field-Tested),-0.05705870735084315,-5.705870735084315,0.05705870735084315,True,18.28364285714286,171.74668686254077,18.928571428571427
May 12 2015 01: +0,18.65,11,Galil AR | Chatterbox (Field-Tested),2015-05-12,18.65,11,Galil AR | Chatterbox (Field-Tested),0.044907630537914946,4.490763053791494,0.044907630537914946,False,18.34971428571429,170.6912307910892,18.857142857142858
May 13 2015 01: +0,18.022,17,Galil AR | Chatterbox (Field-Tested),2015-05-13,18.022,17,Galil AR | Chatterbox (Field-Tested),-0.03425291227697892,-3.425291227697892,0.03425291227697892,False,18.36707142857143,169.20884632234643,19.071428571428573
May 14 2015 01: +0,17.852,22,Galil AR | Chatterbox (Field-Tested),2015-05-14,17.852,22,Galil AR | Chatterbox (Field-Tested),-0.009477687045821977,-0.9477687045821976,0.009477687045821977,False,18.348142857142857,169.03206097125832,18.642857142857142
May 15 2015 01: +0,17.724,20,Galil AR | Chatterbox (Field-Tested),2015-05-15,17.724,20,Galil AR | Chatterbox (Field-Tested),-0.007195893429780409,-0.7195893429780409,0.007195893429780409,False,18.421928571428573,168.1450079458943,18.142857142857142
May 16 2015 01: +0,20.444,15,Galil AR | Chatterbox (Field-Tested),2015-05-16,20.444,15,Galil AR | Chatterbox (Field-Tested),0.14276978756878994,14.276978756878995,0.14276978756878994,True,18.482285714285716,138.020623107994,18.071428571428573
May 17 2015 01: +0,20.389,14,Galil AR | Chatterbox (Field-Tested),2015-05-17,20.389,14,Galil AR | Chatterbox (Field-Tested),-0.0026939011711958317,-0.26939011711958316,0.0026939011711958317,False,18.653428571428574,138.02178994104892,17.357142857142858
May 18 2015 01: +0,18.384,9,Galil AR | Chatterbox (Field-Tested),2015-05-18,18.384,9,Galil AR | Chatterbox (Field-Tested),-0.10351481862843735,-10.351481862843736,0.10351481862843735,True,18.712285714285713,142.56575790916614,16.928571428571427
May 19 2015 01: +0,15.885,21,Galil AR | Chatterbox (Field-Tested),2015-05-19,15.885,21,Galil AR | Chatterbox (Field-Tested),-0.1461054533849204,-14.61054533849204,0.1461054533849204,True,18.616785714285715,146.06542505614934,16.642857142857142
May 20 2015 01: +0,16.132,24,Galil AR | Chatterbox (Field-Tested),2015-05-20,16.132,24,Galil AR | Chatterbox (Field-Tested),0.01542960928964239,1.542960928964239,0.01542960928964239,False,18.34364285714286,134.99284519711435,17.285714285714285
May 21 2015 01: +0,17.417,19,Galil AR | Chatterbox (Field-Tested),2015-05-21,17.417,19,Galil AR | Chatterbox (Field-Tested),0.07664186373852613,7.664186373852614,0.07664186373852613,True,18.198857142857143,132.2836024237184,17.642857142857142
May 22 2015 01: +0,18.702,21,Galil AR | Chatterbox (Field-Tested),2015-05-22,18.702,21,Galil AR | Chatterbox (Field-Tested),0.07118372926360723,7.118372926360723,0.07118372926360723,True,18.173785714285714,134.681090935196,18.214285714285715
May 23 2015 01: +0,19.817,17,Galil AR | Chatterbox (Field-Tested),2015-05-23,19.817,17,Galil AR | Chatterbox (Field-Tested),0.05790968517182078,5.790968517182078,0.05790968517182078,True,18.294785714285716,135.66794102309825,17.785714285714285
May 24 2015 01: +0,18.798,12,Galil AR | Chatterbox (Field-Tested),2015-05-24,18.798,12,Galil AR | Chatterbox (Field-Tested),-0.0527896739869663,-5.27896739869663,0.0527896739869663,True,18.28907142857143,137.06636618717195,16.857142857142858
May 25 2015 01: +0,18.148,15,Galil AR | Chatterbox (Field-Tested),2015-05-25,18.148,15,Galil AR | Chatterbox (Field-Tested),-0.035190119396392085,-3.5190119396392086,0.035190119396392085,False,18.311714285714288,137.4824783148196,16.928571428571427
May 26 2015 01: +0,18.592,18,Galil AR | Chatterbox (Field-Tested),2015-05-26,18.592,18,Galil AR | Chatterbox (Field-Tested),0.024171018867783292,2.417101886778329,0.024171018867783292,False,18.307571428571432,136.074996932753,17.428571428571427
May 27 2015 01: +0,14.606,36,Galil AR | Chatterbox (Field-Tested),2015-05-27,14.606,36,Galil AR | Chatterbox (Field-Tested),-0.24129897747158263,-24.129897747158264,0.24129897747158263,True,18.06357142857143,159.99343101585237,18.785714285714285
May 28 2015 01: +0,14.94,22,Galil AR | Chatterbox (Field-Tested),2015-05-28,14.94,22,Galil AR | Chatterbox (Field-Tested),0.022609776506753228,2.260977650675323,0.022609776506753228,False,17.85557142857143,160.2656115684971,18.785714285714285
May 29 2015 01: +0,14.867,28,Galil AR | Chatterbox (Field-Tested),2015-05-29,14.867,28,Galil AR | Chatterbox (Field-Tested),-0.004898188073457365,-0.48981880734573646,0.004898188073457365,False,17.651500000000002,160.23504161678795,19.357142857142858
May 30 2015 01: +0,15.069,28,Galil AR | Chatterbox (Field-Tested),2015-05-30,15.069,28,Galil AR | Chatterbox (Field-Tested),0.013495661804803669,1.349566180480367,0.013495661804803669,False,17.267571428571433,160.14188247654232,20.285714285714285
May 31 2015 01: +0,14.917,30,Galil AR | Chatterbox (Field-Tested),2015-05-31,14.917,30,Galil AR | Chatterbox (Field-Tested),-0.010138151264223995,-1.0138151264223996,0.010138151264223995,False,16.87671428571429,157.80318414072585,21.428571428571427
Jun 01 2015 01: +0,15.843,23,Galil AR | Chatterbox (Field-Tested),2015-06-01,15.843,23,Galil AR | Chatterbox (Field-Tested),0.0602262602211125,6.02262602211125,0.0602262602211125,True,16.69521428571429,148.2390314388401,22.428571428571427
Jun 02 2015 01: +0,17.256,19,Galil AR | Chatterbox (Field-Tested),2015-06-02,17.256,19,Galil AR | Chatterbox (Field-Tested),0.08543214669394947,8.543214669394947,0.08543214669394947,True,16.793142857142858,148.848915848646,22.285714285714285
Jun 03 2015 01: +0,17.134,21,Galil AR | Chatterbox (Field-Tested),2015-06-03,17.134,21,Galil AR | Chatterbox (Field-Tested),-0.007095115545003091,-0.7095115545003091,0.007095115545003091,False,16.864714285714285,148.6353284222476,22.071428571428573
Jun 04 2015 01: +0,16.157,25,Galil AR | Chatterbox (Field-Tested),2015-06-04,16.157,25,Galil AR | Chatterbox (Field-Tested),-0.058711401247158804,-5.871140124715881,0.058711401247158804,True,16.774714285714285,149.88062166944744,22.5
Jun 05 2015 01: +0,16.351,31,Galil AR | Chatterbox (Field-Tested),2015-06-05,16.351,31,Galil AR | Chatterbox (Field-Tested),0.01193566525775588,1.193566525775588,0.01193566525775588,False,16.606785714285714,140.00089582640672,23.214285714285715
Jun 06 2015 01: +0,15.56,20,Galil AR | Chatterbox (Field-Tested),2015-06-06,15.56,20,Galil AR | Chatterbox (Field-Tested),-0.0495855388022037,-4.95855388022037,0.0495855388022037,False,16.302714285714284,140.65171558033614,23.428571428571427
Jun 07 2015 01: +0,14.155,35,Galil AR | Chatterbox (Field-Tested),2015-06-07,14.155,35,Galil AR | Chatterbox (Field-Tested),-0.09463560018638267,-9.463560018638267,0.09463560018638267,True,15.97107142857143,143.86117173851457,25.071428571428573
Jun 08 2015 01: +0,13.889,29,Galil AR | Chatterbox (Field-Tested),2015-06-08,13.889,29,Galil AR | Chatterbox (Field-Tested),-0.018970758629781006,-1.8970758629781006,0.018970758629781006,False,15.666857142857143,143.1766877099362,26.071428571428573
Jun 09 2015 01: +0,15.406,20,Galil AR | Chatterbox (Field-Tested),2015-06-09,15.406,20,Galil AR | Chatterbox (Field-Tested),0.10365988399669217,10.365988399669217,0.10365988399669217,True,15.439285714285715,147.53327389627424,26.214285714285715
Jun 10 2015 01: +0,14.848,17,Galil AR | Chatterbox (Field-Tested),2015-06-10,14.848,17,Galil AR | Chatterbox (Field-Tested),-0.03689186788692926,-3.689186788692926,0.03689186788692926,False,15.456571428571431,146.83420242344613,24.857142857142858
Jun 11 2015 01: +0,15.212,21,Galil AR | Chatterbox (Field-Tested),2015-06-11,15.212,21,Galil AR | Chatterbox (Field-Tested),0.024219414022168487,2.4219414022168486,0.024219414022168487,False,15.476,146.10513423272744,24.785714285714285
Jun 12 2015 01: +0,15.118,15,Galil AR | Chatterbox (Field-Tested),2015-06-12,15.118,15,Galil AR | Chatterbox (Field-Tested),-0.006198503196028234,-0.6198503196028233,0.006198503196028234,False,15.493928571428572,145.76879006673875,23.857142857142858
Jun 13 2015 01: +0,14.127,19,Galil AR | Chatterbox (Field-Tested),2015-06-13,14.127,19,Galil AR | Chatterbox (Field-Tested),-0.06779822694045774,-6.779822694045774,0.06779822694045774,True,15.426642857142857,147.36186339413376,23.214285714285715
Jun 14 2015 01: +0,14.045,23,Galil AR | Chatterbox (Field-Tested),2015-06-14,14.045,23,Galil AR | Chatterbox (Field-Tested),-0.005821399373320335,-0.5821399373320335,0.005821399373320335,False,15.364357142857145,147.36335357185663,22.714285714285715
Jun 15 2015 01: +0,13.473,27,Galil AR | Chatterbox (Field-Tested),2015-06-15,13.473,27,Galil AR | Chatterbox (Field-Tested),-0.0415787777824962,-4.1578777782496195,0.0415787777824962,False,15.19507142857143,137.35217729054756,23.0
Jun 16 2015 01: +0,13.894,27,Galil AR | Chatterbox (Field-Tested),2015-06-16,13.894,27,Galil AR | Chatterbox (Field-Tested),0.03076940949697854,3.076940949697854,0.03076940949697854,False,14.954928571428573,138.18920881499116,23.571428571428573
Jun 17 2015 01: +0,13.882,18,Galil AR | Chatterbox (Field-Tested),2015-06-17,13.882,18,Galil AR | Chatterbox (Field-Tested),-0.000864055353297269,-0.0864055353297269,0.000864055353297269,False,14.722642857142858,134.29014087195563,23.357142857142858
Jun 18 2015 01: +0,14.663,24,Galil AR | Chatterbox (Field-Tested),2015-06-18,14.663,24,Galil AR | Chatterbox (Field-Tested),0.05473427707755016,5.4734277077550155,0.05473427707755016,True,14.61592857142857,126.60283352811041,23.285714285714285
Jun 19 2015 01: +0,14.041,24,Galil AR | Chatterbox (Field-Tested),2015-06-19,14.041,24,Galil AR | Chatterbox (Field-Tested),-0.043345692862436974,-4.334569286243697,0.043345692862436974,False,14.450928571428573,127.2038457206884,22.785714285714285
Jun 20 2015 01: +0,14.182,24,Galil AR | Chatterbox (Field-Tested),2015-06-20,14.182,24,Galil AR | Chatterbox (Field-Tested),0.009991933749299686,0.9991933749299686,0.009991933749299686,False,14.352500000000001,123.92659237769175,23.071428571428573
Jun 21 2015 01: +0,14.103,16,Galil AR | Chatterbox (Field-Tested),2015-06-21,14.103,16,Galil AR | Chatterbox (Field-Tested),-0.0055860141717018,-0.55860141717018,0.0055860141717018,False,14.348785714285716,120.69335289311844,21.714285714285715
Jun 22 2015 01: +0,13.051,24,Galil AR | Chatterbox (Field-Tested),2015-06-22,13.051,24,Galil AR | Chatterbox (Field-Tested),-0.07752278152471256,-7.7522781524712565,0.07752278152471256,True,14.288928571428572,120.43055004931979,21.357142857142858
Jun 23 2015 01: +0,13.987,21,Galil AR | Chatterbox (Field-Tested),2015-06-23,13.987,21,Galil AR | Chatterbox (Field-Tested),0.06926356761177631,6.92635676117763,0.06926356761177631,True,14.18757142857143,122.97089146135838,21.428571428571427
Jun 24 2015 01: +0,14.783,18,Galil AR | Chatterbox (Field-Tested),2015-06-24,14.783,18,Galil AR | Chatterbox (Field-Tested),0.05534954512178587,5.5349545121785875,0.05534954512178587,True,14.182928571428574,124.66659493162592,21.5
Jun 25 2015 01: +0,14.184,13,Galil AR | Chatterbox (Field-Tested),2015-06-25,14.184,13,Galil AR | Chatterbox (Field-Tested),-0.04136330314704614,-4.136330314704614,0.04136330314704614,False,14.1095,124.71077194458053,20.928571428571427
Jun 26 2015 01: +0,14.423,25,Galil AR | Chatterbox (Field-Tested),2015-06-26,14.423,25,Galil AR | Chatterbox (Field-Tested),0.01670958582946635,1.670958582946635,0.01670958582946635,False,14.059857142857144,92.55350780012596,21.642857142857142
Jun 27 2015 01: +0,13.873,21,Galil AR | Chatterbox (Field-Tested),2015-06-27,13.873,21,Galil AR | Chatterbox (Field-Tested),-0.03887964950278476,-3.887964950278476,0.03887964950278476,False,14.041714285714287,93.1112217130677,21.785714285714285
Jun 28 2015 01: +0,13.833,15,Galil AR | Chatterbox (Field-Tested),2015-06-28,13.833,15,Galil AR | Chatterbox (Field-Tested),-0.002887463205910221,-0.2887463205910221,0.002887463205910221,False,14.02657142857143,93.10726312842449,21.214285714285715
Jun 29 2015 01: +0,14.276,19,Galil AR | Chatterbox (Field-Tested),2015-06-29,14.276,19,Galil AR | Chatterbox (Field-Tested),0.031522763735235604,3.15227637352356,0.031522763735235604,False,14.083928571428572,93.70510461323124,20.642857142857142
Jun 30 2015 01: +0,14.415,20,Galil AR | Chatterbox (Field-Tested),2015-06-30,14.415,20,Galil AR | Chatterbox (Field-Tested),0.009689525462451477,0.9689525462451477,0.009689525462451477,False,14.121142857142857,93.73831468547905,20.142857142857142
Jul 01 2015 01: +0,13.396,21,Galil AR | Chatterbox (Field-Tested),2015-07-01,13.396,21,Galil AR | Chatterbox (Field-Tested),-0.07331317615840728,-7.331317615840728,0.07331317615840728,True,14.086428571428574,94.30619109503789,20.357142857142858
Jul 02 2015 01: +0,14.534,25,Galil AR | Chatterbox (Field-Tested),2015-07-02,14.534,25,Galil AR | Chatterbox (Field-Tested),0.08153457726248602,8.153457726248602,0.08153457726248602,True,14.077214285714287,93.8413588614708,20.428571428571427
Jul 03 2015 01: +0,15.209,14,Galil AR | Chatterbox (Field-Tested),2015-07-03,15.209,14,Galil AR | Chatterbox (Field-Tested),0.04539662569578738,4.539662569578738,0.04539662569578738,False,14.160642857142859,95.51596384903812,19.714285714285715
Jul 04 2015 01: +0,15.575,17,Galil AR | Chatterbox (Field-Tested),2015-07-04,15.575,17,Galil AR | Chatterbox (Field-Tested),0.02377970678328517,2.3779706783285173,0.02377970678328517,False,14.260142857142856,93.88590329513184,19.214285714285715
Jul 05 2015 01: +0,15.453,23,Galil AR | Chatterbox (Field-Tested),2015-07-05,15.453,23,Galil AR | Chatterbox (Field-Tested),-0.00786390542195892,-0.786390542195892,0.00786390542195892,False,14.35657142857143,93.79059866871512,19.714285714285715
Jul 06 2015 01: +0,14.312,14,Galil AR | Chatterbox (Field-Tested),2015-07-06,14.312,14,Galil AR | Chatterbox (Field-Tested),-0.07670481304513978,-7.670481304513978,0.07670481304513978,True,14.446642857142859,95.9781365615562,19.0
Jul 07 2015 01: +0,15.037,14,Galil AR | Chatterbox (Field-Tested),2015-07-07,15.037,14,Galil AR | Chatterbox (Field-Tested),0.04941548433376504,4.941548433376504,0.04941548433376504,False,14.521642857142856,91.68387363493584,18.5
Jul 08 2015 01: +0,14.533,19,Galil AR | Chatterbox (Field-Tested),2015-07-08,14.533,19,Galil AR | Chatterbox (Field-Tested),-0.03409190489614976,-3.409190489614976,0.03409190489614976,False,14.503785714285716,92.26933637703208,18.571428571428573
Jul 09 2015 01: +0,14.038,18,Galil AR | Chatterbox (Field-Tested),2015-07-09,14.038,18,Galil AR | Chatterbox (Field-Tested),-0.03465398733580359,-3.465398733580359,0.03465398733580359,False,14.493357142857144,85.3503636685123,18.928571428571427
Jul 10 2015 01: +0,14.486,25,Galil AR | Chatterbox (Field-Tested),2015-07-10,14.486,25,Galil AR | Chatterbox (Field-Tested),0.031414727464904535,3.1414727464904537,0.031414727464904535,False,14.497857142857145,85.27202377848417,18.928571428571427
Jul 11 2015 01: +0,15.513,22,Galil AR | Chatterbox (Field-Tested),2015-07-11,15.513,22,Galil AR | Chatterbox (Field-Tested),0.0684957163090598,6.84957163090598,0.0684957163090598,True,14.615,88.25495771185297,19.0
Jul 12 2015 01: +0,14.899,23,Galil AR | Chatterbox (Field-Tested),2015-07-12,14.899,23,Galil AR | Chatterbox (Field-Tested),-0.04038428547699203,-4.038428547699203,0.04038428547699203,False,14.691142857142859,89.38728313803244,19.571428571428573
Jul 13 2015 01: +0,13.74,19,Galil AR | Chatterbox (Field-Tested),2015-07-13,13.74,19,Galil AR | Chatterbox (Field-Tested),-0.08098280981099883,-8.098280981099883,0.08098280981099883,True,14.652857142857144,90.74489419352967,19.571428571428573
Jul 14 2015 01: +0,12.785,17,Galil AR | Chatterbox (Field-Tested),2015-07-14,12.785,17,Galil AR | Chatterbox (Field-Tested),-0.07203867805105332,-7.203867805105332,0.07203867805105332,True,14.536428571428571,94.0729071964757,19.357142857142858
Jul 15 2015 01: +0,14.11,19,Galil AR | Chatterbox (Field-Tested),2015-07-15,14.11,19,Galil AR | Chatterbox (Field-Tested),0.09861115712157267,9.861115712157268,0.09861115712157267,True,14.587428571428573,99.41899983259698,19.214285714285715
Jul 16 2015 01: +0,14.391,21,Galil AR | Chatterbox (Field-Tested),2015-07-16,14.391,21,Galil AR | Chatterbox (Field-Tested),0.019719245323314063,1.9719245323314063,0.019719245323314063,False,14.577214285714287,99.08425247139073,18.928571428571427
Jul 17 2015 01: +0,12.845,23,Galil AR | Chatterbox (Field-Tested),2015-07-17,12.845,23,Galil AR | Chatterbox (Field-Tested),-0.11364838062618957,-11.364838062618956,0.11364838062618957,True,14.408357142857144,106.87898510509174,19.571428571428573
Jul 18 2015 01: +0,13.482,28,Galil AR | Chatterbox (Field-Tested),2015-07-18,13.482,28,Galil AR | Chatterbox (Field-Tested),0.048400831869400175,4.840083186940017,0.048400831869400175,False,14.258857142857142,106.47351821061699,20.357142857142858
Jul 19 2015 01: +0,13.742,15,Galil AR | Chatterbox (Field-Tested),2015-07-19,13.742,15,Galil AR | Chatterbox (Field-Tested),0.019101374177637208,1.9101374177637207,0.019101374177637208,False,14.136642857142858,105.70570334037699,19.785714285714285
Jul 20 2015 01: +0,13.512,21,Galil AR | Chatterbox (Field-Tested),2015-07-20,13.512,21,Galil AR | Chatterbox (Field-Tested),-0.016878657103385285,-1.6878657103385284,0.016878657103385285,False,14.079500000000001,105.77856224408886,20.285714285714285
Jul 21 2015 01: +0,13.155,16,Galil AR | Chatterbox (Field-Tested),2015-07-21,13.155,16,Galil AR | Chatterbox (Field-Tested),-0.02677626501324298,-2.677626501324298,0.02677626501324298,False,13.94507142857143,106.13636184502882,20.428571428571427
Jul 22 2015 01: +0,13.551,17,Galil AR | Chatterbox (Field-Tested),2015-07-22,13.551,17,Galil AR | Chatterbox (Field-Tested),0.029658430848320757,2.9658430848320756,0.029658430848320757,False,13.874928571428573,103.11944418943237,20.285714285714285
Jul 23 2015 01: +0,12.549,14,Galil AR | Chatterbox (Field-Tested),2015-07-23,12.549,14,Galil AR | Chatterbox (Field-Tested),-0.07681936421240575,-7.681936421240574,0.07681936421240575,True,13.76857142857143,103.58134488370987,20.0
Jul 24 2015 01: +0,13.443,21,Galil AR | Chatterbox (Field-Tested),2015-07-24,13.443,21,Galil AR | Chatterbox (Field-Tested),0.06881754334394458,6.881754334394458,0.06881754334394458,True,13.69407142857143,104.64736390111776,19.714285714285715
Jul 25 2015 01: +0,12.409,13,Galil AR | Chatterbox (Field-Tested),2015-07-25,12.409,13,Galil AR | Chatterbox (Field-Tested),-0.08003650867963302,-8.003650867963302,0.08003650867963302,True,13.472357142857145,107.26077882172078,19.071428571428573
Jul 26 2015 01: +0,12.451,24,Galil AR | Chatterbox (Field-Tested),2015-07-26,12.451,24,Galil AR | Chatterbox (Field-Tested),0.003378925177792998,0.3378925177792998,0.003378925177792998,False,13.297500000000001,107.03022914230812,19.142857142857142
Jul 27 2015 01: +0,12.83,17,Galil AR | Chatterbox (Field-Tested),2015-07-27,12.83,17,Galil AR | Chatterbox (Field-Tested),0.02998523765726946,2.998523765726946,0.02998523765726946,False,13.2325,106.97399855680654,19.0
Jul 28 2015 01: +0,13.359,21,Galil AR | Chatterbox (Field-Tested),2015-07-28,13.359,21,Galil AR | Chatterbox (Field-Tested),0.04040413638012988,4.040413638012988,0.04040413638012988,False,13.2735,108.0202960247467,19.285714285714285
Jul 29 2015 01: +0,13.123,21,Galil AR | Chatterbox (Field-Tested),2015-07-29,13.123,21,Galil AR | Chatterbox (Field-Tested),-0.017823899093525445,-1.7823899093525446,0.017823899093525445,False,13.203000000000001,107.51115939267062,19.428571428571427
Jul 30 2015 01: +0,13.403,17,Galil AR | Chatterbox (Field-Tested),2015-07-30,13.403,17,Galil AR | Chatterbox (Field-Tested),0.021112146582210067,2.1112146582210065,0.021112146582210067,False,13.132428571428573,107.75182694394128,19.142857142857142
Jul 31 2015 01: +0,13.031,14,Galil AR | Chatterbox (Field-Tested),2015-07-31,13.031,14,Galil AR | Chatterbox (Field-Tested),-0.028147428333590723,-2.8147428333590723,0.028147428333590723,False,13.145714285714288,105.13189509690352,18.5
Aug 01 2015 01: +0,13.294,18,Galil AR | Chatterbox (Field-Tested),2015-08-01,13.294,18,Galil AR | Chatterbox (Field-Tested),0.019981671456621233,1.9981671456621233,0.019981671456621233,False,13.132285714285715,101.1735539226257,17.785714285714285
Aug 02 2015 01: +0,12.821,23,Galil AR | Chatterbox (Field-Tested),2015-08-02,12.821,23,Galil AR | Chatterbox (Field-Tested),-0.03622835404882659,-3.622835404882659,0.03622835404882659,False,13.066500000000001,100.26398923619114,18.357142857142858
Aug 03 2015 01: +0,13.317,16,Galil AR | Chatterbox (Field-Tested),2015-08-03,13.317,16,Galil AR | Chatterbox (Field-Tested),0.03795696294944421,3.795696294944421,0.03795696294944421,False,13.05257142857143,100.90839588894526,18.0
Aug 04 2015 01: +0,13.88,17,Galil AR | Chatterbox (Field-Tested),2015-08-04,13.88,17,Galil AR | Chatterbox (Field-Tested),0.04140754055865067,4.140754055865067,0.04140754055865067,False,13.104357142857143,102.20122443046506,18.071428571428573
Aug 05 2015 01: +0,13.096,16,Galil AR | Chatterbox (Field-Tested),2015-08-05,13.096,16,Galil AR | Chatterbox (Field-Tested),-0.058142115009824656,-5.8142115009824655,0.058142115009824656,True,13.071857142857144,100.723966823553,18.0
Aug 06 2015 01: +0,14.245,11,Galil AR | Chatterbox (Field-Tested),2015-08-06,14.245,11,Galil AR | Chatterbox (Field-Tested),0.08409912788103772,8.409912788103773,0.08409912788103772,True,13.193000000000001,103.67714184247959,17.785714285714285
Aug 07 2015 01: +0,12.476,12,Galil AR | Chatterbox (Field-Tested),2015-08-07,12.476,12,Galil AR | Chatterbox (Field-Tested),-0.1325991692043147,-13.259916920431468,0.1325991692043147,True,13.123928571428573,112.82821626725013,17.142857142857142
Aug 08 2015 01: +0,13.108,25,Galil AR | Chatterbox (Field-Tested),2015-08-08,13.108,25,Galil AR | Chatterbox (Field-Tested),0.04941593209101132,4.941593209101132,0.04941593209101132,False,13.173857142857145,113.86136530901436,18.0
Aug 09 2015 01: +0,12.473,17,Galil AR | Chatterbox (Field-Tested),2015-08-09,12.473,17,Galil AR | Chatterbox (Field-Tested),-0.049656422692996124,-4.965642269299613,0.049656422692996124,False,13.175428571428572,114.35183585762462,17.5
Aug 10 2015 01: +0,12.242,23,Galil AR | Chatterbox (Field-Tested),2015-08-10,12.242,23,Galil AR | Chatterbox (Field-Tested),-0.01869364571469393,-1.8693645714693932,0.01869364571469393,False,13.133428571428572,111.30351154554224,17.928571428571427
Aug 11 2015 01: +0,13.288,26,Galil AR | Chatterbox (Field-Tested),2015-08-11,13.288,26,Galil AR | Chatterbox (Field-Tested),0.08198870988211558,8.198870988211558,0.08198870988211558,True,13.128357142857142,114.93300289896105,18.285714285714285
Aug 12 2015 01: +0,13.948,14,Galil AR | Chatterbox (Field-Tested),2015-08-12,13.948,14,Galil AR | Chatterbox (Field-Tested),0.0484747565024109,4.84747565024109,0.0484747565024109,False,13.187285714285716,112.84461259460214,17.785714285714285
Aug 13 2015 01: +0,12.126,12,Galil AR | Chatterbox (Field-Tested),2015-08-13,12.126,12,Galil AR | Chatterbox (Field-Tested),-0.13998422116386589,-13.998422116386589,0.13998422116386589,True,13.096071428571431,120.56647293157346,17.428571428571427
Aug 14 2015 01: +0,12.234,18,Galil AR | Chatterbox (Field-Tested),2015-08-14,12.234,18,Galil AR | Chatterbox (Field-Tested),0.008867053170834157,0.8867053170834157,0.008867053170834157,False,13.03914285714286,115.10267984381277,17.714285714285715
Aug 15 2015 01: +0,12.286,25,Galil AR | Chatterbox (Field-Tested),2015-08-15,12.286,25,Galil AR | Chatterbox (Field-Tested),0.0042414419213624415,0.42414419213624416,0.0042414419213624415,False,12.967142857142859,114.81470610100308,18.214285714285715
Aug 16 2015 01: +0,11.529,23,Galil AR | Chatterbox (Field-Tested),2015-08-16,11.529,23,Galil AR | Chatterbox (Field-Tested),-0.06359480249091912,-6.359480249091912,0.06359480249091912,True,12.874857142857143,110.09867893975516,18.214285714285715
Aug 17 2015 01: +0,12.818,24,Galil AR | Chatterbox (Field-Tested),2015-08-17,12.818,24,Galil AR | Chatterbox (Field-Tested),0.1059848328312186,10.59848328312186,0.1059848328312186,True,12.839214285714288,115.23439366978093,18.785714285714285
Aug 18 2015 01: +0,12.177,17,Galil AR | Chatterbox (Field-Tested),2015-08-18,12.177,17,Galil AR | Chatterbox (Field-Tested),-0.0513015065571647,-5.13015065571647,0.0513015065571647,True,12.717571428571429,116.24827986816442,18.785714285714285
Aug 19 2015 01: +0,11.829,16,Galil AR | Chatterbox (Field-Tested),2015-08-19,11.829,16,Galil AR | Chatterbox (Field-Tested),-0.028994782961270463,-2.899478296127046,0.028994782961270463,False,12.627071428571428,116.49338989740534,18.785714285714285
Aug 20 2015 01: +0,11.56,31,Galil AR | Chatterbox (Field-Tested),2015-08-20,11.56,31,Galil AR | Chatterbox (Field-Tested),-0.023003280319368446,-2.3003280319368447,0.023003280319368446,False,12.435285714285715,116.40971779534854,20.214285714285715
Aug 21 2015 01: +0,12.253,21,Galil AR | Chatterbox (Field-Tested),2015-08-21,12.253,21,Galil AR | Chatterbox (Field-Tested),0.05821994172307796,5.821994172307797,0.05821994172307796,True,12.419357142857146,117.87570412227069,20.857142857142858
Aug 22 2015 01: +0,13.465,26,Galil AR | Chatterbox (Field-Tested),2015-08-22,13.465,26,Galil AR | Chatterbox (Field-Tested),0.09432292129625268,9.432292129625267,0.09432292129625268,True,12.444857142857146,119.55510956958844,20.928571428571427
Aug 23 2015 01: +0,13.504,22,Galil AR | Chatterbox (Field-Tested),2015-08-23,13.504,22,Galil AR | Chatterbox (Field-Tested),0.0028922115900390554,0.28922115900390555,0.0028922115900390554,False,12.518500000000001,117.128779077213,21.285714285714285
Aug 24 2015 01: +0,12.652,15,Galil AR | Chatterbox (Field-Tested),2015-08-24,12.652,15,Galil AR | Chatterbox (Field-Tested),-0.06517063241019891,-6.5170632410198905,0.06517063241019891,True,12.547785714285714,115.95675564856481,20.714285714285715
Aug 25 2015 01: +0,13.57,15,Galil AR | Chatterbox (Field-Tested),2015-08-25,13.57,15,Galil AR | Chatterbox (Field-Tested),0.07004616840337549,7.004616840337549,0.07004616840337549,True,12.567928571428572,118.45917068425271,19.928571428571427
Aug 26 2015 01: +0,13.938,23,Galil AR | Chatterbox (Field-Tested),2015-08-26,13.938,23,Galil AR | Chatterbox (Field-Tested),0.026757449169549332,2.675744916954933,0.026757449169549332,False,12.567214285714286,118.37149228360646,20.571428571428573
Aug 27 2015 01: +0,12.981,15,Galil AR | Chatterbox (Field-Tested),2015-08-27,12.981,15,Galil AR | Chatterbox (Field-Tested),-0.07113217310546967,-7.1132173105469665,0.07113217310546967,True,12.628285714285715,120.28510055469286,20.785714285714285
Aug 28 2015 01: +0,13.397,20,Galil AR | Chatterbox (Field-Tested),2015-08-28,13.397,20,Galil AR | Chatterbox (Field-Tested),0.031544051383991294,3.154405138399129,0.031544051383991294,False,12.711357142857143,120.6458509962959,20.928571428571427
Aug 29 2015 01: +0,13.252,23,Galil AR | Chatterbox (Field-Tested),2015-08-29,13.252,23,Galil AR | Chatterbox (Field-Tested),-0.010882316857199377,-1.0882316857199377,0.010882316857199377,False,12.780357142857143,120.48020547321666,20.785714285714285
Aug 30 2015 01: +0,13.955,26,Galil AR | Chatterbox (Field-Tested),2015-08-30,13.955,26,Galil AR | Chatterbox (Field-Tested),0.05168938255063602,5.168938255063602,0.05168938255063602,True,12.953642857142858,121.37910990161589,21.0
Aug 31 2015 01: +0,13.889,12,Galil AR | Chatterbox (Field-Tested),2015-08-31,13.889,12,Galil AR | Chatterbox (Field-Tested),-0.004740707054203636,-0.47407070542036356,0.004740707054203636,False,13.030142857142858,121.23164296336742,20.142857142857142
Sep 01 2015 01: +0,13.353,15,Galil AR | Chatterbox (Field-Tested),2015-09-01,13.353,15,Galil AR | Chatterbox (Field-Tested),-0.039356081232254966,-3.9356081232254967,0.039356081232254966,False,13.114142857142857,121.35886466410639,20.0
Sep 02 2015 01: +0,13.588,16,Galil AR | Chatterbox (Field-Tested),2015-09-02,13.588,16,Galil AR | Chatterbox (Field-Tested),0.017445971596510488,1.7445971596510488,0.017445971596510488,False,13.239785714285714,120.78981916090406,20.0
Sep 03 2015 01: +0,14.087,17,Galil AR | Chatterbox (Field-Tested),2015-09-03,14.087,17,Galil AR | Chatterbox (Field-Tested),0.03606533597983239,3.606533597983239,0.03606533597983239,False,13.420285714285715,120.57724674123291,19.0
Sep 04 2015 01: +0,14.645,14,Galil AR | Chatterbox (Field-Tested),2015-09-04,14.645,14,Galil AR | Chatterbox (Field-Tested),0.03884659400152705,3.884659400152705,0.03884659400152705,False,13.591142857142858,119.38096822980138,18.5
Sep 05 2015 01: +0,12.639,33,Galil AR | Chatterbox (Field-Tested),2015-09-05,12.639,33,Galil AR | Chatterbox (Field-Tested),-0.1473117086147077,-14.731170861470769,0.1473117086147077,True,13.532142857142858,126.82798195455317,19.0
Sep 06 2015 01: +0,14.028,14,Galil AR | Chatterbox (Field-Tested),2015-09-06,14.028,14,Galil AR | Chatterbox (Field-Tested),0.10426806061294258,10.426806061294258,0.10426806061294258,True,13.56957142857143,123.46282179947205,18.428571428571427
Sep 07 2015 01: +0,12.883,16,Galil AR | Chatterbox (Field-Tested),2015-09-07,12.883,16,Galil AR | Chatterbox (Field-Tested),-0.08514671946854409,-8.514671946854408,0.08514671946854409,True,13.58607142857143,126.11357709058733,18.5
Sep 08 2015 01: +0,13.818,12,Galil AR | Chatterbox (Field-Tested),2015-09-08,13.818,12,Galil AR | Chatterbox (Field-Tested),0.07006347725721553,7.006347725721553,0.07006347725721553,True,13.603785714285715,127.15892627898012,18.285714285714285
Sep 09 2015 01: +0,13.09,16,Galil AR | Chatterbox (Field-Tested),2015-09-09,13.09,16,Galil AR | Chatterbox (Field-Tested),-0.054123510144794516,-5.4123510144794515,0.054123510144794516,True,13.543214285714285,128.527357616977,17.785714285714285
Sep 10 2015 01: +0,13.67,18,Galil AR | Chatterbox (Field-Tested),2015-09-10,13.67,18,Galil AR | Chatterbox (Field-Tested),0.04335507081404956,4.335507081404956,0.04335507081404956,False,13.592428571428572,126.19526862289206,18.0
Sep 11 2015 01: +0,12.655,17,Galil AR | Chatterbox (Field-Tested),2015-09-11,12.655,17,Galil AR | Chatterbox (Field-Tested),-0.07715125673877081,-7.715125673877081,0.07715125673877081,True,13.539428571428573,127.83712304766483,17.785714285714285
Sep 12 2015 01: +0,12.524,23,Galil AR | Chatterbox (Field-Tested),2015-09-12,12.524,23,Galil AR | Chatterbox (Field-Tested),-0.010405590532928107,-1.0405590532928106,0.010405590532928107,False,13.487428571428572,118.00401505434452,17.785714285714285
Sep 13 2015 01: +0,12.948,23,Galil AR | Chatterbox (Field-Tested),2015-09-13,12.948,23,Galil AR | Chatterbox (Field-Tested),0.033294532599838805,3.3294532599838806,0.033294532599838805,False,13.4155,118.5135026371092,17.571428571428573
Sep 14 2015 01: +0,12.602,19,Galil AR | Chatterbox (Field-Tested),2015-09-14,12.602,19,Galil AR | Chatterbox (Field-Tested),-0.027085804544134156,-2.7085804544134158,0.027085804544134156,False,13.323571428571428,118.93828801796722,18.071428571428573
Sep 15 2015 01: +0,12.474,16,Galil AR | Chatterbox (Field-Tested),2015-09-15,12.474,16,Galil AR | Chatterbox (Field-Tested),-0.010209053415932888,-1.0209053415932887,0.010209053415932888,False,13.260785714285715,116.73507478576855,18.142857142857142
Sep 16 2015 01: +0,14.087,19,Galil AR | Chatterbox (Field-Tested),2015-09-16,14.087,19,Galil AR | Chatterbox (Field-Tested),0.12160590817423882,12.160590817423882,0.12160590817423882,True,13.296428571428573,118.58833925347302,18.357142857142858
Sep 17 2015 01: +0,14.431,19,Galil AR | Chatterbox (Field-Tested),2015-09-17,14.431,19,Galil AR | Chatterbox (Field-Tested),0.024126284175770833,2.4126284175770834,0.024126284175770833,False,13.321000000000002,117.13919152810051,18.5
Sep 18 2015 01: +0,13.13,21,Galil AR | Chatterbox (Field-Tested),2015-09-18,13.13,21,Galil AR | Chatterbox (Field-Tested),-0.09447898213923582,-9.447898213923581,0.09447898213923582,True,13.212785714285715,121.71517151635354,19.0
Sep 19 2015 01: +0,11.523,30,Galil AR | Chatterbox (Field-Tested),2015-09-19,11.523,30,Galil AR | Chatterbox (Field-Tested),-0.13055465028282753,-13.055465028282754,0.13055465028282753,True,13.13307142857143,130.1494428699878,18.785714285714285
Sep 20 2015 01: +0,11.72,33,Galil AR | Chatterbox (Field-Tested),2015-09-20,11.72,33,Galil AR | Chatterbox (Field-Tested),0.016951746116989214,1.6951746116989215,0.016951746116989214,False,12.968214285714286,128.6086041017168,20.142857142857142
Sep 21 2015 01: +0,10.568,22,Galil AR | Chatterbox (Field-Tested),2015-09-21,10.568,22,Galil AR | Chatterbox (Field-Tested),-0.10346621692884243,-10.346621692884243,0.10346621692884243,True,12.802857142857144,128.5684707708859,20.571428571428573
Sep 22 2015 01: +0,11.768,20,Galil AR | Chatterbox (Field-Tested),2015-09-22,11.768,20,Galil AR | Chatterbox (Field-Tested),0.10755341607911233,10.755341607911232,0.10755341607911233,True,12.656428571428572,134.72763414881848,21.142857142857142
Sep 23 2015 01: +0,11.575,17,Galil AR | Chatterbox (Field-Tested),2015-09-23,11.575,17,Galil AR | Chatterbox (Field-Tested),-0.01653638332683876,-1.653638332683876,0.01653638332683876,False,12.548214285714286,133.03239890049443,21.214285714285715
Sep 24 2015 01: +0,12.422,14,Galil AR | Chatterbox (Field-Tested),2015-09-24,12.422,14,Galil AR | Chatterbox (Field-Tested),0.07062149416481364,7.062149416481364,0.07062149416481364,True,12.45907142857143,133.07228576457746,20.928571428571427
Sep 25 2015 01: +0,11.971,17,Galil AR | Chatterbox (Field-Tested),2015-09-25,11.971,17,Galil AR | Chatterbox (Field-Tested),-0.036982035867878425,-3.6982035867878427,0.036982035867878425,False,12.410214285714288,133.1387980134953,20.928571428571427
Sep 26 2015 01: +0,12.852,15,Galil AR | Chatterbox (Field-Tested),2015-09-26,12.852,15,Galil AR | Chatterbox (Field-Tested),0.07101238298437913,7.101238298437913,0.07101238298437913,True,12.433642857142859,133.49335852638623,20.357142857142858
Sep 27 2015 01: +0,11.404,23,Galil AR | Chatterbox (Field-Tested),2015-09-27,11.404,23,Galil AR | Chatterbox (Field-Tested),-0.11953527020318648,-11.953527020318647,0.11953527020318648,True,12.323357142857144,139.23082612981327,20.357142857142858
Sep 28 2015 01: +0,12.907,15,Galil AR | Chatterbox (Field-Tested),2015-09-28,12.907,15,Galil AR | Chatterbox (Field-Tested),0.12380562880262502,12.380562880262502,0.12380562880262502,True,12.345142857142857,146.30594780466635,20.071428571428573
Sep 29 2015 01: +0,12.723,16,Galil AR | Chatterbox (Field-Tested),2015-09-29,12.723,16,Galil AR | Chatterbox (Field-Tested),-0.014358420692487278,-1.4358420692487277,0.014358420692487278,False,12.362928571428572,145.128152848648,20.071428571428573
Sep 30 2015 01: +0,12.457,10,Galil AR | Chatterbox (Field-Tested),2015-09-30,12.457,10,Galil AR | Chatterbox (Field-Tested),-0.021128665256607716,-2.1128665256607717,0.021128665256607716,False,12.246500000000001,145.2642535497602,19.428571428571427
Oct 01 2015 01: +0,12.628,14,Galil AR | Chatterbox (Field-Tested),2015-10-01,12.628,14,Galil AR | Chatterbox (Field-Tested),0.013633856791789556,1.3633856791789556,0.013633856791789556,False,12.117714285714287,144.79900731783374,19.071428571428573
Oct 02 2015 01: +0,12.853,18,Galil AR | Chatterbox (Field-Tested),2015-10-02,12.853,18,Galil AR | Chatterbox (Field-Tested),0.017660676432249483,1.7660676432249482,0.017660676432249483,False,12.097928571428572,144.80262977949263,18.857142857142858
Oct 03 2015 01: +0,12.126,21,Galil AR | Chatterbox (Field-Tested),2015-10-03,12.126,21,Galil AR | Chatterbox (Field-Tested),-0.05822533947845581,-5.822533947845581,0.05822533947845581,True,12.141000000000002,145.4286451141318,18.214285714285715
Oct 04 2015 01: +0,10.971,13,Galil AR | Chatterbox (Field-Tested),2015-10-04,10.971,13,Galil AR | Chatterbox (Field-Tested),-0.1000964798141851,-10.00964798141851,0.1000964798141851,True,12.087500000000002,148.20544719234107,16.785714285714285
Oct 05 2015 01: +0,11.534,12,Galil AR | Chatterbox (Field-Tested),2015-10-05,11.534,12,Galil AR | Chatterbox (Field-Tested),0.05004376735786712,5.004376735786712,0.05004376735786712,True,12.1565,140.9385327146244,16.071428571428573
Oct 06 2015 01: +0,11.478,17,Galil AR | Chatterbox (Field-Tested),2015-10-06,11.478,17,Galil AR | Chatterbox (Field-Tested),-0.004867035507050108,-0.4867035507050108,0.004867035507050108,False,12.135785714285715,135.515876940239,15.857142857142858
Oct 07 2015 01: +0,11.543,11,Galil AR | Chatterbox (Field-Tested),2015-10-07,11.543,11,Galil AR | Chatterbox (Field-Tested),0.005647032946604321,0.5647032946604321,0.005647032946604321,False,12.133500000000002,132.5681995279867,15.428571428571429
Oct 08 2015 01: +0,11.424,18,Galil AR | Chatterbox (Field-Tested),2015-10-08,11.424,18,Galil AR | Chatterbox (Field-Tested),-0.010362787035546547,-1.0362787035546546,0.010362787035546547,False,12.062214285714289,129.87973470245913,15.714285714285714
Oct 09 2015 01: +0,11.32,18,Galil AR | Chatterbox (Field-Tested),2015-10-09,11.32,18,Galil AR | Chatterbox (Field-Tested),-0.009145332822191665,-0.9145332822191664,0.009145332822191665,False,12.015714285714287,128.73963360194756,15.785714285714286
Oct 10 2015 01: +0,11.586,25,Galil AR | Chatterbox (Field-Tested),2015-10-10,11.586,25,Galil AR | Chatterbox (Field-Tested),0.02322639989939559,2.322639989939559,0.02322639989939559,False,11.925285714285716,127.98037653431378,16.5
Oct 11 2015 01: +0,12.206,17,Galil AR | Chatterbox (Field-Tested),2015-10-11,12.206,17,Galil AR | Chatterbox (Field-Tested),0.052130161447870846,5.213016144787084,0.052130161447870846,True,11.98257142857143,126.81147711217811,16.071428571428573
Oct 12 2015 01: +0,12.573,12,Galil AR | Chatterbox (Field-Tested),2015-10-12,12.573,12,Galil AR | Chatterbox (Field-Tested),0.029624023488741068,2.962402348874107,0.029624023488741068,False,11.958714285714288,127.2139467629542,15.857142857142858
Oct 13 2015 01: +0,12.267,13,Galil AR | Chatterbox (Field-Tested),2015-10-13,12.267,13,Galil AR | Chatterbox (Field-Tested),-0.024638927560429326,-2.4638927560429327,0.024638927560429326,False,11.926142857142858,126.91765848982367,15.642857142857142
Oct 14 2015 01: +0,11.848,19,Galil AR | Chatterbox (Field-Tested),2015-10-14,11.848,19,Galil AR | Chatterbox (Field-Tested),-0.03475365308511721,-3.4753653085117207,0.03475365308511721,False,11.882642857142857,127.13791691075296,16.285714285714285
Oct 15 2015 01: +0,11.21,20,Galil AR | Chatterbox (Field-Tested),2015-10-15,11.21,20,Galil AR | Chatterbox (Field-Tested),-0.055352839881429104,-5.53528398814291,0.055352839881429104,True,11.781357142857145,128.47040582191534,16.714285714285715
Oct 16 2015 01: +0,11.631,16,Galil AR | Chatterbox (Field-Tested),2015-10-16,11.631,16,Galil AR | Chatterbox (Field-Tested),0.03686771027283307,3.6867710272833065,0.03686771027283307,False,11.69407142857143,121.27811620091646,16.571428571428573
Oct 17 2015 01: +0,12.368,16,Galil AR | Chatterbox (Field-Tested),2015-10-17,12.368,16,Galil AR | Chatterbox (Field-Tested),0.06143854448816446,6.1438544488164455,0.06143854448816446,True,11.711357142857143,123.14361277431551,16.214285714285715
Oct 18 2015 01: +0,10.888,20,Galil AR | Chatterbox (Field-Tested),2015-10-18,10.888,20,Galil AR | Chatterbox (Field-Tested),-0.12745122649590124,-12.745122649590124,0.12745122649590124,True,11.705428571428572,126.64165494009463,16.714285714285715
Oct 19 2015 01: +0,12.411,20,Galil AR | Chatterbox (Field-Tested),2015-10-19,12.411,20,Galil AR | Chatterbox (Field-Tested),0.13092191079821916,13.092191079821916,0.13092191079821916,True,11.76807142857143,127.17765740613778,17.285714285714285
Oct 20 2015 01: +0,11.851,15,Galil AR | Chatterbox (Field-Tested),2015-10-20,11.851,15,Galil AR | Chatterbox (Field-Tested),-0.04617092394107242,-4.6170923941072415,0.04617092394107242,False,11.794714285714287,128.17526816958258,17.142857142857142
Oct 21 2015 01: +0,10.847,14,Galil AR | Chatterbox (Field-Tested),2015-10-21,10.847,14,Galil AR | Chatterbox (Field-Tested),-0.08852370814823125,-8.852370814823125,0.08852370814823125,True,11.745000000000003,126.74973162686574,17.357142857142858
Oct 22 2015 01: +0,9.922,17,Galil AR | Chatterbox (Field-Tested),2015-10-22,9.922,17,Galil AR | Chatterbox (Field-Tested),-0.08913403017922324,-8.913403017922324,0.08913403017922324,True,11.637714285714287,124.45969480532693,17.285714285714285
Oct 23 2015 01: +0,9.889,23,Galil AR | Chatterbox (Field-Tested),2015-10-23,9.889,23,Galil AR | Chatterbox (Field-Tested),-0.0033314855910034683,-0.33314855910034685,0.0033314855910034683,False,11.5355,124.40003804155111,17.642857142857142
Oct 24 2015 01: +0,11.465,23,Galil AR | Chatterbox (Field-Tested),2015-10-24,11.465,23,Galil AR | Chatterbox (Field-Tested),0.14787588802201404,14.787588802201403,0.14787588802201404,True,11.526857142857143,132.95455633256225,17.5
Oct 25 2015 01: +0,10.805,20,Galil AR | Chatterbox (Field-Tested),2015-10-25,10.805,20,Galil AR | Chatterbox (Field-Tested),-0.05928992635101845,-5.928992635101845,0.05928992635101845,True,11.426785714285716,133.90341423677333,17.714285714285715
Oct 26 2015 01: +0,10.035,20,Galil AR | Chatterbox (Field-Tested),2015-10-26,10.035,20,Galil AR | Chatterbox (Field-Tested),-0.07393000771054775,-7.393000771054775,0.07393000771054775,True,11.245500000000002,133.30633695111945,18.285714285714285
Oct 27 2015 01: +0,9.608,33,Galil AR | Chatterbox (Field-Tested),2015-10-27,9.608,33,Galil AR | Chatterbox (Field-Tested),-0.04348289747061897,-4.348289747061897,0.04348289747061897,False,11.05557142857143,127.84277371386369,19.714285714285715
Oct 28 2015 01: +0,11.148,14,Galil AR | Chatterbox (Field-Tested),2015-10-28,11.148,14,Galil AR | Chatterbox (Field-Tested),0.14866402484201935,14.866402484201934,0.14866402484201935,True,11.005571428571429,131.26084840034054,19.357142857142858
Oct 29 2015 01: +0,9.567,17,Galil AR | Chatterbox (Field-Tested),2015-10-29,9.567,17,Galil AR | Chatterbox (Field-Tested),-0.15294043292367146,-15.294043292367146,0.15294043292367146,True,10.888214285714286,141.05508616168146,19.142857142857142
Oct 30 2015 01: +0,10.255,25,Galil AR | Chatterbox (Field-Tested),2015-10-30,10.255,25,Galil AR | Chatterbox (Field-Tested),0.06944571482831376,6.944571482831376,0.06944571482831376,True,10.789928571428574,143.6300641845896,19.785714285714285
Oct 31 2015 01: +0,11.953,22,Galil AR | Chatterbox (Field-Tested),2015-10-31,11.953,22,Galil AR | Chatterbox (Field-Tested),0.1532169013714999,15.32169013714999,0.1532169013714999,True,10.760285714285715,153.970598609528,20.214285714285715
Nov 01 2015 01: +0,11.442,13,Galil AR | Chatterbox (Field-Tested),2015-11-01,11.442,13,Galil AR | Chatterbox (Field-Tested),-0.04369149704950686,-4.3691497049506856,0.04369149704950686,False,10.799857142857146,154.47938768161413,19.714285714285715
Nov 02 2015 01: +0,11.074,20,Galil AR | Chatterbox (Field-Tested),2015-11-02,11.074,20,Galil AR | Chatterbox (Field-Tested),-0.03269077744556165,-3.2690777445561645,0.03269077744556165,False,10.704357142857145,153.60296733098943,19.714285714285715
Nov 03 2015 01: +0,10.328,10,Galil AR | Chatterbox (Field-Tested),2015-11-03,10.328,10,Galil AR | Chatterbox (Field-Tested),-0.06974136485643415,-6.974136485643415,0.06974136485643415,True,10.595571428571429,151.53958354746254,19.357142857142858
Nov 04 2015 01: +0,10.208,14,Galil AR | Chatterbox (Field-Tested),2015-11-04,10.208,14,Galil AR | Chatterbox (Field-Tested),-0.011686926941907224,-1.1686926941907225,0.011686926941907224,False,10.549928571428572,150.3960066697871,19.357142857142858
Nov 05 2015 01: +0,10.619,20,Galil AR | Chatterbox (Field-Tested),2015-11-05,10.619,20,Galil AR | Chatterbox (Field-Tested),0.039473122819274384,3.9473122819274384,0.039473122819274384,False,10.599714285714287,151.15976860856404,19.571428571428573
Nov 06 2015 01: +0,10.905,20,Galil AR | Chatterbox (Field-Tested),2015-11-06,10.905,20,Galil AR | Chatterbox (Field-Tested),0.026576550231883822,2.657655023188382,0.026576550231883822,False,10.672285714285715,151.47931520129433,19.357142857142858
Nov 07 2015 01: +0,11.399,21,Galil AR | Chatterbox (Field-Tested),2015-11-07,11.399,21,Galil AR | Chatterbox (Field-Tested),0.04430423260104903,4.430423260104903,0.04430423260104903,False,10.66757142857143,152.2926787124605,19.214285714285715
Nov 08 2015 01: +0,11.078,13,Galil AR | Chatterbox (Field-Tested),2015-11-08,11.078,13,Galil AR | Chatterbox (Field-Tested),-0.0285644726437293,-2.85644726437293,0.0285644726437293,False,10.687071428571429,152.58862574101596,18.714285714285715
Nov 09 2015 01: +0,10.626,18,Galil AR | Chatterbox (Field-Tested),2015-11-09,10.626,18,Galil AR | Chatterbox (Field-Tested),-0.0416573315821607,-4.16573315821607,0.0416573315821607,False,10.729285714285714,152.98488764053792,18.571428571428573
Nov 10 2015 01: +0,9.923,5,Galil AR | Chatterbox (Field-Tested),2015-11-10,9.923,5,Galil AR | Chatterbox (Field-Tested),-0.06844853309664695,-6.844853309664694,0.06844853309664695,True,10.751785714285715,153.30857792035232,16.571428571428573
Nov 11 2015 01: +0,9.919,23,Galil AR | Chatterbox (Field-Tested),2015-11-11,9.919,23,Galil AR | Chatterbox (Field-Tested),-0.00040318516824771114,-0.04031851682477111,0.00040318516824771114,False,10.664,152.76495359078757,17.214285714285715
Nov 12 2015 01: +0,10.18,12,Galil AR | Chatterbox (Field-Tested),2015-11-12,10.18,12,Galil AR | Chatterbox (Field-Tested),0.025972901358519894,2.5972901358519893,0.025972901358519894,False,10.707785714285716,153.08681147373153,16.857142857142858
Nov 13 2015 01: +0,10.981,15,Galil AR | Chatterbox (Field-Tested),2015-11-13,10.981,15,Galil AR | Chatterbox (Field-Tested),0.07574149549319956,7.574149549319956,0.07574149549319956,True,10.759642857142856,155.329566554362,16.142857142857142
Nov 14 2015 01: +0,10.442,18,Galil AR | Chatterbox (Field-Tested),2015-11-14,10.442,18,Galil AR | Chatterbox (Field-Tested),-0.05033037162721558,-5.033037162721557,0.05033037162721558,True,10.651714285714288,155.1243518500521,15.857142857142858
Nov 15 2015 01: +0,11.264,19,Galil AR | Chatterbox (Field-Tested),2015-11-15,11.264,19,Galil AR | Chatterbox (Field-Tested),0.07577566442732599,7.577566442732599,0.07577566442732599,True,10.639000000000001,156.94585554848268,16.285714285714285
Nov 16 2015 01: +0,10.487,11,Galil AR | Chatterbox (Field-Tested),2015-11-16,10.487,11,Galil AR | Chatterbox (Field-Tested),-0.0714754045634185,-7.14754045634185,0.0714754045634185,True,10.597071428571429,157.13062242718775,15.642857142857142
Nov 17 2015 01: +0,10.636,10,Galil AR | Chatterbox (Field-Tested),2015-11-17,10.636,10,Galil AR | Chatterbox (Field-Tested),0.014108078528505213,1.4108078528505212,0.014108078528505213,False,10.619071428571429,150.9386956578132,15.642857142857142
Nov 18 2015 01: +0,11.314,14,Galil AR | Chatterbox (Field-Tested),2015-11-18,11.314,14,Galil AR | Chatterbox (Field-Tested),0.061796423540190694,6.1796423540190695,0.061796423540190694,True,10.698071428571428,145.16252196894294,15.642857142857142
Nov 19 2015 01: +0,10.361,10,Galil AR | Chatterbox (Field-Tested),2015-11-19,10.361,10,Galil AR | Chatterbox (Field-Tested),-0.08799213965134922,-8.799213965134921,0.08799213965134922,True,10.679642857142857,147.43995513768343,14.928571428571429
Nov 20 2015 01: +0,10.391,11,Galil AR | Chatterbox (Field-Tested),2015-11-20,10.391,11,Galil AR | Chatterbox (Field-Tested),0.0028912896008949115,0.2891289600894911,0.0028912896008949115,False,10.642928571428572,144.2958220938362,14.285714285714286
Nov 21 2015 01: +0,10.659,17,Galil AR | Chatterbox (Field-Tested),2015-11-21,10.659,17,Galil AR | Chatterbox (Field-Tested),0.02546455883649009,2.546455883649009,0.02546455883649009,False,10.590071428571429,141.02886562774293,14.0
Nov 22 2015 01: +0,11.491,11,Galil AR | Chatterbox (Field-Tested),2015-11-22,11.491,11,Galil AR | Chatterbox (Field-Tested),0.0751595145684969,7.51595145684969,0.0751595145684969,True,10.61957142857143,143.26791950105314,13.857142857142858
Nov 23 2015 01: +0,11.009,15,Galil AR | Chatterbox (Field-Tested),2015-11-23,11.009,15,Galil AR | Chatterbox (Field-Tested),-0.04285100018723049,-4.285100018723049,0.04285100018723049,False,10.646928571428573,134.50727995274318,13.642857142857142
Nov 24 2015 01: +0,11.052,11,Galil AR | Chatterbox (Field-Tested),2015-11-24,11.052,11,Galil AR | Chatterbox (Field-Tested),0.0038982869729038755,0.38982869729038755,0.0038982869729038755,False,10.727571428571432,132.87756050773885,14.071428571428571
Nov 25 2015 01: +0,10.679,22,Galil AR | Chatterbox (Field-Tested),2015-11-25,10.679,22,Galil AR | Chatterbox (Field-Tested),-0.03433221087176186,-3.433221087176186,0.03433221087176186,False,10.781857142857143,130.77765148158613,14.0
Nov 26 2015 01: +0,10.379,19,Galil AR | Chatterbox (Field-Tested),2015-11-26,10.379,19,Galil AR | Chatterbox (Field-Tested),-0.028494662206256325,-2.8494662206256325,0.028494662206256325,False,10.796071428571429,130.22383439719124,14.5
Nov 27 2015 01: +0,10.653,13,Galil AR | Chatterbox (Field-Tested),2015-11-27,10.653,13,Galil AR | Chatterbox (Field-Tested),0.026057008645908732,2.6057008645908732,0.026057008645908732,False,10.772642857142857,119.49212812832471,14.357142857142858
Nov 28 2015 01: +0,9.301,22,Galil AR | Chatterbox (Field-Tested),2015-11-28,9.301,22,Galil AR | Chatterbox (Field-Tested),-0.1357196213687307,-13.57196213687307,0.1357196213687307,True,10.691142857142856,116.86758307296623,14.642857142857142
Nov 29 2015 01: +0,9.532,13,Galil AR | Chatterbox (Field-Tested),2015-11-29,9.532,13,Galil AR | Chatterbox (Field-Tested),0.024532637976165814,2.4532637976165814,0.024532637976165814,False,10.567428571428573,114.48884995076658,14.214285714285714
Nov 30 2015 01: +0,9.13,14,Galil AR | Chatterbox (Field-Tested),2015-11-30,9.13,14,Galil AR | Chatterbox (Field-Tested),-0.04308886462961849,-4.308886462961849,0.04308886462961849,False,10.470500000000001,100.52171161825873,14.428571428571429
Dec 01 2015 01: +0,8.7,23,Galil AR | Chatterbox (Field-Tested),2015-12-01,8.7,23,Galil AR | Chatterbox (Field-Tested),-0.04824266894633919,-4.824266894633919,0.04824266894633919,False,10.332214285714288,100.73182639037003,15.357142857142858
Dec 02 2015 01: +0,9.65,11,Galil AR | Chatterbox (Field-Tested),2015-12-02,9.65,11,Galil AR | Chatterbox (Field-Tested),0.10363488969035656,10.363488969035656,0.10363488969035656,True,10.213357142857145,107.70140597697176,15.142857142857142
Dec 03 2015 01: +0,9.814,23,Galil AR | Chatterbox (Field-Tested),2015-12-03,9.814,23,Galil AR | Chatterbox (Field-Tested),0.01685202231681704,1.685202231681704,0.01685202231681704,False,10.174285714285716,105.31719486325817,16.071428571428573
Dec 04 2015 01: +0,10.992,16,Galil AR | Chatterbox (Field-Tested),2015-12-04,10.992,16,Galil AR | Chatterbox (Field-Tested),0.113357797812282,11.3357797812282,0.113357797812282,True,10.217214285714288,112.60465655601905,16.428571428571427
Dec 05 2015 01: +0,10.026,17,Galil AR | Chatterbox (Field-Tested),2015-12-05,10.026,17,Galil AR | Chatterbox (Field-Tested),-0.09198601663868194,-9.198601663868194,0.09198601663868194,True,10.172,116.43792576479703,16.428571428571427
Dec 06 2015 01: +0,11.592,16,Galil AR | Chatterbox (Field-Tested),2015-12-06,11.592,16,Galil AR | Chatterbox (Field-Tested),0.1451334861770696,14.513348617706958,0.1451334861770696,True,10.179214285714286,126.95751710801737,16.785714285714285
Dec 07 2015 01: +0,11.493,9,Galil AR | Chatterbox (Field-Tested),2015-12-07,11.493,9,Galil AR | Chatterbox (Field-Tested),-0.008577050631759607,-0.8577050631759607,0.008577050631759607,False,10.213785714285715,126.07853196096264,16.357142857142858
Dec 08 2015 01: +0,12.263,11,Galil AR | Chatterbox (Field-Tested),2015-12-08,12.263,11,Galil AR | Chatterbox (Field-Tested),0.06484844439326733,6.484844439326733,0.06484844439326733,True,10.300285714285716,127.59054058006069,16.357142857142858
Dec 09 2015 01: +0,11.144,7,Galil AR | Chatterbox (Field-Tested),2015-12-09,11.144,7,Galil AR | Chatterbox (Field-Tested),-0.09568536230238443,-9.568536230238443,0.09568536230238443,True,10.3335,131.32825878729417,15.285714285714286
Dec 10 2015 01: +0,10.458,10,Galil AR | Chatterbox (Field-Tested),2015-12-10,10.458,10,Galil AR | Chatterbox (Field-Tested),-0.06353400071156573,-6.353400071156573,0.06353400071156573,True,10.339142857142859,131.00919523822498,14.642857142857142
Dec 11 2015 01: +0,9.65,12,Galil AR | Chatterbox (Field-Tested),2015-12-11,9.65,12,Galil AR | Chatterbox (Field-Tested),-0.08040932041504432,-8.040932041504432,0.08040932041504432,True,10.2675,134.11028065315747,14.571428571428571
Dec 12 2015 01: +0,10.162,17,Galil AR | Chatterbox (Field-Tested),2015-12-12,10.162,17,Galil AR | Chatterbox (Field-Tested),0.05169735782064574,5.169735782064574,0.05169735782064574,True,10.329000000000002,135.05628921339297,14.214285714285714
Dec 13 2015 01: +0,9.955,20,Galil AR | Chatterbox (Field-Tested),2015-12-13,9.955,20,Galil AR | Chatterbox (Field-Tested),-0.020580335655380564,-2.0580335655380564,0.020580335655380564,False,10.359214285714286,132.4051096597886,14.714285714285714
Dec 14 2015 01: +0,10.86,8,Galil AR | Chatterbox (Field-Tested),2015-12-14,10.86,8,Galil AR | Chatterbox (Field-Tested),0.08701137698962969,8.701137698962969,0.08701137698962969,True,10.482785714285715,134.90400230718015,14.285714285714286
Dec 15 2015 01: +0,11.049,10,Galil AR | Chatterbox (Field-Tested),2015-12-15,11.049,10,Galil AR | Chatterbox (Field-Tested),0.017253611625248588,1.7253611625248588,0.017253611625248588,False,10.65057142857143,132.35848528292237,13.357142857142858
Dec 16 2015 01: +0,10.458,14,Galil AR | Chatterbox (Field-Tested),2015-12-16,10.458,14,Galil AR | Chatterbox (Field-Tested),-0.05497269036509905,-5.4972690365099055,0.05497269036509905,True,10.708285714285717,131.36838904922428,13.571428571428571
Dec 17 2015 01: +0,10.25,14,Galil AR | Chatterbox (Field-Tested),2015-12-17,10.25,14,Galil AR | Chatterbox (Field-Tested),-0.020089530181521677,-2.0089530181521678,0.020089530181521677,False,10.739428571428574,131.44465708003793,12.928571428571429
Dec 18 2015 01: +0,10.625,15,Galil AR | Chatterbox (Field-Tested),2015-12-18,10.625,15,Galil AR | Chatterbox (Field-Tested),0.03593200922606337,3.593200922606337,0.03593200922606337,False,10.713214285714287,130.18728244712148,12.857142857142858
Dec 19 2015 01: +0,10.76,15,Galil AR | Chatterbox (Field-Tested),2015-12-19,10.76,15,Galil AR | Chatterbox (Field-Tested),0.012625839923157777,1.2625839923157778,0.012625839923157777,False,10.76564285714286,126.51032654847351,12.714285714285714
Dec 20 2015 01: +0,11.561,14,Galil AR | Chatterbox (Field-Tested),2015-12-20,11.561,14,Galil AR | Chatterbox (Field-Tested),0.07180180995954635,7.180180995954635,0.07180180995954635,True,10.763428571428573,128.88336214429557,12.571428571428571
Dec 21 2015 01: +0,11.546,18,Galil AR | Chatterbox (Field-Tested),2015-12-21,11.546,18,Galil AR | Chatterbox (Field-Tested),-0.0012983080544427912,-0.1298308054442791,0.0012983080544427912,False,10.767214285714287,128.64864522699872,13.214285714285714
Dec 22 2015 01: +0,10.909,9,Galil AR | Chatterbox (Field-Tested),2015-12-22,10.909,9,Galil AR | Chatterbox (Field-Tested),-0.05675092002312204,-5.675092002312204,0.05675092002312204,True,10.6705,127.51595020333811,13.071428571428571
Dec 23 2015 01: +0,9.41,15,Galil AR | Chatterbox (Field-Tested),2015-12-23,9.41,15,Galil AR | Chatterbox (Field-Tested),-0.14781518301833144,-14.781518301833144,0.14781518301833144,True,10.546642857142857,136.70117222385107,13.642857142857142
Dec 24 2015 01: +0,10.789,18,Galil AR | Chatterbox (Field-Tested),2015-12-24,10.789,18,Galil AR | Chatterbox (Field-Tested),0.13675414297191477,13.675414297191477,0.13675414297191477,True,10.570285714285715,145.39612104471362,14.214285714285714
Dec 25 2015 01: +0,11.376,19,Galil AR | Chatterbox (Field-Tested),2015-12-25,11.376,19,Galil AR | Chatterbox (Field-Tested),0.05297877649168205,5.297877649168205,0.05297877649168205,True,10.69357142857143,146.05000420997675,14.714285714285714
Dec 26 2015 01: +0,11.251,15,Galil AR | Chatterbox (Field-Tested),2015-12-26,11.251,15,Galil AR | Chatterbox (Field-Tested),-0.011048859471950195,-1.1048859471950196,0.011048859471950195,False,10.771357142857145,145.71631056778617,14.571428571428571
Dec 27 2015 01: +0,10.921,15,Galil AR | Chatterbox (Field-Tested),2015-12-27,10.921,15,Galil AR | Chatterbox (Field-Tested),-0.02976947237334347,-2.976947237334347,0.02976947237334347,False,10.840357142857144,145.8905155187286,14.214285714285714
Dec 28 2015 01: +0,10.318,18,Galil AR | Chatterbox (Field-Tested),2015-12-28,10.318,18,Galil AR | Chatterbox (Field-Tested),-0.05679759839313319,-5.679759839313319,0.05679759839313319,True,10.801642857142857,139.02923425122157,14.928571428571429
Dec 29 2015 01: +0,9.641,20,Galil AR | Chatterbox (Field-Tested),2015-12-29,9.641,20,Galil AR | Chatterbox (Field-Tested),-0.0678651051402148,-6.786510514021479,0.0678651051402148,True,10.70107142857143,140.98826258192472,15.642857142857142
Dec 30 2015 01: +0,10.159,16,Galil AR | Chatterbox (Field-Tested),2015-12-30,10.159,16,Galil AR | Chatterbox (Field-Tested),0.05233517442716471,5.2335174427164715,0.05233517442716471,True,10.679714285714287,141.21414432336127,15.785714285714286
Dec 31 2015 01: +0,11.227,16,Galil AR | Chatterbox (Field-Tested),2015-12-31,11.227,16,Galil AR | Chatterbox (Field-Tested),0.09996157936723439,9.996157936723439,0.09996157936723439,True,10.749500000000001,143.80962509819977,15.928571428571429
Jan 01 2016 01: +0,10.476,14,Galil AR | Chatterbox (Field-Tested),2016-01-01,10.476,14,Galil AR | Chatterbox (Field-Tested),-0.06923466483117693,-6.923466483117694,0.06923466483117693,True,10.738857142857144,142.0466193290763,15.857142857142858
Jan 02 2016 01: +0,10.533,14,Galil AR | Chatterbox (Field-Tested),2016-01-02,10.533,14,Galil AR | Chatterbox (Field-Tested),0.005426259208939179,0.5426259208939178,0.005426259208939179,False,10.722642857142857,141.9596085074404,15.785714285714286
Jan 03 2016 01: +0,12.687,20,Galil AR | Chatterbox (Field-Tested),2016-01-03,12.687,20,Galil AR | Chatterbox (Field-Tested),0.18606466130405624,18.606466130405625,0.18606466130405624,True,10.80307142857143,151.08687652943618,16.214285714285715
Jan 04 2016 01: +0,10.612,12,Galil AR | Chatterbox (Field-Tested),2016-01-04,10.612,12,Galil AR | Chatterbox (Field-Tested),-0.1785924108829679,-17.85924108829679,0.1785924108829679,True,10.736357142857143,160.77755130521095,15.785714285714286
Jan 05 2016 01: +0,10.017,8,Galil AR | Chatterbox (Field-Tested),2016-01-05,10.017,8,Galil AR | Chatterbox (Field-Tested),-0.05770178664586616,-5.7701786645866155,0.05770178664586616,True,10.672642857142858,153.43214488299904,15.714285714285714
Jan 06 2016 01: +0,10.911,17,Galil AR | Chatterbox (Field-Tested),2016-01-06,10.911,17,Galil AR | Chatterbox (Field-Tested),0.08548780504333452,8.548780504333452,0.08548780504333452,True,10.779857142857143,156.62095229343348,15.857142857142858
Jan 07 2016 01: +0,9.512,9,Galil AR | Chatterbox (Field-Tested),2016-01-07,9.512,9,Galil AR | Chatterbox (Field-Tested),-0.13721729528448093,-13.721729528448092,0.13721729528448093,True,10.688642857142858,161.5896879768779,15.214285714285714
Jan 08 2016 01: +0,9.398,19,Galil AR | Chatterbox (Field-Tested),2016-01-08,9.398,19,Galil AR | Chatterbox (Field-Tested),-0.01205725870785686,-1.205725870785686,0.01205725870785686,False,10.547357142857143,158.51210051998578,15.214285714285714
Jan 09 2016 01: +0,9.404,15,Galil AR | Chatterbox (Field-Tested),2016-01-09,9.404,15,Galil AR | Chatterbox (Field-Tested),0.0006382299971991974,0.06382299971991974,0.0006382299971991974,False,10.415428571428572,157.13867979631317,15.214285714285714
Jan 10 2016 01: +0,9.349,17,Galil AR | Chatterbox (Field-Tested),2016-01-10,9.349,17,Galil AR | Chatterbox (Field-Tested),-0.005865744968644414,-0.5865744968644414,0.005865744968644414,False,10.30314285714286,154.68111508456406,15.357142857142858
Jan 11 2016 01: +0,8.36,12,Galil AR | Chatterbox (Field-Tested),2016-01-11,8.36,12,Galil AR | Chatterbox (Field-Tested),-0.11181095861256847,-11.181095861256846,0.11181095861256847,True,10.163285714285715,158.13827924381573,14.928571428571429
Jan 12 2016 01: +0,9.289,12,Galil AR | Chatterbox (Field-Tested),2016-01-12,9.289,12,Galil AR | Chatterbox (Field-Tested),0.10537247730877364,10.537247730877365,0.10537247730877364,True,10.138142857142858,162.76251029531886,14.357142857142858
Jan 13 2016 01: +0,8.572,8,Galil AR | Chatterbox (Field-Tested),2016-01-13,8.572,8,Galil AR | Chatterbox (Field-Tested),-0.08032982679405326,-8.032982679405325,0.08032982679405326,True,10.024785714285716,161.66693207908293,13.785714285714286
Jan 14 2016 01: +0,9.128,24,Galil AR | Chatterbox (Field-Tested),2016-01-14,9.128,24,Galil AR | Chatterbox (Field-Tested),0.06284553494844411,6.284553494844411,0.06284553494844411,True,9.874857142857143,163.33283526378918,14.357142857142858
Jan 15 2016 01: +0,9.774,19,Galil AR | Chatterbox (Field-Tested),2016-01-15,9.774,19,Galil AR | Chatterbox (Field-Tested),0.06837918628818837,6.837918628818837,0.06837918628818837,True,9.824714285714284,164.37640192481436,14.714285714285714
Jan 16 2016 01: +0,10.672,18,Galil AR | Chatterbox (Field-Tested),2016-01-16,10.672,18,Galil AR | Chatterbox (Field-Tested),0.08789769032530498,8.789769032530497,0.08789769032530498,True,9.834642857142857,167.1932476810514,15.0
Jan 17 2016 01: +0,10.063,15,Galil AR | Chatterbox (Field-Tested),2016-01-17,10.063,15,Galil AR | Chatterbox (Field-Tested),-0.05875815822207171,-5.875815822207171,0.05875815822207171,True,9.647214285714286,167.98827551134593,14.642857142857142
Jan 18 2016 01: +0,10.114,14,Galil AR | Chatterbox (Field-Tested),2016-01-18,10.114,14,Galil AR | Chatterbox (Field-Tested),0.00505527170659523,0.505527170659523,0.00505527170659523,False,9.611642857142858,167.9271292206366,14.785714285714286
Jan 19 2016 01: +0,9.339,6,Galil AR | Chatterbox (Field-Tested),2016-01-19,9.339,6,Galil AR | Chatterbox (Field-Tested),-0.07972142253021054,-7.972142253021055,0.07972142253021054,True,9.563214285714286,167.85563331622694,14.642857142857142
Jan 20 2016 01: +0,9.333,14,Galil AR | Chatterbox (Field-Tested),2016-01-20,9.333,14,Galil AR | Chatterbox (Field-Tested),-0.0006426735439711932,-0.06426735439711932,0.0006426735439711932,False,9.450500000000002,167.85864842604997,14.428571428571429
Jan 21 2016 01: +0,9.181,18,Galil AR | Chatterbox (Field-Tested),2016-01-21,9.181,18,Galil AR | Chatterbox (Field-Tested),-0.0164203754220468,-1.64203754220468,0.0164203754220468,False,9.426857142857145,166.94395726426032,15.071428571428571
Jan 22 2016 01: +0,9.441,18,Galil AR | Chatterbox (Field-Tested),2016-01-22,9.441,18,Galil AR | Chatterbox (Field-Tested),0.027925775588816783,2.7925775588816784,0.027925775588816783,False,9.429928571428574,159.19535545354103,15.0
Jan 23 2016 01: +0,10.093,19,Galil AR | Chatterbox (Field-Tested),2016-01-23,10.093,19,Galil AR | Chatterbox (Field-Tested),0.06678020750634285,6.6780207506342855,0.06678020750634285,True,9.479142857142858,153.4014667172286,15.285714285714286
Jan 24 2016 01: +0,10.71,9,Galil AR | Chatterbox (Field-Tested),2016-01-24,10.71,9,Galil AR | Chatterbox (Field-Tested),0.059335770202935,5.9335770202935,0.059335770202935,True,9.576357142857145,153.705109890101,14.714285714285714
Jan 25 2016 01: +0,10.651,11,Galil AR | Chatterbox (Field-Tested),2016-01-25,10.651,11,Galil AR | Chatterbox (Field-Tested),-0.005524099998628833,-0.5524099998628833,0.005524099998628833,False,9.74,153.67630022608273,14.642857142857142
Jan 26 2016 01: +0,10.537,10,Galil AR | Chatterbox (Field-Tested),2016-01-26,10.537,10,Galil AR | Chatterbox (Field-Tested),-0.01076091184363798,-1.0760911843637981,0.01076091184363798,False,9.829142857142859,153.38403799408707,14.5
Jan 27 2016 01: +0,9.532,10,Galil AR | Chatterbox (Field-Tested),2016-01-27,9.532,10,Galil AR | Chatterbox (Field-Tested),-0.1002383133808949,-10.02383133808949,0.1002383133808949,True,9.897714285714287,156.09067427092242,14.642857142857142
Jan 28 2016 01: +0,9.593,13,Galil AR | Chatterbox (Field-Tested),2016-01-28,9.593,13,Galil AR | Chatterbox (Field-Tested),0.006379106599314863,0.6379106599314863,0.006379106599314863,False,9.930928571428572,154.32425630181538,13.857142857142858
Jan 29 2016 01: +0,9.031,19,Galil AR | Chatterbox (Field-Tested),2016-01-29,9.031,19,Galil AR | Chatterbox (Field-Tested),-0.060370562567148754,-6.037056256714876,0.060370562567148754,True,9.877857142857142,154.50549678972595,13.857142857142858
Jan 30 2016 01: +0,10.454,21,Galil AR | Chatterbox (Field-Tested),2016-01-30,10.454,21,Galil AR | Chatterbox (Field-Tested),0.1463215770220684,14.632157702206841,0.1463215770220684,True,9.862285714285717,159.20354596996023,14.071428571428571
Jan 31 2016 01: +0,9.706,22,Galil AR | Chatterbox (Field-Tested),2016-01-31,9.706,22,Galil AR | Chatterbox (Field-Tested),-0.07424042930770572,-7.424042930770572,0.07424042930770572,True,9.836785714285714,159.47746567396703,14.571428571428571
Feb 01 2016 01: +0,9.884,15,Galil AR | Chatterbox (Field-Tested),2016-02-01,9.884,15,Galil AR | Chatterbox (Field-Tested),0.018173037143339215,1.8173037143339215,0.018173037143339215,False,9.820357142857144,159.61956919641477,14.642857142857142
Feb 02 2016 01: +0,9.335,10,Galil AR | Chatterbox (Field-Tested),2016-02-02,9.335,10,Galil AR | Chatterbox (Field-Tested),-0.057146511132677706,-5.71465111326777,0.057146511132677706,True,9.82007142857143,145.44462130339917,14.928571428571429
Feb 03 2016 01: +0,9.268,17,Galil AR | Chatterbox (Field-Tested),2016-02-03,9.268,17,Galil AR | Chatterbox (Field-Tested),-0.007203170423556194,-0.7203170423556193,0.007203170423556194,False,9.815428571428573,132.15236150204828,15.142857142857142
Feb 04 2016 01: +0,9.085,16,Galil AR | Chatterbox (Field-Tested),2016-02-04,9.085,16,Galil AR | Chatterbox (Field-Tested),-0.019942904721995256,-1.9942904721995256,0.019942904721995256,False,9.80857142857143,130.88991450784997,15.0
Feb 05 2016 01: +0,9.569,16,Galil AR | Chatterbox (Field-Tested),2016-02-05,9.569,16,Galil AR | Chatterbox (Field-Tested),0.051904004948991354,5.190400494899135,0.051904004948991354,True,9.817714285714288,128.52693468686095,14.857142857142858
Feb 06 2016 01: +0,9.082,16,Galil AR | Chatterbox (Field-Tested),2016-02-06,9.082,16,Galil AR | Chatterbox (Field-Tested),-0.05223427412136646,-5.223427412136647,0.05223427412136646,True,9.745500000000002,120.6484936292116,14.642857142857142
Feb 07 2016 01: +0,9.374,9,Galil AR | Chatterbox (Field-Tested),2016-02-07,9.374,9,Galil AR | Chatterbox (Field-Tested),0.031645466824754866,3.1645466824754864,0.031645466824754866,False,9.650071428571431,121.1311472276551,14.642857142857142
Feb 08 2016 01: +0,8.136,11,Galil AR | Chatterbox (Field-Tested),2016-02-08,8.136,11,Galil AR | Chatterbox (Field-Tested),-0.1416412407542557,-14.164124075425569,0.1416412407542557,True,9.470428571428572,130.80442146692099,14.642857142857142
Feb 09 2016 01: +0,8.69,21,Galil AR | Chatterbox (Field-Tested),2016-02-09,8.69,21,Galil AR | Chatterbox (Field-Tested),0.0658742805310419,6.5874280531041896,0.0658742805310419,True,9.338500000000002,133.10607687242862,15.428571428571429
Feb 10 2016 01: +0,9.61,14,Galil AR | Chatterbox (Field-Tested),2016-02-10,9.61,14,Galil AR | Chatterbox (Field-Tested),0.10063128370490054,10.063128370490054,0.10063128370490054,True,9.344071428571429,131.7545220886875,15.714285714285714
Feb 11 2016 01: +0,8.796,19,Galil AR | Chatterbox (Field-Tested),2016-02-11,8.796,19,Galil AR | Chatterbox (Field-Tested),-0.08850715028968634,-8.850715028968633,0.08850715028968634,True,9.287142857142857,130.44804005517057,16.142857142857142
Feb 12 2016 01: +0,9.083,11,Galil AR | Chatterbox (Field-Tested),2016-02-12,9.083,11,Galil AR | Chatterbox (Field-Tested),0.03210746182756183,3.210746182756183,0.03210746182756183,False,9.290857142857144,127.79936818627284,15.571428571428571
Feb 13 2016 01: +0,10.324,11,Galil AR | Chatterbox (Field-Tested),2016-02-13,10.324,11,Galil AR | Chatterbox (Field-Tested),0.1280667473362908,12.80667473362908,0.1280667473362908,True,9.281571428571429,133.60508715937337,14.857142857142858
Feb 14 2016 01: +0,9.134,13,Galil AR | Chatterbox (Field-Tested),2016-02-14,9.134,13,Galil AR | Chatterbox (Field-Tested),-0.12246756709356021,-12.24675670935602,0.12246756709356021,True,9.240714285714287,138.54205775297368,14.214285714285714
Feb 15 2016 01: +0,9.221,9,Galil AR | Chatterbox (Field-Tested),2016-02-15,9.221,9,Galil AR | Chatterbox (Field-Tested),0.009479776794196976,0.9479776794196976,0.009479776794196976,False,9.193357142857144,134.76810518139476,13.785714285714286
Feb 16 2016 01: +0,8.302,16,Galil AR | Chatterbox (Field-Tested),2016-02-16,8.302,16,Galil AR | Chatterbox (Field-Tested),-0.10498704192615725,-10.498704192615724,0.10498704192615725,True,9.11957142857143,138.0200499033268,14.214285714285714
Feb 17 2016 01: +0,8.34,20,Galil AR | Chatterbox (Field-Tested),2016-02-17,8.34,20,Galil AR | Chatterbox (Field-Tested),0.004566766739808516,0.45667667398085166,0.004566766739808516,False,9.053285714285716,138.01504649851972,14.428571428571429
Feb 18 2016 01: +0,8.362,33,Galil AR | Chatterbox (Field-Tested),2016-02-18,8.362,33,Galil AR | Chatterbox (Field-Tested),0.002634416563717997,0.26344165637179967,0.002634416563717997,False,9.001642857142858,135.47665796906708,15.642857142857142
Feb 19 2016 01: +0,8.036,16,Galil AR | Chatterbox (Field-Tested),2016-02-19,8.036,16,Galil AR | Chatterbox (Field-Tested),-0.0397661859816853,-3.97661859816853,0.0397661859816853,False,8.892142857142858,136.0522249256157,15.642857142857142
Feb 20 2016 01: +0,7.958,30,Galil AR | Chatterbox (Field-Tested),2016-02-20,7.958,30,Galil AR | Chatterbox (Field-Tested),-0.009753734947950957,-0.9753734947950957,0.009753734947950957,False,8.811857142857145,136.00157773390887,16.642857142857142
Feb 21 2016 01: +0,8.775,12,Galil AR | Chatterbox (Field-Tested),2016-02-21,8.775,12,Galil AR | Chatterbox (Field-Tested),0.09772905734719256,9.772905734719256,0.09772905734719256,True,8.76907142857143,140.2272080958762,16.857142857142858
Feb 22 2016 01: +0,8.2,21,Galil AR | Chatterbox (Field-Tested),2016-02-22,8.2,21,Galil AR | Chatterbox (Field-Tested),-0.06777261508172222,-6.777261508172222,0.06777261508172222,True,8.773642857142859,139.72089423334216,17.571428571428573
Feb 23 2016 01: +0,9.279,12,Galil AR | Chatterbox (Field-Tested),2016-02-23,9.279,12,Galil AR | Chatterbox (Field-Tested),0.12361962810083484,12.361962810083483,0.12361962810083484,True,8.815714285714288,145.2477233517403,16.928571428571427
Feb 24 2016 01: +0,9.199,12,Galil AR | Chatterbox (Field-Tested),2016-02-24,9.199,12,Galil AR | Chatterbox (Field-Tested),-0.008658999876022101,-0.8658999876022101,0.008658999876022101,False,8.786357142857144,145.25385842545106,16.785714285714285
Feb 25 2016 01: +0,9.332,17,Galil AR | Chatterbox (Field-Tested),2016-02-25,9.332,17,Galil AR | Chatterbox (Field-Tested),0.014354571664163497,1.4354571664163496,0.014354571664163497,False,8.824642857142859,145.3901047689426,16.642857142857142
Feb 26 2016 01: +0,10.367,15,Galil AR | Chatterbox (Field-Tested),2016-02-26,10.367,15,Galil AR | Chatterbox (Field-Tested),0.10517833018179154,10.517833018179154,0.10517833018179154,True,8.916357142857143,145.9393530121144,16.928571428571427
Feb 27 2016 01: +0,9.139,21,Galil AR | Chatterbox (Field-Tested),2016-02-27,9.139,21,Galil AR | Chatterbox (Field-Tested),-0.12607671405091062,-12.607671405091061,0.12607671405091062,True,8.831714285714288,152.68763991644084,17.642857142857142
Feb 28 2016 01: +0,10.039,11,Galil AR | Chatterbox (Field-Tested),2016-02-28,10.039,11,Galil AR | Chatterbox (Field-Tested),0.09392653741932495,9.392653741932495,0.09392653741932495,True,8.896357142857143,154.6869888072987,17.5
Feb 29 2016 01: +0,9.746,26,Galil AR | Chatterbox (Field-Tested),2016-02-29,9.746,26,Galil AR | Chatterbox (Field-Tested),-0.02962056328807504,-2.962056328807504,0.02962056328807504,False,8.933857142857144,146.18525146224727,18.714285714285715
Mar 01 2016 01: +0,9.91,12,Galil AR | Chatterbox (Field-Tested),2016-03-01,9.91,12,Galil AR | Chatterbox (Field-Tested),0.016687403920582055,1.6687403920582056,0.016687403920582055,False,9.048714285714286,143.98016305579267,18.428571428571427
Mar 02 2016 01: +0,9.586,15,Galil AR | Chatterbox (Field-Tested),2016-03-02,9.586,15,Galil AR | Chatterbox (Field-Tested),-0.03324064760445706,-3.324064760445706,0.03324064760445706,False,9.137714285714287,144.3110306719638,18.071428571428573
Mar 03 2016 01: +0,10.401,19,Galil AR | Chatterbox (Field-Tested),2016-03-03,10.401,19,Galil AR | Chatterbox (Field-Tested),0.08159825463355654,8.159825463355654,0.08159825463355654,True,9.283357142857144,145.62810474619957,17.071428571428573
Mar 04 2016 01: +0,9.813,18,Galil AR | Chatterbox (Field-Tested),2016-03-04,9.813,18,Galil AR | Chatterbox (Field-Tested),-0.05819391814663939,-5.819391814663939,0.05819391814663939,True,9.410285714285717,147.18222176193532,17.214285714285715
Mar 05 2016 01: +0,10.263,20,Galil AR | Chatterbox (Field-Tested),2016-03-05,10.263,20,Galil AR | Chatterbox (Field-Tested),0.04483715743922066,4.483715743922066,0.04483715743922066,False,9.574928571428574,147.7054945795978,16.5
Mar 06 2016 01: +0,9.912,16,Galil AR | Chatterbox (Field-Tested),2016-03-06,9.912,16,Galil AR | Chatterbox (Field-Tested),-0.03479905033673596,-3.4799050336735955,0.03479905033673596,False,9.656142857142857,147.26646848355736,16.785714285714285
Mar 07 2016 01: +0,9.762,20,Galil AR | Chatterbox (Field-Tested),2016-03-07,9.762,20,Galil AR | Chatterbox (Field-Tested),-0.015248846861885568,-1.5248846861885568,0.015248846861885568,False,9.767714285714288,146.13899659936618,16.714285714285715
Mar 08 2016 01: +0,8.994,14,Galil AR | Chatterbox (Field-Tested),2016-03-08,8.994,14,Galil AR | Chatterbox (Field-Tested),-0.08193960911644023,-8.193960911644023,0.08193960911644023,True,9.747357142857144,148.62806315348075,16.857142857142858
Mar 09 2016 01: +0,8.435,10,Galil AR | Chatterbox (Field-Tested),2016-03-09,8.435,10,Galil AR | Chatterbox (Field-Tested),-0.06416797235058393,-6.416797235058393,0.06416797235058393,True,9.692785714285716,141.72221581675754,16.714285714285715
Mar 10 2016 01: +0,8.513,19,Galil AR | Chatterbox (Field-Tested),2016-03-10,8.513,19,Galil AR | Chatterbox (Field-Tested),0.00920469090398834,0.9204690903988341,0.00920469090398834,False,9.634285714285715,139.8333648772435,16.857142857142858
Mar 11 2016 01: +0,10.158,21,Galil AR | Chatterbox (Field-Tested),2016-03-11,10.158,21,Galil AR | Chatterbox (Field-Tested),0.17666716547713315,17.666716547713314,0.17666716547713315,True,9.619357142857144,148.98321707702607,17.285714285714285
Mar 12 2016 01: +0,11.257,14,Galil AR | Chatterbox (Field-Tested),2016-03-12,11.257,14,Galil AR | Chatterbox (Field-Tested),0.10272858499361376,10.272858499361377,0.10272858499361376,True,9.770642857142859,149.31805228831502,16.785714285714285
Mar 13 2016 01: +0,10.718,16,Galil AR | Chatterbox (Field-Tested),2016-03-13,10.718,16,Galil AR | Chatterbox (Field-Tested),-0.04906558630000837,-4.906558630000837,0.04906558630000837,False,9.81914285714286,150.36460988219216,17.142857142857142
Mar 14 2016 01: +0,10.979,11,Galil AR | Chatterbox (Field-Tested),2016-03-14,10.979,11,Galil AR | Chatterbox (Field-Tested),0.024059786179936822,2.405978617993682,0.024059786179936822,False,9.907214285714288,143.93458545166865,16.071428571428573
Mar 15 2016 01: +0,11.243,13,Galil AR | Chatterbox (Field-Tested),2016-03-15,11.243,13,Galil AR | Chatterbox (Field-Tested),0.023761355515027276,2.3761355515027276,0.023761355515027276,False,10.002428571428572,136.87704008243082,16.142857142857142
Mar 16 2016 01: +0,9.47,10,Galil AR | Chatterbox (Field-Tested),2016-03-16,9.47,10,Galil AR | Chatterbox (Field-Tested),-0.17161680556963568,-17.161680556963567,0.17161680556963568,True,9.994142857142858,150.36297923576365,15.785714285714286
Mar 17 2016 01: +0,9.687,10,Galil AR | Chatterbox (Field-Tested),2016-03-17,9.687,10,Galil AR | Chatterbox (Field-Tested),0.02265587324626078,2.265587324626078,0.02265587324626078,False,9.943142857142858,145.56596377805354,15.142857142857142
Mar 18 2016 01: +0,10.346,17,Galil AR | Chatterbox (Field-Tested),2016-03-18,10.346,17,Galil AR | Chatterbox (Field-Tested),0.06581519113707547,6.5815191137075475,0.06581519113707547,True,9.981214285714286,147.09514979909758,15.071428571428571
Mar 19 2016 01: +0,10.577,13,Galil AR | Chatterbox (Field-Tested),2016-03-19,10.577,13,Galil AR | Chatterbox (Field-Tested),0.02208186076459243,2.208186076459243,0.02208186076459243,False,10.003642857142856,147.17582368961226,14.571428571428571
Mar 20 2016 01: +0,12.223,13,Galil AR | Chatterbox (Field-Tested),2016-03-20,12.223,13,Galil AR | Chatterbox (Field-Tested),0.1446375904492099,14.463759044920991,0.1446375904492099,True,10.168714285714287,153.58540292762257,14.357142857142858
Mar 21 2016 01: +0,11.732,9,Galil AR | Chatterbox (Field-Tested),2016-03-21,11.732,9,Galil AR | Chatterbox (Field-Tested),-0.04099927167992126,-4.099927167992126,0.04099927167992126,False,10.309428571428572,154.57660205726293,13.571428571428571
Mar 22 2016 01: +0,12.076,12,Galil AR | Chatterbox (Field-Tested),2016-03-22,12.076,12,Galil AR | Chatterbox (Field-Tested),0.028899860729387772,2.889986072938777,0.028899860729387772,False,10.52957142857143,151.6615664614301,13.428571428571429
Mar 23 2016 01: +0,12.305,17,Galil AR | Chatterbox (Field-Tested),2016-03-23,12.305,17,Galil AR | Chatterbox (Field-Tested),0.018785671998426658,1.8785671998426658,0.018785671998426658,False,10.806000000000001,149.01073311391113,13.928571428571429
Mar 24 2016 01: +0,11.914,13,Galil AR | Chatterbox (Field-Tested),2016-03-24,11.914,13,Galil AR | Chatterbox (Field-Tested),-0.03229150463652354,-3.229150463652354,0.03229150463652354,False,11.048928571428572,144.36421231133215,13.5
Mar 25 2016 01: +0,12.716,13,Galil AR | Chatterbox (Field-Tested),2016-03-25,12.716,13,Galil AR | Chatterbox (Field-Tested),0.06514686384206053,6.514686384206053,0.06514686384206053,True,11.231642857142857,145.5613618718578,12.928571428571429
Mar 26 2016 01: +0,12.284,11,Galil AR | Chatterbox (Field-Tested),2016-03-26,12.284,11,Galil AR | Chatterbox (Field-Tested),-0.03456344046998021,-3.4563440469980207,0.03456344046998021,False,11.305000000000001,146.4082941718354,12.714285714285714
Mar 27 2016 01: +0,11.401,12,Galil AR | Chatterbox (Field-Tested),2016-03-27,11.401,12,Galil AR | Chatterbox (Field-Tested),-0.07459653172699326,-7.459653172699326,0.07459653172699326,True,11.353785714285715,144.99111858453279,12.428571428571429
Mar 28 2016 01: +0,10.891,10,Galil AR | Chatterbox (Field-Tested),2016-03-28,10.891,10,Galil AR | Chatterbox (Field-Tested),-0.045764310758033284,-4.576431075803328,0.045764310758033284,False,11.3475,138.5434122937335,12.357142857142858
Mar 29 2016 01: +0,11.05,16,Galil AR | Chatterbox (Field-Tested),2016-03-29,11.05,16,Galil AR | Chatterbox (Field-Tested),0.014493667870212494,1.4493667870212494,0.014493667870212494,False,11.333714285714288,134.91019692918073,12.571428571428571
Mar 30 2016 01: +0,14.088,16,Galil AR | Chatterbox (Field-Tested),2016-03-30,14.088,16,Galil AR | Chatterbox (Field-Tested),0.242892943230143,24.2892943230143,0.242892943230143,True,11.66357142857143,158.06594337408762,13.0
Mar 31 2016 01: +0,13.374,11,Galil AR | Chatterbox (Field-Tested),2016-03-31,13.374,11,Galil AR | Chatterbox (Field-Tested),-0.05201084756211816,-5.2010847562118165,0.05201084756211816,True,11.926928571428572,159.6335277876597,13.071428571428571
Apr 01 2016 01: +0,14.945,12,Galil AR | Chatterbox (Field-Tested),2016-04-01,14.945,12,Galil AR | Chatterbox (Field-Tested),0.11106427210411433,11.106427210411434,0.11106427210411433,True,12.255428571428572,162.62226694726502,12.714285714285714
Apr 02 2016 01: +0,13.871,13,Galil AR | Chatterbox (Field-Tested),2016-04-02,13.871,13,Galil AR | Chatterbox (Field-Tested),-0.07457646595474816,-7.457646595474817,0.07457646595474816,True,12.490714285714287,163.66910937276955,12.714285714285714
Apr 03 2016 01: +0,12.361,14,Galil AR | Chatterbox (Field-Tested),2016-04-03,12.361,14,Galil AR | Chatterbox (Field-Tested),-0.11525397487546694,-11.525397487546694,0.11525397487546694,True,12.50057142857143,167.80169207021635,12.785714285714286
Apr 04 2016 01: +0,11.306,17,Galil AR | Chatterbox (Field-Tested),2016-04-04,11.306,17,Galil AR | Chatterbox (Field-Tested),-0.08921279665258709,-8.921279665258709,0.08921279665258709,True,12.470142857142857,170.55896366125359,13.357142857142858
Apr 05 2016 01: +0,12.353,10,Galil AR | Chatterbox (Field-Tested),2016-04-05,12.353,10,Galil AR | Chatterbox (Field-Tested),0.08856539030157769,8.85653903015777,0.08856539030157769,True,12.489928571428573,172.51419565732851,13.214285714285714
Apr 06 2016 01: +0,12.404,9,Galil AR | Chatterbox (Field-Tested),2016-04-06,12.404,9,Galil AR | Chatterbox (Field-Tested),0.00412005268352574,0.412005268352574,0.00412005268352574,False,12.497000000000002,172.32720191510123,12.642857142857142
Apr 07 2016 01: +0,11.604,9,Galil AR | Chatterbox (Field-Tested),2016-04-07,11.604,9,Galil AR | Chatterbox (Field-Tested),-0.06666913497904499,-6.666913497904499,0.06666913497904499,True,12.474857142857145,171.404124369691,12.357142857142858
Apr 08 2016 01: +0,10.883,21,Galil AR | Chatterbox (Field-Tested),2016-04-08,10.883,21,Galil AR | Chatterbox (Field-Tested),-0.06414792754523299,-6.414792754523299,0.06414792754523299,True,12.343928571428572,171.4030550180872,12.928571428571429
Apr 09 2016 01: +0,11.17,20,Galil AR | Chatterbox (Field-Tested),2016-04-09,11.17,20,Galil AR | Chatterbox (Field-Tested),0.02602967436718488,2.602967436718488,0.02602967436718488,False,12.264357142857145,171.5122728339015,13.571428571428571
Apr 10 2016 01: +0,11.507,21,Galil AR | Chatterbox (Field-Tested),2016-04-10,11.507,21,Galil AR | Chatterbox (Field-Tested),0.029723932760212117,2.9723932760212115,0.029723932760212117,False,12.271928571428571,160.75968342758543,14.214285714285714
Apr 11 2016 01: +0,11.446,17,Galil AR | Chatterbox (Field-Tested),2016-04-11,11.446,17,Galil AR | Chatterbox (Field-Tested),-0.0053152218544110005,-0.5315221854411001,0.0053152218544110005,False,12.31157142857143,156.7898539049977,14.714285714285714
Apr 12 2016 01: +0,10.496,11,Galil AR | Chatterbox (Field-Tested),2016-04-12,10.496,11,Galil AR | Chatterbox (Field-Tested),-0.08664609178517718,-8.664609178517718,0.08664609178517718,True,12.272,158.82158003593926,14.357142857142858
Apr 13 2016 01: +0,11.201,11,Galil AR | Chatterbox (Field-Tested),2016-04-13,11.201,11,Galil AR | Chatterbox (Field-Tested),0.06500882782786918,6.500882782786918,0.06500882782786918,True,12.065785714285713,160.26073880467848,14.0
Apr 14 2016 01: +0,11.202,9,Galil AR | Chatterbox (Field-Tested),2016-04-14,11.202,9,Galil AR | Chatterbox (Field-Tested),8.927375803803569e-05,0.008927375803803568,8.927375803803569e-05,False,11.910642857142859,160.0439587478563,13.857142857142858
Apr 15 2016 01: +0,10.795,13,Galil AR | Chatterbox (Field-Tested),2016-04-15,10.795,13,Galil AR | Chatterbox (Field-Tested),-0.037009269820869856,-3.7009269820869855,0.037009269820869856,False,11.614214285714286,148.34971654761827,13.928571428571429
Apr 16 2016 01: +0,11.286,18,Galil AR | Chatterbox (Field-Tested),2016-04-16,11.286,18,Galil AR | Chatterbox (Field-Tested),0.04447995558017767,4.447995558017767,0.04447995558017767,False,11.42957142857143,148.88273892387446,14.285714285714286
Apr 17 2016 01: +0,11.121,17,Galil AR | Chatterbox (Field-Tested),2016-04-17,11.121,17,Galil AR | Chatterbox (Field-Tested),-0.014727806710243398,-1.4727806710243398,0.014727806710243398,False,11.341000000000003,147.39136931493744,14.5
Apr 18 2016 01: +0,12.104,11,Galil AR | Chatterbox (Field-Tested),2016-04-18,12.104,11,Galil AR | Chatterbox (Field-Tested),0.0847007636493498,8.470076364934979,0.0847007636493498,True,11.398,150.03800070600312,14.071428571428571
Apr 19 2016 01: +0,14.817,11,Galil AR | Chatterbox (Field-Tested),2016-04-19,14.817,11,Galil AR | Chatterbox (Field-Tested),0.2022391937405427,20.22391937405427,0.2022391937405427,True,11.574000000000002,157.94654284324793,14.142857142857142
Apr 20 2016 01: +0,11.823,10,Galil AR | Chatterbox (Field-Tested),2016-04-20,11.823,10,Galil AR | Chatterbox (Field-Tested),-0.22572838334562106,-22.572838334562107,0.22572838334562106,True,11.5325,176.92873100323607,14.214285714285714
Apr 21 2016 01: +0,11.874,13,Galil AR | Chatterbox (Field-Tested),2016-04-21,11.874,13,Galil AR | Chatterbox (Field-Tested),0.00430434896750739,0.430434896750739,0.00430434896750739,False,11.551785714285716,176.635342268433,14.5
Apr 22 2016 01: +0,14.096,13,Galil AR | Chatterbox (Field-Tested),2016-04-22,14.096,13,Galil AR | Chatterbox (Field-Tested),0.17153993334533998,17.153993334533997,0.17153993334533998,True,11.781285714285715,186.50191536099527,13.928571428571429
Apr 23 2016 01: +0,14.679,8,Galil AR | Chatterbox (Field-Tested),2016-04-23,14.679,8,Galil AR | Chatterbox (Field-Tested),0.040526831781272595,4.05268317812726,0.040526831781272595,False,12.031928571428574,186.42201859826272,13.071428571428571
Apr 24 2016 01: +0,13.582,14,Galil AR | Chatterbox (Field-Tested),2016-04-24,13.582,14,Galil AR | Chatterbox (Field-Tested),-0.07767251428349652,-7.767251428349652,0.07767251428349652,True,12.180142857142858,187.4642722218752,12.571428571428571
Apr 25 2016 01: +0,15.093,13,Galil AR | Chatterbox (Field-Tested),2016-04-25,15.093,13,Galil AR | Chatterbox (Field-Tested),0.10548567348569143,10.548567348569144,0.10548567348569143,True,12.440642857142858,190.35041506725898,12.285714285714286
Apr 26 2016 01: +0,13.772,6,Galil AR | Chatterbox (Field-Tested),2016-04-26,13.772,6,Galil AR | Chatterbox (Field-Tested),-0.09159351470101389,-9.159351470101388,0.09159351470101389,True,12.674642857142857,191.35559739177287,11.928571428571429
Apr 27 2016 01: +0,13.22,9,Galil AR | Chatterbox (Field-Tested),2016-04-27,13.22,9,Galil AR | Chatterbox (Field-Tested),-0.040906711052737105,-4.09067110527371,0.040906711052737105,False,12.818857142857144,191.19669238722432,11.785714285714286
Apr 28 2016 01: +0,12.318,10,Galil AR | Chatterbox (Field-Tested),2016-04-28,12.318,10,Galil AR | Chatterbox (Field-Tested),-0.07066922715868883,-7.066922715868882,0.07066922715868883,True,12.89857142857143,193.0449762234769,11.857142857142858
Apr 29 2016 01: +0,11.22,15,Galil AR | Chatterbox (Field-Tested),2016-04-29,11.22,15,Galil AR | Chatterbox (Field-Tested),-0.09336370717030112,-9.336370717030112,0.09336370717030112,True,12.928928571428573,175.41414934961387,12.0
Apr 30 2016 01: +0,12.31,17,Galil AR | Chatterbox (Field-Tested),2016-04-30,12.31,17,Galil AR | Chatterbox (Field-Tested),0.0927140401018119,9.27140401018119,0.0927140401018119,True,13.00207142857143,178.04519818634026,11.928571428571429
May 01 2016 01: +0,12.121,6,Galil AR | Chatterbox (Field-Tested),2016-05-01,12.121,6,Galil AR | Chatterbox (Field-Tested),-0.015472454707987153,-1.5472454707987153,0.015472454707987153,False,13.073500000000001,173.26998158000123,11.142857142857142
May 02 2016 01: +0,11.357,6,Galil AR | Chatterbox (Field-Tested),2016-05-02,11.357,6,Galil AR | Chatterbox (Field-Tested),-0.06510519157886581,-6.510519157886581,0.06510519157886581,True,13.020142857142858,172.83588629162236,10.785714285714286
May 03 2016 01: +0,10.973,12,Galil AR | Chatterbox (Field-Tested),2016-05-03,10.973,12,Galil AR | Chatterbox (Field-Tested),-0.03439658390084703,-3.439658390084703,0.03439658390084703,False,12.745571428571429,168.69353131848933,10.857142857142858
May 04 2016 01: +0,12.12,13,Galil AR | Chatterbox (Field-Tested),2016-05-04,12.12,13,Galil AR | Chatterbox (Field-Tested),0.09941927063250625,9.941927063250624,0.09941927063250625,True,12.766785714285716,169.5260064984429,11.071428571428571
May 05 2016 01: +0,12.419,8,Galil AR | Chatterbox (Field-Tested),2016-05-05,12.419,8,Galil AR | Chatterbox (Field-Tested),0.02437057732472732,2.437057732472732,0.02437057732472732,False,12.805714285714288,166.8734203710536,10.714285714285714
May 06 2016 01: +0,12.125,8,Galil AR | Chatterbox (Field-Tested),2016-05-06,12.125,8,Galil AR | Chatterbox (Field-Tested),-0.023958121142348684,-2.3958121142348685,0.023958121142348684,False,12.664928571428574,167.0772082895252,10.357142857142858
May 07 2016 01: +0,11.01,11,Galil AR | Chatterbox (Field-Tested),2016-05-07,11.01,11,Galil AR | Chatterbox (Field-Tested),-0.09646548608895836,-9.646548608895836,0.09646548608895836,True,12.402857142857144,168.8702858158031,10.571428571428571
May 08 2016 01: +0,10.745,12,Galil AR | Chatterbox (Field-Tested),2016-05-08,10.745,12,Galil AR | Chatterbox (Field-Tested),-0.024363420640114892,-2.4363420640114892,0.024363420640114892,False,12.200214285714287,167.58539850706654,10.428571428571429
May 09 2016 01: +0,11.801,5,Galil AR | Chatterbox (Field-Tested),2016-05-09,11.801,5,Galil AR | Chatterbox (Field-Tested),0.09374374354913789,9.374374354913789,0.09374374354913789,True,11.965071428571429,170.56865081245658,9.857142857142858
May 10 2016 01: +0,12.228,6,Galil AR | Chatterbox (Field-Tested),2016-05-10,12.228,6,Galil AR | Chatterbox (Field-Tested),0.03554413038497641,3.5544130384976413,0.03554413038497641,False,11.854785714285715,170.70046997918556,9.857142857142858
May 11 2016 01: +0,11.675,9,Galil AR | Chatterbox (Field-Tested),2016-05-11,11.675,9,Galil AR | Chatterbox (Field-Tested),-0.04627860047362703,-4.627860047362703,0.04627860047362703,False,11.744428571428573,171.51823012260675,9.857142857142858
May 12 2016 01: +0,13.179,7,Galil AR | Chatterbox (Field-Tested),2016-05-12,13.179,7,Galil AR | Chatterbox (Field-Tested),0.12117485010679119,12.117485010679118,0.12117485010679119,True,11.805928571428572,173.51058526590276,9.642857142857142
May 13 2016 01: +0,12.071,9,Galil AR | Chatterbox (Field-Tested),2016-05-13,12.071,9,Galil AR | Chatterbox (Field-Tested),-0.08781877194276227,-8.781877194276227,0.08781877194276227,True,11.866714285714286,175.3242399041725,9.214285714285714
May 14 2016 01: +0,12.199,7,Galil AR | Chatterbox (Field-Tested),2016-05-14,12.199,7,Galil AR | Chatterbox (Field-Tested),0.010548099447610424,1.0548099447610424,0.010548099447610424,False,11.858785714285714,175.34414260287258,8.5
May 15 2016 01: +0,12.282,11,Galil AR | Chatterbox (Field-Tested),2016-05-15,12.282,11,Galil AR | Chatterbox (Field-Tested),0.006780794740606926,0.6780794740606926,0.006780794740606926,False,11.870285714285716,174.75580352324312,8.857142857142858
May 16 2016 01: +0,12.032,9,Galil AR | Chatterbox (Field-Tested),2016-05-16,12.032,9,Galil AR | Chatterbox (Field-Tested),-0.02056500869972342,-2.056500869972342,0.02056500869972342,False,11.918500000000003,174.34589241272985,9.071428571428571
May 17 2016 01: +0,11.887,4,Galil AR | Chatterbox (Field-Tested),2016-05-17,11.887,4,Galil AR | Chatterbox (Field-Tested),-0.01212440120899672,-1.212440120899672,0.01212440120899672,False,11.983785714285716,174.31656518187518,8.5
May 18 2016 01: +0,11.346,11,Galil AR | Chatterbox (Field-Tested),2016-05-18,11.346,11,Galil AR | Chatterbox (Field-Tested),-0.0465801070941119,-4.65801070941119,0.0465801070941119,False,11.9285,172.50349194419107,8.357142857142858
May 19 2016 01: +0,11.498,12,Galil AR | Chatterbox (Field-Tested),2016-05-19,11.498,12,Galil AR | Chatterbox (Field-Tested),0.0133078482967236,1.33078482967236,0.0133078482967236,False,11.862714285714288,156.1397528282603,8.642857142857142
May 20 2016 01: +0,11.366,9,Galil AR | Chatterbox (Field-Tested),2016-05-20,11.366,9,Galil AR | Chatterbox (Field-Tested),-0.011546664326169416,-1.1546664326169416,0.011546664326169416,False,11.8085,135.08004485104664,8.714285714285714
May 21 2016 01: +0,11.771,7,Galil AR | Chatterbox (Field-Tested),2016-05-21,11.771,7,Galil AR | Chatterbox (Field-Tested),0.03501243655541396,3.501243655541396,0.03501243655541396,False,11.862857142857143,135.66421156154573,8.428571428571429
May 22 2016 01: +0,12.021,7,Galil AR | Chatterbox (Field-Tested),2016-05-22,12.021,7,Galil AR | Chatterbox (Field-Tested),0.02101624089177362,2.1016240891773617,0.02101624089177362,False,11.954000000000002,121.04006785428413,8.071428571428571
May 23 2016 01: +0,11.267,12,Galil AR | Chatterbox (Field-Tested),2016-05-23,11.267,12,Galil AR | Chatterbox (Field-Tested),-0.06477702114008843,-6.477702114008843,0.06477702114008843,True,11.915857142857144,121.59310625004551,8.571428571428571
May 24 2016 01: +0,11.846,11,Galil AR | Chatterbox (Field-Tested),2016-05-24,11.846,11,Galil AR | Chatterbox (Field-Tested),0.05011215867274461,5.011215867274461,0.05011215867274461,True,11.888571428571428,120.65140301437228,8.928571428571429
May 25 2016 01: +0,11.826,7,Galil AR | Chatterbox (Field-Tested),2016-05-25,11.826,7,Galil AR | Chatterbox (Field-Tested),-0.0016897604561352088,-0.1689760456135209,0.0016897604561352088,False,11.899357142857143,113.95372530205043,8.785714285714286
May 26 2016 01: +0,11.737,10,Galil AR | Chatterbox (Field-Tested),2016-05-26,11.737,10,Galil AR | Chatterbox (Field-Tested),-0.007554252280651322,-0.7554252280651321,0.007554252280651322,False,11.796357142857145,109.90500102471654,9.0
May 27 2016 01: +0,11.056,11,Galil AR | Chatterbox (Field-Tested),2016-05-27,11.056,11,Galil AR | Chatterbox (Field-Tested),-0.059772978092672825,-5.977297809267283,0.059772978092672825,True,11.723857142857144,110.86646630827121,9.142857142857142
May 28 2016 01: +0,11.11,6,Galil AR | Chatterbox (Field-Tested),2016-05-28,11.11,6,Galil AR | Chatterbox (Field-Tested),0.004872336626224639,0.48723366262246387,0.004872336626224639,False,11.64607142857143,108.42118627027556,9.071428571428571
May 29 2016 01: +0,10.921,7,Galil AR | Chatterbox (Field-Tested),2016-05-29,10.921,7,Galil AR | Chatterbox (Field-Tested),-0.01715806243594724,-1.715806243594724,0.01715806243594724,False,11.548857142857145,103.61819446256453,8.785714285714286
May 30 2016 01: +0,10.294,7,Galil AR | Chatterbox (Field-Tested),2016-05-30,10.294,7,Galil AR | Chatterbox (Field-Tested),-0.05912633998502842,-5.912633998502842,0.05912633998502842,True,11.424714285714288,99.81832274079957,8.642857142857142
May 31 2016 01: +0,10.333,7,Galil AR | Chatterbox (Field-Tested),2016-05-31,10.333,7,Galil AR | Chatterbox (Field-Tested),0.0037814560016550466,0.3781456001655047,0.0037814560016550466,False,11.313714285714287,99.81335285811875,8.857142857142858
Jun 01 2016 01: +0,10.936,14,Galil AR | Chatterbox (Field-Tested),2016-06-01,10.936,14,Galil AR | Chatterbox (Field-Tested),0.056717442189430596,5.67174421894306,0.056717442189430596,True,11.284428571428572,99.67433295846374,9.071428571428571
Jun 02 2016 01: +0,11.508,11,Galil AR | Chatterbox (Field-Tested),2016-06-02,11.508,11,Galil AR | Chatterbox (Field-Tested),0.050982346267653036,5.098234626765303,0.050982346267653036,True,11.285142857142858,100.54691166790491,9.0
Jun 03 2016 01: +0,10.819,10,Galil AR | Chatterbox (Field-Tested),2016-06-03,10.819,10,Galil AR | Chatterbox (Field-Tested),-0.061738597983865016,-6.173859798386502,0.061738597983865016,True,11.246071428571428,96.44060462532805,9.071428571428571
Jun 04 2016 01: +0,10.564,14,Galil AR | Chatterbox (Field-Tested),2016-06-04,10.564,14,Galil AR | Chatterbox (Field-Tested),-0.023851853270550644,-2.3851853270550643,0.023851853270550644,False,11.159857142857145,96.13500639153816,9.571428571428571
Jun 05 2016 01: +0,12.286,11,Galil AR | Chatterbox (Field-Tested),2016-06-05,12.286,11,Galil AR | Chatterbox (Field-Tested),0.1510084083068498,15.10084083068498,0.1510084083068498,True,11.178785714285715,110.2218925501345,9.857142857142858
Jun 06 2016 01: +0,10.143,14,Galil AR | Chatterbox (Field-Tested),2016-06-06,10.143,14,Galil AR | Chatterbox (Field-Tested),-0.19167659034787696,-19.167659034787697,0.19167659034787696,True,11.098500000000001,124.79708651105375,10.0
Jun 07 2016 01: +0,10.205,4,Galil AR | Chatterbox (Field-Tested),2016-06-07,10.205,4,Galil AR | Chatterbox (Field-Tested),0.006093983867949331,0.6093983867949331,0.006093983867949331,False,10.981285714285715,124.58470018719838,9.5
Jun 08 2016 01: +0,9.889,9,Galil AR | Chatterbox (Field-Tested),2016-06-08,9.889,9,Galil AR | Chatterbox (Field-Tested),-0.031454767973954474,-3.1454767973954474,0.031454767973954474,False,10.842928571428573,120.0828246838177,9.642857142857142
Jun 09 2016 01: +0,10.053,12,Galil AR | Chatterbox (Field-Tested),2016-06-09,10.053,12,Galil AR | Chatterbox (Field-Tested),0.016448069135429493,1.6448069135429493,0.016448069135429493,False,10.722642857142858,119.43647065642331,9.785714285714286
Jun 10 2016 01: +0,11.669,6,Galil AR | Chatterbox (Field-Tested),2016-06-10,11.669,6,Galil AR | Chatterbox (Field-Tested),0.14906465540068722,14.906465540068723,0.14906465540068722,True,10.766428571428573,130.20420436893787,9.428571428571429
Jun 11 2016 01: +0,11.081,11,Galil AR | Chatterbox (Field-Tested),2016-06-11,11.081,11,Galil AR | Chatterbox (Field-Tested),-0.05170382286978198,-5.170382286978198,0.05170382286978198,True,10.764357142857145,123.75536411058827,9.785714285714286
Jun 12 2016 01: +0,12.059,5,Galil AR | Chatterbox (Field-Tested),2016-06-12,12.059,5,Galil AR | Chatterbox (Field-Tested),0.08457933916726708,8.457933916726708,0.08457933916726708,True,10.84564285714286,123.98076651938219,9.642857142857142
Jun 13 2016 01: +0,10.374,7,Galil AR | Chatterbox (Field-Tested),2016-06-13,10.374,7,Galil AR | Chatterbox (Field-Tested),-0.15050859319224688,-15.050859319224688,0.15050859319224688,True,10.851357142857143,134.5295131105223,9.642857142857142
Jun 14 2016 01: +0,10.144,6,Galil AR | Chatterbox (Field-Tested),2016-06-14,10.144,6,Galil AR | Chatterbox (Field-Tested),-0.022420278234338342,-2.242027823433834,0.022420278234338342,False,10.837857142857144,134.58226661041726,9.571428571428571
Jun 15 2016 01: +0,10.35,7,Galil AR | Chatterbox (Field-Tested),2016-06-15,10.35,7,Galil AR | Chatterbox (Field-Tested),0.0201041220165079,2.01041220165079,0.0201041220165079,False,10.796000000000001,134.79003112049938,9.071428571428571
Jun 16 2016 01: +0,9.739,14,Galil AR | Chatterbox (Field-Tested),2016-06-16,9.739,14,Galil AR | Chatterbox (Field-Tested),-0.06084807673231573,-6.084807673231573,0.06084807673231573,True,10.66964285714286,136.17756986985677,9.285714285714286
Jun 17 2016 01: +0,10.803,7,Galil AR | Chatterbox (Field-Tested),2016-06-17,10.803,7,Galil AR | Chatterbox (Field-Tested),0.10368543035578572,10.368543035578572,0.10368543035578572,True,10.6685,140.64463376519734,9.071428571428571
Jun 18 2016 01: +0,10.139,8,Galil AR | Chatterbox (Field-Tested),2016-06-18,10.139,8,Galil AR | Chatterbox (Field-Tested),-0.06343449936440523,-6.343449936440523,0.06343449936440523,True,10.638142857142858,142.15764588255325,8.642857142857142
Jun 19 2016 01: +0,10.06,9,Galil AR | Chatterbox (Field-Tested),2016-06-19,10.06,9,Galil AR | Chatterbox (Field-Tested),-0.007822209298849466,-0.7822209298849466,0.007822209298849466,False,10.47914285714286,142.1393312026905,8.5
Jun 20 2016 01: +0,9.468,10,Galil AR | Chatterbox (Field-Tested),2016-06-20,9.468,10,Galil AR | Chatterbox (Field-Tested),-0.06064947301985569,-6.064947301985569,0.06064947301985569,True,10.430928571428572,142.74416665082154,8.214285714285714
Jun 21 2016 01: +0,9.474,13,Galil AR | Chatterbox (Field-Tested),2016-06-21,9.474,13,Galil AR | Chatterbox (Field-Tested),0.0006335128498225626,0.06335128498225626,0.0006335128498225626,False,10.378714285714286,142.41270047489795,8.857142857142858
Jun 22 2016 01: +0,9.219,11,Galil AR | Chatterbox (Field-Tested),2016-06-22,9.219,11,Galil AR | Chatterbox (Field-Tested),-0.027284632685102818,-2.7284632685102816,0.027284632685102818,False,10.330857142857145,141.12391133573024,9.0
Jun 23 2016 01: +0,8.993,18,Galil AR | Chatterbox (Field-Tested),2016-06-23,8.993,18,Galil AR | Chatterbox (Field-Tested),-0.024820074884078832,-2.4820074884078833,0.024820074884078832,False,10.25514285714286,139.74167657928226,9.428571428571429
Jun 24 2016 01: +0,8.463,14,Galil AR | Chatterbox (Field-Tested),2016-06-24,8.463,14,Galil AR | Chatterbox (Field-Tested),-0.06074277624440956,-6.074277624440956,0.06074277624440956,True,10.026142857142858,140.85668300305534,10.0
Jun 25 2016 01: +0,7.726,13,Galil AR | Chatterbox (Field-Tested),2016-06-25,7.726,13,Galil AR | Chatterbox (Field-Tested),-0.09111245644387926,-9.111245644387926,0.09111245644387926,True,9.786500000000002,143.5770843654271,10.142857142857142
Jun 26 2016 01: +0,6.865,26,Galil AR | Chatterbox (Field-Tested),2016-06-26,6.865,26,Galil AR | Chatterbox (Field-Tested),-0.11815522502415512,-11.815522502415513,0.11815522502415512,True,9.4155,147.31826769166804,11.642857142857142
Jun 27 2016 01: +0,7.335,15,Galil AR | Chatterbox (Field-Tested),2016-06-27,7.335,15,Galil AR | Chatterbox (Field-Tested),0.06622137237501066,6.622137237501066,0.06622137237501066,True,9.198428571428574,149.93711682268145,12.214285714285714
Jun 28 2016 01: +0,7.091,10,Galil AR | Chatterbox (Field-Tested),2016-06-28,7.091,10,Galil AR | Chatterbox (Field-Tested),-0.033831037273085375,-3.3831037273085376,0.033831037273085375,False,8.980357142857143,150.0962638205381,12.5
Jun 29 2016 01: +0,8.947,11,Galil AR | Chatterbox (Field-Tested),2016-06-29,8.947,11,Galil AR | Chatterbox (Field-Tested),0.2324919062435992,23.24919062435992,0.2324919062435992,True,8.88014285714286,172.0232137059505,12.785714285714286
Jun 30 2016 01: +0,8.605,9,Galil AR | Chatterbox (Field-Tested),2016-06-30,8.605,9,Galil AR | Chatterbox (Field-Tested),-0.03897485090195604,-3.8974850901956044,0.03897485090195604,False,8.799142857142858,172.4047346951193,12.428571428571429
Jul 01 2016 01: +0,8.041,15,Galil AR | Chatterbox (Field-Tested),2016-07-01,8.041,15,Galil AR | Chatterbox (Field-Tested),-0.06778997609749077,-6.7789976097490765,0.06778997609749077,True,8.601857142857144,172.164710571121,13.0
Jul 02 2016 01: +0,7.983,19,Galil AR | Chatterbox (Field-Tested),2016-07-02,7.983,19,Galil AR | Chatterbox (Field-Tested),-0.007239172902350263,-0.7239172902350264,0.007239172902350263,False,8.447857142857144,170.75039283589035,13.785714285714286
Jul 03 2016 01: +0,7.749,15,Galil AR | Chatterbox (Field-Tested),2016-07-03,7.749,15,Galil AR | Chatterbox (Field-Tested),-0.029750477881848682,-2.975047788184868,0.029750477881848682,False,8.282785714285714,169.94476769127226,14.214285714285714
Jul 04 2016 01: +0,7.855,13,Galil AR | Chatterbox (Field-Tested),2016-07-04,7.855,13,Galil AR | Chatterbox (Field-Tested),0.013586468925771505,1.3586468925771507,0.013586468925771505,False,8.16757142857143,170.093541410097,14.428571428571429
Jul 05 2016 01: +0,8.509,17,Galil AR | Chatterbox (Field-Tested),2016-07-05,8.509,17,Galil AR | Chatterbox (Field-Tested),0.07997415515983576,7.997415515983576,0.07997415515983576,True,8.098642857142858,163.3062569307607,14.714285714285714
Jul 06 2016 01: +0,8.354,12,Galil AR | Chatterbox (Field-Tested),2016-07-06,8.354,12,Galil AR | Chatterbox (Field-Tested),-0.01838396079243678,-1.838396079243678,0.01838396079243678,False,8.036857142857144,149.9848335802048,14.785714285714286
Jul 07 2016 01: +0,7.851,9,Galil AR | Chatterbox (Field-Tested),2016-07-07,7.851,9,Galil AR | Chatterbox (Field-Tested),-0.06209955385886503,-6.209955385886503,0.06209955385886503,True,7.955285714285715,151.14762158637006,14.142857142857142
Jul 08 2016 01: +0,9.255,13,Galil AR | Chatterbox (Field-Tested),2016-07-08,9.255,13,Galil AR | Chatterbox (Field-Tested),0.16452303380934233,16.452303380934232,0.16452303380934233,True,8.011857142857144,162.47455017283022,14.071428571428571
Jul 09 2016 01: +0,8.838,18,Galil AR | Chatterbox (Field-Tested),2016-07-09,8.838,18,Galil AR | Chatterbox (Field-Tested),-0.04610333931691284,-4.610333931691284,0.04610333931691284,False,8.091285714285716,163.03453363470902,14.428571428571429
Jul 10 2016 01: +0,9.224,15,Galil AR | Chatterbox (Field-Tested),2016-07-10,9.224,15,Galil AR | Chatterbox (Field-Tested),0.04274817625820986,4.274817625820986,0.04274817625820986,False,8.259785714285716,154.4384672810888,13.642857142857142
Jul 11 2016 01: +0,8.871,14,Galil AR | Chatterbox (Field-Tested),2016-07-11,8.871,14,Galil AR | Chatterbox (Field-Tested),-0.03902125342830802,-3.902125342830802,0.03902125342830802,False,8.3695,154.04793587959162,13.571428571428571
Jul 12 2016 01: +0,8.35,7,Galil AR | Chatterbox (Field-Tested),2016-07-12,8.35,7,Galil AR | Chatterbox (Field-Tested),-0.06052599067568584,-6.052599067568584,0.06052599067568584,True,8.459428571428573,151.43414491978567,13.357142857142858
Jul 13 2016 01: +0,8.627,13,Galil AR | Chatterbox (Field-Tested),2016-07-13,8.627,13,Galil AR | Chatterbox (Field-Tested),0.032635281231677755,3.2635281231677755,0.032635281231677755,False,8.43657142857143,143.6639135002438,13.5
Jul 14 2016 01: +0,9.076,11,Galil AR | Chatterbox (Field-Tested),2016-07-14,9.076,11,Galil AR | Chatterbox (Field-Tested),0.050736746823153475,5.073674682315348,0.050736746823153475,True,8.470214285714286,144.88199578719514,13.642857142857142
Jul 15 2016 01: +0,9.412,10,Galil AR | Chatterbox (Field-Tested),2016-07-15,9.412,10,Galil AR | Chatterbox (Field-Tested),0.036351903947520685,3.6351903947520685,0.036351903947520685,False,8.568142857142858,145.32826064367234,13.285714285714286
Jul 16 2016 01: +0,8.872,10,Galil AR | Chatterbox (Field-Tested),2016-07-16,8.872,10,Galil AR | Chatterbox (Field-Tested),-0.059085220817050275,-5.908522081705027,0.059085220817050275,True,8.63164285714286,145.24147181497747,12.642857142857142
Jul 17 2016 01: +0,9.038,16,Galil AR | Chatterbox (Field-Tested),2016-07-17,9.038,16,Galil AR | Chatterbox (Field-Tested),0.01853766094102207,1.853766094102207,0.01853766094102207,False,8.723714285714287,140.31465906351957,12.714285714285714
Jul 18 2016 01: +0,9.186,9,Galil AR | Chatterbox (Field-Tested),2016-07-18,9.186,9,Galil AR | Chatterbox (Field-Tested),0.016242674914513696,1.6242674914513695,0.016242674914513696,False,8.818785714285715,138.951699499732,12.428571428571429
Jul 19 2016 01: +0,9.236,12,Galil AR | Chatterbox (Field-Tested),2016-07-19,9.236,12,Galil AR | Chatterbox (Field-Tested),0.005428305588647203,0.5428305588647203,0.005428305588647203,False,8.870714285714287,138.97417194200003,12.071428571428571
Jul 20 2016 01: +0,9.291,8,Galil AR | Chatterbox (Field-Tested),2016-07-20,9.291,8,Galil AR | Chatterbox (Field-Tested),0.0059372981669264845,0.5937298166926485,0.0059372981669264845,False,8.937642857142858,137.42065660520967,11.785714285714286
Jul 21 2016 01: +0,9.142,8,Galil AR | Chatterbox (Field-Tested),2016-07-21,9.142,8,Galil AR | Chatterbox (Field-Tested),-0.016167009749622926,-1.6167009749622925,0.016167009749622926,False,9.029857142857145,137.526138232335,11.714285714285714
Jul 22 2016 01: +0,8.7,9,Galil AR | Chatterbox (Field-Tested),2016-07-22,8.7,9,Galil AR | Chatterbox (Field-Tested),-0.04955615424901461,-4.9556154249014615,0.04955615424901461,False,8.990214285714286,138.27540241450112,11.428571428571429
Jul 23 2016 01: +0,7.957,8,Galil AR | Chatterbox (Field-Tested),2016-07-23,7.957,8,Galil AR | Chatterbox (Field-Tested),-0.08927098126514026,-8.927098126514025,0.08927098126514026,True,8.927285714285714,141.41011985452403,10.714285714285714
Jul 24 2016 01: +0,8.323,10,Galil AR | Chatterbox (Field-Tested),2016-07-24,8.323,10,Galil AR | Chatterbox (Field-Tested),0.044970722368560416,4.497072236856042,0.044970722368560416,False,8.862928571428572,140.88524125505845,10.357142857142858
Jul 25 2016 01: +0,8.447,10,Galil AR | Chatterbox (Field-Tested),2016-07-25,8.447,10,Galil AR | Chatterbox (Field-Tested),0.014788581981401424,1.4788581981401423,0.014788581981401424,False,8.832642857142858,137.10983606239512,10.071428571428571
Jul 26 2016 01: +0,8.829,10,Galil AR | Chatterbox (Field-Tested),2016-07-26,8.829,10,Galil AR | Chatterbox (Field-Tested),0.044230409174085966,4.4230409174085965,0.044230409174085966,False,8.866857142857144,130.598706480364,10.285714285714286
Jul 27 2016 01: +0,7.957,5,Galil AR | Chatterbox (Field-Tested),2016-07-27,7.957,5,Galil AR | Chatterbox (Field-Tested),-0.10398971352404775,-10.398971352404775,0.10398971352404775,True,8.819,134.54714673391382,9.714285714285714
Jul 28 2016 01: +0,8.36,8,Galil AR | Chatterbox (Field-Tested),2016-07-28,8.36,8,Galil AR | Chatterbox (Field-Tested),0.049406382701212434,4.9406382701212435,0.049406382701212434,False,8.767857142857144,134.83394488802392,9.5
Jul 29 2016 01: +0,8.063,11,Galil AR | Chatterbox (Field-Tested),2016-07-29,8.063,11,Galil AR | Chatterbox (Field-Tested),-0.036172731393725094,-3.6172731393725095,0.036172731393725094,False,8.6715,107.74983193997639,9.571428571428571
Jul 30 2016 01: +0,8.624,10,Galil AR | Chatterbox (Field-Tested),2016-07-30,8.624,10,Galil AR | Chatterbox (Field-Tested),0.06726331846375644,6.726331846375643,0.06726331846375644,True,8.653785714285716,109.69807176796964,9.571428571428571
Jul 31 2016 01: +0,8.601,8,Galil AR | Chatterbox (Field-Tested),2016-07-31,8.601,8,Galil AR | Chatterbox (Field-Tested),-0.0026705385972987934,-0.26705385972987933,0.0026705385972987934,False,8.62257142857143,106.94471433225962,9.0
Aug 01 2016 01: +0,7.726,7,Galil AR | Chatterbox (Field-Tested),2016-08-01,7.726,7,Galil AR | Chatterbox (Field-Tested),-0.10728721132525301,-10.728721132525301,0.10728721132525301,True,8.518285714285716,113.55105040848505,8.857142857142858
Aug 02 2016 01: +0,7.762,19,Galil AR | Chatterbox (Field-Tested),2016-08-02,7.762,19,Galil AR | Chatterbox (Field-Tested),0.00464876870262488,0.46487687026248803,0.00464876870262488,False,8.413000000000002,113.09130079429765,9.357142857142858
Aug 03 2016 01: +0,8.552,11,Galil AR | Chatterbox (Field-Tested),2016-08-03,8.552,11,Galil AR | Chatterbox (Field-Tested),0.09692514077602962,9.692514077602961,0.09692514077602962,True,8.360214285714287,117.97672482537662,9.571428571428571
Aug 04 2016 01: +0,8.137,14,Galil AR | Chatterbox (Field-Tested),2016-08-04,8.137,14,Galil AR | Chatterbox (Field-Tested),-0.0497436120082238,-4.97436120082238,0.0497436120082238,False,8.288428571428572,115.96070789363111,10.0
Aug 05 2016 01: +0,8.327,10,Galil AR | Chatterbox (Field-Tested),2016-08-05,8.327,10,Galil AR | Chatterbox (Field-Tested),0.023081685539161997,2.3081685539162,0.023081685539161997,False,8.261785714285715,116.1022948752523,10.071428571428571
Aug 06 2016 01: +0,8.385,14,Galil AR | Chatterbox (Field-Tested),2016-08-06,8.385,14,Galil AR | Chatterbox (Field-Tested),0.006941148021489986,0.6941148021489987,0.006941148021489986,False,8.292357142857144,113.93996465436618,10.5
Aug 07 2016 01: +0,8.897,3,Galil AR | Chatterbox (Field-Tested),2016-08-07,8.897,3,Galil AR | Chatterbox (Field-Tested),0.05926974598745824,5.926974598745824,0.05926974598745824,True,8.333357142857142,100.14629846411431,10.0
Aug 08 2016 01: +0,8.37,7,Galil AR | Chatterbox (Field-Tested),2016-08-08,8.37,7,Galil AR | Chatterbox (Field-Tested),-0.06106025676124642,-6.106025676124642,0.06106025676124642,True,8.327857142857145,101.1193748037552,9.785714285714286
Aug 09 2016 01: +0,8.114,8,Galil AR | Chatterbox (Field-Tested),2016-08-09,8.114,8,Galil AR | Chatterbox (Field-Tested),-0.03106291971712827,-3.1062919717128272,0.03106291971712827,False,8.276785714285715,100.29964550358656,9.642857142857142
Aug 10 2016 01: +0,7.781,11,Galil AR | Chatterbox (Field-Tested),2016-08-10,7.781,11,Galil AR | Chatterbox (Field-Tested),-0.041906100149462534,-4.1906100149462535,0.041906100149462534,False,8.264214285714287,100.43039602569415,10.071428571428571
Aug 11 2016 01: +0,8.541,6,Galil AR | Chatterbox (Field-Tested),2016-08-11,8.541,6,Galil AR | Chatterbox (Field-Tested),0.09319323232921724,9.319323232921723,0.09319323232921724,True,8.27714285714286,103.86652723285728,9.928571428571429
Aug 12 2016 01: +0,8.778,11,Galil AR | Chatterbox (Field-Tested),2016-08-12,8.778,11,Galil AR | Chatterbox (Field-Tested),0.027370494302032165,2.7370494302032164,0.027370494302032165,False,8.328214285714287,103.67919873446986,9.928571428571429
Aug 13 2016 01: +0,8.311,5,Galil AR | Chatterbox (Field-Tested),2016-08-13,8.311,5,Galil AR | Chatterbox (Field-Tested),-0.05466865269515307,-5.466865269515307,0.05466865269515307,True,8.305857142857144,103.77992775817913,9.571428571428571
Aug 14 2016 01: +0,7.902,6,Galil AR | Chatterbox (Field-Tested),2016-08-14,7.902,6,Galil AR | Chatterbox (Field-Tested),-0.05046404658169023,-5.046404658169023,0.05046404658169023,True,8.255928571428573,104.06109028003898,9.428571428571429
Aug 15 2016 01: +0,8.03,6,Galil AR | Chatterbox (Field-Tested),2016-08-15,8.03,6,Galil AR | Chatterbox (Field-Tested),0.016068635969471275,1.6068635969471274,0.016068635969471275,False,8.277642857142858,102.5104516891016,9.357142857142858
Aug 16 2016 01: +0,8.209,8,Galil AR | Chatterbox (Field-Tested),2016-08-16,8.209,8,Galil AR | Chatterbox (Field-Tested),0.02204658540745885,2.2046585407458847,0.02204658540745885,False,8.309571428571429,102.61189305347497,8.571428571428571
Aug 17 2016 01: +0,7.916,8,Galil AR | Chatterbox (Field-Tested),2016-08-17,7.916,8,Galil AR | Chatterbox (Field-Tested),-0.03634508562580968,-3.634508562580968,0.03634508562580968,False,8.26414285714286,102.99611959401618,8.357142857142858
Aug 18 2016 01: +0,8.055,16,Galil AR | Chatterbox (Field-Tested),2016-08-18,8.055,16,Galil AR | Chatterbox (Field-Tested),0.017406988888618375,1.7406988888618375,0.017406988888618375,False,8.258285714285716,103.23265965434696,8.5
Aug 19 2016 01: +0,8.279,11,Galil AR | Chatterbox (Field-Tested),2016-08-19,8.279,11,Galil AR | Chatterbox (Field-Tested),0.02742917152773109,2.742917152773109,0.02742917152773109,False,8.254857142857144,103.77848244474373,8.571428571428571
Aug 20 2016 01: +0,7.849,16,Galil AR | Chatterbox (Field-Tested),2016-08-20,7.849,16,Galil AR | Chatterbox (Field-Tested),-0.05333605301199212,-5.333605301199212,0.05333605301199212,True,8.216571428571429,105.13494947928011,8.714285714285714
Aug 21 2016 01: +0,8.189,17,Galil AR | Chatterbox (Field-Tested),2016-08-21,8.189,17,Galil AR | Chatterbox (Field-Tested),0.04240565514337447,4.240565514337447,0.04240565514337447,False,8.166000000000002,105.13221422387873,9.714285714285714
Aug 22 2016 01: +0,8.041,9,Galil AR | Chatterbox (Field-Tested),2016-08-22,8.041,9,Galil AR | Chatterbox (Field-Tested),-0.018238336722039207,-1.8238336722039208,0.018238336722039207,False,8.142500000000002,100.53121231103258,9.857142857142858
Aug 23 2016 01: +0,8.066,11,Galil AR | Chatterbox (Field-Tested),2016-08-23,8.066,11,Galil AR | Chatterbox (Field-Tested),0.0031042428851644805,0.31042428851644804,0.0031042428851644805,False,8.13907142857143,99.24481704353397,10.071428571428571
Aug 24 2016 01: +0,7.438,10,Galil AR | Chatterbox (Field-Tested),2016-08-24,7.438,10,Galil AR | Chatterbox (Field-Tested),-0.08105570094829823,-8.105570094829822,0.08105570094829823,True,8.11457142857143,102.8842112864509,10.0
Aug 25 2016 01: +0,9.141,13,Galil AR | Chatterbox (Field-Tested),2016-08-25,9.141,13,Galil AR | Chatterbox (Field-Tested),0.20616779316880335,20.616779316880336,0.20616779316880335,True,8.157428571428571,125.50518580831971,10.5
Aug 26 2016 01: +0,8.288,10,Galil AR | Chatterbox (Field-Tested),2016-08-26,8.288,10,Galil AR | Chatterbox (Field-Tested),-0.09796110315455443,-9.796110315455444,0.09796110315455443,True,8.122428571428573,124.88557791128963,10.428571428571429
Aug 27 2016 01: +0,8.959,12,Galil AR | Chatterbox (Field-Tested),2016-08-27,8.959,12,Galil AR | Chatterbox (Field-Tested),0.07784992809831394,7.784992809831394,0.07784992809831394,True,8.168714285714286,126.64461746812445,10.928571428571429
Aug 28 2016 01: +0,8.214,12,Galil AR | Chatterbox (Field-Tested),2016-08-28,8.214,12,Galil AR | Chatterbox (Field-Tested),-0.08681859808107446,-8.681859808107447,0.08681859808107446,True,8.191,129.77480622829665,11.357142857142858
Aug 29 2016 01: +0,8.158,10,Galil AR | Chatterbox (Field-Tested),2016-08-29,8.158,10,Galil AR | Chatterbox (Field-Tested),-0.006840974639000223,-0.6840974639000224,0.006840974639000223,False,8.200142857142858,127.539970739212,11.642857142857142
Aug 30 2016 01: +0,8.628,10,Galil AR | Chatterbox (Field-Tested),2016-08-30,8.628,10,Galil AR | Chatterbox (Field-Tested),0.05601368763154341,5.6013687631543405,0.05601368763154341,True,8.23007142857143,129.12531855923172,11.785714285714286
Aug 31 2016 01: +0,8.169,9,Galil AR | Chatterbox (Field-Tested),2016-08-31,8.169,9,Galil AR | Chatterbox (Field-Tested),-0.05466622616717764,-5.466622616717764,0.05466622616717764,True,8.248142857142858,124.85083790014416,11.857142857142858
Sep 01 2016 01: +0,8.384,14,Galil AR | Chatterbox (Field-Tested),2016-09-01,8.384,14,Galil AR | Chatterbox (Field-Tested),0.025978625218954082,2.5978625218954083,0.025978625218954082,False,8.27164285714286,125.13219852677622,11.714285714285714
Sep 02 2016 01: +0,8.636,6,Galil AR | Chatterbox (Field-Tested),2016-09-02,8.636,6,Galil AR | Chatterbox (Field-Tested),0.029614385073874438,2.961438507387444,0.029614385073874438,False,8.297142857142859,120.87418790715793,11.357142857142858
Sep 03 2016 01: +0,8.803,15,Galil AR | Chatterbox (Field-Tested),2016-09-03,8.803,15,Galil AR | Chatterbox (Field-Tested),0.019153059826208404,1.9153059826208403,0.019153059826208404,False,8.365285714285715,119.6651116651397,11.285714285714286
Sep 04 2016 01: +0,8.118,9,Galil AR | Chatterbox (Field-Tested),2016-09-04,8.118,9,Galil AR | Chatterbox (Field-Tested),-0.08100875406206308,-8.100875406206308,0.08100875406206308,True,8.360214285714287,122.88978279049651,10.714285714285714
Sep 05 2016 01: +0,7.734,10,Galil AR | Chatterbox (Field-Tested),2016-09-05,7.734,10,Galil AR | Chatterbox (Field-Tested),-0.04845762523160071,-4.8457625231600705,0.04845762523160071,False,8.338285714285716,123.96243347626678,10.785714285714286
Sep 06 2016 01: +0,8.419,8,Galil AR | Chatterbox (Field-Tested),2016-09-06,8.419,8,Galil AR | Chatterbox (Field-Tested),0.08486486317042166,8.486486317042166,0.08486486317042166,True,8.3635,125.87937219779792,10.571428571428571
Sep 07 2016 01: +0,7.829,14,Galil AR | Chatterbox (Field-Tested),2016-09-07,7.829,14,Galil AR | Chatterbox (Field-Tested),-0.07265626842974986,-7.265626842974986,0.07265626842974986,True,8.391428571428571,126.62874083177091,10.857142857142858
Sep 08 2016 01: +0,8.448,9,Galil AR | Chatterbox (Field-Tested),2016-09-08,8.448,9,Galil AR | Chatterbox (Field-Tested),0.0760949390381285,7.60949390381285,0.0760949390381285,True,8.341928571428573,129.05074415410743,10.571428571428571
Sep 09 2016 01: +0,8.475,8,Galil AR | Chatterbox (Field-Tested),2016-09-09,8.475,8,Galil AR | Chatterbox (Field-Tested),0.0031909263026082785,0.31909263026082785,0.0031909263026082785,False,8.355285714285715,128.10367082222479,10.428571428571429
Sep 10 2016 01: +0,8.854,12,Galil AR | Chatterbox (Field-Tested),2016-09-10,8.854,12,Galil AR | Chatterbox (Field-Tested),0.04374868104343525,4.374868104343525,0.04374868104343525,False,8.347785714285715,124.83398273600861,10.428571428571429
Sep 11 2016 01: +0,7.81,12,Galil AR | Chatterbox (Field-Tested),2016-09-11,7.81,12,Galil AR | Chatterbox (Field-Tested),-0.12546437045835465,-12.546437045835464,0.12546437045835465,True,8.318928571428573,131.97963936601076,10.428571428571429
Sep 12 2016 01: +0,7.917,8,Galil AR | Chatterbox (Field-Tested),2016-09-12,7.917,8,Galil AR | Chatterbox (Field-Tested),0.013607382337702072,1.3607382337702072,0.013607382337702072,False,8.301714285714286,130.81724692572413,10.285714285714286
Sep 13 2016 01: +0,8.657,10,Galil AR | Chatterbox (Field-Tested),2016-09-13,8.657,10,Galil AR | Chatterbox (Field-Tested),0.08935589604434008,8.935589604434007,0.08935589604434008,True,8.303785714285715,133.31366397549428,10.285714285714286
Sep 14 2016 01: +0,8.58,8,Galil AR | Chatterbox (Field-Tested),2016-09-14,8.58,8,Galil AR | Chatterbox (Field-Tested),-0.008934328733765855,-0.8934328733765855,0.008934328733765855,False,8.333142857142857,133.29142287241112,10.214285714285714
Sep 15 2016 01: +0,10.329,5,Galil AR | Chatterbox (Field-Tested),2016-09-15,10.329,5,Galil AR | Chatterbox (Field-Tested),0.18552155952462562,18.552155952462563,0.18552155952462562,True,8.472071428571429,147.76463832935102,9.571428571428571
Sep 16 2016 01: +0,12.06,8,Galil AR | Chatterbox (Field-Tested),2016-09-16,12.06,8,Galil AR | Chatterbox (Field-Tested),0.154938718274543,15.493871827454301,0.154938718274543,True,8.716642857142858,155.45852683612728,9.714285714285714
Sep 17 2016 01: +0,11.315,5,Galil AR | Chatterbox (Field-Tested),2016-09-17,11.315,5,Galil AR | Chatterbox (Field-Tested),-0.06376491221353883,-6.376491221353883,0.06376491221353883,True,8.89607142857143,157.79756726611177,9.0
Sep 18 2016 01: +0,8.847,7,Galil AR | Chatterbox (Field-Tested),2016-09-18,8.847,7,Galil AR | Chatterbox (Field-Tested),-0.2460508605842518,-24.60508605842518,0.2460508605842518,True,8.948142857142859,181.3594387396538,8.857142857142858
Sep 19 2016 01: +0,9.355,11,Galil AR | Chatterbox (Field-Tested),2016-09-19,9.355,11,Galil AR | Chatterbox (Field-Tested),0.05583254122480415,5.583254122480414,0.05583254122480415,True,9.063928571428573,181.14846180506134,8.928571428571429
Sep 20 2016 01: +0,9.891,7,Galil AR | Chatterbox (Field-Tested),2016-09-20,9.891,7,Galil AR | Chatterbox (Field-Tested),0.05571429303165075,5.571429303165075,0.05571429303165075,True,9.16907142857143,181.5455240998284,8.857142857142858
Sep 21 2016 01: +0,9.7,6,Galil AR | Chatterbox (Field-Tested),2016-09-21,9.7,6,Galil AR | Chatterbox (Field-Tested),-0.019499367248366654,-1.9499367248366655,0.019499367248366654,False,9.302714285714288,181.56750337426655,8.285714285714286
Sep 22 2016 01: +0,9.356,9,Galil AR | Chatterbox (Field-Tested),2016-09-22,9.356,9,Galil AR | Chatterbox (Field-Tested),-0.036108036787404506,-3.6108036787404507,0.036108036787404506,False,9.367571428571429,182.16725249989386,8.285714285714286
Sep 23 2016 01: +0,9.651,6,Galil AR | Chatterbox (Field-Tested),2016-09-23,9.651,6,Galil AR | Chatterbox (Field-Tested),0.03104368820306631,3.104368820306631,0.03104368820306631,False,9.451571428571429,179.68588316425047,8.142857142857142
Sep 24 2016 01: +0,9.744,4,Galil AR | Chatterbox (Field-Tested),2016-09-24,9.744,4,Galil AR | Chatterbox (Field-Tested),0.009590174042542228,0.9590174042542229,0.009590174042542228,False,9.515142857142859,164.97362420110844,7.571428571428571
Sep 25 2016 01: +0,9.412,11,Galil AR | Chatterbox (Field-Tested),2016-09-25,9.412,11,Galil AR | Chatterbox (Field-Tested),-0.03466624010242503,-3.4666240102425028,0.03466624010242503,False,9.62957142857143,161.58278403244114,7.5
Sep 26 2016 01: +0,8.728,2,Galil AR | Chatterbox (Field-Tested),2016-09-26,8.728,2,Galil AR | Chatterbox (Field-Tested),-0.07544922233434644,-7.544922233434644,0.07544922233434644,True,9.6875,161.6405545505008,7.071428571428571
Sep 27 2016 01: +0,9.772,11,Galil AR | Chatterbox (Field-Tested),2016-09-27,9.772,11,Galil AR | Chatterbox (Field-Tested),0.11298490486472433,11.298490486472433,0.11298490486472433,True,9.767142857142858,163.2850232161946,7.142857142857143
Sep 28 2016 01: +0,9.534,5,Galil AR | Chatterbox (Field-Tested),2016-09-28,9.534,5,Galil AR | Chatterbox (Field-Tested),-0.024656796612860056,-2.4656796612860057,0.024656796612860056,False,9.835285714285716,163.57646284871586,6.928571428571429
Sep 29 2016 01: +0,9.988,6,Galil AR | Chatterbox (Field-Tested),2016-09-29,9.988,6,Galil AR | Chatterbox (Field-Tested),0.0465200156348927,4.65200156348927,0.0465200156348927,False,9.810928571428573,163.2384158307514,7.0
Sep 30 2016 01: +0,9.468,7,Galil AR | Chatterbox (Field-Tested),2016-09-30,9.468,7,Galil AR | Chatterbox (Field-Tested),-0.053466680765789296,-5.346668076578929,0.053466680765789296,True,9.625785714285715,163.18387022854046,6.928571428571429
Oct 01 2016 01: +0,10.378,10,Galil AR | Chatterbox (Field-Tested),2016-10-01,10.378,10,Galil AR | Chatterbox (Field-Tested),0.09177048929381039,9.177048929381039,0.09177048929381039,True,9.558857142857144,165.8444884120596,7.285714285714286
Oct 02 2016 01: +0,10.881,6,Galil AR | Chatterbox (Field-Tested),2016-10-02,10.881,6,Galil AR | Chatterbox (Field-Tested),0.047329968023327076,4.732996802332708,0.047329968023327076,False,9.704142857142857,166.26161917506536,7.214285714285714
Oct 03 2016 01: +0,9.871,6,Galil AR | Chatterbox (Field-Tested),2016-10-03,9.871,6,Galil AR | Chatterbox (Field-Tested),-0.09741698353312403,-9.741698353312403,0.09741698353312403,True,9.741000000000001,170.17698658664304,6.857142857142857
Oct 04 2016 01: +0,8.746,11,Galil AR | Chatterbox (Field-Tested),2016-10-04,8.746,11,Galil AR | Chatterbox (Field-Tested),-0.12100471244502208,-12.100471244502208,0.12100471244502208,True,9.659214285714286,173.23064080868414,7.142857142857143
Oct 05 2016 01: +0,9.225,4,Galil AR | Chatterbox (Field-Tested),2016-10-05,9.225,4,Galil AR | Chatterbox (Field-Tested),0.053320736935861986,5.3320736935861985,0.053320736935861986,True,9.625285714285715,173.10129433981268,7.0
Oct 06 2016 01: +0,8.267,7,Galil AR | Chatterbox (Field-Tested),2016-10-06,8.267,7,Galil AR | Chatterbox (Field-Tested),-0.1096455036560524,-10.96455036560524,0.1096455036560524,True,9.547500000000001,175.21335285328084,6.857142857142857
Oct 07 2016 01: +0,8.742,11,Galil AR | Chatterbox (Field-Tested),2016-10-07,8.742,11,Galil AR | Chatterbox (Field-Tested),0.055867310170584474,5.586731017058447,0.055867310170584474,True,9.48257142857143,174.2942450243416,7.214285714285714
Oct 08 2016 01: +0,9.364,11,Galil AR | Chatterbox (Field-Tested),2016-10-08,9.364,11,Galil AR | Chatterbox (Field-Tested),0.0687335531875415,6.87335531875415,0.0687335531875415,True,9.455428571428572,173.9278108241822,7.714285714285714
Oct 09 2016 01: +0,9.112,7,Galil AR | Chatterbox (Field-Tested),2016-10-09,9.112,7,Galil AR | Chatterbox (Field-Tested),-0.027280323483783443,-2.728032348378344,0.027280323483783443,False,9.434000000000001,174.25755435092577,7.428571428571429
Oct 10 2016 01: +0,10.226,11,Galil AR | Chatterbox (Field-Tested),2016-10-10,10.226,11,Galil AR | Chatterbox (Field-Tested),0.1153412705129265,11.53412705129265,0.1153412705129265,True,9.541,178.14090773700443,8.071428571428571
Oct 11 2016 01: +0,11.791,9,Galil AR | Chatterbox (Field-Tested),2016-10-11,11.791,9,Galil AR | Chatterbox (Field-Tested),0.14240303193672868,14.240303193672869,0.14240303193672868,True,9.685214285714286,177.9899561589725,7.928571428571429
Oct 12 2016 01: +0,11.517,5,Galil AR | Chatterbox (Field-Tested),2016-10-12,11.517,5,Galil AR | Chatterbox (Field-Tested),-0.023512323907765975,-2.3512323907765973,0.023512323907765975,False,9.826857142857145,178.463501087644,7.928571428571429
Oct 13 2016 01: +0,10.193,9,Galil AR | Chatterbox (Field-Tested),2016-10-13,10.193,9,Galil AR | Chatterbox (Field-Tested),-0.12212299450049466,-12.212299450049466,0.12212299450049466,True,9.8415,182.2055206736942,8.142857142857142
Oct 14 2016 01: +0,9.331,8,Galil AR | Chatterbox (Field-Tested),2016-10-14,9.331,8,Galil AR | Chatterbox (Field-Tested),-0.08835901993439083,-8.835901993439082,0.08835901993439083,True,9.831714285714286,185.07791746514016,8.214285714285714
Oct 15 2016 01: +0,9.299,9,Galil AR | Chatterbox (Field-Tested),2016-10-15,9.299,9,Galil AR | Chatterbox (Field-Tested),-0.0034353227558247255,-0.34353227558247257,0.0034353227558247255,False,9.754642857142859,172.93527648581576,8.142857142857142
Oct 16 2016 01: +0,8.655,8,Galil AR | Chatterbox (Field-Tested),2016-10-16,8.655,8,Galil AR | Chatterbox (Field-Tested),-0.07176967886788768,-7.176967886788768,0.07176967886788768,True,9.59564285714286,164.6754544235143,8.285714285714286
Oct 17 2016 01: +0,8.339,8,Galil AR | Chatterbox (Field-Tested),2016-10-17,8.339,8,Galil AR | Chatterbox (Field-Tested),-0.0371938835233242,-3.71938835233242,0.0371938835233242,False,9.486214285714286,163.86388953358937,8.428571428571429
Oct 18 2016 01: +0,8.473,5,Galil AR | Chatterbox (Field-Tested),2016-10-18,8.473,5,Galil AR | Chatterbox (Field-Tested),0.01594133211147881,1.5941332111478812,0.01594133211147881,False,9.466714285714287,140.16585301409035,8.0
Oct 19 2016 01: +0,7.724,11,Galil AR | Chatterbox (Field-Tested),2016-10-19,7.724,11,Galil AR | Chatterbox (Field-Tested),-0.09255227265005904,-9.255227265005903,0.09255227265005904,True,9.3595,142.07776389618502,8.5
Oct 20 2016 01: +0,8.223,8,Galil AR | Chatterbox (Field-Tested),2016-10-20,8.223,8,Galil AR | Chatterbox (Field-Tested),0.06260274142249055,6.260274142249054,0.06260274142249055,True,9.356357142857146,142.47647276673027,8.571428571428571
Oct 21 2016 01: +0,8.373,6,Galil AR | Chatterbox (Field-Tested),2016-10-21,8.373,6,Galil AR | Chatterbox (Field-Tested),0.018077137233536288,1.8077137233536287,0.018077137233536288,False,9.33,142.6363463645926,8.214285714285714
Oct 22 2016 01: +0,8.307,12,Galil AR | Chatterbox (Field-Tested),2016-10-22,8.307,12,Galil AR | Chatterbox (Field-Tested),-0.00791371036536019,-0.7913710365360189,0.00791371036536019,False,9.254500000000002,142.19838260589873,8.285714285714286
Oct 23 2016 01: +0,7.607,11,Galil AR | Chatterbox (Field-Tested),2016-10-23,7.607,11,Galil AR | Chatterbox (Field-Tested),-0.08802965684177042,-8.80296568417704,0.08802965684177042,True,9.147000000000002,144.55490021248528,8.571428571428571
Oct 24 2016 01: +0,7.423,9,Galil AR | Chatterbox (Field-Tested),2016-10-24,7.423,9,Galil AR | Chatterbox (Field-Tested),-0.024485587879754238,-2.448558787975424,0.024485587879754238,False,8.946785714285715,144.52364580609975,8.428571428571429
Oct 25 2016 01: +0,7.596,11,Galil AR | Chatterbox (Field-Tested),2016-10-25,7.596,11,Galil AR | Chatterbox (Field-Tested),0.023038504814629483,2.3038504814629484,0.023038504814629483,False,8.647142857142857,144.6388482632615,8.571428571428571
Oct 26 2016 01: +0,7.695,6,Galil AR | Chatterbox (Field-Tested),2016-10-26,7.695,6,Galil AR | Chatterbox (Field-Tested),0.0129489743408031,1.2948974340803099,0.0129489743408031,False,8.374142857142859,142.6577598150838,8.642857142857142
Oct 27 2016 01: +0,7.961,11,Galil AR | Chatterbox (Field-Tested),2016-10-27,7.961,11,Galil AR | Chatterbox (Field-Tested),0.03398385281559857,3.398385281559857,0.03398385281559857,False,8.214714285714287,137.040895031767,8.785714285714286
Oct 28 2016 01: +0,8.151,5,Galil AR | Chatterbox (Field-Tested),2016-10-28,8.151,5,Galil AR | Chatterbox (Field-Tested),0.023585999005879075,2.3585999005879077,0.023585999005879075,False,8.130428571428572,137.2840502700055,8.571428571428571
Oct 29 2016 01: +0,8.324,7,Galil AR | Chatterbox (Field-Tested),2016-10-29,8.324,7,Galil AR | Chatterbox (Field-Tested),0.0210022894190676,2.10022894190676,0.0210022894190676,False,8.060785714285716,136.35893625921054,8.428571428571429
Oct 30 2016 01: +0,8.051,11,Galil AR | Chatterbox (Field-Tested),2016-10-30,8.051,11,Galil AR | Chatterbox (Field-Tested),-0.03334660121354421,-3.3346601213544207,0.03334660121354421,False,8.017642857142858,135.65760487508817,8.642857142857142
Oct 31 2016 01: +0,7.703,4,Galil AR | Chatterbox (Field-Tested),2016-10-31,7.703,4,Galil AR | Chatterbox (Field-Tested),-0.044186443947014965,-4.418644394701497,0.044186443947014965,False,7.972214285714287,131.62917965139926,8.357142857142858
Nov 01 2016 01: +0,9.003,8,Galil AR | Chatterbox (Field-Tested),2016-11-01,9.003,8,Galil AR | Chatterbox (Field-Tested),0.1559479917555109,15.594799175551092,0.1559479917555109,True,8.01007142857143,142.5741945229754,8.571428571428571
Nov 02 2016 01: +0,8.17,7,Galil AR | Chatterbox (Field-Tested),2016-11-02,8.17,7,Galil AR | Chatterbox (Field-Tested),-0.09708894625442821,-9.70889462544282,0.09708894625442821,True,8.041928571428572,142.54785627038663,8.285714285714286
Nov 03 2016 01: +0,9.387,12,Galil AR | Chatterbox (Field-Tested),2016-11-03,9.387,12,Galil AR | Chatterbox (Field-Tested),0.13885684448294333,13.885684448294333,0.13885684448294333,True,8.12507142857143,145.02710645781977,8.571428571428571
Nov 04 2016 01: +0,11.742,6,Galil AR | Chatterbox (Field-Tested),2016-11-04,11.742,6,Galil AR | Chatterbox (Field-Tested),0.22384640428713942,22.384640428713944,0.22384640428713942,True,8.365714285714287,163.5800095783815,8.571428571428571
Nov 05 2016 01: +0,9.712,7,Galil AR | Chatterbox (Field-Tested),2016-11-05,9.712,7,Galil AR | Chatterbox (Field-Tested),-0.18980992332485186,-18.980992332485187,0.18980992332485186,True,8.466071428571428,172.95993911032116,8.214285714285714
Nov 06 2016 01: +0,9.321,4,Galil AR | Chatterbox (Field-Tested),2016-11-06,9.321,4,Galil AR | Chatterbox (Field-Tested),-0.04109231523812246,-4.109231523812245,0.04109231523812246,False,8.5885,172.70335822761982,7.714285714285714
Nov 07 2016 01: +0,8.622,7,Galil AR | Chatterbox (Field-Tested),2016-11-07,8.622,7,Galil AR | Chatterbox (Field-Tested),-0.0779528427540771,-7.79528427540771,0.0779528427540771,True,8.674142857142858,173.16269857600506,7.571428571428571
Nov 08 2016 01: +0,8.488,3,Galil AR | Chatterbox (Field-Tested),2016-11-08,8.488,3,Galil AR | Chatterbox (Field-Tested),-0.01566367501326095,-1.566367501326095,0.01566367501326095,False,8.737857142857143,173.0029269462166,7.0
Nov 09 2016 01: +0,8.401,4,Galil AR | Chatterbox (Field-Tested),2016-11-09,8.401,4,Galil AR | Chatterbox (Field-Tested),-0.01030265492897189,-1.030265492897189,0.01030265492897189,False,8.788285714285715,167.71384800978296,6.857142857142857
Nov 10 2016 01: +0,8.373,8,Galil AR | Chatterbox (Field-Tested),2016-11-10,8.373,8,Galil AR | Chatterbox (Field-Tested),-0.003338503160415365,-0.33385031604153653,0.003338503160415365,False,8.817714285714287,158.8946708962158,6.642857142857143
Nov 11 2016 01: +0,8.655,11,Galil AR | Chatterbox (Field-Tested),2016-11-11,8.655,11,Galil AR | Chatterbox (Field-Tested),0.033124945405877744,3.3124945405877746,0.033124945405877744,False,8.853714285714286,159.5783991389006,7.071428571428571
Nov 12 2016 01: +0,9.39,10,Galil AR | Chatterbox (Field-Tested),2016-11-12,9.39,10,Galil AR | Chatterbox (Field-Tested),0.08150810459199913,8.150810459199914,0.08150810459199913,True,8.929857142857143,157.28476408021484,7.285714285714286
Nov 13 2016 01: +0,9.013,2,Galil AR | Chatterbox (Field-Tested),2016-11-13,9.013,2,Galil AR | Chatterbox (Field-Tested),-0.04097731364589889,-4.097731364589889,0.04097731364589889,False,8.998571428571429,154.88833498920508,6.642857142857143
Nov 14 2016 01: +0,8.382,10,Galil AR | Chatterbox (Field-Tested),2016-11-14,8.382,10,Galil AR | Chatterbox (Field-Tested),-0.07258143007139302,-7.258143007139302,0.07258143007139302,True,9.04707142857143,156.8814320520306,7.071428571428571
Nov 15 2016 01: +0,8.824,9,Galil AR | Chatterbox (Field-Tested),2016-11-15,8.824,9,Galil AR | Chatterbox (Field-Tested),0.051388732448321546,5.138873244832155,0.051388732448321546,True,9.034285714285716,156.01125318864516,7.142857142857143
Nov 16 2016 01: +0,11.432,5,Galil AR | Chatterbox (Field-Tested),2016-11-16,11.432,5,Galil AR | Chatterbox (Field-Tested),0.258941158676365,25.8941158676365,0.258941158676365,True,9.267285714285716,179.41165430779137,7.0
Nov 17 2016 01: +0,11.353,4,Galil AR | Chatterbox (Field-Tested),2016-11-17,11.353,4,Galil AR | Chatterbox (Field-Tested),-0.006934414445169702,-0.6934414445169702,0.006934414445169702,False,9.407714285714286,179.50199835380903,6.428571428571429
Nov 18 2016 01: +0,11.035,4,Galil AR | Chatterbox (Field-Tested),2016-11-18,11.035,4,Galil AR | Chatterbox (Field-Tested),-0.028409986473696837,-2.8409986473696835,0.028409986473696837,False,9.357214285714287,176.2659665446332,6.285714285714286
Nov 19 2016 01: +0,9.625,7,Galil AR | Chatterbox (Field-Tested),2016-11-19,9.625,7,Galil AR | Chatterbox (Field-Tested),-0.13670815953485185,-13.670815953485185,0.13670815953485185,True,9.351,182.64341804543193,6.285714285714286
Nov 20 2016 01: +0,9.044,7,Galil AR | Chatterbox (Field-Tested),2016-11-20,9.044,7,Galil AR | Chatterbox (Field-Tested),-0.062262325758124425,-6.226232575812443,0.062262325758124425,True,9.331214285714287,184.0772961119324,6.5
Nov 21 2016 01: +0,8.382,9,Galil AR | Chatterbox (Field-Tested),2016-11-21,8.382,9,Galil AR | Chatterbox (Field-Tested),-0.07601500491284378,-7.601500491284378,0.07601500491284378,True,9.314071428571427,186.08715258090055,6.642857142857143
Nov 22 2016 01: +0,8.86,6,Galil AR | Chatterbox (Field-Tested),2016-11-22,8.86,6,Galil AR | Chatterbox (Field-Tested),0.05546021511410985,5.546021511410984,0.05546021511410985,True,9.340642857142857,184.23632741060374,6.857142857142857
Nov 23 2016 01: +0,7.835,10,Galil AR | Chatterbox (Field-Tested),2016-11-23,7.835,10,Galil AR | Chatterbox (Field-Tested),-0.12294588880900544,-12.294588880900543,0.12294588880900544,True,9.300214285714286,189.3551054839669,7.285714285714286
Nov 24 2016 01: +0,8.815,9,Galil AR | Chatterbox (Field-Tested),2016-11-24,8.815,9,Galil AR | Chatterbox (Field-Tested),0.11785394004184935,11.785394004184935,0.11785394004184935,True,9.331785714285715,193.5355981489892,7.357142857142857
Nov 25 2016 01: +0,7.497,14,Galil AR | Chatterbox (Field-Tested),2016-11-25,7.497,14,Galil AR | Chatterbox (Field-Tested),-0.16195187532890845,-16.195187532890845,0.16195187532890845,True,9.24907142857143,202.0548643917738,7.571428571428571
Nov 26 2016 01: +0,7.641,13,Galil AR | Chatterbox (Field-Tested),2016-11-26,7.641,13,Galil AR | Chatterbox (Field-Tested),0.019025544144504622,1.9025544144504623,0.019025544144504622,False,9.124142857142859,201.79731846842338,7.785714285714286
Nov 27 2016 01: +0,7.829,7,Galil AR | Chatterbox (Field-Tested),2016-11-27,7.829,7,Galil AR | Chatterbox (Field-Tested),0.02430630326034747,2.430630326034747,0.02430630326034747,False,9.03957142857143,201.80868512268577,8.142857142857142
Nov 28 2016 01: +0,8.034,10,Galil AR | Chatterbox (Field-Tested),2016-11-28,8.034,10,Galil AR | Chatterbox (Field-Tested),0.025847748011313502,2.58477480113135,0.025847748011313502,False,9.014714285714287,201.88327705186157,8.142857142857142
Nov 29 2016 01: +0,7.466,9,Galil AR | Chatterbox (Field-Tested),2016-11-29,7.466,9,Galil AR | Chatterbox (Field-Tested),-0.07332315544469839,-7.332315544469839,0.07332315544469839,True,8.917714285714286,203.16242365558531,8.142857142857142
Nov 30 2016 01: +0,8.135,10,Galil AR | Chatterbox (Field-Tested),2016-11-30,8.135,10,Galil AR | Chatterbox (Field-Tested),0.08581636017860897,8.581636017860896,0.08581636017860897,True,8.682214285714286,204.85975691316636,8.5
Dec 01 2016 01: +0,8.905,5,Galil AR | Chatterbox (Field-Tested),2016-12-01,8.905,5,Galil AR | Chatterbox (Field-Tested),0.09043717607062378,9.043717607062378,0.09043717607062378,True,8.507357142857144,199.8699145392424,8.571428571428571
Dec 02 2016 01: +0,8.832,10,Galil AR | Chatterbox (Field-Tested),2016-12-02,8.832,10,Galil AR | Chatterbox (Field-Tested),-0.008231427206885314,-0.8231427206885313,0.008231427206885314,False,8.350000000000001,196.83784341966754,9.0
Dec 03 2016 01: +0,8.929,9,Galil AR | Chatterbox (Field-Tested),2016-12-03,8.929,9,Galil AR | Chatterbox (Field-Tested),0.010922917000339918,1.0922917000339918,0.010922917000339918,False,8.300285714285716,190.65242917455635,9.142857142857142
Dec 04 2016 01: +0,9.763,10,Galil AR | Chatterbox (Field-Tested),2016-12-04,9.763,10,Galil AR | Chatterbox (Field-Tested),0.08929532370845507,8.929532370845507,0.08929532370845507,True,8.351642857142858,175.8206607776483,9.357142857142858
Dec 05 2016 01: +0,9.849,9,Galil AR | Chatterbox (Field-Tested),2016-12-05,9.849,9,Galil AR | Chatterbox (Field-Tested),0.00877019694403096,0.877019694403096,0.00877019694403096,False,8.456428571428573,162.88079311829557,9.357142857142858
Dec 06 2016 01: +0,10.075,3,Galil AR | Chatterbox (Field-Tested),2016-12-06,10.075,3,Galil AR | Chatterbox (Field-Tested),0.022687180645181295,2.2687180645181293,0.022687180645181295,False,8.543214285714287,162.35099168317998,9.142857142857142
Dec 07 2016 01: +0,8.938,8,Galil AR | Chatterbox (Field-Tested),2016-12-07,8.938,8,Galil AR | Chatterbox (Field-Tested),-0.11974525732148683,-11.974525732148683,0.11974525732148683,True,8.622000000000002,165.58291684097185,9.0
Dec 08 2016 01: +0,9.13,8,Galil AR | Chatterbox (Field-Tested),2016-12-08,9.13,8,Galil AR | Chatterbox (Field-Tested),0.021253844095617265,2.1253844095617267,0.021253844095617265,False,8.644500000000003,165.61041395585016,8.928571428571429
Dec 09 2016 01: +0,8.807,11,Galil AR | Chatterbox (Field-Tested),2016-12-09,8.807,11,Galil AR | Chatterbox (Field-Tested),-0.03601883478355476,-3.601883478355476,0.03601883478355476,False,8.738071428571429,166.1014631174951,8.714285714285714
Dec 10 2016 01: +0,8.815,6,Galil AR | Chatterbox (Field-Tested),2016-12-10,8.815,6,Galil AR | Chatterbox (Field-Tested),0.000907956026510933,0.09079560265109331,0.000907956026510933,False,8.821928571428574,166.0922625890092,8.214285714285714
Dec 11 2016 01: +0,8.988,10,Galil AR | Chatterbox (Field-Tested),2016-12-11,8.988,10,Galil AR | Chatterbox (Field-Tested),0.019435538473249157,1.9435538473249157,0.019435538473249157,False,8.904714285714286,165.83486341343178,8.428571428571429
Dec 12 2016 01: +0,8.964,11,Galil AR | Chatterbox (Field-Tested),2016-12-12,8.964,11,Galil AR | Chatterbox (Field-Tested),-0.002673798384402093,-0.2673798384402093,0.002673798384402093,False,8.971142857142858,163.2876728921133,8.5
Dec 13 2016 01: +0,10.809,7,Galil AR | Chatterbox (Field-Tested),2016-12-13,10.809,7,Galil AR | Chatterbox (Field-Tested),0.1871625644953852,18.71625644953852,0.1871625644953852,True,9.209928571428573,175.30249960416035,8.357142857142858
Dec 14 2016 01: +0,9.571,11,Galil AR | Chatterbox (Field-Tested),2016-12-14,9.571,11,Galil AR | Chatterbox (Field-Tested),-0.12164142722029644,-12.164142722029645,0.12164142722029644,True,9.312500000000002,178.87134013765018,8.428571428571429
Dec 15 2016 01: +0,8.87,13,Galil AR | Chatterbox (Field-Tested),2016-12-15,8.87,13,Galil AR | Chatterbox (Field-Tested),-0.07606289689228131,-7.606289689228131,0.07606289689228131,True,9.31,180.17900231754075,9.0
Dec 16 2016 01: +0,8.41,4,Galil AR | Chatterbox (Field-Tested),2016-12-16,8.41,4,Galil AR | Chatterbox (Field-Tested),-0.0532533223366313,-5.32533223366313,0.0532533223366313,True,9.279857142857143,154.87738201034912,8.571428571428571
Dec 17 2016 01: +0,9.171,12,Galil AR | Chatterbox (Field-Tested),2016-12-17,9.171,12,Galil AR | Chatterbox (Field-Tested),0.08662485759195045,8.662485759195045,0.08662485759195045,True,9.297142857142857,158.523443524179,8.785714285714286
Dec 18 2016 01: +0,10.657,6,Galil AR | Chatterbox (Field-Tested),2016-12-18,10.657,6,Galil AR | Chatterbox (Field-Tested),0.150170621662012,15.0170621662012,0.150170621662012,True,9.361,167.48869180357738,8.5
Dec 19 2016 01: +0,9.737,6,Galil AR | Chatterbox (Field-Tested),2016-12-19,9.737,6,Galil AR | Chatterbox (Field-Tested),-0.09028389124219997,-9.028389124219997,0.09028389124219997,True,9.353,163.49516912819377,8.285714285714286
Dec 20 2016 01: +0,9.551,6,Galil AR | Chatterbox (Field-Tested),2016-12-20,9.551,6,Galil AR | Chatterbox (Field-Tested),-0.019287200944018607,-1.9287200944018608,0.019287200944018607,False,9.31557142857143,162.1038366564657,8.5
Dec 21 2016 01: +0,9.38,9,Galil AR | Chatterbox (Field-Tested),2016-12-21,9.38,9,Galil AR | Chatterbox (Field-Tested),-0.018066098034467126,-1.8066098034467126,0.018066098034467126,False,9.347142857142858,159.84635379707538,8.571428571428571
Dec 22 2016 01: +0,7.64,9,Galil AR | Chatterbox (Field-Tested),2016-12-22,7.64,9,Galil AR | Chatterbox (Field-Tested),-0.20518215983970434,-20.518215983970435,0.20518215983970434,True,9.240714285714287,174.4233176568295,8.642857142857142
Dec 23 2016 01: +0,8.242,10,Galil AR | Chatterbox (Field-Tested),2016-12-23,8.242,10,Galil AR | Chatterbox (Field-Tested),0.07584542973819658,7.584542973819658,0.07584542973819658,True,9.200357142857143,171.2493752649583,8.571428571428571
Dec 24 2016 01: +0,7.528,14,Galil AR | Chatterbox (Field-Tested),2016-12-24,7.528,14,Galil AR | Chatterbox (Field-Tested),-0.09061363063354731,-9.061363063354731,0.09061363063354731,True,9.108428571428572,168.8723479189719,9.142857142857142
Dec 25 2016 01: +0,8.131,16,Galil AR | Chatterbox (Field-Tested),2016-12-25,8.131,16,Galil AR | Chatterbox (Field-Tested),0.07705451494262214,7.705451494262213,0.07705451494262214,True,9.047214285714286,161.3717902974785,9.571428571428571
Dec 26 2016 01: +0,9.547,13,Galil AR | Chatterbox (Field-Tested),2016-12-26,9.547,13,Galil AR | Chatterbox (Field-Tested),0.16054305179019565,16.054305179019565,0.16054305179019565,True,9.088857142857144,170.466577420221,9.714285714285714
Dec 27 2016 01: +0,9.287,11,Galil AR | Chatterbox (Field-Tested),2016-12-27,9.287,11,Galil AR | Chatterbox (Field-Tested),-0.02761139622202483,-2.761139622202483,0.02761139622202483,False,8.980142857142859,170.78102055640701,10.0
Dec 28 2016 01: +0,8.299,7,Galil AR | Chatterbox (Field-Tested),2016-12-28,8.299,7,Galil AR | Chatterbox (Field-Tested),-0.11248054717756055,-11.248054717756055,0.11248054717756055,True,8.889285714285716,175.47764450369442,9.714285714285714
Dec 29 2016 01: +0,8.069,10,Galil AR | Chatterbox (Field-Tested),2016-12-29,8.069,10,Galil AR | Chatterbox (Field-Tested),-0.028105466749941303,-2.8105466749941304,0.028105466749941303,False,8.83207142857143,173.764964817131,9.5
Dec 30 2016 01: +0,9.271,7,Galil AR | Chatterbox (Field-Tested),2016-12-30,9.271,7,Galil AR | Chatterbox (Field-Tested),0.1388616897584759,13.88616897584759,0.1388616897584759,True,8.89357142857143,177.89864217216137,9.714285714285714
Dec 31 2016 01: +0,8.58,6,Galil AR | Chatterbox (Field-Tested),2016-12-31,8.58,6,Galil AR | Chatterbox (Field-Tested),-0.07745733512497453,-7.745733512497453,0.07745733512497453,True,8.851357142857143,177.31195231636386,9.285714285714286
Jan 01 2017 01: +0,7.892,15,Galil AR | Chatterbox (Field-Tested),2017-01-01,7.892,15,Galil AR | Chatterbox (Field-Tested),-0.08358432533950193,-8.358432533950193,0.08358432533950193,True,8.653857142857143,179.61900413407557,9.928571428571429
Jan 02 2017 01: +0,8.616,8,Galil AR | Chatterbox (Field-Tested),2017-01-02,8.616,8,Galil AR | Chatterbox (Field-Tested),0.0877713516937184,8.77713516937184,0.0877713516937184,True,8.573785714285716,182.38797561135,10.071428571428571
Jan 03 2017 01: +0,8.587,3,Galil AR | Chatterbox (Field-Tested),2017-01-03,8.587,3,Galil AR | Chatterbox (Field-Tested),-0.003371508163739733,-0.3371508163739733,0.003371508163739733,False,8.504928571428573,179.44205601635045,9.857142857142858
Jan 04 2017 01: +0,8.078,9,Galil AR | Chatterbox (Field-Tested),2017-01-04,8.078,9,Galil AR | Chatterbox (Field-Tested),-0.06110511454912658,-6.110511454912658,0.06110511454912658,True,8.411928571428573,180.45492911754187,9.857142857142858
Jan 05 2017 01: +0,8.421,10,Galil AR | Chatterbox (Field-Tested),2017-01-05,8.421,10,Galil AR | Chatterbox (Field-Tested),0.04158426890663409,4.158426890663409,0.04158426890663409,False,8.467714285714289,180.9607117481222,9.928571428571429
Jan 06 2017 01: +0,9.655,8,Galil AR | Chatterbox (Field-Tested),2017-01-06,9.655,8,Galil AR | Chatterbox (Field-Tested),0.13674732983262256,13.674732983262256,0.13674732983262256,True,8.568642857142859,182.77196147495297,9.785714285714286
Jan 07 2017 01: +0,10.344,8,Galil AR | Chatterbox (Field-Tested),2017-01-07,10.344,8,Galil AR | Chatterbox (Field-Tested),0.06893072558907862,6.893072558907861,0.06893072558907862,True,8.769785714285716,184.13678515255089,9.357142857142858
Jan 08 2017 01: +0,9.986,10,Galil AR | Chatterbox (Field-Tested),2017-01-08,9.986,10,Galil AR | Chatterbox (Field-Tested),-0.03522252939113873,-3.522252939113873,0.03522252939113873,False,8.902285714285714,184.11512350426923,8.928571428571429
Jan 09 2017 01: +0,10.002,4,Galil AR | Chatterbox (Field-Tested),2017-01-09,10.002,4,Galil AR | Chatterbox (Field-Tested),0.0016009609182944416,0.16009609182944415,0.0016009609182944416,False,8.934785714285715,184.1137283293823,8.285714285714286
Jan 10 2017 01: +0,8.506,8,Galil AR | Chatterbox (Field-Tested),2017-01-10,8.506,8,Galil AR | Chatterbox (Field-Tested),-0.16201327616527025,-16.201327616527024,0.16201327616527025,True,8.879000000000001,192.89426460181622,8.071428571428571
Jan 11 2017 01: +0,9.623,8,Galil AR | Chatterbox (Field-Tested),2017-01-11,9.623,8,Galil AR | Chatterbox (Field-Tested),0.12338426954282186,12.338426954282186,0.12338426954282186,True,8.97357142857143,197.77516015102913,8.142857142857142
Jan 12 2017 01: +0,8.591,6,Galil AR | Chatterbox (Field-Tested),2017-01-12,8.591,6,Galil AR | Chatterbox (Field-Tested),-0.1134409227183444,-11.34409227183444,0.1134409227183444,True,9.010857142857144,190.06738564253482,7.857142857142857
Jan 13 2017 01: +0,9.182,12,Galil AR | Chatterbox (Field-Tested),2017-01-13,9.182,12,Galil AR | Chatterbox (Field-Tested),0.06652990217111099,6.652990217111099,0.06652990217111099,True,9.004500000000002,187.17488014749324,8.214285714285714
Jan 14 2017 01: +0,9.746,9,Galil AR | Chatterbox (Field-Tested),2017-01-14,9.746,9,Galil AR | Chatterbox (Field-Tested),0.05961189859428413,5.961189859428413,0.05961189859428413,True,9.087785714285715,186.3424857479533,8.428571428571429
Jan 15 2017 01: +0,10.81,9,Galil AR | Chatterbox (Field-Tested),2017-01-15,10.81,9,Galil AR | Chatterbox (Field-Tested),0.10361468722980254,10.361468722980254,0.10361468722980254,True,9.296214285714287,188.3895896579908,8.0
Jan 16 2017 01: +0,11.42,2,Galil AR | Chatterbox (Field-Tested),2017-01-16,11.42,2,Galil AR | Chatterbox (Field-Tested),0.054894572576747284,5.4894572576747285,0.054894572576747284,True,9.4965,187.05099894270546,7.571428571428571
Jan 17 2017 01: +0,13.907,7,Galil AR | Chatterbox (Field-Tested),2017-01-17,13.907,7,Galil AR | Chatterbox (Field-Tested),0.19702610626860959,19.70261062686096,0.19702610626860959,True,9.876500000000002,192.19826164996502,7.857142857142857
Jan 18 2017 01: +0,12.645,5,Galil AR | Chatterbox (Field-Tested),2017-01-18,12.645,5,Galil AR | Chatterbox (Field-Tested),-0.09513043037454531,-9.513043037454532,0.09513043037454531,True,10.202714285714288,192.52012754652148,7.571428571428571
Jan 19 2017 01: +0,12.297,5,Galil AR | Chatterbox (Field-Tested),2017-01-19,12.297,5,Galil AR | Chatterbox (Field-Tested),-0.027906549931618157,-2.790654993161816,0.027906549931618157,False,10.47957142857143,192.70128716294917,7.214285714285714
Jan 20 2017 01: +0,11.293,5,Galil AR | Chatterbox (Field-Tested),2017-01-20,11.293,5,Galil AR | Chatterbox (Field-Tested),-0.08517226544877711,-8.517226544877712,0.08517226544877711,True,10.596571428571432,195.2668717825527,7.0
Jan 21 2017 01: +0,11.305,3,Galil AR | Chatterbox (Field-Tested),2017-01-21,11.305,3,Galil AR | Chatterbox (Field-Tested),0.001062040988400054,0.10620409884000541,0.001062040988400054,False,10.665214285714287,179.80789846864465,6.642857142857143
Jan 22 2017 01: +0,11.6,4,Galil AR | Chatterbox (Field-Tested),2017-01-22,11.6,4,Galil AR | Chatterbox (Field-Tested),0.02575999238238584,2.575999238238584,0.02575999238238584,False,10.780500000000002,178.45034784190372,6.214285714285714
Jan 23 2017 01: +0,11.36,7,Galil AR | Chatterbox (Field-Tested),2017-01-23,11.36,7,Galil AR | Chatterbox (Field-Tested),-0.020906684819313712,-2.0906684819313712,0.020906684819313712,False,10.877500000000001,175.05949313468759,6.428571428571429
Jan 24 2017 01: +0,10.946,10,Galil AR | Chatterbox (Field-Tested),2017-01-24,10.946,10,Galil AR | Chatterbox (Field-Tested),-0.0371243205712788,-3.71243205712788,0.0371243205712788,False,11.051785714285716,174.38896783655971,6.571428571428571
Jan 25 2017 01: +0,11.624,4,Galil AR | Chatterbox (Field-Tested),2017-01-25,11.624,4,Galil AR | Chatterbox (Field-Tested),0.060097833546255336,6.009783354625534,0.060097833546255336,True,11.194714285714285,166.8243056789405,6.285714285714286
Jan 26 2017 01: +0,11.004,7,Galil AR | Chatterbox (Field-Tested),2017-01-26,11.004,7,Galil AR | Chatterbox (Field-Tested),-0.05481308320565376,-5.481308320565376,0.05481308320565376,True,11.367071428571432,167.79263030621462,6.357142857142857
Jan 27 2017 01: +0,11.588,4,Galil AR | Chatterbox (Field-Tested),2017-01-27,11.588,4,Galil AR | Chatterbox (Field-Tested),0.05171123684477584,5.171123684477584,0.05171123684477584,True,11.538928571428572,162.94697355330766,5.785714285714286
Jan 28 2017 01: +0,11.703,9,Galil AR | Chatterbox (Field-Tested),2017-01-28,11.703,9,Galil AR | Chatterbox (Field-Tested),0.009875139285525282,0.9875139285525282,0.009875139285525282,False,11.678714285714287,162.33338621979948,5.785714285714286
Jan 29 2017 01: +0,11.009,3,Galil AR | Chatterbox (Field-Tested),2017-01-29,11.009,3,Galil AR | Chatterbox (Field-Tested),-0.06113209910436292,-6.113209910436292,0.06113209910436292,True,11.69292857142857,157.64418508276898,5.357142857142857
Jan 30 2017 01: +0,11.617,6,Galil AR | Chatterbox (Field-Tested),2017-01-30,11.617,6,Galil AR | Chatterbox (Field-Tested),0.05375642244307162,5.375642244307162,0.05375642244307162,True,11.707000000000003,155.55984695815607,5.642857142857143
Jan 31 2017 01: +0,12.213,7,Galil AR | Chatterbox (Field-Tested),2017-01-31,12.213,7,Galil AR | Chatterbox (Field-Tested),0.05003141565761349,5.003141565761348,0.05003141565761349,True,11.586,152.38094988114437,5.642857142857143
Feb 01 2017 01: +0,11.211,11,Galil AR | Chatterbox (Field-Tested),2017-02-01,11.211,11,Galil AR | Chatterbox (Field-Tested),-0.08560551901749487,-8.560551901749488,0.08560551901749487,True,11.483571428571429,153.888947288363,6.071428571428571
Feb 02 2017 01: +0,10.4,10,Galil AR | Chatterbox (Field-Tested),2017-02-02,10.4,10,Galil AR | Chatterbox (Field-Tested),-0.0750896330241295,-7.50896330241295,0.0750896330241295,True,11.34807142857143,156.61065478286739,6.428571428571429
Feb 03 2017 01: +0,10.101,10,Galil AR | Chatterbox (Field-Tested),2017-02-03,10.101,10,Galil AR | Chatterbox (Field-Tested),-0.029171377300279796,-2.9171377300279797,0.029171377300279796,False,11.262928571428573,155.26895356166338,6.785714285714286
Feb 04 2017 01: +0,10.857,13,Galil AR | Chatterbox (Field-Tested),2017-02-04,10.857,13,Galil AR | Chatterbox (Field-Tested),0.07217560440266775,7.217560440266775,0.07217560440266775,True,11.230928571428572,156.47735732874168,7.5
Feb 05 2017 01: +0,10.473,15,Galil AR | Chatterbox (Field-Tested),2017-02-05,10.473,15,Galil AR | Chatterbox (Field-Tested),-0.03600951645870625,-3.600951645870625,0.03600951645870625,False,11.150428571428574,150.1261615140806,8.285714285714286
Feb 06 2017 01: +0,10.686,11,Galil AR | Chatterbox (Field-Tested),2017-02-06,10.686,11,Galil AR | Chatterbox (Field-Tested),0.020133956744570893,2.0133956744570893,0.020133956744570893,False,11.102285714285715,148.37171993659032,8.571428571428571
Feb 07 2017 01: +0,11.011,5,Galil AR | Chatterbox (Field-Tested),2017-02-07,11.011,5,Galil AR | Chatterbox (Field-Tested),0.029960299595874495,2.9960299595874496,0.029960299595874495,False,11.106928571428572,148.10597428216633,8.214285714285714
Feb 08 2017 01: +0,10.589,8,Galil AR | Chatterbox (Field-Tested),2017-02-08,10.589,8,Galil AR | Chatterbox (Field-Tested),-0.03907904668313653,-3.907904668313653,0.03907904668313653,False,11.033000000000001,148.84112194800838,8.5
Feb 09 2017 01: +0,10.474,4,Galil AR | Chatterbox (Field-Tested),2017-02-09,10.474,4,Galil AR | Chatterbox (Field-Tested),-0.010919730591021505,-1.0919730591021506,0.010919730591021505,False,10.995142857142858,136.73675695250523,8.285714285714286
Feb 10 2017 01: +0,10.642,10,Galil AR | Chatterbox (Field-Tested),2017-02-10,10.642,10,Galil AR | Chatterbox (Field-Tested),0.0159124403168816,1.59124403168816,0.0159124403168816,False,10.92757142857143,130.1996528766043,8.714285714285714
Feb 11 2017 01: +0,10.415,5,Galil AR | Chatterbox (Field-Tested),2017-02-11,10.415,5,Galil AR | Chatterbox (Field-Tested),-0.0215613614612423,-2.15613614612423,0.0215613614612423,False,10.835571428571429,123.60318952573908,8.428571428571429
Feb 12 2017 01: +0,10.557,7,Galil AR | Chatterbox (Field-Tested),2017-02-12,10.557,7,Galil AR | Chatterbox (Field-Tested),0.013542072294622487,1.3542072294622487,0.013542072294622487,False,10.803285714285716,121.72739243807531,8.714285714285714
Feb 13 2017 01: +0,10.859,4,Galil AR | Chatterbox (Field-Tested),2017-02-13,10.859,4,Galil AR | Chatterbox (Field-Tested),0.0282050822272055,2.8205082227205502,0.0282050822272055,False,10.749142857142857,120.42864905040693,8.571428571428571
Feb 14 2017 01: +0,10.815,6,Galil AR | Chatterbox (Field-Tested),2017-02-14,10.815,6,Galil AR | Chatterbox (Field-Tested),-0.004060169829741367,-0.40601698297413674,0.004060169829741367,False,10.649285714285716,114.90403607747474,8.5
Feb 15 2017 01: +0,10.347,7,Galil AR | Chatterbox (Field-Tested),2017-02-15,10.347,7,Galil AR | Chatterbox (Field-Tested),-0.04423743678220857,-4.423743678220856,0.04423743678220857,False,10.587571428571428,114.14519099958629,8.214285714285714
Feb 16 2017 01: +0,10.748,11,Galil AR | Chatterbox (Field-Tested),2017-02-16,10.748,11,Galil AR | Chatterbox (Field-Tested),0.03802306813043121,3.8023068130431206,0.03802306813043121,False,10.612428571428572,89.93055706897574,8.285714285714286
Feb 17 2017 01: +0,9.718,7,Galil AR | Chatterbox (Field-Tested),2017-02-17,9.718,7,Galil AR | Chatterbox (Field-Tested),-0.10073985476953344,-10.073985476953345,0.10073985476953344,True,10.585071428571428,90.62853950347228,8.071428571428571
Feb 18 2017 01: +0,10.316,8,Galil AR | Chatterbox (Field-Tested),2017-02-18,10.316,8,Galil AR | Chatterbox (Field-Tested),0.05971625203538711,5.971625203538711,0.05971625203538711,True,10.546428571428573,93.41146805168347,7.714285714285714
Feb 19 2017 01: +0,9.885,4,Galil AR | Chatterbox (Field-Tested),2017-02-19,9.885,4,Galil AR | Chatterbox (Field-Tested),-0.04267763139651815,-4.267763139651815,0.04267763139651815,False,10.504428571428573,89.98310806378305,6.928571428571429
Feb 20 2017 01: +0,10.164,10,Galil AR | Chatterbox (Field-Tested),2017-02-20,10.164,10,Galil AR | Chatterbox (Field-Tested),0.027833608835337517,2.7833608835337516,0.027833608835337517,False,10.467142857142859,90.67100343805774,6.857142857142857
Feb 21 2017 01: +0,9.622,8,Galil AR | Chatterbox (Field-Tested),2017-02-21,9.622,8,Galil AR | Chatterbox (Field-Tested),-0.054799922180655665,-5.479992218065567,0.054799922180655665,True,10.367928571428573,91.74166976889269,7.071428571428571
Feb 22 2017 01: +0,9.412,11,Galil AR | Chatterbox (Field-Tested),2017-02-22,9.412,11,Galil AR | Chatterbox (Field-Tested),-0.022066672412145823,-2.2066672412145825,0.022066672412145823,False,10.283857142857144,91.76591259207758,7.285714285714286
Feb 23 2017 01: +0,9.824,10,Galil AR | Chatterbox (Field-Tested),2017-02-23,9.824,10,Galil AR | Chatterbox (Field-Tested),0.042842900539670416,4.284290053967042,0.042842900539670416,False,10.237428571428572,92.61712857955848,7.714285714285714
Feb 24 2017 01: +0,9.391,12,Galil AR | Chatterbox (Field-Tested),2017-02-24,9.391,12,Galil AR | Chatterbox (Field-Tested),-0.0450765875823101,-4.50765875823101,0.0450765875823101,False,10.148071428571429,90.75925691781879,7.857142857142857
Feb 25 2017 01: +0,9.432,10,Galil AR | Chatterbox (Field-Tested),2017-02-25,9.432,10,Galil AR | Chatterbox (Field-Tested),0.00435637941259336,0.435637941259336,0.00435637941259336,False,10.077857142857143,89.17792806048601,8.214285714285714
Feb 26 2017 01: +0,9.57,7,Galil AR | Chatterbox (Field-Tested),2017-02-26,9.57,7,Galil AR | Chatterbox (Field-Tested),0.014525042229793015,1.4525042229793015,0.014525042229793015,False,10.007357142857144,87.11369147339575,8.214285714285714
Feb 27 2017 01: +0,9.342,10,Galil AR | Chatterbox (Field-Tested),2017-02-27,9.342,10,Galil AR | Chatterbox (Field-Tested),-0.024112843384946563,-2.411284338494656,0.024112843384946563,False,9.899000000000001,87.12225953671346,8.642857142857142
Feb 28 2017 01: +0,8.828,6,Galil AR | Chatterbox (Field-Tested),2017-02-28,8.828,6,Galil AR | Chatterbox (Field-Tested),-0.05659187368542638,-5.659187368542638,0.05659187368542638,True,9.75707142857143,86.78429115143442,8.642857142857142
Mar 01 2017 01: +0,9.953,8,Galil AR | Chatterbox (Field-Tested),2017-03-01,9.953,8,Galil AR | Chatterbox (Field-Tested),0.11994552486943663,11.994552486943663,0.11994552486943663,True,9.728928571428572,95.30378182998133,8.714285714285714
Mar 02 2017 01: +0,10.89,11,Galil AR | Chatterbox (Field-Tested),2017-03-02,10.89,11,Galil AR | Chatterbox (Field-Tested),0.08997092368094274,8.997092368094274,0.08997092368094274,True,9.73907142857143,99.15493268921996,8.714285714285714
Mar 03 2017 01: +0,10.735,8,Galil AR | Chatterbox (Field-Tested),2017-03-03,10.735,8,Galil AR | Chatterbox (Field-Tested),-0.014335505614124803,-1.4335505614124804,0.014335505614124803,False,9.811714285714286,94.77587318208937,8.785714285714286
Mar 04 2017 01: +0,11.423,7,Galil AR | Chatterbox (Field-Tested),2017-03-04,11.423,7,Galil AR | Chatterbox (Field-Tested),0.062119435421065725,6.211943542106573,0.062119435421065725,True,9.890785714285714,93.43149593749803,8.714285714285714
Mar 05 2017 01: +0,9.854,8,Galil AR | Chatterbox (Field-Tested),2017-03-05,9.854,8,Galil AR | Chatterbox (Field-Tested),-0.14775140263003878,-14.775140263003877,0.14775140263003878,True,9.88857142857143,106.79105035668121,9.0
Mar 06 2017 01: +0,9.611,8,Galil AR | Chatterbox (Field-Tested),2017-03-06,9.611,8,Galil AR | Chatterbox (Field-Tested),-0.02496918828062391,-2.496918828062391,0.02496918828062391,False,9.84907142857143,103.76594082646263,8.857142857142858
Mar 07 2017 01: +0,9.248,11,Galil AR | Chatterbox (Field-Tested),2017-03-07,9.248,11,Galil AR | Chatterbox (Field-Tested),-0.038500963911125806,-3.8500963911125807,0.038500963911125806,False,9.822357142857143,103.8660721735584,9.071428571428571
Mar 08 2017 01: +0,9.759,6,Galil AR | Chatterbox (Field-Tested),2017-03-08,9.759,6,Galil AR | Chatterbox (Field-Tested),0.05378262422930264,5.3782624229302645,0.05378262422930264,True,9.847142857142858,105.50628094398313,8.714285714285714
Mar 09 2017 01: +0,9.734,5,Galil AR | Chatterbox (Field-Tested),2017-03-09,9.734,5,Galil AR | Chatterbox (Field-Tested),-0.0025650247480615853,-0.2565024748061585,0.0025650247480615853,False,9.840714285714286,104.83426649283547,8.357142857142858
Mar 10 2017 01: +0,10.069,7,Galil AR | Chatterbox (Field-Tested),2017-03-10,10.069,7,Galil AR | Chatterbox (Field-Tested),0.033836485522215305,3.3836485522215307,0.033836485522215305,False,9.889142857142858,104.85811485407048,8.0
Mar 11 2017 01: +0,9.984,6,Galil AR | Chatterbox (Field-Tested),2017-03-11,9.984,6,Galil AR | Chatterbox (Field-Tested),-0.008477585306406096,-0.8477585306406096,0.008477585306406096,False,9.92857142857143,104.8344831052908,7.714285714285714
Mar 12 2017 01: +0,11.337,4,Galil AR | Chatterbox (Field-Tested),2017-03-12,11.337,4,Galil AR | Chatterbox (Field-Tested),0.12708790140838971,12.708790140838971,0.12708790140838971,True,10.054785714285714,113.94770775238908,7.5
Mar 13 2017 01: +0,10.402,6,Galil AR | Chatterbox (Field-Tested),2017-03-13,10.402,6,Galil AR | Chatterbox (Field-Tested),-0.08607361768458094,-8.607361768458095,0.08607361768458094,True,10.130500000000001,117.79143647109183,7.214285714285714
Mar 14 2017 01: +0,10.542,7,Galil AR | Chatterbox (Field-Tested),2017-03-14,10.542,7,Galil AR | Chatterbox (Field-Tested),0.013369183082134417,1.3369183082134417,0.013369183082134417,False,10.252928571428571,117.7889424967962,7.285714285714286
Mar 15 2017 01: +0,10.779,11,Galil AR | Chatterbox (Field-Tested),2017-03-15,10.779,11,Galil AR | Chatterbox (Field-Tested),0.022232518366476148,2.2232518366476146,0.022232518366476148,False,10.311928571428572,117.6269490666476,7.5
Mar 16 2017 01: +0,10.295,6,Galil AR | Chatterbox (Field-Tested),2017-03-16,10.295,6,Galil AR | Chatterbox (Field-Tested),-0.04594145631973862,-4.594145631973863,0.04594145631973862,False,10.269428571428573,118.70009915810924,7.142857142857143
Mar 17 2017 01: +0,10.069,3,Galil AR | Chatterbox (Field-Tested),2017-03-17,10.069,3,Galil AR | Chatterbox (Field-Tested),-0.02219694354627488,-2.219694354627488,0.02219694354627488,False,10.221857142857143,117.95124126191116,6.785714285714286
Mar 18 2017 01: +0,10.32,10,Galil AR | Chatterbox (Field-Tested),2017-03-18,10.32,10,Galil AR | Chatterbox (Field-Tested),0.02462236311993884,2.462236311993884,0.02462236311993884,False,10.14307142857143,117.48625106118806,7.0
Mar 19 2017 01: +0,9.337,10,Galil AR | Chatterbox (Field-Tested),2017-03-19,9.337,10,Galil AR | Chatterbox (Field-Tested),-0.10009875855162788,-10.009875855162788,0.10009875855162788,True,10.106142857142858,117.41818620105377,7.142857142857143
Mar 20 2017 01: +0,9.846,4,Galil AR | Chatterbox (Field-Tested),2017-03-20,9.846,4,Galil AR | Chatterbox (Field-Tested),0.05308027983422006,5.308027983422006,0.05308027983422006,True,10.122928571428572,117.00602181414493,6.857142857142857
Mar 21 2017 01: +0,9.684,5,Galil AR | Chatterbox (Field-Tested),2017-03-21,9.684,5,Galil AR | Chatterbox (Field-Tested),-0.01659024226019692,-1.6590242260196921,0.01659024226019692,False,10.154071428571429,116.20309923166465,6.428571428571429
Mar 22 2017 01: +0,10.383,8,Galil AR | Chatterbox (Field-Tested),2017-03-22,10.383,8,Galil AR | Chatterbox (Field-Tested),0.06969481424550483,6.969481424550484,0.06969481424550483,True,10.19864285714286,118.39288818910758,6.571428571428571
Mar 23 2017 01: +0,7.997,5,Galil AR | Chatterbox (Field-Tested),2017-03-23,7.997,5,Galil AR | Chatterbox (Field-Tested),-0.2611033819715639,-26.11033819715639,0.2611033819715639,True,10.07457142857143,148.586314813315,6.571428571428571
Mar 24 2017 01: +0,9.192,7,Galil AR | Chatterbox (Field-Tested),2017-03-24,9.192,7,Galil AR | Chatterbox (Field-Tested),0.13926706919670165,13.926706919670165,0.13926706919670165,True,10.011928571428571,156.84055288619433,6.571428571428571
Mar 25 2017 01: +0,9.716,5,Galil AR | Chatterbox (Field-Tested),2017-03-25,9.716,5,Galil AR | Chatterbox (Field-Tested),0.05544047059347148,5.544047059347148,0.05544047059347148,True,9.992785714285716,157.34238822914696,6.5
Mar 26 2017 01: +0,9.666,5,Galil AR | Chatterbox (Field-Tested),2017-03-26,9.666,5,Galil AR | Chatterbox (Field-Tested),-0.005159437717033652,-0.5159437717033653,0.005159437717033652,False,9.873428571428573,156.5287712374251,6.571428571428571
Mar 27 2017 01: +0,9.681,10,Galil AR | Chatterbox (Field-Tested),2017-03-27,9.681,10,Galil AR | Chatterbox (Field-Tested),0.0015506283150420502,0.15506283150420502,0.0015506283150420502,False,9.821928571428572,156.52417293702655,6.857142857142857
Mar 28 2017 01: +0,9.9,5,Galil AR | Chatterbox (Field-Tested),2017-03-28,9.9,5,Galil AR | Chatterbox (Field-Tested),0.022369555402609945,2.2369555402609946,0.022369555402609945,False,9.776071428571429,156.63419308348801,6.714285714285714
Mar 29 2017 01: +0,10.294,9,Galil AR | Chatterbox (Field-Tested),2017-03-29,10.294,9,Galil AR | Chatterbox (Field-Tested),0.039026444090018465,3.9026444090018466,0.039026444090018465,False,9.741428571428573,156.90156313708786,6.571428571428571
Mar 30 2017 01: +0,10.284,9,Galil AR | Chatterbox (Field-Tested),2017-03-30,10.284,9,Galil AR | Chatterbox (Field-Tested),-0.000971911826919718,-0.0971911826919718,0.000971911826919718,False,9.74064285714286,155.42477627747826,6.785714285714286
Mar 31 2017 01: +0,10.356,4,Galil AR | Chatterbox (Field-Tested),2017-03-31,10.356,4,Galil AR | Chatterbox (Field-Tested),0.006976772485648015,0.6976772485648015,0.006976772485648015,False,9.761142857142858,149.81116223558718,6.857142857142857
Apr 01 2017 01: +0,10.222,12,Galil AR | Chatterbox (Field-Tested),2017-04-01,10.222,12,Galil AR | Chatterbox (Field-Tested),-0.013023801543203463,-1.3023801543203464,0.013023801543203463,False,9.754142857142858,146.40938012910436,7.0
Apr 02 2017 01: +0,10.61,10,Galil AR | Chatterbox (Field-Tested),2017-04-02,10.61,10,Galil AR | Chatterbox (Field-Tested),0.037254692279803985,3.7254692279803985,0.037254692279803985,False,9.84507142857143,146.97198025329774,7.0
Apr 03 2017 01: +0,10.785,2,Galil AR | Chatterbox (Field-Tested),2017-04-03,10.785,2,Galil AR | Chatterbox (Field-Tested),0.01635932721522791,1.6359327215227908,0.01635932721522791,False,9.912142857142857,145.38048440206254,6.857142857142857
Apr 04 2017 01: +0,10.684,8,Galil AR | Chatterbox (Field-Tested),2017-04-04,10.684,8,Galil AR | Chatterbox (Field-Tested),-0.009408984593405311,-0.9408984593405312,0.009408984593405311,False,9.983571428571429,135.59284228238027,7.071428571428571
Apr 05 2017 01: +0,11.134,3,Galil AR | Chatterbox (Field-Tested),2017-04-05,11.134,3,Galil AR | Chatterbox (Field-Tested),0.04125619451360167,4.125619451360167,0.04125619451360167,False,10.037214285714287,135.85962269143178,6.714285714285714
Apr 06 2017 01: +0,11.539,6,Galil AR | Chatterbox (Field-Tested),2017-04-06,11.539,6,Galil AR | Chatterbox (Field-Tested),0.03572911245121454,3.5729112451214537,0.03572911245121454,False,10.290214285714287,135.34106912612032,6.785714285714286
Apr 07 2017 01: +0,12.477,7,Galil AR | Chatterbox (Field-Tested),2017-04-07,12.477,7,Galil AR | Chatterbox (Field-Tested),0.07815434721635367,7.815434721635367,0.07815434721635367,True,10.524857142857144,136.6534513582504,6.785714285714286
Apr 08 2017 01: +0,13.28,5,Galil AR | Chatterbox (Field-Tested),2017-04-08,13.28,5,Galil AR | Chatterbox (Field-Tested),0.062372194619403395,6.23721946194034,0.062372194619403395,True,10.779428571428571,137.8818772380753,6.785714285714286
Apr 09 2017 01: +0,12.669,6,Galil AR | Chatterbox (Field-Tested),2017-04-09,12.669,6,Galil AR | Chatterbox (Field-Tested),-0.047101079428371447,-4.710107942837145,0.047101079428371447,False,10.993928571428572,139.03242749060897,6.857142857142857
Apr 10 2017 01: +0,12.888,4,Galil AR | Chatterbox (Field-Tested),2017-04-10,12.888,4,Galil AR | Chatterbox (Field-Tested),0.017138581254756896,1.7138581254756895,0.017138581254756896,False,11.223,138.9453698827555,6.428571428571429
Apr 11 2017 01: +0,11.858,5,Galil AR | Chatterbox (Field-Tested),2017-04-11,11.858,5,Galil AR | Chatterbox (Field-Tested),-0.08329390058949725,-8.329390058949725,0.08329390058949725,True,11.362857142857143,135.68786499259502,6.428571428571429
Apr 12 2017 01: +0,12.195,8,Galil AR | Chatterbox (Field-Tested),2017-04-12,12.195,8,Galil AR | Chatterbox (Field-Tested),0.028023286382707627,2.8023286382707626,0.028023286382707627,False,11.498642857142856,132.21170505644946,6.357142857142857
Apr 13 2017 01: +0,11.955,2,Galil AR | Chatterbox (Field-Tested),2017-04-13,11.955,2,Galil AR | Chatterbox (Field-Tested),-0.01987643075759562,-1.9876430757595618,0.01987643075759562,False,11.618,132.46466926633096,5.857142857142857
Apr 14 2017 01: +0,12.208,5,Galil AR | Chatterbox (Field-Tested),2017-04-14,12.208,5,Galil AR | Chatterbox (Field-Tested),0.020941873631813084,2.0941873631813084,0.020941873631813084,False,11.750285714285715,132.4433101136039,5.928571428571429
Apr 15 2017 01: +0,12.489,6,Galil AR | Chatterbox (Field-Tested),2017-04-15,12.489,6,Galil AR | Chatterbox (Field-Tested),0.022756782338846995,2.2756782338846997,0.022756782338846995,False,11.912214285714287,131.3362208126069,5.5
Apr 16 2017 01: +0,11.855,5,Galil AR | Chatterbox (Field-Tested),2017-04-16,11.855,5,Galil AR | Chatterbox (Field-Tested),-0.05209853736357926,-5.209853736357926,0.05209853736357926,True,12.001142857142858,132.5651994547113,5.142857142857143
Apr 17 2017 01: +0,12.223,1,Galil AR | Chatterbox (Field-Tested),2017-04-17,12.223,1,Galil AR | Chatterbox (Field-Tested),0.030569703277756856,3.0569703277756854,0.030569703277756856,False,12.103857142857143,132.6896712603202,5.071428571428571
Apr 18 2017 01: +0,11.78,6,Galil AR | Chatterbox (Field-Tested),2017-04-18,11.78,6,Galil AR | Chatterbox (Field-Tested),-0.03691624457168514,-3.6916244571685137,0.03691624457168514,False,12.182142857142859,128.10346641059942,4.928571428571429
Apr 19 2017 01: +0,12.167,4,Galil AR | Chatterbox (Field-Tested),2017-04-19,12.167,4,Galil AR | Chatterbox (Field-Tested),0.0323241905818714,3.23241905818714,0.0323241905818714,False,12.255928571428573,127.38154368316876,5.0
Apr 20 2017 01: +0,12.735,4,Galil AR | Chatterbox (Field-Tested),2017-04-20,12.735,4,Galil AR | Chatterbox (Field-Tested),0.04562673962610819,4.56267396261082,0.04562673962610819,False,12.341357142857143,127.77596388227572,4.857142857142857
Apr 21 2017 01: +0,12.377,6,Galil AR | Chatterbox (Field-Tested),2017-04-21,12.377,6,Galil AR | Chatterbox (Field-Tested),-0.02851419687353491,-2.851419687353491,0.02851419687353491,False,12.334214285714287,126.50256155063562,4.785714285714286
Apr 22 2017 01: +0,12.987,8,Galil AR | Chatterbox (Field-Tested),2017-04-22,12.987,8,Galil AR | Chatterbox (Field-Tested),0.048108945570067924,4.810894557006792,0.048108945570067924,False,12.313285714285715,82.80485287933416,5.0
Apr 23 2017 01: +0,10.077,5,Galil AR | Chatterbox (Field-Tested),2017-04-23,10.077,5,Galil AR | Chatterbox (Field-Tested),-0.25369325782968777,-25.369325782968776,0.25369325782968777,True,12.128142857142858,116.04723520252855,4.928571428571429
Apr 24 2017 01: +0,11.804,5,Galil AR | Chatterbox (Field-Tested),2017-04-24,11.804,5,Galil AR | Chatterbox (Field-Tested),0.15818285778242763,15.818285778242764,0.15818285778242763,True,12.050714285714287,126.90890870658973,5.0
Apr 25 2017 01: +0,10.278,7,Galil AR | Chatterbox (Field-Tested),2017-04-25,10.278,7,Galil AR | Chatterbox (Field-Tested),-0.13843276851065509,-13.843276851065509,0.13843276851065509,True,11.937857142857142,136.59306230579907,5.142857142857143
Apr 26 2017 01: +0,11.459,2,Galil AR | Chatterbox (Field-Tested),2017-04-26,11.459,2,Galil AR | Chatterbox (Field-Tested),0.10876975887427326,10.876975887427326,0.10876975887427326,True,11.885285714285715,141.57315318751614,4.714285714285714
Apr 27 2017 01: +0,10.723,2,Galil AR | Chatterbox (Field-Tested),2017-04-27,10.723,2,Galil AR | Chatterbox (Field-Tested),-0.06638448020630246,-6.638448020630245,0.06638448020630246,True,11.797285714285717,143.6215751398007,4.714285714285714
Apr 28 2017 01: +0,10.717,2,Galil AR | Chatterbox (Field-Tested),2017-04-28,10.717,2,Galil AR | Chatterbox (Field-Tested),-0.0005597015071486232,-0.055970150714862325,0.0005597015071486232,False,11.690785714285713,143.02255388364637,4.5
Apr 29 2017 01: +0,11.889,4,Galil AR | Chatterbox (Field-Tested),2017-04-29,11.889,4,Galil AR | Chatterbox (Field-Tested),0.10378233714554749,10.37823371455475,0.10378233714554749,True,11.647928571428574,147.40939434378726,4.357142857142857
Apr 30 2017 01: +0,12.461,6,Galil AR | Chatterbox (Field-Tested),2017-04-30,12.461,6,Galil AR | Chatterbox (Field-Tested),0.04699016408432287,4.6990164084322865,0.04699016408432287,False,11.691214285714286,148.14151292425663,4.428571428571429
May 01 2017 01: +0,12.726,4,Galil AR | Chatterbox (Field-Tested),2017-05-01,12.726,4,Galil AR | Chatterbox (Field-Tested),0.021043377849869937,2.1043377849869938,0.021043377849869937,False,11.72714285714286,148.0625936038205,4.642857142857143
May 02 2017 01: +0,11.106,1,Galil AR | Chatterbox (Field-Tested),2017-05-02,11.106,1,Galil AR | Chatterbox (Field-Tested),-0.13616164199118502,-13.616164199118503,0.13616164199118502,True,11.679000000000002,155.80108724595016,4.285714285714286
May 03 2017 01: +0,16.248,6,Galil AR | Chatterbox (Field-Tested),2017-05-03,16.248,6,Galil AR | Chatterbox (Field-Tested),0.3804843214586682,38.04843214586682,0.3804843214586682,True,11.970500000000001,204.36557098263043,4.428571428571429
May 04 2017 01: +0,13.868,3,Galil AR | Chatterbox (Field-Tested),2017-05-04,13.868,3,Galil AR | Chatterbox (Field-Tested),-0.15838579645530665,-15.838579645530665,0.15838579645530665,True,12.051428571428572,212.9100653005477,4.357142857142857
May 05 2017 01: +0,11.342,11,Galil AR | Chatterbox (Field-Tested),2017-05-05,11.342,11,Galil AR | Chatterbox (Field-Tested),-0.20107137823094065,-20.107137823094064,0.20107137823094065,True,11.977500000000003,224.69765295310333,4.714285714285714
May 06 2017 01: +0,11.056,5,Galil AR | Chatterbox (Field-Tested),2017-05-06,11.056,5,Galil AR | Chatterbox (Field-Tested),-0.02553938256652229,-2.553938256652229,0.02553938256652229,False,11.83957142857143,224.50885273819546,4.5
May 07 2017 01: +0,11.33,5,Galil AR | Chatterbox (Field-Tested),2017-05-07,11.33,5,Galil AR | Chatterbox (Field-Tested),0.02448080801460101,2.448080801460101,0.02448080801460101,False,11.92907142857143,222.88906075237378,4.5
May 08 2017 01: +0,11.22,4,Galil AR | Chatterbox (Field-Tested),2017-05-08,11.22,4,Galil AR | Chatterbox (Field-Tested),-0.009756174945364685,-0.9756174945364685,0.009756174945364685,False,11.887357142857143,221.6341221011261,4.428571428571429
May 09 2017 01: +0,11.574,2,Galil AR | Chatterbox (Field-Tested),2017-05-09,11.574,2,Galil AR | Chatterbox (Field-Tested),0.03106330305709672,3.106330305709672,0.03106330305709672,False,11.979928571428573,221.46969531304202,4.071428571428571
May 10 2017 01: +0,11.644,5,Galil AR | Chatterbox (Field-Tested),2017-05-10,11.644,5,Galil AR | Chatterbox (Field-Tested),0.006029822731729782,0.6029822731729781,0.006029822731729782,False,11.993142857142859,221.3763510228792,4.285714285714286
May 11 2017 01: +0,12.438,5,Galil AR | Chatterbox (Field-Tested),2017-05-11,12.438,5,Galil AR | Chatterbox (Field-Tested),0.06596527679832082,6.596527679832081,0.06596527679832082,True,12.11564285714286,220.7161338396202,4.5
May 12 2017 01: +0,12.555,7,Galil AR | Chatterbox (Field-Tested),2017-05-12,12.555,7,Galil AR | Chatterbox (Field-Tested),0.009362689927850642,0.9362689927850643,0.009362689927850642,False,12.246928571428572,220.530770997933,4.857142857142857
May 13 2017 01: +0,11.977,9,Galil AR | Chatterbox (Field-Tested),2017-05-13,11.977,9,Galil AR | Chatterbox (Field-Tested),-0.047130848644178505,-4.7130848644178505,0.047130848644178505,False,12.253214285714288,221.05929671347582,5.214285714285714
May 14 2017 01: +0,11.744,5,Galil AR | Chatterbox (Field-Tested),2017-05-14,11.744,5,Galil AR | Chatterbox (Field-Tested),-0.019645672093209998,-1.9645672093209998,0.019645672093209998,False,12.202000000000002,221.0301019146334,5.142857142857143
May 15 2017 01: +0,11.047,8,Galil AR | Chatterbox (Field-Tested),2017-05-15,11.047,8,Galil AR | Chatterbox (Field-Tested),-0.06118357398202162,-6.118357398202162,0.06118357398202162,True,12.08207142857143,221.81845892622377,5.428571428571429
May 16 2017 01: +0,11.381,6,Galil AR | Chatterbox (Field-Tested),2017-05-16,11.381,6,Galil AR | Chatterbox (Field-Tested),0.029786400409614597,2.9786400409614595,0.029786400409614597,False,12.101714285714289,221.42638031226403,5.785714285714286
May 17 2017 01: +0,12.197,5,Galil AR | Chatterbox (Field-Tested),2017-05-17,12.197,5,Galil AR | Chatterbox (Field-Tested),0.06924472156134832,6.924472156134833,0.06924472156134832,True,11.812357142857143,222.53646145567654,5.714285714285714
May 18 2017 01: +0,14.39,3,Galil AR | Chatterbox (Field-Tested),2017-05-18,14.39,3,Galil AR | Chatterbox (Field-Tested),0.16534350103817538,16.534350103817538,0.16534350103817538,True,11.849642857142857,229.39880479902234,5.714285714285714
May 19 2017 01: +0,12.898,1,Galil AR | Chatterbox (Field-Tested),2017-05-19,12.898,1,Galil AR | Chatterbox (Field-Tested),-0.10946126031109092,-10.946126031109092,0.10946126031109092,True,11.960785714285715,232.71035110961176,5.0
May 20 2017 01: +0,12.359,5,Galil AR | Chatterbox (Field-Tested),2017-05-20,12.359,5,Galil AR | Chatterbox (Field-Tested),-0.04268771798058727,-4.268771798058727,0.04268771798058727,False,12.053857142857144,232.6627440492635,5.0
May 21 2017 01: +0,14.86,6,Galil AR | Chatterbox (Field-Tested),2017-05-21,14.86,6,Galil AR | Chatterbox (Field-Tested),0.1842884966820147,18.42884966820147,0.1842884966820147,True,12.306,241.17981398945142,5.071428571428571
May 22 2017 01: +0,14.731,3,Galil AR | Chatterbox (Field-Tested),2017-05-22,14.731,3,Galil AR | Chatterbox (Field-Tested),-0.008718922456811804,-0.8718922456811804,0.008718922456811804,False,12.556785714285715,240.74799799544303,5.0
May 23 2017 01: +0,14.122,2,Galil AR | Chatterbox (Field-Tested),2017-05-23,14.122,2,Galil AR | Chatterbox (Field-Tested),-0.04222025173864614,-4.222025173864614,0.04222025173864614,False,12.738785714285715,222.87267233619824,5.0
May 24 2017 01: +0,9.812,11,Galil AR | Chatterbox (Field-Tested),2017-05-24,9.812,11,Galil AR | Chatterbox (Field-Tested),-0.36412773869791226,-36.41277386979122,0.36412773869791226,True,12.607928571428573,252.08203252124602,5.428571428571429
May 25 2017 01: +0,10.487,5,Galil AR | Chatterbox (Field-Tested),2017-05-25,10.487,5,Galil AR | Chatterbox (Field-Tested),0.0665302684560252,6.653026845602519,0.0665302684560252,True,12.468571428571432,248.66062108483297,5.428571428571429
May 26 2017 01: +0,10.563,6,Galil AR | Chatterbox (Field-Tested),2017-05-26,10.563,6,Galil AR | Chatterbox (Field-Tested),0.007220933988757074,0.7220933988757074,0.007220933988757074,False,12.326285714285715,245.60842781476268,5.357142857142857
May 27 2017 01: +0,9.85,5,Galil AR | Chatterbox (Field-Tested),2017-05-27,9.85,5,Galil AR | Chatterbox (Field-Tested),-0.06988587365702773,-6.988587365702773,0.06988587365702773,True,12.174357142857145,245.72567976211928,5.071428571428571
May 28 2017 01: +0,11.116,4,Galil AR | Chatterbox (Field-Tested),2017-05-28,11.116,4,Galil AR | Chatterbox (Field-Tested),0.12091405669625975,12.091405669625974,0.12091405669625975,True,12.129500000000002,249.49117917422345,5.0
May 29 2017 01: +0,12.998,3,Galil AR | Chatterbox (Field-Tested),2017-05-29,12.998,3,Galil AR | Chatterbox (Field-Tested),0.15640998759189984,15.640998759189984,0.15640998759189984,True,12.268857142857144,252.8666745472878,4.642857142857143
May 30 2017 01: +0,12.179,6,Galil AR | Chatterbox (Field-Tested),2017-05-30,12.179,6,Galil AR | Chatterbox (Field-Tested),-0.06508234236718366,-6.508234236718366,0.06508234236718366,True,12.325857142857144,253.43229269345687,4.642857142857143
May 31 2017 01: +0,11.826,6,Galil AR | Chatterbox (Field-Tested),2017-05-31,11.826,6,Galil AR | Chatterbox (Field-Tested),-0.029412659706335317,-2.941265970633532,0.029412659706335317,False,12.299357142857145,253.49695123902706,4.714285714285714
Jun 01 2017 01: +0,11.227,4,Galil AR | Chatterbox (Field-Tested),2017-06-01,11.227,4,Galil AR | Chatterbox (Field-Tested),-0.0519789059219957,-5.19789059219957,0.0519789059219957,True,12.07342857142857,249.5783542789635,4.785714285714286
Jun 02 2017 01: +0,12.03,4,Galil AR | Chatterbox (Field-Tested),2017-06-02,12.03,4,Galil AR | Chatterbox (Field-Tested),0.06908193850994503,6.908193850994502,0.06908193850994503,True,12.01142857142857,210.45343358703664,5.0
Jun 03 2017 01: +0,12.114,5,Galil AR | Chatterbox (Field-Tested),2017-06-03,12.114,5,Galil AR | Chatterbox (Field-Tested),0.006958278572168077,0.6958278572168077,0.006958278572168077,False,11.993928571428572,203.57224292815187,5.0
Jun 04 2017 01: +0,11.834,7,Galil AR | Chatterbox (Field-Tested),2017-06-04,11.834,7,Galil AR | Chatterbox (Field-Tested),-0.02338506430425326,-2.338506430425326,0.02338506430425326,False,11.777785714285715,191.02635834696315,5.071428571428571
Jun 05 2017 01: +0,11.16,4,Galil AR | Chatterbox (Field-Tested),2017-06-05,11.16,4,Galil AR | Chatterbox (Field-Tested),-0.058640787301337385,-5.8640787301337385,0.058640787301337385,True,11.522714285714287,191.9608796991126,5.142857142857143
Jun 06 2017 01: +0,11.473,9,Galil AR | Chatterbox (Field-Tested),2017-06-06,11.473,9,Galil AR | Chatterbox (Field-Tested),0.027660491863841157,2.766049186384116,0.027660491863841157,False,11.3335,192.0144633905362,5.642857142857143
Jun 07 2017 01: +0,11.98,7,Galil AR | Chatterbox (Field-Tested),2017-06-07,11.98,7,Galil AR | Chatterbox (Field-Tested),0.043242143870297414,4.324214387029741,0.043242143870297414,False,11.488357142857144,192.55014894675537,5.357142857142857
Jun 08 2017 01: +0,13.349,2,Galil AR | Chatterbox (Field-Tested),2017-06-08,13.349,2,Galil AR | Chatterbox (Field-Tested),0.10820288298629203,10.820288298629203,0.10820288298629203,True,11.692785714285716,195.8578592207234,5.142857142857143
Jun 09 2017 01: +0,13.033,5,Galil AR | Chatterbox (Field-Tested),2017-06-09,13.033,5,Galil AR | Chatterbox (Field-Tested),-0.02395687312501269,-2.395687312501269,0.02395687312501269,False,11.869214285714287,196.11243891327354,5.071428571428571
Jun 10 2017 01: +0,12.467,8,Galil AR | Chatterbox (Field-Tested),2017-06-10,12.467,8,Galil AR | Chatterbox (Field-Tested),-0.044399449185744684,-4.439944918574469,0.044399449185744684,False,12.056142857142857,195.48345644028697,5.285714285714286
Jun 11 2017 01: +0,12.791,8,Galil AR | Chatterbox (Field-Tested),2017-06-11,12.791,8,Galil AR | Chatterbox (Field-Tested),0.025656645254418214,2.5656645254418216,0.025656645254418214,False,12.175785714285718,195.66340186109912,5.571428571428571
Jun 12 2017 01: +0,11.821,4,Galil AR | Chatterbox (Field-Tested),2017-06-12,11.821,4,Galil AR | Chatterbox (Field-Tested),-0.07886418784901622,-7.886418784901622,0.07886418784901622,True,12.091714285714287,196.9470179128716,5.642857142857143
Jun 13 2017 01: +0,12.388,6,Galil AR | Chatterbox (Field-Tested),2017-06-13,12.388,6,Galil AR | Chatterbox (Field-Tested),0.046850651342716425,4.6850651342716425,0.046850651342716425,False,12.106642857142857,197.49577291104578,5.642857142857143
Jun 14 2017 01: +0,10.488,4,Galil AR | Chatterbox (Field-Tested),2017-06-14,10.488,4,Galil AR | Chatterbox (Field-Tested),-0.16649651564955764,-16.649651564955764,0.16649651564955764,True,12.01107142857143,204.99537234941565,5.5
Jun 15 2017 01: +0,11.951,6,Galil AR | Chatterbox (Field-Tested),2017-06-15,11.951,6,Galil AR | Chatterbox (Field-Tested),0.13058321042334528,13.058321042334528,0.13058321042334528,True,12.062785714285715,209.90217702895143,5.642857142857143
Jun 16 2017 01: +0,11.374,5,Galil AR | Chatterbox (Field-Tested),2017-06-16,11.374,5,Galil AR | Chatterbox (Field-Tested),-0.04948490800013601,-4.948490800013601,0.04948490800013601,False,12.015928571428573,209.1726233533156,5.714285714285714
Jun 17 2017 01: +0,11.833,7,Galil AR | Chatterbox (Field-Tested),2017-06-17,11.833,7,Galil AR | Chatterbox (Field-Tested),0.039562189517813755,3.9562189517813753,0.039562189517813755,False,11.995857142857144,200.92087701090642,5.857142857142857
Jun 18 2017 01: +0,12.916,4,Galil AR | Chatterbox (Field-Tested),2017-06-18,12.916,4,Galil AR | Chatterbox (Field-Tested),0.0875746144936071,8.75746144936071,0.0875746144936071,True,12.073142857142857,199.96749084308072,5.642857142857143
Jun 19 2017 01: +0,11.004,4,Galil AR | Chatterbox (Field-Tested),2017-06-19,11.004,4,Galil AR | Chatterbox (Field-Tested),-0.16020800983370073,-16.020800983370073,0.16020800983370073,True,12.062,207.1992541908437,5.642857142857143
Jun 20 2017 01: +0,11.025,2,Galil AR | Chatterbox (Field-Tested),2017-06-20,11.025,2,Galil AR | Chatterbox (Field-Tested),0.001906578270581669,0.1906578270581669,0.001906578270581669,False,12.030000000000001,195.80645106887403,5.142857142857143
Jun 21 2017 01: +0,11.666,1,Galil AR | Chatterbox (Field-Tested),2017-06-21,11.666,1,Galil AR | Chatterbox (Field-Tested),0.05651320699853609,5.651320699853609,0.05651320699853609,True,12.007571428571428,197.17531563907255,4.714285714285714
Jun 22 2017 01: +0,10.732,6,Galil AR | Chatterbox (Field-Tested),2017-06-22,10.732,6,Galil AR | Chatterbox (Field-Tested),-0.08344869576806828,-8.344869576806827,0.08344869576806828,True,11.820642857142857,198.6010647733063,5.0
Jun 23 2017 01: +0,11.413,7,Galil AR | Chatterbox (Field-Tested),2017-06-23,11.413,7,Galil AR | Chatterbox (Field-Tested),0.06152312400808541,6.152312400808541,0.06152312400808541,True,11.704928571428573,153.13766260331784,5.142857142857143
Jun 24 2017 01: +0,11.65,5,Galil AR | Chatterbox (Field-Tested),2017-06-24,11.65,5,Galil AR | Chatterbox (Field-Tested),0.020553123440246564,2.0553123440246566,0.020553123440246564,False,11.64657142857143,151.64647375388523,4.928571428571429
Jun 25 2017 01: +0,11.442,8,Galil AR | Chatterbox (Field-Tested),2017-06-25,11.442,8,Galil AR | Chatterbox (Field-Tested),-0.01801538416537253,-1.801538416537253,0.01801538416537253,False,11.550214285714288,151.82403448812994,4.928571428571429
Jun 26 2017 01: +0,11.186,8,Galil AR | Chatterbox (Field-Tested),2017-06-26,11.186,8,Galil AR | Chatterbox (Field-Tested),-0.022627799446940825,-2.2627799446940826,0.022627799446940825,False,11.504857142857144,149.8639390765559,5.214285714285714
Jun 27 2017 01: +0,10.146,3,Galil AR | Chatterbox (Field-Tested),2017-06-27,10.146,3,Galil AR | Chatterbox (Field-Tested),-0.09758345725489785,-9.758345725489786,0.09758345725489785,True,11.344714285714288,147.81911818095165,5.0
Jun 28 2017 01: +0,10.805,5,Galil AR | Chatterbox (Field-Tested),2017-06-28,10.805,5,Galil AR | Chatterbox (Field-Tested),0.062929450814351,6.2929450814351,0.062929450814351,True,11.367357142857145,138.42521275031444,5.071428571428571
Jun 29 2017 01: +0,11.423,6,Galil AR | Chatterbox (Field-Tested),2017-06-29,11.423,6,Galil AR | Chatterbox (Field-Tested),0.05561987679296077,5.561987679296077,0.05561987679296077,True,11.329642857142858,138.36117272618617,5.071428571428571
Jun 30 2017 01: +0,11.753,6,Galil AR | Chatterbox (Field-Tested),2017-06-30,11.753,6,Galil AR | Chatterbox (Field-Tested),0.028479660398907,2.8479660398907,0.028479660398907,False,11.356714285714288,138.3982827808816,5.142857142857143
Jul 01 2017 01: +0,14.081,5,Galil AR | Chatterbox (Field-Tested),2017-07-01,14.081,5,Galil AR | Chatterbox (Field-Tested),0.18071784378445752,18.071784378445752,0.18071784378445752,True,11.517285714285714,150.69661420772087,5.0
Jul 02 2017 01: +0,13.753,2,Galil AR | Chatterbox (Field-Tested),2017-07-02,13.753,2,Galil AR | Chatterbox (Field-Tested),-0.023569388802603796,-2.3569388802603797,0.023569388802603796,False,11.57707142857143,149.3948101388608,4.857142857142857
Jul 03 2017 01: +0,13.084,5,Galil AR | Chatterbox (Field-Tested),2017-07-03,13.084,5,Galil AR | Chatterbox (Field-Tested),-0.04986687245643326,-4.986687245643326,0.04986687245643326,False,11.725642857142859,150.5854319501814,4.928571428571429
Jul 04 2017 01: +0,12.284,6,Galil AR | Chatterbox (Field-Tested),2017-07-04,12.284,6,Galil AR | Chatterbox (Field-Tested),-0.06309250709756146,-6.309250709756147,0.06309250709756146,True,11.81557142857143,152.07632021678575,5.214285714285714
Jul 05 2017 01: +0,12.797,3,Galil AR | Chatterbox (Field-Tested),2017-07-05,12.797,3,Galil AR | Chatterbox (Field-Tested),0.04091316587688285,4.0913165876882855,0.04091316587688285,False,11.896357142857143,151.10368223163167,5.357142857142857
Jul 06 2017 01: +0,12.771,6,Galil AR | Chatterbox (Field-Tested),2017-07-06,12.771,6,Galil AR | Chatterbox (Field-Tested),-0.0020337929413338997,-0.20337929413338998,0.0020337929413338997,False,12.042000000000002,150.8872103631307,5.357142857142857
Jul 07 2017 01: +0,11.815,6,Galil AR | Chatterbox (Field-Tested),2017-07-07,11.815,6,Galil AR | Chatterbox (Field-Tested),-0.07780706487525396,-7.780706487525396,0.07780706487525396,True,12.070714285714287,152.77746126587485,5.285714285714286
Jul 08 2017 01: +0,12.687,8,Galil AR | Chatterbox (Field-Tested),2017-07-08,12.687,8,Galil AR | Chatterbox (Field-Tested),0.07120793651959001,7.120793651959001,0.07120793651959001,True,12.144785714285716,149.9850730618502,5.5
Jul 09 2017 01: +0,13.538,3,Galil AR | Chatterbox (Field-Tested),2017-07-09,13.538,3,Galil AR | Chatterbox (Field-Tested),0.06492269892795471,6.492269892795472,0.06492269892795471,True,12.294500000000001,151.52088900732522,5.142857142857143
Jul 10 2017 01: +0,12.885,4,Galil AR | Chatterbox (Field-Tested),2017-07-10,12.885,4,Galil AR | Chatterbox (Field-Tested),-0.049436701982087536,-4.943670198208753,0.049436701982087536,False,12.415857142857144,151.72202275260028,4.857142857142857
Jul 11 2017 01: +0,14.683,6,Galil AR | Chatterbox (Field-Tested),2017-07-11,14.683,6,Galil AR | Chatterbox (Field-Tested),0.13062651787647206,13.062651787647205,0.13062651787647206,True,12.739928571428575,158.14255473456046,5.071428571428571
Jul 12 2017 01: +0,13.214,4,Galil AR | Chatterbox (Field-Tested),2017-07-12,13.214,4,Galil AR | Chatterbox (Field-Tested),-0.10541348837310656,-10.541348837310656,0.10541348837310656,True,12.912000000000003,160.1643352125368,5.0
Jul 13 2017 01: +0,13.218,4,Galil AR | Chatterbox (Field-Tested),2017-07-13,13.218,4,Galil AR | Chatterbox (Field-Tested),0.0003026634405670301,0.03026634405670301,0.0003026634405670301,False,13.040214285714287,159.40759131310637,4.857142857142857
Jul 14 2017 01: +0,11.63,5,Galil AR | Chatterbox (Field-Tested),2017-07-14,11.63,5,Galil AR | Chatterbox (Field-Tested),-0.12799157051768792,-12.799157051768791,0.12799157051768792,True,13.031428571428572,154.77863592163828,4.785714285714286
Jul 15 2017 01: +0,12.394,6,Galil AR | Chatterbox (Field-Tested),2017-07-15,12.394,6,Galil AR | Chatterbox (Field-Tested),0.06362451800934252,6.3624518009342514,0.06362451800934252,True,12.910928571428572,149.5292224728737,4.857142857142857
Jul 16 2017 01: +0,13.147,6,Galil AR | Chatterbox (Field-Tested),2017-07-16,13.147,6,Galil AR | Chatterbox (Field-Tested),0.058981111174551404,5.898111117455141,0.058981111174551404,True,12.867642857142858,149.68681915512022,5.142857142857143
Jul 17 2017 01: +0,13.966,3,Galil AR | Chatterbox (Field-Tested),2017-07-17,13.966,3,Galil AR | Chatterbox (Field-Tested),0.060432208709376316,6.043220870937631,0.060432208709376316,True,12.930642857142859,150.47128693721007,5.0
Jul 18 2017 01: +0,12.729,5,Galil AR | Chatterbox (Field-Tested),2017-07-18,12.729,5,Galil AR | Chatterbox (Field-Tested),-0.09274294953554607,-9.274294953554607,0.09274294953554607,True,12.962428571428571,151.2390480351993,4.928571428571429
Jul 19 2017 01: +0,13.492,3,Galil AR | Chatterbox (Field-Tested),2017-07-19,13.492,3,Galil AR | Chatterbox (Field-Tested),0.05821406231110649,5.821406231110649,0.05821406231110649,True,13.01207142857143,141.05283433522413,4.928571428571429
Jul 20 2017 01: +0,13.238,3,Galil AR | Chatterbox (Field-Tested),2017-07-20,13.238,3,Galil AR | Chatterbox (Field-Tested),-0.019005435502672807,-1.9005435502672807,0.019005435502672807,False,13.045428571428573,141.33237156538726,4.714285714285714
Jul 21 2017 01: +0,11.272,3,Galil AR | Chatterbox (Field-Tested),2017-07-21,11.272,3,Galil AR | Chatterbox (Field-Tested),-0.16076970710035188,-16.076970710035187,0.16076970710035188,True,13.00664285714286,151.53034826209748,4.5
Jul 22 2017 01: +0,12.977,8,Galil AR | Chatterbox (Field-Tested),2017-07-22,12.977,8,Galil AR | Chatterbox (Field-Tested),0.14085678515871441,14.085678515871441,0.14085678515871441,True,13.027357142857143,156.31937177608037,4.5
Jul 23 2017 01: +0,13.389,5,Galil AR | Chatterbox (Field-Tested),2017-07-23,13.389,5,Galil AR | Chatterbox (Field-Tested),0.0312549145601491,3.12549145601491,0.0312549145601491,False,13.016714285714288,155.32770333926797,4.642857142857143
Jul 24 2017 01: +0,13.4,3,Galil AR | Chatterbox (Field-Tested),2017-07-24,13.4,3,Galil AR | Chatterbox (Field-Tested),0.0008212326416231698,0.08212326416231698,0.0008212326416231698,False,13.0535,155.23664687449224,4.571428571428571
Jul 25 2017 01: +0,13.88,6,Galil AR | Chatterbox (Field-Tested),2017-07-25,13.88,6,Galil AR | Chatterbox (Field-Tested),0.035194248121792684,3.5194248121792686,0.035194248121792684,False,12.996142857142859,155.36763923319364,4.571428571428571
Jul 26 2017 01: +0,14.396,1,Galil AR | Chatterbox (Field-Tested),2017-07-26,14.396,1,Galil AR | Chatterbox (Field-Tested),0.03650143513812592,3.650143513812592,0.03650143513812592,False,13.08057142857143,155.34429696527155,4.357142857142857
Jul 27 2017 01: +0,13.247,7,Galil AR | Chatterbox (Field-Tested),2017-07-27,13.247,7,Galil AR | Chatterbox (Field-Tested),-0.0831792785146598,-8.31792785146598,0.0831792785146598,True,13.08264285714286,154.1842276837406,4.571428571428571
Jul 28 2017 01: +0,13.933,3,Galil AR | Chatterbox (Field-Tested),2017-07-28,13.933,3,Galil AR | Chatterbox (Field-Tested),0.05048901542933025,5.048901542933025,0.05048901542933025,True,13.247142857142858,153.69572925661123,4.428571428571429
Jul 29 2017 01: +0,11.887,1,Galil AR | Chatterbox (Field-Tested),2017-07-29,11.887,1,Galil AR | Chatterbox (Field-Tested),-0.1588147611329674,-15.881476113296742,0.1588147611329674,True,13.210928571428573,163.31588448394302,4.071428571428571
Jul 30 2017 01: +0,13.475,7,Galil AR | Chatterbox (Field-Tested),2017-07-30,13.475,7,Galil AR | Chatterbox (Field-Tested),0.12539075079657355,12.539075079657355,0.12539075079657355,True,13.234357142857144,168.75165857844848,4.142857142857143
Jul 31 2017 01: +0,13.442,4,Galil AR | Chatterbox (Field-Tested),2017-07-31,13.442,4,Galil AR | Chatterbox (Field-Tested),-0.002451983247286645,-0.2451983247286645,0.002451983247286645,False,13.196928571428574,156.32254804811765,4.214285714285714
Aug 01 2017 01: +0,13.623,4,Galil AR | Chatterbox (Field-Tested),2017-08-01,13.623,4,Galil AR | Chatterbox (Field-Tested),0.013375407236149647,1.3375407236149648,0.013375407236149647,False,13.260785714285715,156.19861745038497,4.142857142857143
Aug 02 2017 01: +0,13.52,3,Galil AR | Chatterbox (Field-Tested),2017-08-02,13.52,3,Galil AR | Chatterbox (Field-Tested),-0.007589470169105745,-0.7589470169105745,0.007589470169105745,False,13.262785714285716,155.20356402645496,4.142857142857143
Aug 03 2017 01: +0,12.84,3,Galil AR | Chatterbox (Field-Tested),2017-08-03,12.84,3,Galil AR | Chatterbox (Field-Tested),-0.05160477235300295,-5.160477235300295,0.05160477235300295,True,13.234357142857146,154.65637898434335,4.142857142857143
Aug 04 2017 01: +0,12.874,3,Galil AR | Chatterbox (Field-Tested),2017-08-04,12.874,3,Galil AR | Chatterbox (Field-Tested),0.002644475368608998,0.2644475368608998,0.002644475368608998,False,13.348785714285714,154.00281586274306,4.142857142857143
Aug 05 2017 01: +0,13.207,8,Galil AR | Chatterbox (Field-Tested),2017-08-05,13.207,8,Galil AR | Chatterbox (Field-Tested),0.025537218431243104,2.5537218431243103,0.025537218431243104,False,13.365214285714286,154.25255449970604,4.142857142857143
Aug 06 2017 01: +0,12.265,5,Galil AR | Chatterbox (Field-Tested),2017-08-06,12.265,5,Galil AR | Chatterbox (Field-Tested),-0.07399731435121469,-7.399731435121469,0.07399731435121469,True,13.284928571428575,154.01274583770484,4.142857142857143
Aug 07 2017 01: +0,12.231,3,Galil AR | Chatterbox (Field-Tested),2017-08-07,12.231,3,Galil AR | Chatterbox (Field-Tested),-0.002775965205226694,-0.2775965205226694,0.002775965205226694,False,13.201428571428574,151.93072125985069,4.142857142857143
Aug 08 2017 01: +0,13.486,7,Galil AR | Chatterbox (Field-Tested),2017-08-08,13.486,7,Galil AR | Chatterbox (Field-Tested),0.09767839780716431,9.76783978071643,0.09767839780716431,True,13.173285714285715,154.13908893028386,4.214285714285714
Aug 09 2017 01: +0,13.296,4,Galil AR | Chatterbox (Field-Tested),2017-08-09,13.296,4,Galil AR | Chatterbox (Field-Tested),-0.014188872199297882,-1.4188872199297882,0.014188872199297882,False,13.094714285714286,153.20743544717212,4.428571428571429
Aug 10 2017 01: +0,12.89,6,Galil AR | Chatterbox (Field-Tested),2017-08-10,12.89,6,Galil AR | Chatterbox (Field-Tested),-0.03101142116199631,-3.101142116199631,0.03101142116199631,False,13.069214285714287,146.2152995898287,4.357142857142857
Aug 11 2017 01: +0,13.885,4,Galil AR | Chatterbox (Field-Tested),2017-08-11,13.885,4,Galil AR | Chatterbox (Field-Tested),0.07435730380766685,7.435730380766685,0.07435730380766685,True,13.065785714285715,144.0038058729384,4.428571428571429
Aug 12 2017 01: +0,14.383,4,Galil AR | Chatterbox (Field-Tested),2017-08-12,14.383,4,Galil AR | Chatterbox (Field-Tested),0.035237832862989316,3.5237832862989316,0.035237832862989316,False,13.24407142857143,144.47743138230027,4.642857142857143
Aug 13 2017 01: +0,13.863,4,Galil AR | Chatterbox (Field-Tested),2017-08-13,13.863,4,Galil AR | Chatterbox (Field-Tested),-0.036823533065513156,-3.6823533065513154,0.036823533065513156,False,13.271785714285715,137.415629714961,4.428571428571429
Aug 14 2017 01: +0,14.683,2,Galil AR | Chatterbox (Field-Tested),2017-08-14,14.683,2,Galil AR | Chatterbox (Field-Tested),0.05746694142456161,5.746694142456161,0.05746694142456161,True,13.360428571428573,137.10625169064886,4.285714285714286
Aug 15 2017 01: +0,15.509,2,Galil AR | Chatterbox (Field-Tested),2017-08-15,15.509,2,Galil AR | Chatterbox (Field-Tested),0.05473013859651533,5.473013859651533,0.05473013859651533,True,13.495142857142858,136.90600397033202,4.142857142857143
Aug 16 2017 01: +0,16.139,3,Galil AR | Chatterbox (Field-Tested),2017-08-16,16.139,3,Galil AR | Chatterbox (Field-Tested),0.039818202476369434,3.9818202476369433,0.039818202476369434,False,13.682214285714286,136.0512707742955,4.142857142857143
Aug 17 2017 01: +0,13.304,3,Galil AR | Chatterbox (Field-Tested),2017-08-17,13.304,3,Galil AR | Chatterbox (Field-Tested),-0.19317396116305882,-19.317396116305883,0.19317396116305882,True,13.715357142857144,149.00877993148086,4.142857142857143
Aug 18 2017 01: +0,15.074,3,Galil AR | Chatterbox (Field-Tested),2017-08-18,15.074,3,Galil AR | Chatterbox (Field-Tested),0.12490666353065148,12.490666353065148,0.12490666353065148,True,13.872500000000002,153.9394664603995,4.142857142857143
Aug 19 2017 01: +0,14.333,2,Galil AR | Chatterbox (Field-Tested),2017-08-19,14.333,2,Galil AR | Chatterbox (Field-Tested),-0.050406834480199544,-5.040683448019954,0.050406834480199544,True,13.952928571428572,154.90890971722715,3.7142857142857144
Aug 21 2017 01: +0,13.225,4,Galil AR | Chatterbox (Field-Tested),2017-08-21,13.225,4,Galil AR | Chatterbox (Field-Tested),-0.08045559319671557,-8.045559319671556,0.08045559319671557,True,14.021500000000001,146.55280778913328,3.642857142857143
Aug 22 2017 01: +0,13.506,4,Galil AR | Chatterbox (Field-Tested),2017-08-22,13.506,4,Galil AR | Chatterbox (Field-Tested),0.021025053408287128,2.1025053408287127,0.021025053408287128,False,14.11257142857143,138.33509685018,3.7142857142857144
Aug 23 2017 01: +0,11.974,5,Galil AR | Chatterbox (Field-Tested),2017-08-23,11.974,5,Galil AR | Chatterbox (Field-Tested),-0.1203963986494899,-12.03963986494899,0.1203963986494899,True,14.004571428571428,144.19574111260735,3.5714285714285716
Aug 24 2017 01: +0,11.941,3,Galil AR | Chatterbox (Field-Tested),2017-08-24,11.941,3,Galil AR | Chatterbox (Field-Tested),-0.002759775951912658,-0.2759775951912658,0.002759775951912658,False,13.907785714285714,144.1869463442175,3.5
Aug 25 2017 01: +0,12.443,3,Galil AR | Chatterbox (Field-Tested),2017-08-25,12.443,3,Galil AR | Chatterbox (Field-Tested),0.04118035924224645,4.118035924224645,0.04118035924224645,False,13.875857142857145,144.40587871125413,3.2857142857142856
Aug 26 2017 01: +0,12.526,4,Galil AR | Chatterbox (Field-Tested),2017-08-26,12.526,4,Galil AR | Chatterbox (Field-Tested),0.006648268309727026,0.6648268309727026,0.006648268309727026,False,13.778785714285716,143.73521648851647,3.2857142857142856
Aug 27 2017 01: +0,12.387,4,Galil AR | Chatterbox (Field-Tested),2017-08-27,12.387,4,Galil AR | Chatterbox (Field-Tested),-0.011158948531158152,-1.1158948531158153,0.011158948531158152,False,13.636214285714289,140.95033219998663,3.2857142857142856
Aug 28 2017 01: +0,13.537,3,Galil AR | Chatterbox (Field-Tested),2017-08-28,13.537,3,Galil AR | Chatterbox (Field-Tested),0.08877914163158629,8.877914163158628,0.08877914163158629,True,13.612928571428572,143.36520638185044,3.2142857142857144
Aug 29 2017 01: +0,14.407,3,Galil AR | Chatterbox (Field-Tested),2017-08-29,14.407,3,Galil AR | Chatterbox (Field-Tested),0.062287522375686744,6.228752237568674,0.062287522375686744,True,13.593214285714286,133.1006381704605,3.2857142857142856
Aug 30 2017 01: +0,12.901,4,Galil AR | Chatterbox (Field-Tested),2017-08-30,12.901,4,Galil AR | Chatterbox (Field-Tested),-0.1104093718363364,-11.04093718363364,0.1104093718363364,True,13.406928571428574,131.97840994527493,3.4285714285714284
Aug 31 2017 01: +0,13.841,6,Galil AR | Chatterbox (Field-Tested),2017-08-31,13.841,6,Galil AR | Chatterbox (Field-Tested),0.07033037417156533,7.0330374171565335,0.07033037417156533,True,13.242785714285715,134.32968309601813,3.642857142857143
Sep 01 2017 01: +0,14.597,2,Galil AR | Chatterbox (Field-Tested),2017-09-01,14.597,2,Galil AR | Chatterbox (Field-Tested),0.0531808262338762,5.318082623387619,0.0531808262338762,True,13.335142857142857,135.5045853359507,3.5714285714285716
Sep 02 2017 01: +0,12.605,6,Galil AR | Chatterbox (Field-Tested),2017-09-02,12.605,6,Galil AR | Chatterbox (Field-Tested),-0.14672246750855777,-14.672246750855777,0.14672246750855777,True,13.158785714285715,145.13146130908942,3.7857142857142856
Sep 03 2017 01: +0,10.654,5,Galil AR | Chatterbox (Field-Tested),2017-09-03,10.654,5,Galil AR | Chatterbox (Field-Tested),-0.16815815214507582,-16.81581521450758,0.16815815214507582,True,12.896,155.43956932616382,4.0
Sep 04 2017 01: +0,12.463,4,Galil AR | Chatterbox (Field-Tested),2017-09-04,12.463,4,Galil AR | Chatterbox (Field-Tested),0.15682884634943242,15.682884634943242,0.15682884634943242,True,12.84157142857143,165.52312695774958,4.0
Sep 05 2017 01: +0,13.48,3,Galil AR | Chatterbox (Field-Tested),2017-09-05,13.48,3,Galil AR | Chatterbox (Field-Tested),0.07844285063992125,7.844285063992125,0.07844285063992125,True,12.839714285714285,167.6095152709033,3.9285714285714284
Sep 06 2017 01: +0,13.106,6,Galil AR | Chatterbox (Field-Tested),2017-09-06,13.106,6,Galil AR | Chatterbox (Field-Tested),-0.028136964866855848,-2.813696486685585,0.028136964866855848,False,12.92057142857143,165.79121124291402,4.0
Sep 08 2017 01: +0,14.096,2,Galil AR | Chatterbox (Field-Tested),2017-09-08,14.096,2,Galil AR | Chatterbox (Field-Tested),0.07282092857651856,7.282092857651856,0.07282092857651856,True,13.0745,167.59219452585629,3.9285714285714284
Sep 09 2017 01: +0,12.306,4,Galil AR | Chatterbox (Field-Tested),2017-09-09,12.306,4,Galil AR | Chatterbox (Field-Tested),-0.13580412087552518,-13.580412087552517,0.13580412087552518,True,13.064714285714288,171.04634288932036,4.0
Sep 10 2017 01: +0,12.0,3,Galil AR | Chatterbox (Field-Tested),2017-09-10,12.0,3,Galil AR | Chatterbox (Field-Tested),-0.025180298530298222,-2.518029853029822,0.025180298530298222,False,13.02714285714286,171.17933066229327,3.9285714285714284
Sep 11 2017 01: +0,13.056,3,Galil AR | Chatterbox (Field-Tested),2017-09-11,13.056,3,Galil AR | Chatterbox (Field-Tested),0.08434114843375075,8.434114843375076,0.08434114843375075,True,13.074928571428572,173.55135053719465,3.857142857142857
Sep 12 2017 01: +0,12.518,5,Galil AR | Chatterbox (Field-Tested),2017-09-12,12.518,5,Galil AR | Chatterbox (Field-Tested),-0.042080189719241406,-4.20801897192414,0.042080189719241406,False,13.002142857142857,172.05426431950335,4.0
Sep 13 2017 01: +0,12.308,5,Galil AR | Chatterbox (Field-Tested),2017-09-13,12.308,5,Galil AR | Chatterbox (Field-Tested),-0.01691815104271439,-1.691815104271439,0.01691815104271439,False,12.852214285714286,171.53903875715605,4.142857142857143
Sep 14 2017 01: +0,13.4,1,Galil AR | Chatterbox (Field-Tested),2017-09-14,13.4,1,Galil AR | Chatterbox (Field-Tested),0.08500524949707025,8.500524949707025,0.08500524949707025,True,12.887857142857143,173.95814302180065,3.9285714285714284
Sep 15 2017 01: +0,11.103,6,Galil AR | Chatterbox (Field-Tested),2017-09-15,11.103,6,Galil AR | Chatterbox (Field-Tested),-0.1880393648847371,-18.80393648847371,0.1880393648847371,True,12.692285714285715,184.31838799545955,3.9285714285714284
Sep 16 2017 01: +0,10.846,9,Galil AR | Chatterbox (Field-Tested),2017-09-16,10.846,9,Galil AR | Chatterbox (Field-Tested),-0.023418993653259702,-2.34189936532597,0.023418993653259702,False,12.424357142857145,182.9109279043493,4.428571428571429
Sep 17 2017 01: +0,11.511,4,Galil AR | Chatterbox (Field-Tested),2017-09-17,11.511,4,Galil AR | Chatterbox (Field-Tested),0.05950675151405609,5.950675151405609,0.05950675151405609,True,12.346214285714286,183.73892648222554,4.285714285714286
Sep 18 2017 01: +0,12.844,6,Galil AR | Chatterbox (Field-Tested),2017-09-18,12.844,6,Galil AR | Chatterbox (Field-Tested),0.10957367629434253,10.957367629434254,0.10957367629434253,True,12.502642857142858,176.20548497224723,4.357142857142857
Sep 19 2017 01: +0,12.77,8,Galil AR | Chatterbox (Field-Tested),2017-09-19,12.77,8,Galil AR | Chatterbox (Field-Tested),-0.005778106182819523,-0.5778106182819523,0.005778106182819523,False,12.52457142857143,170.2312526922604,4.642857142857143
Sep 20 2017 01: +0,13.621,6,Galil AR | Chatterbox (Field-Tested),2017-09-20,13.621,6,Galil AR | Chatterbox (Field-Tested),0.06451404942075678,6.451404942075678,0.06451404942075678,True,12.534642857142858,171.135234115363,4.857142857142857
Sep 21 2017 01: +0,14.585,3,Galil AR | Chatterbox (Field-Tested),2017-09-21,14.585,3,Galil AR | Chatterbox (Field-Tested),0.06838088385448021,6.838088385448021,0.06838088385448021,True,12.640285714285714,170.3871129278054,4.642857142857143
Sep 22 2017 01: +0,12.989,4,Galil AR | Chatterbox (Field-Tested),2017-09-22,12.989,4,Galil AR | Chatterbox (Field-Tested),-0.11589075789453782,-11.589075789453782,0.11589075789453782,True,12.561214285714286,175.21514947779818,4.785714285714286
Sep 23 2017 01: +0,13.29,3,Galil AR | Chatterbox (Field-Tested),2017-09-23,13.29,3,Galil AR | Chatterbox (Field-Tested),0.02290902730000688,2.290902730000688,0.02290902730000688,False,12.6315,170.00814908259306,4.714285714285714
Sep 24 2017 01: +0,13.956,3,Galil AR | Chatterbox (Field-Tested),2017-09-24,13.956,3,Galil AR | Chatterbox (Field-Tested),0.04889765059937373,4.889765059937373,0.04889765059937373,False,12.771214285714288,170.72303031243155,4.714285714285714
Sep 25 2017 01: +0,11.675,1,Galil AR | Chatterbox (Field-Tested),2017-09-25,11.675,1,Galil AR | Chatterbox (Field-Tested),-0.1784597197695665,-17.84597197695665,0.1784597197695665,True,12.672571428571429,181.73148920846825,4.571428571428571
Sep 26 2017 01: +0,12.149,7,Galil AR | Chatterbox (Field-Tested),2017-09-26,12.149,7,Galil AR | Chatterbox (Field-Tested),0.039797058317643845,3.9797058317643845,0.039797058317643845,False,12.646214285714285,182.29981433439963,4.714285714285714
Sep 28 2017 01: +0,14.734,1,Galil AR | Chatterbox (Field-Tested),2017-09-28,14.734,1,Galil AR | Chatterbox (Field-Tested),0.19291088638801682,19.291088638801682,0.19291088638801682,True,12.819500000000001,194.3683864312195,4.428571428571429
Sep 29 2017 01: +0,12.833,6,Galil AR | Chatterbox (Field-Tested),2017-09-29,12.833,6,Galil AR | Chatterbox (Field-Tested),-0.1381377699982979,-13.813776999829791,0.1381377699982979,True,12.779,198.2501021288642,4.785714285714286
Sep 30 2017 01: +0,13.923,5,Galil AR | Chatterbox (Field-Tested),2017-09-30,13.923,5,Galil AR | Chatterbox (Field-Tested),0.08152217066482446,8.152217066482446,0.08152217066482446,True,12.980428571428574,199.14397065003712,4.714285714285714
Oct 01 2017 01: +0,14.596,5,Galil AR | Chatterbox (Field-Tested),2017-10-01,14.596,5,Galil AR | Chatterbox (Field-Tested),0.047205369647052804,4.72053696470528,0.047205369647052804,False,13.248285714285716,195.8199863405404,4.428571428571429
Oct 02 2017 01: +0,12.637,2,Galil AR | Chatterbox (Field-Tested),2017-10-02,12.637,2,Galil AR | Chatterbox (Field-Tested),-0.14411849979765753,-14.411849979765753,0.14411849979765753,True,13.328714285714288,200.91357321068455,4.285714285714286
Oct 03 2017 01: +0,11.566,3,Galil AR | Chatterbox (Field-Tested),2017-10-03,11.566,3,Galil AR | Chatterbox (Field-Tested),-0.08855925904051709,-8.855925904051709,0.08855925904051709,True,13.237428571428572,202.0021855918911,4.071428571428571
Oct 04 2017 01: +0,12.841,7,Galil AR | Chatterbox (Field-Tested),2017-10-04,12.841,7,Galil AR | Chatterbox (Field-Tested),0.10457341711311036,10.457341711311036,0.10457341711311036,True,13.242500000000001,199.24254441310424,4.0
Oct 05 2017 01: +0,11.87,1,Galil AR | Chatterbox (Field-Tested),2017-10-05,11.87,1,Galil AR | Chatterbox (Field-Tested),-0.07862896822756024,-7.862896822756024,0.07862896822756024,True,13.117428571428572,192.01341147831454,3.642857142857143
Oct 06 2017 01: +0,13.481,4,Galil AR | Chatterbox (Field-Tested),2017-10-06,13.481,4,Galil AR | Chatterbox (Field-Tested),0.12726707808735044,12.726707808735044,0.12726707808735044,True,13.038571428571428,189.302021229146,3.7142857142857144
Oct 07 2017 01: +0,14.007,4,Galil AR | Chatterbox (Field-Tested),2017-10-07,14.007,4,Galil AR | Chatterbox (Field-Tested),0.03827591794798259,3.8275917947982587,0.03827591794798259,False,13.111285714285714,187.78945211984555,3.7142857142857144
Oct 08 2017 01: +0,13.551,4,Galil AR | Chatterbox (Field-Tested),2017-10-08,13.551,4,Galil AR | Chatterbox (Field-Tested),-0.03309685931633279,-3.3096859316332794,0.03309685931633279,False,13.129928571428573,187.89517593223465,3.7857142857142856
Oct 09 2017 01: +0,13.543,1,Galil AR | Chatterbox (Field-Tested),2017-10-09,13.543,1,Galil AR | Chatterbox (Field-Tested),-0.0005905366673425561,-0.05905366673425561,0.0005905366673425561,False,13.100428571428571,186.10525601974558,3.642857142857143
Oct 10 2017 01: +0,11.372,1,Galil AR | Chatterbox (Field-Tested),2017-10-10,11.372,1,Galil AR | Chatterbox (Field-Tested),-0.17471561488448092,-17.471561488448092,0.17471561488448092,True,13.078785714285715,190.09605913919236,3.642857142857143
Oct 11 2017 01: +0,12.181,3,Galil AR | Chatterbox (Field-Tested),2017-10-11,12.181,3,Galil AR | Chatterbox (Field-Tested),0.06872316692906846,6.872316692906846,0.06872316692906846,True,13.081071428571429,191.51067462946662,3.357142857142857
Oct 12 2017 01: +0,13.258,3,Galil AR | Chatterbox (Field-Tested),2017-10-12,13.258,3,Galil AR | Chatterbox (Field-Tested),0.08472378310137783,8.472378310137783,0.08472378310137783,True,12.975642857142859,191.53180375057585,3.5
Oct 13 2017 01: +0,12.295,5,Galil AR | Chatterbox (Field-Tested),2017-10-13,12.295,5,Galil AR | Chatterbox (Field-Tested),-0.07540846815104384,-7.540846815104383,0.07540846815104384,True,12.937214285714289,192.8131290129117,3.4285714285714284
Oct 14 2017 01: +0,11.396,5,Galil AR | Chatterbox (Field-Tested),2017-10-14,11.396,5,Galil AR | Chatterbox (Field-Tested),-0.07593025903249394,-7.593025903249393,0.07593025903249394,True,12.756714285714287,194.5328071566463,3.4285714285714284
Oct 15 2017 01: +0,11.019,4,Galil AR | Chatterbox (Field-Tested),2017-10-15,11.019,4,Galil AR | Chatterbox (Field-Tested),-0.03364136113002194,-3.364136113002194,0.03364136113002194,False,12.501214285714287,192.19856425051867,3.357142857142857
Oct 16 2017 01: +0,11.488,5,Galil AR | Chatterbox (Field-Tested),2017-10-16,11.488,5,Galil AR | Chatterbox (Field-Tested),0.0416819568002284,4.16819568002284,0.0416819568002284,False,12.419142857142859,181.28519156274075,3.5714285714285716
Oct 17 2017 01: +0,12.474,4,Galil AR | Chatterbox (Field-Tested),2017-10-17,12.474,4,Galil AR | Chatterbox (Field-Tested),0.08234346579806248,8.234346579806248,0.08234346579806248,True,12.484,183.22530865574544,3.642857142857143
Oct 18 2017 01: +0,12.911,3,Galil AR | Chatterbox (Field-Tested),2017-10-18,12.911,3,Galil AR | Chatterbox (Field-Tested),0.034433183088650565,3.4433183088650567,0.034433183088650565,False,12.489,182.4879233259635,3.357142857142857
Oct 19 2017 01: +0,14.016,2,Galil AR | Chatterbox (Field-Tested),2017-10-19,14.016,2,Galil AR | Chatterbox (Field-Tested),0.08211987300145408,8.211987300145408,0.08211987300145408,True,12.642285714285716,180.72836927117663,3.4285714285714284
Oct 20 2017 01: +0,14.44,3,Galil AR | Chatterbox (Field-Tested),2017-10-20,14.44,3,Galil AR | Chatterbox (Field-Tested),0.02980259927064443,2.9802599270644428,0.02980259927064443,False,12.710785714285716,180.9390776395286,3.357142857142857
Oct 21 2017 01: +0,13.617,3,Galil AR | Chatterbox (Field-Tested),2017-10-21,13.617,3,Galil AR | Chatterbox (Field-Tested),-0.05868312132224182,-5.868312132224182,0.05868312132224182,True,12.682928571428572,180.86433756292934,3.2857142857142856
Oct 22 2017 01: +0,13.103,3,Galil AR | Chatterbox (Field-Tested),2017-10-22,13.103,3,Galil AR | Chatterbox (Field-Tested),-0.03847780051999007,-3.847780051999007,0.03847780051999007,False,12.650928571428574,179.61502918518076,3.2142857142857144
Oct 23 2017 01: +0,12.896,4,Galil AR | Chatterbox (Field-Tested),2017-10-23,12.896,4,Galil AR | Chatterbox (Field-Tested),-0.015924025858175674,-1.5924025858175674,0.015924025858175674,False,12.604714285714286,175.07431551856556,3.4285714285714284
Oct 24 2017 01: +0,12.942,1,Galil AR | Chatterbox (Field-Tested),2017-10-24,12.942,1,Galil AR | Chatterbox (Field-Tested),0.0035606508708017678,0.35606508708017676,0.0035606508708017678,False,12.716857142857146,174.88230075532488,3.4285714285714284
Oct 25 2017 01: +0,12.273,2,Galil AR | Chatterbox (Field-Tested),2017-10-25,12.273,2,Galil AR | Chatterbox (Field-Tested),-0.0530761090197032,-5.30761090197032,0.0530761090197032,True,12.723428571428572,174.84598346935567,3.357142857142857
Oct 26 2017 01: +0,11.642,6,Galil AR | Chatterbox (Field-Tested),2017-10-26,11.642,6,Galil AR | Chatterbox (Field-Tested),-0.0527824787658274,-5.27824787658274,0.0527824787658274,True,12.608,164.26375048499452,3.5714285714285716
Oct 27 2017 01: +0,11.762,3,Galil AR | Chatterbox (Field-Tested),2017-10-27,11.762,3,Galil AR | Chatterbox (Field-Tested),0.010254747188220609,1.025474718822061,0.010254747188220609,False,12.569928571428573,163.68295909800466,3.4285714285714284
Oct 28 2017 01: +0,12.756,2,Galil AR | Chatterbox (Field-Tested),2017-10-28,12.756,2,Galil AR | Chatterbox (Field-Tested),0.08112775311004698,8.112775311004699,0.08112775311004698,True,12.667071428571429,151.17474506685912,3.2142857142857144
Oct 29 2017 01: +0,12.714,3,Galil AR | Chatterbox (Field-Tested),2017-10-29,12.714,3,Galil AR | Chatterbox (Field-Tested),-0.0032980006335941265,-0.32980006335941264,0.0032980006335941265,False,12.788142857142859,143.3188311939426,3.142857142857143
Oct 30 2017 01: +0,12.298,4,Galil AR | Chatterbox (Field-Tested),2017-10-30,12.298,4,Galil AR | Chatterbox (Field-Tested),-0.03326710098293906,-3.3267100982939057,0.03326710098293906,False,12.846000000000002,140.63734390596153,3.0714285714285716
Oct 31 2017 01: +0,13.51,3,Galil AR | Chatterbox (Field-Tested),2017-10-31,13.51,3,Galil AR | Chatterbox (Field-Tested),0.09399350444082956,9.399350444082955,0.09399350444082956,True,12.92,143.70073071030197,3.0
Nov 01 2017 01: +0,12.905,4,Galil AR | Chatterbox (Field-Tested),2017-11-01,12.905,4,Galil AR | Chatterbox (Field-Tested),-0.045815318801530315,-4.581531880153031,0.045815318801530315,False,12.919571428571428,135.3630276361829,3.0714285714285716
Nov 02 2017 01: +0,12.519,2,Galil AR | Chatterbox (Field-Tested),2017-11-02,12.519,2,Galil AR | Chatterbox (Field-Tested),-0.03036734289305185,-3.036734289305185,0.03036734289305185,False,12.812642857142858,132.01385764953017,3.0714285714285716
Nov 03 2017 01: +0,12.762,2,Galil AR | Chatterbox (Field-Tested),2017-11-03,12.762,2,Galil AR | Chatterbox (Field-Tested),0.019224515168630028,1.9224515168630028,0.019224515168630028,False,12.692785714285716,126.98007502716884,3.0
Nov 04 2017 01: +0,12.833,2,Galil AR | Chatterbox (Field-Tested),2017-11-04,12.833,2,Galil AR | Chatterbox (Field-Tested),0.00554797281616871,0.554797281616871,0.00554797281616871,False,12.636785714285717,123.79135904925347,2.9285714285714284
Nov 05 2017 01: +0,12.158,5,Galil AR | Chatterbox (Field-Tested),2017-11-05,12.158,5,Galil AR | Chatterbox (Field-Tested),-0.05403258893579331,-5.403258893579331,0.05403258893579331,True,12.569285714285716,116.76449034402756,3.0714285714285716
Nov 06 2017 01: +0,12.748,1,Galil AR | Chatterbox (Field-Tested),2017-11-06,12.748,1,Galil AR | Chatterbox (Field-Tested),0.047387007228559125,4.738700722855913,0.047387007228559125,False,12.558714285714286,117.21658517399582,2.857142857142857
Nov 07 2017 01: +0,12.467,4,Galil AR | Chatterbox (Field-Tested),2017-11-07,12.467,4,Galil AR | Chatterbox (Field-Tested),-0.02228924319225194,-2.228924319225194,0.02228924319225194,False,12.524785714285716,116.92920393703557,3.0714285714285716
Nov 08 2017 01: +0,14.898,5,Galil AR | Chatterbox (Field-Tested),2017-11-08,14.898,5,Galil AR | Chatterbox (Field-Tested),0.17814182239124654,17.814182239124655,0.17814182239124654,True,12.712285714285715,132.8818311625776,3.2857142857142856
Nov 09 2017 01: +0,15.179,2,Galil AR | Chatterbox (Field-Tested),2017-11-09,15.179,2,Galil AR | Chatterbox (Field-Tested),0.01868591789063758,1.868591789063758,0.01868591789063758,False,12.964928571428572,116.39522566739444,3.0
Nov 10 2017 01: +0,12.881,10,Galil AR | Chatterbox (Field-Tested),2017-11-10,12.881,10,Galil AR | Chatterbox (Field-Tested),-0.16415953623077126,-16.415953623077126,0.16415953623077126,True,13.044857142857143,129.1584845612052,3.5
Nov 11 2017 01: +0,13.165,4,Galil AR | Chatterbox (Field-Tested),2017-11-11,13.165,4,Galil AR | Chatterbox (Field-Tested),0.0218084355343219,2.18084355343219,0.0218084355343219,False,13.074071428571429,125.90159986248293,3.642857142857143
Nov 12 2017 01: +0,14.427,2,Galil AR | Chatterbox (Field-Tested),2017-11-12,14.427,2,Galil AR | Chatterbox (Field-Tested),0.09153965801536251,9.153965801536252,0.09153965801536251,True,13.196428571428571,126.81914872081816,3.5714285714285716
Nov 13 2017 01: +0,12.676,3,Galil AR | Chatterbox (Field-Tested),2017-11-13,12.676,3,Galil AR | Chatterbox (Field-Tested),-0.12939100913496088,-12.939100913496087,0.12939100913496088,True,13.223428571428572,132.37967636384877,3.5
Nov 14 2017 01: +0,12.018,3,Galil AR | Chatterbox (Field-Tested),2017-11-14,12.018,3,Galil AR | Chatterbox (Field-Tested),-0.05330491591693803,-5.330491591693803,0.05330491591693803,True,13.116857142857144,133.24977556986113,3.5
Nov 15 2017 01: +0,12.302,6,Galil AR | Chatterbox (Field-Tested),2017-11-15,12.302,6,Galil AR | Chatterbox (Field-Tested),0.023356324874440327,2.3356324874440326,0.023356324874440327,False,13.073785714285716,132.73065734452564,3.642857142857143
Nov 16 2017 01: +0,11.858,3,Galil AR | Chatterbox (Field-Tested),2017-11-16,11.858,3,Galil AR | Chatterbox (Field-Tested),-0.03675910550100045,-3.675910550100045,0.03675910550100045,False,13.02657142857143,130.16526854538938,3.7142857142857144
Nov 17 2017 01: +0,11.299,4,Galil AR | Chatterbox (Field-Tested),2017-11-17,11.299,4,Galil AR | Chatterbox (Field-Tested),-0.04828851905806685,-4.828851905806685,0.04828851905806685,False,12.922071428571428,130.47372062627338,3.857142857142857
Nov 18 2017 01: +0,12.415,4,Galil AR | Chatterbox (Field-Tested),2017-11-18,12.415,4,Galil AR | Chatterbox (Field-Tested),0.09419119273302073,9.419119273302073,0.09419119273302073,True,12.892214285714287,131.54528466130066,4.0
Nov 19 2017 01: +0,12.476,8,Galil AR | Chatterbox (Field-Tested),2017-11-19,12.476,8,Galil AR | Chatterbox (Field-Tested),0.0049013797854269405,0.49013797854269403,0.0049013797854269405,False,12.914928571428574,131.0246187708964,4.214285714285714
Nov 20 2017 01: +0,13.368,4,Galil AR | Chatterbox (Field-Tested),2017-11-20,13.368,4,Galil AR | Chatterbox (Field-Tested),0.0690569925475358,6.90569925475358,0.0690569925475358,True,12.959214285714287,131.9942338033381,4.428571428571429
Nov 21 2017 01: +0,11.191,4,Galil AR | Chatterbox (Field-Tested),2017-11-21,11.191,4,Galil AR | Chatterbox (Field-Tested),-0.17775390745720238,-17.775390745720237,0.17775390745720238,True,12.86807142857143,145.2927367727874,4.428571428571429
Nov 22 2017 01: +0,12.393,5,Galil AR | Chatterbox (Field-Tested),2017-11-22,12.393,5,Galil AR | Chatterbox (Field-Tested),0.10202191324684708,10.202191324684708,0.10202191324684708,True,12.689142857142858,149.95276899952182,4.428571428571429
Nov 23 2017 01: +0,12.086,6,Galil AR | Chatterbox (Field-Tested),2017-11-23,12.086,6,Galil AR | Chatterbox (Field-Tested),-0.02508403914337046,-2.508403914337046,0.02508403914337046,False,12.468214285714286,150.16799215875864,4.714285714285714
Nov 25 2017 01: +0,11.738,5,Galil AR | Chatterbox (Field-Tested),2017-11-25,11.738,5,Galil AR | Chatterbox (Field-Tested),-0.029216315803224088,-2.921631580322409,0.029216315803224088,False,12.386571428571429,149.38075405440247,4.357142857142857
Nov 26 2017 01: +0,12.344,2,Galil AR | Chatterbox (Field-Tested),2017-11-26,12.344,2,Galil AR | Chatterbox (Field-Tested),0.05033867292471693,5.033867292471693,0.05033867292471693,True,12.327928571428574,149.2542895190326,4.214285714285714
Nov 27 2017 01: +0,10.989,4,Galil AR | Chatterbox (Field-Tested),2017-11-27,10.989,4,Galil AR | Chatterbox (Field-Tested),-0.11627534259607253,-11.627534259607252,0.11627534259607253,True,12.082357142857145,154.7909941107493,4.357142857142857
Nov 28 2017 01: +0,10.245,4,Galil AR | Chatterbox (Field-Tested),2017-11-28,10.245,4,Galil AR | Chatterbox (Field-Tested),-0.07010499077392414,-7.010499077392414,0.07010499077392414,True,11.908714285714286,153.51945076549808,4.428571428571429
Nov 29 2017 01: +0,11.185,3,Galil AR | Chatterbox (Field-Tested),2017-11-29,11.185,3,Galil AR | Chatterbox (Field-Tested),0.08778381325122996,8.778381325122995,0.08778381325122996,True,11.849214285714286,157.0651892602364,4.428571428571429
Nov 30 2017 01: +0,10.601,8,Galil AR | Chatterbox (Field-Tested),2017-11-30,10.601,8,Galil AR | Chatterbox (Field-Tested),-0.05362525865113222,-5.362525865113222,0.05362525865113222,True,11.727714285714287,157.69747470621485,4.571428571428571
Dec 01 2017 01: +0,11.457,3,Galil AR | Chatterbox (Field-Tested),2017-12-01,11.457,3,Galil AR | Chatterbox (Field-Tested),0.07765256062052829,7.7652560620528295,0.07765256062052829,True,11.69907142857143,156.50555309206428,4.571428571428571
Dec 02 2017 01: +0,12.091,3,Galil AR | Chatterbox (Field-Tested),2017-12-02,12.091,3,Galil AR | Chatterbox (Field-Tested),0.053860477280620635,5.3860477280620636,0.053860477280620635,True,11.755642857142858,157.13399403493108,4.5
Dec 03 2017 01: +0,10.543,4,Galil AR | Chatterbox (Field-Tested),2017-12-03,10.543,4,Galil AR | Chatterbox (Field-Tested),-0.13699924159729715,-13.699924159729715,0.13699924159729715,True,11.621928571428572,163.8026445222087,4.5
Dec 04 2017 01: +0,11.774,2,Galil AR | Chatterbox (Field-Tested),2017-12-04,11.774,2,Galil AR | Chatterbox (Field-Tested),0.11043157801125711,11.04315780112571,0.11043157801125711,True,11.571785714285715,168.57123644283163,4.071428571428571
Dec 05 2017 01: +0,11.39,7,Galil AR | Chatterbox (Field-Tested),2017-12-05,11.39,7,Galil AR | Chatterbox (Field-Tested),-0.03315793314697877,-3.315793314697877,0.03315793314697877,False,11.4305,168.8736555753783,4.285714285714286
Dec 06 2017 01: +0,11.196,3,Galil AR | Chatterbox (Field-Tested),2017-12-06,11.196,3,Galil AR | Chatterbox (Field-Tested),-0.017179205805883713,-1.7179205805883713,0.017179205805883713,False,11.430857142857146,167.98567740704112,4.214285714285714
Dec 07 2017 01: +0,12.426,3,Galil AR | Chatterbox (Field-Tested),2017-12-07,12.426,3,Galil AR | Chatterbox (Field-Tested),0.10423447998829508,10.423447998829507,0.10423447998829508,True,11.433214285714287,171.25942806967706,4.071428571428571
Dec 08 2017 01: +0,11.392,5,Galil AR | Chatterbox (Field-Tested),2017-12-08,11.392,5,Galil AR | Chatterbox (Field-Tested),-0.08687969697188218,-8.687969697188217,0.08687969697188218,True,11.383642857142858,173.74093097787943,4.0
Dec 09 2017 01: +0,9.764,1,Galil AR | Chatterbox (Field-Tested),2017-12-09,9.764,1,Galil AR | Chatterbox (Field-Tested),-0.1542092021389063,-15.420920213890629,0.1542092021389063,True,11.242642857142858,168.7303200799614,3.7142857142857144
Dec 10 2017 01: +0,11.997,7,Galil AR | Chatterbox (Field-Tested),2017-12-10,11.997,7,Galil AR | Chatterbox (Field-Tested),0.20595446600207734,20.595446600207733,0.20595446600207734,True,11.217857142857143,185.1526212376693,4.071428571428571
Dec 11 2017 01: +0,12.544,1,Galil AR | Chatterbox (Field-Tested),2017-12-11,12.544,1,Galil AR | Chatterbox (Field-Tested),0.044585845075261074,4.4585845075261075,0.044585845075261074,False,11.328928571428573,177.113428639143,3.857142857142857
Dec 12 2017 01: +0,11.73,2,Galil AR | Chatterbox (Field-Tested),2017-12-12,11.73,2,Galil AR | Chatterbox (Field-Tested),-0.06709280094266795,-6.709280094266795,0.06709280094266795,True,11.435,178.38983355680594,3.7142857142857144
Dec 13 2017 01: +0,12.655,5,Galil AR | Chatterbox (Field-Tested),2017-12-13,12.655,5,Galil AR | Chatterbox (Field-Tested),0.07590273133170322,7.590273133170323,0.07590273133170322,True,11.540000000000001,177.41821041505506,3.857142857142857
Dec 14 2017 01: +0,11.42,5,Galil AR | Chatterbox (Field-Tested),2017-12-14,11.42,5,Galil AR | Chatterbox (Field-Tested),-0.1026861897692232,-10.268618976922319,0.1026861897692232,True,11.598500000000001,175.28135683318203,3.642857142857143
Dec 15 2017 01: +0,10.554,2,Galil AR | Chatterbox (Field-Tested),2017-12-15,10.554,2,Galil AR | Chatterbox (Field-Tested),-0.07886126924438797,-7.886126924438797,0.07886126924438797,True,11.534,176.41870940409737,3.5714285714285716
Dec 16 2017 01: +0,11.635,5,Galil AR | Chatterbox (Field-Tested),2017-12-16,11.635,5,Galil AR | Chatterbox (Field-Tested),0.09751286177077885,9.751286177077885,0.09751286177077885,True,11.501428571428573,179.7482965417645,3.7142857142857144
Dec 17 2017 01: +0,12.329,3,Galil AR | Chatterbox (Field-Tested),2017-12-17,12.329,3,Galil AR | Chatterbox (Field-Tested),0.0579364141321608,5.79364141321608,0.0579364141321608,True,11.629000000000003,180.46751754022566,3.642857142857143
Dec 18 2017 01: +0,12.635,4,Galil AR | Chatterbox (Field-Tested),2017-12-18,12.635,4,Galil AR | Chatterbox (Field-Tested),0.02451652995374176,2.451652995374176,0.02451652995374176,False,11.690500000000002,179.73497033654132,3.7857142857142856
Dec 19 2017 01: +0,13.03,4,Galil AR | Chatterbox (Field-Tested),2017-12-19,13.03,4,Galil AR | Chatterbox (Field-Tested),0.03078365029659622,3.078365029659622,0.03078365029659622,False,11.807642857142858,177.05896208699633,3.5714285714285716
Dec 20 2017 01: +0,13.64,2,Galil AR | Chatterbox (Field-Tested),2017-12-20,13.64,2,Galil AR | Chatterbox (Field-Tested),0.045752261278562315,4.575226127856231,0.045752261278562315,False,11.982214285714287,177.72659254363484,3.5
Dec 21 2017 01: +0,10.886,4,Galil AR | Chatterbox (Field-Tested),2017-12-21,10.886,4,Galil AR | Chatterbox (Field-Tested),-0.2255290924033079,-22.55290924033079,0.2255290924033079,True,11.872214285714287,192.98884858220848,3.5714285714285716
Dec 22 2017 01: +0,11.16,4,Galil AR | Chatterbox (Field-Tested),2017-12-22,11.16,4,Galil AR | Chatterbox (Field-Tested),0.024858396941156626,2.4858396941156626,0.024858396941156626,False,11.855642857142858,183.09183648165794,3.5
Dec 23 2017 01: +0,10.924,7,Galil AR | Chatterbox (Field-Tested),2017-12-23,10.924,7,Galil AR | Chatterbox (Field-Tested),-0.021373753341706315,-2.1373753341706316,0.021373753341706315,False,11.938500000000001,179.45287421487703,3.9285714285714284
Dec 24 2017 01: +0,10.4,6,Galil AR | Chatterbox (Field-Tested),2017-12-24,10.4,6,Galil AR | Chatterbox (Field-Tested),-0.04915639746413147,-4.915639746413147,0.04915639746413147,False,11.824428571428571,180.00097724430418,3.857142857142857
Dec 25 2017 01: +0,11.432,7,Galil AR | Chatterbox (Field-Tested),2017-12-25,11.432,7,Galil AR | Chatterbox (Field-Tested),0.0946106344802393,9.46106344802393,0.0946106344802393,True,11.745000000000003,183.06092929045855,4.285714285714286
Dec 26 2017 01: +0,11.636,4,Galil AR | Chatterbox (Field-Tested),2017-12-26,11.636,4,Galil AR | Chatterbox (Field-Tested),0.01768730000538876,1.7687300005388757,0.01768730000538876,False,11.738285714285714,182.26364601284885,4.428571428571429
Dec 27 2017 01: +0,11.916,3,Galil AR | Chatterbox (Field-Tested),2017-12-27,11.916,3,Galil AR | Chatterbox (Field-Tested),0.023778294218080778,2.3778294218080775,0.023778294218080778,False,11.685500000000001,177.69825586274396,4.285714285714286
Dec 28 2017 01: +0,12.401,3,Galil AR | Chatterbox (Field-Tested),2017-12-28,12.401,3,Galil AR | Chatterbox (Field-Tested),0.039895079669599494,3.9895079669599496,0.039895079669599494,False,11.755571428571429,176.1615851006745,4.142857142857143
Dec 29 2017 01: +0,12.937,7,Galil AR | Chatterbox (Field-Tested),2017-12-29,12.937,7,Galil AR | Chatterbox (Field-Tested),0.042314308415129544,4.231430841512954,0.042314308415129544,False,11.925785714285714,174.21986121199035,4.5
Dec 30 2017 01: +0,11.891,3,Galil AR | Chatterbox (Field-Tested),2017-12-30,11.891,3,Galil AR | Chatterbox (Field-Tested),-0.08430961148032304,-8.430961148032305,0.08430961148032304,True,11.94407142857143,175.8373675677576,4.357142857142857
Dec 31 2017 01: +0,12.582,4,Galil AR | Chatterbox (Field-Tested),2017-12-31,12.582,4,Galil AR | Chatterbox (Field-Tested),0.056485409692396196,5.64854096923962,0.056485409692396196,True,11.96214285714286,174.87118995646537,4.428571428571429
Jan 01 2018 01: +0,12.277,2,Galil AR | Chatterbox (Field-Tested),2018-01-01,12.277,2,Galil AR | Chatterbox (Field-Tested),-0.02453962794913516,-2.453962794913516,0.02453962794913516,False,11.93657142857143,174.14487293671746,4.285714285714286
Jan 02 2018 01: +0,10.189,1,Galil AR | Chatterbox (Field-Tested),2018-01-02,10.189,1,Galil AR | Chatterbox (Field-Tested),-0.18641888620655453,-18.641888620655454,0.18641888620655453,True,11.733642857142858,179.81713080544563,4.071428571428571
Jan 03 2018 01: +0,11.983,10,Galil AR | Chatterbox (Field-Tested),2018-01-03,11.983,10,Galil AR | Chatterbox (Field-Tested),0.16218027170823132,16.21802717082313,0.16218027170823132,True,11.615285714285715,184.69805163157403,4.642857142857143
Jan 04 2018 01: +0,12.532,4,Galil AR | Chatterbox (Field-Tested),2018-01-04,12.532,4,Galil AR | Chatterbox (Field-Tested),0.04479639438956567,4.479639438956567,0.04479639438956567,False,11.732857142857144,184.9068872590378,4.642857142857143
Jan 05 2018 01: +0,13.305,2,Galil AR | Chatterbox (Field-Tested),2018-01-05,13.305,2,Galil AR | Chatterbox (Field-Tested),0.05985453133970721,5.985453133970721,0.05985453133970721,True,11.88607142857143,185.7892992512825,4.5
Jan 06 2018 01: +0,14.308,8,Galil AR | Chatterbox (Field-Tested),2018-01-06,14.308,8,Galil AR | Chatterbox (Field-Tested),0.07267891696711884,7.267891696711884,0.07267891696711884,True,12.127785714285716,184.00147915869184,4.571428571428571
Jan 07 2018 01: +0,13.95,4,Galil AR | Chatterbox (Field-Tested),2018-01-07,13.95,4,Galil AR | Chatterbox (Field-Tested),-0.02533931312939666,-2.5339313129396657,0.02533931312939666,False,12.381357142857143,181.379791811116,4.428571428571429
Jan 08 2018 01: +0,16.617,3,Galil AR | Chatterbox (Field-Tested),2018-01-08,16.617,3,Galil AR | Chatterbox (Field-Tested),0.17494675945170207,17.494675945170208,0.17494675945170207,True,12.751714285714286,180.95229977937683,4.142857142857143
Jan 09 2018 01: +0,12.802,2,Galil AR | Chatterbox (Field-Tested),2018-01-09,12.802,2,Galil AR | Chatterbox (Field-Tested),-0.260824858999265,-26.0824858999265,0.260824858999265,True,12.835000000000003,192.70659798085154,4.0
Jan 10 2018 01: +0,17.182,3,Galil AR | Chatterbox (Field-Tested),2018-01-10,17.182,3,Galil AR | Chatterbox (Field-Tested),0.29426091549605304,29.426091549605303,0.29426091549605304,True,13.211142857142859,217.68411686375174,4.0
Jan 12 2018 01: +0,15.158,3,Galil AR | Chatterbox (Field-Tested),2018-01-12,15.158,3,Galil AR | Chatterbox (Field-Tested),-0.12533387882602737,-12.533387882602737,0.12533387882602737,True,13.40807142857143,221.21584196726656,4.0
Jan 13 2018 01: +0,16.929,1,Galil AR | Chatterbox (Field-Tested),2018-01-13,16.929,1,Galil AR | Chatterbox (Field-Tested),0.11049968226527535,11.049968226527534,0.11049968226527535,True,13.693214285714285,222.86471253409835,3.5714285714285716
Jan 14 2018 01: +0,16.873,2,Galil AR | Chatterbox (Field-Tested),2018-01-14,16.873,2,Galil AR | Chatterbox (Field-Tested),-0.003313416438912107,-0.33134164389121074,0.003313416438912107,False,14.049071428571429,219.223322460404,3.5
Jan 15 2018 01: +0,15.511,3,Galil AR | Chatterbox (Field-Tested),2018-01-15,15.511,3,Galil AR | Chatterbox (Field-Tested),-0.0841652615735868,-8.41652615735868,0.0841652615735868,True,14.258285714285716,219.51070887154657,3.4285714285714284
Jan 16 2018 01: +0,15.875,2,Galil AR | Chatterbox (Field-Tested),2018-01-16,15.875,2,Galil AR | Chatterbox (Field-Tested),0.023196095136141657,2.3196095136141657,0.023196095136141657,False,14.515285714285714,217.4231231441399,3.4285714285714284
Jan 17 2018 01: +0,14.73,3,Galil AR | Chatterbox (Field-Tested),2018-01-17,14.73,3,Galil AR | Chatterbox (Field-Tested),-0.07485931430421641,-7.485931430421641,0.07485931430421641,True,14.839642857142858,218.69593195606387,3.5714285714285716
Jan 18 2018 01: +0,14.94,2,Galil AR | Chatterbox (Field-Tested),2018-01-18,14.94,2,Galil AR | Chatterbox (Field-Tested),0.01415594923013224,1.415594923013224,0.01415594923013224,False,15.050857142857142,218.61495720307857,3.0
Jan 19 2018 01: +0,16.606,2,Galil AR | Chatterbox (Field-Tested),2018-01-19,16.606,2,Galil AR | Chatterbox (Field-Tested),0.1057218961351677,10.572189613516771,0.1057218961351677,True,15.341857142857146,221.24890035596826,2.857142857142857
Jan 20 2018 01: +0,16.472,6,Galil AR | Chatterbox (Field-Tested),2018-01-20,16.472,6,Galil AR | Chatterbox (Field-Tested),-0.008102106114350529,-0.8102106114350529,0.008102106114350529,False,15.56807142857143,220.8920381838941,3.142857142857143
Jan 21 2018 01: +0,13.903,4,Galil AR | Chatterbox (Field-Tested),2018-01-21,13.903,4,Galil AR | Chatterbox (Field-Tested),-0.16955732553808214,-16.955732553808215,0.16955732553808214,True,15.53914285714286,214.26216012392695,2.857142857142857
Jan 22 2018 01: +0,15.431,3,Galil AR | Chatterbox (Field-Tested),2018-01-22,15.431,3,Galil AR | Chatterbox (Field-Tested),0.10427382890166138,10.427382890166138,0.10427382890166138,True,15.64492857142857,216.8168146967433,2.7857142857142856
Jan 24 2018 01: +0,13.152,1,Galil AR | Chatterbox (Field-Tested),2018-01-24,13.152,1,Galil AR | Chatterbox (Field-Tested),-0.1598046347752436,-15.98046347752436,0.1598046347752436,True,15.397428571428573,224.63800079579497,2.642857142857143
Jan 25 2018 01: +0,13.645,1,Galil AR | Chatterbox (Field-Tested),2018-01-25,13.645,1,Galil AR | Chatterbox (Field-Tested),0.03679931584647764,3.679931584647764,0.03679931584647764,False,15.457642857142858,223.97249426964257,2.5714285714285716
Jan 26 2018 01: +0,14.311,8,Galil AR | Chatterbox (Field-Tested),2018-01-26,14.311,8,Galil AR | Chatterbox (Field-Tested),0.047655318168436905,4.765531816843691,0.047655318168436905,False,15.252571428571429,222.3075508548573,2.9285714285714284
Jan 27 2018 01: +0,15.296,4,Galil AR | Chatterbox (Field-Tested),2018-01-27,15.296,4,Galil AR | Chatterbox (Field-Tested),0.06656288398030663,6.656288398030663,0.06656288398030663,True,15.262428571428572,223.2415337619883,3.0
Jan 28 2018 01: +0,14.912,6,Galil AR | Chatterbox (Field-Tested),2018-01-28,14.912,6,Galil AR | Chatterbox (Field-Tested),-0.025425098365810056,-2.5425098365810057,0.025425098365810056,False,15.118357142857144,223.49437319663946,3.357142857142857
Jan 29 2018 01: +0,13.745,6,Galil AR | Chatterbox (Field-Tested),2018-01-29,13.745,6,Galil AR | Chatterbox (Field-Tested),-0.08149113632602643,-8.149113632602644,0.08149113632602643,True,14.894928571428574,225.2817307793168,3.642857142857143
Jan 30 2018 01: +0,14.448,1,Galil AR | Chatterbox (Field-Tested),2018-01-30,14.448,1,Galil AR | Chatterbox (Field-Tested),0.04988087505742055,4.9880875057420555,0.04988087505742055,False,14.819000000000003,225.46149688477453,3.5
Jan 31 2018 01: +0,13.751,1,Galil AR | Chatterbox (Field-Tested),2018-01-31,13.751,1,Galil AR | Chatterbox (Field-Tested),-0.04944444793382194,-4.944444793382194,0.04944444793382194,False,14.667285714285715,224.07260184404385,3.4285714285714284
Feb 01 2018 01: +0,15.412,4,Galil AR | Chatterbox (Field-Tested),2018-02-01,15.412,4,Galil AR | Chatterbox (Field-Tested),0.11403487802310364,11.403487802310364,0.11403487802310364,True,14.716,226.62653639607532,3.5
Feb 02 2018 01: +0,15.866,3,Galil AR | Chatterbox (Field-Tested),2018-02-02,15.866,3,Galil AR | Chatterbox (Field-Tested),0.02903202811590006,2.9032028115900057,0.02903202811590006,False,14.782142857142858,226.46554056965894,3.5714285714285716
Feb 03 2018 01: +0,15.606,2,Galil AR | Chatterbox (Field-Tested),2018-02-03,15.606,2,Galil AR | Chatterbox (Field-Tested),-0.016522999185241652,-1.6522999185241651,0.016522999185241652,False,14.710714285714287,215.5466498766176,3.5714285714285716
Feb 04 2018 01: +0,14.277,5,Galil AR | Chatterbox (Field-Tested),2018-02-04,14.277,5,Galil AR | Chatterbox (Field-Tested),-0.0890056048874865,-8.900560488748651,0.0890056048874865,True,14.553928571428573,211.61484343525504,3.5
Feb 05 2018 01: +0,16.048,1,Galil AR | Chatterbox (Field-Tested),2018-02-05,16.048,1,Galil AR | Chatterbox (Field-Tested),0.11693438041249653,11.693438041249653,0.11693438041249653,True,14.707142857142859,214.7589571366892,3.2857142857142856
Feb 06 2018 01: +0,14.598,5,Galil AR | Chatterbox (Field-Tested),2018-02-06,14.598,5,Galil AR | Chatterbox (Field-Tested),-0.09469969819013904,-9.469969819013905,0.09469969819013904,True,14.647642857142857,216.84032337163575,3.4285714285714284
Feb 07 2018 01: +0,15.971,4,Galil AR | Chatterbox (Field-Tested),2018-02-07,15.971,4,Galil AR | Chatterbox (Field-Tested),0.08989004464473184,8.989004464473185,0.08989004464473184,True,14.849000000000002,217.61721161203104,3.642857142857143
Feb 08 2018 01: +0,14.502,4,Galil AR | Chatterbox (Field-Tested),2018-02-08,14.502,4,Galil AR | Chatterbox (Field-Tested),-0.09648800672477136,-9.648800672477135,0.09648800672477136,True,14.910214285714288,220.21037719270947,3.857142857142857
Feb 09 2018 01: +0,14.965,3,Galil AR | Chatterbox (Field-Tested),2018-02-09,14.965,3,Galil AR | Chatterbox (Field-Tested),0.03142757035526118,3.1427570355261176,0.03142757035526118,False,14.956928571428572,211.48300054159685,3.5
Feb 10 2018 01: +0,14.295,4,Galil AR | Chatterbox (Field-Tested),2018-02-10,14.295,4,Galil AR | Chatterbox (Field-Tested),-0.04580431553038713,-4.5804315530387125,0.04580431553038713,False,14.885428571428573,190.84477222748143,3.5
Feb 11 2018 01: +0,15.518,5,Galil AR | Chatterbox (Field-Tested),2018-02-11,15.518,5,Galil AR | Chatterbox (Field-Tested),0.08209081469748244,8.209081469748245,0.08209081469748244,True,14.928714285714287,162.41639718801883,3.4285714285714284
Feb 12 2018 01: +0,14.557,3,Galil AR | Chatterbox (Field-Tested),2018-02-12,14.557,3,Galil AR | Chatterbox (Field-Tested),-0.0639286628892338,-6.392866288923379,0.0639286628892338,True,14.986714285714285,157.96524269617797,3.2142857142857144
Feb 13 2018 01: +0,13.077,5,Galil AR | Chatterbox (Field-Tested),2018-02-13,13.077,5,Galil AR | Chatterbox (Field-Tested),-0.10721701565815855,-10.721701565815856,0.10721701565815855,True,14.888785714285715,156.8129278307037,3.5
Feb 14 2018 01: +0,12.417,2,Galil AR | Chatterbox (Field-Tested),2018-02-14,12.417,2,Galil AR | Chatterbox (Field-Tested),-0.05178846048966023,-5.178846048966023,0.05178846048966023,True,14.7935,157.51701872562413,3.5714285714285716
Feb 15 2018 01: +0,13.842,4,Galil AR | Chatterbox (Field-Tested),2018-02-15,13.842,4,Galil AR | Chatterbox (Field-Tested),0.10864094698496654,10.864094698496654,0.10864094698496654,True,14.681357142857143,160.45465629929976,3.5714285714285716
Feb 16 2018 01: +0,13.715,4,Galil AR | Chatterbox (Field-Tested),2018-02-16,13.715,4,Galil AR | Chatterbox (Field-Tested),-0.009217324030105133,-0.9217324030105133,0.009217324030105133,False,14.527714285714287,160.1664718323053,3.642857142857143
Feb 17 2018 01: +0,15.861,3,Galil AR | Chatterbox (Field-Tested),2018-02-17,15.861,3,Galil AR | Chatterbox (Field-Tested),0.14537314153185632,14.537314153185632,0.14537314153185632,True,14.545928571428572,166.35698938439617,3.7142857142857144
Feb 18 2018 01: +0,13.28,6,Galil AR | Chatterbox (Field-Tested),2018-02-18,13.28,6,Galil AR | Chatterbox (Field-Tested),-0.17760412187313518,-17.760412187313516,0.17760412187313518,True,14.474714285714287,177.719665086347,3.7857142857142856
Feb 19 2018 01: +0,13.983,4,Galil AR | Chatterbox (Field-Tested),2018-02-19,13.983,4,Galil AR | Chatterbox (Field-Tested),0.051583162010425794,5.158316201042579,0.051583162010425794,True,14.327214285714287,174.4895380498251,4.0
Feb 20 2018 01: +0,12.88,3,Galil AR | Chatterbox (Field-Tested),2018-02-20,12.88,3,Galil AR | Chatterbox (Field-Tested),-0.08216658538250604,-8.216658538250604,0.08216658538250604,True,14.2045,176.51690769367582,3.857142857142857
Feb 21 2018 01: +0,13.095,2,Galil AR | Chatterbox (Field-Tested),2018-02-21,13.095,2,Galil AR | Chatterbox (Field-Tested),0.016554757283467728,1.655475728346773,0.016554757283467728,False,13.99907142857143,166.77241328949336,3.7142857142857144
Feb 22 2018 01: +0,13.528,2,Galil AR | Chatterbox (Field-Tested),2018-02-22,13.528,2,Galil AR | Chatterbox (Field-Tested),0.03253113363660399,3.253113363660399,0.03253113363660399,False,13.929500000000003,162.84991698574535,3.5714285714285716
Feb 23 2018 01: +0,12.82,5,Galil AR | Chatterbox (Field-Tested),2018-02-23,12.82,5,Galil AR | Chatterbox (Field-Tested),-0.053755160103755195,-5.375516010375519,0.053755160103755195,True,13.776285714285716,154.07633773084672,3.7142857142857144
Feb 24 2018 01: +0,12.686,7,Galil AR | Chatterbox (Field-Tested),2018-02-24,12.686,7,Galil AR | Chatterbox (Field-Tested),-0.010507428280818644,-1.0507428280818643,0.010507428280818644,False,13.661357142857145,153.50385956888408,3.9285714285714284
Feb 25 2018 01: +0,13.47,7,Galil AR | Chatterbox (Field-Tested),2018-02-25,13.47,7,Galil AR | Chatterbox (Field-Tested),0.05996596721056723,5.996596721056723,0.05996596721056723,True,13.515071428571432,154.0684258179796,4.071428571428571
Feb 26 2018 01: +0,11.738,3,Galil AR | Chatterbox (Field-Tested),2018-02-26,11.738,3,Galil AR | Chatterbox (Field-Tested),-0.13763354828612992,-13.763354828612991,0.13763354828612992,True,13.313714285714287,159.01238145641358,4.071428571428571
Feb 27 2018 01: +0,12.455,8,Galil AR | Chatterbox (Field-Tested),2018-02-27,12.455,8,Galil AR | Chatterbox (Field-Tested),0.059290706578000986,5.929070657800098,0.059290706578000986,True,13.269285714285715,160.6366103447669,4.285714285714286
Feb 28 2018 01: +0,12.549,7,Galil AR | Chatterbox (Field-Tested),2018-02-28,12.549,7,Galil AR | Chatterbox (Field-Tested),0.007518832414027319,0.7518832414027319,0.007518832414027319,False,13.278714285714287,158.35605416843876,4.642857142857143
Mar 01 2018 01: +0,12.372,6,Galil AR | Chatterbox (Field-Tested),2018-03-01,12.372,6,Galil AR | Chatterbox (Field-Tested),-0.014205126305347877,-1.4205126305347877,0.014205126305347877,False,13.173714285714286,157.2345279026573,4.785714285714286
Mar 02 2018 01: +0,12.196,4,Galil AR | Chatterbox (Field-Tested),2018-03-02,12.196,4,Galil AR | Chatterbox (Field-Tested),-0.014327825696814879,-1.432782569681488,0.014327825696814879,False,13.065214285714287,156.46522409730468,4.785714285714286
Mar 03 2018 01: +0,13.1,7,Galil AR | Chatterbox (Field-Tested),2018-03-03,13.1,7,Galil AR | Chatterbox (Field-Tested),0.07150420108109752,7.150420108109752,0.07150420108109752,True,12.868,153.09396366588075,5.071428571428571
Mar 04 2018 01: +0,12.248,4,Galil AR | Chatterbox (Field-Tested),2018-03-04,12.248,4,Galil AR | Chatterbox (Field-Tested),-0.0672495718517233,-6.72495718517233,0.0672495718517233,True,12.794285714285715,154.04768569007183,4.928571428571429
Mar 06 2018 01: +0,13.436,4,Galil AR | Chatterbox (Field-Tested),2018-03-06,13.436,4,Galil AR | Chatterbox (Field-Tested),0.09257501339466363,9.257501339466364,0.09257501339466363,True,12.755214285714287,157.99358384527707,4.928571428571429
Mar 07 2018 01: +0,15.632,4,Galil AR | Chatterbox (Field-Tested),2018-03-07,15.632,4,Galil AR | Chatterbox (Field-Tested),0.15138242355038062,15.138242355038061,0.15138242355038062,True,12.951785714285716,164.03895847398243,5.0
Mar 08 2018 01: +0,15.499,2,Galil AR | Chatterbox (Field-Tested),2018-03-08,15.499,2,Galil AR | Chatterbox (Field-Tested),-0.00854458958551315,-0.854458958551315,0.00854458958551315,False,13.123500000000002,158.82815474453963,5.0
Mar 09 2018 01: +0,15.2,7,Galil AR | Chatterbox (Field-Tested),2018-03-09,15.2,7,Galil AR | Chatterbox (Field-Tested),-0.0194800778626831,-1.94800778626831,0.0194800778626831,False,13.242928571428573,155.38224148916447,5.357142857142857
Mar 10 2018 01: +0,13.259,3,Galil AR | Chatterbox (Field-Tested),2018-03-10,13.259,3,Galil AR | Chatterbox (Field-Tested),-0.13661886071964896,-13.661886071964895,0.13661886071964896,True,13.274285714285716,159.17720086317365,5.214285714285714
Mar 11 2018 01: +0,14.07,4,Galil AR | Chatterbox (Field-Tested),2018-03-11,14.07,4,Galil AR | Chatterbox (Field-Tested),0.0593683039937159,5.93683039937159,0.0593683039937159,True,13.373142857142858,157.32350941844626,5.0
Mar 12 2018 01: +0,14.878,3,Galil AR | Chatterbox (Field-Tested),2018-03-12,14.878,3,Galil AR | Chatterbox (Field-Tested),0.05583874064285195,5.583874064285195,0.05583874064285195,True,13.473714285714285,158.18502293478588,4.714285714285714
Mar 13 2018 01: +0,14.532,2,Galil AR | Chatterbox (Field-Tested),2018-03-13,14.532,2,Galil AR | Chatterbox (Field-Tested),-0.02353049741019416,-2.353049741019416,0.02353049741019416,False,13.673285714285715,157.5662861466158,4.642857142857143
Mar 14 2018 01: +0,12.929,4,Galil AR | Chatterbox (Field-Tested),2018-03-14,12.929,4,Galil AR | Chatterbox (Field-Tested),-0.11688026408653925,-11.688026408653924,0.11688026408653925,True,13.707142857142857,159.87408270407576,4.357142857142857
Mar 15 2018 01: +0,14.473,4,Galil AR | Chatterbox (Field-Tested),2018-03-15,14.473,4,Galil AR | Chatterbox (Field-Tested),0.11281199438305141,11.28119943830514,0.11281199438305141,True,13.84457142857143,163.6666261028542,4.142857142857143
Mar 16 2018 01: +0,14.551,1,Galil AR | Chatterbox (Field-Tested),2018-03-16,14.551,1,Galil AR | Chatterbox (Field-Tested),0.005374875122674054,0.5374875122674054,0.005374875122674054,False,14.000214285714287,159.04665065203307,3.7857142857142856
Mar 17 2018 01: +0,15.315,7,Galil AR | Chatterbox (Field-Tested),2018-03-17,15.315,7,Galil AR | Chatterbox (Field-Tested),0.05117302050659684,5.117302050659684,0.05117302050659684,True,14.223,158.59102778109533,4.0
Mar 18 2018 01: +0,14.496,6,Galil AR | Chatterbox (Field-Tested),2018-03-18,14.496,6,Galil AR | Chatterbox (Field-Tested),-0.05495999098411496,-5.495999098411496,0.05495999098411496,True,14.322714285714287,155.6323408498941,3.9285714285714284
Mar 19 2018 01: +0,13.61,4,Galil AR | Chatterbox (Field-Tested),2018-03-19,13.61,4,Galil AR | Chatterbox (Field-Tested),-0.06306793263724889,-6.306793263724889,0.06306793263724889,True,14.420000000000002,157.2261124518947,3.9285714285714284
Mar 20 2018 01: +0,12.824,2,Galil AR | Chatterbox (Field-Tested),2018-03-20,12.824,2,Galil AR | Chatterbox (Field-Tested),-0.05948640135612285,-5.948640135612285,0.05948640135612285,True,14.376285714285716,149.38628440183135,3.7857142857142856
Mar 21 2018 01: +0,14.703,3,Galil AR | Chatterbox (Field-Tested),2018-03-21,14.703,3,Galil AR | Chatterbox (Field-Tested),0.1367331392882683,13.67331392882683,0.1367331392882683,True,14.309928571428573,144.3791355330439,3.7142857142857144
Mar 22 2018 01: +0,14.22,3,Galil AR | Chatterbox (Field-Tested),2018-03-22,14.22,3,Galil AR | Chatterbox (Field-Tested),-0.03340213022042523,-3.340213022042523,0.03340213022042523,False,14.218571428571432,143.85113521944282,3.7857142857142856
Mar 23 2018 01: +0,12.389,6,Galil AR | Chatterbox (Field-Tested),2018-03-23,12.389,6,Galil AR | Chatterbox (Field-Tested),-0.13784044224149317,-13.784044224149316,0.13784044224149317,True,14.017785714285713,149.09606194624328,3.7142857142857144
Mar 24 2018 01: +0,14.212,4,Galil AR | Chatterbox (Field-Tested),2018-03-24,14.212,4,Galil AR | Chatterbox (Field-Tested),0.13727769602517886,13.727769602517887,0.13727769602517886,True,14.085857142857146,156.66926990745463,3.7857142857142856
Mar 25 2018 01: +0,12.405,1,Galil AR | Chatterbox (Field-Tested),2018-03-25,12.405,1,Galil AR | Chatterbox (Field-Tested),-0.13598706101501637,-13.598706101501637,0.13598706101501637,True,13.966928571428573,163.51198023541806,3.5714285714285716
Mar 26 2018 01: +0,13.818,3,Galil AR | Chatterbox (Field-Tested),2018-03-26,13.818,3,Galil AR | Chatterbox (Field-Tested),0.10787247292283877,10.787247292283878,0.10787247292283877,True,13.891214285714286,166.8681992910803,3.5714285714285716
Mar 27 2018 01: +0,13.232,4,Galil AR | Chatterbox (Field-Tested),2018-03-27,13.232,4,Galil AR | Chatterbox (Field-Tested),-0.04333395178526765,-4.333395178526765,0.04333395178526765,False,13.798357142857142,167.58154870142792,3.7142857142857144
Mar 29 2018 01: +0,12.182,6,Galil AR | Chatterbox (Field-Tested),2018-03-29,12.182,6,Galil AR | Chatterbox (Field-Tested),-0.08267868586704254,-8.267868586704253,0.08267868586704254,True,13.745000000000003,168.69030777218921,3.857142857142857
Mar 30 2018 01: +0,11.127,5,Galil AR | Chatterbox (Field-Tested),2018-03-30,11.127,5,Galil AR | Chatterbox (Field-Tested),-0.09058486523872937,-9.058486523872936,0.09058486523872937,True,13.506,164.72820631199585,3.9285714285714284
Mar 31 2018 01: +0,10.397,5,Galil AR | Chatterbox (Field-Tested),2018-03-31,10.397,5,Galil AR | Chatterbox (Field-Tested),-0.06785728417973032,-6.785728417973032,0.06785728417973032,True,13.209285714285716,164.76533818252167,4.214285714285714
Apr 01 2018 01: +0,10.283,6,Galil AR | Chatterbox (Field-Tested),2018-04-01,10.283,6,Galil AR | Chatterbox (Field-Tested),-0.011025256748779624,-1.1025256748779624,0.011025256748779624,False,12.849857142857143,164.70050346066424,4.142857142857143
Apr 02 2018 01: +0,10.671,8,Galil AR | Chatterbox (Field-Tested),2018-04-02,10.671,8,Galil AR | Chatterbox (Field-Tested),0.03703773538737436,3.7037735387374355,0.03703773538737436,False,12.576642857142858,165.372690962471,4.285714285714286
Apr 03 2018 01: +0,12.06,3,Galil AR | Chatterbox (Field-Tested),2018-04-03,12.06,3,Galil AR | Chatterbox (Field-Tested),0.12236440966461157,12.236440966461156,0.12236440966461157,True,12.465928571428572,171.16681901150596,4.214285714285714
Apr 04 2018 01: +0,10.74,4,Galil AR | Chatterbox (Field-Tested),2018-04-04,10.74,4,Galil AR | Chatterbox (Field-Tested),-0.11591910221832082,-11.591910221832082,0.11591910221832082,True,12.31707142857143,173.72620800288428,4.357142857142857
Apr 05 2018 01: +0,11.769,3,Galil AR | Chatterbox (Field-Tested),2018-04-05,11.769,3,Galil AR | Chatterbox (Field-Tested),0.09149386681480662,9.149386681480662,0.09149386681480662,True,12.107500000000002,175.56779528952907,4.357142857142857
Apr 06 2018 01: +0,11.333,6,Galil AR | Chatterbox (Field-Tested),2018-04-06,11.333,6,Galil AR | Chatterbox (Field-Tested),-0.03775013214471387,-3.7750132144713873,0.03775013214471387,False,11.901285714285716,172.65536812763784,4.571428571428571
Apr 07 2018 01: +0,11.791,6,Galil AR | Chatterbox (Field-Tested),2018-04-07,11.791,6,Galil AR | Chatterbox (Field-Tested),0.039617704843724816,3.9617704843724817,0.039617704843724816,False,11.858571428571429,164.04588458801496,4.571428571428571
Apr 08 2018 01: +0,10.862,3,Galil AR | Chatterbox (Field-Tested),2018-04-08,10.862,3,Galil AR | Chatterbox (Field-Tested),-0.08206606898188278,-8.206606898188278,0.08206606898188278,True,11.619285714285715,165.99062973720774,4.5
Apr 09 2018 01: +0,12.465,6,Galil AR | Chatterbox (Field-Tested),2018-04-09,12.465,6,Galil AR | Chatterbox (Field-Tested),0.13765425736286774,13.765425736286774,0.13765425736286774,True,11.623571428571429,173.94018447696453,4.857142857142857
Apr 10 2018 01: +0,13.272,4,Galil AR | Chatterbox (Field-Tested),2018-04-10,13.272,4,Galil AR | Chatterbox (Field-Tested),0.06273183591262226,6.273183591262225,0.06273183591262226,True,11.584571428571428,169.01597631173354,4.928571428571429
Apr 11 2018 01: +0,12.426,1,Galil AR | Chatterbox (Field-Tested),2018-04-11,12.426,1,Galil AR | Chatterbox (Field-Tested),-0.06586550124664121,-6.586550124664122,0.06586550124664121,True,11.527000000000001,169.1272936082388,4.714285714285714
Apr 12 2018 01: +0,12.481,6,Galil AR | Chatterbox (Field-Tested),2018-04-12,12.481,6,Galil AR | Chatterbox (Field-Tested),0.004416436294814536,0.4416436294814536,0.004416436294814536,False,11.548357142857144,167.7777005111074,4.714285714285714
Apr 13 2018 01: +0,12.419,3,Galil AR | Chatterbox (Field-Tested),2018-04-13,12.419,3,Galil AR | Chatterbox (Field-Tested),-0.004979929970421099,-0.49799299704210986,0.004979929970421099,False,11.64064285714286,167.6564680096431,4.571428571428571
Apr 14 2018 01: +0,13.868,3,Galil AR | Chatterbox (Field-Tested),2018-04-14,13.868,3,Galil AR | Chatterbox (Field-Tested),0.11035646985688152,11.035646985688153,0.11035646985688152,True,11.88857142857143,167.34713233063388,4.428571428571429
Apr 15 2018 01: +0,12.036,3,Galil AR | Chatterbox (Field-Tested),2018-04-15,12.036,3,Galil AR | Chatterbox (Field-Tested),-0.14168186905497832,-14.168186905497832,0.14168186905497832,True,12.013785714285715,169.72857472384771,4.214285714285714
Apr 16 2018 01: +0,11.157,4,Galil AR | Chatterbox (Field-Tested),2018-04-16,11.157,4,Galil AR | Chatterbox (Field-Tested),-0.07583505515675613,-7.583505515675613,0.07583505515675613,True,12.0485,171.39040185841782,3.9285714285714284
Apr 17 2018 01: +0,11.892,6,Galil AR | Chatterbox (Field-Tested),2018-04-17,11.892,6,Galil AR | Chatterbox (Field-Tested),0.06379880152480859,6.379880152480859,0.06379880152480859,True,12.0365,172.00244353235797,4.142857142857143
Apr 18 2018 01: +0,14.339,3,Galil AR | Chatterbox (Field-Tested),2018-04-18,14.339,3,Galil AR | Chatterbox (Field-Tested),0.18711719259705104,18.711719259705102,0.18711719259705104,True,12.293571428571429,184.06364684929713,4.071428571428571
Apr 19 2018 01: +0,13.853,4,Galil AR | Chatterbox (Field-Tested),2018-04-19,13.853,4,Galil AR | Chatterbox (Field-Tested),-0.034481282057160244,-3.4481282057160243,0.034481282057160244,False,12.442428571428573,183.10551612339665,4.142857142857143
Apr 20 2018 01: +0,13.569,1,Galil AR | Chatterbox (Field-Tested),2018-04-20,13.569,1,Galil AR | Chatterbox (Field-Tested),-0.020714036511926073,-2.071403651192607,0.020714036511926073,False,12.60214285714286,182.00052191787563,3.7857142857142856
Apr 21 2018 01: +0,13.729,2,Galil AR | Chatterbox (Field-Tested),2018-04-21,13.729,2,Galil AR | Chatterbox (Field-Tested),0.01172260475165191,1.172260475165191,0.01172260475165191,False,12.74057142857143,175.44812184799662,3.5
Apr 22 2018 01: +0,11.24,6,Galil AR | Chatterbox (Field-Tested),2018-04-22,11.24,6,Galil AR | Chatterbox (Field-Tested),-0.2000315394499228,-20.00315394499228,0.2000315394499228,True,12.76757142857143,188.32252007872822,3.7142857142857144
Apr 23 2018 01: +0,11.444,5,Galil AR | Chatterbox (Field-Tested),2018-04-23,11.444,5,Galil AR | Chatterbox (Field-Tested),0.01798673072231883,1.7986730722318829,0.01798673072231883,False,12.694642857142856,182.5385684527409,3.642857142857143
Apr 24 2018 01: +0,11.743,9,Galil AR | Chatterbox (Field-Tested),2018-04-24,11.743,9,Galil AR | Chatterbox (Field-Tested),0.02579174319508021,2.579174319508021,0.02579174319508021,False,12.58542857142857,175.80044124617277,4.0
Apr 25 2018 01: +0,11.31,6,Galil AR | Chatterbox (Field-Tested),2018-04-25,11.31,6,Galil AR | Chatterbox (Field-Tested),-0.03757002825491497,-3.757002825491497,0.03757002825491497,False,12.505714285714287,169.9202715085868,4.357142857142857
Apr 26 2018 01: +0,11.859,4,Galil AR | Chatterbox (Field-Tested),2018-04-26,11.859,4,Galil AR | Chatterbox (Field-Tested),0.047399782854629,4.7399782854629,0.047399782854629,False,12.461285714285717,166.2192948520389,4.214285714285714
Apr 27 2018 01: +0,12.257,1,Galil AR | Chatterbox (Field-Tested),2018-04-27,12.257,1,Galil AR | Chatterbox (Field-Tested),0.03301012937636999,3.301012937636999,0.03301012937636999,False,12.449714285714288,166.14192118587908,4.071428571428571
Apr 28 2018 01: +0,12.258,3,Galil AR | Chatterbox (Field-Tested),2018-04-28,12.258,3,Galil AR | Chatterbox (Field-Tested),8.158270451187633e-05,0.008158270451187633,8.158270451187633e-05,False,12.334714285714288,163.6068208333423,4.071428571428571
Apr 29 2018 01: +0,10.478,1,Galil AR | Chatterbox (Field-Tested),2018-04-29,10.478,1,Galil AR | Chatterbox (Field-Tested),-0.156900964077512,-15.6900964077512,0.156900964077512,True,12.223428571428572,169.75832017056638,3.9285714285714284
Apr 30 2018 01: +0,10.749,4,Galil AR | Chatterbox (Field-Tested),2018-04-30,10.749,4,Galil AR | Chatterbox (Field-Tested),0.025534906004898644,2.5534906004898645,0.025534906004898644,False,12.194285714285714,168.31787981427925,3.9285714285714284
May 01 2018 01: +0,11.42,5,Galil AR | Chatterbox (Field-Tested),2018-05-01,11.42,5,Galil AR | Chatterbox (Field-Tested),0.06055347723693769,6.055347723693769,0.06055347723693769,True,12.16057142857143,169.51583470078631,3.857142857142857
May 02 2018 01: +0,10.816,6,Galil AR | Chatterbox (Field-Tested),2018-05-02,10.816,6,Galil AR | Chatterbox (Field-Tested),-0.054339684927255806,-5.4339684927255805,0.054339684927255806,True,11.908928571428573,170.2350914303349,4.071428571428571
May 03 2018 01: +0,11.117,4,Galil AR | Chatterbox (Field-Tested),2018-05-03,11.117,4,Galil AR | Chatterbox (Field-Tested),0.02744894895086973,2.744894895086973,0.02744894895086973,False,11.7135,164.81271330207662,4.071428571428571
May 04 2018 01: +0,11.895,2,Galil AR | Chatterbox (Field-Tested),2018-05-04,11.895,2,Galil AR | Chatterbox (Field-Tested),0.06764267550344286,6.764267550344286,0.06764267550344286,True,11.593928571428574,161.34409687319265,4.142857142857143
May 05 2018 01: +0,10.483,4,Galil AR | Chatterbox (Field-Tested),2018-05-05,10.483,4,Galil AR | Chatterbox (Field-Tested),-0.1263632462844853,-12.63632462844853,0.1263632462844853,True,11.36207142857143,164.24259575132197,4.285714285714286
May 06 2018 01: +0,10.022,2,Galil AR | Chatterbox (Field-Tested),2018-05-06,10.022,2,Galil AR | Chatterbox (Field-Tested),-0.04497222093290273,-4.497222093290273,0.04497222093290273,False,11.275071428571431,164.44936244221137,4.0
May 07 2018 01: +0,10.424,5,Galil AR | Chatterbox (Field-Tested),2018-05-07,10.424,5,Galil AR | Chatterbox (Field-Tested),0.039328163285011014,3.9328163285011013,0.039328163285011014,False,11.202214285714287,164.43970571374373,4.0
May 08 2018 01: +0,9.997,7,Galil AR | Chatterbox (Field-Tested),2018-05-08,9.997,7,Galil AR | Chatterbox (Field-Tested),-0.04182579183750027,-4.182579183750027,0.04182579183750027,False,11.0775,162.62764857729402,3.857142857142857
May 09 2018 01: +0,10.069,5,Galil AR | Chatterbox (Field-Tested),2018-05-09,10.069,5,Galil AR | Chatterbox (Field-Tested),0.00717634894843418,0.717634894843418,0.00717634894843418,False,10.988857142857144,154.61899582118107,3.7857142857142856
May 10 2018 01: +0,9.959,5,Galil AR | Chatterbox (Field-Tested),2018-05-10,9.959,5,Galil AR | Chatterbox (Field-Tested),-0.010984731983975518,-1.0984731983975518,0.010984731983975518,False,10.853142857142858,152.5519052227508,3.857142857142857
May 11 2018 01: +0,10.495,3,Galil AR | Chatterbox (Field-Tested),2018-05-11,10.495,3,Galil AR | Chatterbox (Field-Tested),0.05242228832309385,5.242228832309385,0.05242228832309385,True,10.727285714285715,152.63772293364633,4.0
May 12 2018 01: +0,9.521,1,Galil AR | Chatterbox (Field-Tested),2018-05-12,9.521,1,Galil AR | Chatterbox (Field-Tested),-0.09739906796904188,-9.739906796904188,0.09739906796904188,True,10.531785714285716,155.89112173036258,3.857142857142857
May 13 2018 01: +0,10.419,5,Galil AR | Chatterbox (Field-Tested),2018-05-13,10.419,5,Galil AR | Chatterbox (Field-Tested),0.09013117712649239,9.013117712649239,0.09013117712649239,True,10.527571428571429,159.68552124336324,4.142857142857143
May 14 2018 01: +0,10.528,5,Galil AR | Chatterbox (Field-Tested),2018-05-14,10.528,5,Galil AR | Chatterbox (Field-Tested),0.01040731215291482,1.040731215291482,0.01040731215291482,False,10.511785714285717,154.24365296459646,4.214285714285714
May 15 2018 01: +0,11.036,5,Galil AR | Chatterbox (Field-Tested),2018-05-15,11.036,5,Galil AR | Chatterbox (Field-Tested),0.047124281772078155,4.712428177207816,0.047124281772078155,False,10.484357142857146,147.75335752831865,4.214285714285714
May 16 2018 01: +0,11.348,4,Galil AR | Chatterbox (Field-Tested),2018-05-16,11.348,4,Galil AR | Chatterbox (Field-Tested),0.027878860591565316,2.7878860591565315,0.027878860591565316,False,10.522357142857144,145.72373751054985,4.071428571428571
May 17 2018 01: +0,11.442,2,Galil AR | Chatterbox (Field-Tested),2018-05-17,11.442,2,Galil AR | Chatterbox (Field-Tested),0.00824927889973196,0.824927889973196,0.00824927889973196,False,10.54557142857143,143.96750957330033,3.9285714285714284
May 18 2018 01: +0,10.408,5,Galil AR | Chatterbox (Field-Tested),2018-05-18,10.408,5,Galil AR | Chatterbox (Field-Tested),-0.09471605463613288,-9.471605463613288,0.09471605463613288,True,10.439357142857144,130.4780308410337,4.142857142857143
May 20 2018 01: +0,9.845,2,Galil AR | Chatterbox (Field-Tested),2018-05-20,9.845,2,Galil AR | Chatterbox (Field-Tested),-0.05561102911911518,-5.561102911911518,0.05561102911911518,True,10.393785714285716,131.16947422548853,4.0
May 21 2018 01: +0,9.481,9,Galil AR | Chatterbox (Field-Tested),2018-05-21,9.481,9,Galil AR | Chatterbox (Field-Tested),-0.03767391615526686,-3.7673916155266856,0.03767391615526686,False,10.35514285714286,131.45438823244453,4.5
May 22 2018 01: +0,10.618,2,Galil AR | Chatterbox (Field-Tested),2018-05-22,10.618,2,Galil AR | Chatterbox (Field-Tested),0.11326087822565768,11.326087822565768,0.11326087822565768,True,10.369000000000002,138.34631717160732,4.285714285714286
May 23 2018 01: +0,10.39,7,Galil AR | Chatterbox (Field-Tested),2018-05-23,10.39,7,Galil AR | Chatterbox (Field-Tested),-0.02170686905034369,-2.170686905034369,0.02170686905034369,False,10.397071428571428,120.05836317487648,4.285714285714286
May 24 2018 01: +0,9.816,3,Galil AR | Chatterbox (Field-Tested),2018-05-24,9.816,3,Galil AR | Chatterbox (Field-Tested),-0.056830097702525686,-5.683009770252569,0.056830097702525686,True,10.379000000000001,121.27214872985303,4.142857142857143
May 25 2018 01: +0,10.803,4,Galil AR | Chatterbox (Field-Tested),2018-05-25,10.803,4,Galil AR | Chatterbox (Field-Tested),0.09581016592623756,9.581016592623756,0.09581016592623756,True,10.439285714285715,125.88946390316332,4.071428571428571
May 26 2018 01: +0,10.21,5,Galil AR | Chatterbox (Field-Tested),2018-05-26,10.21,5,Galil AR | Chatterbox (Field-Tested),-0.05645624115827367,-5.645624115827367,0.05645624115827367,True,10.418928571428571,126.71600059284147,4.214285714285714
May 27 2018 01: +0,10.169,2,Galil AR | Chatterbox (Field-Tested),2018-05-27,10.169,2,Galil AR | Chatterbox (Field-Tested),-0.004023755367573841,-0.4023755367573841,0.004023755367573841,False,10.465214285714287,125.38325125754797,4.285714285714286
May 28 2018 01: +0,11.444,2,Galil AR | Chatterbox (Field-Tested),2018-05-28,11.444,2,Galil AR | Chatterbox (Field-Tested),0.11812169837886351,11.812169837886351,0.11812169837886351,True,10.538428571428572,131.98233561885874,4.071428571428571
May 29 2018 01: +0,8.126,2,Galil AR | Chatterbox (Field-Tested),2018-05-29,8.126,2,Galil AR | Chatterbox (Field-Tested),-0.3423967776223289,-34.23967776223289,0.3423967776223289,True,10.366857142857144,177.44164131483458,3.857142857142857
May 30 2018 01: +0,10.198,7,Galil AR | Chatterbox (Field-Tested),2018-05-30,10.198,7,Galil AR | Chatterbox (Field-Tested),0.22712282506742915,22.712282506742916,0.22712282506742915,True,10.307000000000002,188.64155006813664,4.0
May 31 2018 01: +0,9.764,1,Galil AR | Chatterbox (Field-Tested),2018-05-31,9.764,1,Galil AR | Chatterbox (Field-Tested),-0.04348947010225044,-4.348947010225044,0.04348947010225044,False,10.193857142857143,188.96015362732237,3.7857142857142856
Jun 01 2018 01: +0,11.201,5,Galil AR | Chatterbox (Field-Tested),2018-06-01,11.201,5,Galil AR | Chatterbox (Field-Tested),0.1373009074988889,13.730090749888891,0.1373009074988889,True,10.176642857142857,194.04719252569515,4.0
Jun 02 2018 01: +0,11.463,3,Galil AR | Chatterbox (Field-Tested),2018-06-02,11.463,3,Galil AR | Chatterbox (Field-Tested),0.023121397103270117,2.3121397103270116,0.023121397103270117,False,10.252,193.22878907363227,3.857142857142857
Jun 03 2018 01: +0,13.065,2,Galil AR | Chatterbox (Field-Tested),2018-06-03,13.065,2,Galil AR | Chatterbox (Field-Tested),0.13081244183970317,13.081244183970316,0.13081244183970317,True,10.482000000000001,198.24495219641085,3.857142857142857
Jun 04 2018 01: +0,11.858,2,Galil AR | Chatterbox (Field-Tested),2018-06-04,11.858,2,Galil AR | Chatterbox (Field-Tested),-0.0969341536873998,-9.69341536873998,0.0969341536873998,True,10.651785714285717,200.04283722227726,3.357142857142857
Jun 05 2018 01: +0,12.279,3,Galil AR | Chatterbox (Field-Tested),2018-06-05,12.279,3,Galil AR | Chatterbox (Field-Tested),0.03488774089319955,3.488774089319955,0.03488774089319955,False,10.770428571428573,195.0787871137837,3.4285714285714284
Jun 06 2018 01: +0,12.918,2,Galil AR | Chatterbox (Field-Tested),2018-06-06,12.918,2,Galil AR | Chatterbox (Field-Tested),0.050731201431905244,5.073120143190525,0.050731201431905244,True,10.951000000000002,194.83246358224872,3.0714285714285716
Jun 07 2018 01: +0,13.218,5,Galil AR | Chatterbox (Field-Tested),2018-06-07,13.218,5,Galil AR | Chatterbox (Field-Tested),0.022957849437980085,2.2957849437980085,0.022957849437980085,False,11.194,194.58956217182882,3.2142857142857144
Jun 08 2018 01: +0,12.847,3,Galil AR | Chatterbox (Field-Tested),2018-06-08,12.847,3,Galil AR | Chatterbox (Field-Tested),-0.028469215998788544,-2.846921599878854,0.028469215998788544,False,11.340000000000002,194.21525066478208,3.142857142857143
Jun 09 2018 01: +0,11.714,4,Galil AR | Chatterbox (Field-Tested),2018-06-09,11.714,4,Galil AR | Chatterbox (Field-Tested),-0.09232561338188201,-9.232561338188201,0.09232561338188201,True,11.447428571428572,197.36719479613737,3.0714285714285716
Jun 10 2018 01: +0,9.764,1,Galil AR | Chatterbox (Field-Tested),2018-06-10,9.764,1,Galil AR | Chatterbox (Field-Tested),-0.18208255513687704,-18.208255513687703,0.18208255513687704,True,11.4185,207.8602646582035,3.0
Jun 11 2018 01: +0,11.787,4,Galil AR | Chatterbox (Field-Tested),2018-06-11,11.787,4,Galil AR | Chatterbox (Field-Tested),0.1882950767137189,18.82950767137189,0.1882950767137189,True,11.443,217.41100297873982,3.142857142857143
Jun 12 2018 01: +0,5.918,3,Galil AR | Chatterbox (Field-Tested),2018-06-12,5.918,3,Galil AR | Chatterbox (Field-Tested),-0.6889986752664146,-68.89986752664146,0.6889986752664146,True,11.285285714285715,323.92999786604616,3.2142857142857144
Jun 13 2018 01: +0,11.119,2,Galil AR | Chatterbox (Field-Tested),2018-06-13,11.119,2,Galil AR | Chatterbox (Field-Tested),0.6306568027430942,63.06568027430942,0.6306568027430942,True,11.35107142857143,393.5707103805741,2.857142857142857
Jun 14 2018 01: +0,9.957,3,Galil AR | Chatterbox (Field-Tested),2018-06-14,9.957,3,Galil AR | Chatterbox (Field-Tested),-0.11037953531516485,-11.037953531516486,0.11037953531516485,True,11.364857142857144,395.5027476859164,3.0
Jun 15 2018 01: +0,8.438,4,Galil AR | Chatterbox (Field-Tested),2018-06-15,8.438,4,Galil AR | Chatterbox (Field-Tested),-0.16553050770380032,-16.553050770380032,0.16553050770380032,True,11.167500000000002,399.12699990172814,2.9285714285714284
Jun 16 2018 01: +0,9.561,9,Galil AR | Chatterbox (Field-Tested),2018-06-16,9.561,9,Galil AR | Chatterbox (Field-Tested),0.12494701040116205,12.494701040116205,0.12494701040116205,True,11.031642857142858,401.6821585511896,3.357142857142857
Jun 17 2018 01: +0,9.203,6,Galil AR | Chatterbox (Field-Tested),2018-06-17,9.203,6,Galil AR | Chatterbox (Field-Tested),-0.03816280624658931,-3.816280624658931,0.03816280624658931,False,10.755785714285716,401.8053389781463,3.642857142857143
Jun 18 2018 01: +0,9.754,3,Galil AR | Chatterbox (Field-Tested),2018-06-18,9.754,3,Galil AR | Chatterbox (Field-Tested),0.05814793943114096,5.814793943114096,0.05814793943114096,True,10.605500000000003,401.15488812134987,3.7142857142857144
Jun 19 2018 01: +0,10.345,3,Galil AR | Chatterbox (Field-Tested),2018-06-19,10.345,3,Galil AR | Chatterbox (Field-Tested),0.05882585390964553,5.882585390964553,0.05882585390964553,True,10.467357142857145,401.2217860351287,3.7142857142857144
Jun 20 2018 01: +0,8.375,2,Galil AR | Chatterbox (Field-Tested),2018-06-20,8.375,2,Galil AR | Chatterbox (Field-Tested),-0.21125223348637628,-21.12522334863763,0.21125223348637628,True,10.142857142857144,407.8761334498654,3.7142857142857144
Jun 21 2018 01: +0,10.22,3,Galil AR | Chatterbox (Field-Tested),2018-06-21,10.22,3,Galil AR | Chatterbox (Field-Tested),0.1990955070644283,19.90955070644283,0.1990955070644283,True,9.928714285714287,412.0629234120937,3.5714285714285716
Jun 22 2018 01: +0,9.302,3,Galil AR | Chatterbox (Field-Tested),2018-06-22,9.302,3,Galil AR | Chatterbox (Field-Tested),-0.09411715397365318,-9.411715397365318,0.09411715397365318,True,9.675500000000001,413.287103120633,3.5714285714285716
Jun 23 2018 01: +0,10.586,4,Galil AR | Chatterbox (Field-Tested),2018-06-23,10.586,4,Galil AR | Chatterbox (Field-Tested),0.12930294263389053,12.930294263389053,0.12930294263389053,True,9.594928571428571,415.36906935646874,3.5714285714285716
Jun 24 2018 01: +0,9.917,4,Galil AR | Chatterbox (Field-Tested),2018-06-24,9.917,4,Galil AR | Chatterbox (Field-Tested),-0.06528191723180786,-6.528191723180786,0.06528191723180786,True,9.605857142857145,414.615118372252,3.7857142857142856
Jun 25 2018 01: +0,7.808,2,Galil AR | Chatterbox (Field-Tested),2018-06-25,7.808,2,Galil AR | Chatterbox (Field-Tested),-0.23910160709319672,-23.910160709319673,0.23910160709319672,True,9.321642857142859,422.4084706941652,3.642857142857143
Jun 26 2018 01: +0,10.762,4,Galil AR | Chatterbox (Field-Tested),2018-06-26,10.762,4,Galil AR | Chatterbox (Field-Tested),0.32087256195643665,32.08725619564367,0.32087256195643665,True,9.667642857142857,437.8057583905101,3.7142857142857144
Jun 27 2018 01: +0,14.442,4,Galil AR | Chatterbox (Field-Tested),2018-06-27,14.442,4,Galil AR | Chatterbox (Field-Tested),0.294119216961762,29.4119216961762,0.294119216961762,True,9.905000000000001,447.87492460289275,3.857142857142857
Jun 28 2018 01: +0,10.774,2,Galil AR | Chatterbox (Field-Tested),2018-06-28,10.774,2,Galil AR | Chatterbox (Field-Tested),-0.2930048037706479,-29.30048037706479,0.2930048037706479,True,9.963357142857145,443.32297640918574,3.7857142857142856
Jun 29 2018 01: +0,10.371,10,Galil AR | Chatterbox (Field-Tested),2018-06-29,10.371,10,Galil AR | Chatterbox (Field-Tested),-0.03812237465074476,-3.812237465074476,0.03812237465074476,False,10.101428571428572,436.52974521608064,4.214285714285714
Jun 30 2018 01: +0,10.773,9,Galil AR | Chatterbox (Field-Tested),2018-06-30,10.773,9,Galil AR | Chatterbox (Field-Tested),0.038029554304458243,3.802955430445824,0.038029554304458243,False,10.188000000000002,436.4204539924406,4.214285714285714
Jul 01 2018 01: +0,11.788,2,Galil AR | Chatterbox (Field-Tested),2018-07-01,11.788,2,Galil AR | Chatterbox (Field-Tested),0.09003906096339295,9.003906096339295,0.09003906096339295,True,10.372642857142859,434.90241911972805,3.9285714285714284
Jul 02 2018 01: +0,11.898,3,Galil AR | Chatterbox (Field-Tested),2018-07-02,11.898,3,Galil AR | Chatterbox (Field-Tested),0.009288253890265495,0.9288253890265494,0.009288253890265495,False,10.525785714285714,434.8434347392604,3.9285714285714284
Jul 03 2018 01: +0,10.495,1,Galil AR | Chatterbox (Field-Tested),2018-07-03,10.495,1,Galil AR | Chatterbox (Field-Tested),-0.12547136549311763,-12.547136549311762,0.12547136549311763,True,10.5365,434.4203764229072,3.7857142857142856
Jul 04 2018 01: +0,9.629,2,Galil AR | Chatterbox (Field-Tested),2018-07-04,9.629,2,Galil AR | Chatterbox (Field-Tested),-0.08611957501444942,-8.611957501444941,0.08611957501444942,True,10.62607142857143,434.1558317342514,3.7857142857142856
Jul 05 2018 01: +0,9.646,6,Galil AR | Chatterbox (Field-Tested),2018-07-05,9.646,6,Galil AR | Chatterbox (Field-Tested),0.0017639433886333154,0.17639433886333156,0.0017639433886333154,False,10.585071428571428,433.90783411455436,4.0
Jul 06 2018 01: +0,10.953,6,Galil AR | Chatterbox (Field-Tested),2018-07-06,10.953,6,Galil AR | Chatterbox (Field-Tested),0.12707006969482917,12.707006969482917,0.12707006969482917,True,10.703000000000001,436.02121204746993,4.214285714285714
Jul 07 2018 01: +0,11.787,2,Galil AR | Chatterbox (Field-Tested),2018-07-07,11.787,2,Galil AR | Chatterbox (Field-Tested),0.07338383790282299,7.338383790282299,0.07338383790282299,True,10.788785714285714,436.7895379142153,4.071428571428571
Jul 08 2018 01: +0,12.293,1,Galil AR | Chatterbox (Field-Tested),2018-07-08,12.293,1,Galil AR | Chatterbox (Field-Tested),0.04203276544077154,4.203276544077154,0.04203276544077154,False,10.958500000000003,436.98099137848135,3.857142857142857
Jul 09 2018 01: +0,12.428,3,Galil AR | Chatterbox (Field-Tested),2018-07-09,12.428,3,Galil AR | Chatterbox (Field-Tested),0.010921996845597212,1.0921996845597213,0.010921996845597212,False,11.2885,435.76141994835194,3.9285714285714284
Jul 10 2018 01: +0,11.034,2,Galil AR | Chatterbox (Field-Tested),2018-07-10,11.034,2,Galil AR | Chatterbox (Field-Tested),-0.1189705766805619,-11.89705766805619,0.1189705766805619,True,11.307928571428572,432.9533288547417,3.7857142857142856
Jul 11 2018 01: +0,11.906,3,Galil AR | Chatterbox (Field-Tested),2018-07-11,11.906,3,Galil AR | Chatterbox (Field-Tested),0.07606105988095922,7.606105988095922,0.07606105988095922,True,11.126785714285717,428.69172599163824,3.7142857142857144
Jul 12 2018 01: +0,11.382,2,Galil AR | Chatterbox (Field-Tested),2018-07-12,11.382,2,Galil AR | Chatterbox (Field-Tested),-0.0450093145502663,-4.50093145502663,0.0450093145502663,False,11.17021428571429,349.98318160901056,3.7142857142857144
Jul 13 2018 01: +0,11.618,3,Galil AR | Chatterbox (Field-Tested),2018-07-13,11.618,3,Galil AR | Chatterbox (Field-Tested),0.020522459389408672,2.0522459389408674,0.020522459389408672,False,11.259285714285715,272.5232332530681,3.2142857142857144
Jul 14 2018 01: +0,11.893,4,Galil AR | Chatterbox (Field-Tested),2018-07-14,11.893,4,Galil AR | Chatterbox (Field-Tested),0.023394372174767603,2.3394372174767604,0.023394372174767603,False,11.339285714285717,269.5922528156927,2.857142857142857
Jul 15 2018 01: +0,11.506,2,Galil AR | Chatterbox (Field-Tested),2018-07-15,11.506,2,Galil AR | Chatterbox (Field-Tested),-0.033081353304006605,-3.3081353304006607,0.033081353304006605,False,11.31914285714286,262.8649853034499,2.857142857142857
Jul 16 2018 01: +0,11.098,3,Galil AR | Chatterbox (Field-Tested),2018-07-16,11.098,3,Galil AR | Chatterbox (Field-Tested),-0.03610372653739217,-3.610372653739217,0.03610372653739217,False,11.262,260.0142252764943,2.857142857142857
Jul 17 2018 01: +0,10.839,2,Galil AR | Chatterbox (Field-Tested),2018-07-17,10.839,2,Galil AR | Chatterbox (Field-Tested),-0.023614171070096678,-2.3614171070096677,0.023614171070096678,False,11.28657142857143,259.7598702561334,2.9285714285714284
Jul 19 2018 01: +0,11.442,2,Galil AR | Chatterbox (Field-Tested),2018-07-19,11.442,2,Galil AR | Chatterbox (Field-Tested),0.05414005501272411,5.4140055012724115,0.05414005501272411,True,11.41607142857143,259.66128447945346,2.9285714285714284
Jul 20 2018 01: +0,11.007,2,Galil AR | Chatterbox (Field-Tested),2018-07-20,11.007,2,Galil AR | Chatterbox (Field-Tested),-0.038759361805082354,-3.8759361805082353,0.038759361805082354,False,11.513285714285715,259.3612586759153,2.642857142857143
Jul 21 2018 01: +0,10.182,3,Galil AR | Chatterbox (Field-Tested),2018-07-21,10.182,3,Galil AR | Chatterbox (Field-Tested),-0.07790997856111037,-7.790997856111037,0.07790997856111037,True,11.458214285714286,249.54225206452546,2.4285714285714284
Jul 22 2018 01: +0,11.661,2,Galil AR | Chatterbox (Field-Tested),2018-07-22,11.661,2,Galil AR | Chatterbox (Field-Tested),0.13562848505805145,13.562848505805144,0.13562848505805145,True,11.449214285714287,244.30446789243834,2.4285714285714284
Jul 23 2018 01: +0,10.085,4,Galil AR | Chatterbox (Field-Tested),2018-07-23,10.085,4,Galil AR | Chatterbox (Field-Tested),-0.1452007691320206,-14.52007691320206,0.1452007691320206,True,11.291500000000001,247.52566560863815,2.642857142857143
Jul 24 2018 01: +0,11.688,4,Galil AR | Chatterbox (Field-Tested),2018-07-24,11.688,4,Galil AR | Chatterbox (Field-Tested),0.14751350304222333,14.751350304222333,0.14751350304222333,True,11.23864285714286,248.7763714251511,2.7142857142857144
Jul 25 2018 01: +0,11.248,3,Galil AR | Chatterbox (Field-Tested),2018-07-25,11.248,3,Galil AR | Chatterbox (Field-Tested),-0.03837233938008937,-3.8372339380089366,0.03837233938008937,False,11.253928571428572,248.01858505798444,2.7857142857142856
Jul 26 2018 01: +0,12.454,6,Galil AR | Chatterbox (Field-Tested),2018-07-26,12.454,6,Galil AR | Chatterbox (Field-Tested),0.1018515213819512,10.18515213819512,0.1018515213819512,True,11.293071428571432,234.0414221779186,3.0
Jul 27 2018 01: +0,13.699,9,Galil AR | Chatterbox (Field-Tested),2018-07-27,13.699,9,Galil AR | Chatterbox (Field-Tested),0.09528098101899217,9.528098101899216,0.09528098101899217,True,11.45857142857143,208.87707503269039,3.5
Jul 28 2018 01: +0,19.656,1,Galil AR | Chatterbox (Field-Tested),2018-07-28,19.656,1,Galil AR | Chatterbox (Field-Tested),0.3610597977496255,36.10597977496255,0.3610597977496255,True,12.032714285714288,221.3489640301281,3.357142857142857
Jul 29 2018 01: +0,16.838,1,Galil AR | Chatterbox (Field-Tested),2018-07-29,16.838,1,Galil AR | Chatterbox (Field-Tested),-0.15474439830340558,-15.474439830340557,0.15474439830340558,True,12.385928571428574,201.90580183196056,3.142857142857143
Jul 30 2018 01: +0,15.167,4,Galil AR | Chatterbox (Field-Tested),2018-07-30,15.167,4,Galil AR | Chatterbox (Field-Tested),-0.10451622184621241,-10.451622184621241,0.10451622184621241,True,12.647428571428573,205.39756355010744,3.2857142857142856
Jul 31 2018 01: +0,12.127,5,Galil AR | Chatterbox (Field-Tested),2018-07-31,12.127,5,Galil AR | Chatterbox (Field-Tested),-0.22368764339460498,-22.368764339460498,0.22368764339460498,True,12.720928571428573,221.02294835714474,3.4285714285714284
Aug 01 2018 01: +0,12.414,2,Galil AR | Chatterbox (Field-Tested),2018-08-01,12.414,2,Galil AR | Chatterbox (Field-Tested),0.02339049631680616,2.339049631680616,0.02339049631680616,False,12.833428571428572,218.96851230577937,3.4285714285714284
Aug 02 2018 01: +0,10.726,1,Galil AR | Chatterbox (Field-Tested),2018-08-02,10.726,1,Galil AR | Chatterbox (Field-Tested),-0.1461541674307274,-14.615416743072739,0.1461541674307274,True,12.782285714285715,224.9244595977164,3.357142857142857
Aug 03 2018 01: +0,12.784,5,Galil AR | Chatterbox (Field-Tested),2018-08-03,12.784,5,Galil AR | Chatterbox (Field-Tested),0.17552368846318528,17.55236884631853,0.17552368846318528,True,12.909214285714286,228.8427306492666,3.5714285714285716
Aug 04 2018 01: +0,10.917,1,Galil AR | Chatterbox (Field-Tested),2018-08-04,10.917,1,Galil AR | Chatterbox (Field-Tested),-0.1578731817257864,-15.78731817257864,0.1578731817257864,True,12.961714285714288,233.81551136964256,3.4285714285714284
Aug 05 2018 01: +0,12.926,6,Galil AR | Chatterbox (Field-Tested),2018-08-05,12.926,6,Galil AR | Chatterbox (Field-Tested),0.1689195795425713,16.89195795425713,0.1689195795425713,True,13.052071428571429,240.7640398899868,3.7142857142857144
Aug 06 2018 01: +0,18.52,4,Galil AR | Chatterbox (Field-Tested),2018-08-06,18.52,4,Galil AR | Chatterbox (Field-Tested),0.35961044237732964,35.96104423773296,0.35961044237732964,True,13.65457142857143,267.23307459501876,3.7142857142857144
Aug 07 2018 01: +0,10.604,3,Galil AR | Chatterbox (Field-Tested),2018-08-07,10.604,3,Galil AR | Chatterbox (Field-Tested),-0.5576199407912542,-55.76199407912542,0.5576199407912542,True,13.577142857142858,333.1392365600222,3.642857142857143
Aug 08 2018 01: +0,10.594,6,Galil AR | Chatterbox (Field-Tested),2018-08-08,10.594,6,Galil AR | Chatterbox (Field-Tested),-0.000943485304444116,-0.09434853044441159,0.000943485304444116,False,13.530428571428573,332.73654329755993,3.857142857142857
Aug 09 2018 01: +0,10.359,3,Galil AR | Chatterbox (Field-Tested),2018-08-09,10.359,3,Galil AR | Chatterbox (Field-Tested),-0.02243209604636988,-2.243209604636988,0.02243209604636988,False,13.380785714285716,332.73958483866846,3.642857142857143
Aug 10 2018 01: +0,11.35,5,Galil AR | Chatterbox (Field-Tested),2018-08-10,11.35,5,Galil AR | Chatterbox (Field-Tested),0.09136203685144657,9.136203685144658,0.09136203685144657,True,13.213,331.8441258964406,3.357142857142857
Aug 11 2018 01: +0,11.462,1,Galil AR | Chatterbox (Field-Tested),2018-08-11,11.462,1,Galil AR | Chatterbox (Field-Tested),0.009819472202133956,0.9819472202133956,0.009819472202133956,False,12.627714285714289,330.75942460669245,3.357142857142857
Aug 12 2018 01: +0,11.037,5,Galil AR | Chatterbox (Field-Tested),2018-08-12,11.037,5,Galil AR | Chatterbox (Field-Tested),-0.0377839513387986,-3.7783951338798603,0.0377839513387986,False,12.213357142857145,330.6487410301833,3.642857142857143
Aug 13 2018 01: +0,11.224,5,Galil AR | Chatterbox (Field-Tested),2018-08-13,11.224,5,Galil AR | Chatterbox (Field-Tested),0.0168010780094128,1.68010780094128,0.0168010780094128,False,11.931714285714287,330.62076326692227,3.7142857142857144
Aug 14 2018 01: +0,9.713,5,Galil AR | Chatterbox (Field-Tested),2018-08-14,9.713,5,Galil AR | Chatterbox (Field-Tested),-0.14458914837996648,-14.458914837996648,0.14458914837996648,True,11.759285714285715,334.22367127117474,3.7142857142857144
Aug 15 2018 01: +0,10.804,5,Galil AR | Chatterbox (Field-Tested),2018-08-15,10.804,5,Galil AR | Chatterbox (Field-Tested),0.10645124151017565,10.645124151017566,0.10645124151017565,True,11.644285714285715,336.37681223884016,3.9285714285714284
Aug 16 2018 01: +0,11.027,1,Galil AR | Chatterbox (Field-Tested),2018-08-16,11.027,1,Galil AR | Chatterbox (Field-Tested),0.02043037484617215,2.0430374846172152,0.02043037484617215,False,11.665785714285715,336.23546745049805,3.9285714285714284
Aug 17 2018 01: +0,10.886,5,Galil AR | Chatterbox (Field-Tested),2018-08-17,10.886,5,Galil AR | Chatterbox (Field-Tested),-0.012869250764533111,-1.2869250764533111,0.012869250764533111,False,11.530214285714289,336.16222939479655,3.9285714285714284
Aug 18 2018 01: +0,11.29,2,Galil AR | Chatterbox (Field-Tested),2018-08-18,11.29,2,Galil AR | Chatterbox (Field-Tested),0.03643981814956238,3.643981814956238,0.03643981814956238,False,11.556857142857144,335.8609531950529,4.0
Aug 19 2018 01: +0,10.824,4,Galil AR | Chatterbox (Field-Tested),2018-08-19,10.824,4,Galil AR | Chatterbox (Field-Tested),-0.04215148729308369,-4.215148729308369,0.04215148729308369,False,11.406714285714285,335.9117369726465,3.857142857142857
Aug 20 2018 01: +0,11.976,3,Galil AR | Chatterbox (Field-Tested),2018-08-20,11.976,3,Galil AR | Chatterbox (Field-Tested),0.10113875624884033,10.113875624884033,0.10113875624884033,True,10.939285714285715,336.52764477526864,3.7857142857142856
Aug 21 2018 01: +0,11.667,3,Galil AR | Chatterbox (Field-Tested),2018-08-21,11.667,3,Galil AR | Chatterbox (Field-Tested),-0.026140303275607377,-2.6140303275607377,0.026140303275607377,False,11.015214285714285,333.36482106980606,3.7857142857142856
Aug 22 2018 01: +0,11.853,2,Galil AR | Chatterbox (Field-Tested),2018-08-22,11.853,2,Galil AR | Chatterbox (Field-Tested),0.01581665625564347,1.581665625564347,0.01581665625564347,False,11.105142857142857,329.2423722895094,3.5
Aug 23 2018 01: +0,10.51,2,Galil AR | Chatterbox (Field-Tested),2018-08-23,10.51,2,Galil AR | Chatterbox (Field-Tested),-0.12025381520850363,-12.025381520850363,0.12025381520850363,True,11.11592857142857,327.9389577445673,3.4285714285714284
Aug 24 2018 01: +0,11.626,5,Galil AR | Chatterbox (Field-Tested),2018-08-24,11.626,5,Galil AR | Chatterbox (Field-Tested),0.10091678439029898,10.091678439029899,0.10091678439029898,True,11.135642857142857,329.67136034248546,3.4285714285714284
Aug 25 2018 01: +0,11.519,5,Galil AR | Chatterbox (Field-Tested),2018-08-25,11.519,5,Galil AR | Chatterbox (Field-Tested),-0.009246123334789382,-0.9246123334789382,0.009246123334789382,False,11.139714285714287,327.6695537753633,3.7142857142857144
Aug 26 2018 01: +0,11.716,2,Galil AR | Chatterbox (Field-Tested),2018-08-26,11.716,2,Galil AR | Chatterbox (Field-Tested),0.016957583021117554,1.6957583021117555,0.016957583021117554,False,11.188214285714286,325.8586621944865,3.5
Aug 27 2018 01: +0,11.097,2,Galil AR | Chatterbox (Field-Tested),2018-08-27,11.097,2,Galil AR | Chatterbox (Field-Tested),-0.05428062744706038,-5.428062744706038,0.05428062744706038,True,11.179142857142859,298.12432830328106,3.2857142857142856
Aug 28 2018 01: +0,11.911,4,Galil AR | Chatterbox (Field-Tested),2018-08-28,11.911,4,Galil AR | Chatterbox (Field-Tested),0.07078754138033728,7.078754138033728,0.07078754138033728,True,11.336142857142857,295.573039741407,3.2142857142857144
Aug 29 2018 01: +0,14.059,3,Galil AR | Chatterbox (Field-Tested),2018-08-29,14.059,3,Galil AR | Chatterbox (Field-Tested),0.16580041719900648,16.58004171990065,0.16580041719900648,True,11.568642857142857,299.8784666929366,3.0714285714285716
Aug 30 2018 01: +0,13.052,7,Galil AR | Chatterbox (Field-Tested),2018-08-30,13.052,7,Galil AR | Chatterbox (Field-Tested),-0.07432138136669617,-7.432138136669616,0.07432138136669617,True,11.713285714285716,290.3896248599618,3.5
Aug 31 2018 01: +0,13.124,2,Galil AR | Chatterbox (Field-Tested),2018-08-31,13.124,2,Galil AR | Chatterbox (Field-Tested),0.005501236367781191,0.5501236367781192,0.005501236367781191,False,11.873142857142858,290.29428749792265,3.2857142857142856
Sep 01 2018 01: +0,10.461,4,Galil AR | Chatterbox (Field-Tested),2018-09-01,10.461,4,Galil AR | Chatterbox (Field-Tested),-0.22678855873723147,-22.678855873723148,0.22678855873723147,True,11.813928571428573,296.75924732934567,3.4285714285714284
Sep 02 2018 01: +0,12.97,4,Galil AR | Chatterbox (Field-Tested),2018-09-02,12.97,4,Galil AR | Chatterbox (Field-Tested),0.2149849419667287,21.498494196672873,0.2149849419667287,True,11.967214285714286,300.01221740697173,3.4285714285714284
Sep 03 2018 01: +0,11.742,3,Galil AR | Chatterbox (Field-Tested),2018-09-03,11.742,3,Galil AR | Chatterbox (Field-Tested),-0.09946684068635829,-9.946684068635829,0.09946684068635829,True,11.950500000000002,296.8066653072269,3.4285714285714284
Sep 04 2018 01: +0,10.062,1,Galil AR | Chatterbox (Field-Tested),2018-09-04,10.062,1,Galil AR | Chatterbox (Field-Tested),-0.15440620557286755,-15.440620557286755,0.15440620557286755,True,11.835857142857142,295.40250373074485,3.2857142857142856
Sep 05 2018 01: +0,10.721,7,Galil AR | Chatterbox (Field-Tested),2018-09-05,10.721,7,Galil AR | Chatterbox (Field-Tested),0.06343848280497603,6.343848280497603,0.06343848280497603,True,11.754999999999999,265.52259898172633,3.642857142857143
Sep 06 2018 01: +0,11.534,8,Galil AR | Chatterbox (Field-Tested),2018-09-06,11.534,8,Galil AR | Chatterbox (Field-Tested),0.07309476031911823,7.309476031911823,0.07309476031911823,True,11.82814285714286,182.38199287775925,4.071428571428571
Sep 07 2018 01: +0,11.065,2,Galil AR | Chatterbox (Field-Tested),2018-09-07,11.065,2,Galil AR | Chatterbox (Field-Tested),-0.04151222169020796,-4.151222169020796,0.04151222169020796,False,11.78807142857143,183.0346555247042,3.857142857142857
Sep 08 2018 01: +0,10.775,5,Galil AR | Chatterbox (Field-Tested),2018-09-08,10.775,5,Galil AR | Chatterbox (Field-Tested),-0.02655833751320137,-2.655833751320137,0.02655833751320137,False,11.73492857142857,183.1080618132272,3.857142857142857
Sep 09 2018 01: +0,11.351,6,Galil AR | Chatterbox (Field-Tested),2018-09-09,11.351,6,Galil AR | Chatterbox (Field-Tested),0.052077209783390865,5.207720978339086,0.052077209783390865,True,11.708857142857145,181.17901396181938,4.142857142857143
Sep 10 2018 01: +0,10.74,2,Galil AR | Chatterbox (Field-Tested),2018-09-10,10.74,2,Galil AR | Chatterbox (Field-Tested),-0.05533075669248375,-5.533075669248375,0.05533075669248375,True,11.683357142857144,182.15725507971428,4.142857142857143
Sep 11 2018 01: +0,10.752,2,Galil AR | Chatterbox (Field-Tested),2018-09-11,10.752,2,Galil AR | Chatterbox (Field-Tested),0.0011166947000751544,0.11166947000751544,0.0011166947000751544,False,11.60057142857143,181.70477838721314,4.0
Sep 12 2018 01: +0,11.081,2,Galil AR | Chatterbox (Field-Tested),2018-09-12,11.081,2,Galil AR | Chatterbox (Field-Tested),0.0301401461733946,3.01401461733946,0.0301401461733946,False,11.387857142857143,181.92750464110327,3.9285714285714284
Sep 14 2018 01: +0,10.563,4,Galil AR | Chatterbox (Field-Tested),2018-09-14,10.563,4,Galil AR | Chatterbox (Field-Tested),-0.047874601113163114,-4.787460111316311,0.047874601113163114,False,11.21007142857143,175.2882705957999,3.7142857142857144
Sep 15 2018 01: +0,11.092,5,Galil AR | Chatterbox (Field-Tested),2018-09-15,11.092,5,Galil AR | Chatterbox (Field-Tested),0.04886679891250653,4.886679891250653,0.04886679891250653,False,11.064928571428572,172.12467244667536,3.9285714285714284
Sep 16 2018 01: +0,11.049,5,Galil AR | Chatterbox (Field-Tested),2018-09-16,11.049,5,Galil AR | Chatterbox (Field-Tested),-0.003884201622493749,-0.3884201622493749,0.003884201622493749,False,11.106928571428572,171.9859117576246,4.0
Sep 17 2018 01: +0,11.196,3,Galil AR | Chatterbox (Field-Tested),2018-09-17,11.196,3,Galil AR | Chatterbox (Field-Tested),0.013216645522169076,1.3216645522169077,0.013216645522169076,False,10.980214285714286,171.97965955221656,3.9285714285714284
Sep 19 2018 01: +0,10.653,9,Galil AR | Chatterbox (Field-Tested),2018-09-19,10.653,9,Galil AR | Chatterbox (Field-Tested),-0.049715029024146526,-4.971502902414652,0.049715029024146526,False,10.902428571428572,172.366215540262,4.357142857142857
Sep 20 2018 01: +0,10.619,7,Galil AR | Chatterbox (Field-Tested),2018-09-20,10.619,7,Galil AR | Chatterbox (Field-Tested),-0.003196693207352068,-0.31966932073520676,0.003196693207352068,False,10.942214285714286,171.75677461440543,4.785714285714286
Sep 21 2018 01: +0,11.618,6,Galil AR | Chatterbox (Field-Tested),2018-09-21,11.618,6,Galil AR | Chatterbox (Field-Tested),0.08991077014863236,8.991077014863237,0.08991077014863236,True,11.006285714285715,170.96219578951514,4.714285714285714
Sep 22 2018 01: +0,11.108,2,Galil AR | Chatterbox (Field-Tested),2018-09-22,11.108,2,Galil AR | Chatterbox (Field-Tested),-0.044890050125787645,-4.489005012578764,0.044890050125787645,False,10.975857142857143,171.43350330565866,4.285714285714286
Sep 23 2018 01: +0,8.525,1,Galil AR | Chatterbox (Field-Tested),2018-09-23,8.525,1,Galil AR | Chatterbox (Field-Tested),-0.26466254627497265,-26.466254627497264,0.26466254627497265,True,10.794428571428572,194.23833176145175,4.214285714285714
Sep 24 2018 01: +0,11.199,4,Galil AR | Chatterbox (Field-Tested),2018-09-24,11.199,4,Galil AR | Chatterbox (Field-Tested),0.27282146543097585,27.282146543097586,0.27282146543097585,True,10.824714285714288,213.81147256693188,4.142857142857143
Sep 26 2018 01: +0,11.138,4,Galil AR | Chatterbox (Field-Tested),2018-09-26,11.138,4,Galil AR | Chatterbox (Field-Tested),-0.005461803433079597,-0.5461803433079597,0.005461803433079597,False,10.809500000000002,210.8233792244099,4.0
Sep 27 2018 01: +0,11.91,4,Galil AR | Chatterbox (Field-Tested),2018-09-27,11.91,4,Galil AR | Chatterbox (Field-Tested),0.06701569819973187,6.701569819973187,0.06701569819973187,True,10.89307142857143,212.1415483834153,4.142857142857143
Sep 28 2018 01: +0,11.873,5,Galil AR | Chatterbox (Field-Tested),2018-09-28,11.873,5,Galil AR | Chatterbox (Field-Tested),-0.0031114686835535983,-0.3111468683553598,0.0031114686835535983,False,10.973142857142859,212.06837002533268,4.357142857142857
Sep 29 2018 01: +0,14.585,2,Galil AR | Chatterbox (Field-Tested),2018-09-29,14.585,2,Galil AR | Chatterbox (Field-Tested),0.20572668863602966,20.572668863602967,0.20572668863602966,True,11.223428571428572,222.74740937113316,4.357142857142857
Sep 30 2018 01: +0,12.573,3,Galil AR | Chatterbox (Field-Tested),2018-09-30,12.573,3,Galil AR | Chatterbox (Field-Tested),-0.1484419457086406,-14.844194570864062,0.1484419457086406,True,11.367000000000003,228.16712473322679,4.285714285714286
Oct 01 2018 01: +0,12.178,4,Galil AR | Chatterbox (Field-Tested),2018-10-01,12.178,4,Galil AR | Chatterbox (Field-Tested),-0.03192061242466183,-3.192061242466183,0.03192061242466183,False,11.44457142857143,220.57715964447402,4.214285714285714
Oct 02 2018 01: +0,12.322,2,Galil AR | Chatterbox (Field-Tested),2018-10-02,12.322,2,Galil AR | Chatterbox (Field-Tested),0.011755237405996575,1.1755237405996575,0.011755237405996575,False,11.5355,219.20107032547654,4.0
Oct 03 2018 01: +0,13.056,2,Galil AR | Chatterbox (Field-Tested),2018-10-03,13.056,2,Galil AR | Chatterbox (Field-Tested),0.057861515629372175,5.786151562937217,0.057861515629372175,True,11.668357142857143,220.18279942024884,3.9285714285714284
Oct 05 2018 01: +0,13.427,4,Galil AR | Chatterbox (Field-Tested),2018-10-05,13.427,4,Galil AR | Chatterbox (Field-Tested),0.028019806868819986,2.8019806868819987,0.028019806868819986,False,11.8665,204.55933405650904,3.5714285714285716
Oct 06 2018 01: +0,12.883,3,Galil AR | Chatterbox (Field-Tested),2018-10-06,12.883,3,Galil AR | Chatterbox (Field-Tested),-0.041358992281183456,-4.135899228118346,0.041358992281183456,False,12.028214285714286,191.0598594890081,3.2857142857142856
Oct 07 2018 01: +0,12.451,2,Galil AR | Chatterbox (Field-Tested),2018-10-07,12.451,2,Galil AR | Chatterbox (Field-Tested),-0.03410767183911211,-3.410767183911211,0.03410767183911211,False,12.087714285714286,188.12448783934798,3.0
Oct 08 2018 01: +0,13.387,6,Galil AR | Chatterbox (Field-Tested),2018-10-08,13.387,6,Galil AR | Chatterbox (Field-Tested),0.07248314583348524,7.248314583348524,0.07248314583348524,True,12.2505,180.8971386532122,3.2857142857142856
Oct 10 2018 01: +0,11.805,1,Galil AR | Chatterbox (Field-Tested),2018-10-10,11.805,1,Galil AR | Chatterbox (Field-Tested),-0.1257609162662845,-12.57609162662845,0.1257609162662845,True,12.484785714285715,185.7712312179158,3.2857142857142856
Oct 11 2018 01: +0,12.699,3,Galil AR | Chatterbox (Field-Tested),2018-10-11,12.699,3,Galil AR | Chatterbox (Field-Tested),0.07300007966942008,7.300007966942008,0.07300007966942008,True,12.591928571428573,185.7667512284851,3.2142857142857144
Oct 12 2018 01: +0,13.335,2,Galil AR | Chatterbox (Field-Tested),2018-10-12,13.335,2,Galil AR | Chatterbox (Field-Tested),0.04886890742708135,4.886890742708135,0.04886890742708135,False,12.748857142857144,185.70333220258476,3.0714285714285716
Oct 13 2018 01: +0,14.765,1,Galil AR | Chatterbox (Field-Tested),2018-10-13,14.765,1,Galil AR | Chatterbox (Field-Tested),0.10186735756190844,10.186735756190844,0.10186735756190844,True,12.952785714285715,188.23585367691527,2.857142857142857
Oct 14 2018 01: +0,14.705,3,Galil AR | Chatterbox (Field-Tested),2018-10-14,14.705,3,Galil AR | Chatterbox (Field-Tested),-0.004071943189927699,-0.4071943189927699,0.004071943189927699,False,13.155071428571429,187.69303841007957,2.7142857142857144
Oct 15 2018 01: +0,13.328,3,Galil AR | Chatterbox (Field-Tested),2018-10-15,13.328,3,Galil AR | Chatterbox (Field-Tested),-0.09832048658147148,-9.832048658147148,0.09832048658147148,True,13.065285714285716,190.12016987911562,2.7857142857142856
Oct 16 2018 01: +0,14.703,4,Galil AR | Chatterbox (Field-Tested),2018-10-16,14.703,4,Galil AR | Chatterbox (Field-Tested),0.09818446917103328,9.818446917103328,0.09818446917103328,True,13.217428571428572,192.7264578939386,2.857142857142857
Oct 17 2018 01: +0,15.271,1,Galil AR | Chatterbox (Field-Tested),2018-10-17,15.271,1,Galil AR | Chatterbox (Field-Tested),0.037904050375524405,3.7904050375524405,0.037904050375524405,False,13.438357142857145,192.84537404293735,2.642857142857143
Oct 18 2018 01: +0,15.268,1,Galil AR | Chatterbox (Field-Tested),2018-10-18,15.268,1,Galil AR | Chatterbox (Field-Tested),-0.00019647008806121334,-0.019647008806121333,0.00019647008806121334,False,13.648785714285717,191.73686418282745,2.5714285714285716
Oct 19 2018 01: +0,14.691,2,Galil AR | Chatterbox (Field-Tested),2018-10-19,14.691,2,Galil AR | Chatterbox (Field-Tested),-0.03852407349469326,-3.852407349469326,0.03852407349469326,False,13.76557142857143,192.0608341724507,2.5714285714285716
Oct 20 2018 01: +0,14.939,2,Galil AR | Chatterbox (Field-Tested),2018-10-20,14.939,2,Galil AR | Chatterbox (Field-Tested),0.016740181671890102,1.6740181671890102,0.016740181671890102,False,13.873571428571429,192.0164601205444,2.4285714285714284
Oct 21 2018 01: +0,14.088,4,Galil AR | Chatterbox (Field-Tested),2018-10-21,14.088,4,Galil AR | Chatterbox (Field-Tested),-0.05865187186627526,-5.8651871866275265,0.05865187186627526,True,13.959642857142859,193.49814772588763,2.5
Oct 22 2018 01: +0,14.224,3,Galil AR | Chatterbox (Field-Tested),2018-10-22,14.224,3,Galil AR | Chatterbox (Field-Tested),0.009607307577643866,0.9607307577643865,0.009607307577643866,False,14.086285714285713,192.38746887101104,2.5714285714285716
Oct 23 2018 01: +0,14.594,2,Galil AR | Chatterbox (Field-Tested),2018-10-23,14.594,2,Galil AR | Chatterbox (Field-Tested),0.02567980657187946,2.567980657187946,0.02567980657187946,False,14.172500000000001,192.40870112754024,2.2857142857142856
Oct 24 2018 01: +0,14.516,2,Galil AR | Chatterbox (Field-Tested),2018-10-24,14.516,2,Galil AR | Chatterbox (Field-Tested),-0.005358995992604399,-0.5358995992604398,0.005358995992604399,False,14.366142857142858,190.32435560693014,2.357142857142857
Oct 25 2018 01: +0,12.586,3,Galil AR | Chatterbox (Field-Tested),2018-10-25,12.586,3,Galil AR | Chatterbox (Field-Tested),-0.142666404246082,-14.266640424608202,0.142666404246082,True,14.35807142857143,196.65728680798705,2.357142857142857
Oct 26 2018 01: +0,15.376,2,Galil AR | Chatterbox (Field-Tested),2018-10-26,15.376,2,Galil AR | Chatterbox (Field-Tested),0.2002227671231947,20.02227671231947,0.2002227671231947,True,14.503857142857143,183.05638551291864,2.357142857142857
Oct 27 2018 01: +0,17.663,2,Galil AR | Chatterbox (Field-Tested),2018-10-27,17.663,2,Galil AR | Chatterbox (Field-Tested),0.1386642039453698,13.866420394536979,0.1386642039453698,True,14.710857142857146,164.77258043136575,2.4285714285714284
Oct 28 2018 01: +0,14.221,6,Galil AR | Chatterbox (Field-Tested),2018-10-28,14.221,6,Galil AR | Chatterbox (Field-Tested),-0.21675231078274712,-21.675231078274713,0.21675231078274712,True,14.676285714285715,183.52101702243823,2.642857142857143
Oct 29 2018 01: +0,14.208,3,Galil AR | Chatterbox (Field-Tested),2018-10-29,14.208,3,Galil AR | Chatterbox (Field-Tested),-0.0009145591407449834,-0.09145591407449834,0.0009145591407449834,False,14.739142857142857,182.30395097363444,2.642857142857143
Oct 30 2018 01: +0,13.547,2,Galil AR | Chatterbox (Field-Tested),2018-10-30,13.547,2,Galil AR | Chatterbox (Field-Tested),-0.04764006565121492,-4.764006565121492,0.04764006565121492,False,14.656571428571429,183.23963928675212,2.5
Oct 31 2018 01: +0,13.624,4,Galil AR | Chatterbox (Field-Tested),2018-10-31,13.624,4,Galil AR | Chatterbox (Field-Tested),0.005667822761787726,0.5667822761787726,0.005667822761787726,False,14.538928571428572,168.24798882588647,2.7142857142857144
Nov 01 2018 01: +0,14.203,2,Galil AR | Chatterbox (Field-Tested),2018-11-01,14.203,2,Galil AR | Chatterbox (Field-Tested),0.04162026653860381,4.162026653860381,0.04162026653860381,False,14.462857142857144,160.34084153944147,2.7857142857142856
Nov 02 2018 01: +0,13.808,3,Galil AR | Chatterbox (Field-Tested),2018-11-02,13.808,3,Galil AR | Chatterbox (Field-Tested),-0.028205075557918884,-2.8205075557918886,0.028205075557918884,False,14.399785714285715,160.2410983974575,2.857142857142857
Nov 03 2018 01: +0,13.084,5,Galil AR | Chatterbox (Field-Tested),2018-11-03,13.084,5,Galil AR | Chatterbox (Field-Tested),-0.05385802466493461,-5.385802466493461,0.05385802466493461,True,14.267285714285716,161.48065008459395,3.0714285714285716
Nov 04 2018 01: +0,12.562,2,Galil AR | Chatterbox (Field-Tested),2018-11-04,12.562,2,Galil AR | Chatterbox (Field-Tested),-0.040713725643948456,-4.071372564394846,0.040713725643948456,False,14.158285714285714,160.84810649260953,2.9285714285714284
Nov 07 2018 01: +0,12.361,2,Galil AR | Chatterbox (Field-Tested),2018-11-07,12.361,2,Galil AR | Chatterbox (Field-Tested),-0.016130029126502795,-1.6130029126502794,0.016130029126502795,False,14.025214285714286,160.57265574639138,2.857142857142857
Nov 08 2018 01: +0,13.254,1,Galil AR | Chatterbox (Field-Tested),2018-11-08,13.254,1,Galil AR | Chatterbox (Field-Tested),0.06975303876034888,6.975303876034888,0.06975303876034888,True,13.9295,161.88264029111082,2.7857142857142856
Nov 09 2018 01: +0,13.377,1,Galil AR | Chatterbox (Field-Tested),2018-11-09,13.377,1,Galil AR | Chatterbox (Field-Tested),0.009237420647414202,0.9237420647414202,0.009237420647414202,False,13.848142857142859,161.40663386303277,2.7142857142857144
Nov 10 2018 01: +0,16.407,5,Galil AR | Chatterbox (Field-Tested),2018-11-10,16.407,5,Galil AR | Chatterbox (Field-Tested),0.20417125871929606,20.417125871929606,0.20417125871929606,True,14.12107142857143,174.60097051194305,2.857142857142857
Nov 11 2018 01: +0,15.51,4,Galil AR | Chatterbox (Field-Tested),2018-11-11,15.51,4,Galil AR | Chatterbox (Field-Tested),-0.056223095844297966,-5.622309584429797,0.056223095844297966,True,14.130642857142858,169.56934509549498,3.0
Nov 12 2018 01: +0,14.382,5,Galil AR | Chatterbox (Field-Tested),2018-11-12,14.382,5,Galil AR | Chatterbox (Field-Tested),-0.07550755250814517,-7.550755250814517,0.07550755250814517,True,13.896285714285716,170.43544497153158,3.2142857142857144
Nov 13 2018 01: +0,15.231,1,Galil AR | Chatterbox (Field-Tested),2018-11-13,15.231,1,Galil AR | Chatterbox (Field-Tested),0.05735539995306465,5.735539995306465,0.05735539995306465,True,13.968428571428573,170.7411422504279,2.857142857142857
Nov 14 2018 01: +0,13.411,2,Galil AR | Chatterbox (Field-Tested),2018-11-14,13.411,2,Galil AR | Chatterbox (Field-Tested),-0.12725755890456386,-12.725755890456385,0.12725755890456386,True,13.911500000000002,172.9742079703465,2.7857142857142856
Nov 15 2018 01: +0,14.36,3,Galil AR | Chatterbox (Field-Tested),2018-11-15,14.36,3,Galil AR | Chatterbox (Field-Tested),0.06837129789127504,6.837129789127504,0.06837129789127504,True,13.96957142857143,174.76497819002952,2.857142857142857
Nov 16 2018 01: +0,14.034,4,Galil AR | Chatterbox (Field-Tested),2018-11-16,14.034,4,Galil AR | Chatterbox (Field-Tested),-0.02296360678998107,-2.296360678998107,0.02296360678998107,False,13.998857142857144,171.41661845616707,2.857142857142857
Nov 17 2018 01: +0,14.409,3,Galil AR | Chatterbox (Field-Tested),2018-11-17,14.409,3,Galil AR | Chatterbox (Field-Tested),0.026370054520700046,2.637005452070005,0.026370054520700046,False,14.013571428571428,168.12885088946496,2.9285714285714284
Nov 18 2018 01: +0,15.111,3,Galil AR | Chatterbox (Field-Tested),2018-11-18,15.111,3,Galil AR | Chatterbox (Field-Tested),0.04756994408082603,4.756994408082603,0.04756994408082603,False,14.106642857142857,168.44150844374792,2.9285714285714284
Nov 19 2018 01: +0,15.169,2,Galil AR | Chatterbox (Field-Tested),2018-11-19,15.169,2,Galil AR | Chatterbox (Field-Tested),0.003830916177912052,0.3830916177912052,0.003830916177912052,False,14.255571428571429,168.44783148249664,2.7142857142857144
Nov 20 2018 01: +0,11.879,1,Galil AR | Chatterbox (Field-Tested),2018-11-20,11.879,1,Galil AR | Chatterbox (Field-Tested),-0.24448173630213277,-24.448173630213276,0.24448173630213277,True,14.206785714285715,188.47179213441188,2.642857142857143
Nov 21 2018 01: +0,12.84,2,Galil AR | Chatterbox (Field-Tested),2018-11-21,12.84,2,Galil AR | Chatterbox (Field-Tested),0.07779316295441265,7.779316295441265,0.07779316295441265,True,14.241,190.633779199094,2.642857142857143
Nov 22 2018 01: +0,12.762,4,Galil AR | Chatterbox (Field-Tested),2018-11-22,12.762,4,Galil AR | Chatterbox (Field-Tested),-0.006093292815659938,-0.6093292815659939,0.006093292815659938,False,14.205857142857143,189.6526396052935,2.857142857142857
Nov 23 2018 01: +0,11.726,1,Galil AR | Chatterbox (Field-Tested),2018-11-23,11.726,1,Galil AR | Chatterbox (Field-Tested),-0.08466340690413178,-8.466340690413178,0.08466340690413178,True,14.087928571428572,191.6851476522234,2.857142857142857
Nov 24 2018 01: +0,12.411,2,Galil AR | Chatterbox (Field-Tested),2018-11-24,12.411,2,Galil AR | Chatterbox (Field-Tested),0.056774577605360727,5.677457760536073,0.056774577605360727,True,13.8025,192.64533384867323,2.642857142857143
Nov 25 2018 01: +0,12.798,1,Galil AR | Chatterbox (Field-Tested),2018-11-25,12.798,1,Galil AR | Chatterbox (Field-Tested),0.03070573256988442,3.070573256988442,0.03070573256988442,False,13.608785714285714,193.05660490896457,2.4285714285714284
Nov 26 2018 01: +0,13.289,3,Galil AR | Chatterbox (Field-Tested),2018-11-26,13.289,3,Galil AR | Chatterbox (Field-Tested),0.03764771663210217,3.7647716632102166,0.03764771663210217,False,13.530714285714287,186.92687680345924,2.2857142857142856
Nov 27 2018 01: +0,12.688,5,Galil AR | Chatterbox (Field-Tested),2018-11-27,12.688,5,Galil AR | Chatterbox (Field-Tested),-0.04627996045687847,-4.627996045687847,0.04627996045687847,False,13.34907142857143,173.2715194938266,2.5714285714285716
Nov 29 2018 01: +0,12.675,5,Galil AR | Chatterbox (Field-Tested),2018-11-29,12.675,5,Galil AR | Chatterbox (Field-Tested),-0.001025115415245297,-0.1025115415245297,0.001025115415245297,False,13.2965,165.21506906292691,2.7857142857142856
Nov 30 2018 01: +0,12.454,6,Galil AR | Chatterbox (Field-Tested),2018-11-30,12.454,6,Galil AR | Chatterbox (Field-Tested),-0.01758969302698666,-1.758969302698666,0.01758969302698666,False,13.160357142857142,147.6817522118794,3.0
Dec 01 2018 01: +0,12.271,3,Galil AR | Chatterbox (Field-Tested),2018-12-01,12.271,3,Galil AR | Chatterbox (Field-Tested),-0.014803101455849496,-1.4803101455849497,0.014803101455849496,False,13.034428571428574,147.71968058471384,2.9285714285714284
Dec 02 2018 01: +0,12.235,4,Galil AR | Chatterbox (Field-Tested),2018-12-02,12.235,4,Galil AR | Chatterbox (Field-Tested),-0.0029380580997758507,-0.29380580997758504,0.0029380580997758507,False,12.879142857142856,146.9119751015518,3.0
Dec 03 2018 01: +0,11.481,5,Galil AR | Chatterbox (Field-Tested),2018-12-03,11.481,5,Galil AR | Chatterbox (Field-Tested),-0.06360720178296002,-6.360720178296002,0.06360720178296002,True,12.619857142857144,148.35417968763483,3.142857142857143
Dec 05 2018 01: +0,11.834,2,Galil AR | Chatterbox (Field-Tested),2018-12-05,11.834,2,Galil AR | Chatterbox (Field-Tested),0.030283249142827484,3.0283249142827486,0.030283249142827484,False,12.38164285714286,147.95115516188744,3.142857142857143
Dec 06 2018 01: +0,12.529,3,Galil AR | Chatterbox (Field-Tested),2018-12-06,12.529,3,Galil AR | Chatterbox (Field-Tested),0.05706921300891334,5.706921300891334,0.05706921300891334,True,12.42807142857143,149.3298198547646,3.2857142857142856
Dec 07 2018 01: +0,10.747,1,Galil AR | Chatterbox (Field-Tested),2018-12-07,10.747,1,Galil AR | Chatterbox (Field-Tested),-0.15341931140439946,-15.341931140439947,0.15341931140439946,True,12.278571428571428,157.397572668385,3.2142857142857144
Dec 08 2018 01: +0,10.505,3,Galil AR | Chatterbox (Field-Tested),2018-12-08,10.505,3,Galil AR | Chatterbox (Field-Tested),-0.022775311562052442,-2.277531156205244,0.022775311562052442,False,12.117357142857143,157.03158555767573,3.142857142857143
Dec 09 2018 01: +0,10.791,3,Galil AR | Chatterbox (Field-Tested),2018-12-09,10.791,3,Galil AR | Chatterbox (Field-Tested),0.026861119084632887,2.6861119084632885,0.026861119084632887,False,12.05057142857143,157.39675288537796,3.2857142857142856
Dec 10 2018 01: +0,10.992,3,Galil AR | Chatterbox (Field-Tested),2018-12-10,10.992,3,Galil AR | Chatterbox (Field-Tested),0.01845528209839705,1.845528209839705,0.01845528209839705,False,11.949214285714287,155.35352904139282,3.357142857142857
Dec 11 2018 01: +0,11.405,3,Galil AR | Chatterbox (Field-Tested),2018-12-11,11.405,3,Galil AR | Chatterbox (Field-Tested),0.03688412025635767,3.688412025635767,0.03688412025635767,False,11.849714285714287,155.9981105318097,3.5
Dec 12 2018 01: +0,11.733,4,Galil AR | Chatterbox (Field-Tested),2018-12-12,11.733,4,Galil AR | Chatterbox (Field-Tested),0.02835352870513555,2.835352870513555,0.02835352870513555,False,11.738571428571431,137.20405088445608,3.5714285714285716
Dec 13 2018 01: +0,12.13,2,Galil AR | Chatterbox (Field-Tested),2018-12-13,12.13,2,Galil AR | Chatterbox (Field-Tested),0.03327633851447195,3.3276338514471946,0.03327633851447195,False,11.698714285714287,137.05715277662708,3.357142857142857
Dec 14 2018 01: +0,11.482,2,Galil AR | Chatterbox (Field-Tested),2018-12-14,11.482,2,Galil AR | Chatterbox (Field-Tested),-0.054901131210513834,-5.490113121051383,0.054901131210513834,True,11.613500000000002,135.9674905956772,3.142857142857143
Dec 15 2018 01: +0,11.468,4,Galil AR | Chatterbox (Field-Tested),2018-12-15,11.468,4,Galil AR | Chatterbox (Field-Tested),-0.0012200437243215525,-0.12200437243215524,0.0012200437243215525,False,11.543071428571428,133.97099237154174,3.0
Dec 16 2018 01: +0,12.506,6,Galil AR | Chatterbox (Field-Tested),2018-12-16,12.506,6,Galil AR | Chatterbox (Field-Tested),0.0866479811239827,8.66479811239827,0.0866479811239827,True,11.559857142857142,131.04302453498954,3.2142857142857144
Dec 17 2018 01: +0,13.692,5,Galil AR | Chatterbox (Field-Tested),2018-12-17,13.692,5,Galil AR | Chatterbox (Field-Tested),0.09060319152283278,9.060319152283277,0.09060319152283278,True,11.663928571428572,132.7707372197138,3.2857142857142856
Dec 18 2018 01: +0,16.374,2,Galil AR | Chatterbox (Field-Tested),2018-12-18,16.374,2,Galil AR | Chatterbox (Field-Tested),0.17888299028631735,17.888299028631735,0.17888299028631735,True,12.013428571428573,146.6251065312463,3.0714285714285716
Dec 19 2018 01: +0,19.299,2,Galil AR | Chatterbox (Field-Tested),2018-12-19,19.299,2,Galil AR | Chatterbox (Field-Tested),0.16435857014271654,16.435857014271654,0.16435857014271654,True,12.546642857142858,156.69387168149774,3.0714285714285716
Dec 20 2018 01: +0,14.42,4,Galil AR | Chatterbox (Field-Tested),2018-12-20,14.42,4,Galil AR | Chatterbox (Field-Tested),-0.29143714924017,-29.143714924017,0.29143714924017,True,12.681714285714287,187.90248552227476,3.142857142857143
Dec 21 2018 01: +0,14.243,3,Galil AR | Chatterbox (Field-Tested),2018-12-21,14.243,3,Galil AR | Chatterbox (Field-Tested),-0.0123505739043539,-1.2350573904353899,0.0123505739043539,False,12.931428571428572,187.9288209630806,3.2857142857142856
Dec 22 2018 01: +0,12.708,5,Galil AR | Chatterbox (Field-Tested),2018-12-22,12.708,5,Galil AR | Chatterbox (Field-Tested),-0.11403384154517945,-11.403384154517946,0.11403384154517945,True,13.088785714285716,171.54744974063746,3.4285714285714284
Dec 23 2018 01: +0,12.714,6,Galil AR | Chatterbox (Field-Tested),2018-12-23,12.714,6,Galil AR | Chatterbox (Field-Tested),0.0004720321069474027,0.04720321069474027,0.0004720321069474027,False,13.22614285714286,169.3680929077843,3.642857142857143
Dec 24 2018 01: +0,12.595,2,Galil AR | Chatterbox (Field-Tested),2018-12-24,12.595,2,Galil AR | Chatterbox (Field-Tested),-0.00940383870964349,-0.940383870964349,0.00940383870964349,False,13.340642857142859,169.38621018979848,3.5714285714285716
Dec 25 2018 01: +0,12.125,3,Galil AR | Chatterbox (Field-Tested),2018-12-25,12.125,3,Galil AR | Chatterbox (Field-Tested),-0.0380304729810267,-3.80304729810267,0.0380304729810267,False,13.39207142857143,167.23513234790943,3.5714285714285716
Dec 26 2018 01: +0,12.61,5,Galil AR | Chatterbox (Field-Tested),2018-12-26,12.61,5,Galil AR | Chatterbox (Field-Tested),0.03922071315328133,3.922071315328133,0.03922071315328133,False,13.454714285714287,166.6107334693063,3.642857142857143
Dec 27 2018 01: +0,13.313,3,Galil AR | Chatterbox (Field-Tested),2018-12-27,13.313,3,Galil AR | Chatterbox (Field-Tested),0.05425085147295195,5.425085147295195,0.05425085147295195,True,13.539214285714289,167.34823448835445,3.7142857142857144
Dec 29 2018 01: +0,11.886,3,Galil AR | Chatterbox (Field-Tested),2018-12-29,11.886,3,Galil AR | Chatterbox (Field-Tested),-0.11337976450531137,-11.337976450531137,0.11337976450531137,True,13.56807142857143,171.4622270945329,3.7857142857142856
Dec 31 2018 01: +0,11.908,3,Galil AR | Chatterbox (Field-Tested),2018-12-31,11.908,3,Galil AR | Chatterbox (Field-Tested),0.0018492062090611492,0.1849206209061149,0.0018492062090611492,False,13.5995,170.7790693798617,3.7142857142857144
Jan 01 2019 01: +0,11.674,5,Galil AR | Chatterbox (Field-Tested),2019-01-01,11.674,5,Galil AR | Chatterbox (Field-Tested),-0.019846296371930656,-1.9846296371930656,0.019846296371930656,False,13.540071428571428,170.89010022864719,3.642857142857143
Jan 02 2019 01: +0,12.787,9,Galil AR | Chatterbox (Field-Tested),2019-01-02,12.787,9,Galil AR | Chatterbox (Field-Tested),0.09106488304743209,9.106488304743209,0.09106488304743209,True,13.475428571428575,173.87843036845908,3.9285714285714284
Jan 03 2019 01: +0,13.216,5,Galil AR | Chatterbox (Field-Tested),2019-01-03,13.216,5,Galil AR | Chatterbox (Field-Tested),0.03299918694959102,3.2999186949591017,0.03299918694959102,False,13.249857142857142,174.13504694973102,4.142857142857143
Jan 04 2019 01: +0,12.298,7,Galil AR | Chatterbox (Field-Tested),2019-01-04,12.298,7,Galil AR | Chatterbox (Field-Tested),-0.07199156924734422,-7.199156924734422,0.07199156924734422,True,12.749785714285716,176.0602892012977,4.5
Jan 05 2019 01: +0,13.159,4,Galil AR | Chatterbox (Field-Tested),2019-01-05,13.159,4,Galil AR | Chatterbox (Field-Tested),0.06766928763672561,6.766928763672561,0.06766928763672561,True,12.659714285714287,176.02949559574955,4.5
Jan 06 2019 01: +0,18.008,1,Galil AR | Chatterbox (Field-Tested),2019-01-06,18.008,1,Galil AR | Chatterbox (Field-Tested),0.31371016843642746,31.371016843642746,0.31371016843642746,True,12.928642857142858,206.38828298752355,4.357142857142857
Jan 07 2019 01: +0,13.059,4,Galil AR | Chatterbox (Field-Tested),2019-01-07,13.059,4,Galil AR | Chatterbox (Field-Tested),-0.321338552366161,-32.1338552366161,0.321338552366161,True,12.953714285714286,236.46316647220638,4.285714285714286
Jan 08 2019 01: +0,13.543,4,Galil AR | Chatterbox (Field-Tested),2019-01-08,13.543,4,Galil AR | Chatterbox (Field-Tested),0.03639225743496413,3.639225743496413,0.03639225743496413,False,13.012928571428573,230.00413713472562,4.142857142857143
Jan 10 2019 01: +0,12.423,3,Galil AR | Chatterbox (Field-Tested),2019-01-10,12.423,3,Galil AR | Chatterbox (Field-Tested),-0.08632021544169431,-8.632021544169431,0.08632021544169431,True,13.000642857142859,232.12236820287387,4.214285714285714
Jan 11 2019 01: +0,12.496,5,Galil AR | Chatterbox (Field-Tested),2019-01-11,12.496,5,Galil AR | Chatterbox (Field-Tested),0.005858999865790335,0.5858999865790335,0.005858999865790335,False,13.02714285714286,231.99569922605016,4.357142857142857
Jan 12 2019 01: +0,12.82,3,Galil AR | Chatterbox (Field-Tested),2019-01-12,12.82,3,Galil AR | Chatterbox (Field-Tested),0.025597858395193827,2.5597858395193827,0.025597858395193827,False,13.042142857142858,232.06163298734586,4.214285714285714
Jan 13 2019 01: +0,15.784,3,Galil AR | Chatterbox (Field-Tested),2019-01-13,15.784,3,Galil AR | Chatterbox (Field-Tested),0.20799031722779018,20.79903172277902,0.20799031722779018,True,13.218642857142857,242.45095218000614,4.214285714285714
Jan 14 2019 01: +0,15.064,4,Galil AR | Chatterbox (Field-Tested),2019-01-14,15.064,4,Galil AR | Chatterbox (Field-Tested),-0.04668897736546301,-4.668897736546301,0.04668897736546301,False,13.44564285714286,243.18022907659343,4.285714285714286
Jan 15 2019 01: +0,13.462,1,Galil AR | Chatterbox (Field-Tested),2019-01-15,13.462,1,Galil AR | Chatterbox (Field-Tested),-0.11243688976632991,-11.243688976632992,0.11243688976632991,True,13.556642857142858,246.58644578454303,4.142857142857143
Jan 16 2019 01: +0,12.401,5,Galil AR | Chatterbox (Field-Tested),2019-01-16,12.401,5,Galil AR | Chatterbox (Field-Tested),-0.08209378706788607,-8.209378706788607,0.08209378706788607,True,13.608571428571432,247.57708707309231,4.142857142857143
Jan 17 2019 01: +0,12.655,4,Galil AR | Chatterbox (Field-Tested),2019-01-17,12.655,4,Galil AR | Chatterbox (Field-Tested),0.020275279476452055,2.0275279476452055,0.020275279476452055,False,13.599142857142857,247.64923004685508,3.7857142857142856
Jan 18 2019 01: +0,12.982,1,Galil AR | Chatterbox (Field-Tested),2019-01-18,12.982,1,Galil AR | Chatterbox (Field-Tested),0.025511388614189397,2.5511388614189396,0.025511388614189397,False,13.58242857142857,245.97142814833407,3.5
Jan 20 2019 01: +0,12.83,3,Galil AR | Chatterbox (Field-Tested),2019-01-20,12.83,3,Galil AR | Chatterbox (Field-Tested),-0.011777603983731675,-1.1777603983731675,0.011777603983731675,False,13.620428571428572,243.87357974538187,3.2142857142857144
Jan 21 2019 01: +0,12.85,2,Galil AR | Chatterbox (Field-Tested),2019-01-21,12.85,2,Galil AR | Chatterbox (Field-Tested),0.0015576327136836792,0.15576327136836793,0.0015576327136836792,False,13.598357142857143,234.98612557270002,3.0714285714285716
Jan 22 2019 01: +0,9.868,1,Galil AR | Chatterbox (Field-Tested),2019-01-22,9.868,1,Galil AR | Chatterbox (Field-Tested),-0.26404661267411844,-26.404661267411843,0.26404661267411844,True,13.01692857142857,242.80135556404318,3.0714285714285716
Jan 23 2019 01: +0,12.786,3,Galil AR | Chatterbox (Field-Tested),2019-01-23,12.786,3,Galil AR | Chatterbox (Field-Tested),0.2590536236774247,25.90536236774247,0.2590536236774247,True,12.997428571428571,241.94144775007666,3.0
Jan 24 2019 01: +0,12.718,2,Galil AR | Chatterbox (Field-Tested),2019-01-24,12.718,2,Galil AR | Chatterbox (Field-Tested),-0.005332509499319022,-0.5332509499319021,0.005332509499319022,False,12.938500000000001,241.92337625696766,2.857142857142857
Jan 25 2019 01: +0,16.933,4,Galil AR | Chatterbox (Field-Tested),2019-01-25,16.933,4,Galil AR | Chatterbox (Field-Tested),0.2862460678379875,28.62460678379875,0.2862460678379875,True,13.260642857142857,258.6718729821494,2.9285714285714284
Jan 26 2019 01: +0,11.492,4,Galil AR | Chatterbox (Field-Tested),2019-01-26,11.492,4,Galil AR | Chatterbox (Field-Tested),-0.38761323956616034,-38.76132395661603,0.38761323956616034,True,13.188928571428573,293.4688081168792,2.857142857142857
Jan 27 2019 01: +0,12.977,4,Galil AR | Chatterbox (Field-Tested),2019-01-27,12.977,4,Galil AR | Chatterbox (Field-Tested),0.12152741863805039,12.152741863805039,0.12152741863805039,True,13.20014285714286,296.66606412558787,2.9285714285714284
Jan 28 2019 01: +0,13.132,4,Galil AR | Chatterbox (Field-Tested),2019-01-28,13.132,4,Galil AR | Chatterbox (Field-Tested),0.011873439884252613,1.1873439884252612,0.011873439884252613,False,13.010714285714286,296.350302153465,3.0
Jan 29 2019 01: +0,13.279,5,Galil AR | Chatterbox (Field-Tested),2019-01-29,13.279,5,Galil AR | Chatterbox (Field-Tested),0.011131840368844199,1.11318403688442,0.011131840368844199,False,12.883214285714287,296.0759745689918,3.0714285714285716
Jan 30 2019 01: +0,15.521,5,Galil AR | Chatterbox (Field-Tested),2019-01-30,15.521,5,Galil AR | Chatterbox (Field-Tested),0.15601010566085702,15.601010566085701,0.15601010566085702,True,13.030285714285716,300.4435819047688,3.357142857142857
Jan 31 2019 01: +0,15.741,6,Galil AR | Chatterbox (Field-Tested),2019-01-31,15.741,6,Galil AR | Chatterbox (Field-Tested),0.014074827703636937,1.4074827703636936,0.014074827703636937,False,13.268857142857144,297.39042245810094,3.4285714285714284
Feb 01 2019 01: +0,15.359,1,Galil AR | Chatterbox (Field-Tested),2019-02-01,15.359,1,Galil AR | Chatterbox (Field-Tested),-0.024567151939193146,-2.4567151939193144,0.024567151939193146,False,13.462000000000002,297.61709151219435,3.2142857142857144
Feb 02 2019 01: +0,14.66,4,Galil AR | Chatterbox (Field-Tested),2019-02-02,14.66,4,Galil AR | Chatterbox (Field-Tested),-0.0465789249749858,-4.6578924974985805,0.0465789249749858,False,13.581857142857144,298.0830678684514,3.4285714285714284
Feb 03 2019 01: +0,16.039,1,Galil AR | Chatterbox (Field-Tested),2019-02-03,16.039,1,Galil AR | Chatterbox (Field-Tested),0.08990055989673565,8.990055989673564,0.08990055989673565,True,13.811071428571429,298.04230463547475,3.2857142857142856
Feb 04 2019 01: +0,12.821,3,Galil AR | Chatterbox (Field-Tested),2019-02-04,12.821,3,Galil AR | Chatterbox (Field-Tested),-0.22393880478467734,-22.393880478467736,0.22393880478467734,True,13.809000000000001,308.57011066037296,3.357142857142857
Feb 05 2019 01: +0,13.839,1,Galil AR | Chatterbox (Field-Tested),2019-02-05,13.839,1,Galil AR | Chatterbox (Field-Tested),0.0764062416732297,7.64062416732297,0.0764062416732297,True,14.09264285714286,308.61523214231295,3.357142857142857
Feb 06 2019 01: +0,15.347,2,Galil AR | Chatterbox (Field-Tested),2019-02-06,15.347,2,Galil AR | Chatterbox (Field-Tested),0.10342932194916454,10.342932194916454,0.10342932194916454,True,14.275571428571428,309.79454455064933,3.2857142857142856
Feb 07 2019 01: +0,13.723,2,Galil AR | Chatterbox (Field-Tested),2019-02-07,13.723,2,Galil AR | Chatterbox (Field-Tested),-0.11184675790546161,-11.184675790546162,0.11184675790546161,True,14.347357142857145,291.4618496777293,3.2857142857142856
Feb 08 2019 01: +0,14.786,2,Galil AR | Chatterbox (Field-Tested),2019-02-08,14.786,2,Galil AR | Chatterbox (Field-Tested),0.07460752984741201,7.460752984741201,0.07460752984741201,True,14.194,269.9988066370139,3.142857142857143
Feb 10 2019 01: +0,13.103,3,Galil AR | Chatterbox (Field-Tested),2019-02-10,13.103,3,Galil AR | Chatterbox (Field-Tested),-0.12083957551246004,-12.083957551246003,0.12083957551246004,True,14.309071428571428,273.1861475612814,3.0714285714285716
Feb 11 2019 01: +0,12.567,1,Galil AR | Chatterbox (Field-Tested),2019-02-11,12.567,1,Galil AR | Chatterbox (Field-Tested),-0.04176688098944063,-4.176688098944063,0.04176688098944063,False,14.279785714285714,271.8757670734803,2.857142857142857
Feb 12 2019 01: +0,14.164,1,Galil AR | Chatterbox (Field-Tested),2019-02-12,14.164,1,Galil AR | Chatterbox (Field-Tested),0.11962920361664983,11.962920361664983,0.11962920361664983,True,14.3535,275.0418822474285,2.642857142857143
Feb 14 2019 01: +0,13.491,2,Galil AR | Chatterbox (Field-Tested),2019-02-14,13.491,2,Galil AR | Chatterbox (Field-Tested),-0.048680737792977255,-4.868073779297726,0.048680737792977255,False,14.368642857142857,275.53362623331657,2.4285714285714284
Feb 15 2019 01: +0,13.082,3,Galil AR | Chatterbox (Field-Tested),2019-02-15,13.082,3,Galil AR | Chatterbox (Field-Tested),-0.030785556917658937,-3.0785556917658936,0.030785556917658937,False,14.194428571428572,265.4360402627537,2.2857142857142856
Feb 16 2019 01: +0,14.283,1,Galil AR | Chatterbox (Field-Tested),2019-02-16,14.283,1,Galil AR | Chatterbox (Field-Tested),0.08783277934147032,8.783277934147032,0.08783277934147032,True,14.090285714285715,266.9998449491268,1.9285714285714286
Feb 17 2019 01: +0,13.778,1,Galil AR | Chatterbox (Field-Tested),2019-02-17,13.778,1,Galil AR | Chatterbox (Field-Tested),-0.035996901709487175,-3.5996901709487177,0.035996901709487175,False,13.977357142857144,264.33025474098184,1.9285714285714286
Feb 18 2019 01: +0,12.89,2,Galil AR | Chatterbox (Field-Tested),2019-02-18,12.89,2,Galil AR | Chatterbox (Field-Tested),-0.0666213002199081,-6.66213002199081,0.0666213002199081,True,13.850928571428573,263.7742582077545,1.7857142857142858
Feb 19 2019 01: +0,12.911,3,Galil AR | Chatterbox (Field-Tested),2019-02-19,12.911,3,Galil AR | Chatterbox (Field-Tested),0.0016278442414855558,0.16278442414855557,0.0016278442414855558,False,13.627500000000001,263.6855039950186,1.9285714285714286
Feb 20 2019 01: +0,12.835,2,Galil AR | Chatterbox (Field-Tested),2019-02-20,12.835,2,Galil AR | Chatterbox (Field-Tested),-0.005903846869477716,-0.5903846869477716,0.005903846869477716,False,13.6285,263.5406149282916,1.8571428571428572
Feb 21 2019 01: +0,12.736,1,Galil AR | Chatterbox (Field-Tested),2019-02-21,12.736,1,Galil AR | Chatterbox (Field-Tested),-0.007743185221076529,-0.774318522107653,0.007743185221076529,False,13.549714285714288,263.52241017386405,1.8571428571428572
Feb 22 2019 01: +0,12.791,3,Galil AR | Chatterbox (Field-Tested),2019-02-22,12.791,3,Galil AR | Chatterbox (Field-Tested),0.00430916951522888,0.430916951522888,0.00430916951522888,False,13.367142857142857,263.52652700046605,1.9285714285714286
Feb 23 2019 01: +0,12.663,6,Galil AR | Chatterbox (Field-Tested),2019-02-23,12.663,6,Galil AR | Chatterbox (Field-Tested),-0.010057443148784704,-1.0057443148784704,0.010057443148784704,False,13.291428571428574,245.81078325196978,2.2142857142857144
Feb 24 2019 01: +0,12.558,3,Galil AR | Chatterbox (Field-Tested),2019-02-24,12.558,3,Galil AR | Chatterbox (Field-Tested),-0.00832644277655378,-0.832644277655378,0.00832644277655378,False,13.132285714285716,228.57118730238452,2.2857142857142856
Feb 25 2019 01: +0,15.618,4,Galil AR | Chatterbox (Field-Tested),2019-02-25,15.618,4,Galil AR | Chatterbox (Field-Tested),0.2180661825485656,21.80661825485656,0.2180661825485656,True,13.311928571428572,240.9370411751389,2.357142857142857
Feb 26 2019 01: +0,13.356,3,Galil AR | Chatterbox (Field-Tested),2019-02-26,13.356,3,Galil AR | Chatterbox (Field-Tested),-0.15645837315907532,-15.645837315907531,0.15645837315907532,True,13.368285714285715,225.2991154523265,2.5
Feb 27 2019 01: +0,13.678,4,Galil AR | Chatterbox (Field-Tested),2019-02-27,13.678,4,Galil AR | Chatterbox (Field-Tested),0.023822980594496244,2.3822980594496244,0.023822980594496244,False,13.33357142857143,178.96961685583327,2.7142857142857144
Feb 28 2019 01: +0,14.442,6,Galil AR | Chatterbox (Field-Tested),2019-02-28,14.442,6,Galil AR | Chatterbox (Field-Tested),0.054351925353085626,5.435192535308563,0.054351925353085626,True,13.4015,174.99232182445246,3.0
Mar 01 2019 01: +0,17.536,2,Galil AR | Chatterbox (Field-Tested),2019-03-01,17.536,2,Galil AR | Chatterbox (Field-Tested),0.1941152827366152,19.41152827366152,0.1941152827366152,True,13.719642857142858,187.20108275375227,2.9285714285714284
Mar 02 2019 01: +0,13.582,4,Galil AR | Chatterbox (Field-Tested),2019-03-02,13.582,4,Galil AR | Chatterbox (Field-Tested),-0.2555105240740054,-25.551052407400537,0.2555105240740054,True,13.66957142857143,208.79271134831257,3.142857142857143
Mar 03 2019 01: +0,12.655,2,Galil AR | Chatterbox (Field-Tested),2019-03-03,12.655,2,Galil AR | Chatterbox (Field-Tested),-0.07069299269451242,-7.069299269451242,0.07069299269451242,True,13.589357142857143,202.4532367127685,3.2142857142857144
Mar 04 2019 01: +0,14.681,1,Galil AR | Chatterbox (Field-Tested),2019-03-04,14.681,1,Galil AR | Chatterbox (Field-Tested),0.14850174676023584,14.850174676023583,0.14850174676023584,True,13.717285714285717,209.50521433006512,3.142857142857143
Mar 05 2019 01: +0,14.489,1,Galil AR | Chatterbox (Field-Tested),2019-03-05,14.489,1,Galil AR | Chatterbox (Field-Tested),-0.013164399918737999,-1.3164399918738,0.013164399918737999,False,13.830000000000002,209.3905637033689,3.0
Mar 06 2019 01: +0,13.772,6,Galil AR | Chatterbox (Field-Tested),2019-03-06,13.772,6,Galil AR | Chatterbox (Field-Tested),-0.05075219536230787,-5.0752195362307875,0.05075219536230787,True,13.896928571428573,209.5075583019695,3.2857142857142856
Mar 07 2019 01: +0,12.878,2,Galil AR | Chatterbox (Field-Tested),2019-03-07,12.878,2,Galil AR | Chatterbox (Field-Tested),-0.06711711636028553,-6.711711636028553,0.06711711636028553,True,13.90707142857143,207.98412766901117,3.357142857142857
Mar 08 2019 01: +0,12.937,8,Galil AR | Chatterbox (Field-Tested),2019-03-08,12.937,8,Galil AR | Chatterbox (Field-Tested),0.004570993819772959,0.45709938197729594,0.004570993819772959,False,13.917500000000002,192.7434108581475,3.7142857142857144
Mar 09 2019 01: +0,13.558,4,Galil AR | Chatterbox (Field-Tested),2019-03-09,13.558,4,Galil AR | Chatterbox (Field-Tested),0.046885356073008956,4.688535607300896,0.046885356073008956,False,13.981428571428571,191.54764413758716,3.5714285714285716
Mar 10 2019 01: +0,14.533,2,Galil AR | Chatterbox (Field-Tested),2019-03-10,14.533,2,Galil AR | Chatterbox (Field-Tested),0.06944514663525958,6.944514663525958,0.06944514663525958,True,14.122500000000002,189.57944451800012,3.5
Mar 11 2019 01: +0,17.045,3,Galil AR | Chatterbox (Field-Tested),2019-03-11,17.045,3,Galil AR | Chatterbox (Field-Tested),0.15943497994583308,15.943497994583309,0.15943497994583308,True,14.224428571428573,193.34042216034655,3.4285714285714284
Mar 12 2019 01: +0,13.608,3,Galil AR | Chatterbox (Field-Tested),2019-03-12,13.608,3,Galil AR | Chatterbox (Field-Tested),-0.22519905049630587,-22.519905049630587,0.22519905049630587,True,14.242428571428572,207.92120233466017,3.4285714285714284
Mar 13 2019 01: +0,14.616,2,Galil AR | Chatterbox (Field-Tested),2019-03-13,14.616,2,Galil AR | Chatterbox (Field-Tested),0.07145896398214485,7.145896398214485,0.07145896398214485,True,14.309428571428572,204.97532297928637,3.2857142857142856
Mar 14 2019 01: +0,13.237,2,Galil AR | Chatterbox (Field-Tested),2019-03-14,13.237,2,Galil AR | Chatterbox (Field-Tested),-0.0991008803440718,-9.91008803440718,0.0991008803440718,True,14.223357142857145,207.53358431101302,3.0
Mar 15 2019 01: +0,13.991,6,Galil AR | Chatterbox (Field-Tested),2019-03-15,13.991,6,Galil AR | Chatterbox (Field-Tested),0.05539832701951497,5.539832701951497,0.05539832701951497,True,13.970142857142857,204.1222940141111,3.2857142857142856
Mar 16 2019 01: +0,13.263,6,Galil AR | Chatterbox (Field-Tested),2019-03-16,13.263,6,Galil AR | Chatterbox (Field-Tested),-0.05343606223893298,-5.343606223893298,0.05343606223893298,True,13.947357142857143,204.27051701667156,3.4285714285714284
Mar 17 2019 01: +0,14.467,4,Galil AR | Chatterbox (Field-Tested),2019-03-17,14.467,4,Galil AR | Chatterbox (Field-Tested),0.08689199013523727,8.689199013523726,0.08689199013523727,True,14.076785714285716,206.19451101128834,3.5714285714285716
Mar 18 2019 01: +0,12.206,4,Galil AR | Chatterbox (Field-Tested),2019-03-18,12.206,4,Galil AR | Chatterbox (Field-Tested),-0.16994255952514997,-16.994255952514997,0.16994255952514997,True,13.900000000000002,212.4124385321986,3.7857142857142856
Mar 19 2019 01: +0,14.792,1,Galil AR | Chatterbox (Field-Tested),2019-03-19,14.792,1,Galil AR | Chatterbox (Field-Tested),0.19215885996252052,19.21588599625205,0.19215885996252052,True,13.921642857142858,222.90324888906702,3.7857142857142856
Mar 20 2019 01: +0,15.164,2,Galil AR | Chatterbox (Field-Tested),2019-03-20,15.164,2,Galil AR | Chatterbox (Field-Tested),0.02483770356926458,2.483770356926458,0.02483770356926458,False,14.02107142857143,221.61969231563074,3.5
Mar 21 2019 01: +0,14.846,2,Galil AR | Chatterbox (Field-Tested),2019-03-21,14.846,2,Galil AR | Chatterbox (Field-Tested),-0.02119372895873313,-2.119372895873313,0.02119372895873313,False,14.161642857142857,221.811666692441,3.5
Mar 22 2019 01: +0,13.828,4,Galil AR | Chatterbox (Field-Tested),2019-03-22,13.828,4,Galil AR | Chatterbox (Field-Tested),-0.07103494663597712,-7.103494663597712,0.07103494663597712,True,14.225285714285716,223.3599030134572,3.2142857142857144
Mar 23 2019 01: +0,13.454,1,Galil AR | Chatterbox (Field-Tested),2019-03-23,13.454,1,Galil AR | Chatterbox (Field-Tested),-0.027419062455963917,-2.741906245596392,0.027419062455963917,False,14.217857142857143,223.5786269601685,3.0
Mar 24 2019 01: +0,12.948,3,Galil AR | Chatterbox (Field-Tested),2019-03-24,12.948,3,Galil AR | Chatterbox (Field-Tested),-0.03833512353941612,-3.8335123539416123,0.03833512353941612,False,14.10464285714286,224.0134474254579,3.0714285714285716
Mar 25 2019 01: +0,14.111,3,Galil AR | Chatterbox (Field-Tested),2019-03-25,14.111,3,Galil AR | Chatterbox (Field-Tested),0.08601329901162569,8.601329901162568,0.08601329901162569,True,13.895071428571429,225.94667773648632,3.0714285714285716
Mar 26 2019 01: +0,14.834,4,Galil AR | Chatterbox (Field-Tested),2019-03-26,14.834,4,Galil AR | Chatterbox (Field-Tested),0.0499672082387427,4.99672082387427,0.0499672082387427,False,13.982642857142858,226.47340434372322,3.142857142857143
Mar 28 2019 01: +0,13.286,2,Galil AR | Chatterbox (Field-Tested),2019-03-28,13.286,2,Galil AR | Chatterbox (Field-Tested),-0.1102109940713169,-11.02109940713169,0.1102109940713169,True,13.88764285714286,216.4268032230714,3.142857142857143
Mar 29 2019 01: +0,13.221,4,Galil AR | Chatterbox (Field-Tested),2019-03-29,13.221,4,Galil AR | Chatterbox (Field-Tested),-0.004904374715089764,-0.4904374715089764,0.004904374715089764,False,13.886500000000002,209.45611614843668,3.2857142857142856
Mar 30 2019 01: +0,13.464,3,Galil AR | Chatterbox (Field-Tested),2019-03-30,13.464,3,Galil AR | Chatterbox (Field-Tested),0.018212982360545207,1.8212982360545207,0.018212982360545207,False,13.848857142857144,209.38379433352344,3.0714285714285716
Mar 31 2019 01: +0,15.016,2,Galil AR | Chatterbox (Field-Tested),2019-03-31,15.016,2,Galil AR | Chatterbox (Field-Tested),0.10909684239570272,10.909684239570272,0.10909684239570272,True,13.97407142857143,212.04352332993622,2.7857142857142856
Apr 01 2019 01: +0,18.449,2,Galil AR | Chatterbox (Field-Tested),2019-04-01,18.449,2,Galil AR | Chatterbox (Field-Tested),0.2058938691914207,20.58938691914207,0.2058938691914207,True,14.258500000000002,213.4268637543042,2.642857142857143
Apr 02 2019 01: +0,16.74,1,Galil AR | Chatterbox (Field-Tested),2019-04-02,16.74,1,Galil AR | Chatterbox (Field-Tested),-0.09720910341429925,-9.720910341429926,0.09720910341429925,True,14.582357142857143,195.83370424697023,2.4285714285714284
Apr 03 2019 01: +0,15.427,6,Galil AR | Chatterbox (Field-Tested),2019-04-03,15.427,6,Galil AR | Chatterbox (Field-Tested),-0.08168184403152673,-8.168184403152672,0.08168184403152673,True,14.627714285714287,196.41882717604634,2.7857142857142856
Apr 04 2019 01: +0,15.665,4,Galil AR | Chatterbox (Field-Tested),2019-04-04,15.665,4,Galil AR | Chatterbox (Field-Tested),0.015309703374352675,1.5309703374352674,0.015309703374352675,False,14.6635,189.6870560845777,2.9285714285714284
Apr 05 2019 01: +0,15.325,3,Galil AR | Chatterbox (Field-Tested),2019-04-05,15.325,3,Galil AR | Chatterbox (Field-Tested),-0.021943442581879993,-2.194344258187999,0.021943442581879993,False,14.697714285714286,189.80101986786602,3.0
Apr 06 2019 01: +0,17.719,4,Galil AR | Chatterbox (Field-Tested),2019-04-06,17.719,4,Galil AR | Chatterbox (Field-Tested),0.14515202835365726,14.515202835365725,0.14515202835365726,True,14.975642857142857,195.1891709850004,3.0
Apr 07 2019 01: +0,14.749,4,Galil AR | Chatterbox (Field-Tested),2019-04-07,14.749,4,Galil AR | Chatterbox (Field-Tested),-0.1834622262985671,-18.346222629856708,0.1834622262985671,True,15.06814285714286,204.8349947014775,3.2142857142857144
Apr 08 2019 01: +0,15.021,2,Galil AR | Chatterbox (Field-Tested),2019-04-08,15.021,2,Galil AR | Chatterbox (Field-Tested),0.018273938138552052,1.8273938138552053,0.018273938138552052,False,15.216214285714287,204.8911664188056,3.142857142857143
Apr 09 2019 01: +0,15.785,1,Galil AR | Chatterbox (Field-Tested),2019-04-09,15.785,1,Galil AR | Chatterbox (Field-Tested),0.04961089999403763,4.961089999403763,0.04961089999403763,False,15.335785714285715,204.96352235864532,3.0
Apr 10 2019 01: +0,12.598,5,Galil AR | Chatterbox (Field-Tested),2019-04-10,12.598,5,Galil AR | Chatterbox (Field-Tested),-0.22552205081021764,-22.552205081021764,0.22552205081021764,True,15.176071428571431,218.66827240036258,3.0714285714285716
Apr 11 2019 01: +0,16.266,2,Galil AR | Chatterbox (Field-Tested),2019-04-11,16.266,2,Galil AR | Chatterbox (Field-Tested),0.255538968544846,25.5538968544846,0.255538968544846,True,15.388928571428574,230.02553363094327,3.0714285714285716
Apr 12 2019 01: +0,14.604,2,Galil AR | Chatterbox (Field-Tested),2019-04-12,14.604,2,Galil AR | Chatterbox (Field-Tested),-0.10778157595119296,-10.778157595119296,0.10778157595119296,True,15.487714285714288,219.04125295092643,2.9285714285714284
Apr 13 2019 01: +0,14.216,2,Galil AR | Chatterbox (Field-Tested),2019-04-13,14.216,2,Galil AR | Chatterbox (Field-Tested),-0.02692737294104023,-2.692737294104023,0.02692737294104023,False,15.541428571428572,217.81949924417728,2.857142857142857
Apr 14 2019 01: +0,15.774,3,Galil AR | Chatterbox (Field-Tested),2019-04-14,15.774,3,Galil AR | Chatterbox (Field-Tested),0.10399492412344899,10.399492412344898,0.10399492412344899,True,15.595571428571429,217.81797943274307,2.9285714285714284
Apr 15 2019 01: +0,15.776,2,Galil AR | Chatterbox (Field-Tested),2019-04-15,15.776,2,Galil AR | Chatterbox (Field-Tested),0.00012678288448058934,0.012678288448058933,0.00012678288448058934,False,15.404642857142859,217.0873353380891,2.9285714285714284
Apr 16 2019 01: +0,13.972,4,Galil AR | Chatterbox (Field-Tested),2019-04-16,13.972,4,Galil AR | Chatterbox (Field-Tested),-0.12143447091569404,-12.143447091569403,0.12143447091569404,True,15.206928571428573,220.61876286838148,3.142857142857143
Apr 17 2019 01: +0,14.633,2,Galil AR | Chatterbox (Field-Tested),2019-04-17,14.633,2,Galil AR | Chatterbox (Field-Tested),0.046223925165703866,4.622392516570387,0.046223925165703866,False,15.150214285714286,219.09383324808007,2.857142857142857
Apr 18 2019 01: +0,16.992,2,Galil AR | Chatterbox (Field-Tested),2019-04-18,16.992,2,Galil AR | Chatterbox (Field-Tested),0.14946339294923905,14.946339294923906,0.14946339294923905,True,15.245000000000001,216.14862972831008,2.7142857142857144
Apr 19 2019 01: +0,14.385,4,Galil AR | Chatterbox (Field-Tested),2019-04-19,14.385,4,Galil AR | Chatterbox (Field-Tested),-0.1665566480560172,-16.65566480560172,0.1665566480560172,True,15.177857142857144,214.52318554822662,2.7857142857142856
Apr 20 2019 01: +0,14.631,2,Galil AR | Chatterbox (Field-Tested),2019-04-20,14.631,2,Galil AR | Chatterbox (Field-Tested),0.016956568392514026,1.6956568392514026,0.016956568392514026,False,14.957285714285716,214.42162735095985,2.642857142857143
Apr 21 2019 01: +0,15.037,2,Galil AR | Chatterbox (Field-Tested),2019-04-21,15.037,2,Galil AR | Chatterbox (Field-Tested),0.027371265144157764,2.7371265144157766,0.027371265144157764,False,14.977857142857145,214.5205824585291,2.5
Apr 24 2019 01: +0,14.308,2,Galil AR | Chatterbox (Field-Tested),2019-04-24,14.308,2,Galil AR | Chatterbox (Field-Tested),-0.04969500914341184,-4.969500914341184,0.04969500914341184,False,14.926928571428572,213.7536281342762,2.5
Apr 25 2019 01: +0,13.812,1,Galil AR | Chatterbox (Field-Tested),2019-04-25,13.812,1,Galil AR | Chatterbox (Field-Tested),-0.035281041869025385,-3.5281041869025387,0.035281041869025385,False,14.786,213.90336275366698,2.5
Apr 26 2019 01: +0,13.805,1,Galil AR | Chatterbox (Field-Tested),2019-04-26,13.805,1,Galil AR | Chatterbox (Field-Tested),-0.0005069341456280962,-0.05069341456280962,0.0005069341456280962,False,14.872214285714287,213.43705692323903,2.2142857142857144
Apr 27 2019 01: +0,14.169,5,Galil AR | Chatterbox (Field-Tested),2019-04-27,14.169,5,Galil AR | Chatterbox (Field-Tested),0.026025634199972062,2.6025634199972063,0.026025634199972062,False,14.722428571428571,211.48670401842602,2.4285714285714284
Apr 28 2019 01: +0,14.196,1,Galil AR | Chatterbox (Field-Tested),2019-04-28,14.196,1,Galil AR | Chatterbox (Field-Tested),0.0019037552021601673,0.19037552021601672,0.0019037552021601673,False,14.693285714285716,210.72446941369742,2.357142857142857
Apr 29 2019 01: +0,15.433,1,Galil AR | Chatterbox (Field-Tested),2019-04-29,15.433,1,Galil AR | Chatterbox (Field-Tested),0.08354783913444433,8.354783913444432,0.08354783913444433,True,14.780214285714285,208.97018273071774,2.2857142857142856
Apr 30 2019 01: +0,14.408,2,Galil AR | Chatterbox (Field-Tested),2019-04-30,14.408,2,Galil AR | Chatterbox (Field-Tested),-0.06872446604503946,-6.872446604503946,0.06872446604503946,True,14.682642857142858,210.5305010205012,2.2142857142857144
May 01 2019 01: +0,14.159,8,Galil AR | Chatterbox (Field-Tested),2019-05-01,14.159,8,Galil AR | Chatterbox (Field-Tested),-0.017433143570821028,-1.7433143570821028,0.017433143570821028,False,14.567142857142859,210.57060093338868,2.642857142857143
May 02 2019 01: +0,18.645,2,Galil AR | Chatterbox (Field-Tested),2019-05-02,18.645,2,Galil AR | Chatterbox (Field-Tested),0.27522754932795024,27.522754932795024,0.27522754932795024,True,14.90092857142857,228.45148111606517,2.5
May 03 2019 01: +0,16.965,1,Galil AR | Chatterbox (Field-Tested),2019-05-03,16.965,1,Galil AR | Chatterbox (Field-Tested),-0.09442561539459068,-9.442561539459069,0.09442561539459068,True,15.067499999999999,219.41692110357184,2.4285714285714284
May 04 2019 01: +0,18.389,2,Galil AR | Chatterbox (Field-Tested),2019-05-04,18.389,2,Galil AR | Chatterbox (Field-Tested),0.08060026152252268,8.060026152252268,0.08060026152252268,True,15.167285714285715,218.55104354535183,2.4285714285714284
May 05 2019 01: +0,17.178,2,Galil AR | Chatterbox (Field-Tested),2019-05-05,17.178,2,Galil AR | Chatterbox (Field-Tested),-0.06812316441468307,-6.812316441468306,0.06812316441468307,True,15.366785714285715,217.93910363177127,2.2857142857142856
May 06 2019 01: +0,15.868,1,Galil AR | Chatterbox (Field-Tested),2019-05-06,15.868,1,Galil AR | Chatterbox (Field-Tested),-0.07932499269194937,-7.9324992691949365,0.07932499269194937,True,15.455142857142858,219.7901969256881,2.2142857142857144
May 07 2019 01: +0,14.734,2,Galil AR | Chatterbox (Field-Tested),2019-05-07,14.734,2,Galil AR | Chatterbox (Field-Tested),-0.07414675439146184,-7.414675439146184,0.07414675439146184,True,15.4335,221.20870218549373,2.2142857142857144
May 08 2019 01: +0,16.941,2,Galil AR | Chatterbox (Field-Tested),2019-05-08,16.941,2,Galil AR | Chatterbox (Field-Tested),0.1395789710981874,13.95789710981874,0.1395789710981874,True,15.62157142857143,220.7523495610675,2.2142857142857144
May 09 2019 01: +0,18.889,2,Galil AR | Chatterbox (Field-Tested),2019-05-09,18.889,2,Galil AR | Chatterbox (Field-Tested),0.10884302269087331,10.884302269087332,0.10884302269087331,True,15.984214285714286,213.86446799234818,2.2857142857142856
May 11 2019 01: +0,16.369,2,Galil AR | Chatterbox (Field-Tested),2019-05-11,16.369,2,Galil AR | Chatterbox (Field-Tested),-0.14319043988746508,-14.319043988746508,0.14319043988746508,True,16.167357142857146,220.23261372470685,2.357142857142857
May 12 2019 01: +0,14.611,1,Galil AR | Chatterbox (Field-Tested),2019-05-12,14.611,1,Galil AR | Chatterbox (Field-Tested),-0.11361463247227006,-11.361463247227006,0.11361463247227006,True,16.198928571428574,223.21114957647984,2.0714285714285716
May 13 2019 01: +0,16.854,1,Galil AR | Chatterbox (Field-Tested),2019-05-13,16.854,1,Galil AR | Chatterbox (Field-Tested),0.14281334766021408,14.28133476602141,0.14281334766021408,True,16.388785714285714,213.67862164914902,2.0714285714285716
May 14 2019 01: +0,16.779,7,Galil AR | Chatterbox (Field-Tested),2019-05-14,16.779,7,Galil AR | Chatterbox (Field-Tested),-0.004459912842601006,-0.4459912842601006,0.004459912842601006,False,16.484928571428572,194.40573757255402,2.5
May 15 2019 01: +0,16.67,2,Galil AR | Chatterbox (Field-Tested),2019-05-15,16.67,2,Galil AR | Chatterbox (Field-Tested),-0.006517407744857864,-0.6517407744857864,0.006517407744857864,False,16.6465,190.44003980142833,2.5
May 16 2019 01: +0,15.57,2,Galil AR | Chatterbox (Field-Tested),2019-05-16,15.57,2,Galil AR | Chatterbox (Field-Tested),-0.06826471091679578,-6.826471091679578,0.06826471091679578,True,16.747285714285717,191.83690836815143,2.0714285714285716
May 17 2019 01: +0,16.217,3,Galil AR | Chatterbox (Field-Tested),2019-05-17,16.217,3,Galil AR | Chatterbox (Field-Tested),0.040714088891330304,4.07140888913303,0.040714088891330304,False,16.573857142857143,188.8924260625224,2.142857142857143
May 18 2019 01: +0,16.47,2,Galil AR | Chatterbox (Field-Tested),2019-05-18,16.47,2,Galil AR | Chatterbox (Field-Tested),0.015480469452311733,1.5480469452311734,0.015480469452311733,False,16.538500000000003,188.96018521285606,2.2142857142857144
May 19 2019 01: +0,15.481,3,Galil AR | Chatterbox (Field-Tested),2019-05-19,15.481,3,Galil AR | Chatterbox (Field-Tested),-0.061927078631220496,-6.19270786312205,0.061927078631220496,True,16.330785714285717,185.192526695682,2.2857142857142856
May 20 2019 01: +0,17.815,2,Galil AR | Chatterbox (Field-Tested),2019-05-20,17.815,2,Galil AR | Chatterbox (Field-Tested),0.140427333499471,14.0427333499471,0.140427333499471,True,16.376285714285714,190.76433227868839,2.2857142857142856
May 21 2019 01: +0,17.989,2,Galil AR | Chatterbox (Field-Tested),2019-05-21,17.989,2,Galil AR | Chatterbox (Field-Tested),0.009719660922749672,0.9719660922749671,0.009719660922749672,False,16.527785714285717,183.68460931202816,2.357142857142857
May 22 2019 01: +0,18.099,3,Galil AR | Chatterbox (Field-Tested),2019-05-22,18.099,3,Galil AR | Chatterbox (Field-Tested),0.006096228146185268,0.6096228146185269,0.006096228146185268,False,16.76814285714286,173.33636816546064,2.4285714285714284
May 23 2019 01: +0,20.126,2,Galil AR | Chatterbox (Field-Tested),2019-05-23,20.126,2,Galil AR | Chatterbox (Field-Tested),0.10615582338440709,10.615582338440708,0.10615582338440709,True,16.995642857142858,176.69854692773313,2.4285714285714284
May 24 2019 01: +0,18.486,6,Galil AR | Chatterbox (Field-Tested),2019-05-24,18.486,6,Galil AR | Chatterbox (Field-Tested),-0.08499882266855567,-8.499882266855566,0.08499882266855567,True,16.966857142857144,179.6805213974058,2.7142857142857144
May 25 2019 01: +0,16.077,2,Galil AR | Chatterbox (Field-Tested),2019-05-25,16.077,2,Galil AR | Chatterbox (Field-Tested),-0.13962400966176294,-13.962400966176295,0.13962400966176294,True,16.946,185.8758088265328,2.7142857142857144
May 26 2019 01: +0,18.764,3,Galil AR | Chatterbox (Field-Tested),2019-05-26,18.764,3,Galil AR | Chatterbox (Field-Tested),0.15455046128538855,15.455046128538855,0.15455046128538855,True,17.242642857142858,192.5165109980854,2.857142857142857
May 27 2019 01: +0,18.511,2,Galil AR | Chatterbox (Field-Tested),2019-05-27,18.511,2,Galil AR | Chatterbox (Field-Tested),-0.013574990488663504,-1.3574990488663503,0.013574990488663504,False,17.361,192.66200867180686,2.9285714285714284
May 28 2019 01: +0,17.516,2,Galil AR | Chatterbox (Field-Tested),2019-05-28,17.516,2,Galil AR | Chatterbox (Field-Tested),-0.055250401038396256,-5.5250401038396255,0.055250401038396256,True,17.413642857142857,193.88124717240706,2.5714285714285716
May 29 2019 01: +0,18.713,3,Galil AR | Chatterbox (Field-Tested),2019-05-29,18.713,3,Galil AR | Chatterbox (Field-Tested),0.06610372055649966,6.610372055649965,0.06610372055649966,True,17.55957142857143,194.95624152599532,2.642857142857143
May 30 2019 01: +0,18.796,2,Galil AR | Chatterbox (Field-Tested),2019-05-30,18.796,2,Galil AR | Chatterbox (Field-Tested),0.004425611744917737,0.44256117449177373,0.004425611744917737,False,17.79,193.10359043571566,2.642857142857143
May 31 2019 01: +0,15.816,2,Galil AR | Chatterbox (Field-Tested),2019-05-31,15.816,2,Galil AR | Chatterbox (Field-Tested),-0.17262199537225345,-17.262199537225346,0.17262199537225345,True,17.761357142857143,201.42392560332527,2.5714285714285716
Jun 02 2019 01: +0,19.237,1,Galil AR | Chatterbox (Field-Tested),2019-06-02,19.237,1,Galil AR | Chatterbox (Field-Tested),0.19581342205572844,19.581342205572845,0.19581342205572844,True,17.959,212.1359188151724,2.5
Jun 03 2019 01: +0,17.344,3,Galil AR | Chatterbox (Field-Tested),2019-06-03,17.344,3,Galil AR | Chatterbox (Field-Tested),-0.10358888266680848,-10.358888266680848,0.10358888266680848,True,18.092071428571433,192.84784350113756,2.5
Jun 06 2019 01: +0,16.848,3,Galil AR | Chatterbox (Field-Tested),2019-06-06,16.848,3,Galil AR | Chatterbox (Field-Tested),-0.029014669865616134,-2.9014669865616134,0.029014669865616134,False,18.023000000000003,190.25190033304114,2.5714285714285716
Jun 07 2019 01: +0,15.889,6,Galil AR | Chatterbox (Field-Tested),2019-06-07,15.889,6,Galil AR | Chatterbox (Field-Tested),-0.0586049094853897,-5.86049094853897,0.0586049094853897,True,17.873,189.00008063480527,2.857142857142857
Jun 08 2019 01: +0,16.545,5,Galil AR | Chatterbox (Field-Tested),2019-06-08,16.545,5,Galil AR | Chatterbox (Field-Tested),0.0404568954673456,4.04568954673456,0.0404568954673456,False,17.762,188.21957708164032,3.0
Jun 09 2019 01: +0,14.43,3,Galil AR | Chatterbox (Field-Tested),2019-06-09,14.43,3,Galil AR | Chatterbox (Field-Tested),-0.13677456858779613,-13.677456858779614,0.13677456858779613,True,17.35514285714286,192.24260624649818,3.0714285714285716
Jun 10 2019 01: +0,16.626,3,Galil AR | Chatterbox (Field-Tested),2019-06-10,16.626,3,Galil AR | Chatterbox (Field-Tested),0.14165836232311696,14.165836232311696,0.14165836232311696,True,17.222285714285714,196.89483423927422,2.857142857142857
Jun 11 2019 01: +0,16.186,2,Galil AR | Chatterbox (Field-Tested),2019-06-11,16.186,2,Galil AR | Chatterbox (Field-Tested),-0.026821064035386248,-2.682106403538625,0.026821064035386248,False,17.230071428571428,190.94121616719534,2.857142857142857
Jun 12 2019 01: +0,12.875,3,Galil AR | Chatterbox (Field-Tested),2019-06-12,12.875,3,Galil AR | Chatterbox (Field-Tested),-0.2288592245237103,-22.88592245237103,0.2288592245237103,True,16.809428571428572,202.36616804812337,2.857142857142857
Jun 13 2019 01: +0,17.21,2,Galil AR | Chatterbox (Field-Tested),2019-06-13,17.21,2,Galil AR | Chatterbox (Field-Tested),0.29020316367364835,29.020316367364835,0.29020316367364835,True,16.7165,222.65919459964852,2.857142857142857
Jun 14 2019 01: +0,17.795,2,Galil AR | Chatterbox (Field-Tested),2019-06-14,17.795,2,Galil AR | Chatterbox (Field-Tested),0.033426908738707926,3.342690873870793,0.033426908738707926,False,16.736428571428572,218.95333294437606,2.857142857142857
Jun 15 2019 01: +0,18.312,1,Galil AR | Chatterbox (Field-Tested),2019-06-15,18.312,1,Galil AR | Chatterbox (Field-Tested),0.0286390636881096,2.86390636881096,0.0286390636881096,False,16.707785714285716,213.5671555267701,2.7142857142857144
Jun 17 2019 01: +0,19.326,1,Galil AR | Chatterbox (Field-Tested),2019-06-17,19.326,1,Galil AR | Chatterbox (Field-Tested),0.05389475692685121,5.389475692685121,0.05389475692685121,True,16.745642857142858,214.28742290025232,2.642857142857143
Jun 18 2019 01: +0,16.401,1,Galil AR | Chatterbox (Field-Tested),2019-06-18,16.401,1,Galil AR | Chatterbox (Field-Tested),-0.16410903099614493,-16.410903099614494,0.16410903099614493,True,16.78742857142857,222.2298888950519,2.5714285714285716
Jun 19 2019 01: +0,16.977,1,Galil AR | Chatterbox (Field-Tested),2019-06-19,16.977,1,Galil AR | Chatterbox (Field-Tested),0.03451717824752449,3.451717824752449,0.03451717824752449,False,16.626,221.17699570405117,2.5714285714285716
Jun 21 2019 01: +0,17.212,2,Galil AR | Chatterbox (Field-Tested),2019-06-21,17.212,2,Galil AR | Chatterbox (Field-Tested),0.013747328147856596,1.3747328147856597,0.013747328147856596,False,16.61657142857143,220.79615278297365,2.5
Jun 22 2019 01: +0,18.332,1,Galil AR | Chatterbox (Field-Tested),2019-06-22,18.332,1,Galil AR | Chatterbox (Field-Tested),0.0630413516705245,6.304135167052451,0.0630413516705245,True,16.72257142857143,221.7830645170185,2.357142857142857
Jun 23 2019 01: +0,19.016,1,Galil AR | Chatterbox (Field-Tested),2019-06-23,19.016,1,Galil AR | Chatterbox (Field-Tested),0.03663256341101498,3.663256341101498,0.03663256341101498,False,16.945928571428574,220.78183727506268,2.0
Jun 24 2019 01: +0,16.267,1,Galil AR | Chatterbox (Field-Tested),2019-06-24,16.267,1,Galil AR | Chatterbox (Field-Tested),-0.15614221427357633,-15.614221427357633,0.15614221427357633,True,16.92607142857143,222.42751773022368,1.7142857142857142
Jun 25 2019 01: +0,15.811,3,Galil AR | Chatterbox (Field-Tested),2019-06-25,15.811,3,Galil AR | Chatterbox (Field-Tested),-0.028432615456308246,-2.8432615456308246,0.028432615456308246,False,17.02471428571429,222.5503350541127,1.7142857142857142
Jun 26 2019 01: +0,17.283,2,Galil AR | Chatterbox (Field-Tested),2019-06-26,17.283,2,Galil AR | Chatterbox (Field-Tested),0.08901745909034774,8.901745909034773,0.08901745909034774,True,17.07164285714286,224.90501211876094,1.6428571428571428
Jun 27 2019 01: +0,15.196,2,Galil AR | Chatterbox (Field-Tested),2019-06-27,15.196,2,Galil AR | Chatterbox (Field-Tested),-0.1286911240929767,-12.86911240929767,0.1286911240929767,True,17.00092857142857,225.66805825560476,1.6428571428571428
Jun 28 2019 01: +0,17.895,4,Galil AR | Chatterbox (Field-Tested),2019-06-28,17.895,4,Galil AR | Chatterbox (Field-Tested),0.1634891088926099,16.34891088926099,0.1634891088926099,True,17.3595,231.74915247789176,1.7142857142857142
Jun 29 2019 01: +0,17.978,7,Galil AR | Chatterbox (Field-Tested),2019-06-29,17.978,7,Galil AR | Chatterbox (Field-Tested),0.004627443933218513,0.4627443933218513,0.004627443933218513,False,17.414357142857146,226.2934581038844,2.0714285714285716
Jun 30 2019 01: +0,16.28,2,Galil AR | Chatterbox (Field-Tested),2019-06-30,16.28,2,Galil AR | Chatterbox (Field-Tested),-0.09921142757681335,-9.921142757681336,0.09921142757681335,True,17.30614285714286,222.28148273775585,2.0714285714285716
Jul 01 2019 01: +0,17.561,2,Galil AR | Chatterbox (Field-Tested),2019-07-01,17.561,2,Galil AR | Chatterbox (Field-Tested),0.0757431736193233,7.57431736193233,0.0757431736193233,True,17.2525,224.01091999029325,2.142857142857143
Jul 03 2019 01: +0,17.02,1,Galil AR | Chatterbox (Field-Tested),2019-07-03,17.02,1,Galil AR | Chatterbox (Field-Tested),-0.03129141104848946,-3.129141104848946,0.03129141104848946,False,17.087785714285715,223.44598044101883,2.142857142857143
Jul 04 2019 01: +0,20.336,2,Galil AR | Chatterbox (Field-Tested),2019-07-04,20.336,2,Galil AR | Chatterbox (Field-Tested),0.17800359130187013,17.80035913018701,0.17800359130187013,True,17.368857142857145,230.95570884292553,2.2142857142857144
Jul 05 2019 01: +0,17.323,3,Galil AR | Chatterbox (Field-Tested),2019-07-05,17.323,3,Galil AR | Chatterbox (Field-Tested),-0.16035761615029429,-16.03576161502943,0.16035761615029429,True,17.393571428571427,237.85635325546798,2.357142857142857
Jul 06 2019 01: +0,18.021,3,Galil AR | Chatterbox (Field-Tested),2019-07-06,18.021,3,Galil AR | Chatterbox (Field-Tested),0.039502646239330225,3.9502646239330224,0.039502646239330225,False,17.451357142857145,230.16959092146715,2.4285714285714284
Jul 07 2019 01: +0,18.571,4,Galil AR | Chatterbox (Field-Tested),2019-07-07,18.571,4,Galil AR | Chatterbox (Field-Tested),0.030063479674781922,3.006347967478192,0.030063479674781922,False,17.46842857142857,219.84571312014282,2.642857142857143
Jul 08 2019 01: +0,18.669,2,Galil AR | Chatterbox (Field-Tested),2019-07-08,18.669,2,Galil AR | Chatterbox (Field-Tested),0.00526317004427447,0.526317004427447,0.00526317004427447,False,17.44364285714286,216.7198941851134,2.7142857142857144
Jul 09 2019 01: +0,19.189,2,Galil AR | Chatterbox (Field-Tested),2019-07-09,19.189,2,Galil AR | Chatterbox (Field-Tested),0.02747280393241466,2.747280393241466,0.02747280393241466,False,17.652357142857145,216.58317246593856,2.7857142857142856
Jul 11 2019 01: +0,18.746,3,Galil AR | Chatterbox (Field-Tested),2019-07-11,18.746,3,Galil AR | Chatterbox (Field-Tested),-0.02335680186331133,-2.3356801863311327,0.02335680186331133,False,17.862000000000002,215.640820034491,2.7857142857142856
Jul 12 2019 01: +0,20.883,5,Galil AR | Chatterbox (Field-Tested),2019-07-12,20.883,5,Galil AR | Chatterbox (Field-Tested),0.10795503453034508,10.795503453034508,0.10795503453034508,True,18.119142857142858,218.28656811614246,3.0
Jul 13 2019 01: +0,19.1,1,Galil AR | Chatterbox (Field-Tested),2019-07-13,19.1,1,Galil AR | Chatterbox (Field-Tested),-0.08924709580205485,-8.924709580205485,0.08924709580205485,True,18.398,214.92940448351746,2.9285714285714284
Jul 14 2019 01: +0,19.841,1,Galil AR | Chatterbox (Field-Tested),2019-07-14,19.841,1,Galil AR | Chatterbox (Field-Tested),0.03806216875974916,3.8062168759749158,0.03806216875974916,False,18.537000000000003,209.88091477956078,2.7142857142857144
Jul 15 2019 01: +0,20.121,2,Galil AR | Chatterbox (Field-Tested),2019-07-15,20.121,2,Galil AR | Chatterbox (Field-Tested),0.014013541973376432,1.4013541973376433,0.014013541973376432,False,18.69007142857143,209.56289290928436,2.357142857142857
Jul 16 2019 01: +0,20.451,4,Galil AR | Chatterbox (Field-Tested),2019-07-16,20.451,4,Galil AR | Chatterbox (Field-Tested),0.01626773526304822,1.626773526304822,0.01626773526304822,False,18.988,191.46280484995683,2.5
Jul 19 2019 01: +0,19.351,1,Galil AR | Chatterbox (Field-Tested),2019-07-19,19.351,1,Galil AR | Chatterbox (Field-Tested),-0.055287683321747626,-5.528768332174763,0.055287683321747626,True,19.115857142857145,165.17744045841627,2.4285714285714284
Jul 20 2019 01: +0,23.54,2,Galil AR | Chatterbox (Field-Tested),2019-07-20,23.54,2,Galil AR | Chatterbox (Field-Tested),0.19595700410512035,19.595700410512034,0.19595700410512035,True,19.58157142857143,178.05959302778723,2.5
Jul 21 2019 01: +0,21.505,2,Galil AR | Chatterbox (Field-Tested),2019-07-21,21.505,2,Galil AR | Chatterbox (Field-Tested),-0.09041563559643107,-9.041563559643107,0.09041563559643107,True,19.66507142857143,181.24827202299264,2.5
Jul 22 2019 01: +0,19.614,2,Galil AR | Chatterbox (Field-Tested),2019-07-22,19.614,2,Galil AR | Chatterbox (Field-Tested),-0.09204186926557094,-9.204186926557094,0.09204186926557094,True,19.828714285714288,183.46411907014124,2.4285714285714284
Jul 23 2019 01: +0,23.364,2,Galil AR | Chatterbox (Field-Tested),2019-07-23,23.364,2,Galil AR | Chatterbox (Field-Tested),0.1749527792079343,17.49527792079343,0.1749527792079343,True,20.210357142857145,183.29604609367973,2.357142857142857
Jul 24 2019 01: +0,19.75,1,Galil AR | Chatterbox (Field-Tested),2019-07-24,19.75,1,Galil AR | Chatterbox (Field-Tested),-0.16804288483093205,-16.804288483093206,0.16804288483093205,True,20.29457142857143,193.47070639254233,2.142857142857143
Jul 25 2019 01: +0,23.219,1,Galil AR | Chatterbox (Field-Tested),2019-07-25,23.219,1,Galil AR | Chatterbox (Field-Tested),0.16181741767309787,16.181741767309788,0.16181741767309787,True,20.61957142857143,201.05435955685914,2.0714285714285716
Jul 26 2019 01: +0,23.18,1,Galil AR | Chatterbox (Field-Tested),2019-07-26,23.18,1,Galil AR | Chatterbox (Field-Tested),-0.0016810711086231104,-0.16810711086231103,0.0016810711086231104,False,20.904642857142857,200.16995465410923,2.0
Jul 27 2019 01: +0,19.435,1,Galil AR | Chatterbox (Field-Tested),2019-07-27,19.435,1,Galil AR | Chatterbox (Field-Tested),-0.17621427360741923,-17.621427360741922,0.17621427360741923,True,20.953857142857146,209.84829111081774,1.8571428571428572
Jul 28 2019 01: +0,19.422,1,Galil AR | Chatterbox (Field-Tested),2019-07-28,19.422,1,Galil AR | Chatterbox (Field-Tested),-0.0006691201320240965,-0.06691201320240965,0.0006691201320240965,False,20.849500000000003,202.08402229904564,1.5714285714285714
Jul 29 2019 01: +0,20.443,2,Galil AR | Chatterbox (Field-Tested),2019-07-29,20.443,2,Galil AR | Chatterbox (Field-Tested),0.05123408143070843,5.123408143070843,0.05123408143070843,True,20.94542857142857,202.29052753017177,1.6428571428571428
Jul 30 2019 01: +0,18.226,2,Galil AR | Chatterbox (Field-Tested),2019-07-30,18.226,2,Galil AR | Chatterbox (Field-Tested),-0.11479137952893578,-11.479137952893579,0.11479137952893578,True,20.830071428571426,204.56716577317985,1.7142857142857142
Jul 31 2019 01: +0,17.731,5,Galil AR | Chatterbox (Field-Tested),2019-07-31,17.731,5,Galil AR | Chatterbox (Field-Tested),-0.027534625999083507,-2.753462599908351,0.027534625999083507,False,20.659357142857143,199.42585897686754,1.9285714285714286
Aug 01 2019 01: +0,19.005,1,Galil AR | Chatterbox (Field-Tested),2019-08-01,19.005,1,Galil AR | Chatterbox (Field-Tested),0.06938758236636053,6.938758236636053,0.06938758236636053,True,20.556071428571432,192.60631858324595,1.7142857142857142
Aug 02 2019 01: +0,19.968,2,Galil AR | Chatterbox (Field-Tested),2019-08-02,19.968,2,Galil AR | Chatterbox (Field-Tested),0.04942888974580516,4.942888974580516,0.04942888974580516,False,20.600142857142856,193.31570787555378,1.7857142857142858
Aug 03 2019 01: +0,19.743,1,Galil AR | Chatterbox (Field-Tested),2019-08-03,19.743,1,Galil AR | Chatterbox (Field-Tested),-0.011331994044925518,-1.1331994044925517,0.011331994044925518,False,20.328928571428573,189.8379961152419,1.7142857142857142
Aug 04 2019 01: +0,21.119,2,Galil AR | Chatterbox (Field-Tested),2019-08-04,21.119,2,Galil AR | Chatterbox (Field-Tested),0.06737411109014563,6.7374111090145625,0.06737411109014563,True,20.301357142857146,189.47549191276553,1.7142857142857142
Aug 05 2019 01: +0,18.938,2,Galil AR | Chatterbox (Field-Tested),2019-08-05,18.938,2,Galil AR | Chatterbox (Field-Tested),-0.10900262367092904,-10.900262367092903,0.10900262367092904,True,20.253071428571428,193.30837307771458,1.7142857142857142
Aug 06 2019 01: +0,22.586,1,Galil AR | Chatterbox (Field-Tested),2019-08-06,22.586,1,Galil AR | Chatterbox (Field-Tested),0.1761597597401701,17.615975974017008,0.1761597597401701,True,20.1975,193.09990868997969,1.6428571428571428
Aug 07 2019 01: +0,22.586,1,Galil AR | Chatterbox (Field-Tested),2019-08-07,22.586,1,Galil AR | Chatterbox (Field-Tested),0.0,0.0,0.0,False,20.40007142857143,183.85322106158864,1.6428571428571428
Aug 08 2019 01: +0,22.661,1,Galil AR | Chatterbox (Field-Tested),2019-08-08,22.661,1,Galil AR | Chatterbox (Field-Tested),0.003315139951309245,0.3315139951309245,0.003315139951309245,False,20.360214285714285,183.52669650662182,1.6428571428571428
Aug 09 2019 01: +0,19.196,1,Galil AR | Chatterbox (Field-Tested),2019-08-09,19.196,1,Galil AR | Chatterbox (Field-Tested),-0.16594346125678858,-16.594346125678857,0.16594346125678858,True,20.07564285714286,193.0020903203621,1.6428571428571428
Aug 10 2019 01: +0,22.691,2,Galil AR | Chatterbox (Field-Tested),2019-08-10,22.691,2,Galil AR | Chatterbox (Field-Tested),0.16726644610313354,16.726644610313354,0.16726644610313354,True,20.30821428571429,201.5256652712353,1.7142857142857142
Aug 12 2019 01: +0,22.357,4,Galil AR | Chatterbox (Field-Tested),2019-08-12,22.357,4,Galil AR | Chatterbox (Field-Tested),-0.014828898971010793,-1.4828898971010793,0.014828898971010793,False,20.517857142857142,201.5118338633672,1.9285714285714286
Aug 14 2019 01: +0,18.448,2,Galil AR | Chatterbox (Field-Tested),2019-08-14,18.448,2,Galil AR | Chatterbox (Field-Tested),-0.1921835076014188,-19.21835076014188,0.1921835076014188,True,20.375357142857144,212.8001133003683,1.9285714285714286
Aug 15 2019 01: +0,20.295,1,Galil AR | Chatterbox (Field-Tested),2019-08-15,20.295,1,Galil AR | Chatterbox (Field-Tested),0.09541858676415788,9.541858676415787,0.09541858676415788,True,20.523142857142858,212.03925927209616,1.8571428571428572
Aug 16 2019 01: +0,22.288,4,Galil AR | Chatterbox (Field-Tested),2019-08-16,22.288,4,Galil AR | Chatterbox (Field-Tested),0.09367386674658872,9.36738667465887,0.09367386674658872,True,20.84864285714286,212.05193343958774,1.7857142857142858
Aug 17 2019 01: +0,21.432,2,Galil AR | Chatterbox (Field-Tested),2019-08-17,21.432,2,Galil AR | Chatterbox (Field-Tested),-0.039163284795142306,-3.9163284795142306,0.039163284795142306,False,21.022000000000002,212.25392211306087,1.8571428571428572
Aug 18 2019 01: +0,23.479,1,Galil AR | Chatterbox (Field-Tested),2019-08-18,23.479,1,Galil AR | Chatterbox (Field-Tested),0.09122127237281283,9.122127237281283,0.09122127237281283,True,21.272785714285714,214.47463699521734,1.7857142857142858
Aug 20 2019 01: +0,20.423,2,Galil AR | Chatterbox (Field-Tested),2019-08-20,20.423,2,Galil AR | Chatterbox (Field-Tested),-0.13944468788009956,-13.944468788009956,0.13944468788009956,True,21.321357142857146,220.25748668944192,1.8571428571428572
Aug 22 2019 01: +0,21.246,3,Galil AR | Chatterbox (Field-Tested),2019-08-22,21.246,3,Galil AR | Chatterbox (Field-Tested),0.03950692562280078,3.950692562280078,0.03950692562280078,False,21.33042857142857,219.7463749328647,1.9285714285714286
Aug 23 2019 01: +0,21.398,2,Galil AR | Chatterbox (Field-Tested),2019-08-23,21.398,2,Galil AR | Chatterbox (Field-Tested),0.007128817358593067,0.7128817358593067,0.007128817358593067,False,21.50614285714286,208.47134480388223,1.9285714285714286
Aug 24 2019 01: +0,19.29,3,Galil AR | Chatterbox (Field-Tested),2019-08-24,19.29,3,Galil AR | Chatterbox (Field-Tested),-0.10371063279877712,-10.371063279877713,0.10371063279877712,True,21.270714285714284,209.22178581769862,2.0714285714285716
Aug 25 2019 01: +0,16.913,1,Galil AR | Chatterbox (Field-Tested),2019-08-25,16.913,1,Galil AR | Chatterbox (Field-Tested),-0.13150426992573266,-13.150426992573266,0.13150426992573266,True,20.8655,211.75821850794594,2.0714285714285716
Aug 26 2019 01: +0,21.623,2,Galil AR | Chatterbox (Field-Tested),2019-08-26,21.623,2,Galil AR | Chatterbox (Field-Tested),0.2456750059998531,24.56750059998531,0.2456750059998531,True,20.791357142857144,220.57332506653228,2.142857142857143
Aug 28 2019 01: +0,21.623,1,Galil AR | Chatterbox (Field-Tested),2019-08-28,21.623,1,Galil AR | Chatterbox (Field-Tested),0.0,0.0,0.0,False,20.964714285714283,212.3420949181166,2.142857142857143
Aug 29 2019 01: +0,22.501,1,Galil AR | Chatterbox (Field-Tested),2019-08-29,22.501,1,Galil AR | Chatterbox (Field-Tested),0.0398021896754358,3.9802189675435797,0.0398021896754358,False,20.95114285714286,204.99555127065287,2.0714285714285716
Aug 30 2019 01: +0,18.919,1,Galil AR | Chatterbox (Field-Tested),2019-08-30,18.919,1,Galil AR | Chatterbox (Field-Tested),-0.17339304456291163,-17.339304456291163,0.17339304456291163,True,20.705571428571428,213.63034284494668,1.8571428571428572
Aug 31 2019 01: +0,20.558,2,Galil AR | Chatterbox (Field-Tested),2019-08-31,20.558,2,Galil AR | Chatterbox (Field-Tested),0.08308345148644784,8.308345148644785,0.08308345148644784,True,20.856285714285715,206.78101582678372,1.8571428571428572
Sep 01 2019 01: +0,22.057,3,Galil AR | Chatterbox (Field-Tested),2019-09-01,22.057,3,Galil AR | Chatterbox (Field-Tested),0.07037985223972065,7.037985223972065,0.07037985223972065,True,20.982142857142858,208.1516287873659,2.0
Sep 02 2019 01: +0,22.052,2,Galil AR | Chatterbox (Field-Tested),2019-09-02,22.052,2,Galil AR | Chatterbox (Field-Tested),-0.0002267111030136102,-0.02267111030136102,0.0002267111030136102,False,20.965285714285717,207.46217069577727,1.8571428571428572
Sep 03 2019 01: +0,22.833,2,Galil AR | Chatterbox (Field-Tested),2019-09-03,22.833,2,Galil AR | Chatterbox (Field-Tested),0.03480355722592691,3.480355722592691,0.03480355722592691,False,21.065357142857145,203.33599972304594,1.8571428571428572
Sep 04 2019 01: +0,22.051,1,Galil AR | Chatterbox (Field-Tested),2019-09-04,22.051,1,Galil AR | Chatterbox (Field-Tested),-0.034848905614933354,-3.4848905614933354,0.034848905614933354,False,20.96335714285714,203.5106012527297,1.8571428571428572
Sep 05 2019 01: +0,22.143,1,Galil AR | Chatterbox (Field-Tested),2019-09-05,22.143,1,Galil AR | Chatterbox (Field-Tested),0.004163467117594123,0.41634671175941235,0.004163467117594123,False,21.086214285714284,202.2727115900509,1.7857142857142858
Sep 06 2019 01: +0,21.831,4,Galil AR | Chatterbox (Field-Tested),2019-09-06,21.831,4,Galil AR | Chatterbox (Field-Tested),-0.01419044142296593,-1.419044142296593,0.01419044142296593,False,21.128000000000004,201.7341901317821,1.8571428571428572
Sep 07 2019 01: +0,24.376,2,Galil AR | Chatterbox (Field-Tested),2019-09-07,24.376,2,Galil AR | Chatterbox (Field-Tested),0.11026806365034894,11.026806365034894,0.11026806365034894,True,21.340714285714288,205.080070485803,1.8571428571428572
Sep 08 2019 01: +0,20.901,3,Galil AR | Chatterbox (Field-Tested),2019-09-08,20.901,3,Galil AR | Chatterbox (Field-Tested),-0.15380203696731645,-15.380203696731645,0.15380203696731645,True,21.455785714285717,211.3049144665499,1.8571428571428572
Sep 09 2019 01: +0,22.517,3,Galil AR | Chatterbox (Field-Tested),2019-09-09,22.517,3,Galil AR | Chatterbox (Field-Tested),0.07447357476143145,7.447357476143145,0.07447357476143145,True,21.85607142857143,209.11035430219042,2.0
Sep 10 2019 01: +0,22.653,3,Galil AR | Chatterbox (Field-Tested),2019-09-10,22.653,3,Galil AR | Chatterbox (Field-Tested),0.006021714011875198,0.6021714011875198,0.006021714011875198,False,21.929642857142856,199.87894417161257,2.0714285714285716
Sep 11 2019 01: +0,20.387,3,Galil AR | Chatterbox (Field-Tested),2019-09-11,20.387,3,Galil AR | Chatterbox (Field-Tested),-0.10539485067439626,-10.539485067439626,0.10539485067439626,True,21.84135714285714,203.23802352606202,2.2142857142857144
Sep 12 2019 01: +0,21.494,3,Galil AR | Chatterbox (Field-Tested),2019-09-12,21.494,3,Galil AR | Chatterbox (Field-Tested),0.05287638360395966,5.287638360395966,0.05287638360395966,True,21.76942857142857,204.17762502526554,2.357142857142857
Sep 13 2019 01: +0,21.14,7,Galil AR | Chatterbox (Field-Tested),2019-09-13,21.14,7,Galil AR | Chatterbox (Field-Tested),-0.0166068459768699,-1.66068459768699,0.0166068459768699,False,21.928071428571428,195.52495538705784,2.7857142857142856
Sep 14 2019 01: +0,22.231,3,Galil AR | Chatterbox (Field-Tested),2019-09-14,22.231,3,Galil AR | Chatterbox (Field-Tested),0.050320730777762966,5.032073077776297,0.050320730777762966,True,22.047571428571427,187.25548487676778,2.857142857142857
Sep 15 2019 01: +0,18.631,3,Galil AR | Chatterbox (Field-Tested),2019-09-15,18.631,3,Galil AR | Chatterbox (Field-Tested),-0.17666085118163774,-17.666085118163775,0.17666085118163774,True,21.802857142857142,197.0464156021243,2.857142857142857
Sep 16 2019 01: +0,20.114,7,Galil AR | Chatterbox (Field-Tested),2019-09-16,20.114,7,Galil AR | Chatterbox (Field-Tested),0.07658922998407183,7.658922998407183,0.07658922998407183,True,21.664428571428573,187.14971820904302,3.2142857142857144
Sep 17 2019 01: +0,21.589,1,Galil AR | Chatterbox (Field-Tested),2019-09-17,21.589,1,Galil AR | Chatterbox (Field-Tested),0.07076783569203335,7.076783569203335,0.07076783569203335,True,21.57557142857143,185.80834735034068,3.142857142857143
Sep 20 2019 01: +0,20.929,5,Galil AR | Chatterbox (Field-Tested),2019-09-20,20.929,5,Galil AR | Chatterbox (Field-Tested),-0.03104816870648136,-3.1048168706481363,0.03104816870648136,False,21.495428571428572,183.14224150302692,3.4285714285714284
Sep 21 2019 01: +0,22.813,1,Galil AR | Chatterbox (Field-Tested),2019-09-21,22.813,1,Galil AR | Chatterbox (Field-Tested),0.08619479190289714,8.619479190289713,0.08619479190289714,True,21.543285714285712,185.15772016489322,3.4285714285714284
Sep 22 2019 01: +0,24.147,3,Galil AR | Chatterbox (Field-Tested),2019-09-22,24.147,3,Galil AR | Chatterbox (Field-Tested),0.05682959986896862,5.682959986896862,0.05682959986896862,True,21.708714285714287,183.45458601488036,3.357142857142857
Sep 24 2019 01: +0,19.76,1,Galil AR | Chatterbox (Field-Tested),2019-09-24,19.76,1,Galil AR | Chatterbox (Field-Tested),-0.2005004564599846,-20.05004564599846,0.2005004564599846,True,21.378999999999998,190.4380788796775,3.2857142857142856
Sep 25 2019 01: +0,27.055,1,Galil AR | Chatterbox (Field-Tested),2019-09-25,27.055,1,Galil AR | Chatterbox (Field-Tested),0.3142121387749767,31.42121387749767,0.3142121387749767,True,21.818571428571428,219.67238976394418,3.142857142857143
Sep 26 2019 01: +0,21.074,2,Galil AR | Chatterbox (Field-Tested),2019-09-26,21.074,2,Galil AR | Chatterbox (Field-Tested),-0.24983177791736258,-24.983177791736257,0.24983177791736258,True,21.7155,237.38045320364938,3.0714285714285716
Sep 28 2019 01: +0,21.009,3,Galil AR | Chatterbox (Field-Tested),2019-09-28,21.009,3,Galil AR | Chatterbox (Field-Tested),-0.0030891358358455493,-0.30891358358455495,0.0030891358358455493,False,21.598071428571433,234.45111648094556,3.0714285714285716
Sep 29 2019 01: +0,23.535,1,Galil AR | Chatterbox (Field-Tested),2019-09-29,23.535,1,Galil AR | Chatterbox (Field-Tested),0.11353775751161516,11.353775751161516,0.11353775751161516,True,21.822928571428573,232.34840084127336,2.9285714285714284
Sep 30 2019 01: +0,19.868,1,Galil AR | Chatterbox (Field-Tested),2019-09-30,19.868,1,Galil AR | Chatterbox (Field-Tested),-0.16937827760800164,-16.937827760800165,0.16937827760800164,True,21.70678571428571,224.5618466553059,2.7857142857142856
Oct 01 2019 01: +0,23.571,1,Galil AR | Chatterbox (Field-Tested),2019-10-01,23.571,1,Galil AR | Chatterbox (Field-Tested),0.17090674561669025,17.090674561669026,0.17090674561669025,True,21.880428571428574,232.60091695920502,2.357142857142857
Oct 03 2019 01: +0,23.352,1,Galil AR | Chatterbox (Field-Tested),2019-10-03,23.352,1,Galil AR | Chatterbox (Field-Tested),-0.009334509309980626,-0.9334509309980625,0.009334509309980626,False,21.9605,232.25028719632314,2.2142857142857144
Oct 04 2019 01: +0,18.684,2,Galil AR | Chatterbox (Field-Tested),2019-10-04,18.684,2,Galil AR | Chatterbox (Field-Tested),-0.22301509091195204,-22.301509091195204,0.22301509091195204,True,21.964285714285715,237.53126622688336,2.142857142857143
Oct 05 2019 01: +0,20.562,2,Galil AR | Chatterbox (Field-Tested),2019-10-05,20.562,2,Galil AR | Chatterbox (Field-Tested),0.09577716948066525,9.577716948066525,0.09577716948066525,True,21.996285714285715,238.13339907030772,1.7857142857142858
Oct 08 2019 01: +0,22.722,2,Galil AR | Chatterbox (Field-Tested),2019-10-08,22.722,2,Galil AR | Chatterbox (Field-Tested),0.09988890602718595,9.988890602718595,0.09988890602718595,True,22.077214285714287,239.44979530843477,1.8571428571428572
Oct 09 2019 01: +0,19.673,1,Galil AR | Chatterbox (Field-Tested),2019-10-09,19.673,1,Galil AR | Chatterbox (Field-Tested),-0.14408648085358428,-14.408648085358427,0.14408648085358428,True,21.987500000000004,244.7411658908657,1.5714285714285714
Oct 11 2019 01: +0,21.784,2,Galil AR | Chatterbox (Field-Tested),2019-10-11,21.784,2,Galil AR | Chatterbox (Field-Tested),0.10192861807732985,10.192861807732985,0.10192861807732985,True,21.913999999999998,247.1817407264472,1.6428571428571428
Oct 12 2019 01: +0,21.327,2,Galil AR | Chatterbox (Field-Tested),2019-10-12,21.327,2,Galil AR | Chatterbox (Field-Tested),-0.021201879756002545,-2.1201879756002544,0.021201879756002545,False,21.71257142857143,246.99623856763404,1.5714285714285714
Oct 13 2019 01: +0,19.013,1,Galil AR | Chatterbox (Field-Tested),2019-10-13,19.013,1,Galil AR | Chatterbox (Field-Tested),-0.11485091988800669,-11.485091988800669,0.11485091988800669,True,21.659214285714288,250.1447770432331,1.5714285714285714
Oct 14 2019 01: +0,19.547,7,Galil AR | Chatterbox (Field-Tested),2019-10-14,19.547,7,Galil AR | Chatterbox (Field-Tested),0.027698866243435677,2.7698866243435676,0.027698866243435677,False,21.12292857142857,250.37937944906855,2.0
Oct 15 2019 01: +0,17.303,1,Galil AR | Chatterbox (Field-Tested),2019-10-15,17.303,1,Galil AR | Chatterbox (Field-Tested),-0.12194192509637346,-12.194192509637345,0.12194192509637346,True,20.853571428571428,250.1788908801319,1.9285714285714286
Oct 16 2019 01: +0,22.055,2,Galil AR | Chatterbox (Field-Tested),2019-10-16,22.055,2,Galil AR | Chatterbox (Field-Tested),0.24265943668239165,24.265943668239164,0.24265943668239165,True,20.928285714285717,259.815460289842,1.8571428571428572
Oct 17 2019 01: +0,21.235,1,Galil AR | Chatterbox (Field-Tested),2019-10-17,21.235,1,Galil AR | Chatterbox (Field-Tested),-0.03788856979166853,-3.7888569791668534,0.03788856979166853,False,20.764000000000003,258.81341574159234,1.8571428571428572
Oct 18 2019 01: +0,20.66,5,Galil AR | Chatterbox (Field-Tested),2019-10-18,20.66,5,Galil AR | Chatterbox (Field-Tested),-0.02745130007374191,-2.745130007374191,0.02745130007374191,False,20.82057142857143,258.9469089459544,2.142857142857143
Oct 19 2019 01: +0,20.152,2,Galil AR | Chatterbox (Field-Tested),2019-10-19,20.152,2,Galil AR | Chatterbox (Field-Tested),-0.024895924641183332,-2.489592464118333,0.024895924641183332,False,20.576357142857145,256.45359082799104,2.2142857142857144
Oct 20 2019 01: +0,22.686,2,Galil AR | Chatterbox (Field-Tested),2019-10-20,22.686,2,Galil AR | Chatterbox (Field-Tested),0.11844445508654167,11.844445508654166,0.11844445508654167,True,20.528785714285714,259.17294803947857,2.2857142857142856
Oct 21 2019 01: +0,20.272,2,Galil AR | Chatterbox (Field-Tested),2019-10-21,20.272,2,Galil AR | Chatterbox (Field-Tested),-0.1125073705580677,-11.25073705580677,0.1125073705580677,True,20.642214285714285,262.1715158184213,2.2857142857142856
Oct 22 2019 01: +0,19.285,3,Galil AR | Chatterbox (Field-Tested),2019-10-22,19.285,3,Galil AR | Chatterbox (Field-Tested),-0.049913031918591984,-4.991303191859198,0.049913031918591984,False,20.551000000000005,262.01402273080225,2.357142857142857
Oct 23 2019 01: +0,19.168,2,Galil AR | Chatterbox (Field-Tested),2019-10-23,19.168,2,Galil AR | Chatterbox (Field-Tested),-0.006085369727152341,-0.6085369727152341,0.006085369727152341,False,20.29714285714286,254.57684904815642,2.357142857142857
Oct 24 2019 01: +0,19.426,2,Galil AR | Chatterbox (Field-Tested),2019-10-24,19.426,2,Galil AR | Chatterbox (Field-Tested),0.013370153047099891,1.337015304709989,0.013370153047099891,False,20.279500000000002,253.1637441112093,2.4285714285714284
Oct 25 2019 01: +0,18.367,3,Galil AR | Chatterbox (Field-Tested),2019-10-25,18.367,3,Galil AR | Chatterbox (Field-Tested),-0.05605679883374076,-5.605679883374076,0.05605679883374076,True,20.03542857142857,252.49265350314656,2.5
Oct 26 2019 01: +0,19.298,2,Galil AR | Chatterbox (Field-Tested),2019-10-26,19.298,2,Galil AR | Chatterbox (Field-Tested),0.049445887451794034,4.944588745179403,0.049445887451794034,False,19.8905,253.02354087821178,2.5
Oct 27 2019 01: +0,17.011,2,Galil AR | Chatterbox (Field-Tested),2019-10-27,17.011,2,Galil AR | Chatterbox (Field-Tested),-0.12614126997074623,-12.614126997074623,0.12614126997074623,True,19.747500000000002,254.46959169322372,2.5714285714285716
Oct 28 2019 01: +0,20.054,1,Galil AR | Chatterbox (Field-Tested),2019-10-28,20.054,1,Galil AR | Chatterbox (Field-Tested),0.16456844147428773,16.45684414742877,0.16456844147428773,True,19.783714285714286,260.7174432428207,2.142857142857143
Oct 29 2019 01: +0,19.886,2,Galil AR | Chatterbox (Field-Tested),2019-10-29,19.886,2,Galil AR | Chatterbox (Field-Tested),-0.008412668543851722,-0.8412668543851722,0.008412668543851722,False,19.968214285714286,251.13211479901292,2.2142857142857144
Oct 30 2019 01: +0,20.41,5,Galil AR | Chatterbox (Field-Tested),2019-10-30,20.41,5,Galil AR | Chatterbox (Field-Tested),0.02600901026387153,2.6009010263871533,0.02600901026387153,False,19.850714285714286,224.48409180356327,2.4285714285714284
Oct 31 2019 01: +0,20.146,3,Galil AR | Chatterbox (Field-Tested),2019-10-31,20.146,3,Galil AR | Chatterbox (Field-Tested),-0.013019219301264052,-1.3019219301264051,0.013019219301264052,False,19.77292857142857,207.083096539316,2.5714285714285716
Nov 01 2019 01: +0,22.963,2,Galil AR | Chatterbox (Field-Tested),2019-11-01,22.963,2,Galil AR | Chatterbox (Field-Tested),0.13087846741624382,13.087846741624382,0.13087846741624382,True,19.937428571428573,212.16372836118433,2.357142857142857
Nov 02 2019 01: +0,19.923,4,Galil AR | Chatterbox (Field-Tested),2019-11-02,19.923,4,Galil AR | Chatterbox (Field-Tested),-0.142009381710047,-14.200938171004701,0.142009381710047,True,19.92107142857143,214.1165969586407,2.5
Nov 03 2019 01: +0,20.173,3,Galil AR | Chatterbox (Field-Tested),2019-11-03,20.173,3,Galil AR | Chatterbox (Field-Tested),0.012470233425527234,1.2470233425527233,0.012470233425527234,False,19.74157142857143,205.8400442586657,2.5714285714285716
Nov 04 2019 01: +0,22.463,3,Galil AR | Chatterbox (Field-Tested),2019-11-04,22.463,3,Galil AR | Chatterbox (Field-Tested),0.10752443453081954,10.752443453081954,0.10752443453081954,True,19.898071428571427,200.35021057662684,2.642857142857143
Nov 05 2019 01: +0,18.74,1,Galil AR | Chatterbox (Field-Tested),2019-11-05,18.74,1,Galil AR | Chatterbox (Field-Tested),-0.1812092343727571,-18.12092343727571,0.1812092343727571,True,19.85914285714286,209.9256369471702,2.5
Nov 06 2019 01: +0,20.157,1,Galil AR | Chatterbox (Field-Tested),2019-11-06,20.157,1,Galil AR | Chatterbox (Field-Tested),0.07289134579584666,7.289134579584666,0.07289134579584666,True,19.929785714285718,196.61280444902124,2.4285714285714284
Nov 08 2019 01: +0,20.509,1,Galil AR | Chatterbox (Field-Tested),2019-11-08,20.509,1,Galil AR | Chatterbox (Field-Tested),0.0173121915854732,1.7312191585473198,0.0173121915854732,False,20.007142857142856,193.81403925560448,2.357142857142857
Nov 09 2019 01: +0,21.388,2,Galil AR | Chatterbox (Field-Tested),2019-11-09,21.388,2,Galil AR | Chatterbox (Field-Tested),0.04196620289488947,4.196620289488947,0.04196620289488947,False,20.222928571428575,191.08738704001715,2.2857142857142856
Nov 10 2019 01: +0,20.73,2,Galil AR | Chatterbox (Field-Tested),2019-11-10,20.73,2,Galil AR | Chatterbox (Field-Tested),-0.03124809063879695,-3.124809063879695,0.03124809063879695,False,20.325214285714285,184.46718459792967,2.2857142857142856
Nov 12 2019 01: +0,21.515,1,Galil AR | Chatterbox (Field-Tested),2019-11-12,21.515,1,Galil AR | Chatterbox (Field-Tested),0.03716843984287464,3.7168439842874643,0.03716843984287464,False,20.64692857142857,181.3979771682979,2.2142857142857144
Nov 14 2019 01: +0,19.112,2,Galil AR | Chatterbox (Field-Tested),2019-11-14,19.112,2,Galil AR | Chatterbox (Field-Tested),-0.11843395626705468,-11.843395626705467,0.11843395626705468,True,20.579642857142858,185.91467078521367,2.2857142857142856
Nov 15 2019 01: +0,22.502,2,Galil AR | Chatterbox (Field-Tested),2019-11-15,22.502,2,Galil AR | Chatterbox (Field-Tested),0.16328778412537182,16.328778412537183,0.16328778412537182,True,20.7665,190.24000078593374,2.2857142857142856
Nov 17 2019 01: +0,24.158,3,Galil AR | Chatterbox (Field-Tested),2019-11-17,24.158,3,Galil AR | Chatterbox (Field-Tested),0.07101139403420655,7.101139403420655,0.07101139403420655,True,21.034214285714288,191.468708535712,2.142857142857143
Nov 19 2019 01: +0,25.144,12,Galil AR | Chatterbox (Field-Tested),2019-11-19,25.144,12,Galil AR | Chatterbox (Field-Tested),0.04000371131217962,4.000371131217962,0.04000371131217962,False,21.391214285714288,185.99007492534838,2.7857142857142856
Nov 21 2019 01: +0,20.051,2,Galil AR | Chatterbox (Field-Tested),2019-11-21,20.051,2,Galil AR | Chatterbox (Field-Tested),-0.22634027167469956,-22.634027167469956,0.22634027167469956,True,21.183214285714286,184.8700808884501,2.7857142857142856
Nov 22 2019 01: +0,21.49,3,Galil AR | Chatterbox (Field-Tested),2019-11-22,21.49,3,Galil AR | Chatterbox (Field-Tested),0.06930868283385218,6.930868283385218,0.06930868283385218,True,21.295142857142856,186.11378936102,2.7142857142857144
Nov 23 2019 01: +0,20.393,4,Galil AR | Chatterbox (Field-Tested),2019-11-23,20.393,4,Galil AR | Chatterbox (Field-Tested),-0.0523960059442089,-5.2396005944208905,0.0523960059442089,True,21.31085714285714,186.78575564784666,2.7857142857142856
Nov 24 2019 01: +0,19.958,2,Galil AR | Chatterbox (Field-Tested),2019-11-24,19.958,2,Galil AR | Chatterbox (Field-Tested),-0.021561639248089345,-2.1561639248089346,0.021561639248089345,False,21.131928571428574,186.734408744672,2.7142857142857144
Nov 25 2019 01: +0,19.346,5,Galil AR | Chatterbox (Field-Tested),2019-11-25,19.346,5,Galil AR | Chatterbox (Field-Tested),-0.031144385701765438,-3.1144385701765436,0.031144385701765438,False,21.175214285714286,181.9892040741327,3.0
Nov 26 2019 01: +0,20.488,1,Galil AR | Chatterbox (Field-Tested),2019-11-26,20.488,1,Galil AR | Chatterbox (Field-Tested),0.057353669136868894,5.73536691368689,0.057353669136868894,True,21.198857142857147,179.0164208640263,3.0
Nov 27 2019 01: +0,21.842,3,Galil AR | Chatterbox (Field-Tested),2019-11-27,21.842,3,Galil AR | Chatterbox (Field-Tested),0.06399537287831257,6.399537287831257,0.06399537287831257,True,21.29407142857143,179.39957623792378,3.142857142857143
Nov 28 2019 01: +0,19.902,1,Galil AR | Chatterbox (Field-Tested),2019-11-28,19.902,1,Galil AR | Chatterbox (Field-Tested),-0.09301449258256614,-9.301449258256614,0.09301449258256614,True,21.187928571428575,182.55842976958846,3.0714285714285716
Nov 30 2019 01: +0,21.482,4,Galil AR | Chatterbox (Field-Tested),2019-11-30,21.482,4,Galil AR | Chatterbox (Field-Tested),0.0763951459828848,7.63951459828848,0.0763951459828848,True,21.24164285714286,184.39930153536517,3.2142857142857144
Dec 01 2019 01: +0,23.317,3,Galil AR | Chatterbox (Field-Tested),2019-12-01,23.317,3,Galil AR | Chatterbox (Field-Tested),0.08196733309100067,8.196733309100066,0.08196733309100067,True,21.37035714285715,185.08588111184022,3.357142857142857
Dec 02 2019 01: +0,22.845,2,Galil AR | Chatterbox (Field-Tested),2019-12-02,22.845,2,Galil AR | Chatterbox (Field-Tested),-0.020450433251621086,-2.0450433251621085,0.020450433251621086,False,21.637,184.71912934978386,3.357142857142857
Dec 04 2019 01: +0,21.482,1,Galil AR | Chatterbox (Field-Tested),2019-12-04,21.482,1,Galil AR | Chatterbox (Field-Tested),-0.06151689983937955,-6.151689983937955,0.06151689983937955,True,21.56414285714286,180.23810682202458,3.2857142857142856
Dec 05 2019 01: +0,19.261,3,Galil AR | Chatterbox (Field-Tested),2019-12-05,19.261,3,Galil AR | Chatterbox (Field-Tested),-0.1091330490737699,-10.91330490737699,0.1091330490737699,True,21.214357142857143,175.492823924185,3.2857142857142856
Dec 06 2019 01: +0,22.98,1,Galil AR | Chatterbox (Field-Tested),2019-12-06,22.98,1,Galil AR | Chatterbox (Field-Tested),0.1765419463185244,17.65419463185244,0.1765419463185244,True,21.059785714285717,186.09317849544655,2.5
Dec 07 2019 01: +0,23.468,5,Galil AR | Chatterbox (Field-Tested),2019-12-07,23.468,5,Galil AR | Chatterbox (Field-Tested),0.021013518643003878,2.101351864300388,0.021013518643003878,False,21.30385714285714,186.02973615701438,2.7142857142857144
Dec 08 2019 01: +0,31.509,1,Galil AR | Chatterbox (Field-Tested),2019-12-08,31.509,1,Galil AR | Chatterbox (Field-Tested),0.2946354282451346,29.46354282451346,0.2946354282451346,True,22.0195,211.55215164940512,2.5714285714285716
Dec 10 2019 01: +0,22.467,2,Galil AR | Chatterbox (Field-Tested),2019-12-10,22.467,2,Galil AR | Chatterbox (Field-Tested),-0.3382256533734083,-33.82256533734083,0.3382256533734083,True,22.167642857142855,240.486743048044,2.4285714285714284
Dec 11 2019 01: +0,22.0,1,Galil AR | Chatterbox (Field-Tested),2019-12-11,22.0,1,Galil AR | Chatterbox (Field-Tested),-0.0210051125770238,-2.10051125770238,0.0210051125770238,False,22.3135,235.18488410795354,2.357142857142857
Dec 12 2019 01: +0,19.888,2,Galil AR | Chatterbox (Field-Tested),2019-12-12,19.888,2,Galil AR | Chatterbox (Field-Tested),-0.10092591858996053,-10.092591858996053,0.10092591858996053,True,22.35221428571429,237.93865309806108,2.142857142857143
Dec 13 2019 01: +0,22.201,3,Galil AR | Chatterbox (Field-Tested),2019-12-13,22.201,3,Galil AR | Chatterbox (Field-Tested),0.11002079814042594,11.002079814042593,0.11002079814042594,True,22.47457142857143,238.0828147872644,2.2857142857142856
Dec 14 2019 01: +0,22.155,3,Galil AR | Chatterbox (Field-Tested),2019-12-14,22.155,3,Galil AR | Chatterbox (Field-Tested),-0.002074128257328339,-0.2074128257328339,0.002074128257328339,False,22.496928571428572,228.9848660107387,2.2857142857142856
Dec 15 2019 01: +0,23.565,5,Galil AR | Chatterbox (Field-Tested),2019-12-15,23.565,5,Galil AR | Chatterbox (Field-Tested),0.06169935572424129,6.169935572424129,0.06169935572424129,True,22.75857142857143,228.60374740471747,2.5714285714285716
Dec 17 2019 01: +0,22.611,1,Galil AR | Chatterbox (Field-Tested),2019-12-17,22.611,1,Galil AR | Chatterbox (Field-Tested),-0.04132604684625171,-4.132604684625171,0.04132604684625171,False,22.839214285714288,229.12733811253054,2.357142857142857
Dec 19 2019 01: +0,23.579,1,Galil AR | Chatterbox (Field-Tested),2019-12-19,23.579,1,Galil AR | Chatterbox (Field-Tested),0.041919971859468094,4.19199718594681,0.041919971859468094,False,22.857928571428573,229.1263555338407,2.2142857142857144
Dec 20 2019 01: +0,26.944,1,Galil AR | Chatterbox (Field-Tested),2019-12-20,26.944,1,Galil AR | Chatterbox (Field-Tested),0.13340415267100558,13.340415267100559,0.13340415267100558,True,23.150714285714287,233.16825916953619,2.142857142857143
Dec 21 2019 01: +0,23.143,3,Galil AR | Chatterbox (Field-Tested),2019-12-21,23.143,3,Galil AR | Chatterbox (Field-Tested),-0.15206827906239115,-15.206827906239115,0.15206827906239115,True,23.269357142857142,239.52066774875001,2.2857142857142856
Dec 23 2019 01: +0,24.557,4,Galil AR | Chatterbox (Field-Tested),2019-12-23,24.557,4,Galil AR | Chatterbox (Field-Tested),0.059304586983384054,5.9304586983384056,0.059304586983384054,True,23.64764285714286,236.233092401415,2.357142857142857
Dec 24 2019 01: +0,23.604,2,Galil AR | Chatterbox (Field-Tested),2019-12-24,23.604,2,Galil AR | Chatterbox (Field-Tested),-0.0395807567859869,-3.95807567859869,0.0395807567859869,False,23.692214285714282,230.00316895893116,2.4285714285714284
Dec 25 2019 01: +0,26.115,2,Galil AR | Chatterbox (Field-Tested),2019-12-25,26.115,2,Galil AR | Chatterbox (Field-Tested),0.10109367269333965,10.109367269333964,0.10109367269333965,True,23.881285714285717,231.38111409483204,2.2142857142857144
Dec 26 2019 01: +0,24.291,2,Galil AR | Chatterbox (Field-Tested),2019-12-26,24.291,2,Galil AR | Chatterbox (Field-Tested),-0.07240395051617504,-7.240395051617504,0.07240395051617504,True,23.365714285714287,232.41358019950238,2.2857142857142856
Dec 27 2019 01: +0,22.268,2,Galil AR | Chatterbox (Field-Tested),2019-12-27,22.268,2,Galil AR | Chatterbox (Field-Tested),-0.0869552410508257,-8.69552410508257,0.0869552410508257,True,23.351500000000005,220.1787794238103,2.2857142857142856
Dec 28 2019 01: +0,22.299,1,Galil AR | Chatterbox (Field-Tested),2019-12-28,22.299,1,Galil AR | Chatterbox (Field-Tested),0.0013911640900047745,0.13911640900047745,0.0013911640900047745,False,23.372857142857146,218.89437569238322,2.2857142857142856
Dec 30 2019 01: +0,24.54,2,Galil AR | Chatterbox (Field-Tested),2019-12-30,24.54,2,Galil AR | Chatterbox (Field-Tested),0.0957626048714993,9.57626048714993,0.0957626048714993,True,23.705142857142857,220.4209497257439,2.2857142857142856
Dec 31 2019 01: +0,26.296,3,Galil AR | Chatterbox (Field-Tested),2019-12-31,26.296,3,Galil AR | Chatterbox (Field-Tested),0.06911239707915301,6.911239707915301,0.06911239707915301,True,23.99764285714286,221.25264231548906,2.2857142857142856
Jan 03 2020 01: +0,28.898,2,Galil AR | Chatterbox (Field-Tested),2020-01-03,28.898,2,Galil AR | Chatterbox (Field-Tested),0.0943555522095012,9.435555220950121,0.0943555522095012,True,24.479285714285712,222.69867676056356,2.2142857142857144
Jan 04 2020 01: +0,28.878,1,Galil AR | Chatterbox (Field-Tested),2020-01-04,28.878,1,Galil AR | Chatterbox (Field-Tested),-0.0006923290223921322,-0.06923290223921322,0.0006923290223921322,False,24.858785714285716,222.17573411558047,1.9285714285714286
Jan 07 2020 01: +0,23.767,1,Galil AR | Chatterbox (Field-Tested),2020-01-07,23.767,1,Galil AR | Chatterbox (Field-Tested),-0.19478199564979778,-19.47819956497978,0.19478199564979778,True,24.941357142857147,232.56430971555466,1.9285714285714286
Jan 08 2020 01: +0,24.186,1,Galil AR | Chatterbox (Field-Tested),2020-01-08,24.186,1,Galil AR | Chatterbox (Field-Tested),0.017475889463854304,1.7475889463854304,0.017475889463854304,False,24.984714285714286,230.0133750632251,1.9285714285714286
Jan 09 2020 01: +0,27.749,3,Galil AR | Chatterbox (Field-Tested),2020-01-09,27.749,3,Galil AR | Chatterbox (Field-Tested),0.1374258501440101,13.74258501440101,0.1374258501440101,True,25.042214285714287,233.30912149908806,2.0714285714285716
Jan 11 2020 01: +0,28.147,1,Galil AR | Chatterbox (Field-Tested),2020-01-11,28.147,1,Galil AR | Chatterbox (Field-Tested),0.014240973463356225,1.4240973463356226,0.014240973463356225,False,25.399642857142858,231.8173333461366,1.9285714285714286
Jan 13 2020 01: +0,25.33,3,Galil AR | Chatterbox (Field-Tested),2020-01-13,25.33,3,Galil AR | Chatterbox (Field-Tested),-0.10545131295686645,-10.545131295686645,0.10545131295686645,True,25.454857142857144,234.92590255141818,1.8571428571428572
Jan 14 2020 01: +0,23.653,3,Galil AR | Chatterbox (Field-Tested),2020-01-14,23.653,3,Galil AR | Chatterbox (Field-Tested),-0.06849950722611764,-6.849950722611764,0.06849950722611764,True,25.458357142857146,235.1813965117175,1.9285714285714286
Jan 15 2020 01: +0,26.599,4,Galil AR | Chatterbox (Field-Tested),2020-01-15,26.599,4,Galil AR | Chatterbox (Field-Tested),0.11738366430855328,11.738366430855327,0.11738366430855328,True,25.49292857142857,234.83454350267564,2.0714285714285716
Jan 18 2020 01: +0,20.727,1,Galil AR | Chatterbox (Field-Tested),2020-01-18,20.727,1,Galil AR | Chatterbox (Field-Tested),-0.24943642292125193,-24.943642292125194,0.24943642292125193,True,25.238357142857144,243.81946381709662,2.0
Jan 19 2020 01: +0,27.188,2,Galil AR | Chatterbox (Field-Tested),2020-01-19,27.188,2,Galil AR | Chatterbox (Field-Tested),0.2713385013096243,27.13385013096243,0.2713385013096243,True,25.589785714285714,261.9403343334275,2.0
Jan 20 2020 01: +0,27.44,4,Galil AR | Chatterbox (Field-Tested),2020-01-20,27.44,4,Galil AR | Chatterbox (Field-Tested),0.009226103373292853,0.9226103373292852,0.009226103373292853,False,25.956999999999997,240.22484960569628,2.2142857142857144
Jan 21 2020 01: +0,28.913,1,Galil AR | Chatterbox (Field-Tested),2020-01-21,28.913,1,Galil AR | Chatterbox (Field-Tested),0.05228951810849084,5.228951810849084,0.05228951810849084,True,26.269357142857142,208.48786333188752,2.142857142857143
Jan 22 2020 01: +0,24.581,1,Galil AR | Chatterbox (Field-Tested),2020-01-22,24.581,1,Galil AR | Chatterbox (Field-Tested),-0.16231753417333086,-16.231753417333085,0.16231753417333086,True,26.146857142857147,216.66346134865964,2.0
Jan 23 2020 01: +0,29.166,1,Galil AR | Chatterbox (Field-Tested),2020-01-23,29.166,1,Galil AR | Chatterbox (Field-Tested),0.17102986049852906,17.102986049852905,0.17102986049852906,True,26.166,220.8601559217881,1.9285714285714286
Jan 24 2020 01: +0,25.889,3,Galil AR | Chatterbox (Field-Tested),2020-01-24,25.889,3,Galil AR | Chatterbox (Field-Tested),-0.11918547922560864,-11.918547922560863,0.11918547922560864,True,25.952500000000004,222.61977699871647,2.0714285714285716
Jan 25 2020 01: +0,23.685,1,Galil AR | Chatterbox (Field-Tested),2020-01-25,23.685,1,Galil AR | Chatterbox (Field-Tested),-0.08897623169004974,-8.897623169004975,0.08897623169004974,True,25.94664285714286,225.0240473246317,2.0714285714285716
Jan 26 2020 01: +0,24.256,3,Galil AR | Chatterbox (Field-Tested),2020-01-26,24.256,3,Galil AR | Chatterbox (Field-Tested),0.023822073084246047,2.3822073084246047,0.023822073084246047,False,25.951642857142854,224.15021530405176,2.2142857142857144
Jan 28 2020 01: +0,24.991,3,Galil AR | Chatterbox (Field-Tested),2020-01-28,24.991,3,Galil AR | Chatterbox (Field-Tested),0.029851750592683347,2.9851750592683346,0.029851750592683347,False,25.754642857142862,223.83478151101306,2.2142857142857144
Jan 29 2020 01: +0,29.361,1,Galil AR | Chatterbox (Field-Tested),2020-01-29,29.361,1,Galil AR | Chatterbox (Field-Tested),0.16115150305914772,16.11515030591477,0.16115150305914772,True,25.841357142857145,230.19487615641933,2.2142857142857144
Jan 30 2020 01: +0,28.804,4,Galil AR | Chatterbox (Field-Tested),2020-01-30,28.804,4,Galil AR | Chatterbox (Field-Tested),-0.01915299672517186,-1.9152996725171858,0.01915299672517186,False,26.089499999999997,225.78533771176987,2.2857142857142856
Jan 31 2020 01: +0,29.651,2,Galil AR | Chatterbox (Field-Tested),2020-01-31,29.651,2,Galil AR | Chatterbox (Field-Tested),0.028981585301194223,2.898158530119422,0.028981585301194223,False,26.517928571428573,218.94125617375698,2.2142857142857144
Feb 01 2020 01: +0,28.542,3,Galil AR | Chatterbox (Field-Tested),2020-02-01,28.542,3,Galil AR | Chatterbox (Field-Tested),-0.03811916500961498,-3.8119165009614977,0.03811916500961498,False,26.656714285714287,218.7195673164405,2.142857142857143
Feb 02 2020 01: +0,31.792,1,Galil AR | Chatterbox (Field-Tested),2020-02-02,31.792,1,Galil AR | Chatterbox (Field-Tested),0.1078379991312616,10.78379991312616,0.1078379991312616,True,27.44707142857143,220.96953094882693,2.142857142857143
Feb 03 2020 01: +0,31.891,1,Galil AR | Chatterbox (Field-Tested),2020-02-03,31.891,1,Galil AR | Chatterbox (Field-Tested),0.00310915251327116,0.310915251327116,0.00310915251327116,False,27.783000000000005,218.5108909021185,2.0714285714285716
Feb 05 2020 01: +0,28.624,3,Galil AR | Chatterbox (Field-Tested),2020-02-05,28.624,3,Galil AR | Chatterbox (Field-Tested),-0.10807831155636902,-10.807831155636901,0.10807831155636902,True,27.86757142857143,220.48096502253017,2.0
Feb 06 2020 01: +0,31.924,1,Galil AR | Chatterbox (Field-Tested),2020-02-06,31.924,1,Galil AR | Chatterbox (Field-Tested),0.10911255124739912,10.911255124739911,0.10911255124739912,True,28.08264285714286,220.7426642681288,2.0
Feb 07 2020 01: +0,27.477,5,Galil AR | Chatterbox (Field-Tested),2020-02-07,27.477,5,Galil AR | Chatterbox (Field-Tested),-0.15000878692480218,-15.000878692480219,0.15000878692480218,True,28.2895,227.86122433305002,2.2857142857142856
Feb 09 2020 01: +0,28.165,1,Galil AR | Chatterbox (Field-Tested),2020-02-09,28.165,1,Galil AR | Chatterbox (Field-Tested),0.024730781257717036,2.4730781257717034,0.024730781257717036,False,28.218,225.7139457745714,2.2857142857142856
Feb 10 2020 01: +0,29.788,2,Galil AR | Chatterbox (Field-Tested),2020-02-10,29.788,2,Galil AR | Chatterbox (Field-Tested),0.05602555550172193,5.602555550172193,0.05602555550172193,True,28.496499999999997,225.28887337329263,2.2142857142857144
Feb 11 2020 01: +0,31.477,2,Galil AR | Chatterbox (Field-Tested),2020-02-11,31.477,2,Galil AR | Chatterbox (Field-Tested),0.05515149255731581,5.515149255731581,0.05515149255731581,True,29.053071428571428,223.72289090936505,2.2857142857142856
Feb 12 2020 01: +0,31.199,1,Galil AR | Chatterbox (Field-Tested),2020-02-12,31.199,1,Galil AR | Chatterbox (Field-Tested),-0.008871077385982851,-0.8871077385982852,0.008871077385982851,False,29.549000000000003,223.75737371625678,2.142857142857143
Feb 13 2020 01: +0,30.186,1,Galil AR | Chatterbox (Field-Tested),2020-02-13,30.186,1,Galil AR | Chatterbox (Field-Tested),-0.03300780228249564,-3.300780228249564,0.03300780228249564,False,29.92007142857143,212.6371251602639,2.0
Feb 14 2020 01: +0,30.23,2,Galil AR | Chatterbox (Field-Tested),2020-02-14,30.23,2,Galil AR | Chatterbox (Field-Tested),0.0014565680541301124,0.14565680541301124,0.0014565680541301124,False,29.98214285714286,212.6203994115197,2.0714285714285716
Feb 15 2020 01: +0,31.772,1,Galil AR | Chatterbox (Field-Tested),2020-02-15,31.772,1,Galil AR | Chatterbox (Field-Tested),0.04975058997951885,4.975058997951885,0.04975058997951885,False,30.194142857142857,208.02353856487235,1.8571428571428572
Feb 16 2020 01: +0,32.126,1,Galil AR | Chatterbox (Field-Tested),2020-02-16,32.126,1,Galil AR | Chatterbox (Field-Tested),0.011080272364688847,1.1080272364688848,0.011080272364688847,False,30.37092857142857,208.0078559033597,1.7857142857142858
Feb 17 2020 01: +0,34.793,1,Galil AR | Chatterbox (Field-Tested),2020-02-17,34.793,1,Galil AR | Chatterbox (Field-Tested),0.079750545986308,7.9750545986308,0.079750545986308,True,30.81742857142857,205.71535776451296,1.6428571428571428
Feb 19 2020 01: +0,13.441,1,Galil AR | Chatterbox (Field-Tested),2020-02-19,13.441,1,Galil AR | Chatterbox (Field-Tested),-0.951106480032871,-95.1106480032871,0.951106480032871,True,29.506642857142857,393.2761232801358,1.6428571428571428
Feb 20 2020 01: +0,24.568,2,Galil AR | Chatterbox (Field-Tested),2020-02-20,24.568,2,Galil AR | Chatterbox (Field-Tested),0.60313504604951,60.31350460495099,0.60313504604951,True,28.98357142857143,447.2478176359825,1.7142857142857142
Feb 22 2020 01: +0,22.302,2,Galil AR | Chatterbox (Field-Tested),2020-02-22,22.302,2,Galil AR | Chatterbox (Field-Tested),-0.09676842259535118,-9.676842259535118,0.09676842259535118,True,28.532,439.7524423666373,1.6428571428571428
Feb 23 2020 01: +0,26.911,1,Galil AR | Chatterbox (Field-Tested),2020-02-23,26.911,1,Galil AR | Chatterbox (Field-Tested),0.18785876441192112,18.785876441192112,0.18785876441192112,True,28.173928571428576,434.2574351700513,1.6428571428571428
Feb 24 2020 01: +0,26.421,1,Galil AR | Chatterbox (Field-Tested),2020-02-24,26.421,1,Galil AR | Chatterbox (Field-Tested),-0.01837597646365908,-1.8375976463659078,0.01837597646365908,False,28.0985,434.28762247597615,1.3571428571428572
Feb 25 2020 01: +0,29.614,2,Galil AR | Chatterbox (Field-Tested),2020-02-25,29.614,2,Galil AR | Chatterbox (Field-Tested),0.11408807399509503,11.408807399509504,0.11408807399509503,True,28.202,435.7791183839856,1.4285714285714286
Feb 26 2020 01: +0,27.534,1,Galil AR | Chatterbox (Field-Tested),2020-02-26,27.534,1,Galil AR | Chatterbox (Field-Tested),-0.07282561784577578,-7.282561784577577,0.07282561784577578,True,28.041,432.66994797387406,1.3571428571428572
Feb 27 2020 01: +0,26.5,2,Galil AR | Chatterbox (Field-Tested),2020-02-27,26.5,2,Galil AR | Chatterbox (Field-Tested),-0.038276871648574864,-3.8276871648574864,0.038276871648574864,False,27.685499999999998,428.62747676490596,1.3571428571428572
Feb 28 2020 01: +0,29.027,1,Galil AR | Chatterbox (Field-Tested),2020-02-28,29.027,1,Galil AR | Chatterbox (Field-Tested),0.0910816983332792,9.10816983332792,0.0910816983332792,True,27.530357142857145,427.73986646929626,1.3571428571428572
Feb 29 2020 01: +0,27.433,2,Galil AR | Chatterbox (Field-Tested),2020-02-29,27.433,2,Galil AR | Chatterbox (Field-Tested),-0.056479763052647985,-5.647976305264798,0.056479763052647985,True,27.333714285714287,427.0021562676997,1.4285714285714286
Mar 01 2020 01: +0,29.994,1,Galil AR | Chatterbox (Field-Tested),2020-03-01,29.994,1,Galil AR | Chatterbox (Field-Tested),0.08925069338668054,8.925069338668054,0.08925069338668054,True,27.316857142857145,427.9759140031805,1.3571428571428572
Mar 02 2020 01: +0,26.363,1,Galil AR | Chatterbox (Field-Tested),2020-03-02,26.363,1,Galil AR | Chatterbox (Field-Tested),-0.12903584969969817,-12.903584969969817,0.12903584969969817,True,26.9305,430.49277173448485,1.3571428571428572
Mar 03 2020 01: +0,31.58,4,Galil AR | Chatterbox (Field-Tested),2020-03-03,31.58,4,Galil AR | Chatterbox (Field-Tested),0.18056249686770592,18.05624968677059,0.18056249686770592,True,26.8915,431.44940025566507,1.5714285714285714
Mar 04 2020 01: +0,31.247,3,Galil AR | Chatterbox (Field-Tested),2020-03-04,31.247,3,Galil AR | Chatterbox (Field-Tested),-0.010600637253380398,-1.0600637253380398,0.010600637253380398,False,26.638214285714287,431.40586747800455,1.7142857142857142
Mar 05 2020 01: +0,30.185,1,Galil AR | Chatterbox (Field-Tested),2020-03-05,30.185,1,Galil AR | Chatterbox (Field-Tested),-0.03457825932572611,-3.4578259325726113,0.03457825932572611,False,27.83421428571429,431.4884271536812,1.7142857142857142
Mar 06 2020 01: +0,28.49,1,Galil AR | Chatterbox (Field-Tested),2020-03-06,28.49,1,Galil AR | Chatterbox (Field-Tested),-0.05779196373857251,-5.779196373857251,0.05779196373857251,True,28.11435714285714,431.7650600539633,1.6428571428571428
Mar 07 2020 01: +0,27.816,5,Galil AR | Chatterbox (Field-Tested),2020-03-07,27.816,5,Galil AR | Chatterbox (Field-Tested),-0.023941753804256616,-2.3941753804256614,0.023941753804256616,False,28.508214285714285,430.0635820225156,1.8571428571428572
Mar 08 2020 01: +0,26.952,4,Galil AR | Chatterbox (Field-Tested),2020-03-08,26.952,4,Galil AR | Chatterbox (Field-Tested),-0.031553888601308394,-3.1553888601308393,0.031553888601308394,False,28.511142857142858,430.15681174001344,2.0714285714285716
Mar 09 2020 01: +0,28.497,2,Galil AR | Chatterbox (Field-Tested),2020-03-09,28.497,2,Galil AR | Chatterbox (Field-Tested),0.05574131247190325,5.574131247190325,0.05574131247190325,True,28.659428571428574,429.0390038547759,2.142857142857143
Mar 10 2020 01: +0,26.944,3,Galil AR | Chatterbox (Field-Tested),2020-03-10,26.944,3,Galil AR | Chatterbox (Field-Tested),-0.05603818051623893,-5.603818051623892,0.05603818051623893,True,28.468714285714288,427.61040801371666,2.2142857142857144
Mar 12 2020 01: +0,28.062,1,Galil AR | Chatterbox (Field-Tested),2020-03-12,28.062,1,Galil AR | Chatterbox (Field-Tested),0.04065570991188799,4.065570991188799,0.04065570991188799,False,28.506428571428575,424.6707901618371,2.2142857142857144
Mar 13 2020 01: +0,29.058,2,Galil AR | Chatterbox (Field-Tested),2020-03-13,29.058,2,Galil AR | Chatterbox (Field-Tested),0.03487748467734287,3.487748467734287,0.03487748467734287,False,28.68914285714286,424.75778895234566,2.2142857142857144
Mar 14 2020 01: +0,29.253,2,Galil AR | Chatterbox (Field-Tested),2020-03-14,29.253,2,Galil AR | Chatterbox (Field-Tested),0.006688299871944605,0.6688299871944605,0.006688299871944605,False,28.705285714285715,424.3023159052656,2.2857142857142856
Mar 15 2020 01: +0,27.681,3,Galil AR | Chatterbox (Field-Tested),2020-03-15,27.681,3,Galil AR | Chatterbox (Field-Tested),-0.05523587525656318,-5.523587525656318,0.05523587525656318,True,28.723000000000003,424.2236655845648,2.357142857142857
Mar 16 2020 01: +0,28.045,2,Galil AR | Chatterbox (Field-Tested),2020-03-16,28.045,2,Galil AR | Chatterbox (Field-Tested),0.0130641056957717,1.30641056957717,0.0130641056957717,False,28.583785714285714,424.2628063783592,2.4285714285714284
Mar 18 2020 01: +0,23.732,1,Galil AR | Chatterbox (Field-Tested),2020-03-18,23.732,1,Galil AR | Chatterbox (Field-Tested),-0.16698601456390352,-16.698601456390353,0.16698601456390352,True,28.395857142857146,427.9909586435391,2.4285714285714284
Mar 19 2020 01: +0,29.079,2,Galil AR | Chatterbox (Field-Tested),2020-03-19,29.079,2,Galil AR | Chatterbox (Field-Tested),0.20319191578218385,20.319191578218383,0.20319191578218385,True,28.217214285714284,434.29126758873224,2.2857142857142856
Mar 20 2020 01: +0,26.986,3,Galil AR | Chatterbox (Field-Tested),2020-03-20,26.986,3,Galil AR | Chatterbox (Field-Tested),-0.07469805116998506,-7.469805116998505,0.07469805116998506,True,27.912857142857145,434.6195518469031,2.2857142857142856
Mar 21 2020 01: +0,26.749,4,Galil AR | Chatterbox (Field-Tested),2020-03-21,26.749,4,Galil AR | Chatterbox (Field-Tested),-0.008821123542918575,-0.8821123542918575,0.008821123542918575,False,27.66742857142857,434.5797632523661,2.5
Mar 22 2020 01: +0,25.954,1,Galil AR | Chatterbox (Field-Tested),2020-03-22,25.954,1,Galil AR | Chatterbox (Field-Tested),-0.030171349150638235,-3.0171349150638234,0.030171349150638235,False,27.486285714285714,433.5366280080207,2.5
Mar 23 2020 01: +0,28.323,1,Galil AR | Chatterbox (Field-Tested),2020-03-23,28.323,1,Galil AR | Chatterbox (Field-Tested),0.08734845510345048,8.734845510345048,0.08734845510345048,True,27.5225,270.3490210008935,2.2142857142857144
Mar 24 2020 01: +0,29.227,5,Galil AR | Chatterbox (Field-Tested),2020-03-24,29.227,5,Galil AR | Chatterbox (Field-Tested),0.03141874415755789,3.141874415755789,0.03141874415755789,False,27.685000000000002,172.13970946014146,2.2857142857142856
Mar 25 2020 01: +0,28.708,5,Galil AR | Chatterbox (Field-Tested),2020-03-25,28.708,5,Galil AR | Chatterbox (Field-Tested),-0.01791711000822155,-1.7917110008221548,0.01791711000822155,False,27.700071428571427,168.38325489900419,2.5
Mar 26 2020 01: +0,25.475,1,Galil AR | Chatterbox (Field-Tested),2020-03-26,25.475,1,Galil AR | Chatterbox (Field-Tested),-0.1194782504590369,-11.94782504590369,0.1194782504590369,True,27.595142857142857,161.1294085190808,2.357142857142857
Mar 27 2020 01: +0,28.827,2,Galil AR | Chatterbox (Field-Tested),2020-03-27,28.827,2,Galil AR | Chatterbox (Field-Tested),0.12361486885445187,12.361486885445187,0.12361486885445187,True,27.649785714285716,166.8058370871324,2.4285714285714284
Mar 28 2020 01: +0,28.832,1,Galil AR | Chatterbox (Field-Tested),2020-03-28,28.832,1,Galil AR | Chatterbox (Field-Tested),0.00017343346268678983,0.017343346268678984,0.00017343346268678983,False,27.63364285714286,161.9099182143681,2.357142857142857
Mar 29 2020 01: +0,23.256,1,Galil AR | Chatterbox (Field-Tested),2020-03-29,23.256,1,Galil AR | Chatterbox (Field-Tested),-0.21492271816935263,-21.49227181693526,0.21492271816935263,True,27.205285714285715,176.76107030545813,2.2857142857142856
Mar 30 2020 01: +0,24.626,2,Galil AR | Chatterbox (Field-Tested),2020-03-30,24.626,2,Galil AR | Chatterbox (Field-Tested),0.057239632114104926,5.723963211410492,0.057239632114104926,True,26.98707142857143,177.67808382799853,2.2142857142857144
Mar 31 2020 01: +0,24.395,5,Galil AR | Chatterbox (Field-Tested),2020-03-31,24.395,5,Galil AR | Chatterbox (Field-Tested),-0.009424602102879275,-0.9424602102879275,0.009424602102879275,False,26.726357142857143,174.4485986140473,2.4285714285714284
Apr 01 2020 01: +0,28.317,1,Galil AR | Chatterbox (Field-Tested),2020-04-01,28.317,1,Galil AR | Chatterbox (Field-Tested),0.1490841377431165,14.908413774311649,0.1490841377431165,True,27.053857142857144,181.52359902891476,2.4285714285714284
Apr 02 2020 01: +0,28.316,1,Galil AR | Chatterbox (Field-Tested),2020-04-02,28.316,1,Galil AR | Chatterbox (Field-Tested),-3.531509897427013e-05,-0.003531509897427013,3.531509897427013e-05,False,26.999357142857146,178.71361023225762,2.357142857142857
Apr 03 2020 01: +0,28.519,2,Galil AR | Chatterbox (Field-Tested),2020-04-03,28.519,2,Galil AR | Chatterbox (Field-Tested),0.007143515905822443,0.7143515905822443,0.007143515905822443,False,27.108857142857147,172.73483220226865,2.2857142857142856
Apr 04 2020 01: +0,27.006,2,Galil AR | Chatterbox (Field-Tested),2020-04-04,27.006,2,Galil AR | Chatterbox (Field-Tested),-0.0545114682789146,-5.45114682789146,0.0545114682789146,True,27.127214285714285,161.3415005297443,2.142857142857143
Apr 05 2020 01: +0,26.584,3,Galil AR | Chatterbox (Field-Tested),2020-04-05,26.584,3,Galil AR | Chatterbox (Field-Tested),-0.015749532486557524,-1.5749532486557523,0.015749532486557524,False,27.172214285714286,161.3731235315917,2.2857142857142856
Apr 06 2020 01: +0,28.102,4,Galil AR | Chatterbox (Field-Tested),2020-04-06,28.102,4,Galil AR | Chatterbox (Field-Tested),0.05553121713185529,5.553121713185529,0.05553121713185529,True,27.15642857142857,162.3793380725962,2.5
Apr 07 2020 01: +0,28.07,3,Galil AR | Chatterbox (Field-Tested),2020-04-07,28.07,3,Galil AR | Chatterbox (Field-Tested),-0.0011393578103573371,-0.11393578103573371,0.0011393578103573371,False,27.073785714285716,161.143941447422,2.357142857142857
Apr 08 2020 01: +0,27.652,1,Galil AR | Chatterbox (Field-Tested),2020-04-08,27.652,1,Galil AR | Chatterbox (Field-Tested),-0.015003332290772482,-1.5003332290772482,0.015003332290772482,False,26.998357142857145,161.01035687115754,2.0714285714285716
Apr 09 2020 01: +0,25.329,1,Galil AR | Chatterbox (Field-Tested),2020-04-09,25.329,1,Galil AR | Chatterbox (Field-Tested),-0.087748073727546,-8.774807372754601,0.087748073727546,True,26.987928571428572,163.56065406362814,2.0714285714285716
Apr 10 2020 01: +0,24.939,5,Galil AR | Chatterbox (Field-Tested),2020-04-10,24.939,5,Galil AR | Chatterbox (Field-Tested),-0.015517141138411818,-1.5517141138411819,0.015517141138411818,False,26.710214285714283,162.2741175471511,2.2857142857142856
Apr 11 2020 01: +0,26.038,2,Galil AR | Chatterbox (Field-Tested),2020-04-11,26.038,2,Galil AR | Chatterbox (Field-Tested),0.04312416625814461,4.3124166258144605,0.04312416625814461,False,26.51064285714286,161.99205406624063,2.357142857142857
Apr 12 2020 01: +0,27.678,2,Galil AR | Chatterbox (Field-Tested),2020-04-12,27.678,2,Galil AR | Chatterbox (Field-Tested),0.06108086432853306,6.108086432853306,0.06108086432853306,True,26.826500000000003,162.80994064209926,2.4285714285714284
Apr 13 2020 01: +0,30.195,3,Galil AR | Chatterbox (Field-Tested),2020-04-13,30.195,3,Galil AR | Chatterbox (Field-Tested),0.08703847395612609,8.703847395612609,0.08703847395612609,True,27.224285714285713,165.23341598558838,2.5
Apr 15 2020 01: +0,21.011,2,Galil AR | Chatterbox (Field-Tested),2020-04-15,21.011,2,Galil AR | Chatterbox (Field-Tested),-0.36263023765295244,-36.263023765295245,0.36263023765295244,True,26.98257142857143,208.31252071437606,2.2857142857142856
Apr 16 2020 01: +0,28.133,2,Galil AR | Chatterbox (Field-Tested),2020-04-16,28.133,2,Galil AR | Chatterbox (Field-Tested),0.2918971544154654,29.18971544154654,0.2918971544154654,True,26.969428571428573,232.79265519472295,2.357142857142857
Apr 18 2020 01: +0,26.686,4,Galil AR | Chatterbox (Field-Tested),2020-04-18,26.686,4,Galil AR | Chatterbox (Field-Tested),-0.05280418120214841,-5.280418120214841,0.05280418120214841,True,26.853000000000005,233.47939480249326,2.5714285714285716
Apr 19 2020 01: +0,27.201,2,Galil AR | Chatterbox (Field-Tested),2020-04-19,27.201,2,Galil AR | Chatterbox (Field-Tested),0.019114654011799927,1.9114654011799928,0.019114654011799927,False,26.758857142857146,225.79038241323747,2.5714285714285716
Apr 20 2020 01: +0,29.268,1,Galil AR | Chatterbox (Field-Tested),2020-04-20,29.268,1,Galil AR | Chatterbox (Field-Tested),0.07324103168975488,7.324103168975488,0.07324103168975488,True,26.920428571428573,215.726455370928,2.5
Apr 21 2020 01: +0,27.229,3,Galil AR | Chatterbox (Field-Tested),2020-04-21,27.229,3,Galil AR | Chatterbox (Field-Tested),-0.07221218721171392,-7.221218721171392,0.07221218721171392,True,26.9665,215.61952092783946,2.5
Apr 22 2020 01: +0,29.844,2,Galil AR | Chatterbox (Field-Tested),2020-04-22,29.844,2,Galil AR | Chatterbox (Field-Tested),0.09170123279919837,9.170123279919837,0.09170123279919837,True,27.090928571428574,217.92296428794037,2.357142857142857
Apr 23 2020 01: +0,29.463,1,Galil AR | Chatterbox (Field-Tested),2020-04-23,29.463,1,Galil AR | Chatterbox (Field-Tested),-0.012848575765521102,-1.2848575765521102,0.012848575765521102,False,27.190428571428576,217.66821038632003,2.2142857142857144
Apr 24 2020 01: +0,30.366,2,Galil AR | Chatterbox (Field-Tested),2020-04-24,30.366,2,Galil AR | Chatterbox (Field-Tested),0.030188322616249062,3.0188322616249064,0.030188322616249062,False,27.384285714285713,215.82624632196925,2.2857142857142856
Apr 25 2020 01: +0,27.145,1,Galil AR | Chatterbox (Field-Tested),2020-04-25,27.145,1,Galil AR | Chatterbox (Field-Tested),-0.11213069410258149,-11.213069410258148,0.11213069410258149,True,27.514000000000003,219.17268550804917,2.2857142857142856
Apr 26 2020 01: +0,25.384,3,Galil AR | Chatterbox (Field-Tested),2020-04-26,25.384,3,Galil AR | Chatterbox (Field-Tested),-0.06707381307651997,-6.707381307651997,0.06707381307651997,True,27.545785714285717,220.27683276052636,2.142857142857143
Apr 28 2020 01: +0,25.281,8,Galil AR | Chatterbox (Field-Tested),2020-04-28,25.281,8,Galil AR | Chatterbox (Field-Tested),-0.004065928822568554,-0.4065928822568554,0.004065928822568554,False,27.491714285714288,216.31126146105117,2.5714285714285716
Apr 29 2020 01: +0,28.319,2,Galil AR | Chatterbox (Field-Tested),2020-04-29,28.319,2,Galil AR | Chatterbox (Field-Tested),0.11347983200929113,11.347983200929113,0.11347983200929113,True,27.5375,215.6085314480705,2.5714285714285716
Apr 30 2020 01: +0,30.51,2,Galil AR | Chatterbox (Field-Tested),2020-04-30,30.51,2,Galil AR | Chatterbox (Field-Tested),0.0745215412609613,7.45215412609613,0.0745215412609613,True,27.560000000000002,217.1955476383221,2.5
May 01 2020 01: +0,25.683,4,Galil AR | Chatterbox (Field-Tested),2020-05-01,25.683,4,Galil AR | Chatterbox (Field-Tested),-0.17222520430012003,-17.222520430012004,0.17222520430012003,True,27.893714285714285,212.28626612871219,2.642857142857143
May 02 2020 01: +0,29.527,3,Galil AR | Chatterbox (Field-Tested),2020-05-02,29.527,3,Galil AR | Chatterbox (Field-Tested),0.13947580456483574,13.947580456483575,0.13947580456483574,True,27.993285714285715,216.80561838556872,2.7142857142857144
May 03 2020 01: +0,30.135,1,Galil AR | Chatterbox (Field-Tested),2020-05-03,30.135,1,Galil AR | Chatterbox (Field-Tested),0.020382187941713283,2.0382187941713283,0.020382187941713283,False,28.239642857142858,216.78713611983093,2.5
May 04 2020 01: +0,26.887,2,Galil AR | Chatterbox (Field-Tested),2020-05-04,26.887,2,Galil AR | Chatterbox (Field-Tested),-0.11404438851592645,-11.404438851592644,0.11404438851592645,True,28.217214285714284,214.50474324893696,2.5
May 05 2020 01: +0,30.584,1,Galil AR | Chatterbox (Field-Tested),2020-05-05,30.584,1,Galil AR | Chatterbox (Field-Tested),0.12883409797503054,12.883409797503054,0.12883409797503054,True,28.31121428571429,219.2891481818938,2.5
May 07 2020 01: +0,27.443,1,Galil AR | Chatterbox (Field-Tested),2020-05-07,27.443,1,Galil AR | Chatterbox (Field-Tested),-0.1083658700663913,-10.83658700663913,0.1083658700663913,True,28.326500000000003,222.6612398825756,2.357142857142857
May 08 2020 01: +0,25.593,1,Galil AR | Chatterbox (Field-Tested),2020-05-08,25.593,1,Galil AR | Chatterbox (Field-Tested),-0.06979224973305294,-6.979224973305294,0.06979224973305294,True,28.02285714285714,223.18419887476165,2.2857142857142856
May 09 2020 01: +0,27.386,4,Galil AR | Chatterbox (Field-Tested),2020-05-09,27.386,4,Galil AR | Chatterbox (Field-Tested),0.0677130573153744,6.77130573153744,0.0677130573153744,True,27.874500000000005,224.4225072730676,2.5
May 10 2020 01: +0,24.965,2,Galil AR | Chatterbox (Field-Tested),2020-05-10,24.965,2,Galil AR | Chatterbox (Field-Tested),-0.09255708995746925,-9.255708995746925,0.09255708995746925,True,27.488714285714284,225.83290860749864,2.5
May 12 2020 01: +0,26.74,2,Galil AR | Chatterbox (Field-Tested),2020-05-12,26.74,2,Galil AR | Chatterbox (Field-Tested),0.06868572772122443,6.868572772122443,0.06868572772122443,True,27.459785714285715,227.25099946576927,2.5714285714285716
May 13 2020 01: +0,28.192,5,Galil AR | Chatterbox (Field-Tested),2020-05-13,28.192,5,Galil AR | Chatterbox (Field-Tested),0.05287767807997188,5.287767807997188,0.05287767807997188,True,27.660357142857144,227.98008179068842,2.7142857142857144
May 14 2020 01: +0,31.745,4,Galil AR | Chatterbox (Field-Tested),2020-05-14,31.745,4,Galil AR | Chatterbox (Field-Tested),0.11869698286864432,11.869698286864432,0.11869698286864432,True,28.122071428571427,229.2744507511609,2.4285714285714284
May 16 2020 01: +0,29.71,2,Galil AR | Chatterbox (Field-Tested),2020-05-16,29.71,2,Galil AR | Chatterbox (Field-Tested),-0.06625154314789702,-6.625154314789702,0.06625154314789702,True,28.22142857142857,230.59537975574816,2.4285714285714284
May 17 2020 01: +0,32.476,1,Galil AR | Chatterbox (Field-Tested),2020-05-17,32.476,1,Galil AR | Chatterbox (Field-Tested),0.08901766552568377,8.901766552568377,0.08901766552568377,True,28.361857142857144,232.08030493321124,2.357142857142857
May 19 2020 01: +0,29.788,2,Galil AR | Chatterbox (Field-Tested),2020-05-19,29.788,2,Galil AR | Chatterbox (Field-Tested),-0.08639572715180087,-8.639572715180087,0.08639572715180087,True,28.65507142857143,233.48086597491422,2.2142857142857144
May 20 2020 01: +0,27.309,2,Galil AR | Chatterbox (Field-Tested),2020-05-20,27.309,2,Galil AR | Chatterbox (Field-Tested),-0.08688930965713766,-8.688930965713766,0.08688930965713766,True,28.49664285714286,233.4316886177802,2.142857142857143
May 22 2020 01: +0,30.521,5,Galil AR | Chatterbox (Field-Tested),2020-05-22,30.521,5,Galil AR | Chatterbox (Field-Tested),0.11119865308795862,11.119865308795863,0.11119865308795862,True,28.524214285714287,197.36562607230059,2.4285714285714284
May 23 2020 01: +0,26.987,1,Galil AR | Chatterbox (Field-Tested),2020-05-23,26.987,1,Galil AR | Chatterbox (Field-Tested),-0.12305970270580092,-12.305970270580092,0.12305970270580092,True,28.531357142857143,175.250855152819,2.357142857142857
May 24 2020 01: +0,27.094,2,Galil AR | Chatterbox (Field-Tested),2020-05-24,27.094,2,Galil AR | Chatterbox (Field-Tested),0.003957032585125578,0.39570325851255783,0.003957032585125578,False,28.28207142857143,174.2704347312675,2.4285714285714284
May 26 2020 01: +0,29.345,2,Galil AR | Chatterbox (Field-Tested),2020-05-26,29.345,2,Galil AR | Chatterbox (Field-Tested),0.07980987285175303,7.980987285175304,0.07980987285175303,True,28.417928571428575,176.35959938705582,2.5
May 28 2020 01: +0,29.019,4,Galil AR | Chatterbox (Field-Tested),2020-05-28,29.019,4,Galil AR | Chatterbox (Field-Tested),-0.011171386141778247,-1.1171386141778248,0.011171386141778247,False,28.662642857142856,174.54828265652964,2.7142857142857144
May 29 2020 01: +0,29.217,5,Galil AR | Chatterbox (Field-Tested),2020-05-29,29.217,5,Galil AR | Chatterbox (Field-Tested),0.006799943778652168,0.6799943778652168,0.006799943778652168,False,28.79342857142857,172.6153970619753,2.7857142857142856
May 30 2020 01: +0,30.806,1,Galil AR | Chatterbox (Field-Tested),2020-05-30,30.806,1,Galil AR | Chatterbox (Field-Tested),0.05295874455509411,5.295874455509411,0.05295874455509411,True,29.210642857142858,170.60859746620744,2.7142857142857144
May 31 2020 01: +0,30.623,2,Galil AR | Chatterbox (Field-Tested),2020-05-31,30.623,2,Galil AR | Chatterbox (Field-Tested),-0.005958115592361415,-0.5958115592361415,0.005958115592361415,False,29.488,170.5548299342742,2.7142857142857144
Jun 01 2020 01: +0,35.845,3,Galil AR | Chatterbox (Field-Tested),2020-06-01,35.845,3,Galil AR | Chatterbox (Field-Tested),0.15745272669493102,15.745272669493101,0.15745272669493102,True,30.03464285714286,178.84449553932504,2.5714285714285716
Jun 02 2020 01: +0,30.895,1,Galil AR | Chatterbox (Field-Tested),2020-06-02,30.895,1,Galil AR | Chatterbox (Field-Tested),-0.1486097287918927,-14.86097287918927,0.1486097287918927,True,29.97392857142857,182.2846380765139,2.357142857142857
Jun 03 2020 01: +0,28.9,2,Galil AR | Chatterbox (Field-Tested),2020-06-03,28.9,2,Galil AR | Chatterbox (Field-Tested),-0.06675276339455641,-6.675276339455641,0.06675276339455641,True,29.916071428571428,182.2688470222869,2.357142857142857
Jun 04 2020 01: +0,26.37,5,Galil AR | Chatterbox (Field-Tested),2020-06-04,26.37,5,Galil AR | Chatterbox (Field-Tested),-0.09161459475319104,-9.161459475319104,0.09161459475319104,True,29.47992857142857,185.30887604171534,2.642857142857143
Jun 05 2020 01: +0,29.485,3,Galil AR | Chatterbox (Field-Tested),2020-06-05,29.485,3,Galil AR | Chatterbox (Field-Tested),0.11165465908727212,11.165465908727212,0.11165465908727212,True,29.458285714285715,185.1709846020466,2.7142857142857144
Jun 06 2020 01: +0,32.124,1,Galil AR | Chatterbox (Field-Tested),2020-06-06,32.124,1,Galil AR | Chatterbox (Field-Tested),0.08572175487374839,8.572175487374839,0.08572175487374839,True,29.80221428571429,185.76831652330623,2.642857142857143
Jun 07 2020 01: +0,32.741,2,Galil AR | Chatterbox (Field-Tested),2020-06-07,32.741,2,Galil AR | Chatterbox (Field-Tested),0.01902470082778318,1.902470082778318,0.01902470082778318,False,29.960785714285716,174.88849466276284,2.4285714285714284
Jun 08 2020 01: +0,29.772,1,Galil AR | Chatterbox (Field-Tested),2020-06-08,29.772,1,Galil AR | Chatterbox (Field-Tested),-0.09505976065633474,-9.505976065633474,0.09505976065633474,True,30.159714285714283,171.8193828992406,2.4285714285714284
Jun 09 2020 01: +0,26.621,1,Galil AR | Chatterbox (Field-Tested),2020-06-09,26.621,1,Galil AR | Chatterbox (Field-Tested),-0.11186797649622837,-11.186797649622838,0.11186797649622837,True,30.12592857142857,176.01277915562807,2.357142857142857
Jun 10 2020 01: +0,30.19,2,Galil AR | Chatterbox (Field-Tested),2020-06-10,30.19,2,Galil AR | Chatterbox (Field-Tested),0.12581036571731155,12.581036571731156,0.12581036571731155,True,30.18628571428572,177.04199247328373,2.357142857142857
Jun 11 2020 01: +0,33.127,2,Galil AR | Chatterbox (Field-Tested),2020-06-11,33.127,2,Galil AR | Chatterbox (Field-Tested),0.0928379161234901,9.28379161234901,0.0928379161234901,True,30.479714285714287,174.2674105099904,2.2142857142857144
Jun 12 2020 01: +0,26.848,3,Galil AR | Chatterbox (Field-Tested),2020-06-12,26.848,3,Galil AR | Chatterbox (Field-Tested),-0.21015732955744196,-21.015732955744195,0.21015732955744196,True,30.3105,185.67363180764735,2.0714285714285716
Jun 14 2020 01: +0,36.031,2,Galil AR | Chatterbox (Field-Tested),2020-06-14,36.031,2,Galil AR | Chatterbox (Field-Tested),0.2941883487389568,29.418834873895676,0.2941883487389568,True,30.683714285714284,210.39419267039904,2.142857142857143
Jun 15 2020 01: +0,25.702,1,Galil AR | Chatterbox (Field-Tested),2020-06-15,25.702,1,Galil AR | Chatterbox (Field-Tested),-0.33781086913880287,-33.78108691388029,0.33781086913880287,True,30.332214285714286,241.92047991820277,2.0714285714285716
Jun 16 2020 01: +0,29.844,1,Galil AR | Chatterbox (Field-Tested),2020-06-16,29.844,1,Galil AR | Chatterbox (Field-Tested),0.1494150047243185,14.941500472431851,0.1494150047243185,True,29.903571428571432,245.2352777248287,1.9285714285714286
Jun 17 2020 01: +0,31.098,3,Galil AR | Chatterbox (Field-Tested),2020-06-17,31.098,3,Galil AR | Chatterbox (Field-Tested),0.04115969382635651,4.115969382635651,0.04115969382635651,False,29.91807142857143,244.5359573258519,2.0714285714285716
Jun 18 2020 01: +0,32.5,2,Galil AR | Chatterbox (Field-Tested),2020-06-18,32.5,2,Galil AR | Chatterbox (Field-Tested),0.0440965809000673,4.40965809000673,0.0440965809000673,False,30.175214285714286,244.33881964572225,2.0714285714285716
Jun 19 2020 01: +0,31.432,1,Galil AR | Chatterbox (Field-Tested),2020-06-19,31.432,1,Galil AR | Chatterbox (Field-Tested),-0.0334136070795332,-3.34136070795332,0.0334136070795332,False,30.536785714285717,241.1496161135712,1.7857142857142858
Jun 20 2020 01: +0,27.274,2,Galil AR | Chatterbox (Field-Tested),2020-06-20,27.274,2,Galil AR | Chatterbox (Field-Tested),-0.14189261482051638,-14.189261482051638,0.14189261482051638,True,30.378857142857147,245.16208434519905,1.7142857142857142
Jun 21 2020 01: +0,28.414,2,Galil AR | Chatterbox (Field-Tested),2020-06-21,28.414,2,Galil AR | Chatterbox (Field-Tested),0.04094811401424315,4.094811401424315,0.04094811401424315,False,30.113857142857146,243.46239386725904,1.7857142857142858
Jun 22 2020 01: +0,30.754,2,Galil AR | Chatterbox (Field-Tested),2020-06-22,30.754,2,Galil AR | Chatterbox (Field-Tested),0.07913808564361582,7.913808564361583,0.07913808564361582,True,29.971928571428574,243.2968568543333,1.7857142857142858
Jun 24 2020 01: +0,26.329,2,Galil AR | Chatterbox (Field-Tested),2020-06-24,26.329,2,Galil AR | Chatterbox (Field-Tested),-0.1553490737975971,-15.53490737975971,0.1553490737975971,True,29.726,247.5465097837322,1.8571428571428572
Jun 25 2020 01: +0,26.115,1,Galil AR | Chatterbox (Field-Tested),2020-06-25,26.115,1,Galil AR | Chatterbox (Field-Tested),-0.00816113140764214,-0.816113140764214,0.00816113140764214,False,29.689857142857143,244.20275048998934,1.8571428571428572
Jun 26 2020 01: +0,25.694,3,Galil AR | Chatterbox (Field-Tested),2020-06-26,25.694,3,Galil AR | Chatterbox (Field-Tested),-0.01625236027884409,-1.6252360278844091,0.01625236027884409,False,29.368714285714287,240.52873838142648,1.9285714285714286
Jun 27 2020 01: +0,25.631,3,Galil AR | Chatterbox (Field-Tested),2020-06-27,25.631,3,Galil AR | Chatterbox (Field-Tested),-0.002454945217358612,-0.2454945217358612,0.002454945217358612,False,28.83328571428572,240.52036865325994,2.0
Jun 28 2020 01: +0,23.435,1,Galil AR | Chatterbox (Field-Tested),2020-06-28,23.435,1,Galil AR | Chatterbox (Field-Tested),-0.08957192501738985,-8.957192501738986,0.08957192501738985,True,28.589499999999997,240.5387750845105,1.8571428571428572
Jun 29 2020 01: +0,27.41,2,Galil AR | Chatterbox (Field-Tested),2020-06-29,27.41,2,Galil AR | Chatterbox (Field-Tested),0.15667727894002495,15.667727894002494,0.15667727894002495,True,27.973714285714287,247.24757630887956,1.8571428571428572
Jun 30 2020 01: +0,23.765,2,Galil AR | Chatterbox (Field-Tested),2020-06-30,23.765,2,Galil AR | Chatterbox (Field-Tested),-0.1426940002487217,-14.26940002487217,0.1426940002487217,True,27.83535714285714,252.03765730402847,1.9285714285714286
Jul 01 2020 01: +0,24.398,5,Galil AR | Chatterbox (Field-Tested),2020-07-01,24.398,5,Galil AR | Chatterbox (Field-Tested),0.02628725166057302,2.628725166057302,0.02628725166057302,False,27.446357142857146,251.41151733833303,2.2142857142857144
Jul 02 2020 01: +0,27.744,3,Galil AR | Chatterbox (Field-Tested),2020-07-02,27.744,3,Galil AR | Chatterbox (Field-Tested),0.12851843887158546,12.851843887158546,0.12851843887158546,True,27.20678571428571,255.86992888687635,2.2142857142857144
Jul 03 2020 01: +0,27.595,1,Galil AR | Chatterbox (Field-Tested),2020-07-03,27.595,1,Galil AR | Chatterbox (Field-Tested),-0.00538500370666673,-0.538500370666673,0.00538500370666673,False,26.856428571428573,249.21202088812623,2.142857142857143
Jul 04 2020 01: +0,26.179,4,Galil AR | Chatterbox (Field-Tested),2020-07-04,26.179,4,Galil AR | Chatterbox (Field-Tested),-0.05267703423625908,-5.267703423625908,0.05267703423625908,True,26.481214285714287,244.63887162054016,2.357142857142857
Jul 05 2020 01: +0,24.886,3,Galil AR | Chatterbox (Field-Tested),2020-07-05,24.886,3,Galil AR | Chatterbox (Field-Tested),-0.05065216630176603,-5.065216630176603,0.05065216630176603,True,26.31064285714286,244.19572318436846,2.4285714285714284
Jul 07 2020 01: +0,26.016,2,Galil AR | Chatterbox (Field-Tested),2020-07-07,26.016,2,Galil AR | Chatterbox (Field-Tested),0.04440633701196057,4.440633701196057,0.04440633701196057,False,26.13935714285714,242.72700523376378,2.4285714285714284
Jul 08 2020 01: +0,25.24,1,Galil AR | Chatterbox (Field-Tested),2020-07-08,25.24,1,Galil AR | Chatterbox (Field-Tested),-0.030281695692387662,-3.028169569238766,0.030281695692387662,False,25.7455,239.50386889295854,2.357142857142857
Jul 09 2020 01: +0,28.289,1,Galil AR | Chatterbox (Field-Tested),2020-07-09,28.289,1,Galil AR | Chatterbox (Field-Tested),0.11404299883613318,11.404299883613318,0.11404299883613318,True,25.885500000000004,241.05550159435737,2.2857142857142856
Jul 10 2020 01: +0,27.805,3,Galil AR | Chatterbox (Field-Tested),2020-07-10,27.805,3,Galil AR | Chatterbox (Field-Tested),-0.01725717586961819,-1.7257175869618189,0.01725717586961819,False,26.006214285714286,240.94700221619703,2.4285714285714284
Jul 11 2020 01: +0,28.211,1,Galil AR | Chatterbox (Field-Tested),2020-07-11,28.211,1,Galil AR | Chatterbox (Field-Tested),0.014496112168642291,1.4496112168642292,0.014496112168642291,False,26.186,238.83976815932084,2.2857142857142856
Jul 12 2020 01: +0,24.734,3,Galil AR | Chatterbox (Field-Tested),2020-07-12,24.734,3,Galil AR | Chatterbox (Field-Tested),-0.1315331574883042,-13.153315748830419,0.1315331574883042,True,26.121928571428572,240.07575467695324,2.2857142857142856
Jul 13 2020 01: +0,26.465,3,Galil AR | Chatterbox (Field-Tested),2020-07-13,26.465,3,Galil AR | Chatterbox (Field-Tested),0.06764428999008547,6.764428999008547,0.06764428999008547,True,26.338357142857145,237.00216890504277,2.4285714285714284
Jul 14 2020 01: +0,26.502,3,Galil AR | Chatterbox (Field-Tested),2020-07-14,26.502,3,Galil AR | Chatterbox (Field-Tested),0.0013970965324934495,0.13970965324934495,0.0013970965324934495,False,26.273500000000002,234.41280973732609,2.5
Jul 15 2020 01: +0,30.549,1,Galil AR | Chatterbox (Field-Tested),2020-07-15,30.549,1,Galil AR | Chatterbox (Field-Tested),0.14211175001519374,14.211175001519374,0.14211175001519374,True,26.75807142857143,228.19139482587047,2.4285714285714284
Jul 16 2020 01: +0,28.558,2,Galil AR | Chatterbox (Field-Tested),2020-07-16,28.558,2,Galil AR | Chatterbox (Field-Tested),-0.06739484484953456,-6.739484484953456,0.06739484484953456,True,27.055214285714282,203.94440739898744,2.2142857142857144
Jul 17 2020 01: +0,31.202,2,Galil AR | Chatterbox (Field-Tested),2020-07-17,31.202,2,Galil AR | Chatterbox (Field-Tested),0.08854508831695428,8.854508831695428,0.08854508831695428,True,27.302214285714285,168.18480542410646,2.142857142857143
Jul 22 2020 01: +0,30.625,2,Galil AR | Chatterbox (Field-Tested),2020-07-22,30.625,2,Galil AR | Chatterbox (Field-Tested),-0.018665526460166698,-1.86655264601667,0.018665526460166698,False,27.518642857142854,160.2344713306566,2.2142857142857144
Jul 23 2020 01: +0,33.207,1,Galil AR | Chatterbox (Field-Tested),2020-07-23,33.207,1,Galil AR | Chatterbox (Field-Tested),0.08094402820670549,8.094402820670549,0.08094402820670549,True,28.020642857142857,162.0840412974017,2.0
Jul 24 2020 01: +0,26.85,3,Galil AR | Chatterbox (Field-Tested),2020-07-24,26.85,3,Galil AR | Chatterbox (Field-Tested),-0.21249487611672294,-21.249487611672293,0.21249487611672294,True,28.16092857142857,177.69280827310064,2.0
Jul 25 2020 01: +0,32.73,6,Galil AR | Chatterbox (Field-Tested),2020-07-25,32.73,6,Galil AR | Chatterbox (Field-Tested),0.19802626755821526,19.802626755821525,0.19802626755821526,True,28.640500000000003,191.09149707931005,2.2857142857142856
Jul 26 2020 01: +0,34.595,2,Galil AR | Chatterbox (Field-Tested),2020-07-26,34.595,2,Galil AR | Chatterbox (Field-Tested),0.05541707443768541,5.541707443768542,0.05541707443768541,True,29.308714285714284,184.7650331375041,2.357142857142857
Jul 27 2020 01: +0,29.293,1,Galil AR | Chatterbox (Field-Tested),2020-07-27,29.293,1,Galil AR | Chatterbox (Field-Tested),-0.1663605833206087,-16.63605833206087,0.1663605833206087,True,29.380428571428574,194.0198934431442,2.357142857142857
Jul 30 2020 01: +0,29.59,2,Galil AR | Chatterbox (Field-Tested),2020-07-30,29.59,2,Galil AR | Chatterbox (Field-Tested),0.010087886781952571,1.008788678195257,0.010087886781952571,False,29.507928571428575,192.00500631301657,2.2857142857142856
Jul 31 2020 01: +0,28.764,4,Galil AR | Chatterbox (Field-Tested),2020-07-31,28.764,4,Galil AR | Chatterbox (Field-Tested),-0.02831186117187063,-2.831186117187063,0.02831186117187063,False,29.547428571428572,184.12701557751106,2.5
Aug 01 2020 01: +0,28.069,1,Galil AR | Chatterbox (Field-Tested),2020-08-01,28.069,1,Galil AR | Chatterbox (Field-Tested),-0.024458840723707412,-2.4458840723707413,0.024458840723707412,False,29.785642857142857,184.33841642004361,2.357142857142857
Aug 02 2020 01: +0,29.723,2,Galil AR | Chatterbox (Field-Tested),2020-08-02,29.723,2,Galil AR | Chatterbox (Field-Tested),0.05725539236521877,5.725539236521877,0.05725539236521877,True,30.018357142857145,185.18323573571195,2.2857142857142856
Aug 04 2020 01: +0,28.554,3,Galil AR | Chatterbox (Field-Tested),2020-08-04,28.554,3,Galil AR | Chatterbox (Field-Tested),-0.040124125514730574,-4.012412551473058,0.040124125514730574,False,30.164928571428568,185.83538625699094,2.2857142857142856
Aug 05 2020 01: +0,28.767,1,Galil AR | Chatterbox (Field-Tested),2020-08-05,28.767,1,Galil AR | Chatterbox (Field-Tested),0.0074318654726254095,0.743186547262541,0.0074318654726254095,False,30.037642857142856,182.76913343147035,2.2857142857142856
Aug 06 2020 01: +0,28.22,1,Galil AR | Chatterbox (Field-Tested),2020-08-06,28.22,1,Galil AR | Chatterbox (Field-Tested),-0.01919795041498591,-1.919795041498591,0.01919795041498591,False,30.0135,174.73998225360614,2.2142857142857144
Aug 07 2020 01: +0,26.814,1,Galil AR | Chatterbox (Field-Tested),2020-08-07,26.814,1,Galil AR | Chatterbox (Field-Tested),-0.05110680724529841,-5.110680724529841,0.05110680724529841,True,29.700071428571427,168.05498582498925,2.142857142857143
Aug 08 2020 01: +0,30.831,3,Galil AR | Chatterbox (Field-Tested),2020-08-08,30.831,3,Galil AR | Chatterbox (Field-Tested),0.13959653813167633,13.959653813167632,0.13959653813167633,True,29.714785714285714,174.46940379333893,2.2142857142857144
Aug 09 2020 01: +0,30.92,5,Galil AR | Chatterbox (Field-Tested),2020-08-09,30.92,5,Galil AR | Chatterbox (Field-Tested),0.002882546408175538,0.28825464081755375,0.002882546408175538,False,29.551428571428573,168.94447184859268,2.5
Aug 10 2020 01: +0,25.475,1,Galil AR | Chatterbox (Field-Tested),2020-08-10,25.475,1,Galil AR | Chatterbox (Field-Tested),-0.19370564461043271,-19.370564461043273,0.19370564461043271,True,29.45321428571429,182.438046866381,2.357142857142857
Aug 11 2020 01: +0,29.68,3,Galil AR | Chatterbox (Field-Tested),2020-08-11,29.68,3,Galil AR | Chatterbox (Field-Tested),0.15277583919039117,15.277583919039117,0.15277583919039117,True,29.23535714285714,189.29548665425813,2.142857142857143
Aug 12 2020 01: +0,30.886,2,Galil AR | Chatterbox (Field-Tested),2020-08-12,30.886,2,Galil AR | Chatterbox (Field-Tested),0.03982958850162947,3.982958850162947,0.03982958850162947,False,28.970428571428574,188.62632460870557,2.142857142857143
Aug 13 2020 01: +0,33.013,1,Galil AR | Chatterbox (Field-Tested),2020-08-13,33.013,1,Galil AR | Chatterbox (Field-Tested),0.0665984164858596,6.659841648585959,0.0665984164858596,True,29.236142857142855,189.33477043269954,2.142857142857143
Aug 14 2020 01: +0,28.365,3,Galil AR | Chatterbox (Field-Tested),2020-08-14,28.365,3,Galil AR | Chatterbox (Field-Tested),-0.1517454325081383,-15.17454325081383,0.1517454325081383,True,29.148642857142857,197.00580821140835,2.2142857142857144
Aug 15 2020 01: +0,30.946,2,Galil AR | Chatterbox (Field-Tested),2020-08-15,30.946,2,Galil AR | Chatterbox (Field-Tested),0.08708775928895046,8.708775928895045,0.08708775928895046,True,29.3045,195.32607628735715,2.0714285714285716
Aug 16 2020 01: +0,32.007,3,Galil AR | Chatterbox (Field-Tested),2020-08-16,32.007,3,Galil AR | Chatterbox (Field-Tested),0.03371087880995298,3.3710878809952978,0.03371087880995298,False,29.585785714285716,195.47003731346496,2.2142857142857144
Aug 17 2020 01: +0,39.3,2,Galil AR | Chatterbox (Field-Tested),2020-08-17,39.3,2,Galil AR | Chatterbox (Field-Tested),0.2052698899977816,20.52698899977816,0.2052698899977816,True,30.26985714285714,207.62321634497667,2.2142857142857144
Aug 18 2020 01: +0,31.202,2,Galil AR | Chatterbox (Field-Tested),2020-08-18,31.202,2,Galil AR | Chatterbox (Field-Tested),-0.2307423235501577,-23.07423235501577,0.2307423235501577,True,30.459,218.7822832632313,2.142857142857143
Aug 20 2020 01: +0,33.105,2,Galil AR | Chatterbox (Field-Tested),2020-08-20,33.105,2,Galil AR | Chatterbox (Field-Tested),0.059202133051751545,5.920213305175155,0.059202133051751545,True,30.768857142857144,218.5110150315908,2.2142857142857144
Aug 21 2020 01: +0,28.668,1,Galil AR | Chatterbox (Field-Tested),2020-08-21,28.668,1,Galil AR | Chatterbox (Field-Tested),-0.14390281024513657,-14.390281024513657,0.14390281024513657,True,30.800857142857144,224.80553004979038,2.2142857142857144
Aug 22 2020 01: +0,28.877,1,Galil AR | Chatterbox (Field-Tested),2020-08-22,28.877,1,Galil AR | Chatterbox (Field-Tested),0.007263912380904018,0.7263912380904018,0.007263912380904018,False,30.94821428571429,219.12300273628512,2.2142857142857144
Aug 23 2020 01: +0,31.673,2,Galil AR | Chatterbox (Field-Tested),2020-08-23,31.673,2,Galil AR | Chatterbox (Field-Tested),0.09241915242252056,9.241915242252057,0.09241915242252056,True,31.008357142857143,220.19665748429952,2.142857142857143
Aug 24 2020 01: +0,29.62,2,Galil AR | Chatterbox (Field-Tested),2020-08-24,29.62,2,Galil AR | Chatterbox (Field-Tested),-0.06701477409544465,-6.701477409544465,0.06701477409544465,True,30.9155,219.31400240385904,1.9285714285714286
Aug 26 2020 01: +0,32.165,2,Galil AR | Chatterbox (Field-Tested),2020-08-26,32.165,2,Galil AR | Chatterbox (Field-Tested),0.08242909602331092,8.24290960233109,0.08242909602331092,True,31.393357142857145,221.1588064412888,2.0
Aug 27 2020 01: +0,28.563,1,Galil AR | Chatterbox (Field-Tested),2020-08-27,28.563,1,Galil AR | Chatterbox (Field-Tested),-0.1187667308912997,-11.87667308912997,0.1187667308912997,True,31.31357142857143,223.1071798013644,1.8571428571428572
Aug 28 2020 01: +0,30.168,5,Galil AR | Chatterbox (Field-Tested),2020-08-28,30.168,5,Galil AR | Chatterbox (Field-Tested),0.054669585984392026,5.466958598439202,0.054669585984392026,True,31.262285714285714,210.96933097464165,2.0714285714285716
Aug 29 2020 01: +0,24.766,3,Galil AR | Chatterbox (Field-Tested),2020-08-29,24.766,3,Galil AR | Chatterbox (Field-Tested),-0.19731001516314922,-19.731001516314922,0.19731001516314922,True,30.673214285714288,210.24562350873072,2.2142857142857144
Aug 30 2020 01: +0,29.332,2,Galil AR | Chatterbox (Field-Tested),2020-08-30,29.332,2,Galil AR | Chatterbox (Field-Tested),0.16920732543864625,16.920732543864624,0.16920732543864625,True,30.742285714285714,218.2479266116633,2.142857142857143
Aug 31 2020 01: +0,36.421,2,Galil AR | Chatterbox (Field-Tested),2020-08-31,36.421,2,Galil AR | Chatterbox (Field-Tested),0.21646646113192664,21.646646113192663,0.21646646113192664,True,31.133357142857143,223.5210944285623,2.142857142857143
Sep 01 2020 01: +0,33.904,1,Galil AR | Chatterbox (Field-Tested),2020-09-01,33.904,1,Galil AR | Chatterbox (Field-Tested),-0.07161252983753642,-7.161252983753642,0.07161252983753642,True,31.268857142857144,225.20133045345344,2.0
Sep 02 2020 01: +0,32.831,2,Galil AR | Chatterbox (Field-Tested),2020-09-02,32.831,2,Galil AR | Chatterbox (Field-Tested),-0.03215981053116456,-3.215981053116456,0.03215981053116456,False,30.806785714285716,225.2759605633481,2.0
Sep 03 2020 01: +0,27.858,1,Galil AR | Chatterbox (Field-Tested),2020-09-03,27.858,1,Galil AR | Chatterbox (Field-Tested),-0.16425301272893916,-16.425301272893915,0.16425301272893916,True,30.567928571428574,232.68592579788162,1.9285714285714286
Sep 04 2020 01: +0,36.069,3,Galil AR | Chatterbox (Field-Tested),2020-09-04,36.069,3,Galil AR | Chatterbox (Field-Tested),0.25831359239504215,25.831359239504216,0.25831359239504215,True,30.779642857142857,248.94082826909903,2.0
Sep 05 2020 01: +0,20.013,1,Galil AR | Chatterbox (Field-Tested),2020-09-05,20.013,1,Galil AR | Chatterbox (Field-Tested),-0.5890517082653938,-58.905170826539376,0.5890517082653938,True,30.16142857142857,324.14180543929535,2.0
Sep 06 2020 01: +0,44.787,1,Galil AR | Chatterbox (Field-Tested),2020-09-06,44.787,1,Galil AR | Chatterbox (Field-Tested),0.8055358563440747,80.55358563440747,0.8055358563440747,True,31.297857142857147,431.7859666050885,2.0
Sep 07 2020 01: +0,38.726,1,Galil AR | Chatterbox (Field-Tested),2020-09-07,38.726,1,Galil AR | Chatterbox (Field-Tested),-0.14540670965835628,-14.540670965835629,0.14540670965835628,True,31.801642857142863,435.2652367054887,1.9285714285714286
Sep 08 2020 01: +0,39.043,5,Galil AR | Chatterbox (Field-Tested),2020-09-08,39.043,5,Galil AR | Chatterbox (Field-Tested),0.008152393773611358,0.8152393773611358,0.008152393773611358,False,32.474714285714285,434.69915387340103,2.142857142857143
Sep 09 2020 01: +0,34.707,3,Galil AR | Chatterbox (Field-Tested),2020-09-09,34.707,3,Galil AR | Chatterbox (Field-Tested),-0.11772220713995617,-11.772220713995617,0.11772220713995617,True,32.656285714285715,434.49786082968666,2.2142857142857144
Sep 10 2020 01: +0,34.748,3,Galil AR | Chatterbox (Field-Tested),2020-09-10,34.748,3,Galil AR | Chatterbox (Field-Tested),0.0011806206828125067,0.11806206828125067,0.0011806206828125067,False,33.09807142857143,434.4987913229296,2.357142857142857
Sep 11 2020 01: +0,31.594,2,Galil AR | Chatterbox (Field-Tested),2020-09-11,31.594,2,Galil AR | Chatterbox (Field-Tested),-0.09515478725076856,-9.515478725076857,0.09515478725076856,True,33.19992857142857,430.196425199283,2.142857142857143
Sep 12 2020 01: +0,29.293,1,Galil AR | Chatterbox (Field-Tested),2020-09-12,29.293,1,Galil AR | Chatterbox (Field-Tested),-0.0756186495167398,-7.56186495167398,0.0756186495167398,True,33.52328571428571,427.8372173512853,2.0
Sep 13 2020 01: +0,28.238,3,Galil AR | Chatterbox (Field-Tested),2020-09-13,28.238,3,Galil AR | Chatterbox (Field-Tested),-0.0366799910428324,-3.66799910428324,0.0366799910428324,False,33.44514285714286,427.76321777470673,2.0714285714285716
Sep 14 2020 01: +0,28.317,1,Galil AR | Chatterbox (Field-Tested),2020-09-14,28.317,1,Galil AR | Chatterbox (Field-Tested),0.0027937424235837307,0.27937424235837305,0.0027937424235837307,False,32.866285714285716,427.03517791809384,2.0
Sep 15 2020 01: +0,28.963,3,Galil AR | Chatterbox (Field-Tested),2020-09-15,28.963,3,Galil AR | Chatterbox (Field-Tested),0.02255682230162579,2.255682230162579,0.02255682230162579,False,32.513357142857146,423.81817624409007,2.142857142857143
Sep 16 2020 01: +0,32.77,4,Galil AR | Chatterbox (Field-Tested),2020-09-16,32.77,4,Galil AR | Chatterbox (Field-Tested),0.1234943093981804,12.34943093981804,0.1234943093981804,True,32.509,424.94098699520737,2.2857142857142856
Sep 17 2020 01: +0,29.256,3,Galil AR | Chatterbox (Field-Tested),2020-09-17,29.256,3,Galil AR | Chatterbox (Field-Tested),-0.1134287818636432,-11.34287818636432,0.1134287818636432,True,32.60885714285714,426.65095558994904,2.4285714285714284
Sep 18 2020 01: +0,31.033,2,Galil AR | Chatterbox (Field-Tested),2020-09-18,31.033,2,Galil AR | Chatterbox (Field-Tested),0.05896647357158444,5.896647357158444,0.05896647357158444,True,32.249142857142864,420.67237867171167,2.357142857142857
Sep 19 2020 01: +0,32.873,2,Galil AR | Chatterbox (Field-Tested),2020-09-19,32.873,2,Galil AR | Chatterbox (Field-Tested),0.05760049772674785,5.760049772674785,0.05760049772674785,True,33.16771428571429,413.40570736543623,2.4285714285714284
Sep 20 2020 01: +0,31.396,4,Galil AR | Chatterbox (Field-Tested),2020-09-20,31.396,4,Galil AR | Chatterbox (Field-Tested),-0.04597115588084513,-4.597115588084513,0.04597115588084513,False,32.21121428571429,413.193378380889,2.642857142857143
Sep 22 2020 01: +0,33.98,1,Galil AR | Chatterbox (Field-Tested),2020-09-22,33.98,1,Galil AR | Chatterbox (Field-Tested),0.07909161997921856,7.9091619979218555,0.07909161997921856,True,31.872214285714286,410.85313060070996,2.642857142857143
Sep 23 2020 01: +0,35.264,3,Galil AR | Chatterbox (Field-Tested),2020-09-23,35.264,3,Galil AR | Chatterbox (Field-Tested),0.037090497286663415,3.7090497286663417,0.037090497286663415,False,31.602285714285717,410.9994248668686,2.5
Sep 24 2020 01: +0,30.27,2,Galil AR | Chatterbox (Field-Tested),2020-09-24,30.27,2,Galil AR | Chatterbox (Field-Tested),-0.15270549049682214,-15.270549049682213,0.15270549049682214,True,31.285357142857144,413.44814941264383,2.4285714285714284
Sep 28 2020 01: +0,30.295,1,Galil AR | Chatterbox (Field-Tested),2020-09-28,30.295,1,Galil AR | Chatterbox (Field-Tested),0.0008255593633250941,0.0825559363325094,0.0008255593633250941,False,30.967285714285715,412.77196616487515,2.2857142857142856
Sep 30 2020 01: +0,32.379,5,Galil AR | Chatterbox (Field-Tested),2020-09-30,32.379,5,Galil AR | Chatterbox (Field-Tested),0.06652738211436654,6.652738211436654,0.06652738211436654,True,31.023357142857144,412.41304154914707,2.5
Oct 01 2020 01: +0,36.434,1,Galil AR | Chatterbox (Field-Tested),2020-10-01,36.434,1,Galil AR | Chatterbox (Field-Tested),0.11799234009731818,11.79923400973182,0.11799234009731818,True,31.533428571428573,412.08384419235733,2.5
Oct 02 2020 01: +0,36.746,1,Galil AR | Chatterbox (Field-Tested),2020-10-02,36.746,1,Galil AR | Chatterbox (Field-Tested),0.008526971588905906,0.8526971588905906,0.008526971588905906,False,32.14114285714286,411.7418799322441,2.357142857142857
Oct 03 2020 01: +0,36.167,1,Galil AR | Chatterbox (Field-Tested),2020-10-03,36.167,1,Galil AR | Chatterbox (Field-Tested),-0.015882275337749278,-1.5882275337749279,0.015882275337749278,False,32.70185714285714,405.24657483432287,2.357142857142857
Oct 04 2020 01: +0,33.326,3,Galil AR | Chatterbox (Field-Tested),2020-10-04,33.326,3,Galil AR | Chatterbox (Field-Tested),-0.08180922774336212,-8.180922774336212,0.08180922774336212,True,33.0135,402.4882683824908,2.357142857142857
Oct 05 2020 01: +0,30.686,1,Galil AR | Chatterbox (Field-Tested),2020-10-05,30.686,1,Galil AR | Chatterbox (Field-Tested),-0.08253134859341785,-8.253134859341785,0.08253134859341785,True,32.86464285714286,396.1081950625976,2.142857142857143
Oct 06 2020 01: +0,33.195,2,Galil AR | Chatterbox (Field-Tested),2020-10-06,33.195,2,Galil AR | Chatterbox (Field-Tested),0.07859273764810867,7.859273764810867,0.07859273764810867,True,33.146,396.4277423258448,2.0714285714285716
Oct 07 2020 01: +0,30.458,1,Galil AR | Chatterbox (Field-Tested),2020-10-07,30.458,1,Galil AR | Chatterbox (Field-Tested),-0.0860505767416236,-8.60505767416236,0.0860505767416236,True,33.10492857142857,397.41038228208777,2.0
Oct 08 2020 01: +0,30.473,1,Galil AR | Chatterbox (Field-Tested),2020-10-08,30.473,1,Galil AR | Chatterbox (Field-Tested),0.0004923602206766878,0.049236022067668785,0.0004923602206766878,False,32.933499999999995,393.10208012585315,1.9285714285714286
Oct 09 2020 01: +0,32.257,2,Galil AR | Chatterbox (Field-Tested),2020-10-09,32.257,2,Galil AR | Chatterbox (Field-Tested),0.056894028302303036,5.6894028302303035,0.056894028302303036,True,32.995,382.7790730492517,1.7857142857142858
Oct 10 2020 01: +0,34.463,4,Galil AR | Chatterbox (Field-Tested),2020-10-10,34.463,4,Galil AR | Chatterbox (Field-Tested),0.06615121081594653,6.615121081594653,0.06615121081594653,True,33.0295,319.70574448079714,2.0
Oct 11 2020 01: +0,39.427,2,Galil AR | Chatterbox (Field-Tested),2020-10-11,39.427,2,Galil AR | Chatterbox (Field-Tested),0.1345645760267132,13.456457602671321,0.1345645760267132,True,33.32685714285714,154.8921570736329,1.9285714285714286
Oct 12 2020 01: +0,32.601,3,Galil AR | Chatterbox (Field-Tested),2020-10-12,32.601,3,Galil AR | Chatterbox (Field-Tested),-0.19010789804631426,-19.010789804631425,0.19010789804631426,True,33.49335714285714,160.69553140501108,2.0
Oct 13 2020 01: +0,37.487,2,Galil AR | Chatterbox (Field-Tested),2020-10-13,37.487,2,Galil AR | Chatterbox (Field-Tested),0.13965124345809452,13.965124345809452,0.13965124345809452,True,34.00707142857143,168.48362101221167,2.0714285714285716
Oct 15 2020 01: +0,34.427,2,Galil AR | Chatterbox (Field-Tested),2020-10-15,34.427,2,Galil AR | Chatterbox (Field-Tested),-0.08515306596678458,-8.515306596678458,0.08515306596678458,True,34.153357142857146,166.01736111707783,1.8571428571428572
Oct 16 2020 01: +0,38.192,1,Galil AR | Chatterbox (Field-Tested),2020-10-16,38.192,1,Galil AR | Chatterbox (Field-Tested),0.10378492935633994,10.378492935633995,0.10378492935633994,True,34.27892857142857,169.94144399903334,1.8571428571428572
Oct 17 2020 01: +0,31.95,3,Galil AR | Chatterbox (Field-Tested),2020-10-17,31.95,3,Galil AR | Chatterbox (Field-Tested),-0.17845388877293047,-17.845388877293047,0.17845388877293047,True,33.93635714285715,178.28517658165174,2.0
Oct 18 2020 01: +0,31.344,2,Galil AR | Chatterbox (Field-Tested),2020-10-18,31.344,2,Galil AR | Chatterbox (Field-Tested),-0.019149319621358837,-1.9149319621358838,0.019149319621358837,False,33.591857142857144,176.33311650028912,2.0714285714285716
Oct 19 2020 01: +0,37.994,2,Galil AR | Chatterbox (Field-Tested),2020-10-19,37.994,2,Galil AR | Chatterbox (Field-Tested),0.1924053913206724,19.240539132067237,0.1924053913206724,True,33.92528571428572,187.7049918786459,2.0
Oct 20 2020 01: +0,29.998,1,Galil AR | Chatterbox (Field-Tested),2020-10-20,29.998,1,Galil AR | Chatterbox (Field-Tested),-0.23629753974968964,-23.629753974968963,0.23629753974968964,True,33.87614285714286,206.4349864107776,2.0
Oct 22 2020 01: +0,18.824,1,Galil AR | Chatterbox (Field-Tested),2020-10-22,18.824,1,Galil AR | Chatterbox (Field-Tested),-0.4659980613481063,-46.59980613481063,0.4659980613481063,True,32.849642857142854,262.9027585049086,1.9285714285714286
Oct 23 2020 01: +0,37.502,1,Galil AR | Chatterbox (Field-Tested),2020-10-23,37.502,1,Galil AR | Chatterbox (Field-Tested),0.6892616134624654,68.92616134624654,0.6892616134624654,True,33.352785714285716,357.34536882951613,1.9285714285714286
Oct 24 2020 01: +0,31.783,2,Galil AR | Chatterbox (Field-Tested),2020-10-24,31.783,2,Galil AR | Chatterbox (Field-Tested),-0.16546270924118406,-16.546270924118406,0.16546270924118406,True,33.446357142857146,359.957957161474,2.0
Oct 25 2020 01: +0,31.023,3,Galil AR | Chatterbox (Field-Tested),2020-10-25,31.023,3,Galil AR | Chatterbox (Field-Tested),-0.024202690775395115,-2.4202690775395115,0.024202690775395115,False,33.35821428571429,359.4921755018261,2.0714285714285716
Oct 26 2020 01: +0,32.836,1,Galil AR | Chatterbox (Field-Tested),2020-10-26,32.836,1,Galil AR | Chatterbox (Field-Tested),0.05679660961507198,5.679660961507198,0.05679660961507198,True,33.242000000000004,359.4760698218525,1.8571428571428572
Oct 27 2020 01: +0,30.577,2,Galil AR | Chatterbox (Field-Tested),2020-10-27,30.577,2,Galil AR | Chatterbox (Field-Tested),-0.07127738213306381,-7.127738213306381,0.07127738213306381,True,32.609857142857145,359.9910644720072,1.8571428571428572
Oct 28 2020 01: +0,30.117,2,Galil AR | Chatterbox (Field-Tested),2020-10-28,30.117,2,Galil AR | Chatterbox (Field-Tested),-0.015158295975456669,-1.5158295975456668,0.015158295975456669,False,32.432428571428574,358.85510524189,1.7857142857142858
Oct 30 2020 01: +0,34.781,5,Galil AR | Chatterbox (Field-Tested),2020-10-30,34.781,5,Galil AR | Chatterbox (Field-Tested),0.14398146429171407,14.398146429171407,0.14398146429171407,True,32.23914285714286,362.3166381774413,2.0
Nov 01 2020 01: +0,34.229,3,Galil AR | Chatterbox (Field-Tested),2020-11-01,34.229,3,Galil AR | Chatterbox (Field-Tested),-0.01599802269350425,-1.599802269350425,0.01599802269350425,False,32.225,358.2010579146793,2.0714285714285716
Nov 02 2020 01: +0,32.492,3,Galil AR | Chatterbox (Field-Tested),2020-11-02,32.492,3,Galil AR | Chatterbox (Field-Tested),-0.052079332787001775,-5.207933278700177,0.052079332787001775,True,31.817857142857143,358.73681719016827,2.2142857142857144
Nov 03 2020 01: +0,30.04,1,Galil AR | Chatterbox (Field-Tested),2020-11-03,30.04,1,Galil AR | Chatterbox (Field-Tested),-0.07846407829277338,-7.8464078292773385,0.07846407829277338,True,31.681428571428572,359.0360890550862,2.0714285714285716
Nov 05 2020 01: +0,36.091,1,Galil AR | Chatterbox (Field-Tested),2020-11-05,36.091,1,Galil AR | Chatterbox (Field-Tested),0.18351369988140126,18.351369988140124,0.18351369988140126,True,32.020500000000006,362.5141935763351,2.0
Nov 07 2020 01: +0,35.182,2,Galil AR | Chatterbox (Field-Tested),2020-11-07,35.182,2,Galil AR | Chatterbox (Field-Tested),-0.025508938600621388,-2.5508938600621387,0.025508938600621388,False,31.81964285714286,362.604091154225,2.0
Nov 08 2020 01: +0,35.606,1,Galil AR | Chatterbox (Field-Tested),2020-11-08,35.606,1,Galil AR | Chatterbox (Field-Tested),0.011979574805957093,1.1979574805957092,0.011979574805957093,False,32.220214285714285,362.59474991361446,2.0
Nov 09 2020 01: +0,31.165,2,Galil AR | Chatterbox (Field-Tested),2020-11-09,31.165,2,Galil AR | Chatterbox (Field-Tested),-0.13321849272185704,-13.321849272185704,0.13321849272185704,True,33.10171428571429,364.48381703737726,2.0714285714285716
Nov 10 2020 01: +0,35.002,2,Galil AR | Chatterbox (Field-Tested),2020-11-10,35.002,2,Galil AR | Chatterbox (Field-Tested),0.11610953245315186,11.610953245315187,0.11610953245315186,True,32.92314285714286,365.5600537704905,2.142857142857143
Nov 11 2020 01: +0,30.83,1,Galil AR | Chatterbox (Field-Tested),2020-11-11,30.83,1,Galil AR | Chatterbox (Field-Tested),-0.12691696081590678,-12.691696081590678,0.12691696081590678,True,32.85507142857143,367.3334171147131,2.0714285714285716
Nov 12 2020 01: +0,33.733,1,Galil AR | Chatterbox (Field-Tested),2020-11-12,33.733,1,Galil AR | Chatterbox (Field-Tested),0.08998834481544998,8.998834481544998,0.08998834481544998,True,33.04864285714286,367.42379792052435,1.9285714285714286
Nov 13 2020 01: +0,34.263,3,Galil AR | Chatterbox (Field-Tested),2020-11-13,34.263,3,Galil AR | Chatterbox (Field-Tested),0.015589468023070633,1.5589468023070632,0.015589468023070633,False,33.15057142857143,367.4464746664397,2.0714285714285716
Nov 14 2020 01: +0,33.543,2,Galil AR | Chatterbox (Field-Tested),2020-11-14,33.543,2,Galil AR | Chatterbox (Field-Tested),-0.021237856903238893,-2.1237856903238894,0.021237856903238893,False,33.36242857142857,367.0388465659819,2.0714285714285716
Nov 17 2020 01: +0,33.43,2,Galil AR | Chatterbox (Field-Tested),2020-11-17,33.43,2,Galil AR | Chatterbox (Field-Tested),-0.003374497401333476,-0.3374497401333476,0.003374497401333476,False,33.59907142857143,366.2931941108471,2.0714285714285716
Nov 18 2020 01: +0,34.333,2,Galil AR | Chatterbox (Field-Tested),2020-11-18,34.333,2,Galil AR | Chatterbox (Field-Tested),0.026653290344524537,2.6653290344524536,0.026653290344524537,False,33.56707142857143,363.1867875648722,1.8571428571428572
Nov 19 2020 01: +0,34.176,1,Galil AR | Chatterbox (Field-Tested),2020-11-19,34.176,1,Galil AR | Chatterbox (Field-Tested),-0.004583347438802115,-0.4583347438802115,0.004583347438802115,False,33.56328571428572,356.9726332331287,1.7142857142857142
Nov 20 2020 01: +0,33.598,4,Galil AR | Chatterbox (Field-Tested),2020-11-20,33.598,4,Galil AR | Chatterbox (Field-Tested),-0.017057101949707193,-1.7057101949707194,0.017057101949707193,False,33.64228571428571,353.51162396047,1.7857142857142858
Nov 21 2020 01: +0,31.059,1,Galil AR | Chatterbox (Field-Tested),2020-11-21,31.059,1,Galil AR | Chatterbox (Field-Tested),-0.07857791993593666,-7.857791993593666,0.07857791993593666,True,33.71507142857143,353.32822157991706,1.7857142857142858
Nov 22 2020 01: +0,30.83,1,Galil AR | Chatterbox (Field-Tested),2020-11-22,30.83,1,Galil AR | Chatterbox (Field-Tested),-0.007400379554026792,-0.7400379554026791,0.007400379554026792,False,33.339285714285715,351.2038059383787,1.7857142857142858
Nov 23 2020 01: +0,36.531,1,Galil AR | Chatterbox (Field-Tested),2020-11-23,36.531,1,Galil AR | Chatterbox (Field-Tested),0.1696729732949211,16.96729732949211,0.1696729732949211,True,33.43564285714286,350.82250340900384,1.7142857142857142
Nov 26 2020 01: +0,27.977,3,Galil AR | Chatterbox (Field-Tested),2020-11-26,27.977,3,Galil AR | Chatterbox (Field-Tested),-0.26677847114651904,-26.677847114651904,0.26677847114651904,True,32.89071428571429,363.3305856592847,1.8571428571428572
Nov 27 2020 01: +0,29.922,1,Galil AR | Chatterbox (Field-Tested),2020-11-27,29.922,1,Galil AR | Chatterbox (Field-Tested),0.06721125174557961,6.721125174557961,0.06721125174557961,True,32.80192857142857,357.39774936382014,1.7857142857142858
Nov 28 2020 01: +0,33.273,2,Galil AR | Chatterbox (Field-Tested),2020-11-28,33.273,2,Galil AR | Chatterbox (Field-Tested),0.10615226149867381,10.61522614986738,0.10615226149867381,True,32.67842857142857,349.7398647459069,1.7857142857142858
Nov 29 2020 01: +0,31.938,2,Galil AR | Chatterbox (Field-Tested),2020-11-29,31.938,2,Galil AR | Chatterbox (Field-Tested),-0.04094973387203907,-4.094973387203907,0.04094973387203907,False,32.75757142857143,306.70839760673533,1.8571428571428572
Nov 30 2020 01: +0,34.568,2,Galil AR | Chatterbox (Field-Tested),2020-11-30,34.568,2,Galil AR | Chatterbox (Field-Tested),0.07913187521095674,7.913187521095674,0.07913187521095674,True,32.817214285714286,190.28434502133712,1.9285714285714286
Dec 01 2020 01: +0,32.075,2,Galil AR | Chatterbox (Field-Tested),2020-12-01,32.075,2,Galil AR | Chatterbox (Field-Tested),-0.07485148812793174,-7.485148812793174,0.07485148812793174,True,32.66092857142858,183.01627684214802,1.8571428571428572
Dec 03 2020 01: +0,29.869,6,Galil AR | Chatterbox (Field-Tested),2020-12-03,29.869,6,Galil AR | Chatterbox (Field-Tested),-0.07125575724052402,-7.125575724052402,0.07125575724052402,True,32.3985,184.53889394663412,2.142857142857143
Dec 04 2020 01: +0,25.91,1,Galil AR | Chatterbox (Field-Tested),2020-12-04,25.91,1,Galil AR | Chatterbox (Field-Tested),-0.14219215868715762,-14.219215868715763,0.14219215868715762,True,31.861357142857145,189.64158228847484,2.0714285714285716
Dec 05 2020 01: +0,24.361,5,Galil AR | Chatterbox (Field-Tested),2020-12-05,24.361,5,Galil AR | Chatterbox (Field-Tested),-0.06164550167176771,-6.164550167176771,0.06164550167176771,True,31.149071428571432,189.26580629407823,2.2857142857142856
Dec 06 2020 01: +0,25.753,1,Galil AR | Chatterbox (Field-Tested),2020-12-06,25.753,1,Galil AR | Chatterbox (Field-Tested),0.055567632275699684,5.556763227569968,0.055567632275699684,True,30.547428571428572,190.51283743413376,2.2857142857142856
Dec 07 2020 01: +0,29.552,2,Galil AR | Chatterbox (Field-Tested),2020-12-07,29.552,2,Galil AR | Chatterbox (Field-Tested),0.13760029827893344,13.760029827893344,0.13760029827893344,True,30.258428571428574,189.8958592114693,2.142857142857143
Dec 08 2020 01: +0,31.11,2,Galil AR | Chatterbox (Field-Tested),2020-12-08,31.11,2,Galil AR | Chatterbox (Field-Tested),0.05137788745266141,5.137788745266141,0.05137788745266141,True,30.262071428571428,190.87566852001692,2.2142857142857144
Dec 09 2020 01: +0,26.279,4,Galil AR | Chatterbox (Field-Tested),2020-12-09,26.279,4,Galil AR | Chatterbox (Field-Tested),-0.16875916976750258,-16.875916976750258,0.16875916976750258,True,29.937,198.81147120001032,2.4285714285714284
Dec 10 2020 01: +0,26.413,6,Galil AR | Chatterbox (Field-Tested),2020-12-10,26.413,6,Galil AR | Chatterbox (Field-Tested),0.005086172051620928,0.5086172051620927,0.005086172051620928,False,29.214285714285715,197.16456787060142,2.7857142857142856
Dec 11 2020 01: +0,26.206,3,Galil AR | Chatterbox (Field-Tested),2020-12-11,26.206,3,Galil AR | Chatterbox (Field-Tested),-0.007867921011270498,-0.7867921011270498,0.007867921011270498,False,29.08778571428572,185.15580416506677,2.7857142857142856
Dec 12 2020 01: +0,25.09,1,Galil AR | Chatterbox (Field-Tested),2020-12-12,25.09,1,Galil AR | Chatterbox (Field-Tested),-0.04351903180406259,-4.351903180406259,0.04351903180406259,False,28.742642857142858,185.44383586542546,2.7857142857142856
Dec 13 2020 01: +0,25.729,2,Galil AR | Chatterbox (Field-Tested),2020-12-13,25.729,2,Galil AR | Chatterbox (Field-Tested),0.02514940002208161,2.514940002208161,0.02514940002208161,False,28.203785714285715,185.70834912614782,2.7857142857142856
Dec 14 2020 01: +0,28.389,4,Galil AR | Chatterbox (Field-Tested),2020-12-14,28.389,4,Galil AR | Chatterbox (Field-Tested),0.09838298579379291,9.838298579379291,0.09838298579379291,True,27.950285714285712,184.06107642368474,2.9285714285714284
Dec 15 2020 01: +0,29.292,1,Galil AR | Chatterbox (Field-Tested),2020-12-15,29.292,1,Galil AR | Chatterbox (Field-Tested),0.031312695004617995,3.1312695004617996,0.031312695004617995,False,27.573428571428572,179.4673755609374,2.857142857142857
Dec 16 2020 01: +0,26.293,4,Galil AR | Chatterbox (Field-Tested),2020-12-16,26.293,4,Galil AR | Chatterbox (Field-Tested),-0.10801169713770008,-10.801169713770008,0.10801169713770008,True,27.160428571428575,177.9783349434272,3.0
Dec 17 2020 01: +0,29.675,1,Galil AR | Chatterbox (Field-Tested),2020-12-17,29.675,1,Galil AR | Chatterbox (Field-Tested),0.12100219643460852,12.100219643460852,0.12100219643460852,True,27.14657142857143,180.38090830006433,2.642857142857143
Dec 18 2020 01: +0,30.686,3,Galil AR | Chatterbox (Field-Tested),2020-12-18,30.686,3,Galil AR | Chatterbox (Field-Tested),0.03350158402728231,3.3501584027282307,0.03350158402728231,False,27.487714285714286,180.73700077199834,2.7857142857142856
Dec 19 2020 01: +0,27.721,4,Galil AR | Chatterbox (Field-Tested),2020-12-19,27.721,4,Galil AR | Chatterbox (Field-Tested),-0.10161627581592493,-10.161627581592493,0.10161627581592493,True,27.727714285714285,183.86750733609517,2.7142857142857144
Dec 20 2020 01: +0,23.124,2,Galil AR | Chatterbox (Field-Tested),2020-12-20,23.124,2,Galil AR | Chatterbox (Field-Tested),-0.1813192094868595,-18.131920948685952,0.1813192094868595,True,27.539928571428568,193.7169713545745,2.7857142857142856
Dec 21 2020 01: +0,26.338,1,Galil AR | Chatterbox (Field-Tested),2020-12-21,26.338,1,Galil AR | Chatterbox (Field-Tested),0.13014172406779878,13.014172406779878,0.13014172406779878,True,27.310357142857146,199.608840450439,2.7142857142857144
Dec 22 2020 01: +0,28.503,2,Galil AR | Chatterbox (Field-Tested),2020-12-22,28.503,2,Galil AR | Chatterbox (Field-Tested),0.07899658160469371,7.899658160469371,0.07899658160469371,True,27.124142857142857,201.9482267905676,2.7142857142857144
Dec 23 2020 01: +0,27.616,2,Galil AR | Chatterbox (Field-Tested),2020-12-23,27.616,2,Galil AR | Chatterbox (Field-Tested),-0.0316140299917047,-3.1614029991704697,0.0316140299917047,False,27.219642857142862,202.11184993742103,2.5714285714285716
Dec 24 2020 01: +0,27.92,4,Galil AR | Chatterbox (Field-Tested),2020-12-24,27.92,4,Galil AR | Chatterbox (Field-Tested),0.010947962993154339,1.0947962993154339,0.010947962993154339,False,27.327285714285715,200.5014048049841,2.4285714285714284
Dec 25 2020 01: +0,28.585,5,Galil AR | Chatterbox (Field-Tested),2020-12-25,28.585,5,Galil AR | Chatterbox (Field-Tested),0.02353882682176285,2.3538826821762853,0.02353882682176285,False,27.497214285714286,200.7169681802227,2.5714285714285716
Dec 26 2020 01: +0,29.123,2,Galil AR | Chatterbox (Field-Tested),2020-12-26,29.123,2,Galil AR | Chatterbox (Field-Tested),0.018646135284173138,1.8646135284173138,0.018646135284173138,False,27.785285714285717,191.09192505608837,2.642857142857143
Dec 27 2020 01: +0,29.387,2,Galil AR | Chatterbox (Field-Tested),2020-12-27,29.387,2,Galil AR | Chatterbox (Field-Tested),0.009024159684759735,0.9024159684759735,0.009024159684759735,False,28.046571428571433,166.65538879454834,2.642857142857143
Dec 28 2020 01: +0,27.086,1,Galil AR | Chatterbox (Field-Tested),2020-12-28,27.086,1,Galil AR | Chatterbox (Field-Tested),-0.08153541045168781,-8.153541045168781,0.08153541045168781,True,27.953500000000002,167.36407152179316,2.4285714285714284
Dec 29 2020 01: +0,33.396,1,Galil AR | Chatterbox (Field-Tested),2020-12-29,33.396,1,Galil AR | Chatterbox (Field-Tested),0.20941914309857457,20.941914309857456,0.20941914309857457,True,28.246642857142856,179.31502360558008,2.4285714285714284
Dec 30 2020 01: +0,29.218,2,Galil AR | Chatterbox (Field-Tested),2020-12-30,29.218,2,Galil AR | Chatterbox (Field-Tested),-0.1336511746214317,-13.36511746214317,0.1336511746214317,True,28.455571428571428,184.81847067328616,2.2857142857142856
Dec 31 2020 01: +0,28.437,3,Galil AR | Chatterbox (Field-Tested),2020-12-31,28.437,3,Galil AR | Chatterbox (Field-Tested),-0.02709384357130804,-2.709384357130804,0.02709384357130804,False,28.36714285714286,182.5799862428824,2.4285714285714284
Jan 01 2021 01: +0,27.935,3,Galil AR | Chatterbox (Field-Tested),2021-01-01,27.935,3,Galil AR | Chatterbox (Field-Tested),-0.017810731227902235,-1.7810731227902235,0.017810731227902235,False,28.17064285714286,180.96960569753315,2.4285714285714284
Jan 02 2021 01: +0,26.267,4,Galil AR | Chatterbox (Field-Tested),2021-01-02,26.267,4,Galil AR | Chatterbox (Field-Tested),-0.0615669844405802,-6.15669844405802,0.0615669844405802,True,28.066785714285714,180.55156799008788,2.4285714285714284
Jan 03 2021 01: +0,27.995,3,Galil AR | Chatterbox (Field-Tested),2021-01-03,27.995,3,Galil AR | Chatterbox (Field-Tested),0.06371252433032476,6.371252433032476,0.06371252433032476,True,28.41471428571429,174.95477976370745,2.5
Jan 04 2021 01: +0,28.558,3,Galil AR | Chatterbox (Field-Tested),2021-01-04,28.558,3,Galil AR | Chatterbox (Field-Tested),0.019911184207246743,1.9911184207246742,0.019911184207246743,False,28.573285714285714,173.49324544104272,2.642857142857143
Jan 06 2021 01: +0,31.922,4,Galil AR | Chatterbox (Field-Tested),2021-01-06,31.922,4,Galil AR | Chatterbox (Field-Tested),0.11135832025226315,11.135832025226316,0.11135832025226315,True,28.817500000000003,176.59156104660627,2.7857142857142856
Jan 07 2021 01: +0,36.675,3,Galil AR | Chatterbox (Field-Tested),2021-01-07,36.675,3,Galil AR | Chatterbox (Field-Tested),0.13879989676867865,13.879989676867865,0.13879989676867865,True,29.46457142857143,176.70354795157257,2.857142857142857
Jan 08 2021 01: +0,32.28,2,Galil AR | Chatterbox (Field-Tested),2021-01-08,32.28,2,Galil AR | Chatterbox (Field-Tested),-0.1276474806272973,-12.76474806272973,0.1276474806272973,True,29.776000000000003,182.0236509331611,2.7142857142857144
Jan 09 2021 01: +0,31.527,3,Galil AR | Chatterbox (Field-Tested),2021-01-09,31.527,3,Galil AR | Chatterbox (Field-Tested),-0.023603521850178926,-2.360352185017893,0.023603521850178926,False,29.986142857142855,171.71155578150575,2.5714285714285716
Jan 10 2021 01: +0,29.922,1,Galil AR | Chatterbox (Field-Tested),2021-01-10,29.922,1,Galil AR | Chatterbox (Field-Tested),-0.052250325759528635,-5.225032575952864,0.052250325759528635,True,30.04321428571429,172.91333533810194,2.5
Jan 11 2021 01: +0,35.653,3,Galil AR | Chatterbox (Field-Tested),2021-01-11,35.653,3,Galil AR | Chatterbox (Field-Tested),0.17523929900037868,17.523929900037867,0.17523929900037868,True,30.490785714285714,182.8222939205824,2.5714285714285716
Jan 13 2021 01: +0,30.219,1,Galil AR | Chatterbox (Field-Tested),2021-01-13,30.219,1,Galil AR | Chatterbox (Field-Tested),-0.16536242916376534,-16.536242916376533,0.16536242916376534,True,30.71457142857143,192.04095997288525,2.5714285714285716
Jan 14 2021 01: +0,31.412,2,Galil AR | Chatterbox (Field-Tested),2021-01-14,31.412,2,Galil AR | Chatterbox (Field-Tested),0.038719119883974286,3.8719119883974287,0.038719119883974286,False,30.572857142857146,192.26768153019623,2.642857142857143
Jan 15 2021 01: +0,31.187,1,Galil AR | Chatterbox (Field-Tested),2021-01-15,31.187,1,Galil AR | Chatterbox (Field-Tested),-0.007188644193533853,-0.7188644193533853,0.007188644193533853,False,30.713500000000003,189.43375334190435,2.5714285714285716
Jan 16 2021 01: +0,32.783,3,Galil AR | Chatterbox (Field-Tested),2021-01-16,32.783,3,Galil AR | Chatterbox (Field-Tested),0.0499087470279972,4.99087470279972,0.0499087470279972,False,31.02392857142857,189.89241852112406,2.5714285714285716
Jan 17 2021 01: +0,35.152,1,Galil AR | Chatterbox (Field-Tested),2021-01-17,35.152,1,Galil AR | Chatterbox (Field-Tested),0.06977142729516292,6.9771427295162916,0.06977142729516292,True,31.539428571428573,186.8231605018608,2.4285714285714284
Jan 18 2021 01: +0,31.12,1,Galil AR | Chatterbox (Field-Tested),2021-01-18,31.12,1,Galil AR | Chatterbox (Field-Tested),-0.12183081633206348,-12.183081633206347,0.12183081633206348,True,31.886071428571427,187.80971829279994,2.2142857142857144
Jan 19 2021 01: +0,34.537,4,Galil AR | Chatterbox (Field-Tested),2021-01-19,34.537,4,Galil AR | Chatterbox (Field-Tested),0.10418051381681655,10.418051381681655,0.10418051381681655,True,32.35335714285714,190.91392523527685,2.2857142857142856
Jan 20 2021 01: +0,33.227,3,Galil AR | Chatterbox (Field-Tested),2021-01-20,33.227,3,Galil AR | Chatterbox (Field-Tested),-0.03866841470356672,-3.866841470356672,0.03866841470356672,False,32.68685714285714,187.77012088269095,2.2857142857142856
Jan 21 2021 01: +0,36.496,1,Galil AR | Chatterbox (Field-Tested),2021-01-21,36.496,1,Galil AR | Chatterbox (Field-Tested),0.09383986711859156,9.383986711859157,0.09383986711859156,True,33.01357142857143,177.46010546431975,2.0714285714285716
Jan 22 2021 01: +0,36.457,1,Galil AR | Chatterbox (Field-Tested),2021-01-22,36.457,1,Galil AR | Chatterbox (Field-Tested),-0.0010691816296859158,-0.10691816296859158,0.0010691816296859158,False,32.998000000000005,172.59982470530124,1.9285714285714286
Jan 23 2021 01: +0,29.539,4,Galil AR | Chatterbox (Field-Tested),2021-01-23,29.539,4,Galil AR | Chatterbox (Field-Tested),-0.21042205978563874,-21.042205978563874,0.21042205978563874,True,32.802214285714285,187.12625129290512,2.0714285714285716
Jan 24 2021 01: +0,30.142,1,Galil AR | Chatterbox (Field-Tested),2021-01-24,30.142,1,Galil AR | Chatterbox (Field-Tested),0.020208123870776907,2.0208123870776906,0.020208123870776907,False,32.70328571428571,186.8556884942138,1.9285714285714286
Jan 25 2021 01: +0,34.452,1,Galil AR | Chatterbox (Field-Tested),2021-01-25,34.452,1,Galil AR | Chatterbox (Field-Tested),0.1336475029294427,13.364750292944269,0.1336475029294427,True,33.026857142857146,192.3403096252054,1.9285714285714286
Jan 26 2021 01: +0,32.634,5,Galil AR | Chatterbox (Field-Tested),2021-01-26,32.634,5,Galil AR | Chatterbox (Field-Tested),-0.05421236125804848,-5.421236125804848,0.05421236125804848,True,32.811214285714286,193.40824782338854,2.0714285714285716
Jan 27 2021 01: +0,28.147,1,Galil AR | Chatterbox (Field-Tested),2021-01-27,28.147,1,Galil AR | Chatterbox (Field-Tested),-0.14791391269842846,-14.791391269842846,0.14791391269842846,True,32.66321428571429,200.46300778037053,2.0714285714285716
Jan 28 2021 01: +0,31.195,2,Galil AR | Chatterbox (Field-Tested),2021-01-28,31.195,2,Galil AR | Chatterbox (Field-Tested),0.10281704859229952,10.281704859229952,0.10281704859229952,True,32.64771428571429,203.70473393343445,2.0714285714285716
Jan 29 2021 01: +0,31.89,3,Galil AR | Chatterbox (Field-Tested),2021-01-29,31.89,3,Galil AR | Chatterbox (Field-Tested),0.022034655459216637,2.203465545921664,0.022034655459216637,False,32.69792857142857,201.55174210808352,2.2142857142857144
Jan 30 2021 01: +0,30.466,4,Galil AR | Chatterbox (Field-Tested),2021-01-30,30.466,4,Galil AR | Chatterbox (Field-Tested),-0.045681173307456906,-4.56811733074569,0.045681173307456906,False,32.532428571428575,188.26142845130263,2.2857142857142856
Jan 31 2021 01: +0,33.943,1,Galil AR | Chatterbox (Field-Tested),2021-01-31,33.943,1,Galil AR | Chatterbox (Field-Tested),0.1080713394640192,10.80713394640192,0.1080713394640192,True,32.44607142857143,186.02483512055477,2.2857142857142856
Feb 01 2021 01: +0,29.295,3,Galil AR | Chatterbox (Field-Tested),2021-02-01,29.295,3,Galil AR | Chatterbox (Field-Tested),-0.14726579418177646,-14.726579418177646,0.14726579418177646,True,32.315714285714286,193.2175075905272,2.4285714285714284
Feb 02 2021 01: +0,31.359,3,Galil AR | Chatterbox (Field-Tested),2021-02-02,31.359,3,Galil AR | Chatterbox (Field-Tested),0.06808445422192783,6.808445422192783,0.06808445422192783,True,32.08871428571429,194.48427674744258,2.357142857142857
Feb 03 2021 01: +0,29.302,1,Galil AR | Chatterbox (Field-Tested),2021-02-03,29.302,1,Galil AR | Chatterbox (Field-Tested),-0.06784553413955857,-6.784553413955857,0.06784553413955857,True,31.808357142857144,194.7622280798909,2.2142857142857144
Feb 04 2021 01: +0,31.374,1,Galil AR | Chatterbox (Field-Tested),2021-02-04,31.374,1,Galil AR | Chatterbox (Field-Tested),0.06832375135492731,6.832375135492732,0.06832375135492731,True,31.442500000000003,194.9477792606854,2.2142857142857144
Feb 07 2021 01: +0,30.3,4,Galil AR | Chatterbox (Field-Tested),2021-02-07,30.3,4,Galil AR | Chatterbox (Field-Tested),-0.03483181191872498,-3.4831811918724984,0.03483181191872498,False,31.002714285714287,195.31311064842916,2.4285714285714284
Feb 08 2021 01: +0,29.661,3,Galil AR | Chatterbox (Field-Tested),2021-02-08,29.661,3,Galil AR | Chatterbox (Field-Tested),-0.021314660932217882,-2.131466093221788,0.021314660932217882,False,31.01142857142857,191.4045055468475,2.357142857142857
Feb 09 2021 01: +0,32.081,3,Galil AR | Chatterbox (Field-Tested),2021-02-09,32.081,3,Galil AR | Chatterbox (Field-Tested),0.07843090299919471,7.843090299919471,0.07843090299919471,True,31.14992857142857,186.90272127856954,2.5
Feb 11 2021 01: +0,31.369,4,Galil AR | Chatterbox (Field-Tested),2021-02-11,31.369,4,Galil AR | Chatterbox (Field-Tested),-0.022443810477868947,-2.2443810477868946,0.022443810477868947,False,30.929714285714287,181.70567003355055,2.7142857142857144
Feb 12 2021 01: +0,31.161,3,Galil AR | Chatterbox (Field-Tested),2021-02-12,31.161,3,Galil AR | Chatterbox (Field-Tested),-0.0066528311906472685,-0.6652831190647268,0.0066528311906472685,False,30.824500000000004,181.5358543215546,2.5714285714285716
Feb 13 2021 01: +0,31.22,2,Galil AR | Chatterbox (Field-Tested),2021-02-13,31.22,2,Galil AR | Chatterbox (Field-Tested),0.0018916021735019889,0.1891602173501989,0.0018916021735019889,False,31.044,180.568844967045,2.642857142857143
Feb 14 2021 01: +0,31.947,2,Galil AR | Chatterbox (Field-Tested),2021-02-14,31.947,2,Galil AR | Chatterbox (Field-Tested),0.02301936461407046,2.3019364614070463,0.02301936461407046,False,31.097714285714286,169.59880101276553,2.642857142857143
Feb 15 2021 01: +0,29.115,1,Galil AR | Chatterbox (Field-Tested),2021-02-15,29.115,1,Galil AR | Chatterbox (Field-Tested),-0.09282477441227316,-9.282477441227316,0.09282477441227316,True,30.8995,162.63855250280196,2.5
Feb 16 2021 01: +0,33.685,2,Galil AR | Chatterbox (Field-Tested),2021-02-16,33.685,2,Galil AR | Chatterbox (Field-Tested),0.14579912912353996,14.579912912353995,0.14579912912353996,True,31.129428571428573,170.0689359941151,2.357142857142857
Feb 17 2021 01: +0,33.224,2,Galil AR | Chatterbox (Field-Tested),2021-02-17,33.224,2,Galil AR | Chatterbox (Field-Tested),-0.013780128084170954,-1.3780128084170955,0.013780128084170954,False,31.07807142857143,170.130892931365,2.4285714285714284
Feb 18 2021 01: +0,33.968,1,Galil AR | Chatterbox (Field-Tested),2021-02-18,33.968,1,Galil AR | Chatterbox (Field-Tested),0.022146398632448175,2.2146398632448174,0.022146398632448175,False,31.411857142857144,169.42328365287688,2.2857142857142856
Feb 19 2021 01: +0,29.694,3,Galil AR | Chatterbox (Field-Tested),2021-02-19,29.694,3,Galil AR | Chatterbox (Field-Tested),-0.13447389976309643,-13.447389976309642,0.13447389976309643,True,31.292928571428575,173.93497920449775,2.2857142857142856
Feb 21 2021 01: +0,34.3,1,Galil AR | Chatterbox (Field-Tested),2021-02-21,34.3,1,Galil AR | Chatterbox (Field-Tested),0.1442003489740902,14.420034897409021,0.1442003489740902,True,31.64992857142857,176.30121403780473,2.2857142857142856
Feb 23 2021 01: +0,30.932,2,Galil AR | Chatterbox (Field-Tested),2021-02-23,30.932,2,Galil AR | Chatterbox (Field-Tested),-0.1033541074251052,-10.33541074251052,0.1033541074251052,True,31.618357142857146,176.2080031047853,2.357142857142857
Feb 24 2021 01: +0,34.155,2,Galil AR | Chatterbox (Field-Tested),2021-02-24,34.155,2,Galil AR | Chatterbox (Field-Tested),0.09911774143702369,9.911774143702369,0.09911774143702369,True,31.89371428571429,179.29132243888034,2.2142857142857144
Feb 25 2021 01: +0,33.076,3,Galil AR | Chatterbox (Field-Tested),2021-02-25,33.076,3,Galil AR | Chatterbox (Field-Tested),-0.03210104432389239,-3.210104432389239,0.03210104432389239,False,32.13764285714286,176.43500345749294,2.2142857142857144
Feb 26 2021 01: +0,29.108,4,Galil AR | Chatterbox (Field-Tested),2021-02-26,29.108,4,Galil AR | Chatterbox (Field-Tested),-0.12779489337508024,-12.779489337508023,0.12779489337508024,True,31.925285714285714,181.69393365238193,2.2857142857142856
Feb 27 2021 01: +0,32.661,2,Galil AR | Chatterbox (Field-Tested),2021-02-27,32.661,2,Galil AR | Chatterbox (Field-Tested),0.11516865508231257,11.516865508231257,0.11516865508231257,True,32.01757142857143,171.11258499666138,2.142857142857143
Feb 28 2021 01: +0,29.412,1,Galil AR | Chatterbox (Field-Tested),2021-02-28,29.412,1,Galil AR | Chatterbox (Field-Tested),-0.10477895123317689,-10.477895123317689,0.10477895123317689,True,31.892642857142857,175.07066970970334,2.0
Mar 01 2021 01: +0,38.565,3,Galil AR | Chatterbox (Field-Tested),2021-03-01,38.565,3,Galil AR | Chatterbox (Field-Tested),0.2709423750519866,27.09423750519866,0.2709423750519866,True,32.41728571428571,193.88218331395686,2.0714285714285716
Mar 02 2021 01: +0,32.542,3,Galil AR | Chatterbox (Field-Tested),2021-03-02,32.542,3,Galil AR | Chatterbox (Field-Tested),-0.16981356666883513,-16.981356666883514,0.16981356666883513,True,32.459785714285715,202.24530263890176,2.142857142857143
Mar 03 2021 01: +0,35.528,2,Galil AR | Chatterbox (Field-Tested),2021-03-03,35.528,2,Galil AR | Chatterbox (Field-Tested),0.08778955527267389,8.778955527267389,0.08778955527267389,True,32.917857142857144,197.21056967163256,2.2142857142857144
Mar 04 2021 01: +0,31.723,2,Galil AR | Chatterbox (Field-Tested),2021-03-04,31.723,2,Galil AR | Chatterbox (Field-Tested),-0.11327914814173481,-11.327914814173482,0.11327914814173481,True,32.77771428571428,198.5016591925894,2.2142857142857144
Mar 05 2021 01: +0,33.507,4,Galil AR | Chatterbox (Field-Tested),2021-03-05,33.507,4,Galil AR | Chatterbox (Field-Tested),0.054712402378732844,5.4712402378732845,0.054712402378732844,True,32.79792857142857,199.27237323228394,2.357142857142857
Mar 06 2021 01: +0,35.426,5,Galil AR | Chatterbox (Field-Tested),2021-03-06,35.426,5,Galil AR | Chatterbox (Field-Tested),0.05569164160360605,5.569164160360605,0.05569164160360605,True,32.902071428571425,199.37907645950236,2.642857142857143
Mar 07 2021 01: +0,32.223,1,Galil AR | Chatterbox (Field-Tested),2021-03-07,32.223,1,Galil AR | Chatterbox (Field-Tested),-0.09476553054638559,-9.47655305463856,0.09476553054638559,True,33.08271428571429,198.73708925725427,2.5
Mar 08 2021 01: +0,30.771,4,Galil AR | Chatterbox (Field-Tested),2021-03-08,30.771,4,Galil AR | Chatterbox (Field-Tested),-0.04610779529063601,-4.610779529063601,0.04610779529063601,False,32.830642857142855,192.44639455822522,2.7142857142857144
Mar 09 2021 01: +0,33.471,3,Galil AR | Chatterbox (Field-Tested),2021-03-09,33.471,3,Galil AR | Chatterbox (Field-Tested),0.08410670428576858,8.410670428576857,0.08410670428576858,True,33.012,193.22224764358558,2.7857142857142856
Mar 11 2021 01: +0,35.761,4,Galil AR | Chatterbox (Field-Tested),2021-03-11,35.761,4,Galil AR | Chatterbox (Field-Tested),0.06617852184098663,6.6178521840986635,0.06617852184098663,True,33.126714285714286,192.76425996884763,2.9285714285714284
Mar 13 2021 01: +0,37.173,1,Galil AR | Chatterbox (Field-Tested),2021-03-13,37.173,1,Galil AR | Chatterbox (Field-Tested),0.0387247771823267,3.8724777182326697,0.0387247771823267,False,33.419357142857145,191.84645084320368,2.7857142857142856
Mar 14 2021 01: +0,29.477,3,Galil AR | Chatterbox (Field-Tested),2021-03-14,29.477,3,Galil AR | Chatterbox (Field-Tested),-0.2319723930673615,-23.19723930673615,0.2319723930673615,True,33.44571428571429,208.6687472288375,2.7142857142857144
Mar 15 2021 01: +0,32.545,2,Galil AR | Chatterbox (Field-Tested),2021-03-15,32.545,2,Galil AR | Chatterbox (Field-Tested),0.09901344878924662,9.901344878924661,0.09901344878924662,True,33.437428571428576,211.39165761781408,2.7142857142857144
Mar 16 2021 01: +0,34.341,2,Galil AR | Chatterbox (Field-Tested),2021-03-16,34.341,2,Galil AR | Chatterbox (Field-Tested),0.05371622858009838,5.371622858009838,0.05371622858009838,True,33.7895,210.45676681447688,2.7857142857142856
Mar 17 2021 01: +0,32.562,1,Galil AR | Chatterbox (Field-Tested),2021-03-17,32.562,1,Galil AR | Chatterbox (Field-Tested),-0.05319401129512626,-5.3194011295126264,0.05319401129512626,True,33.36071428571429,211.18330515571978,2.642857142857143
Mar 18 2021 01: +0,34.522,2,Galil AR | Chatterbox (Field-Tested),2021-03-18,34.522,2,Galil AR | Chatterbox (Field-Tested),0.058450837655174656,5.845083765517465,0.058450837655174656,True,33.50214285714286,212.09585874088464,2.5714285714285716
Mar 19 2021 01: +0,32.538,3,Galil AR | Chatterbox (Field-Tested),2021-03-19,32.538,3,Galil AR | Chatterbox (Field-Tested),-0.05918816487751892,-5.918816487751892,0.05918816487751892,True,33.28857142857143,213.21813210363447,2.642857142857143
Mar 20 2021 01: +0,33.287,10,Galil AR | Chatterbox (Field-Tested),2021-03-20,33.287,10,Galil AR | Chatterbox (Field-Tested),0.022758293286862578,2.2758293286862576,0.022758293286862578,False,33.400285714285715,213.214816430342,3.2142857142857144
Mar 21 2021 01: +0,35.987,3,Galil AR | Chatterbox (Field-Tested),2021-03-21,35.987,3,Galil AR | Chatterbox (Field-Tested),0.07799083175483992,7.799083175483992,0.07799083175483992,True,33.57742857142857,212.0385226269525,3.142857142857143
Mar 22 2021 01: +0,36.434,1,Galil AR | Chatterbox (Field-Tested),2021-03-22,36.434,1,Galil AR | Chatterbox (Field-Tested),0.012344642479956194,1.2344642479956194,0.012344642479956194,False,33.64942857142857,206.0742207978692,2.857142857142857
Mar 24 2021 01: +0,37.45,3,Galil AR | Chatterbox (Field-Tested),2021-03-24,37.45,3,Galil AR | Chatterbox (Field-Tested),0.02750430535459141,2.750430535459141,0.02750430535459141,False,34.02278571428572,206.16394171814417,3.0
Mar 25 2021 01: +0,37.269,2,Galil AR | Chatterbox (Field-Tested),2021-03-25,37.269,2,Galil AR | Chatterbox (Field-Tested),-0.004844828063579069,-0.4844828063579069,0.004844828063579069,False,34.48692857142857,206.07973014104712,2.857142857142857
Mar 26 2021 01: +0,41.0,1,Galil AR | Chatterbox (Field-Tested),2021-03-26,41.0,1,Galil AR | Chatterbox (Field-Tested),0.09541018480465828,9.541018480465828,0.09541018480465828,True,35.02471428571429,202.3313907350118,2.7142857142857144
Mar 27 2021 01: +0,37.041,3,Galil AR | Chatterbox (Field-Tested),2021-03-27,37.041,3,Galil AR | Chatterbox (Field-Tested),-0.1015466594505916,-10.154665945059161,0.1015466594505916,True,35.11614285714286,200.07648097107383,2.642857142857143
Mar 28 2021 01: +0,39.355,6,Galil AR | Chatterbox (Field-Tested),2021-03-28,39.355,6,Galil AR | Chatterbox (Field-Tested),0.06059762434069712,6.059762434069712,0.06059762434069712,True,35.272,197.30628269330794,3.0
Mar 29 2021 01: +0,45.375,1,Galil AR | Chatterbox (Field-Tested),2021-03-29,45.375,1,Galil AR | Chatterbox (Field-Tested),0.14233826099060137,14.233826099060137,0.14233826099060137,True,36.40757142857142,200.36983667175554,2.857142857142857
Mar 30 2021 01: +0,37.617,2,Galil AR | Chatterbox (Field-Tested),2021-03-30,37.617,2,Galil AR | Chatterbox (Field-Tested),-0.18750521670850442,-18.750521670850443,0.18750521670850442,True,36.76985714285714,211.4533795843347,2.857142857142857
Mar 31 2021 01: +0,36.971,4,Galil AR | Chatterbox (Field-Tested),2021-03-31,36.971,4,Galil AR | Chatterbox (Field-Tested),-0.017322254335171285,-1.7322254335171285,0.017322254335171285,False,36.95771428571429,206.2142689737494,3.0
Apr 01 2021 01: +0,37.349,3,Galil AR | Chatterbox (Field-Tested),2021-04-01,37.349,3,Galil AR | Chatterbox (Field-Tested),0.010172315917350124,1.0172315917350123,0.010172315917350124,False,37.29964285714285,202.56443896160349,3.142857142857143
Apr 02 2021 01: +0,38.735,1,Galil AR | Chatterbox (Field-Tested),2021-04-02,38.735,1,Galil AR | Chatterbox (Field-Tested),0.03643744662517659,3.643744662517659,0.03643744662517659,False,37.60057142857143,198.9348458457749,3.0714285714285716
Apr 03 2021 01: +0,42.004,1,Galil AR | Chatterbox (Field-Tested),2021-04-03,42.004,1,Galil AR | Chatterbox (Field-Tested),0.08102126775988107,8.102126775988108,0.08102126775988107,True,38.276714285714284,177.33931989866548,2.9285714285714284
Apr 04 2021 01: +0,35.424,1,Galil AR | Chatterbox (Field-Tested),2021-04-04,35.424,1,Galil AR | Chatterbox (Field-Tested),-0.17037529531752055,-17.037529531752053,0.17037529531752055,True,38.42935714285714,177.40824991129816,2.2857142857142856
Apr 05 2021 01: +0,43.898,1,Galil AR | Chatterbox (Field-Tested),2021-04-05,43.898,1,Galil AR | Chatterbox (Field-Tested),0.2144792044305378,21.447920443053782,0.2144792044305378,True,38.99442857142857,190.09457150276643,2.142857142857143
Apr 06 2021 01: +0,37.195,2,Galil AR | Chatterbox (Field-Tested),2021-04-06,37.195,2,Galil AR | Chatterbox (Field-Tested),-0.16569441731345957,-16.569441731345957,0.16569441731345957,True,39.048785714285714,195.0842759216088,2.2142857142857144
Apr 07 2021 01: +0,29.798,1,Galil AR | Chatterbox (Field-Tested),2021-04-07,29.798,1,Galil AR | Chatterbox (Field-Tested),-0.22173306647815724,-22.173306647815725,0.22173306647815724,True,38.50221428571428,209.5654873146414,2.0714285714285716
Apr 08 2021 01: +0,35.262,2,Galil AR | Chatterbox (Field-Tested),2021-04-08,35.262,2,Galil AR | Chatterbox (Field-Tested),0.16836461969342098,16.836461969342096,0.16836461969342098,True,38.35885714285714,217.14681801195232,2.0714285714285716
Apr 09 2021 01: +0,37.993,2,Galil AR | Chatterbox (Field-Tested),2021-04-09,37.993,2,Galil AR | Chatterbox (Field-Tested),0.07459603537265876,7.459603537265876,0.07459603537265876,True,38.14407142857143,215.8913140084564,2.142857142857143
Apr 10 2021 01: +0,37.427,3,Galil AR | Chatterbox (Field-Tested),2021-04-10,37.427,3,Galil AR | Chatterbox (Field-Tested),-0.015009563139651539,-1.5009563139651538,0.015009563139651539,False,38.17164285714286,215.22732424062193,2.142857142857143
Apr 11 2021 01: +0,44.252,1,Galil AR | Chatterbox (Field-Tested),2021-04-11,44.252,1,Galil AR | Chatterbox (Field-Tested),0.16750819908108897,16.750819908108898,0.16750819908108897,True,38.521428571428565,220.9022542047196,1.7857142857142858
Apr 12 2021 01: +0,33.283,2,Galil AR | Chatterbox (Field-Tested),2021-04-12,33.283,2,Galil AR | Chatterbox (Field-Tested),-0.28485381205163446,-28.485381205163446,0.28485381205163446,True,37.657714285714285,242.4143139091972,1.8571428571428572
Apr 13 2021 01: +0,36.334,3,Galil AR | Chatterbox (Field-Tested),2021-04-13,36.334,3,Galil AR | Chatterbox (Field-Tested),0.08770718589552329,8.77071858955233,0.08770718589552329,True,37.566071428571426,244.05656041082918,1.9285714285714286
Apr 15 2021 01: +0,34.855,2,Galil AR | Chatterbox (Field-Tested),2021-04-15,34.855,2,Galil AR | Chatterbox (Field-Tested),-0.04155734307819146,-4.155734307819146,0.04155734307819146,False,37.41492857142857,229.98378223333833,1.7857142857142858
Apr 16 2021 01: +0,34.461,3,Galil AR | Chatterbox (Field-Tested),2021-04-16,34.461,3,Galil AR | Chatterbox (Field-Tested),-0.011368349106985209,-1.136834910698521,0.011368349106985209,False,37.20864285714286,227.54998756943516,1.7857142857142858
Apr 17 2021 01: +0,33.188,2,Galil AR | Chatterbox (Field-Tested),2021-04-17,33.188,2,Galil AR | Chatterbox (Field-Tested),-0.037639885029337905,-3.7639885029337905,0.037639885029337905,False,36.812428571428576,227.16289821344526,1.8571428571428572
Apr 18 2021 01: +0,34.561,2,Galil AR | Chatterbox (Field-Tested),2021-04-18,34.561,2,Galil AR | Chatterbox (Field-Tested),0.04053751390038666,4.0537513900386655,0.04053751390038666,False,36.28078571428572,226.81197295907904,1.9285714285714286
Apr 19 2021 01: +0,36.513,4,Galil AR | Chatterbox (Field-Tested),2021-04-19,36.513,4,Galil AR | Chatterbox (Field-Tested),0.05494248285810394,5.494248285810395,0.05494248285810394,True,36.35857142857143,226.7053206152489,2.142857142857143
Apr 20 2021 01: +0,36.996,3,Galil AR | Chatterbox (Field-Tested),2021-04-20,36.996,3,Galil AR | Chatterbox (Field-Tested),0.013141437131484064,1.3141437131484064,0.013141437131484064,False,35.86557142857143,225.65490239966488,2.2857142857142856
Apr 22 2021 01: +0,32.69,1,Galil AR | Chatterbox (Field-Tested),2021-04-22,32.69,1,Galil AR | Chatterbox (Field-Tested),-0.12374057795589444,-12.374057795589444,0.12374057795589444,True,35.54378571428571,229.89107633855718,2.2142857142857144
Apr 23 2021 01: +0,33.939,3,Galil AR | Chatterbox (Field-Tested),2021-04-23,33.939,3,Galil AR | Chatterbox (Field-Tested),0.037495574876320166,3.749557487632017,0.037495574876320166,False,35.83957142857143,228.57879307451466,2.357142857142857
Apr 24 2021 01: +0,40.382,1,Galil AR | Chatterbox (Field-Tested),2021-04-24,40.382,1,Galil AR | Chatterbox (Field-Tested),0.17381934551574285,17.381934551574286,0.17381934551574285,True,36.205285714285715,236.64693628362522,2.2857142857142856
Apr 25 2021 01: +0,35.84,1,Galil AR | Chatterbox (Field-Tested),2021-04-25,35.84,1,Galil AR | Chatterbox (Field-Tested),-0.11931955302145256,-11.931955302145255,0.11931955302145256,True,36.0515,240.28063438678367,2.2142857142857144
Apr 26 2021 01: +0,34.307,3,Galil AR | Chatterbox (Field-Tested),2021-04-26,34.307,3,Galil AR | Chatterbox (Field-Tested),-0.04371517312400604,-4.371517312400604,0.04371517312400604,False,35.82864285714286,240.73155740413682,2.2142857142857144
Apr 29 2021 01: +0,33.14,1,Galil AR | Chatterbox (Field-Tested),2021-04-29,33.14,1,Galil AR | Chatterbox (Field-Tested),-0.03460840298430697,-3.460840298430697,0.03460840298430697,False,35.03492857142857,238.31791755059518,2.2142857142857144
Apr 30 2021 01: +0,39.936,1,Galil AR | Chatterbox (Field-Tested),2021-04-30,39.936,1,Galil AR | Chatterbox (Field-Tested),0.18653716074854565,18.653716074854565,0.18653716074854565,True,35.51014285714286,245.03747978720875,2.142857142857143
May 02 2021 01: +0,39.164,1,Galil AR | Chatterbox (Field-Tested),2021-05-02,39.164,1,Galil AR | Chatterbox (Field-Tested),-0.01952021525513747,-1.952021525513747,0.01952021525513747,False,35.71228571428572,244.2392462667871,2.0
May 03 2021 01: +0,38.257,1,Galil AR | Chatterbox (Field-Tested),2021-05-03,38.257,1,Galil AR | Chatterbox (Field-Tested),-0.023431407426985733,-2.3431407426985733,0.023431407426985733,False,35.955285714285715,238.85114276361966,1.9285714285714286
May 04 2021 01: +0,37.244,1,Galil AR | Chatterbox (Field-Tested),2021-05-04,37.244,1,Galil AR | Chatterbox (Field-Tested),-0.0268356920385558,-2.68356920385558,0.0268356920385558,False,36.15407142857143,229.8633540671615,1.7857142857142858
May 05 2021 01: +0,32.621,4,Galil AR | Chatterbox (Field-Tested),2021-05-05,32.621,4,Galil AR | Chatterbox (Field-Tested),-0.13253460526406255,-13.253460526406254,0.13253460526406255,True,36.11357142857143,234.4032693940627,1.9285714285714286
May 07 2021 01: +0,36.539,4,Galil AR | Chatterbox (Field-Tested),2021-05-07,36.539,4,Galil AR | Chatterbox (Field-Tested),0.11342393054440282,11.342393054440283,0.11342393054440282,True,36.25485714285715,237.93865935258728,2.0714285714285716
May 08 2021 01: +0,33.808,6,Galil AR | Chatterbox (Field-Tested),2021-05-08,33.808,6,Galil AR | Chatterbox (Field-Tested),-0.07768272243292268,-7.768272243292268,0.07768272243292268,True,36.06164285714286,239.02216248501418,2.2142857142857144
May 09 2021 01: +0,32.042,2,Galil AR | Chatterbox (Field-Tested),2021-05-09,32.042,2,Galil AR | Chatterbox (Field-Tested),-0.05364991864917825,-5.364991864917825,0.05364991864917825,True,35.70778571428572,237.56647215341224,2.142857142857143
May 11 2021 01: +0,28.944,1,Galil AR | Chatterbox (Field-Tested),2021-05-11,28.944,1,Galil AR | Chatterbox (Field-Tested),-0.10168461357158329,-10.168461357158328,0.10168461357158329,True,35.44021428571428,232.85608971768528,2.142857142857143
May 12 2021 01: +0,33.369,1,Galil AR | Chatterbox (Field-Tested),2021-05-12,33.369,1,Galil AR | Chatterbox (Field-Tested),0.14226439662506257,14.226439662506257,0.14226439662506257,True,35.3995,225.46659045433594,2.0
May 13 2021 01: +0,33.462,1,Galil AR | Chatterbox (Field-Tested),2021-05-13,33.462,1,Galil AR | Chatterbox (Field-Tested),0.002783141357469839,0.27831413574698394,0.002783141357469839,False,34.90521428571429,218.28710480952776,2.0
May 14 2021 01: +0,33.144,3,Galil AR | Chatterbox (Field-Tested),2021-05-14,33.144,3,Galil AR | Chatterbox (Field-Tested),-0.00954876186037111,-0.9548761860371111,0.00954876186037111,False,34.71264285714286,203.64693327276854,2.142857142857143
May 15 2021 01: +0,33.806,2,Galil AR | Chatterbox (Field-Tested),2021-05-15,33.806,2,Galil AR | Chatterbox (Field-Tested),0.019776596752885317,1.9776596752885318,0.019776596752885317,False,34.676857142857145,194.91943659512336,2.0714285714285716
May 16 2021 01: +0,35.518,2,Galil AR | Chatterbox (Field-Tested),2021-05-16,35.518,2,Galil AR | Chatterbox (Field-Tested),0.04940130870441759,4.9401308704417595,0.04940130870441759,False,34.84671428571429,193.87832823453263,2.142857142857143
May 17 2021 01: +0,37.271,1,Galil AR | Chatterbox (Field-Tested),2021-05-17,37.271,1,Galil AR | Chatterbox (Field-Tested),0.04817593413036619,4.817593413036619,0.04817593413036619,False,34.65635714285714,194.60609228917278,2.142857142857143
May 18 2021 01: +0,34.048,1,Galil AR | Chatterbox (Field-Tested),2021-05-18,34.048,1,Galil AR | Chatterbox (Field-Tested),-0.09044425064359027,-9.044425064359027,0.09044425064359027,True,34.29092857142857,187.3001326093414,2.142857142857143
May 19 2021 01: +0,36.214,1,Galil AR | Chatterbox (Field-Tested),2021-05-19,36.214,1,Galil AR | Chatterbox (Field-Tested),0.06167449067927161,6.167449067927161,0.06167449067927161,True,34.144999999999996,160.01816736304934,2.142857142857143
May 20 2021 01: +0,36.999,1,Galil AR | Chatterbox (Field-Tested),2021-05-20,36.999,1,Galil AR | Chatterbox (Field-Tested),0.021445100853509935,2.1445100853509933,0.021445100853509935,False,34.127500000000005,157.23867581909073,2.142857142857143
May 21 2021 01: +0,34.192,2,Galil AR | Chatterbox (Field-Tested),2021-05-21,34.192,2,Galil AR | Chatterbox (Field-Tested),-0.07889918667516903,-7.889918667516903,0.07889918667516903,True,34.239714285714285,159.02820542353388,2.0
May 22 2021 01: +0,34.218,1,Galil AR | Chatterbox (Field-Tested),2021-05-22,34.218,1,Galil AR | Chatterbox (Field-Tested),0.0007601228256650802,0.07601228256650802,0.0007601228256650802,False,34.073928571428574,158.98148886778782,1.7857142857142858
May 23 2021 01: +0,37.428,1,Galil AR | Chatterbox (Field-Tested),2021-05-23,37.428,1,Galil AR | Chatterbox (Field-Tested),0.08966726601120956,8.966726601120955,0.08966726601120956,True,34.3325,161.39491827212933,1.4285714285714286
May 24 2021 01: +0,37.322,1,Galil AR | Chatterbox (Field-Tested),2021-05-24,37.322,1,Galil AR | Chatterbox (Field-Tested),-0.0028361223023864396,-0.28361223023864396,0.0028361223023864396,False,34.70964285714286,160.86754857043422,1.3571428571428572
May 25 2021 01: +0,37.793,1,Galil AR | Chatterbox (Field-Tested),2021-05-25,37.793,1,Galil AR | Chatterbox (Field-Tested),0.012540935180183326,1.2540935180183326,0.012540935180183326,False,35.34171428571428,159.80621972346577,1.3571428571428572
May 26 2021 01: +0,37.552,2,Galil AR | Chatterbox (Field-Tested),2021-05-26,37.552,2,Galil AR | Chatterbox (Field-Tested),-0.006397261182795498,-0.6397261182795498,0.006397261182795498,False,35.640499999999996,159.766986265004,1.4285714285714286
May 27 2021 01: +0,36.098,2,Galil AR | Chatterbox (Field-Tested),2021-05-27,36.098,2,Galil AR | Chatterbox (Field-Tested),-0.039489176966611146,-3.948917696661115,0.039489176966611146,False,35.828785714285715,154.1241934656239,1.5
May 29 2021 01: +0,41.266,3,Galil AR | Chatterbox (Field-Tested),2021-05-29,41.266,3,Galil AR | Chatterbox (Field-Tested),0.13380145422098147,13.380145422098147,0.13380145422098147,True,36.408928571428575,160.3482288689899,1.5
May 31 2021 01: +0,34.447,1,Galil AR | Chatterbox (Field-Tested),2021-05-31,34.447,1,Galil AR | Chatterbox (Field-Tested),-0.18061700542388356,-18.061700542388355,0.18061700542388356,True,36.45471428571428,161.45925811831617,1.4285714285714286
Jun 02 2021 01: +0,37.87,2,Galil AR | Chatterbox (Field-Tested),2021-06-02,37.87,2,Galil AR | Chatterbox (Field-Tested),0.09473733097454894,9.473733097454893,0.09473733097454894,True,36.62271428571429,159.6874615257005,1.4285714285714286
Jun 03 2021 01: +0,35.058,2,Galil AR | Chatterbox (Field-Tested),2021-06-03,35.058,2,Galil AR | Chatterbox (Field-Tested),-0.07715540911334838,-7.715540911334838,0.07715540911334838,True,36.464642857142856,161.3058583225166,1.5
Jun 04 2021 01: +0,28.805,1,Galil AR | Chatterbox (Field-Tested),2021-06-04,28.805,1,Galil AR | Chatterbox (Field-Tested),-0.19645484961600862,-19.64548496160086,0.19645484961600862,True,36.09014285714286,175.05977831037706,1.5
Jun 05 2021 01: +0,38.75,1,Galil AR | Chatterbox (Field-Tested),2021-06-05,38.75,1,Galil AR | Chatterbox (Field-Tested),0.29658177261500956,29.658177261500956,0.29658177261500956,True,36.27128571428572,193.43210581395581,1.5
Jun 06 2021 01: +0,35.63,3,Galil AR | Chatterbox (Field-Tested),2021-06-06,35.63,3,Galil AR | Chatterbox (Field-Tested),-0.08394277618161128,-8.394277618161128,0.08394277618161128,True,36.1735,195.5023937769778,1.6428571428571428
Jun 07 2021 01: +0,36.794,2,Galil AR | Chatterbox (Field-Tested),2021-06-07,36.794,2,Galil AR | Chatterbox (Field-Tested),0.03214680878584678,3.2146808785846783,0.03214680878584678,False,36.35935714285714,195.73782169779528,1.6428571428571428
Jun 09 2021 01: +0,36.421,2,Galil AR | Chatterbox (Field-Tested),2021-06-09,36.421,2,Galil AR | Chatterbox (Field-Tested),-0.010189257040111699,-1.0189257040111699,0.010189257040111699,False,36.516714285714286,195.5505191371423,1.7142857142857142
Jun 11 2021 01: +0,38.138,1,Galil AR | Chatterbox (Field-Tested),2021-06-11,38.138,1,Galil AR | Chatterbox (Field-Tested),0.046065629048955364,4.6065629048955365,0.046065629048955364,False,36.56742857142857,190.25228362186692,1.7142857142857142
Jun 12 2021 01: +0,37.056,4,Galil AR | Chatterbox (Field-Tested),2021-06-12,37.056,4,Galil AR | Chatterbox (Field-Tested),-0.028780878461905045,-2.8780878461905046,0.028780878461905045,False,36.54842857142857,186.50088183060745,1.9285714285714286
Jun 13 2021 01: +0,34.808,2,Galil AR | Chatterbox (Field-Tested),2021-06-13,34.808,2,Galil AR | Chatterbox (Field-Tested),-0.06258303653215101,-6.258303653215101,0.06258303653215101,True,36.33521428571429,185.77747520880288,2.0
Jun 14 2021 01: +0,37.833,1,Galil AR | Chatterbox (Field-Tested),2021-06-14,37.833,1,Galil AR | Chatterbox (Field-Tested),0.08333449222346816,8.333449222346816,0.08333449222346816,True,36.35528571428571,186.84976746278454,1.9285714285714286
Jun 15 2021 01: +0,35.32,3,Galil AR | Chatterbox (Field-Tested),2021-06-15,35.32,3,Galil AR | Chatterbox (Field-Tested),-0.06873236190608786,-6.873236190608786,0.06873236190608786,True,36.29971428571428,184.81220375703933,2.0
Jun 16 2021 01: +0,40.228,2,Galil AR | Chatterbox (Field-Tested),2021-06-16,40.228,2,Galil AR | Chatterbox (Field-Tested),0.1301138948464748,13.011389484647479,0.1301138948464748,True,36.22557142857143,183.73536395821966,1.9285714285714286
Jun 17 2021 01: +0,40.483,2,Galil AR | Chatterbox (Field-Tested),2021-06-17,40.483,2,Galil AR | Chatterbox (Field-Tested),0.0063188623228525595,0.631886232285256,0.0063188623228525595,False,36.65671428571428,183.73115169135679,2.0
Jun 18 2021 01: +0,39.916,1,Galil AR | Chatterbox (Field-Tested),2021-06-18,39.916,1,Galil AR | Chatterbox (Field-Tested),-0.014104886883020586,-1.4104886883020586,0.014104886883020586,False,36.80285714285714,183.78763474844115,1.9285714285714286
Jun 19 2021 01: +0,40.735,1,Galil AR | Chatterbox (Field-Tested),2021-06-19,40.735,1,Galil AR | Chatterbox (Field-Tested),0.02031042774053916,2.031042774053916,0.02031042774053916,False,37.208357142857146,183.79269336579043,1.8571428571428572
Jun 20 2021 01: +0,38.302,1,Galil AR | Chatterbox (Field-Tested),2021-06-20,38.302,1,Galil AR | Chatterbox (Field-Tested),-0.06158555961823728,-6.158555961823728,0.06158555961823728,True,37.886714285714284,184.58578386979283,1.8571428571428572
Jun 21 2021 01: +0,36.239,1,Galil AR | Chatterbox (Field-Tested),2021-06-21,36.239,1,Galil AR | Chatterbox (Field-Tested),-0.055366227169290315,-5.536622716929031,0.055366227169290315,True,37.70735714285714,184.89510237699403,1.8571428571428572
Jun 22 2021 01: +0,40.556,2,Galil AR | Chatterbox (Field-Tested),2021-06-22,40.556,2,Galil AR | Chatterbox (Field-Tested),0.11254784811525585,11.254784811525585,0.11254784811525585,True,38.05921428571428,186.08029475675863,1.7857142857142858
Jun 23 2021 01: +0,36.366,1,Galil AR | Chatterbox (Field-Tested),2021-06-23,36.366,1,Galil AR | Chatterbox (Field-Tested),-0.1090494628931303,-10.904946289313031,0.1090494628931303,True,38.02864285714286,189.13523183787814,1.7142857142857142
Jun 25 2021 01: +0,36.364,4,Galil AR | Chatterbox (Field-Tested),2021-06-25,36.364,4,Galil AR | Chatterbox (Field-Tested),-5.499793759127818e-05,-0.005499793759127818,5.499793759127818e-05,False,38.02457142857143,188.979018872696,1.8571428571428572
Jun 26 2021 01: +0,35.126,2,Galil AR | Chatterbox (Field-Tested),2021-06-26,35.126,2,Galil AR | Chatterbox (Field-Tested),-0.03463767726006787,-3.463767726006787,0.03463767726006787,False,37.80942857142857,187.29330875928645,1.9285714285714286
Jun 27 2021 01: +0,41.062,2,Galil AR | Chatterbox (Field-Tested),2021-06-27,41.062,2,Galil AR | Chatterbox (Field-Tested),0.15614152261102865,15.614152261102864,0.15614152261102865,True,38.095571428571425,194.96364345698709,1.7857142857142858
Jun 29 2021 01: +0,34.195,3,Galil AR | Chatterbox (Field-Tested),2021-06-29,34.195,3,Galil AR | Chatterbox (Field-Tested),-0.18300368506051323,-18.300368506051324,0.18300368506051323,True,38.051785714285714,203.27140346777455,1.8571428571428572
Jun 30 2021 01: +0,38.464,1,Galil AR | Chatterbox (Field-Tested),2021-06-30,38.464,1,Galil AR | Chatterbox (Field-Tested),0.11764330436268287,11.764330436268287,0.11764330436268287,True,38.09685714285714,207.5827643785775,1.8571428571428572
Jul 02 2021 01: +0,38.945,3,Galil AR | Chatterbox (Field-Tested),2021-07-02,38.945,3,Galil AR | Chatterbox (Field-Tested),0.012427655459169578,1.2427655459169578,0.012427655459169578,False,38.355785714285716,207.58197577976966,1.8571428571428572
Jul 03 2021 01: +0,34.917,4,Galil AR | Chatterbox (Field-Tested),2021-07-03,34.917,4,Galil AR | Chatterbox (Field-Tested),-0.10917657774396287,-10.917657774396288,0.10917657774396287,True,37.97642857142857,211.10878296680525,2.0
Jul 04 2021 01: +0,39.221,2,Galil AR | Chatterbox (Field-Tested),2021-07-04,39.221,2,Galil AR | Chatterbox (Field-Tested),0.11623850101051161,11.623850101051161,0.11623850101051161,True,37.88628571428571,214.62651857497778,2.0
Jul 05 2021 01: +0,34.048,1,Galil AR | Chatterbox (Field-Tested),2021-07-05,34.048,1,Galil AR | Chatterbox (Field-Tested),-0.1414410239192814,-14.14410239192814,0.1414410239192814,True,37.46714285714285,214.94880971240497,2.0
Jul 06 2021 01: +0,33.101,5,Galil AR | Chatterbox (Field-Tested),2021-07-06,33.101,5,Galil AR | Chatterbox (Field-Tested),-0.028207800312157062,-2.820780031215706,0.028207800312157062,False,36.92185714285714,205.78053018073064,2.2857142857142856
Jul 07 2021 01: +0,32.087,1,Galil AR | Chatterbox (Field-Tested),2021-07-07,32.087,1,Galil AR | Chatterbox (Field-Tested),-0.031112529723067106,-3.1112529723067106,0.031112529723067106,False,36.47792857142857,203.04996921142137,2.2857142857142856
Jul 08 2021 01: +0,42.462,3,Galil AR | Chatterbox (Field-Tested),2021-07-08,42.462,3,Galil AR | Chatterbox (Field-Tested),0.2801585946377478,28.015859463774778,0.2801585946377478,True,36.92242857142857,224.32116220139798,2.4285714285714284
Jul 09 2021 01: +0,31.756,1,Galil AR | Chatterbox (Field-Tested),2021-07-09,31.756,1,Galil AR | Chatterbox (Field-Tested),-0.2905278744588358,-29.05278744588358,0.2905278744588358,True,36.29385714285714,237.06557019401058,2.357142857142857
Jul 10 2021 01: +0,33.911,3,Galil AR | Chatterbox (Field-Tested),2021-07-10,33.911,3,Galil AR | Chatterbox (Field-Tested),0.06565776166587392,6.565776166587392,0.06565776166587392,True,36.1185,213.62819661774935,2.5
Jul 11 2021 01: +0,38.344,1,Galil AR | Chatterbox (Field-Tested),2021-07-11,38.344,1,Galil AR | Chatterbox (Field-Tested),0.12285861632858924,12.285861632858925,0.12285861632858924,True,36.259928571428574,216.1063766964447,2.2857142857142856
Jul 14 2021 01: +0,37.231,1,Galil AR | Chatterbox (Field-Tested),2021-07-14,37.231,1,Galil AR | Chatterbox (Field-Tested),-0.029456314274337397,-2.9456314274337396,0.029456314274337397,False,36.41028571428571,216.10906885992455,2.2142857142857144
Jul 15 2021 01: +0,32.203,1,Galil AR | Chatterbox (Field-Tested),2021-07-15,32.203,1,Galil AR | Chatterbox (Field-Tested),-0.14508213167060752,-14.508213167060752,0.14508213167060752,True,35.777499999999996,221.98273602204233,2.142857142857143
Jul 16 2021 01: +0,36.508,1,Galil AR | Chatterbox (Field-Tested),2021-07-16,36.508,1,Galil AR | Chatterbox (Field-Tested),0.1254717987422456,12.54717987422456,0.1254717987422456,True,35.94271428571428,225.93422750466084,2.0
Jul 17 2021 01: +0,33.441,2,Galil AR | Chatterbox (Field-Tested),2021-07-17,33.441,2,Galil AR | Chatterbox (Field-Tested),-0.08774872257903475,-8.774872257903475,0.08774872257903475,True,35.58392857142857,227.7606985484975,2.0714285714285716
Jul 18 2021 01: +0,32.104,1,Galil AR | Chatterbox (Field-Tested),2021-07-18,32.104,1,Galil AR | Chatterbox (Field-Tested),-0.04080205911098059,-4.080205911098059,0.04080205911098059,False,35.095285714285716,227.17457062494196,1.9285714285714286
Jul 20 2021 01: +0,31.113,1,Galil AR | Chatterbox (Field-Tested),2021-07-20,31.113,1,Galil AR | Chatterbox (Field-Tested),-0.03135489468890875,-3.135489468890875,0.03135489468890875,False,34.823571428571434,225.22200611403105,1.7142857142857142
Jul 21 2021 01: +0,36.544,1,Galil AR | Chatterbox (Field-Tested),2021-07-21,36.544,1,Galil AR | Chatterbox (Field-Tested),0.16089127575783801,16.089127575783802,0.16089127575783801,True,34.632357142857146,231.39576520350107,1.6428571428571428
Jul 22 2021 01: +0,33.887,2,Galil AR | Chatterbox (Field-Tested),2021-07-22,33.887,2,Galil AR | Chatterbox (Field-Tested),-0.07548555402067429,-7.5485554020674295,0.07548555402067429,True,34.62085714285714,228.06095759852053,1.7142857142857142
Jul 23 2021 01: +0,35.275,4,Galil AR | Chatterbox (Field-Tested),2021-07-23,35.275,4,Galil AR | Chatterbox (Field-Tested),0.04014303772600709,4.014303772600709,0.04014303772600709,False,34.77614285714286,228.59020106902227,1.6428571428571428
Jul 24 2021 01: +0,29.619,2,Galil AR | Chatterbox (Field-Tested),2021-07-24,29.619,2,Galil AR | Chatterbox (Field-Tested),-0.17475845044145544,-17.475845044145544,0.17475845044145544,True,34.59985714285715,236.17455285359387,1.7142857142857142
Jul 26 2021 01: +0,35.858,3,Galil AR | Chatterbox (Field-Tested),2021-07-26,35.858,3,Galil AR | Chatterbox (Field-Tested),0.1911506468758132,19.11506468758132,0.1911506468758132,True,34.128142857142855,246.2327514148402,1.7142857142857142
Jul 27 2021 01: +0,33.955,1,Galil AR | Chatterbox (Field-Tested),2021-07-27,33.955,1,Galil AR | Chatterbox (Field-Tested),-0.0545305756074807,-5.4530575607480705,0.0545305756074807,True,34.28521428571429,246.0382125228744,1.7142857142857142
Jul 28 2021 01: +0,35.012,2,Galil AR | Chatterbox (Field-Tested),2021-07-28,35.012,2,Galil AR | Chatterbox (Field-Tested),0.030654741304436843,3.0654741304436843,0.030654741304436843,False,34.36385714285715,245.60774114415565,1.6428571428571428
Jul 29 2021 01: +0,35.245,1,Galil AR | Chatterbox (Field-Tested),2021-07-29,35.245,1,Galil AR | Chatterbox (Field-Tested),0.0066328153556472575,0.6632815355647258,0.0066328153556472575,False,34.1425,242.19150870549296,1.6428571428571428
Jul 30 2021 01: +0,36.926,1,Galil AR | Chatterbox (Field-Tested),2021-07-30,36.926,1,Galil AR | Chatterbox (Field-Tested),0.04659223474771249,4.659223474771249,0.04659223474771249,False,34.12071428571429,239.82264651882969,1.6428571428571428
Jul 31 2021 01: +0,36.273,2,Galil AR | Chatterbox (Field-Tested),2021-07-31,36.273,2,Galil AR | Chatterbox (Field-Tested),-0.017842247113332006,-1.7842247113332006,0.017842247113332006,False,34.41142857142857,239.90815423421782,1.7142857142857142
Aug 01 2021 01: +0,36.133,2,Galil AR | Chatterbox (Field-Tested),2021-08-01,36.133,2,Galil AR | Chatterbox (Field-Tested),-0.003867087657585622,-0.3867087657585622,0.003867087657585622,False,34.38464285714286,239.59022075414316,1.7857142857142858
Aug 02 2021 01: +0,30.236,1,Galil AR | Chatterbox (Field-Tested),2021-08-02,30.236,1,Galil AR | Chatterbox (Field-Tested),-0.1781733077727036,-17.81733077727036,0.1781733077727036,True,34.15571428571429,240.7091618633446,1.7142857142857142
Aug 03 2021 01: +0,35.549,3,Galil AR | Chatterbox (Field-Tested),2021-08-03,35.549,3,Galil AR | Chatterbox (Field-Tested),0.16187875902846266,16.187875902846265,0.16187875902846266,True,34.401785714285715,239.6050083877482,1.8571428571428572
Aug 04 2021 01: +0,34.812,1,Galil AR | Chatterbox (Field-Tested),2021-08-04,34.812,1,Galil AR | Chatterbox (Field-Tested),-0.020949871531125843,-2.094987153112584,0.020949871531125843,False,34.666000000000004,235.98400229603683,1.8571428571428572
Aug 06 2021 01: +0,34.952,1,Galil AR | Chatterbox (Field-Tested),2021-08-06,34.952,1,Galil AR | Chatterbox (Field-Tested),0.004013536721867509,0.40135367218675094,0.004013536721867509,False,34.552285714285716,235.93155272585338,1.8571428571428572
Aug 07 2021 01: +0,35.832,3,Galil AR | Chatterbox (Field-Tested),2021-08-07,35.832,3,Galil AR | Chatterbox (Field-Tested),0.02486565725586433,2.486565725586433,0.02486565725586433,False,34.69121428571429,232.9969709262401,1.9285714285714286
Aug 11 2021 01: +0,33.609,1,Galil AR | Chatterbox (Field-Tested),2021-08-11,33.609,1,Galil AR | Chatterbox (Field-Tested),-0.06404746066030303,-6.404746066030303,0.06404746066030303,True,34.57221428571428,230.23049468002782,1.7142857142857142
Aug 13 2021 01: +0,33.97,1,Galil AR | Chatterbox (Field-Tested),2021-08-13,33.97,1,Galil AR | Chatterbox (Field-Tested),0.010683893927796426,1.0683893927796426,0.010683893927796426,False,34.883,224.95004604154013,1.6428571428571428
Aug 15 2021 01: +0,33.643,3,Galil AR | Chatterbox (Field-Tested),2021-08-15,33.643,3,Galil AR | Chatterbox (Field-Tested),-0.00967277149584771,-0.9672771495847711,0.00967277149584771,False,34.724785714285716,224.75112598311182,1.6428571428571428
Aug 16 2021 01: +0,32.374,2,Galil AR | Chatterbox (Field-Tested),2021-08-16,32.374,2,Galil AR | Chatterbox (Field-Tested),-0.038449379164876,-3.8449379164876,0.038449379164876,False,34.61185714285715,224.89570534555608,1.7142857142857142
Aug 17 2021 01: +0,33.858,3,Galil AR | Chatterbox (Field-Tested),2021-08-17,33.858,3,Galil AR | Chatterbox (Field-Tested),0.04481967670328921,4.48196767032892,0.04481967670328921,False,34.529428571428575,201.83499921179902,1.7857142857142858
Aug 18 2021 01: +0,36.014,2,Galil AR | Chatterbox (Field-Tested),2021-08-18,36.014,2,Galil AR | Chatterbox (Field-Tested),0.06173244353225578,6.173244353225578,0.06173244353225578,True,34.584357142857144,175.3343385307741,1.8571428571428572
Aug 19 2021 01: +0,36.948,2,Galil AR | Chatterbox (Field-Tested),2021-08-19,36.948,2,Galil AR | Chatterbox (Field-Tested),0.025603766983049808,2.5603766983049807,0.025603766983049808,False,34.585928571428575,174.11953646617627,1.9285714285714286
Aug 20 2021 01: +0,37.181,2,Galil AR | Chatterbox (Field-Tested),2021-08-20,37.181,2,Galil AR | Chatterbox (Field-Tested),0.006286359381980746,0.6286359381980746,0.006286359381980746,False,34.65078571428571,168.67032808131344,1.9285714285714286
Aug 23 2021 01: +0,32.932,3,Galil AR | Chatterbox (Field-Tested),2021-08-23,32.932,3,Galil AR | Chatterbox (Field-Tested),-0.12135304867616484,-12.135304867616483,0.12135304867616484,True,34.42214285714286,173.5938018402639,2.0
Aug 24 2021 01: +0,36.638,1,Galil AR | Chatterbox (Field-Tested),2021-08-24,36.638,1,Galil AR | Chatterbox (Field-Tested),0.10664112372708777,10.664112372708777,0.10664112372708777,True,34.87942857142857,170.0300558672897,2.0
Aug 25 2021 01: +0,24.942,1,Galil AR | Chatterbox (Field-Tested),2021-08-25,24.942,1,Galil AR | Chatterbox (Field-Tested),-0.3845328236647119,-38.45328236647119,0.3845328236647119,True,34.121785714285714,212.13277280989922,1.8571428571428572
Aug 26 2021 01: +0,37.037,2,Galil AR | Chatterbox (Field-Tested),2021-08-26,37.037,2,Galil AR | Chatterbox (Field-Tested),0.3953642834787526,39.53642834787526,0.3953642834787526,True,34.28071428571429,253.5157546299081,1.9285714285714286
Aug 28 2021 01: +0,36.256,3,Galil AR | Chatterbox (Field-Tested),2021-08-28,36.256,3,Galil AR | Chatterbox (Field-Tested),-0.021312528131712177,-2.131252813171218,0.021312528131712177,False,34.37385714285714,253.1789391836338,2.0714285714285716
Aug 29 2021 01: +0,35.271,2,Galil AR | Chatterbox (Field-Tested),2021-08-29,35.271,2,Galil AR | Chatterbox (Field-Tested),-0.027543788291882025,-2.7543788291882025,0.027543788291882025,False,34.33378571428572,253.11533503119352,2.0
Aug 30 2021 01: +0,34.113,2,Galil AR | Chatterbox (Field-Tested),2021-08-30,34.113,2,Galil AR | Chatterbox (Field-Tested),-0.03338255324301834,-3.3382553243018336,0.03338255324301834,False,34.36978571428572,246.97306878765514,2.0714285714285716
Aug 31 2021 01: +0,31.348,1,Galil AR | Chatterbox (Field-Tested),2021-08-31,31.348,1,Galil AR | Chatterbox (Field-Tested),-0.0845280741200773,-8.452807412007731,0.0845280741200773,True,34.1825,247.33023221037044,2.0714285714285716
Sep 01 2021 01: +0,34.923,1,Galil AR | Chatterbox (Field-Tested),2021-09-01,34.923,1,Galil AR | Chatterbox (Field-Tested),0.10799516874359551,10.79951687435955,0.10799516874359551,True,34.27392857142858,249.9247296725983,1.9285714285714286
Sep 02 2021 01: +0,32.155,1,Galil AR | Chatterbox (Field-Tested),2021-09-02,32.155,1,Galil AR | Chatterbox (Field-Tested),-0.08257767834738713,-8.257767834738713,0.08257767834738713,True,34.25828571428571,243.82134455971277,1.8571428571428572
Sep 03 2021 01: +0,39.814,1,Galil AR | Chatterbox (Field-Tested),2021-09-03,39.814,1,Galil AR | Chatterbox (Field-Tested),0.21365064964491523,21.365064964491523,0.21365064964491523,True,34.68371428571429,246.1251103817311,1.7142857142857142
Sep 04 2021 01: +0,32.509,1,Galil AR | Chatterbox (Field-Tested),2021-09-04,32.509,1,Galil AR | Chatterbox (Field-Tested),-0.20270163515524475,-20.270163515524477,0.20270163515524475,True,34.43335714285714,255.75911661588725,1.6428571428571428
Sep 05 2021 01: +0,34.553,5,Galil AR | Chatterbox (Field-Tested),2021-09-05,34.553,5,Galil AR | Chatterbox (Field-Tested),0.060977403047790354,6.097740304779036,0.060977403047790354,True,34.26228571428572,256.45594641909486,1.8571428571428572
Sep 06 2021 01: +0,38.439,3,Galil AR | Chatterbox (Field-Tested),2021-09-06,38.439,3,Galil AR | Chatterbox (Field-Tested),0.10657819207126171,10.65781920712617,0.10657819207126171,True,34.35214285714286,259.15811766327715,1.9285714285714286
Sep 07 2021 01: +0,39.243,1,Galil AR | Chatterbox (Field-Tested),2021-09-07,39.243,1,Galil AR | Chatterbox (Field-Tested),0.020700515178650965,2.0700515178650964,0.020700515178650965,False,34.80292857142857,258.76566851789084,1.7857142857142858
Sep 09 2021 01: +0,32.832,1,Galil AR | Chatterbox (Field-Tested),2021-09-09,32.832,1,Galil AR | Chatterbox (Field-Tested),-0.17836943482589537,-17.836943482589536,0.17836943482589537,True,34.53107142857143,266.26649849943146,1.7857142857142858
Sep 10 2021 01: +0,39.78,3,Galil AR | Chatterbox (Field-Tested),2021-09-10,39.78,3,Galil AR | Chatterbox (Field-Tested),0.19196062387752183,19.196062387752182,0.19196062387752183,True,35.59092857142857,274.8394587504349,1.9285714285714286
Sep 12 2021 01: +0,38.974,1,Galil AR | Chatterbox (Field-Tested),2021-09-12,38.974,1,Galil AR | Chatterbox (Field-Tested),-0.020469516283883597,-2.0469516283883595,0.020469516283883597,False,35.729285714285716,267.1372268735613,1.8571428571428572
Sep 13 2021 01: +0,31.456,3,Galil AR | Chatterbox (Field-Tested),2021-09-13,31.456,3,Galil AR | Chatterbox (Field-Tested),-0.21430501317718653,-21.430501317718655,0.21430501317718653,True,35.386428571428574,272.12522598412454,1.8571428571428572
Sep 15 2021 01: +0,39.225,2,Galil AR | Chatterbox (Field-Tested),2021-09-15,39.225,2,Galil AR | Chatterbox (Field-Tested),0.2207245546543403,22.07245546543403,0.2207245546543403,True,35.66885714285714,283.07565270629703,1.8571428571428572
Sep 17 2021 01: +0,35.156,1,Galil AR | Chatterbox (Field-Tested),2021-09-17,35.156,1,Galil AR | Chatterbox (Field-Tested),-0.10951899791669754,-10.951899791669755,0.10951899791669754,True,35.74335714285714,285.8304746205134,1.7857142857142858
Sep 18 2021 01: +0,31.911,3,Galil AR | Chatterbox (Field-Tested),2021-09-18,31.911,3,Galil AR | Chatterbox (Field-Tested),-0.09684452276476116,-9.684452276476115,0.09684452276476116,True,35.78357142857143,287.6551368057288,1.9285714285714286
Sep 19 2021 01: +0,38.861,1,Galil AR | Chatterbox (Field-Tested),2021-09-19,38.861,1,Galil AR | Chatterbox (Field-Tested),0.1970403990825139,19.70403990825139,0.1970403990825139,True,36.06485714285714,295.09941505015195,1.9285714285714286
Sep 20 2021 01: +0,34.439,1,Galil AR | Chatterbox (Field-Tested),2021-09-20,34.439,1,Galil AR | Chatterbox (Field-Tested),-0.12080153388682002,-12.080153388682003,0.12080153388682002,True,36.228,298.3180591253269,1.9285714285714286
Sep 21 2021 01: +0,34.668,1,Galil AR | Chatterbox (Field-Tested),2021-09-21,34.668,1,Galil AR | Chatterbox (Field-Tested),0.006627428138767232,0.6627428138767233,0.006627428138767232,False,35.86042857142857,298.3025754914953,1.9285714285714286
Sep 22 2021 01: +0,26.136,6,Galil AR | Chatterbox (Field-Tested),2021-09-22,26.136,6,Galil AR | Chatterbox (Field-Tested),-0.2825033969733295,-28.250339697332947,0.2825033969733295,True,35.40521428571429,314.0935369803102,2.2857142857142856
Sep 23 2021 01: +0,27.468,2,Galil AR | Chatterbox (Field-Tested),2021-09-23,27.468,2,Galil AR | Chatterbox (Field-Tested),0.04970801645966093,4.970801645966093,0.04970801645966093,False,34.899142857142856,314.19991706569056,2.0714285714285716
Sep 24 2021 01: +0,31.361,2,Galil AR | Chatterbox (Field-Tested),2021-09-24,31.361,2,Galil AR | Chatterbox (Field-Tested),0.13254339197047546,13.254339197047546,0.13254339197047546,True,34.39357142857143,317.10611568601587,2.0
Sep 25 2021 01: +0,32.274,3,Galil AR | Chatterbox (Field-Tested),2021-09-25,32.274,3,Galil AR | Chatterbox (Field-Tested),0.028696869790255087,2.869686979025509,0.028696869790255087,False,33.895785714285715,317.1450432097437,2.142857142857143
Sep 26 2021 01: +0,25.448,2,Galil AR | Chatterbox (Field-Tested),2021-09-26,25.448,2,Galil AR | Chatterbox (Field-Tested),-0.23762479807231757,-23.762479807231756,0.23762479807231757,True,33.36835714285714,327.3476378538722,2.2142857142857144
Sep 27 2021 01: +0,23.805,1,Galil AR | Chatterbox (Field-Tested),2021-09-27,23.805,1,Galil AR | Chatterbox (Field-Tested),-0.0667415118003609,-6.67415118003609,0.0667415118003609,True,32.22728571428571,325.61455166389896,2.0714285714285716
Sep 28 2021 01: +0,26.875,3,Galil AR | Chatterbox (Field-Tested),2021-09-28,26.875,3,Galil AR | Chatterbox (Field-Tested),0.1213008438013448,12.13008438013448,0.1213008438013448,True,31.36307142857143,326.31952553264216,2.2142857142857144
Sep 29 2021 01: +0,29.119,2,Galil AR | Chatterbox (Field-Tested),2021-09-29,29.119,2,Galil AR | Chatterbox (Field-Tested),0.08019439563166376,8.019439563166376,0.08019439563166376,True,31.196142857142856,298.3044078094821,2.142857142857143
Sep 30 2021 01: +0,26.613,3,Galil AR | Chatterbox (Field-Tested),2021-09-30,26.613,3,Galil AR | Chatterbox (Field-Tested),-0.08999106387293113,-8.999106387293113,0.08999106387293113,True,30.295285714285715,264.5244845783598,2.2142857142857144
Oct 01 2021 01: +0,29.505,1,Galil AR | Chatterbox (Field-Tested),2021-10-01,29.505,1,Galil AR | Chatterbox (Field-Tested),0.10315992230257248,10.315992230257248,0.10315992230257248,True,29.89164285714286,267.4614985353092,2.2142857142857144
Oct 02 2021 01: +0,29.692,3,Galil AR | Chatterbox (Field-Tested),2021-10-02,29.692,3,Galil AR | Chatterbox (Field-Tested),0.006317908746168488,0.6317908746168488,0.006317908746168488,False,29.73314285714286,267.39282527625113,2.2142857142857144
Oct 04 2021 01: +0,29.404,1,Galil AR | Chatterbox (Field-Tested),2021-10-04,29.404,1,Galil AR | Chatterbox (Field-Tested),-0.009746929743459273,-0.9746929743459273,0.009746929743459273,False,29.05764285714286,267.21232047266614,2.2142857142857144
Oct 05 2021 01: +0,33.387,3,Galil AR | Chatterbox (Field-Tested),2021-10-05,33.387,3,Galil AR | Chatterbox (Field-Tested),0.12703588314755654,12.703588314755654,0.12703588314755654,True,28.982499999999998,269.46286296559344,2.357142857142857
Oct 06 2021 01: +0,29.548,1,Galil AR | Chatterbox (Field-Tested),2021-10-06,29.548,1,Galil AR | Chatterbox (Field-Tested),-0.12215054299290651,-12.215054299290651,0.12215054299290651,True,28.616785714285715,270.0365543082602,2.357142857142857
Oct 07 2021 01: +0,34.133,1,Galil AR | Chatterbox (Field-Tested),2021-10-07,34.133,1,Galil AR | Chatterbox (Field-Tested),0.14424859859812245,14.424859859812244,0.14424859859812245,True,29.188000000000006,273.46409092107706,2.0
Oct 08 2021 01: +0,31.373,1,Galil AR | Chatterbox (Field-Tested),2021-10-08,31.373,1,Galil AR | Chatterbox (Field-Tested),-0.08431700786438619,-8.431700786438618,0.08431700786438619,True,29.466928571428575,264.02461501126567,1.9285714285714286
Oct 09 2021 01: +0,34.078,2,Galil AR | Chatterbox (Field-Tested),2021-10-09,34.078,2,Galil AR | Chatterbox (Field-Tested),0.08270436439282003,8.270436439282003,0.08270436439282003,True,29.661,256.17834691282974,1.9285714285714286
Oct 10 2021 01: +0,32.292,3,Galil AR | Chatterbox (Field-Tested),2021-10-10,32.292,3,Galil AR | Chatterbox (Field-Tested),-0.05383249326027842,-5.383249326027842,0.05383249326027842,True,29.66228571428572,255.95743099913105,1.9285714285714286
Oct 11 2021 01: +0,32.379,4,Galil AR | Chatterbox (Field-Tested),2021-10-11,32.379,4,Galil AR | Chatterbox (Field-Tested),0.0026905429785496885,0.26905429785496887,0.0026905429785496885,False,30.15735714285714,252.9450332391002,2.0714285714285716
Oct 12 2021 01: +0,30.616,2,Galil AR | Chatterbox (Field-Tested),2021-10-12,30.616,2,Galil AR | Chatterbox (Field-Tested),-0.05598731638791776,-5.598731638791776,0.05598731638791776,True,30.643857142857147,253.35096636699208,2.142857142857143
Oct 13 2021 01: +0,30.161,2,Galil AR | Chatterbox (Field-Tested),2021-10-13,30.161,2,Galil AR | Chatterbox (Field-Tested),-0.014973049034636534,-1.4973049034636534,0.014973049034636534,False,30.87857142857143,245.8432280203635,2.0714285714285716
Oct 14 2021 01: +0,32.296,6,Galil AR | Chatterbox (Field-Tested),2021-10-14,32.296,6,Galil AR | Chatterbox (Field-Tested),0.06839368446187503,6.839368446187503,0.06839368446187503,True,31.105500000000003,237.14494166321884,2.357142857142857
Oct 16 2021 01: +0,34.099,1,Galil AR | Chatterbox (Field-Tested),2021-10-16,34.099,1,Galil AR | Chatterbox (Field-Tested),0.05432467479563369,5.4324674795633685,0.05432467479563369,True,31.640214285714286,238.04150711977513,2.2142857142857144
Oct 17 2021 01: +0,31.832,3,Galil AR | Chatterbox (Field-Tested),2021-10-17,31.832,3,Galil AR | Chatterbox (Field-Tested),-0.06879598522164573,-6.8795985221645735,0.06879598522164573,True,31.806428571428572,227.053626977992,2.357142857142857
Oct 18 2021 01: +0,33.198,3,Galil AR | Chatterbox (Field-Tested),2021-10-18,33.198,3,Galil AR | Chatterbox (Field-Tested),0.04201756001940023,4.201756001940023,0.04201756001940023,False,32.05685714285714,213.37167733380778,2.357142857142857
Oct 19 2021 01: +0,33.196,3,Galil AR | Chatterbox (Field-Tested),2021-10-19,33.196,3,Galil AR | Chatterbox (Field-Tested),-6.024640782625883e-05,-0.006024640782625883,6.024640782625883e-05,False,32.327714285714286,210.04948310965813,2.5
Oct 20 2021 01: +0,32.352,3,Galil AR | Chatterbox (Field-Tested),2021-10-20,32.352,3,Galil AR | Chatterbox (Field-Tested),-0.025753543898140725,-2.5753543898140725,0.025753543898140725,False,32.25378571428571,207.45321384330785,2.5
Oct 21 2021 01: +0,33.08,1,Galil AR | Chatterbox (Field-Tested),2021-10-21,33.08,1,Galil AR | Chatterbox (Field-Tested),0.022253027317429647,2.2253027317429646,0.022253027317429647,False,32.50607142857143,195.20382929868825,2.5
Oct 22 2021 01: +0,30.465,5,Galil AR | Chatterbox (Field-Tested),2021-10-22,30.465,5,Galil AR | Chatterbox (Field-Tested),-0.0823503864550328,-8.23503864550328,0.0823503864550328,True,32.24407142857143,192.78779675248563,2.7857142857142856
Oct 23 2021 01: +0,31.206,2,Galil AR | Chatterbox (Field-Tested),2021-10-23,31.206,2,Galil AR | Chatterbox (Field-Tested),0.024031900318532706,2.4031900318532706,0.024031900318532706,False,32.23214285714286,193.00500185413892,2.857142857142857
Oct 26 2021 01: +0,33.157,1,Galil AR | Chatterbox (Field-Tested),2021-10-26,33.157,1,Galil AR | Chatterbox (Field-Tested),0.060643471709085225,6.064347170908523,0.060643471709085225,True,32.166357142857144,165.76457794013595,2.7857142857142856
Oct 27 2021 01: +0,30.961,4,Galil AR | Chatterbox (Field-Tested),2021-10-27,30.961,4,Galil AR | Chatterbox (Field-Tested),-0.06852550778657267,-6.852550778657267,0.06852550778657267,True,32.071285714285715,167.13864516268825,2.857142857142857
Oct 28 2021 01: +0,28.461,1,Galil AR | Chatterbox (Field-Tested),2021-10-28,28.461,1,Galil AR | Chatterbox (Field-Tested),-0.0841936188626535,-8.41936188626535,0.0841936188626535,True,31.791428571428572,163.20849948219723,2.642857142857143
Oct 29 2021 01: +0,31.607,3,Galil AR | Chatterbox (Field-Tested),2021-10-29,31.607,3,Galil AR | Chatterbox (Field-Tested),0.10484388596965073,10.484388596965074,0.10484388596965073,True,31.862214285714288,167.19611624510065,2.7142857142857144
Oct 31 2021 01: +0,28.462,3,Galil AR | Chatterbox (Field-Tested),2021-10-31,28.462,3,Galil AR | Chatterbox (Field-Tested),-0.10480875078703183,-10.480875078703184,0.10480875078703183,True,31.740857142857145,148.92788783642717,2.7857142857142856
Nov 01 2021 01: +0,28.518,3,Galil AR | Chatterbox (Field-Tested),2021-11-01,28.518,3,Galil AR | Chatterbox (Field-Tested),0.001965602598459127,0.19656025984591272,0.001965602598459127,False,31.471000000000004,146.7481623607066,2.5714285714285716
Nov 02 2021 01: +0,29.398,2,Galil AR | Chatterbox (Field-Tested),2021-11-02,29.398,2,Galil AR | Chatterbox (Field-Tested),0.030391177959868464,3.0391177959868463,0.030391177959868464,False,31.135214285714284,141.07611752332073,2.642857142857143
Nov 03 2021 01: +0,28.291,1,Galil AR | Chatterbox (Field-Tested),2021-11-03,28.291,1,Galil AR | Chatterbox (Field-Tested),-0.03838291195148355,-3.838291195148355,0.03838291195148355,False,30.88228571428571,138.95592212645013,2.5
Nov 04 2021 01: +0,27.587,1,Galil AR | Chatterbox (Field-Tested),2021-11-04,27.587,1,Galil AR | Chatterbox (Field-Tested),-0.025199085600132495,-2.5199085600132496,0.025199085600132495,False,30.4815,135.52660355705817,2.357142857142857
Nov 05 2021 01: +0,29.387,1,Galil AR | Chatterbox (Field-Tested),2021-11-05,29.387,1,Galil AR | Chatterbox (Field-Tested),0.06320775241668752,6.320775241668752,0.06320775241668752,True,30.209428571428568,132.42446839744366,2.2142857142857144
Nov 06 2021 01: +0,33.912,1,Galil AR | Chatterbox (Field-Tested),2021-11-06,33.912,1,Galil AR | Chatterbox (Field-Tested),0.1432165343654686,14.32165343654686,0.1432165343654686,True,30.320857142857143,141.55827753825753,2.0714285714285716
Nov 08 2021 01: +0,28.698,1,Galil AR | Chatterbox (Field-Tested),2021-11-08,28.698,1,Galil AR | Chatterbox (Field-Tested),-0.1669415001241211,-16.69415001241211,0.1669415001241211,True,30.007857142857144,153.6428011763533,2.0714285714285716
Nov 09 2021 01: +0,32.476,1,Galil AR | Chatterbox (Field-Tested),2021-11-09,32.476,1,Galil AR | Chatterbox (Field-Tested),0.1236739210739852,12.36739210739852,0.1236739210739852,True,30.1515,153.29478505081525,1.7857142857142858
Nov 10 2021 01: +0,35.535,2,Galil AR | Chatterbox (Field-Tested),2021-11-10,35.535,2,Galil AR | Chatterbox (Field-Tested),0.09001677127865847,9.001677127865847,0.09001677127865847,True,30.46071428571429,150.00530669075732,1.7857142857142858
Nov 11 2021 01: +0,27.398,1,Galil AR | Chatterbox (Field-Tested),2021-11-11,27.398,1,Galil AR | Chatterbox (Field-Tested),-0.2600481082496606,-26.004810824966064,0.2600481082496606,True,30.04935714285714,168.32783211144977,1.7857142857142858
Nov 12 2021 01: +0,29.97,1,Galil AR | Chatterbox (Field-Tested),2021-11-12,29.97,1,Galil AR | Chatterbox (Field-Tested),0.08972686329937402,8.972686329937401,0.08972686329937402,True,29.97857142857143,169.25324751207177,1.5714285714285714
Nov 13 2021 01: +0,30.828,1,Galil AR | Chatterbox (Field-Tested),2021-11-13,30.828,1,Galil AR | Chatterbox (Field-Tested),0.02822648658717495,2.822648658717495,0.02822648658717495,False,30.14764285714286,166.89121559408724,1.5714285714285714
Nov 14 2021 01: +0,29.288,3,Galil AR | Chatterbox (Field-Tested),2021-11-14,29.288,3,Galil AR | Chatterbox (Field-Tested),-0.051245492097811714,-5.124549209781171,0.051245492097811714,True,29.982,166.79511827053432,1.5714285714285714
Nov 15 2021 01: +0,26.576,1,Galil AR | Chatterbox (Field-Tested),2021-11-15,26.576,1,Galil AR | Chatterbox (Field-Tested),-0.09716932294699607,-9.716932294699607,0.09716932294699607,True,29.847285714285714,169.95418108257576,1.4285714285714286
Nov 16 2021 01: +0,29.072,4,Galil AR | Chatterbox (Field-Tested),2021-11-16,29.072,4,Galil AR | Chatterbox (Field-Tested),0.08976695878287627,8.976695878287627,0.08976695878287627,True,29.886857142857146,172.21069672211286,1.5
Nov 17 2021 01: +0,30.631,2,Galil AR | Chatterbox (Field-Tested),2021-11-17,30.631,2,Galil AR | Chatterbox (Field-Tested),0.05223705638892562,5.223705638892562,0.05223705638892562,True,29.97492857142857,173.1530510648879,1.5
Nov 18 2021 01: +0,26.007,1,Galil AR | Chatterbox (Field-Tested),2021-11-18,26.007,1,Galil AR | Chatterbox (Field-Tested),-0.16364683548812792,-16.364683548812792,0.16364683548812792,True,29.811785714285715,180.46625994005606,1.5
Nov 19 2021 01: +0,30.146,2,Galil AR | Chatterbox (Field-Tested),2021-11-19,30.146,2,Galil AR | Chatterbox (Field-Tested),0.14768651183372444,14.768651183372445,0.14768651183372444,True,29.99457142857143,187.28304918098252,1.5714285714285714
Nov 20 2021 01: +0,27.708,1,Galil AR | Chatterbox (Field-Tested),2021-11-20,27.708,1,Galil AR | Chatterbox (Field-Tested),-0.08433106422797898,-8.433106422797898,0.08433106422797898,True,29.874642857142856,188.03529567411752,1.5714285714285714
Nov 21 2021 01: +0,28.283,1,Galil AR | Chatterbox (Field-Tested),2021-11-21,28.283,1,Galil AR | Chatterbox (Field-Tested),0.020539737278487194,2.0539737278487196,0.020539737278487194,False,29.472571428571428,187.51326444745655,1.5714285714285714
Nov 22 2021 01: +0,27.735,3,Galil AR | Chatterbox (Field-Tested),2021-11-22,27.735,3,Galil AR | Chatterbox (Field-Tested),-0.01956576393164792,-1.956576393164792,0.01956576393164792,False,29.403785714285714,187.5675503319984,1.7142857142857142
Nov 23 2021 01: +0,32.944,1,Galil AR | Chatterbox (Field-Tested),2021-11-23,32.944,1,Galil AR | Chatterbox (Field-Tested),0.1721139967782359,17.211399677823593,0.1721139967782359,True,29.437214285714283,197.38464912549762,1.7142857142857142
Nov 24 2021 01: +0,29.556,1,Galil AR | Chatterbox (Field-Tested),2021-11-24,29.556,1,Galil AR | Chatterbox (Field-Tested),-0.10852238135903255,-10.852238135903255,0.10852238135903255,True,29.01014285714286,200.82034628987753,1.6428571428571428
Nov 25 2021 01: +0,31.085,3,Galil AR | Chatterbox (Field-Tested),2021-11-25,31.085,3,Galil AR | Chatterbox (Field-Tested),0.05043861879489959,5.043861879489959,0.05043861879489959,True,29.273500000000002,199.61712434869727,1.7857142857142858
Nov 26 2021 01: +0,31.314,2,Galil AR | Chatterbox (Field-Tested),2021-11-26,31.314,2,Galil AR | Chatterbox (Field-Tested),0.00733989416803027,0.733989416803027,0.00733989416803027,False,29.369500000000006,199.45611160632254,1.8571428571428572
Nov 27 2021 01: +0,29.169,2,Galil AR | Chatterbox (Field-Tested),2021-11-27,29.169,2,Galil AR | Chatterbox (Field-Tested),-0.0709587803937015,-7.09587803937015,0.0709587803937015,True,29.251,199.71167896832617,1.9285714285714286
Nov 28 2021 01: +0,28.639,1,Galil AR | Chatterbox (Field-Tested),2021-11-28,28.639,1,Galil AR | Chatterbox (Field-Tested),-0.018337076213886964,-1.8337076213886965,0.018337076213886964,False,29.204642857142858,198.44257934394415,1.7857142857142858
Nov 29 2021 01: +0,28.363,2,Galil AR | Chatterbox (Field-Tested),2021-11-29,28.363,2,Galil AR | Chatterbox (Field-Tested),-0.009683946419755445,-0.9683946419755445,0.009683946419755445,False,29.332285714285717,196.27665937270956,1.8571428571428572
Nov 30 2021 01: +0,26.691,2,Galil AR | Chatterbox (Field-Tested),2021-11-30,26.691,2,Galil AR | Chatterbox (Field-Tested),-0.06075904893124739,-6.075904893124739,0.06075904893124739,True,29.16221428571429,193.61253092029983,1.7142857142857142
Dec 01 2021 01: +0,28.524,2,Galil AR | Chatterbox (Field-Tested),2021-12-01,28.524,2,Galil AR | Chatterbox (Field-Tested),0.06641940823531721,6.641940823531721,0.06641940823531721,True,29.011714285714284,191.7768428052116,1.7142857142857142
Dec 03 2021 01: +0,26.958,1,Galil AR | Chatterbox (Field-Tested),2021-12-03,26.958,1,Galil AR | Chatterbox (Field-Tested),-0.056465738849979345,-5.646573884997935,0.056465738849979345,True,29.079642857142858,192.78462084319415,1.7142857142857142
Dec 04 2021 01: +0,29.076,5,Galil AR | Chatterbox (Field-Tested),2021-12-04,29.076,5,Galil AR | Chatterbox (Field-Tested),0.07563299230631118,7.563299230631118,0.07563299230631118,True,29.00321428571429,194.37696371678197,1.9285714285714286
Dec 05 2021 01: +0,24.063,1,Galil AR | Chatterbox (Field-Tested),2021-12-05,24.063,1,Galil AR | Chatterbox (Field-Tested),-0.18923770056949188,-18.923770056949188,0.18923770056949188,True,28.742857142857144,204.9263197510323,1.9285714285714286
Dec 06 2021 01: +0,31.399,1,Galil AR | Chatterbox (Field-Tested),2021-12-06,31.399,1,Galil AR | Chatterbox (Field-Tested),0.2661006542204218,26.61006542204218,0.2661006542204218,True,28.96542857142857,225.5365917055046,1.9285714285714286
Dec 07 2021 01: +0,29.295,4,Galil AR | Chatterbox (Field-Tested),2021-12-07,29.295,4,Galil AR | Chatterbox (Field-Tested),-0.06935919227656698,-6.935919227656698,0.06935919227656698,True,29.076857142857143,225.91953007291252,2.0
Dec 08 2021 01: +0,30.699,3,Galil AR | Chatterbox (Field-Tested),2021-12-08,30.699,3,Galil AR | Chatterbox (Field-Tested),0.04681322777597617,4.681322777597617,0.04681322777597617,False,28.916500000000003,220.6634937916676,2.142857142857143
Dec 09 2021 01: +0,32.48,1,Galil AR | Chatterbox (Field-Tested),2021-12-09,32.48,1,Galil AR | Chatterbox (Field-Tested),0.05639443452074898,5.6394434520748975,0.05639443452074898,True,29.125357142857144,213.45309240314916,2.142857142857143
Dec 10 2021 01: +0,35.104,2,Galil AR | Chatterbox (Field-Tested),2021-12-10,35.104,2,Galil AR | Chatterbox (Field-Tested),0.07769056879934257,7.769056879934257,0.07769056879934257,True,29.41242857142857,210.79778961452368,2.0714285714285716
Dec 11 2021 01: +0,39.926,1,Galil AR | Chatterbox (Field-Tested),2021-12-11,39.926,1,Galil AR | Chatterbox (Field-Tested),0.1287126566576423,12.87126566576423,0.1287126566576423,True,30.027571428571427,213.23566380937774,2.0
Dec 14 2021 01: +0,28.045,3,Galil AR | Chatterbox (Field-Tested),2021-12-14,28.045,3,Galil AR | Chatterbox (Field-Tested),-0.3532173777901616,-35.32173777901616,0.3532173777901616,True,29.947285714285716,229.59868655063778,2.0714285714285716
Dec 15 2021 01: +0,30.83,2,Galil AR | Chatterbox (Field-Tested),2021-12-15,30.83,2,Galil AR | Chatterbox (Field-Tested),0.0946778789377586,9.46778789377586,0.0946778789377586,True,30.103785714285713,229.84646028166728,2.142857142857143
Dec 17 2021 01: +0,43.293,1,Galil AR | Chatterbox (Field-Tested),2021-12-17,43.293,1,Galil AR | Chatterbox (Field-Tested),0.33950271722399145,33.950271722399144,0.33950271722399145,True,31.170214285714284,258.3715245882043,2.0714285714285716
Dec 18 2021 01: +0,27.587,1,Galil AR | Chatterbox (Field-Tested),2021-12-18,27.587,1,Galil AR | Chatterbox (Field-Tested),-0.45064631185387044,-45.06463118538704,0.45064631185387044,True,31.234214285714284,304.0631306687898,2.0
Dec 19 2021 01: +0,31.737,2,Galil AR | Chatterbox (Field-Tested),2021-12-19,31.737,2,Galil AR | Chatterbox (Field-Tested),0.1401385454045672,14.01385454045672,0.1401385454045672,True,31.463714285714286,305.97495109023356,2.0
Dec 20 2021 01: +0,36.453,1,Galil AR | Chatterbox (Field-Tested),2021-12-20,36.453,1,Galil AR | Chatterbox (Field-Tested),0.13854056692183725,13.854056692183725,0.13854056692183725,True,32.14192857142857,308.12267220593685,2.0
Dec 21 2021 01: +0,32.754,3,Galil AR | Chatterbox (Field-Tested),2021-12-21,32.754,3,Galil AR | Chatterbox (Field-Tested),-0.106998667566909,-10.6998667566909,0.106998667566909,True,32.40464285714286,310.2144647738997,1.8571428571428572
Dec 22 2021 01: +0,32.07,3,Galil AR | Chatterbox (Field-Tested),2021-12-22,32.07,3,Galil AR | Chatterbox (Field-Tested),-0.021104078322611946,-2.1104078322611945,0.021104078322611946,False,32.97657142857143,304.5538611264751,2.0
Dec 23 2021 01: +0,28.188,3,Galil AR | Chatterbox (Field-Tested),2021-12-23,28.188,3,Galil AR | Chatterbox (Field-Tested),-0.12902465824028758,-12.902465824028758,0.12902465824028758,True,32.747214285714286,303.7571781514353,2.142857142857143
Dec 26 2021 01: +0,30.166,4,Galil AR | Chatterbox (Field-Tested),2021-12-26,30.166,4,Galil AR | Chatterbox (Field-Tested),0.0678191068812846,6.781910688128461,0.0678191068812846,True,32.80942857142857,303.21746908876423,2.142857142857143
Dec 27 2021 01: +0,34.048,4,Galil AR | Chatterbox (Field-Tested),2021-12-27,34.048,4,Galil AR | Chatterbox (Field-Tested),0.12105583137311866,12.105583137311866,0.12105583137311866,True,33.04864285714286,305.9707648953588,2.2142857142857144
Dec 28 2021 01: +0,32.179,2,Galil AR | Chatterbox (Field-Tested),2021-12-28,32.179,2,Galil AR | Chatterbox (Field-Tested),-0.05645722783977495,-5.645722783977495,0.05645722783977495,True,33.027142857142856,306.63140146662374,2.2857142857142856
Dec 30 2021 01: +0,32.766,4,Galil AR | Chatterbox (Field-Tested),2021-12-30,32.766,4,Galil AR | Chatterbox (Field-Tested),0.01807732651866732,1.8077326518667318,0.01807732651866732,False,32.86014285714286,300.71256906031397,2.4285714285714284
Dec 31 2021 01: +0,31.306,1,Galil AR | Chatterbox (Field-Tested),2021-12-31,31.306,1,Galil AR | Chatterbox (Field-Tested),-0.04558161993204044,-4.5581619932040445,0.04558161993204044,False,32.24442857142857,298.6528096567547,2.4285714285714284
Jan 01 2022 01: +0,34.121,3,Galil AR | Chatterbox (Field-Tested),2022-01-01,34.121,3,Galil AR | Chatterbox (Field-Tested),0.08610325805153067,8.610325805153067,0.08610325805153067,True,32.67842857142857,299.63955494319407,2.4285714285714284
Jan 03 2022 01: +0,30.149,2,Galil AR | Chatterbox (Field-Tested),2022-01-03,30.149,2,Galil AR | Chatterbox (Field-Tested),-0.1237612753902749,-12.37612753902749,0.1237612753902749,True,32.62978571428572,302.8783502006971,2.4285714285714284
Jan 04 2022 01: +0,41.342,1,Galil AR | Chatterbox (Field-Tested),2022-01-04,41.342,1,Galil AR | Chatterbox (Field-Tested),0.31572717724975735,31.572717724975735,0.31572717724975735,True,32.49042857142857,321.1598416952751,2.4285714285714284
Jan 05 2022 01: +0,36.442,3,Galil AR | Chatterbox (Field-Tested),2022-01-05,36.442,3,Galil AR | Chatterbox (Field-Tested),-0.1261569767493573,-12.61569767493573,0.1261569767493573,True,33.122928571428574,324.60938372774007,2.5714285714285716
Jan 10 2022 01: +0,31.9,1,Galil AR | Chatterbox (Field-Tested),2022-01-10,31.9,1,Galil AR | Chatterbox (Field-Tested),-0.13311594583688813,-13.311594583688812,0.13311594583688813,True,33.13457142857143,328.291548148928,2.5
Jan 12 2022 01: +0,37.922,1,Galil AR | Chatterbox (Field-Tested),2022-01-12,37.922,1,Galil AR | Chatterbox (Field-Tested),0.17292540882121296,17.292540882121298,0.17292540882121296,True,33.2395,332.58809354089976,2.5
Jan 14 2022 01: +0,31.17,1,Galil AR | Chatterbox (Field-Tested),2022-01-14,31.17,1,Galil AR | Chatterbox (Field-Tested),-0.19607532483276605,-19.607532483276604,0.19607532483276605,True,33.126357142857145,339.6805777820454,2.357142857142857
Jan 15 2022 01: +0,33.562,4,Galil AR | Chatterbox (Field-Tested),2022-01-15,33.562,4,Galil AR | Chatterbox (Field-Tested),0.07393838079972415,7.393838079972415,0.07393838079972415,True,33.23292857142857,339.854766114701,2.4285714285714284
Jan 16 2022 01: +0,33.799,2,Galil AR | Chatterbox (Field-Tested),2022-01-16,33.799,2,Galil AR | Chatterbox (Field-Tested),0.00703674167351829,0.703674167351829,0.00703674167351829,False,33.633714285714284,338.9600202024579,2.357142857142857
Jan 17 2022 01: +0,36.595,2,Galil AR | Chatterbox (Field-Tested),2022-01-17,36.595,2,Galil AR | Chatterbox (Field-Tested),0.07948040280070226,7.948040280070226,0.07948040280070226,True,34.09292857142857,332.47468782418116,2.2142857142857144
Jan 20 2022 01: +0,39.087,2,Galil AR | Chatterbox (Field-Tested),2022-01-20,39.087,2,Galil AR | Chatterbox (Field-Tested),0.06587831183571392,6.587831183571392,0.06587831183571392,True,34.45285714285715,320.48331384315526,2.0714285714285716
Jan 21 2022 01: +0,39.898,1,Galil AR | Chatterbox (Field-Tested),2022-01-21,39.898,1,Galil AR | Chatterbox (Field-Tested),0.02053626643731476,2.053626643731476,0.02053626643731476,False,35.00421428571428,319.30870010914265,2.0
Jan 23 2022 01: +0,25.237,1,Galil AR | Chatterbox (Field-Tested),2022-01-23,25.237,1,Galil AR | Chatterbox (Field-Tested),-0.45801502567153324,-45.80150256715332,0.45801502567153324,True,34.46642857142857,358.22422348744686,1.7857142857142858
Jan 24 2022 01: +0,31.268,3,Galil AR | Chatterbox (Field-Tested),2022-01-24,31.268,3,Galil AR | Chatterbox (Field-Tested),0.2142840387033981,21.42840387033981,0.2142840387033981,True,34.46371428571429,365.8668762878211,1.9285714285714286
Jan 25 2022 01: +0,33.229,2,Galil AR | Chatterbox (Field-Tested),2022-01-25,33.229,2,Galil AR | Chatterbox (Field-Tested),0.060827778266410254,6.082777826641025,0.060827778266410254,True,34.4,365.45589059399595,1.8571428571428572
Jan 26 2022 01: +0,30.868,2,Galil AR | Chatterbox (Field-Tested),2022-01-26,30.868,2,Galil AR | Chatterbox (Field-Tested),-0.0737029400291377,-7.37029400291377,0.0737029400291377,True,34.45135714285714,363.16859887304975,1.8571428571428572
Jan 27 2022 01: +0,31.611,2,Galil AR | Chatterbox (Field-Tested),2022-01-27,31.611,2,Galil AR | Chatterbox (Field-Tested),0.023785112690143606,2.3785112690143606,0.023785112690143606,False,33.75628571428572,341.28789332541413,1.9285714285714286
Jan 28 2022 01: +0,31.416,1,Galil AR | Chatterbox (Field-Tested),2022-01-28,31.416,1,Galil AR | Chatterbox (Field-Tested),-0.006187844009791747,-0.6187844009791746,0.006187844009791747,False,33.397285714285715,339.72437310843145,1.7857142857142858
Jan 29 2022 01: +0,33.108,2,Galil AR | Chatterbox (Field-Tested),2022-01-29,33.108,2,Galil AR | Chatterbox (Field-Tested),0.052457627747440776,5.245762774744078,0.052457627747440776,True,33.48357142857143,317.72872454334913,1.8571428571428572
Jan 30 2022 01: +0,35.517,2,Galil AR | Chatterbox (Field-Tested),2022-01-30,35.517,2,Galil AR | Chatterbox (Field-Tested),0.07023651007445976,7.023651007445976,0.07023651007445976,True,33.31178571428571,275.76455148977857,1.9285714285714286
Jan 31 2022 01: +0,38.51,1,Galil AR | Chatterbox (Field-Tested),2022-01-31,38.51,1,Galil AR | Chatterbox (Field-Tested),0.08090649272920847,8.090649272920846,0.08090649272920847,True,33.83607142857143,272.96343926156067,1.9285714285714286
Feb 03 2022 01: +0,32.919,3,Galil AR | Chatterbox (Field-Tested),2022-02-03,32.919,3,Galil AR | Chatterbox (Field-Tested),-0.15686794915004582,-15.686794915004581,0.15686794915004582,True,33.79014285714286,274.41541036264925,1.8571428571428572
Feb 04 2022 01: +0,28.928,1,Galil AR | Chatterbox (Field-Tested),2022-02-04,28.928,1,Galil AR | Chatterbox (Field-Tested),-0.1292400144670057,-12.92400144670057,0.1292400144670057,True,33.442214285714286,275.57943372978065,1.7857142857142858
Feb 05 2022 01: +0,34.111,4,Galil AR | Chatterbox (Field-Tested),2022-02-05,34.111,4,Galil AR | Chatterbox (Field-Tested),0.16480992870691635,16.480992870691637,0.16480992870691635,True,33.264785714285715,281.70096571896397,1.9285714285714286
Feb 07 2022 01: +0,36.751,1,Galil AR | Chatterbox (Field-Tested),2022-02-07,36.751,1,Galil AR | Chatterbox (Field-Tested),0.07454552325630762,7.454552325630762,0.07454552325630762,True,33.09792857142857,278.711916954362,1.8571428571428572
Feb 08 2022 01: +0,36.986,1,Galil AR | Chatterbox (Field-Tested),2022-02-08,36.986,1,Galil AR | Chatterbox (Field-Tested),0.006374026489694676,0.6374026489694676,0.006374026489694676,False,32.88992857142857,277.8983236513657,1.8571428571428572
Feb 09 2022 01: +0,31.688,1,Galil AR | Chatterbox (Field-Tested),2022-02-09,31.688,1,Galil AR | Chatterbox (Field-Tested),-0.15460140234306932,-15.460140234306932,0.15460140234306932,True,33.35071428571428,280.25699138005564,1.8571428571428572
Feb 10 2022 01: +0,31.731,5,Galil AR | Chatterbox (Field-Tested),2022-02-10,31.731,5,Galil AR | Chatterbox (Field-Tested),0.0013560606944099786,0.13560606944099787,0.0013560606944099786,False,33.383785714285715,279.5780056753063,2.0
Feb 11 2022 01: +0,31.713,1,Galil AR | Chatterbox (Field-Tested),2022-02-11,31.713,1,Galil AR | Chatterbox (Field-Tested),-0.0005674295593898214,-0.05674295593898214,0.0005674295593898214,False,33.2755,279.4979777597449,1.9285714285714286
Feb 12 2022 01: +0,33.417,2,Galil AR | Chatterbox (Field-Tested),2022-02-12,33.417,2,Galil AR | Chatterbox (Field-Tested),0.052338061076526825,5.233806107652683,0.052338061076526825,True,33.45757142857143,279.6229604027316,1.9285714285714286
Feb 13 2022 01: +0,31.587,2,Galil AR | Chatterbox (Field-Tested),2022-02-13,31.587,2,Galil AR | Chatterbox (Field-Tested),-0.056319108988430455,-5.631910898843046,0.056319108988430455,True,33.45585714285714,278.65387873101344,1.9285714285714286
Feb 14 2022 01: +0,31.944,2,Galil AR | Chatterbox (Field-Tested),2022-02-14,31.944,2,Galil AR | Chatterbox (Field-Tested),0.011238726218188201,1.1238726218188202,0.011238726218188201,False,33.49357142857143,275.22176805308055,2.0
Feb 15 2022 01: +0,32.655,3,Galil AR | Chatterbox (Field-Tested),2022-02-15,32.655,3,Galil AR | Chatterbox (Field-Tested),0.022013613593700326,2.2013613593700327,0.022013613593700326,False,33.461214285714284,251.08210675061991,2.0714285714285716
Feb 16 2022 01: +0,32.766,1,Galil AR | Chatterbox (Field-Tested),2022-02-16,32.766,1,Galil AR | Chatterbox (Field-Tested),0.003393409043451177,0.3393409043451177,0.003393409043451177,False,33.264714285714284,247.43989757149544,2.0
Feb 17 2022 01: +0,35.948,1,Galil AR | Chatterbox (Field-Tested),2022-02-17,35.948,1,Galil AR | Chatterbox (Field-Tested),0.09268205739805546,9.268205739805547,0.09268205739805546,True,33.081714285714284,245.08151942769408,2.0
Feb 19 2022 01: +0,32.282,1,Galil AR | Chatterbox (Field-Tested),2022-02-19,32.282,1,Galil AR | Chatterbox (Field-Tested),-0.10756365044503918,-10.756365044503918,0.10756365044503918,True,33.03621428571429,240.2261224068093,1.8571428571428572
Feb 20 2022 01: +0,35.725,2,Galil AR | Chatterbox (Field-Tested),2022-02-20,35.725,2,Galil AR | Chatterbox (Field-Tested),0.10134092446484329,10.13409244648433,0.10134092446484329,True,33.52171428571429,232.79408486780272,1.9285714285714286
Feb 22 2022 01: +0,31.566,3,Galil AR | Chatterbox (Field-Tested),2022-02-22,31.566,3,Galil AR | Chatterbox (Field-Tested),-0.12377013183920603,-12.377013183920603,0.12377013183920603,True,33.339928571428565,235.57456642850272,1.8571428571428572
Feb 23 2022 01: +0,32.375,1,Galil AR | Chatterbox (Field-Tested),2022-02-23,32.375,1,Galil AR | Chatterbox (Field-Tested),0.02530592804297663,2.530592804297663,0.02530592804297663,False,33.02735714285715,235.7493239306758,1.8571428571428572
Feb 24 2022 01: +0,32.443,1,Galil AR | Chatterbox (Field-Tested),2022-02-24,32.443,1,Galil AR | Chatterbox (Field-Tested),0.002098183373346326,0.20981833733463262,0.002098183373346326,False,32.70285714285715,233.94473542394235,1.8571428571428572
Feb 25 2022 01: +0,31.643,2,Galil AR | Chatterbox (Field-Tested),2022-02-25,31.643,2,Galil AR | Chatterbox (Field-Tested),-0.024967748300675937,-2.4967748300675936,0.024967748300675937,False,32.699642857142855,232.67131788370045,1.9285714285714286
Feb 26 2022 01: +0,33.214,5,Galil AR | Chatterbox (Field-Tested),2022-02-26,33.214,5,Galil AR | Chatterbox (Field-Tested),0.04845451869218912,4.845451869218912,0.04845451869218912,False,32.80557142857143,233.29077872446425,1.9285714285714286
Mar 01 2022 01: +0,32.112,2,Galil AR | Chatterbox (Field-Tested),2022-03-01,32.112,2,Galil AR | Chatterbox (Field-Tested),-0.0337416817305789,-3.37416817305789,0.0337416817305789,False,32.83407142857143,167.51822165991484,2.0
Mar 02 2022 01: +0,36.746,3,Galil AR | Chatterbox (Field-Tested),2022-03-02,36.746,3,Galil AR | Chatterbox (Field-Tested),0.13479958414356064,13.479958414356064,0.13479958414356064,True,33.07185714285714,157.1759113803699,2.0714285714285716
Mar 03 2022 01: +0,36.014,2,Galil AR | Chatterbox (Field-Tested),2022-03-03,36.014,2,Galil AR | Chatterbox (Field-Tested),-0.020121624450229355,-2.0121624450229354,0.020121624450229355,False,33.38807142857143,156.11436032167495,2.0714285714285716
Mar 04 2022 01: +0,34.766,2,Galil AR | Chatterbox (Field-Tested),2022-03-04,34.766,2,Galil AR | Chatterbox (Field-Tested),-0.03526785404796525,-3.526785404796525,0.03526785404796525,False,33.58964285714286,154.3126405732388,2.0714285714285716
Mar 05 2022 01: +0,35.8,2,Galil AR | Chatterbox (Field-Tested),2022-03-05,35.8,2,Galil AR | Chatterbox (Field-Tested),0.02930799570730601,2.930799570730601,0.02930799570730601,False,33.81428571428571,154.41391878863035,2.0
Mar 06 2022 01: +0,32.418,1,Galil AR | Chatterbox (Field-Tested),2022-03-06,32.418,1,Galil AR | Chatterbox (Field-Tested),-0.09923406931667086,-9.923406931667087,0.09923406931667086,True,33.78942857142857,158.55310696383586,2.0
Mar 07 2022 01: +0,35.319,2,Galil AR | Chatterbox (Field-Tested),2022-03-07,35.319,2,Galil AR | Chatterbox (Field-Tested),0.08570723867418585,8.570723867418586,0.08570723867418585,True,33.7445,160.3243322264391,2.0714285714285716
Mar 08 2022 01: +0,34.492,3,Galil AR | Chatterbox (Field-Tested),2022-03-08,34.492,3,Galil AR | Chatterbox (Field-Tested),-0.02369364967409161,-2.369364967409161,0.02369364967409161,False,33.90235714285715,158.6429505007589,2.2142857142857144
Mar 09 2022 01: +0,38.483,1,Galil AR | Chatterbox (Field-Tested),2022-03-09,38.483,1,Galil AR | Chatterbox (Field-Tested),0.10948917224646645,10.948917224646646,0.10948917224646645,True,34.099357142857144,160.79839908339468,2.142857142857143
Mar 10 2022 01: +0,41.982,2,Galil AR | Chatterbox (Field-Tested),2022-03-10,41.982,2,Galil AR | Chatterbox (Field-Tested),0.0870243696552702,8.70243696552702,0.0870243696552702,True,34.843357142857144,153.1797296416427,2.0714285714285716
Mar 13 2022 01: +0,39.575,1,Galil AR | Chatterbox (Field-Tested),2022-03-13,39.575,1,Galil AR | Chatterbox (Field-Tested),-0.05904334922473874,-5.904334922473875,0.05904334922473874,True,35.35764285714286,147.09389345807196,2.0714285714285716
Mar 14 2022 01: +0,35.751,3,Galil AR | Chatterbox (Field-Tested),2022-03-14,35.751,3,Galil AR | Chatterbox (Field-Tested),-0.10161936499029722,-10.161936499029721,0.10161936499029722,True,35.59392857142857,141.13968081299228,2.2142857142857144
Mar 15 2022 01: +0,32.783,2,Galil AR | Chatterbox (Field-Tested),2022-03-15,32.783,2,Galil AR | Chatterbox (Field-Tested),-0.08666815242968731,-8.666815242968731,0.08666815242968731,True,35.675357142857145,141.8480497325594,2.2142857142857144
Mar 16 2022 01: +0,39.304,1,Galil AR | Chatterbox (Field-Tested),2022-03-16,39.304,1,Galil AR | Chatterbox (Field-Tested),0.1814162065192557,18.141620651925567,0.1814162065192557,True,36.11035714285715,155.8761487093894,1.9285714285714286
Mar 19 2022 01: +0,39.168,3,Galil AR | Chatterbox (Field-Tested),2022-03-19,39.168,3,Galil AR | Chatterbox (Field-Tested),-0.003466207976486284,-0.3466207976486284,0.003466207976486284,False,36.614357142857145,145.3191817598775,2.0
Mar 20 2022 01: +0,39.694,1,Galil AR | Chatterbox (Field-Tested),2022-03-20,39.694,1,Galil AR | Chatterbox (Field-Tested),0.013339955880206113,1.3339955880206114,0.013339955880206113,False,36.82492857142857,145.32005579300736,1.8571428571428572
Mar 21 2022 01: +0,54.036,3,Galil AR | Chatterbox (Field-Tested),2022-03-21,54.036,3,Galil AR | Chatterbox (Field-Tested),0.30845044833736796,30.845044833736797,0.30845044833736796,True,38.11221428571429,179.19657225126426,1.9285714285714286
Mar 22 2022 01: +0,37.095,3,Galil AR | Chatterbox (Field-Tested),2022-03-22,37.095,3,Galil AR | Chatterbox (Field-Tested),-0.37616830146594576,-37.61683014659457,0.37616830146594576,True,38.27857142857143,225.2159724728334,2.0
Mar 23 2022 01: +0,34.32,1,Galil AR | Chatterbox (Field-Tested),2022-03-23,34.32,1,Galil AR | Chatterbox (Field-Tested),-0.07775391502172768,-7.775391502172768,0.07775391502172768,True,38.17285714285715,226.05484466991138,1.9285714285714286
Mar 24 2022 01: +0,35.602,3,Galil AR | Chatterbox (Field-Tested),2022-03-24,35.602,3,Galil AR | Chatterbox (Field-Tested),0.036673541435479615,3.6673541435479615,0.036673541435479615,False,38.400285714285715,226.34873347250485,2.0714285714285716
Mar 25 2022 01: +0,45.052,1,Galil AR | Chatterbox (Field-Tested),2022-03-25,45.052,1,Galil AR | Chatterbox (Field-Tested),0.23541556213020903,23.541556213020904,0.23541556213020903,True,39.0955,240.33913448650702,2.0
Mar 26 2022 01: +0,40.077,2,Galil AR | Chatterbox (Field-Tested),2022-03-26,40.077,2,Galil AR | Chatterbox (Field-Tested),-0.11701477450966537,-11.701477450966538,0.11701477450966537,True,39.49442857142857,244.4363451615264,1.9285714285714286
Mar 27 2022 01: +0,40.853,2,Galil AR | Chatterbox (Field-Tested),2022-03-27,40.853,2,Galil AR | Chatterbox (Field-Tested),0.0191776543461703,1.9177654346170299,0.0191776543461703,False,39.663714285714285,242.5197339405474,2.0
Mar 28 2022 01: +0,43.23,2,Galil AR | Chatterbox (Field-Tested),2022-03-28,43.23,2,Galil AR | Chatterbox (Field-Tested),0.0565544406575853,5.65544406575853,0.0565544406575853,True,39.75285714285714,239.73531732019197,2.0
Mar 29 2022 01: +0,36.544,2,Galil AR | Chatterbox (Field-Tested),2022-03-29,36.544,2,Galil AR | Chatterbox (Field-Tested),-0.16801768464599542,-16.801768464599544,0.16801768464599542,True,39.53635714285714,245.130827058887,2.0714285714285716
Mar 30 2022 01: +0,35.814,1,Galil AR | Chatterbox (Field-Tested),2022-03-30,35.814,1,Galil AR | Chatterbox (Field-Tested),-0.020178135618977074,-2.0178135618977073,0.020178135618977074,False,39.54085714285714,241.1380457871895,1.9285714285714286
Apr 01 2022 01: +0,38.743,1,Galil AR | Chatterbox (Field-Tested),2022-04-01,38.743,1,Galil AR | Chatterbox (Field-Tested),0.07861121590519546,7.861121590519546,0.07861121590519546,True,39.96657142857142,242.43835494818725,1.8571428571428572
Apr 03 2022 01: +0,35.814,1,Galil AR | Chatterbox (Field-Tested),2022-04-03,35.814,1,Galil AR | Chatterbox (Field-Tested),-0.07861121590519547,-7.861121590519547,0.07861121590519547,True,39.717285714285715,244.2291325834854,1.8571428571428572
Apr 04 2022 01: +0,35.326,2,Galil AR | Chatterbox (Field-Tested),2022-04-04,35.326,2,Galil AR | Chatterbox (Field-Tested),-0.013719641681316036,-1.3719641681316035,0.013719641681316036,False,39.44285714285714,244.09678071226088,1.7857142857142858
Apr 05 2022 01: +0,36.573,3,Galil AR | Chatterbox (Field-Tested),2022-04-05,36.573,3,Galil AR | Chatterbox (Field-Tested),0.03469102651786714,3.469102651786714,0.03469102651786714,False,39.219928571428575,243.8260154281876,1.9285714285714286
Apr 06 2022 01: +0,39.379,1,Galil AR | Chatterbox (Field-Tested),2022-04-06,39.379,1,Galil AR | Chatterbox (Field-Tested),0.07392241603662511,7.392241603662511,0.07392241603662511,True,38.173,244.66292189112275,1.7857142857142858
Apr 07 2022 01: +0,39.424,1,Galil AR | Chatterbox (Field-Tested),2022-04-07,39.424,1,Galil AR | Chatterbox (Field-Tested),0.0011420886233106645,0.11420886233106645,0.0011420886233106645,False,38.33935714285714,240.26426888820302,1.6428571428571428
Apr 08 2022 01: +0,36.547,3,Galil AR | Chatterbox (Field-Tested),2022-04-08,36.547,3,Galil AR | Chatterbox (Field-Tested),-0.07577566442732599,-7.577566442732599,0.07577566442732599,True,38.49842857142857,241.6992120248384,1.7857142857142858
Apr 09 2022 01: +0,37.737,2,Galil AR | Chatterbox (Field-Tested),2022-04-09,37.737,2,Galil AR | Chatterbox (Field-Tested),0.0320419420411166,3.2041942041116602,0.0320419420411166,False,38.65092857142857,241.58616437206248,1.7142857142857142
Apr 10 2022 01: +0,68.726,2,Galil AR | Chatterbox (Field-Tested),2022-04-10,68.726,2,Galil AR | Chatterbox (Field-Tested),0.599486539166329,59.9486539166329,0.599486539166329,True,40.341928571428575,318.955071148243,1.7857142857142858
Apr 11 2022 01: +0,38.493,3,Galil AR | Chatterbox (Field-Tested),2022-04-11,38.493,3,Galil AR | Chatterbox (Field-Tested),-0.5796511781101831,-57.96511781101831,0.5796511781101831,True,40.22878571428571,380.05618222136343,1.8571428571428572
Apr 13 2022 01: +0,39.698,2,Galil AR | Chatterbox (Field-Tested),2022-04-13,39.698,2,Galil AR | Chatterbox (Field-Tested),0.030824402009394927,3.0824402009394927,0.030824402009394927,False,40.14628571428572,379.083369905395,1.8571428571428572
Apr 15 2022 01: +0,36.909,2,Galil AR | Chatterbox (Field-Tested),2022-04-15,36.909,2,Galil AR | Chatterbox (Field-Tested),-0.07284538484424437,-7.284538484424437,0.07284538484424437,True,39.69478571428572,379.9203768514452,1.8571428571428572
Apr 16 2022 01: +0,39.166,2,Galil AR | Chatterbox (Field-Tested),2022-04-16,39.166,2,Galil AR | Chatterbox (Field-Tested),0.059353599748503,5.9353599748503,0.059353599748503,True,39.88207142857143,378.53931485068426,1.8571428571428572
Apr 17 2022 01: +0,40.428,3,Galil AR | Chatterbox (Field-Tested),2022-04-17,40.428,3,Galil AR | Chatterbox (Field-Tested),0.03171359071777156,3.1713590717771556,0.03171359071777156,False,40.211642857142856,377.4397235177988,2.0
Apr 19 2022 01: +0,40.442,4,Galil AR | Chatterbox (Field-Tested),2022-04-19,40.442,4,Galil AR | Chatterbox (Field-Tested),0.0003462347011219042,0.03462347011219042,0.0003462347011219042,False,40.333000000000006,376.8633550959571,2.2142857142857144
Apr 20 2022 01: +0,42.641,3,Galil AR | Chatterbox (Field-Tested),2022-04-20,42.641,3,Galil AR | Chatterbox (Field-Tested),0.05294738282665218,5.294738282665218,0.05294738282665218,True,40.82064285714285,375.4341235428576,2.357142857142857
Apr 23 2022 01: +0,38.426,2,Galil AR | Chatterbox (Field-Tested),2022-04-23,38.426,2,Galil AR | Chatterbox (Field-Tested),-0.10408191793068033,-10.408191793068033,0.10408191793068033,True,41.04207142857143,376.0230486973017,2.357142857142857
Apr 24 2022 01: +0,45.411,3,Galil AR | Chatterbox (Field-Tested),2022-04-24,45.411,3,Galil AR | Chatterbox (Field-Tested),0.1670200526390281,16.702005263902812,0.1670200526390281,True,41.673357142857135,375.20701868298636,2.357142857142857
Apr 25 2022 01: +0,47.854,1,Galil AR | Chatterbox (Field-Tested),2022-04-25,47.854,1,Galil AR | Chatterbox (Field-Tested),0.05240034252294759,5.240034252294759,0.05240034252294759,True,42.27871428571429,375.5577042471216,2.357142857142857
Apr 28 2022 01: +0,43.201,1,Galil AR | Chatterbox (Field-Tested),2022-04-28,43.201,1,Galil AR | Chatterbox (Field-Tested),-0.10229106584118682,-10.229106584118682,0.10229106584118682,True,42.5485,377.4604390552696,2.357142857142857
Apr 29 2022 01: +0,41.419,3,Galil AR | Chatterbox (Field-Tested),2022-04-29,41.419,3,Galil AR | Chatterbox (Field-Tested),-0.04212393038042827,-4.212393038042827,0.04212393038042827,False,42.8965,361.1902668872957,2.357142857142857
May 01 2022 01: +0,50.931,1,Galil AR | Chatterbox (Field-Tested),2022-05-01,50.931,1,Galil AR | Chatterbox (Field-Tested),0.20673206274673578,20.67320627467358,0.20673206274673578,True,43.838928571428575,343.36976886680645,2.2857142857142856
May 02 2022 01: +0,50.929,1,Galil AR | Chatterbox (Field-Tested),2022-05-02,50.929,1,Galil AR | Chatterbox (Field-Tested),-3.92695857108446e-05,-0.00392695857108446,3.92695857108446e-05,False,42.56771428571428,341.9208008073185,2.2142857142857144
May 03 2022 01: +0,40.476,1,Galil AR | Chatterbox (Field-Tested),2022-05-03,40.476,1,Galil AR | Chatterbox (Field-Tested),-0.22972330004338187,-22.972330004338186,0.22972330004338187,True,42.709357142857144,352.0897454205886,2.0714285714285716
May 04 2022 01: +0,38.733,4,Galil AR | Chatterbox (Field-Tested),2022-05-04,38.733,4,Galil AR | Chatterbox (Field-Tested),-0.044017256006822277,-4.401725600682227,0.044017256006822277,False,42.64042857142857,342.357943494086,2.2142857142857144
May 05 2022 01: +0,36.578,1,Galil AR | Chatterbox (Field-Tested),2022-05-05,36.578,1,Galil AR | Chatterbox (Field-Tested),-0.057244983078307075,-5.724498307830707,0.057244983078307075,True,42.61678571428572,340.52731622367014,2.142857142857143
May 06 2022 01: +0,40.277,2,Galil AR | Chatterbox (Field-Tested),2022-05-06,40.277,2,Galil AR | Chatterbox (Field-Tested),0.09633361964485132,9.633361964485132,0.09633361964485132,True,42.69614285714285,342.22032734993684,2.142857142857143
May 08 2022 01: +0,42.997,1,Galil AR | Chatterbox (Field-Tested),2022-05-08,42.997,1,Galil AR | Chatterbox (Field-Tested),0.06534975939060537,6.534975939060537,0.06534975939060537,True,42.87964285714286,342.41849164927953,2.0
May 09 2022 01: +0,36.727,2,Galil AR | Chatterbox (Field-Tested),2022-05-09,36.727,2,Galil AR | Chatterbox (Field-Tested),-0.15761816642520657,-15.761816642520657,0.15761816642520657,True,42.614285714285714,341.79557475466754,1.8571428571428572
May 10 2022 01: +0,42.846,1,Galil AR | Chatterbox (Field-Tested),2022-05-10,42.846,1,Galil AR | Chatterbox (Field-Tested),0.15410011240239357,15.410011240239358,0.15410011240239357,True,42.628928571428574,345.87145749122317,1.7142857142857142
May 13 2022 01: +0,33.939,3,Galil AR | Chatterbox (Field-Tested),2022-05-13,33.939,3,Galil AR | Chatterbox (Field-Tested),-0.23304749618258844,-23.304749618258843,0.23304749618258844,True,42.30842857142857,354.60723627584053,1.7857142857142858
May 14 2022 01: +0,39.053,2,Galil AR | Chatterbox (Field-Tested),2022-05-14,39.053,2,Galil AR | Chatterbox (Field-Tested),0.14035490230626518,14.035490230626518,0.14035490230626518,True,41.854285714285716,357.05741449161457,1.7142857142857142
May 18 2022 01: +0,33.471,3,Galil AR | Chatterbox (Field-Tested),2022-05-18,33.471,3,Galil AR | Chatterbox (Field-Tested),-0.1542403056395522,-15.42403056395522,0.1542403056395522,True,40.826928571428574,361.2199015259263,1.8571428571428572
May 20 2022 01: +0,39.032,1,Galil AR | Chatterbox (Field-Tested),2022-05-20,39.032,1,Galil AR | Chatterbox (Field-Tested),0.15370243023438368,15.370243023438368,0.15370243023438368,True,40.52914285714286,365.09753330417465,1.8571428571428572
May 21 2022 01: +0,34.32,1,Galil AR | Chatterbox (Field-Tested),2022-05-21,34.32,1,Galil AR | Chatterbox (Field-Tested),-0.12865354789377448,-12.865354789377449,0.12865354789377448,True,40.02207142857143,366.91975751965197,1.7142857142857142
May 22 2022 01: +0,34.541,1,Galil AR | Chatterbox (Field-Tested),2022-05-22,34.541,1,Galil AR | Chatterbox (Field-Tested),0.006418749619451574,0.6418749619451574,0.006418749619451574,False,38.85135714285714,366.93473684363306,1.7142857142857142
May 23 2022 01: +0,36.749,4,Galil AR | Chatterbox (Field-Tested),2022-05-23,36.749,4,Galil AR | Chatterbox (Field-Tested),0.06196399016505599,6.196399016505599,0.06196399016505599,True,37.8385,366.7081739965712,1.9285714285714286
May 26 2022 01: +0,40.572,2,Galil AR | Chatterbox (Field-Tested),2022-05-26,40.572,2,Galil AR | Chatterbox (Field-Tested),0.09896715910948022,9.896715910948021,0.09896715910948022,True,37.84535714285715,368.18002866797815,2.0
May 27 2022 01: +0,34.541,1,Galil AR | Chatterbox (Field-Tested),2022-05-27,34.541,1,Galil AR | Chatterbox (Field-Tested),-0.16093114927453625,-16.093114927453627,0.16093114927453625,True,37.545928571428576,302.6873705514434,1.7857142857142858
May 28 2022 01: +0,39.032,1,Galil AR | Chatterbox (Field-Tested),2022-05-28,39.032,1,Galil AR | Chatterbox (Field-Tested),0.12223479827432294,12.223479827432294,0.12223479827432294,True,37.72121428571428,230.6426906317231,1.7857142857142858
May 29 2022 01: +0,39.058,1,Galil AR | Chatterbox (Field-Tested),2022-05-29,39.058,1,Galil AR | Chatterbox (Field-Tested),0.0006658983470547304,0.06658983470547304,0.0006658983470547304,False,37.63414285714286,230.382773766451,1.7142857142857142
May 31 2022 01: +0,36.309,3,Galil AR | Chatterbox (Field-Tested),2022-05-31,36.309,3,Galil AR | Chatterbox (Field-Tested),-0.07298207643601427,-7.298207643601427,0.07298207643601427,True,37.15642857142857,230.38817805140644,1.8571428571428572
Jun 01 2022 01: +0,39.058,1,Galil AR | Chatterbox (Field-Tested),2022-06-01,39.058,1,Galil AR | Chatterbox (Field-Tested),0.07298207643601423,7.298207643601423,0.07298207643601423,True,37.32292857142857,230.88266298337481,1.7857142857142858
Jun 02 2022 01: +0,37.817,3,Galil AR | Chatterbox (Field-Tested),2022-06-02,37.817,3,Galil AR | Chatterbox (Field-Tested),-0.03228898388598924,-3.228898388598924,0.03228898388598924,False,36.96371428571428,230.85226982332637,1.9285714285714286
Jun 03 2022 01: +0,39.215,1,Galil AR | Chatterbox (Field-Tested),2022-06-03,39.215,1,Galil AR | Chatterbox (Field-Tested),0.036300589690028605,3.6300589690028606,0.036300589690028605,False,37.34057142857143,231.24300256476582,1.7857142857142858
Jun 04 2022 01: +0,37.435,2,Galil AR | Chatterbox (Field-Tested),2022-06-04,37.435,2,Galil AR | Chatterbox (Field-Tested),-0.04645323098198126,-4.6453230981981255,0.04645323098198126,False,37.225,230.9219134283061,1.7857142857142858
Jun 05 2022 01: +0,34.812,1,Galil AR | Chatterbox (Field-Tested),2022-06-05,34.812,1,Galil AR | Chatterbox (Field-Tested),-0.07264394075538137,-7.264394075538137,0.07264394075538137,True,37.32078571428571,229.4686344611481,1.6428571428571428
Jun 07 2022 01: +0,34.32,1,Galil AR | Chatterbox (Field-Tested),2022-06-07,34.32,1,Galil AR | Chatterbox (Field-Tested),-0.014233880307505612,-1.4233880307505613,0.014233880307505612,False,36.98421428571429,221.09340392971077,1.6428571428571428
Jun 09 2022 01: +0,39.413,2,Galil AR | Chatterbox (Field-Tested),2022-06-09,39.413,2,Galil AR | Chatterbox (Field-Tested),0.1383674365014257,13.83674365014257,0.1383674365014257,True,37.348,226.09154463902294,1.7142857142857142
Jun 10 2022 01: +0,42.513,3,Galil AR | Chatterbox (Field-Tested),2022-06-10,42.513,3,Galil AR | Chatterbox (Field-Tested),0.07571420038965583,7.5714200389655835,0.07571420038965583,True,37.91742857142857,225.1196758961446,1.8571428571428572
Jun 11 2022 01: +0,29.348,1,Galil AR | Chatterbox (Field-Tested),2022-06-11,29.348,1,Galil AR | Chatterbox (Field-Tested),-0.37058551065909523,-37.058551065909526,0.37058551065909523,True,37.38878571428571,259.3140081903142,1.6428571428571428
Jun 12 2022 01: +0,38.209,1,Galil AR | Chatterbox (Field-Tested),2022-06-12,38.209,1,Galil AR | Chatterbox (Field-Tested),0.2638466891052077,26.38466891052077,0.2638466891052077,True,37.21999999999999,266.0412745864638,1.5714285714285714
Jun 15 2022 01: +0,40.552,2,Galil AR | Chatterbox (Field-Tested),2022-06-15,40.552,2,Galil AR | Chatterbox (Field-Tested),0.059514011213092625,5.951401121309263,0.059514011213092625,True,37.64935714285714,267.11886376389543,1.6428571428571428
Jun 16 2022 01: +0,37.054,1,Galil AR | Chatterbox (Field-Tested),2022-06-16,37.054,1,Galil AR | Chatterbox (Field-Tested),-0.09020879304222718,-9.020879304222717,0.09020879304222718,True,37.508071428571434,256.7482799288548,1.6428571428571428
Jun 17 2022 01: +0,37.07,2,Galil AR | Chatterbox (Field-Tested),2022-06-17,37.07,2,Galil AR | Chatterbox (Field-Tested),0.0004317090348200013,0.04317090348200013,0.0004317090348200013,False,37.36607142857143,256.3210848538347,1.7142857142857142
Jun 18 2022 01: +0,40.356,3,Galil AR | Chatterbox (Field-Tested),2022-06-18,40.356,3,Galil AR | Chatterbox (Field-Tested),0.08493206538349198,8.493206538349197,0.08493206538349198,True,37.655142857142856,257.2226583595128,1.7142857142857142
Jun 20 2022 01: +0,34.982,2,Galil AR | Chatterbox (Field-Tested),2022-06-20,34.982,2,Galil AR | Chatterbox (Field-Tested),-0.14290643906126152,-14.290643906126151,0.14290643906126152,True,37.364,259.851976565085,1.7857142857142858
Jun 21 2022 01: +0,37.232,3,Galil AR | Chatterbox (Field-Tested),2022-06-21,37.232,3,Galil AR | Chatterbox (Field-Tested),0.06233496307506457,6.233496307506457,0.06233496307506457,True,37.32221428571428,259.7517975729672,1.7857142857142858
Jun 23 2022 01: +0,37.054,3,Galil AR | Chatterbox (Field-Tested),2022-06-23,37.054,3,Galil AR | Chatterbox (Field-Tested),-0.004792298432114854,-0.4792298432114854,0.004792298432114854,False,37.167857142857144,253.83785041548327,1.9285714285714286
Jun 25 2022 01: +0,37.035,1,Galil AR | Chatterbox (Field-Tested),2022-06-25,37.035,1,Galil AR | Chatterbox (Field-Tested),-0.0005128966625685676,-0.05128966625685676,0.0005128966625685676,False,37.13928571428572,247.7015709186757,1.8571428571428572
Jun 26 2022 01: +0,36.914,2,Galil AR | Chatterbox (Field-Tested),2022-06-26,36.914,2,Galil AR | Chatterbox (Field-Tested),-0.003272528580152894,-0.32725285801528936,0.003272528580152894,False,37.28942857142857,233.626207743714,1.9285714285714286
Jun 28 2022 01: +0,39.28,1,Galil AR | Chatterbox (Field-Tested),2022-06-28,39.28,1,Galil AR | Chatterbox (Field-Tested),0.06212460060116556,6.212460060116555,0.06212460060116556,True,37.64371428571429,229.38401402276676,1.9285714285714286
Jun 29 2022 01: +0,39.06,1,Galil AR | Chatterbox (Field-Tested),2022-06-29,39.06,1,Galil AR | Chatterbox (Field-Tested),-0.005616558037732269,-0.5616558037732269,0.005616558037732269,False,37.6185,222.54623911926754,1.8571428571428572
Jun 30 2022 01: +0,37.669,2,Galil AR | Chatterbox (Field-Tested),2022-06-30,37.669,2,Galil AR | Chatterbox (Field-Tested),-0.036261450420277445,-3.6261450420277446,0.036261450420277445,False,37.2725,216.36460820942634,1.7857142857142858
Jul 01 2022 01: +0,37.561,4,Galil AR | Chatterbox (Field-Tested),2022-07-01,37.561,4,Galil AR | Chatterbox (Field-Tested),-0.002871196974449937,-0.28711969744499366,0.002871196974449937,False,37.85914285714286,211.42985443702239,2.0
Jul 02 2022 01: +0,36.714,3,Galil AR | Chatterbox (Field-Tested),2022-07-02,36.714,3,Galil AR | Chatterbox (Field-Tested),-0.022808124345347083,-2.2808124345347083,0.022808124345347083,False,37.75235714285714,211.61620566887626,2.142857142857143
Jul 04 2022 01: +0,35.661,2,Galil AR | Chatterbox (Field-Tested),2022-07-04,35.661,2,Galil AR | Chatterbox (Field-Tested),-0.029100499041861377,-2.910049904186138,0.029100499041861377,False,37.403000000000006,210.75241147942648,2.142857142857143
Jul 05 2022 01: +0,37.688,3,Galil AR | Chatterbox (Field-Tested),2022-07-05,37.688,3,Galil AR | Chatterbox (Field-Tested),0.05528408673114302,5.528408673114302,0.05528408673114302,True,37.44828571428572,208.68511634154925,2.2857142857142856
Jul 07 2022 01: +0,35.492,3,Galil AR | Chatterbox (Field-Tested),2022-07-07,35.492,3,Galil AR | Chatterbox (Field-Tested),-0.06003442242464878,-6.003442242464878,0.06003442242464878,True,37.33557142857143,201.8988264787253,2.357142857142857
Jul 08 2022 01: +0,37.414,3,Galil AR | Chatterbox (Field-Tested),2022-07-08,37.414,3,Galil AR | Chatterbox (Field-Tested),0.052737646953621535,5.2737646953621535,0.052737646953621535,True,37.12542857142857,198.06114581088832,2.357142857142857
Jul 09 2022 01: +0,37.843,3,Galil AR | Chatterbox (Field-Tested),2022-07-09,37.843,3,Galil AR | Chatterbox (Field-Tested),0.011401056298310208,1.1401056298310208,0.011401056298310208,False,37.32978571428571,198.11070592782917,2.4285714285714284
Jul 10 2022 01: +0,39.314,2,Galil AR | Chatterbox (Field-Tested),2022-07-10,39.314,2,Galil AR | Chatterbox (Field-Tested),0.0381346673105839,3.8134667310583903,0.0381346673105839,False,37.478500000000004,196.82012400588417,2.357142857142857
Jul 11 2022 01: +0,41.826,4,Galil AR | Chatterbox (Field-Tested),2022-07-11,41.826,4,Galil AR | Chatterbox (Field-Tested),0.06193746619670976,6.193746619670977,0.06193746619670976,True,37.81935714285714,196.36055366816737,2.4285714285714284
Jul 13 2022 01: +0,34.311,1,Galil AR | Chatterbox (Field-Tested),2022-07-13,34.311,1,Galil AR | Chatterbox (Field-Tested),-0.1980521532651273,-19.80521532651273,0.1980521532651273,True,37.62478571428572,208.19005251268516,2.4285714285714284
Jul 14 2022 01: +0,38.933,2,Galil AR | Chatterbox (Field-Tested),2022-07-14,38.933,2,Galil AR | Chatterbox (Field-Tested),0.1263762175783409,12.637621757834088,0.1263762175783409,True,37.769000000000005,212.66611537023988,2.4285714285714284
Jul 15 2022 01: +0,39.024,1,Galil AR | Chatterbox (Field-Tested),2022-07-15,39.024,1,Galil AR | Chatterbox (Field-Tested),0.002334621428034214,0.23346214280342137,0.002334621428034214,False,37.75071428571429,212.011633819353,2.4285714285714284
Jul 16 2022 01: +0,36.595,1,Galil AR | Chatterbox (Field-Tested),2022-07-16,36.595,1,Galil AR | Chatterbox (Field-Tested),-0.06426522242037407,-6.426522242037406,0.06426522242037407,True,37.574642857142855,211.66326188981876,2.4285714285714284
Jul 17 2022 01: +0,36.421,2,Galil AR | Chatterbox (Field-Tested),2022-07-17,36.421,2,Galil AR | Chatterbox (Field-Tested),-0.00476608768971063,-0.476608768971063,0.00476608768971063,False,37.4855,211.59950664242726,2.4285714285714284
Jul 20 2022 01: +0,42.534,1,Galil AR | Chatterbox (Field-Tested),2022-07-20,42.534,1,Galil AR | Chatterbox (Field-Tested),0.1551582247374557,15.515822473745569,0.1551582247374557,True,37.840714285714284,213.03781786400657,2.2142857142857144
Jul 22 2022 01: +0,38.673,2,Galil AR | Chatterbox (Field-Tested),2022-07-22,38.673,2,Galil AR | Chatterbox (Field-Tested),-0.09516207397185802,-9.516207397185802,0.09516207397185802,True,37.98064285714286,213.98630835846615,2.142857142857143
Jul 23 2022 01: +0,34.374,3,Galil AR | Chatterbox (Field-Tested),2022-07-23,34.374,3,Galil AR | Chatterbox (Field-Tested),-0.1178412174745817,-11.78412174745817,0.1178412174745817,True,37.888714285714286,173.74003963533468,2.2142857142857144
Jul 25 2022 01: +0,37.496,1,Galil AR | Chatterbox (Field-Tested),2022-07-25,37.496,1,Galil AR | Chatterbox (Field-Tested),0.0869337959659092,8.693379596590919,0.0869337959659092,True,37.875,149.92748544231128,2.0714285714285716
Jul 26 2022 01: +0,40.577,1,Galil AR | Chatterbox (Field-Tested),2022-07-26,40.577,1,Galil AR | Chatterbox (Field-Tested),0.07896714300108,7.896714300108,0.07896714300108,True,38.238214285714285,151.05891822272352,1.9285714285714286
Jul 28 2022 01: +0,35.228,1,Galil AR | Chatterbox (Field-Tested),2022-07-28,35.228,1,Galil AR | Chatterbox (Field-Tested),-0.141360182678272,-14.1360182678272,0.141360182678272,True,38.08207142857143,155.8811399917985,1.7857142857142858
Jul 29 2022 01: +0,36.23,2,Galil AR | Chatterbox (Field-Tested),2022-07-29,36.23,2,Galil AR | Chatterbox (Field-Tested),0.02804628396377269,2.804628396377269,0.02804628396377269,False,37.966857142857144,156.22553838982708,1.7142857142857142
Jul 30 2022 01: +0,38.387,2,Galil AR | Chatterbox (Field-Tested),2022-07-30,38.387,2,Galil AR | Chatterbox (Field-Tested),0.05783135570186189,5.783135570186189,0.05783135570186189,True,37.90064285714286,154.6323588336909,1.7142857142857142
Jul 31 2022 01: +0,38.619,2,Galil AR | Chatterbox (Field-Tested),2022-07-31,38.619,2,Galil AR | Chatterbox (Field-Tested),0.0060255227367593586,0.6025522736759359,0.0060255227367593586,False,37.67157142857143,145.99589641982325,1.5714285714285714
Aug 01 2022 01: +0,39.986,2,Galil AR | Chatterbox (Field-Tested),2022-08-01,39.986,2,Galil AR | Chatterbox (Field-Tested),0.03478500950403369,3.478500950403369,0.03478500950403369,False,38.076928571428574,144.9058982631205,1.6428571428571428
Aug 02 2022 01: +0,37.202,2,Galil AR | Chatterbox (Field-Tested),2022-08-02,37.202,2,Galil AR | Chatterbox (Field-Tested),-0.07216686957488176,-7.216686957488176,0.07216686957488176,True,37.95328571428571,147.2128508888992,1.6428571428571428
Aug 03 2022 01: +0,38.19,3,Galil AR | Chatterbox (Field-Tested),2022-08-03,38.19,3,Galil AR | Chatterbox (Field-Tested),0.02621117796266571,2.621117796266571,0.02621117796266571,False,37.89371428571429,147.49295149570622,1.7857142857142858
Aug 05 2022 01: +0,51.157,2,Galil AR | Chatterbox (Field-Tested),2022-08-05,51.157,2,Galil AR | Chatterbox (Field-Tested),0.2923256341916928,29.232563419169278,0.2923256341916928,True,38.93385714285714,179.06846991775038,1.8571428571428572
Aug 08 2022 01: +0,39.295,1,Galil AR | Chatterbox (Field-Tested),2022-08-08,39.295,1,Galil AR | Chatterbox (Field-Tested),-0.2638020511109793,-26.380205111097933,0.2638020511109793,True,39.13914285714286,201.9539640852927,1.7857142857142858
Aug 09 2022 01: +0,39.516,1,Galil AR | Chatterbox (Field-Tested),2022-08-09,39.516,1,Galil AR | Chatterbox (Field-Tested),0.005608368864089231,0.560836886408923,0.005608368864089231,False,38.92357142857143,201.9525376502511,1.7857142857142858
Aug 10 2022 01: +0,43.912,2,Galil AR | Chatterbox (Field-Tested),2022-08-10,43.912,2,Galil AR | Chatterbox (Field-Tested),0.10548197806536064,10.548197806536063,0.10548197806536064,True,39.297785714285716,204.74773512184288,1.7857142857142858
Aug 11 2022 01: +0,40.306,1,Galil AR | Chatterbox (Field-Tested),2022-08-11,40.306,1,Galil AR | Chatterbox (Field-Tested),-0.08568729000229064,-8.568729000229064,0.08568729000229064,True,39.7215,207.17746947604536,1.6428571428571428
Aug 12 2022 01: +0,40.696,1,Galil AR | Chatterbox (Field-Tested),2022-08-12,40.696,1,Galil AR | Chatterbox (Field-Tested),0.009629466275166509,0.9629466275166509,0.009629466275166509,False,39.95007142857143,206.99054972064127,1.6428571428571428
Aug 13 2022 01: +0,43.426,2,Galil AR | Chatterbox (Field-Tested),2022-08-13,43.426,2,Galil AR | Chatterbox (Field-Tested),0.06492853255111639,6.492853255111639,0.06492853255111639,True,40.153571428571425,207.7276228998892,1.7142857142857142
Aug 14 2022 01: +0,43.416,3,Galil AR | Chatterbox (Field-Tested),2022-08-14,43.416,3,Galil AR | Chatterbox (Field-Tested),-0.00023030331047658992,-0.023030331047658992,0.00023030331047658992,False,40.73842857142858,206.99017203956035,1.8571428571428572
Aug 15 2022 01: +0,41.121,1,Galil AR | Chatterbox (Field-Tested),2022-08-15,41.121,1,Galil AR | Chatterbox (Field-Tested),-0.05430909684374969,-5.430909684374969,0.05430909684374969,True,41.087785714285715,206.77427473699476,1.7857142857142858
Aug 16 2022 01: +0,40.633,2,Galil AR | Chatterbox (Field-Tested),2022-08-16,40.633,2,Galil AR | Chatterbox (Field-Tested),-0.011938395577333224,-1.1938395577333223,0.011938395577333224,False,41.248214285714276,206.12089711175832,1.7857142857142858
Aug 17 2022 01: +0,43.061,2,Galil AR | Chatterbox (Field-Tested),2022-08-17,43.061,2,Galil AR | Chatterbox (Field-Tested),0.05803717073573351,5.803717073573351,0.05803717073573351,True,41.5655,207.0072099275287,1.7857142857142858
Aug 18 2022 01: +0,47.311,1,Galil AR | Chatterbox (Field-Tested),2022-08-18,47.311,1,Galil AR | Chatterbox (Field-Tested),0.09412511152421546,9.412511152421546,0.09412511152421546,True,42.08871428571429,209.0698244971254,1.7142857142857142
Aug 19 2022 01: +0,43.358,4,Galil AR | Chatterbox (Field-Tested),2022-08-19,43.358,4,Galil AR | Chatterbox (Field-Tested),-0.08725159599364557,-8.725159599364558,0.08725159599364557,True,42.52842857142856,210.53249496441967,1.8571428571428572
Aug 20 2022 01: +0,41.961,1,Galil AR | Chatterbox (Field-Tested),2022-08-20,41.961,1,Galil AR | Chatterbox (Field-Tested),-0.03275061514104778,-3.2750615141047783,0.03275061514104778,False,42.797785714285716,198.3872535101318,1.7142857142857142
Aug 24 2022 01: +0,39.6,4,Galil AR | Chatterbox (Field-Tested),2022-08-24,39.6,4,Galil AR | Chatterbox (Field-Tested),-0.05791149720484163,-5.791149720484163,0.05791149720484163,True,41.97228571428571,194.7773752410756,1.8571428571428572
Aug 26 2022 01: +0,36.298,2,Galil AR | Chatterbox (Field-Tested),2022-08-26,36.298,2,Galil AR | Chatterbox (Field-Tested),-0.08706647492622593,-8.706647492622594,0.08706647492622593,True,41.75821428571429,197.1569348058783,1.9285714285714286
Aug 29 2022 01: +0,41.602,2,Galil AR | Chatterbox (Field-Tested),2022-08-29,41.602,2,Galil AR | Chatterbox (Field-Tested),0.13638559970042724,13.638559970042724,0.13638559970042724,True,41.90721428571429,201.60658880524372,2.0
Aug 30 2022 01: +0,38.475,2,Galil AR | Chatterbox (Field-Tested),2022-08-30,38.475,2,Galil AR | Chatterbox (Field-Tested),-0.07813956330969331,-7.813956330969331,0.07813956330969331,True,41.518857142857144,203.6349895825709,2.0
Aug 31 2022 01: +0,38.523,2,Galil AR | Chatterbox (Field-Tested),2022-08-31,38.523,2,Galil AR | Chatterbox (Field-Tested),0.00124678579230377,0.12467857923037699,0.00124678579230377,False,41.3915,195.98178622809252,2.0714285714285716
Sep 01 2022 01: +0,40.055,5,Galil AR | Chatterbox (Field-Tested),2022-09-01,40.055,5,Galil AR | Chatterbox (Field-Tested),0.038998044149833405,3.8998044149833406,0.038998044149833405,False,41.34571428571429,193.64007916262824,2.357142857142857
Sep 02 2022 01: +0,38.863,3,Galil AR | Chatterbox (Field-Tested),2022-09-02,38.863,3,Galil AR | Chatterbox (Field-Tested),-0.03021086849170139,-3.021086849170139,0.03021086849170139,False,41.01978571428572,189.22349150502342,2.4285714285714284
Sep 03 2022 01: +0,42.369,2,Galil AR | Chatterbox (Field-Tested),2022-09-03,42.369,2,Galil AR | Chatterbox (Field-Tested),0.0863743215796577,8.63743215796577,0.0863743215796577,True,40.945,189.19276112185162,2.357142857142857
Sep 04 2022 01: +0,39.312,1,Galil AR | Chatterbox (Field-Tested),2022-09-04,39.312,1,Galil AR | Chatterbox (Field-Tested),-0.07488714697621325,-7.488714697621325,0.07488714697621325,True,40.81578571428571,189.13835486085623,2.357142857142857
Sep 06 2022 01: +0,42.403,1,Galil AR | Chatterbox (Field-Tested),2022-09-06,42.403,1,Galil AR | Chatterbox (Field-Tested),0.075689298673073,7.5689298673073,0.075689298673073,True,40.942214285714286,183.95470664580677,2.2857142857142856
Sep 08 2022 01: +0,44.152,1,Galil AR | Chatterbox (Field-Tested),2022-09-08,44.152,1,Galil AR | Chatterbox (Field-Tested),0.040419111685303995,4.041911168530399,0.040419111685303995,False,41.02014285714286,184.19029660552934,2.2142857142857144
Sep 09 2022 01: +0,48.563,1,Galil AR | Chatterbox (Field-Tested),2022-09-09,48.563,1,Galil AR | Chatterbox (Field-Tested),0.09522369794795847,9.522369794795846,0.09522369794795847,True,41.10957142857143,185.95288198279997,2.2142857142857144
Sep 10 2022 01: +0,42.964,2,Galil AR | Chatterbox (Field-Tested),2022-09-10,42.964,2,Galil AR | Chatterbox (Field-Tested),-0.12249936834935815,-12.249936834935815,0.12249936834935815,True,41.08142857142857,191.43376181392415,2.0714285714285716
Sep 12 2022 01: +0,45.066,2,Galil AR | Chatterbox (Field-Tested),2022-09-12,45.066,2,Galil AR | Chatterbox (Field-Tested),0.04776552619612915,4.776552619612915,0.04776552619612915,False,41.30321428571428,191.75357378224427,2.142857142857143
Sep 13 2022 01: +0,39.3,2,Galil AR | Chatterbox (Field-Tested),2022-09-13,39.3,2,Galil AR | Chatterbox (Field-Tested),-0.13690356305671433,-13.690356305671433,0.13690356305671433,True,41.28178571428572,196.2658903783505,2.0
Sep 14 2022 01: +0,37.708,1,Galil AR | Chatterbox (Field-Tested),2022-09-14,37.708,1,Galil AR | Chatterbox (Field-Tested),-0.041352245341311634,-4.135224534131163,0.041352245341311634,False,41.3825,196.62401952824456,1.9285714285714286
Sep 17 2022 01: +0,40.501,1,Galil AR | Chatterbox (Field-Tested),2022-09-17,40.501,1,Galil AR | Chatterbox (Field-Tested),0.07145439163178759,7.145439163178759,0.07145439163178759,True,41.30385714285715,168.28536012081014,1.8571428571428572
Sep 19 2022 01: +0,45.6,2,Galil AR | Chatterbox (Field-Tested),2022-09-19,45.6,2,Galil AR | Chatterbox (Field-Tested),0.11858105135464887,11.858105135464887,0.11858105135464887,True,41.81278571428572,146.51557780533457,1.8571428571428572
Sep 20 2022 01: +0,39.058,1,Galil AR | Chatterbox (Field-Tested),2022-09-20,39.058,1,Galil AR | Chatterbox (Field-Tested),-0.15485999565974984,-15.485999565974984,0.15485999565974984,True,41.851,156.75958304883878,1.7857142857142858
Sep 22 2022 01: +0,34.507,1,Galil AR | Chatterbox (Field-Tested),2022-09-22,34.507,1,Galil AR | Chatterbox (Field-Tested),-0.12388551885367903,-12.388551885367903,0.12388551885367903,True,41.45471428571428,157.6759277168887,1.5
Sep 23 2022 01: +0,36.715,2,Galil AR | Chatterbox (Field-Tested),2022-09-23,36.715,2,Galil AR | Chatterbox (Field-Tested),0.06202318889666227,6.202318889666227,0.06202318889666227,True,41.30128571428571,156.93612642435988,1.4285714285714286
Sep 24 2022 01: +0,43.071,1,Galil AR | Chatterbox (Field-Tested),2022-09-24,43.071,1,Galil AR | Chatterbox (Field-Tested),0.15966452591009264,15.966452591009265,0.15966452591009264,True,41.35142857142858,166.87984758417522,1.3571428571428572
Sep 25 2022 01: +0,37.139,1,Galil AR | Chatterbox (Field-Tested),2022-09-25,37.139,1,Galil AR | Chatterbox (Field-Tested),-0.14818228639968337,-14.818228639968337,0.14818228639968337,True,41.19621428571429,173.18443637455678,1.3571428571428572
Sep 26 2022 01: +0,37.173,1,Galil AR | Chatterbox (Field-Tested),2022-09-26,37.173,1,Galil AR | Chatterbox (Field-Tested),0.0009150608884825065,0.09150608884825065,0.0009150608884825065,False,40.82264285714286,173.18904471410053,1.3571428571428572
Sep 28 2022 01: +0,29.718,1,Galil AR | Chatterbox (Field-Tested),2022-09-28,29.718,1,Galil AR | Chatterbox (Field-Tested),-0.22382976846830988,-22.38297684683099,0.22382976846830988,True,39.791642857142854,188.64646902176335,1.3571428571428572
Sep 29 2022 01: +0,37.422,3,Galil AR | Chatterbox (Field-Tested),2022-09-29,37.422,3,Galil AR | Chatterbox (Field-Tested),0.2305058439378848,23.05058439378848,0.2305058439378848,True,38.99585714285714,206.56970694212347,1.5
Sep 30 2022 01: +0,37.181,1,Galil AR | Chatterbox (Field-Tested),2022-09-30,37.181,1,Galil AR | Chatterbox (Field-Tested),-0.006460888659696034,-0.6460888659696034,0.006460888659696034,False,38.58278571428571,205.40289721608463,1.4285714285714286
Oct 01 2022 01: +0,39.436,2,Galil AR | Chatterbox (Field-Tested),2022-10-01,39.436,2,Galil AR | Chatterbox (Field-Tested),0.058881226600450566,5.888122660045057,0.058881226600450566,True,38.18064285714286,203.6246663646694,1.4285714285714286
Oct 02 2022 01: +0,34.863,1,Galil AR | Chatterbox (Field-Tested),2022-10-02,34.863,1,Galil AR | Chatterbox (Field-Tested),-0.12325300980394857,-12.325300980394857,0.12325300980394857,True,37.86371428571429,205.80673023403463,1.3571428571428572
Oct 04 2022 01: +0,36.537,2,Galil AR | Chatterbox (Field-Tested),2022-10-04,36.537,2,Galil AR | Chatterbox (Field-Tested),0.046899350864236744,4.689935086423675,0.046899350864236744,False,37.78007142857143,206.43975577675823,1.4285714285714286
Oct 05 2022 01: +0,39.189,3,Galil AR | Chatterbox (Field-Tested),2022-10-05,39.189,3,Galil AR | Chatterbox (Field-Tested),0.07007064939945272,7.007064939945272,0.07007064939945272,True,37.68635714285715,207.10662862108632,1.5714285714285714
Oct 06 2022 01: +0,42.213,1,Galil AR | Chatterbox (Field-Tested),2022-10-06,42.213,1,Galil AR | Chatterbox (Field-Tested),0.07433213530169243,7.433213530169243,0.07433213530169243,True,37.44442857142857,206.2506038886093,1.5
Oct 10 2022 01: +0,39.427,2,Galil AR | Chatterbox (Field-Tested),2022-10-10,39.427,2,Galil AR | Chatterbox (Field-Tested),-0.06827736967908996,-6.827736967908995,0.06827736967908996,True,37.47078571428572,202.15936698879884,1.5714285714285714
Oct 11 2022 01: +0,37.41,1,Galil AR | Chatterbox (Field-Tested),2022-10-11,37.41,1,Galil AR | Chatterbox (Field-Tested),-0.052512812435083704,-5.2512812435083704,0.052512812435083704,True,37.67814285714286,201.1362474779582,1.5714285714285714
Oct 13 2022 01: +0,38.603,2,Galil AR | Chatterbox (Field-Tested),2022-10-13,38.603,2,Galil AR | Chatterbox (Field-Tested),0.031391945297925626,3.1391945297925625,0.031391945297925626,False,37.813,201.4520128053689,1.5714285714285714
Oct 14 2022 01: +0,39.259,1,Galil AR | Chatterbox (Field-Tested),2022-10-14,39.259,1,Galil AR | Chatterbox (Field-Tested),0.016850723648413515,1.6850723648413515,0.016850723648413515,False,37.54071428571429,201.06109085668157,1.5714285714285714
Oct 16 2022 01: +0,41.418,1,Galil AR | Chatterbox (Field-Tested),2022-10-16,41.418,1,Galil AR | Chatterbox (Field-Tested),0.053534851642999724,5.353485164299973,0.053534851642999724,True,37.846357142857144,201.63354834022618,1.5714285714285714
Oct 17 2022 01: +0,38.2,4,Galil AR | Chatterbox (Field-Tested),2022-10-17,38.2,4,Galil AR | Chatterbox (Field-Tested),-0.08088005333686396,-8.088005333686397,0.08088005333686396,True,37.919714285714285,201.27698401094167,1.7857142857142858
Oct 18 2022 01: +0,40.74,2,Galil AR | Chatterbox (Field-Tested),2022-10-18,40.74,2,Galil AR | Chatterbox (Field-Tested),0.06437489518613027,6.4374895186130265,0.06437489518613027,True,38.707,200.9174938258426,1.8571428571428572
Oct 19 2022 01: +0,40.543,3,Galil AR | Chatterbox (Field-Tested),2022-10-19,40.543,3,Galil AR | Chatterbox (Field-Tested),-0.004847271526063996,-0.48472715260639965,0.004847271526063996,False,38.92992857142857,199.11466283301823,1.8571428571428572
Oct 20 2022 01: +0,40.518,1,Galil AR | Chatterbox (Field-Tested),2022-10-20,40.518,1,Galil AR | Chatterbox (Field-Tested),-0.0006168194518359685,-0.06168194518359685,0.0006168194518359685,False,39.168285714285716,198.5410928587306,1.8571428571428572
Oct 22 2022 01: +0,40.493,1,Galil AR | Chatterbox (Field-Tested),2022-10-22,40.493,1,Galil AR | Chatterbox (Field-Tested),-0.0006172001529079832,-0.06172001529079832,0.0006172001529079832,False,39.243785714285714,195.3707834888185,1.7857142857142858
Oct 23 2022 01: +0,35.661,1,Galil AR | Chatterbox (Field-Tested),2022-10-23,35.661,1,Galil AR | Chatterbox (Field-Tested),-0.12707146500125488,-12.707146500125488,0.12707146500125488,True,39.300785714285716,195.71995258922507,1.7857142857142858
Oct 25 2022 01: +0,37.141,2,Galil AR | Chatterbox (Field-Tested),2022-10-25,37.141,2,Galil AR | Chatterbox (Field-Tested),0.04066382604357577,4.066382604357576,0.04066382604357577,False,39.34392857142858,195.48899025272698,1.7857142857142858
Oct 26 2022 01: +0,38.812,2,Galil AR | Chatterbox (Field-Tested),2022-10-26,38.812,2,Galil AR | Chatterbox (Field-Tested),0.04400799645288034,4.400799645288034,0.04400799645288034,False,39.317,190.4127121153245,1.7142857142857142
Oct 28 2022 01: +0,39.515,1,Galil AR | Chatterbox (Field-Tested),2022-10-28,39.515,1,Galil AR | Chatterbox (Field-Tested),0.017950869493885732,1.7950869493885733,0.017950869493885732,False,39.12428571428571,189.9310287213013,1.7142857142857142
Oct 29 2022 01: +0,36.965,2,Galil AR | Chatterbox (Field-Tested),2022-10-29,36.965,2,Galil AR | Chatterbox (Field-Tested),-0.0667088276478752,-6.670882764787519,0.0667088276478752,True,38.94842857142857,189.64559293998644,1.7142857142857142
Oct 30 2022 01: +0,36.884,2,Galil AR | Chatterbox (Field-Tested),2022-10-30,36.884,2,Galil AR | Chatterbox (Field-Tested),-0.0021936663321686927,-0.21936663321686928,0.0021936663321686927,False,38.91085714285715,184.50603245640315,1.7857142857142858
Nov 01 2022 01: +0,38.331,1,Galil AR | Chatterbox (Field-Tested),2022-11-01,38.331,1,Galil AR | Chatterbox (Field-Tested),0.03848111560040099,3.848111560040099,0.03848111560040099,False,38.89142857142857,177.19419909663762,1.7142857142857142
Nov 02 2022 01: +0,40.303,1,Galil AR | Chatterbox (Field-Tested),2022-11-02,40.303,1,Galil AR | Chatterbox (Field-Tested),0.05016693959204134,5.016693959204134,0.05016693959204134,True,38.966,172.28814186345318,1.7142857142857142
Nov 04 2022 01: +0,39.266,3,Galil AR | Chatterbox (Field-Tested),2022-11-04,39.266,3,Galil AR | Chatterbox (Field-Tested),-0.026066903392779985,-2.6066903392779985,0.026066903392779985,False,38.81228571428572,171.36731357948685,1.8571428571428572
Nov 05 2022 01: +0,38.523,1,Galil AR | Chatterbox (Field-Tested),2022-11-05,38.523,1,Galil AR | Chatterbox (Field-Tested),-0.019103538959310586,-1.9103538959310586,0.019103538959310586,False,38.83535714285715,161.77392093748304,1.6428571428571428
Nov 06 2022 01: +0,37.731,3,Galil AR | Chatterbox (Field-Tested),2022-11-06,37.731,3,Galil AR | Chatterbox (Field-Tested),-0.020773427784118483,-2.077342778411848,0.020773427784118483,False,38.620428571428576,153.33830184306458,1.7142857142857142
Nov 07 2022 01: +0,34.838,2,Galil AR | Chatterbox (Field-Tested),2022-11-07,34.838,2,Galil AR | Chatterbox (Field-Tested),-0.07977329267785827,-7.9773292677858265,0.07977329267785827,True,38.21292857142857,155.87456520161152,1.6428571428571428
Nov 08 2022 01: +0,38.497,1,Galil AR | Chatterbox (Field-Tested),2022-11-08,38.497,1,Galil AR | Chatterbox (Field-Tested),0.09987157112446372,9.987157112446372,0.09987157112446372,True,38.06857142857143,137.7795702016824,1.6428571428571428
Nov 09 2022 01: +0,39.816,1,Galil AR | Chatterbox (Field-Tested),2022-11-09,39.816,1,Galil AR | Chatterbox (Field-Tested),0.033688525376519576,3.3688525376519576,0.033688525376519576,False,38.02021428571429,112.71004874217196,1.6428571428571428
Nov 10 2022 01: +0,40.652,5,Galil AR | Chatterbox (Field-Tested),2022-11-10,40.652,5,Galil AR | Chatterbox (Field-Tested),0.020779193719266974,2.0779193719266975,0.020779193719266974,False,38.376714285714286,112.85104700044157,1.9285714285714286
Nov 11 2022 01: +0,38.952,4,Galil AR | Chatterbox (Field-Tested),2022-11-11,38.952,4,Galil AR | Chatterbox (Field-Tested),-0.04271791639512026,-4.271791639512026,0.04271791639512026,False,38.50607142857143,112.07787426010982,2.0714285714285716
Nov 12 2022 01: +0,38.837,1,Galil AR | Chatterbox (Field-Tested),2022-11-12,38.837,1,Galil AR | Chatterbox (Field-Tested),-0.0029567183992401103,-0.295671839924011,0.0029567183992401103,False,38.50785714285714,102.96743931375383,2.0
Nov 13 2022 01: +0,39.893,3,Galil AR | Chatterbox (Field-Tested),2022-11-13,39.893,3,Galil AR | Chatterbox (Field-Tested),0.02682746942701622,2.682746942701622,0.02682746942701622,False,38.53485714285715,102.1397498325857,2.142857142857143
Nov 14 2022 01: +0,37.47,1,Galil AR | Chatterbox (Field-Tested),2022-11-14,37.47,1,Galil AR | Chatterbox (Field-Tested),-0.06266025710257986,-6.266025710257986,0.06266025710257986,True,38.570928571428574,101.64983093756983,2.0714285714285716
Nov 16 2022 01: +0,42.934,3,Galil AR | Chatterbox (Field-Tested),2022-11-16,42.934,3,Galil AR | Chatterbox (Field-Tested),0.13612344002630064,13.612344002630063,0.13612344002630064,True,39.00307142857143,109.43800620873765,2.142857142857143
Nov 17 2022 01: +0,43.643,2,Galil AR | Chatterbox (Field-Tested),2022-11-17,43.643,2,Galil AR | Chatterbox (Field-Tested),0.01637885004150508,1.6378850041505082,0.01637885004150508,False,39.3825,106.68458623767678,2.2142857142857144
Nov 19 2022 01: +0,36.035,1,Galil AR | Chatterbox (Field-Tested),2022-11-19,36.035,1,Galil AR | Chatterbox (Field-Tested),-0.19155221449699744,-19.155221449699745,0.19155221449699744,True,39.077642857142855,125.26014591835064,2.2142857142857144
Nov 20 2022 01: +0,27.379,1,Galil AR | Chatterbox (Field-Tested),2022-11-20,27.379,1,Galil AR | Chatterbox (Field-Tested),-0.2747143921925787,-27.47143921925787,0.2747143921925787,True,38.228571428571435,156.76522133406667,2.0714285714285716
Nov 21 2022 01: +0,33.596,4,Galil AR | Chatterbox (Field-Tested),2022-11-21,33.596,4,Galil AR | Chatterbox (Field-Tested),0.20463071607955502,20.463071607955502,0.20463071607955502,True,37.87664285714286,173.79092954133938,2.2857142857142856
Nov 22 2022 01: +0,42.668,2,Galil AR | Chatterbox (Field-Tested),2022-11-22,42.668,2,Galil AR | Chatterbox (Field-Tested),0.23904221249985574,23.904221249985575,0.23904221249985574,True,38.229285714285716,192.69813240150302,2.2142857142857144
Nov 27 2022 01: +0,34.137,2,Galil AR | Chatterbox (Field-Tested),2022-11-27,34.137,2,Galil AR | Chatterbox (Field-Tested),-0.2230673847202551,-22.30673847202551,0.2230673847202551,True,38.17921428571429,206.2102466806421,2.2142857142857144
Nov 28 2022 01: +0,34.197,2,Galil AR | Chatterbox (Field-Tested),2022-11-28,34.197,2,Galil AR | Chatterbox (Field-Tested),0.0017560808797700003,0.17560808797700003,0.0017560808797700003,False,37.87207142857143,204.75822141531984,2.2857142857142856
Nov 30 2022 01: +0,35.633,2,Galil AR | Chatterbox (Field-Tested),2022-11-30,35.633,2,Galil AR | Chatterbox (Field-Tested),0.041134253859434255,4.113425385943426,0.041134253859434255,False,37.57328571428572,205.41326746592352,2.357142857142857
Dec 01 2022 01: +0,37.196,1,Galil AR | Chatterbox (Field-Tested),2022-12-01,37.196,1,Galil AR | Chatterbox (Field-Tested),0.04292905383376518,4.292905383376517,0.04292905383376518,False,37.32642857142857,206.07213936155517,2.0714285714285716
Dec 02 2022 01: +0,41.995,1,Galil AR | Chatterbox (Field-Tested),2022-12-02,41.995,1,Galil AR | Chatterbox (Field-Tested),0.12134933496163963,12.134933496163963,0.12134933496163963,True,37.54378571428572,210.58066709363183,1.8571428571428572
Dec 04 2022 01: +0,35.585,1,Galil AR | Chatterbox (Field-Tested),2022-12-04,35.585,1,Galil AR | Chatterbox (Field-Tested),-0.16562636282635593,-16.562636282635594,0.16562636282635593,True,37.3115,213.93949798288392,1.8571428571428572
Dec 06 2022 01: +0,36.521,3,Galil AR | Chatterbox (Field-Tested),2022-12-06,36.521,3,Galil AR | Chatterbox (Field-Tested),0.025963236856943964,2.5963236856943963,0.025963236856943964,False,37.07064285714286,213.64845537554166,1.8571428571428572
Dec 07 2022 01: +0,42.324,1,Galil AR | Chatterbox (Field-Tested),2022-12-07,42.324,1,Galil AR | Chatterbox (Field-Tested),0.14746686343373666,14.746686343373666,0.14746686343373666,True,37.41735714285715,219.33688377380952,1.8571428571428572
Dec 08 2022 01: +0,42.092,1,Galil AR | Chatterbox (Field-Tested),2022-12-08,42.092,1,Galil AR | Chatterbox (Field-Tested),-0.005496602163349439,-0.5496602163349439,0.005496602163349439,False,37.357214285714285,219.28668560240862,1.7142857142857142
Dec 09 2022 01: +0,37.275,2,Galil AR | Chatterbox (Field-Tested),2022-12-09,37.275,2,Galil AR | Chatterbox (Field-Tested),-0.1215348382277637,-12.153483822776371,0.1215348382277637,True,36.90235714285715,222.26579038122463,1.7142857142857142
Dec 11 2022 01: +0,37.461,2,Galil AR | Chatterbox (Field-Tested),2022-12-11,37.461,2,Galil AR | Chatterbox (Field-Tested),0.004977531150315692,0.49775311503156916,0.004977531150315692,False,37.00421428571428,222.26982694105075,1.7857142857142858
Dec 12 2022 01: +0,42.314,1,Galil AR | Chatterbox (Field-Tested),2022-12-12,42.314,1,Galil AR | Chatterbox (Field-Tested),0.12181760876000793,12.181760876000792,0.12181760876000793,True,38.071000000000005,225.9319423395456,1.7857142857142858
Dec 13 2022 01: +0,37.105,1,Galil AR | Chatterbox (Field-Tested),2022-12-13,37.105,1,Galil AR | Chatterbox (Field-Tested),-0.13136626913902893,-13.136626913902894,0.13136626913902893,True,38.321642857142855,230.0278746337131,1.5714285714285714
Dec 15 2022 01: +0,37.493,2,Galil AR | Chatterbox (Field-Tested),2022-12-15,37.493,2,Galil AR | Chatterbox (Field-Tested),0.01040251746321102,1.040251746321102,0.01040251746321102,False,37.952,229.9144204400377,1.5714285714285714
Dec 16 2022 01: +0,37.572,1,Galil AR | Chatterbox (Field-Tested),2022-12-16,37.572,1,Galil AR | Chatterbox (Field-Tested),0.002104843246961204,0.2104843246961204,0.002104843246961204,False,38.19735714285714,229.82950397096153,1.5
Dec 18 2022 01: +0,69.318,1,Galil AR | Chatterbox (Field-Tested),2022-12-18,69.318,1,Galil AR | Chatterbox (Field-Tested),0.6124455205966676,61.24455205966676,0.6124455205966676,True,40.706,313.7314551246013,1.4285714285714286
Dec 19 2022 01: +0,35.748,2,Galil AR | Chatterbox (Field-Tested),2022-12-19,35.748,2,Galil AR | Chatterbox (Field-Tested),-0.6622102892097911,-66.22102892097911,0.6622102892097911,True,40.714214285714284,392.89826676858814,1.4285714285714286
Dec 21 2022 01: +0,36.537,2,Galil AR | Chatterbox (Field-Tested),2022-12-21,36.537,2,Galil AR | Chatterbox (Field-Tested),0.02183112225393756,2.183112225393756,0.02183112225393756,False,40.66714285714285,391.3629739604001,1.5
Dec 23 2022 01: +0,37.31,4,Galil AR | Chatterbox (Field-Tested),2022-12-23,37.31,4,Galil AR | Chatterbox (Field-Tested),0.02093594145998353,2.093594145998353,0.02093594145998353,False,40.332499999999996,391.24292669054427,1.7142857142857142
Dec 24 2022 01: +0,36.307,2,Galil AR | Chatterbox (Field-Tested),2022-12-24,36.307,2,Galil AR | Chatterbox (Field-Tested),-0.027250827087450802,-2.72508270874508,0.027250827087450802,False,40.38407142857143,391.2470737788477,1.7857142857142858
Dec 25 2022 01: +0,40.527,2,Galil AR | Chatterbox (Field-Tested),2022-12-25,40.527,2,Galil AR | Chatterbox (Field-Tested),0.10995785851003825,10.995785851003825,0.10995785851003825,True,40.67021428571428,392.9546745904831,1.7142857142857142
Dec 28 2022 01: +0,42.357,1,Galil AR | Chatterbox (Field-Tested),2022-12-28,42.357,1,Galil AR | Chatterbox (Field-Tested),0.04416527803984374,4.4165278039843745,0.04416527803984374,False,40.67257142857143,393.2337606445388,1.7142857142857142
Dec 29 2022 01: +0,39.799,3,Galil AR | Chatterbox (Field-Tested),2022-12-29,39.799,3,Galil AR | Chatterbox (Field-Tested),-0.06229191034890026,-6.229191034890026,0.06229191034890026,True,40.508785714285715,393.7793076968187,1.8571428571428572
Dec 30 2022 01: +0,39.411,3,Galil AR | Chatterbox (Field-Tested),2022-12-30,39.411,3,Galil AR | Chatterbox (Field-Tested),-0.009796821191116719,-0.9796821191116719,0.009796821191116719,False,40.66135714285714,393.1531153083467,1.9285714285714286
Dec 31 2022 01: +0,31.255,1,Galil AR | Chatterbox (Field-Tested),2022-12-31,31.255,1,Galil AR | Chatterbox (Field-Tested),-0.2318656017717051,-23.18656017717051,0.2318656017717051,True,40.21807142857143,398.2355735319379,1.8571428571428572
Jan 01 2023 01: +0,40.875,2,Galil AR | Chatterbox (Field-Tested),2023-01-01,40.875,2,Galil AR | Chatterbox (Field-Tested),0.2683392658336418,26.833926583364182,0.2683392658336418,True,40.11528571428572,409.9091314445671,1.9285714285714286
Jan 02 2023 01: +0,37.86,1,Galil AR | Chatterbox (Field-Tested),2023-01-02,37.86,1,Galil AR | Chatterbox (Field-Tested),-0.07662348343624065,-7.662348343624065,0.07662348343624065,True,40.16921428571429,405.15930456962553,1.9285714285714286
Jan 03 2023 01: +0,42.907,1,Galil AR | Chatterbox (Field-Tested),2023-01-03,42.907,1,Galil AR | Chatterbox (Field-Tested),0.1251398370051615,12.513983700516151,0.1251398370051615,True,40.55592857142857,394.7023804076122,1.8571428571428572
Jan 04 2023 01: +0,37.979,2,Galil AR | Chatterbox (Field-Tested),2023-01-04,37.979,2,Galil AR | Chatterbox (Field-Tested),-0.1220016073960124,-12.200160739601241,0.1220016073960124,True,40.585,391.3779760989897,1.9285714285714286
Jan 05 2023 01: +0,37.911,1,Galil AR | Chatterbox (Field-Tested),2023-01-05,37.911,1,Galil AR | Chatterbox (Field-Tested),-0.0017920679456723517,-0.17920679456723518,0.0017920679456723517,False,38.34164285714286,382.0859611506019,1.9285714285714286
Jan 06 2023 01: +0,36.977,2,Galil AR | Chatterbox (Field-Tested),2023-01-06,36.977,2,Galil AR | Chatterbox (Field-Tested),-0.02494520970887592,-2.4945209708875917,0.02494520970887592,False,38.42942857142857,373.9479279900616,1.9285714285714286
Jan 07 2023 01: +0,35.687,1,Galil AR | Chatterbox (Field-Tested),2023-01-07,35.687,1,Galil AR | Chatterbox (Field-Tested),-0.03550962092557762,-3.550962092557762,0.03550962092557762,False,38.36871428571429,374.1851552455656,1.8571428571428572
Jan 08 2023 01: +0,39.795,2,Galil AR | Chatterbox (Field-Tested),2023-01-08,39.795,2,Galil AR | Chatterbox (Field-Tested),0.10895479944761277,10.895479944761277,0.10895479944761277,True,38.54621428571429,375.83524108871336,1.7142857142857142
Jan 09 2023 01: +0,35.373,1,Galil AR | Chatterbox (Field-Tested),2023-01-09,35.373,1,Galil AR | Chatterbox (Field-Tested),-0.11779245899516683,-11.779245899516683,0.11779245899516683,True,38.479499999999994,377.8982992273044,1.6428571428571428
Jan 11 2023 01: +0,41.724,1,Galil AR | Chatterbox (Field-Tested),2023-01-11,41.724,1,Galil AR | Chatterbox (Field-Tested),0.1651276855510787,16.512768555107872,0.1651276855510787,True,38.565,379.99479133975035,1.5714285714285714
Jan 13 2023 01: +0,37.472,4,Galil AR | Chatterbox (Field-Tested),2023-01-13,37.472,4,Galil AR | Chatterbox (Field-Tested),-0.10748251539841767,-10.748251539841768,0.10748251539841767,True,38.216071428571425,377.34119456227097,1.7857142857142858
Jan 14 2023 01: +0,41.67,1,Galil AR | Chatterbox (Field-Tested),2023-01-14,41.67,1,Galil AR | Chatterbox (Field-Tested),0.10618745801905526,10.618745801905526,0.10618745801905526,True,38.34971428571429,379.02367304021203,1.6428571428571428
Jan 17 2023 01: +0,39.471,3,Galil AR | Chatterbox (Field-Tested),2023-01-17,39.471,3,Galil AR | Chatterbox (Field-Tested),-0.05421522038255135,-5.4215220382551355,0.05421522038255135,True,38.354,375.9579545362583,1.6428571428571428
Jan 18 2023 01: +0,37.801,1,Galil AR | Chatterbox (Field-Tested),2023-01-18,37.801,1,Galil AR | Chatterbox (Field-Tested),-0.04323066774974174,-4.3230667749741745,0.04323066774974174,False,38.82157142857143,376.2282996919848,1.6428571428571428
Jan 19 2023 01: +0,37.826,1,Galil AR | Chatterbox (Field-Tested),2023-01-19,37.826,1,Galil AR | Chatterbox (Field-Tested),0.0006611395641935423,0.06611395641935423,0.0006611395641935423,False,38.60378571428571,373.81320903125925,1.5714285714285714
Jan 20 2023 01: +0,41.151,1,Galil AR | Chatterbox (Field-Tested),2023-01-20,41.151,1,Galil AR | Chatterbox (Field-Tested),0.08425153129811712,8.425153129811711,0.08425153129811712,True,38.838857142857144,374.9539706893524,1.5714285714285714
Jan 22 2023 01: +0,38.378,1,Galil AR | Chatterbox (Field-Tested),2023-01-22,38.378,1,Galil AR | Chatterbox (Field-Tested),-0.06976384941682906,-6.976384941682906,0.06976384941682906,True,38.51535714285715,373.2724926125565,1.5714285714285714
Jan 24 2023 01: +0,42.66,2,Galil AR | Chatterbox (Field-Tested),2023-01-24,42.66,2,Galil AR | Chatterbox (Field-Tested),0.10577733429565382,10.577733429565383,0.10577733429565382,True,38.849714285714285,372.19205745823285,1.5714285714285714
Jan 26 2023 01: +0,39.075,1,Galil AR | Chatterbox (Field-Tested),2023-01-26,39.075,1,Galil AR | Chatterbox (Field-Tested),-0.08777883673566403,-8.777883673566404,0.08777883673566403,True,38.93285714285714,373.57406220849776,1.5714285714285714
Jan 27 2023 01: +0,39.38,1,Galil AR | Chatterbox (Field-Tested),2023-01-27,39.38,1,Galil AR | Chatterbox (Field-Tested),0.007775196903439081,0.7775196903439081,0.007775196903439081,False,39.104499999999994,373.58068727389514,1.5
Jan 28 2023 01: +0,39.722,3,Galil AR | Chatterbox (Field-Tested),2023-01-28,39.722,3,Galil AR | Chatterbox (Field-Tested),0.008647117165620319,0.8647117165620319,0.008647117165620319,False,39.39271428571429,301.7796938001207,1.6428571428571428
Jan 29 2023 01: +0,39.567,2,Galil AR | Chatterbox (Field-Tested),2023-01-29,39.567,2,Galil AR | Chatterbox (Field-Tested),-0.0039097528647424095,-0.39097528647424096,0.0039097528647424095,False,39.37642857142857,192.70968218122,1.6428571428571428
Jan 30 2023 01: +0,39.584,1,Galil AR | Chatterbox (Field-Tested),2023-01-30,39.584,1,Galil AR | Chatterbox (Field-Tested),0.00042955869821995367,0.04295586982199537,0.00042955869821995367,False,39.67721428571429,192.59637801387225,1.6428571428571428
Jan 31 2023 01: +0,40.704,2,Galil AR | Chatterbox (Field-Tested),2023-01-31,40.704,2,Galil AR | Chatterbox (Field-Tested),0.02790137150757946,2.7901371507579458,0.02790137150757946,False,39.60435714285715,192.69482264693207,1.7142857142857142
Feb 01 2023 01: +0,40.05,2,Galil AR | Chatterbox (Field-Tested),2023-02-01,40.05,2,Galil AR | Chatterbox (Field-Tested),-0.016197694203288763,-1.6197694203288764,0.016197694203288763,False,39.7885,192.51561758675783,1.5714285714285714
Feb 02 2023 01: +0,40.518,2,Galil AR | Chatterbox (Field-Tested),2023-02-02,40.518,2,Galil AR | Chatterbox (Field-Tested),0.011617646306391788,1.1617646306391787,0.011617646306391788,False,39.70621428571428,188.67399350807676,1.6428571428571428
Feb 04 2023 01: +0,41.366,1,Galil AR | Chatterbox (Field-Tested),2023-02-04,41.366,1,Galil AR | Chatterbox (Field-Tested),0.020712967556371874,2.0712967556371873,0.020712967556371874,False,39.841571428571434,188.15955950350346,1.5
Feb 05 2023 01: +0,40.738,2,Galil AR | Chatterbox (Field-Tested),2023-02-05,40.738,2,Galil AR | Chatterbox (Field-Tested),-0.01529796958518316,-1.529796958518316,0.01529796958518316,False,40.05135714285715,186.93625838623845,1.5714285714285714
Feb 06 2023 01: +0,42.681,3,Galil AR | Chatterbox (Field-Tested),2023-02-06,42.681,3,Galil AR | Chatterbox (Field-Tested),0.04659253854519091,4.659253854519091,0.04659253854519091,False,40.39814285714285,187.56849470448904,1.7142857142857142
Feb 07 2023 01: +0,41.025,1,Galil AR | Chatterbox (Field-Tested),2023-02-07,41.025,1,Galil AR | Chatterbox (Field-Tested),-0.039572219360984984,-3.9572219360984984,0.039572219360984984,False,40.389142857142865,168.31143606272008,1.7142857142857142
Feb 08 2023 01: +0,44.834,3,Galil AR | Chatterbox (Field-Tested),2023-02-08,44.834,3,Galil AR | Chatterbox (Field-Tested),0.08878514317554978,8.878514317554979,0.08878514317554978,True,40.85028571428571,143.2920342658746,1.8571428571428572
Feb 10 2023 01: +0,43.818,1,Galil AR | Chatterbox (Field-Tested),2023-02-10,43.818,1,Galil AR | Chatterbox (Field-Tested),-0.02292208828567665,-2.2922088285676647,0.02292208828567665,False,40.933,140.73388315668933,1.7857142857142858
Feb 11 2023 01: +0,41.906,2,Galil AR | Chatterbox (Field-Tested),2023-02-11,41.906,2,Galil AR | Chatterbox (Field-Tested),-0.0446156770991114,-4.46156770991114,0.0446156770991114,False,41.13521428571429,134.80667269718765,1.8571428571428572
Feb 12 2023 01: +0,50.435,1,Galil AR | Chatterbox (Field-Tested),2023-02-12,50.435,1,Galil AR | Chatterbox (Field-Tested),0.1852563637398825,18.52563637398825,0.1852563637398825,True,41.92485714285714,142.42126607904672,1.8571428571428572
Feb 13 2023 01: +0,45.717,2,Galil AR | Chatterbox (Field-Tested),2023-02-13,45.717,2,Galil AR | Chatterbox (Field-Tested),-0.09821515853096537,-9.821515853096537,0.09821515853096537,True,42.353071428571425,147.2684381602615,1.7857142857142858
Feb 15 2023 01: +0,39.557,2,Galil AR | Chatterbox (Field-Tested),2023-02-15,39.557,2,Galil AR | Chatterbox (Field-Tested),-0.1447275502728137,-14.47275502728137,0.1447275502728137,True,42.352357142857144,156.1216570741954,1.7857142857142858
Feb 16 2023 01: +0,39.287,3,Galil AR | Chatterbox (Field-Tested),2023-02-16,39.287,3,Galil AR | Chatterbox (Field-Tested),-0.006848994354559924,-0.6848994354559924,0.006848994354559924,False,42.33114285714286,155.56833226932784,1.9285714285714286
Feb 17 2023 01: +0,44.959,4,Galil AR | Chatterbox (Field-Tested),2023-02-17,44.959,4,Galil AR | Chatterbox (Field-Tested),0.13485728799673652,13.485728799673652,0.13485728799673652,True,42.63507142857143,158.02741749552723,2.0714285714285716
Feb 18 2023 01: +0,44.981,4,Galil AR | Chatterbox (Field-Tested),2023-02-18,44.981,4,Galil AR | Chatterbox (Field-Tested),0.0004892150420007924,0.048921504200079236,0.0004892150420007924,False,42.98728571428571,151.8109437163884,2.2142857142857144
Feb 19 2023 01: +0,42.975,3,Galil AR | Chatterbox (Field-Tested),2023-02-19,42.975,3,Galil AR | Chatterbox (Field-Tested),-0.0456216271182841,-4.56216271182841,0.0456216271182841,False,43.16278571428571,141.82807925214175,2.2857142857142856
Feb 20 2023 01: +0,40.79,1,Galil AR | Chatterbox (Field-Tested),2023-02-20,40.79,1,Galil AR | Chatterbox (Field-Tested),-0.05218159793944587,-5.218159793944587,0.05218159793944587,True,43.12164285714287,137.75832987259255,2.2857142857142856
Feb 21 2023 01: +0,49.23,1,Galil AR | Chatterbox (Field-Tested),2023-02-21,49.23,1,Galil AR | Chatterbox (Field-Tested),0.18806624044064216,18.806624044064215,0.18806624044064216,True,43.72821428571428,148.0653676659596,2.2142857142857144
Feb 22 2023 01: +0,45.378,2,Galil AR | Chatterbox (Field-Tested),2023-02-22,45.378,2,Galil AR | Chatterbox (Field-Tested),-0.0814757876681617,-8.14757876681617,0.0814757876681617,True,43.920857142857145,149.7462403158002,2.142857142857143
Feb 23 2023 01: +0,41.461,1,Galil AR | Chatterbox (Field-Tested),2023-02-23,41.461,1,Galil AR | Chatterbox (Field-Tested),-0.09027417975180606,-9.027417975180606,0.09027417975180606,True,43.952,152.512894418981,2.142857142857143
Feb 24 2023 01: +0,41.478,1,Galil AR | Chatterbox (Field-Tested),2023-02-24,41.478,1,Galil AR | Chatterbox (Field-Tested),0.0004099398410416741,0.04099398410416741,0.0004099398410416741,False,43.71228571428571,152.51342114878298,2.0
Feb 25 2023 01: +0,42.055,1,Galil AR | Chatterbox (Field-Tested),2023-02-25,42.055,1,Galil AR | Chatterbox (Field-Tested),0.01381511922321764,1.381511922321764,0.01381511922321764,False,43.586357142857146,149.74850083897525,2.0
Feb 26 2023 01: +0,38.531,1,Galil AR | Chatterbox (Field-Tested),2023-02-26,38.531,1,Galil AR | Chatterbox (Field-Tested),-0.08751517331089655,-8.751517331089655,0.08751517331089655,True,43.34528571428571,150.92356945676826,1.9285714285714286
Feb 27 2023 01: +0,42.433,2,Galil AR | Chatterbox (Field-Tested),2023-02-27,42.433,2,Galil AR | Chatterbox (Field-Tested),0.09646324930134845,9.646324930134845,0.09646324930134845,True,42.773714285714284,150.13589241270708,2.0
Feb 28 2023 01: +0,43.96,2,Galil AR | Chatterbox (Field-Tested),2023-02-28,43.96,2,Galil AR | Chatterbox (Field-Tested),0.035353768130568126,3.535376813056813,0.035353768130568126,False,42.64821428571429,147.20808449315084,2.0
Mar 01 2023 01: +0,40.22,2,Galil AR | Chatterbox (Field-Tested),2023-03-01,40.22,2,Galil AR | Chatterbox (Field-Tested),-0.08891574519091465,-8.891574519091465,0.08891574519091465,True,42.695571428571434,150.71172919319923,2.0
Mar 02 2023 01: +0,40.009,1,Galil AR | Chatterbox (Field-Tested),2023-03-02,40.009,1,Galil AR | Chatterbox (Field-Tested),-0.005259955539273365,-0.5259955539273364,0.005259955539273365,False,42.74714285714286,150.69753823229516,1.8571428571428572
Mar 04 2023 01: +0,47.846,1,Galil AR | Chatterbox (Field-Tested),2023-03-04,47.846,1,Galil AR | Chatterbox (Field-Tested),0.178883091033157,17.8883091033157,0.178883091033157,True,42.95335714285714,163.04625306629615,1.6428571428571428
Mar 06 2023 01: +0,46.258,1,Galil AR | Chatterbox (Field-Tested),2023-03-06,46.258,1,Galil AR | Chatterbox (Field-Tested),-0.0337530978650821,-3.37530978650821,0.0337530978650821,False,43.04457142857143,163.63691481542452,1.4285714285714286
Mar 08 2023 01: +0,43.783,2,Galil AR | Chatterbox (Field-Tested),2023-03-08,43.783,2,Galil AR | Chatterbox (Field-Tested),-0.054988807785898944,-5.4988807785898945,0.054988807785898944,True,43.10228571428571,164.73972784396233,1.3571428571428572
Mar 10 2023 01: +0,43.597,3,Galil AR | Chatterbox (Field-Tested),2023-03-10,43.597,3,Galil AR | Chatterbox (Field-Tested),-0.0042572735392028705,-0.42572735392028704,0.0042572735392028705,False,43.30278571428572,164.62239625503108,1.5
Mar 11 2023 01: +0,47.55,1,Galil AR | Chatterbox (Field-Tested),2023-03-11,47.55,1,Galil AR | Chatterbox (Field-Tested),0.0867934483431937,8.679344834319371,0.0867934483431937,True,43.18278571428572,167.1958119228013,1.5
Mar 12 2023 01: +0,42.726,3,Galil AR | Chatterbox (Field-Tested),2023-03-12,42.726,3,Galil AR | Chatterbox (Field-Tested),-0.10697415476335662,-10.697415476335662,0.10697415476335662,True,42.99335714285714,171.5919574672024,1.5714285714285714
Mar 13 2023 01: +0,46.007,3,Galil AR | Chatterbox (Field-Tested),2023-03-13,46.007,3,Galil AR | Chatterbox (Field-Tested),0.07398592459682038,7.398592459682038,0.07398592459682038,True,43.31807142857143,173.33673824281138,1.7142857142857142
Mar 15 2023 01: +0,41.923,2,Galil AR | Chatterbox (Field-Tested),2023-03-15,41.923,2,Galil AR | Chatterbox (Field-Tested),-0.09295895648722435,-9.295895648722436,0.09295895648722435,True,43.34985714285715,175.84293286471052,1.7857142857142858
Mar 16 2023 01: +0,42.619,3,Galil AR | Chatterbox (Field-Tested),2023-03-16,42.619,3,Galil AR | Chatterbox (Field-Tested),0.01646556089473369,1.646556089473369,0.01646556089473369,False,43.390142857142855,175.36537911198067,1.9285714285714286
Mar 18 2023 01: +0,36.073,1,Galil AR | Chatterbox (Field-Tested),2023-03-18,36.073,1,Galil AR | Chatterbox (Field-Tested),-0.16675550016473453,-16.675550016473455,0.16675550016473453,True,43.21457142857143,181.8475634630754,1.9285714285714286
Mar 19 2023 01: +0,44.004,2,Galil AR | Chatterbox (Field-Tested),2023-03-19,44.004,2,Galil AR | Chatterbox (Field-Tested),0.1987358758095514,19.87358758095514,0.1987358758095514,True,43.32678571428572,195.37578856528955,1.9285714285714286
Mar 20 2023 01: +0,46.423,1,Galil AR | Chatterbox (Field-Tested),2023-03-20,46.423,1,Galil AR | Chatterbox (Field-Tested),0.053514487196658966,5.351448719665896,0.053514487196658966,True,43.50271428571428,195.54467330262102,1.8571428571428572
Mar 21 2023 01: +0,45.332,3,Galil AR | Chatterbox (Field-Tested),2023-03-21,45.332,3,Galil AR | Chatterbox (Field-Tested),-0.023781841203146137,-2.3781841203146135,0.023781841203146137,False,43.86785714285714,184.35170496435993,1.9285714285714286
Mar 22 2023 01: +0,43.152,2,Galil AR | Chatterbox (Field-Tested),2023-03-22,43.152,2,Galil AR | Chatterbox (Field-Tested),-0.049284418473327846,-4.928441847332785,0.049284418473327846,False,44.09235714285715,181.9640704256088,2.0
Mar 23 2023 01: +0,46.764,2,Galil AR | Chatterbox (Field-Tested),2023-03-23,46.764,2,Galil AR | Chatterbox (Field-Tested),0.08038490974719832,8.038490974719831,0.08038490974719832,True,44.01507142857143,176.59093105349353,2.0714285714285716
Mar 24 2023 01: +0,47.364,2,Galil AR | Chatterbox (Field-Tested),2023-03-24,47.364,2,Galil AR | Chatterbox (Field-Tested),0.01274877032413768,1.274877032413768,0.01274877032413768,False,44.09407142857143,176.54964007701366,2.142857142857143
Mar 25 2023 01: +0,50.365,4,Galil AR | Chatterbox (Field-Tested),2023-03-25,50.365,4,Galil AR | Chatterbox (Field-Tested),0.06143404292593424,6.143404292593424,0.06143404292593424,True,44.564214285714286,171.60529741885,2.2857142857142856
Mar 26 2023 01: +0,42.214,5,Galil AR | Chatterbox (Field-Tested),2023-03-26,42.214,5,Galil AR | Chatterbox (Field-Tested),-0.1765445698162185,-17.65445698162185,0.1765445698162185,True,44.465428571428575,182.7796323582023,2.4285714285714284
Mar 27 2023 01: +0,41.961,1,Galil AR | Chatterbox (Field-Tested),2023-03-27,41.961,1,Galil AR | Chatterbox (Field-Tested),-0.00601130411314937,-0.601130411314937,0.00601130411314937,False,44.06621428571429,182.11397500237217,2.4285714285714284
Mar 28 2023 01: +0,61.502,3,Galil AR | Chatterbox (Field-Tested),2023-03-28,61.502,3,Galil AR | Chatterbox (Field-Tested),0.3823290791436247,38.23290791436247,0.3823290791436247,True,45.40735714285715,224.75699784732015,2.4285714285714284
Mar 29 2023 01: +0,52.193,2,Galil AR | Chatterbox (Field-Tested),2023-03-29,52.193,2,Galil AR | Chatterbox (Field-Tested),-0.16412130832932395,-16.412130832932394,0.16412130832932395,True,45.84921428571429,223.93613944540732,2.357142857142857
Mar 30 2023 01: +0,60.064,1,Galil AR | Chatterbox (Field-Tested),2023-03-30,60.064,1,Galil AR | Chatterbox (Field-Tested),0.1404622741245211,14.046227412452112,0.1404622741245211,True,47.144999999999996,226.89118260550165,2.2857142857142856
Apr 01 2023 01: +0,45.857,2,Galil AR | Chatterbox (Field-Tested),2023-04-01,45.857,2,Galil AR | Chatterbox (Field-Tested),-0.26988280159904576,-26.988280159904576,0.26988280159904576,True,47.376285714285714,244.7621296384442,2.2142857142857144
Apr 03 2023 01: +0,58.642,2,Galil AR | Chatterbox (Field-Tested),2023-04-03,58.642,2,Galil AR | Chatterbox (Field-Tested),0.2459233046037385,24.59233046037385,0.2459233046037385,True,48.98835714285714,258.9592876004253,2.2857142857142856
Apr 04 2023 01: +0,52.981,2,Galil AR | Chatterbox (Field-Tested),2023-04-04,52.981,2,Galil AR | Chatterbox (Field-Tested),-0.10151780469581133,-10.151780469581134,0.10151780469581133,True,49.629571428571424,261.93953084703986,2.2857142857142856
Apr 05 2023 01: +0,54.779,2,Galil AR | Chatterbox (Field-Tested),2023-04-05,54.779,2,Galil AR | Chatterbox (Field-Tested),0.033373550117798766,3.3373550117798767,0.033373550117798766,False,50.22642857142857,259.79406158782325,2.357142857142857
Apr 06 2023 01: +0,62.923,3,Galil AR | Chatterbox (Field-Tested),2023-04-06,62.923,3,Galil AR | Chatterbox (Field-Tested),0.13860484781579693,13.860484781579693,0.13860484781579693,True,51.482928571428566,261.93109603810245,2.357142857142857
Apr 08 2023 01: +0,54.848,1,Galil AR | Chatterbox (Field-Tested),2023-04-08,54.848,1,Galil AR | Chatterbox (Field-Tested),-0.13734603367126097,-13.734603367126097,0.13734603367126097,True,52.31835714285715,266.9655983567628,2.2857142857142856
Apr 09 2023 01: +0,74.08,2,Galil AR | Chatterbox (Field-Tested),2023-04-09,74.08,2,Galil AR | Chatterbox (Field-Tested),0.3005798673626094,30.05798673626094,0.3005798673626094,True,54.2695,283.3501540169112,2.2857142857142856
Apr 11 2023 01: +0,63.847,2,Galil AR | Chatterbox (Field-Tested),2023-04-11,63.847,2,Galil AR | Chatterbox (Field-Tested),-0.1486559940845893,-14.86559940845893,0.1486559940845893,True,55.44685714285714,289.3334286085581,2.2857142857142856
Apr 12 2023 01: +0,71.798,3,Galil AR | Chatterbox (Field-Tested),2023-04-12,71.798,3,Galil AR | Chatterbox (Field-Tested),0.11736702425967849,11.736702425967849,0.11736702425967849,True,56.97778571428572,285.7367288770666,2.2142857142857144
Apr 15 2023 01: +0,59.667,2,Galil AR | Chatterbox (Field-Tested),2023-04-15,59.667,2,Galil AR | Chatterbox (Field-Tested),-0.1850775167637941,-18.50775167637941,0.1850775167637941,True,58.224428571428575,293.65388109720544,2.0
Apr 17 2023 01: +0,67.368,1,Galil AR | Chatterbox (Field-Tested),2023-04-17,67.368,1,Galil AR | Chatterbox (Field-Tested),0.12139102397847178,12.139102397847177,0.12139102397847178,True,60.039214285714294,295.2955526795278,2.0
Apr 18 2023 01: +0,64.528,3,Galil AR | Chatterbox (Field-Tested),2023-04-18,64.528,3,Galil AR | Chatterbox (Field-Tested),-0.04307088959667851,-4.307088959667851,0.04307088959667851,False,60.25535714285714,295.9133170740725,2.0
Apr 19 2023 01: +0,61.281,1,Galil AR | Chatterbox (Field-Tested),2023-04-19,61.281,1,Galil AR | Chatterbox (Field-Tested),-0.05162939429396342,-5.162939429396342,0.05162939429396342,True,60.9045,295.5115861052893,1.9285714285714286
Apr 20 2023 01: +0,53.407,1,Galil AR | Chatterbox (Field-Tested),2023-04-20,53.407,1,Galil AR | Chatterbox (Field-Tested),-0.1375280203196154,-13.752802031961538,0.1375280203196154,True,60.42900000000001,297.2010602959151,1.9285714285714286
Apr 21 2023 01: +0,61.575,2,Galil AR | Chatterbox (Field-Tested),2023-04-21,61.575,2,Galil AR | Chatterbox (Field-Tested),0.1423141204891681,14.23141204891681,0.1423141204891681,True,61.55171428571429,300.0685232178684,1.9285714285714286
Apr 22 2023 01: +0,61.184,1,Galil AR | Chatterbox (Field-Tested),2023-04-22,61.184,1,Galil AR | Chatterbox (Field-Tested),-0.006370226577665662,-0.6370226577665662,0.006370226577665662,False,61.73328571428572,297.85128580962237,1.8571428571428572
Apr 23 2023 01: +0,59.19,2,Galil AR | Chatterbox (Field-Tested),2023-04-23,59.19,2,Galil AR | Chatterbox (Field-Tested),-0.033133108726302436,-3.3133108726302436,0.033133108726302436,False,62.176785714285714,298.27244409864807,1.8571428571428572
Apr 25 2023 01: +0,55.231,1,Galil AR | Chatterbox (Field-Tested),2023-04-25,55.231,1,Galil AR | Chatterbox (Field-Tested),-0.06922821885169464,-6.922821885169464,0.06922821885169464,True,62.20907142857143,292.8499036559384,1.7857142857142858
Apr 26 2023 01: +0,56.116,2,Galil AR | Chatterbox (Field-Tested),2023-04-26,56.116,2,Galil AR | Chatterbox (Field-Tested),0.015896587005586847,1.5896587005586846,0.015896587005586847,False,61.722857142857144,285.1930950267058,1.7142857142857142
Apr 27 2023 01: +0,45.872,1,Galil AR | Chatterbox (Field-Tested),2023-04-27,45.872,1,Galil AR | Chatterbox (Field-Tested),-0.2015660677155119,-20.15660677155119,0.2015660677155119,True,61.081714285714284,293.82939792672624,1.7142857142857142
Apr 28 2023 01: +0,61.832,1,Galil AR | Chatterbox (Field-Tested),2023-04-28,61.832,1,Galil AR | Chatterbox (Field-Tested),0.2985661206635559,29.85661206635559,0.2985661206635559,True,60.206857142857146,311.57736004353757,1.6428571428571428
Apr 29 2023 01: +0,53.198,3,Galil AR | Chatterbox (Field-Tested),2023-04-29,53.198,3,Galil AR | Chatterbox (Field-Tested),-0.1504002281486051,-15.04002281486051,0.1504002281486051,True,59.44621428571429,315.97821881624765,1.7142857142857142
Apr 30 2023 01: +0,71.65,2,Galil AR | Chatterbox (Field-Tested),2023-04-30,71.65,2,Galil AR | Chatterbox (Field-Tested),0.29777235261821616,29.777235261821616,0.29777235261821616,True,59.43564285714286,331.07236204078623,1.6428571428571428
May 01 2023 01: +0,56.026,3,Galil AR | Chatterbox (Field-Tested),2023-05-01,56.026,3,Galil AR | Chatterbox (Field-Tested),-0.24597728557200912,-24.597728557200913,0.24597728557200912,True,59.17557142857144,343.29166174351417,1.7142857142857142
May 02 2023 01: +0,59.488,4,Galil AR | Chatterbox (Field-Tested),2023-05-02,59.488,4,Galil AR | Chatterbox (Field-Tested),0.059958742836861624,5.995874283686162,0.059958742836861624,True,58.61271428571429,343.26184501345045,1.9285714285714286
May 03 2023 01: +0,61.512,2,Galil AR | Chatterbox (Field-Tested),2023-05-03,61.512,2,Galil AR | Chatterbox (Field-Tested),0.03345766619084628,3.3457666190846282,0.03345766619084628,False,58.39728571428572,336.99903390402005,1.8571428571428572
May 04 2023 01: +0,54.103,1,Galil AR | Chatterbox (Field-Tested),2023-05-04,54.103,1,Galil AR | Chatterbox (Field-Tested),-0.1283426405498324,-12.83426405498324,0.1283426405498324,True,57.88457142857143,340.5299357635397,1.8571428571428572
May 05 2023 01: +0,48.294,6,Galil AR | Chatterbox (Field-Tested),2023-05-05,48.294,6,Galil AR | Chatterbox (Field-Tested),-0.1135823078403956,-11.35823078403956,0.1135823078403956,True,57.519357142857146,314.97967122609117,2.2142857142857144
May 06 2023 01: +0,62.544,1,Galil AR | Chatterbox (Field-Tested),2023-05-06,62.544,1,Galil AR | Chatterbox (Field-Tested),0.2585629797109472,25.856297971094722,0.2585629797109472,True,57.58857142857143,323.02379598878684,2.142857142857143
May 07 2023 01: +0,55.953,2,Galil AR | Chatterbox (Field-Tested),2023-05-07,55.953,2,Galil AR | Chatterbox (Field-Tested),-0.11135825642717902,-11.135825642717903,0.11135825642717902,True,57.21492857142857,321.7734752792609,2.2142857142857144
May 09 2023 01: +0,52.216,1,Galil AR | Chatterbox (Field-Tested),2023-05-09,52.216,1,Galil AR | Chatterbox (Field-Tested),-0.06912309129050354,-6.912309129050353,0.06912309129050354,True,56.71678571428571,308.09494521137435,2.142857142857143
May 10 2023 01: +0,55.574,2,Galil AR | Chatterbox (Field-Tested),2023-05-10,55.574,2,Galil AR | Chatterbox (Field-Tested),0.06232650465325099,6.232650465325099,0.06232650465325099,True,56.741285714285716,296.40872849879037,2.2142857142857144
May 11 2023 01: +0,56.134,3,Galil AR | Chatterbox (Field-Tested),2023-05-11,56.134,3,Galil AR | Chatterbox (Field-Tested),0.010026223567984908,1.0026223567984909,0.010026223567984908,False,56.74257142857143,294.23079938407176,2.2857142857142856
May 12 2023 01: +0,56.413,1,Galil AR | Chatterbox (Field-Tested),2023-05-12,56.413,1,Galil AR | Chatterbox (Field-Tested),0.0049579388435350685,0.49579388435350685,0.0049579388435350685,False,57.49550000000001,294.0154220611915,2.2857142857142856
May 13 2023 01: +0,65.838,1,Galil AR | Chatterbox (Field-Tested),2023-05-13,65.838,1,Galil AR | Chatterbox (Field-Tested),0.1544975508390295,15.44975508390295,0.1544975508390295,True,57.78164285714286,295.00233643404437,2.2857142857142856
May 14 2023 01: +0,67.777,4,Galil AR | Chatterbox (Field-Tested),2023-05-14,67.777,4,Galil AR | Chatterbox (Field-Tested),0.029025725118741533,2.9025725118741534,0.029025725118741533,False,58.82299999999999,290.8243760735377,2.357142857142857
May 15 2023 01: +0,48.821,1,Galil AR | Chatterbox (Field-Tested),2023-05-15,48.821,1,Galil AR | Chatterbox (Field-Tested),-0.3280623561919875,-32.806235619198745,0.3280623561919875,True,57.19235714285714,293.61839154278834,2.2857142857142856
May 16 2023 01: +0,48.485,3,Galil AR | Chatterbox (Field-Tested),2023-05-16,48.485,3,Galil AR | Chatterbox (Field-Tested),-0.006906076406961407,-0.6906076406961407,0.006906076406961407,False,56.65371428571429,289.565275043864,2.2857142857142856
May 17 2023 01: +0,52.497,2,Galil AR | Chatterbox (Field-Tested),2023-05-17,52.497,2,Galil AR | Chatterbox (Field-Tested),0.07950155335121045,7.950155335121045,0.07950155335121045,True,56.15435714285714,287.77828877890516,2.142857142857143
May 18 2023 01: +0,52.495,3,Galil AR | Chatterbox (Field-Tested),2023-05-18,52.495,3,Galil AR | Chatterbox (Field-Tested),-3.80981408153717e-05,-0.0038098140815371697,3.80981408153717e-05,False,55.510285714285715,280.798119913601,2.2142857142857144
May 19 2023 01: +0,52.462,3,Galil AR | Chatterbox (Field-Tested),2023-05-19,52.462,3,Galil AR | Chatterbox (Field-Tested),-0.0006288289697193262,-0.06288289697193263,0.0006288289697193262,False,55.393071428571425,277.1270080918511,2.357142857142857
May 20 2023 01: +0,67.163,1,Galil AR | Chatterbox (Field-Tested),2023-05-20,67.163,1,Galil AR | Chatterbox (Field-Tested),0.24703340266060367,24.703340266060366,0.24703340266060367,True,56.74085714285714,290.6928788878377,2.0
May 21 2023 01: +0,50.393,1,Galil AR | Chatterbox (Field-Tested),2023-05-21,50.393,1,Galil AR | Chatterbox (Field-Tested),-0.2872702241153097,-28.72702241153097,0.2872702241153097,True,55.872928571428574,307.2453336872651,2.0
May 23 2023 01: +0,55.373,2,Galil AR | Chatterbox (Field-Tested),2023-05-23,55.373,2,Galil AR | Chatterbox (Field-Tested),0.09423983378908224,9.423983378908224,0.09423983378908224,True,55.831500000000005,305.43739840278545,2.0
May 25 2023 01: +0,50.013,4,Galil AR | Chatterbox (Field-Tested),2023-05-25,50.013,4,Galil AR | Chatterbox (Field-Tested),-0.10180913869755799,-10.180913869755798,0.10180913869755799,True,55.674142857142854,303.1030749111859,2.2142857142857144
May 26 2023 01: +0,52.254,2,Galil AR | Chatterbox (Field-Tested),2023-05-26,52.254,2,Galil AR | Chatterbox (Field-Tested),0.043833471304653863,4.383347130465387,0.043833471304653863,False,55.437,303.6202050691772,2.2142857142857144
May 28 2023 01: +0,52.06,3,Galil AR | Chatterbox (Field-Tested),2023-05-28,52.06,3,Galil AR | Chatterbox (Field-Tested),-0.0037195433722381427,-0.37195433722381427,0.0037195433722381427,False,55.14600000000001,303.4536320520017,2.2142857142857144
May 29 2023 01: +0,53.123,2,Galil AR | Chatterbox (Field-Tested),2023-05-29,53.123,2,Galil AR | Chatterbox (Field-Tested),0.020213079910669583,2.0213079910669585,0.020213079910669583,False,54.911,302.64681910840585,2.2857142857142856
May 30 2023 01: +0,57.93,1,Galil AR | Chatterbox (Field-Tested),2023-05-30,57.93,1,Galil AR | Chatterbox (Field-Tested),0.08662540563144383,8.662540563144383,0.08662540563144383,True,54.34614285714286,304.15433985905173,2.2857142857142856
May 31 2023 01: +0,61.681,2,Galil AR | Chatterbox (Field-Tested),2023-05-31,61.681,2,Galil AR | Chatterbox (Field-Tested),0.06274055672588194,6.274055672588194,0.06274055672588194,True,53.910714285714285,295.85136400169233,2.142857142857143
Jun 01 2023 01: +0,51.87,1,Galil AR | Chatterbox (Field-Tested),2023-06-01,51.87,1,Galil AR | Chatterbox (Field-Tested),-0.17323535347110589,-17.32353534711059,0.17323535347110589,True,54.128499999999995,283.4149767185393,2.142857142857143
Jun 02 2023 01: +0,53.704,2,Galil AR | Chatterbox (Field-Tested),2023-06-02,53.704,2,Galil AR | Chatterbox (Field-Tested),0.034746898273141535,3.4746898273141538,0.034746898273141535,False,54.501285714285714,278.8513739331531,2.0714285714285716
Jun 03 2023 01: +0,52.957,1,Galil AR | Chatterbox (Field-Tested),2023-06-03,52.957,1,Galil AR | Chatterbox (Field-Tested),-0.014007223137852447,-1.4007223137852447,0.014007223137852447,False,54.53414285714286,257.370828572486,2.0
Jun 04 2023 01: +0,55.937,2,Galil AR | Chatterbox (Field-Tested),2023-06-04,55.937,2,Galil AR | Chatterbox (Field-Tested),0.054745793949040944,5.474579394904095,0.054745793949040944,True,54.78000000000001,243.69062875808777,1.9285714285714286
Jun 05 2023 01: +0,51.132,1,Galil AR | Chatterbox (Field-Tested),2023-06-05,51.132,1,Galil AR | Chatterbox (Field-Tested),-0.0898155331418637,-8.981553314186371,0.0898155331418637,True,54.685,244.64635557805465,1.7857142857142858
Jun 06 2023 01: +0,51.199,2,Galil AR | Chatterbox (Field-Tested),2023-06-06,51.199,2,Galil AR | Chatterbox (Field-Tested),0.0013094762989494949,0.13094762989494949,0.0013094762989494949,False,53.544714285714285,244.26624175871115,1.8571428571428572
Jun 07 2023 01: +0,60.065,1,Galil AR | Chatterbox (Field-Tested),2023-06-07,60.065,1,Galil AR | Chatterbox (Field-Tested),0.15970730856861365,15.970730856861366,0.15970730856861365,True,54.235571428571426,246.77631337018968,1.8571428571428572
Jun 08 2023 01: +0,57.546,2,Galil AR | Chatterbox (Field-Tested),2023-06-08,57.546,2,Galil AR | Chatterbox (Field-Tested),-0.04284268119946932,-4.2842681199469315,0.04284268119946932,False,54.39078571428571,243.76789201563253,1.8571428571428572
Jun 09 2023 01: +0,63.342,1,Galil AR | Chatterbox (Field-Tested),2023-06-09,63.342,1,Galil AR | Chatterbox (Field-Tested),0.09596398826174374,9.596398826174374,0.09596398826174374,True,55.34285714285714,228.6822948763354,1.6428571428571428
Jun 10 2023 01: +0,63.341,1,Galil AR | Chatterbox (Field-Tested),2023-06-10,63.341,1,Galil AR | Chatterbox (Field-Tested),-1.578743793591688e-05,-0.001578743793591688,1.578743793591688e-05,False,56.13478571428571,225.10211766918476,1.5714285714285714
Jun 12 2023 01: +0,61.024,2,Galil AR | Chatterbox (Field-Tested),2023-06-12,61.024,2,Galil AR | Chatterbox (Field-Tested),-0.03726559937966823,-3.7265599379668233,0.03726559937966823,False,56.77507142857143,224.06912343494193,1.5
Jun 14 2023 01: +0,65.54,3,Galil AR | Chatterbox (Field-Tested),2023-06-14,65.54,3,Galil AR | Chatterbox (Field-Tested),0.07139341385266004,7.139341385266004,0.07139341385266004,True,57.662,224.38218881518003,1.5714285714285714
Jun 16 2023 01: +0,57.296,3,Galil AR | Chatterbox (Field-Tested),2023-06-16,57.296,3,Galil AR | Chatterbox (Field-Tested),-0.13442983001459172,-13.442983001459172,0.13442983001459172,True,57.61671428571429,229.61184250710684,1.7142857142857142
Jun 17 2023 01: +0,55.632,1,Galil AR | Chatterbox (Field-Tested),2023-06-17,55.632,1,Galil AR | Chatterbox (Field-Tested),-0.0294722379905713,-2.94722379905713,0.0294722379905713,False,57.18464285714286,229.8451123004948,1.6428571428571428
Jun 18 2023 01: +0,62.801,2,Galil AR | Chatterbox (Field-Tested),2023-06-18,62.801,2,Galil AR | Chatterbox (Field-Tested),0.12121242164874774,12.121242164874774,0.12121242164874774,True,57.96542857142857,227.29978548195552,1.7142857142857142
Jun 21 2023 01: +0,55.275,1,Galil AR | Chatterbox (Field-Tested),2023-06-21,55.275,1,Galil AR | Chatterbox (Field-Tested),-0.12765027017074335,-12.765027017074335,0.12765027017074335,True,58.07764285714286,231.18164762691728,1.6428571428571428
Jun 23 2023 01: +0,62.214,2,Galil AR | Chatterbox (Field-Tested),2023-06-23,62.214,2,Galil AR | Chatterbox (Field-Tested),0.1182593280606862,11.82593280606862,0.1182593280606862,True,58.73885714285715,203.92928088109375,1.7142857142857142
Jun 24 2023 01: +0,58.828,3,Galil AR | Chatterbox (Field-Tested),2023-06-24,58.828,3,Galil AR | Chatterbox (Field-Tested),-0.055962122766128775,-5.596212276612878,0.055962122766128775,True,58.94535714285714,205.09755451055725,1.7857142857142858
Jun 26 2023 01: +0,53.246,2,Galil AR | Chatterbox (Field-Tested),2023-06-26,53.246,2,Galil AR | Chatterbox (Field-Tested),-0.0996952476408758,-9.96952476408758,0.0996952476408758,True,59.09635714285714,206.58286173690232,1.8571428571428572
Jun 27 2023 01: +0,64.657,1,Galil AR | Chatterbox (Field-Tested),2023-06-27,64.657,1,Galil AR | Chatterbox (Field-Tested),0.19417369028801754,19.417369028801755,0.19417369028801754,True,60.05764285714286,217.3489827163596,1.7857142857142858
Jun 28 2023 01: +0,66.779,2,Galil AR | Chatterbox (Field-Tested),2023-06-28,66.779,2,Galil AR | Chatterbox (Field-Tested),0.03229228517490338,3.229228517490338,0.03229228517490338,False,60.537214285714285,217.5078621950505,1.8571428571428572
Jun 29 2023 01: +0,59.707,1,Galil AR | Chatterbox (Field-Tested),2023-06-29,59.707,1,Galil AR | Chatterbox (Field-Tested),-0.11193939340382035,-11.193939340382036,0.11193939340382035,True,60.69157142857143,203.45064598467278,1.7857142857142858
Jun 30 2023 01: +0,57.469,3,Galil AR | Chatterbox (Field-Tested),2023-06-30,57.469,3,Galil AR | Chatterbox (Field-Tested),-0.03820359447083873,-3.820359447083873,0.03820359447083873,False,60.27207142857144,176.56404494154455,1.9285714285714286
Jul 02 2023 01: +0,66.546,2,Galil AR | Chatterbox (Field-Tested),2023-07-02,66.546,2,Galil AR | Chatterbox (Field-Tested),0.1466477658652063,14.664776586520631,0.1466477658652063,True,60.501,180.81619147778147,2.0
Jul 04 2023 01: +0,55.912,5,Galil AR | Chatterbox (Field-Tested),2023-07-04,55.912,5,Galil AR | Chatterbox (Field-Tested),-0.1741144116758318,-17.41144116758318,0.1741144116758318,True,60.13585714285715,187.869937276512,2.2142857142857144
Jul 05 2023 01: +0,59.948,2,Galil AR | Chatterbox (Field-Tested),2023-07-05,59.948,2,Galil AR | Chatterbox (Field-Tested),0.06969849360792181,6.969849360792181,0.06969849360792181,True,59.736428571428576,188.77951061535933,2.142857142857143
Jul 06 2023 01: +0,64.187,1,Galil AR | Chatterbox (Field-Tested),2023-07-06,64.187,1,Galil AR | Chatterbox (Field-Tested),0.06832317819701189,6.832317819701189,0.06832317819701189,True,60.22864285714286,190.0491634774649,2.0
Jul 07 2023 01: +0,60.258,1,Galil AR | Chatterbox (Field-Tested),2023-07-07,60.258,1,Galil AR | Chatterbox (Field-Tested),-0.06316535434050444,-6.316535434050444,0.06316535434050444,True,60.55907142857143,191.53790406279546,2.0
Jul 11 2023 01: +0,64.344,1,Galil AR | Chatterbox (Field-Tested),2023-07-11,64.344,1,Galil AR | Chatterbox (Field-Tested),0.0656083459625107,6.56083459625107,0.0656083459625107,True,60.669285714285714,190.53725007574533,1.9285714285714286
Jul 12 2023 01: +0,56.678,1,Galil AR | Chatterbox (Field-Tested),2023-07-12,56.678,1,Galil AR | Chatterbox (Field-Tested),-0.12685756121694952,-12.685756121694952,0.12685756121694952,True,60.7695,194.5526226781952,1.9285714285714286
Jul 13 2023 01: +0,54.596,1,Galil AR | Chatterbox (Field-Tested),2023-07-13,54.596,1,Galil AR | Chatterbox (Field-Tested),-0.037425508390869326,-3.7425508390869324,0.037425508390869326,False,60.22535714285714,185.11846290737336,1.8571428571428572
Jul 15 2023 01: +0,56.687,4,Galil AR | Chatterbox (Field-Tested),2023-07-15,56.687,4,Galil AR | Chatterbox (Field-Tested),0.037584287555848125,3.7584287555848124,0.037584287555848125,False,60.072428571428574,185.18483463242305,1.9285714285714286
Jul 16 2023 01: +0,49.337,3,Galil AR | Chatterbox (Field-Tested),2023-07-16,49.337,3,Galil AR | Chatterbox (Field-Tested),-0.13887060089138306,-13.887060089138306,0.13887060089138306,True,59.793214285714285,191.5390568693795,2.0
Jul 17 2023 01: +0,55.245,2,Galil AR | Chatterbox (Field-Tested),2023-07-17,55.245,2,Galil AR | Chatterbox (Field-Tested),0.11310353190672416,11.310353190672416,0.11310353190672416,True,59.12092857142857,194.7830880156291,2.0714285714285716
Jul 18 2023 01: +0,50.6,3,Galil AR | Chatterbox (Field-Tested),2023-07-18,50.6,3,Galil AR | Chatterbox (Field-Tested),-0.08782626227171834,-8.782626227171834,0.08782626227171834,True,57.96528571428571,194.6693753863807,2.142857142857143
Jul 19 2023 01: +0,50.738,3,Galil AR | Chatterbox (Field-Tested),2023-07-19,50.738,3,Galil AR | Chatterbox (Field-Tested),0.0027235604670405207,0.27235604670405206,0.0027235604670405207,False,57.324642857142855,194.6715162029536,2.2857142857142856
Jul 20 2023 01: +0,50.265,1,Galil AR | Chatterbox (Field-Tested),2023-07-20,50.265,1,Galil AR | Chatterbox (Field-Tested),-0.009366126903076963,-0.9366126903076963,0.009366126903076963,False,56.81007142857144,185.91661676679234,2.142857142857143
Jul 21 2023 01: +0,60.732,1,Galil AR | Chatterbox (Field-Tested),2023-07-21,60.732,1,Galil AR | Chatterbox (Field-Tested),0.18916173216255774,18.916173216255775,0.18916173216255774,True,56.39478571428572,197.37909611189102,2.0714285714285716
Jul 24 2023 01: +0,53.123,2,Galil AR | Chatterbox (Field-Tested),2023-07-24,53.123,2,Galil AR | Chatterbox (Field-Tested),-0.13386076254285217,-13.386076254285218,0.13386076254285217,True,56.19557142857143,199.84252307377253,1.8571428571428572
Jul 25 2023 01: +0,59.489,2,Galil AR | Chatterbox (Field-Tested),2023-07-25,59.489,2,Galil AR | Chatterbox (Field-Tested),0.11318144203362004,11.318144203362005,0.11318144203362004,True,56.16278571428571,204.11438711938908,1.8571428571428572
Jul 27 2023 01: +0,50.461,4,Galil AR | Chatterbox (Field-Tested),2023-07-27,50.461,4,Galil AR | Chatterbox (Field-Tested),-0.16459066081679682,-16.459066081679683,0.16459066081679682,True,55.18235714285714,211.57141723609354,2.0714285714285716
Jul 28 2023 01: +0,50.902,1,Galil AR | Chatterbox (Field-Tested),2023-07-28,50.902,1,Galil AR | Chatterbox (Field-Tested),0.008701454821470483,0.8701454821470482,0.008701454821470483,False,54.51407142857143,209.79514279122546,2.0714285714285716
Jul 30 2023 01: +0,58.449,1,Galil AR | Chatterbox (Field-Tested),2023-07-30,58.449,1,Galil AR | Chatterbox (Field-Tested),0.1382523636164771,13.825236361647711,0.1382523636164771,True,54.093,210.74049953027685,2.0714285714285716
Aug 03 2023 01: +0,49.2,2,Galil AR | Chatterbox (Field-Tested),2023-08-03,49.2,2,Galil AR | Chatterbox (Field-Tested),-0.17226095563359728,-17.226095563359728,0.17226095563359728,True,53.55885714285715,219.03281874660516,2.142857142857143
Aug 04 2023 01: +0,47.36,2,Galil AR | Chatterbox (Field-Tested),2023-08-04,47.36,2,Galil AR | Chatterbox (Field-Tested),-0.03811563292251226,-3.811563292251226,0.03811563292251226,False,53.041999999999994,214.56525092158049,2.2142857142857144
Aug 05 2023 01: +0,46.879,1,Galil AR | Chatterbox (Field-Tested),2023-08-05,46.879,1,Galil AR | Chatterbox (Field-Tested),-0.010208176592523887,-1.0208176592523888,0.010208176592523887,False,52.34142857142857,210.28720453227004,2.0
Aug 06 2023 01: +0,46.92,1,Galil AR | Chatterbox (Field-Tested),2023-08-06,46.92,1,Galil AR | Chatterbox (Field-Tested),0.0008742098020484548,0.08742098020484548,0.0008742098020484548,False,52.16878571428572,205.52495671383087,1.8571428571428572
Aug 07 2023 01: +0,50.151,2,Galil AR | Chatterbox (Field-Tested),2023-08-07,50.151,2,Galil AR | Chatterbox (Field-Tested),0.06659443060332865,6.6594430603328645,0.06659443060332865,True,51.80492857142857,206.47428940299199,1.8571428571428572
Aug 09 2023 01: +0,52.261,2,Galil AR | Chatterbox (Field-Tested),2023-08-09,52.261,2,Galil AR | Chatterbox (Field-Tested),0.041211940614551364,4.121194061455136,0.041211940614551364,False,51.92357142857143,204.20532327731468,1.7857142857142858
Aug 10 2023 01: +0,50.028,3,Galil AR | Chatterbox (Field-Tested),2023-08-10,50.028,3,Galil AR | Chatterbox (Field-Tested),-0.04366754631649478,-4.366754631649479,0.04366754631649478,False,51.87285714285714,192.1452385480242,1.7857142857142858
Aug 11 2023 01: +0,56.438,1,Galil AR | Chatterbox (Field-Tested),2023-08-11,56.438,1,Galil AR | Chatterbox (Field-Tested),0.12055984180899673,12.055984180899673,0.12055984180899673,True,52.313785714285714,196.9142075916508,1.7857142857142858
Aug 12 2023 01: +0,51.363,2,Galil AR | Chatterbox (Field-Tested),2023-08-12,51.363,2,Galil AR | Chatterbox (Field-Tested),-0.09422462160486653,-9.422462160486653,0.09422462160486653,True,51.64457142857143,195.80405995844893,1.8571428571428572
Aug 13 2023 01: +0,58.99,4,Galil AR | Chatterbox (Field-Tested),2023-08-13,58.99,4,Galil AR | Chatterbox (Field-Tested),0.13844986912419352,13.844986912419351,0.13844986912419352,True,52.06364285714286,201.64400830379012,2.0
Aug 14 2023 01: +0,52.114,3,Galil AR | Chatterbox (Field-Tested),2023-08-14,52.114,3,Galil AR | Chatterbox (Field-Tested),-0.12393431134129004,-12.393431134129004,0.12393431134129004,True,51.53685714285714,199.09525181331747,2.0714285714285716
Aug 15 2023 01: +0,61.881,1,Galil AR | Chatterbox (Field-Tested),2023-08-15,61.881,1,Galil AR | Chatterbox (Field-Tested),0.171779559210873,17.1779559210873,0.171779559210873,True,52.35257142857143,199.36104278955338,1.8571428571428572
Aug 16 2023 01: +0,50.369,3,Galil AR | Chatterbox (Field-Tested),2023-08-16,50.369,3,Galil AR | Chatterbox (Field-Tested),-0.20583727941123794,-20.583727941123794,0.20583727941123794,True,52.3145,210.6704734150934,2.0
Aug 19 2023 01: +0,58.415,2,Galil AR | Chatterbox (Field-Tested),2023-08-19,58.415,2,Galil AR | Chatterbox (Field-Tested),0.1481967996957827,14.81967996957827,0.1481967996957827,True,52.31207142857143,215.98299543678348,2.0714285714285716
Aug 20 2023 01: +0,46.228,2,Galil AR | Chatterbox (Field-Tested),2023-08-20,46.228,2,Galil AR | Chatterbox (Field-Tested),-0.23398703105591673,-23.39870310559167,0.23398703105591673,True,52.099785714285716,229.7388509310244,2.0714285714285716
Aug 21 2023 01: +0,69.64,2,Galil AR | Chatterbox (Field-Tested),2023-08-21,69.64,2,Galil AR | Chatterbox (Field-Tested),0.40975343978679346,40.97534397867935,0.40975343978679346,True,53.69121428571429,271.36439065694617,2.0714285714285716
Aug 23 2023 01: +0,54.914,2,Galil AR | Chatterbox (Field-Tested),2023-08-23,54.914,2,Galil AR | Chatterbox (Field-Tested),-0.23757078978633095,-23.757078978633096,0.23757078978633095,True,54.265142857142855,280.6044316798482,2.142857142857143
Aug 24 2023 01: +0,51.502,1,Galil AR | Chatterbox (Field-Tested),2023-08-24,51.502,1,Galil AR | Chatterbox (Field-Tested),-0.0641476832465677,-6.4147683246567695,0.0641476832465677,True,54.59242857142858,281.1945658021911,2.142857142857143
Aug 26 2023 01: +0,58.524,2,Galil AR | Chatterbox (Field-Tested),2023-08-26,58.524,2,Galil AR | Chatterbox (Field-Tested),0.1278162846488262,12.781628464882619,0.1278162846488262,True,55.1905,284.53262526488874,2.142857142857143
Aug 28 2023 01: +0,61.995,1,Galil AR | Chatterbox (Field-Tested),2023-08-28,61.995,1,Galil AR | Chatterbox (Field-Tested),0.05761681011588952,5.761681011588951,0.05761681011588952,True,55.88578571428572,280.59727386134836,2.0714285714285716
Aug 29 2023 01: +0,57.482,5,Galil AR | Chatterbox (Field-Tested),2023-08-29,57.482,5,Galil AR | Chatterbox (Field-Tested),-0.0755818813150992,-7.55818813150992,0.0755818813150992,True,56.418214285714285,279.38497322098425,2.2142857142857144
Aug 30 2023 01: +0,56.294,2,Galil AR | Chatterbox (Field-Tested),2023-08-30,56.294,2,Galil AR | Chatterbox (Field-Tested),-0.02088389778631064,-2.088389778631064,0.02088389778631064,False,56.40792857142857,277.66693790439507,2.2857142857142856
Aug 31 2023 01: +0,51.365,2,Galil AR | Chatterbox (Field-Tested),2023-08-31,51.365,2,Galil AR | Chatterbox (Field-Tested),-0.09163095086216852,-9.163095086216853,0.09163095086216852,True,56.408071428571425,279.6459122048226,2.2857142857142856
Sep 01 2023 01: +0,55.997,2,Galil AR | Chatterbox (Field-Tested),2023-09-01,55.997,2,Galil AR | Chatterbox (Field-Tested),0.08634111120335046,8.634111120335046,0.08634111120335046,True,56.194285714285705,281.2130465916064,2.142857142857143
Sep 02 2023 01: +0,51.921,1,Galil AR | Chatterbox (Field-Tested),2023-09-02,51.921,1,Galil AR | Chatterbox (Field-Tested),-0.07557478526060582,-7.557478526060582,0.07557478526060582,True,56.1805,274.3025215947833,2.0
Sep 03 2023 01: +0,57.92,2,Galil AR | Chatterbox (Field-Tested),2023-09-03,57.92,2,Galil AR | Chatterbox (Field-Tested),0.10933941546648913,10.933941546648914,0.10933941546648913,True,55.89757142857143,273.0622750128243,2.0714285714285716
Sep 09 2023 01: +0,49.841,3,Galil AR | Chatterbox (Field-Tested),2023-09-09,49.841,3,Galil AR | Chatterbox (Field-Tested),-0.15022480959408926,-15.022480959408927,0.15022480959408926,True,55.859857142857145,275.12013294928886,2.0714285714285716
Sep 11 2023 01: +0,61.166,1,Galil AR | Chatterbox (Field-Tested),2023-09-11,61.166,1,Galil AR | Chatterbox (Field-Tested),0.2047535411011857,20.47535411011857,0.2047535411011857,True,56.05635714285715,278.44962841118456,2.0
Sep 16 2023 01: +0,54.307,1,Galil AR | Chatterbox (Field-Tested),2023-09-16,54.307,1,Galil AR | Chatterbox (Field-Tested),-0.11893834750946099,-11.893834750946098,0.11893834750946099,True,56.633428571428574,281.8560833655086,1.9285714285714286
Sep 17 2023 01: +0,67.454,5,Galil AR | Chatterbox (Field-Tested),2023-09-17,67.454,5,Galil AR | Chatterbox (Field-Tested),0.21679275200785011,21.67927520078501,0.21679275200785011,True,56.47728571428571,287.8958350269713,2.142857142857143
Sep 19 2023 01: +0,56.166,2,Galil AR | Chatterbox (Field-Tested),2023-09-19,56.166,2,Galil AR | Chatterbox (Field-Tested),-0.1831342924652841,-18.313429246528408,0.1831342924652841,True,56.56671428571428,288.7610811530402,2.142857142857143
Sep 20 2023 01: +0,57.623,1,Galil AR | Chatterbox (Field-Tested),2023-09-20,57.623,1,Galil AR | Chatterbox (Field-Tested),0.025610201938491214,2.5610201938491213,0.025610201938491214,False,57.00392857142857,288.4351180240942,2.142857142857143
Sep 22 2023 01: +0,50.684,3,Galil AR | Chatterbox (Field-Tested),2023-09-22,50.684,3,Galil AR | Chatterbox (Field-Tested),-0.12831151461949192,-12.831151461949192,0.12831151461949192,True,56.443928571428565,292.21521354385936,2.2142857142857144
Sep 23 2023 01: +0,53.134,4,Galil AR | Chatterbox (Field-Tested),2023-09-23,53.134,4,Galil AR | Chatterbox (Field-Tested),0.04720674572407254,4.720674572407254,0.04720674572407254,False,55.811,292.6273563416056,2.4285714285714284
Sep 25 2023 01: +0,54.069,1,Galil AR | Chatterbox (Field-Tested),2023-09-25,54.069,1,Galil AR | Chatterbox (Field-Tested),0.01744398401804351,1.744398401804351,0.01744398401804351,False,55.567214285714286,291.8082434764777,2.142857142857143
Sep 27 2023 01: +0,56.496,3,Galil AR | Chatterbox (Field-Tested),2023-09-27,56.496,3,Galil AR | Chatterbox (Field-Tested),0.043908830507252694,4.39088305072527,0.043908830507252694,False,55.58164285714286,291.8547777508242,2.2142857142857144
Sep 29 2023 01: +0,58.081,3,Galil AR | Chatterbox (Field-Tested),2023-09-29,58.081,3,Galil AR | Chatterbox (Field-Tested),0.027668748813142414,2.7668748813142416,0.027668748813142414,False,56.06135714285715,291.4919819688726,2.2857142857142856
Sep 30 2023 01: +0,53.925,1,Galil AR | Chatterbox (Field-Tested),2023-09-30,53.925,1,Galil AR | Chatterbox (Field-Tested),-0.07424439572395292,-7.424439572395292,0.07424439572395292,True,55.913357142857144,289.6838794507793,2.2142857142857144
Oct 01 2023 01: +0,59.508,3,Galil AR | Chatterbox (Field-Tested),2023-10-01,59.508,3,Galil AR | Chatterbox (Field-Tested),0.09851656501977707,9.851656501977708,0.09851656501977707,True,56.455285714285715,289.72172029718655,2.357142857142857
Oct 02 2023 01: +0,59.464,4,Galil AR | Chatterbox (Field-Tested),2023-10-02,59.464,4,Galil AR | Chatterbox (Field-Tested),-0.0007396698720048529,-0.07396698720048528,0.0007396698720048529,False,56.56557142857143,285.6865439504313,2.5
Oct 03 2023 01: +0,54.834,1,Galil AR | Chatterbox (Field-Tested),2023-10-03,54.834,1,Galil AR | Chatterbox (Field-Tested),-0.08106064790487269,-8.106064790487268,0.08106064790487269,True,56.92221428571429,283.72526021855475,2.357142857142857
Oct 04 2023 01: +0,56.502,3,Galil AR | Chatterbox (Field-Tested),2023-10-04,56.502,3,Galil AR | Chatterbox (Field-Tested),0.029965596237861485,2.9965596237861485,0.029965596237861485,False,56.58907142857142,277.2638448973825,2.5
Oct 05 2023 01: +0,60.48,2,Galil AR | Chatterbox (Field-Tested),2023-10-05,60.48,2,Galil AR | Chatterbox (Field-Tested),0.06803669611529621,6.803669611529621,0.06803669611529621,True,57.03000000000001,268.3644859653299,2.5714285714285716
Oct 06 2023 01: +0,67.536,2,Galil AR | Chatterbox (Field-Tested),2023-10-06,67.536,2,Galil AR | Chatterbox (Field-Tested),0.11034805716886541,11.03480571688654,0.11034805716886541,True,57.03585714285714,266.157752202908,2.357142857142857
Oct 07 2023 01: +0,71.004,2,Galil AR | Chatterbox (Field-Tested),2023-10-07,71.004,2,Galil AR | Chatterbox (Field-Tested),0.05007542444241451,5.007542444241451,0.05007542444241451,True,58.09571428571429,252.15126852238208,2.357142857142857
Oct 08 2023 01: +0,68.775,1,Galil AR | Chatterbox (Field-Tested),2023-10-08,68.775,1,Galil AR | Chatterbox (Field-Tested),-0.03189590667191913,-3.189590667191913,0.03189590667191913,False,58.89228571428572,208.2026554326886,2.357142857142857
Oct 09 2023 01: +0,65.415,4,Galil AR | Chatterbox (Field-Tested),2023-10-09,65.415,4,Galil AR | Chatterbox (Field-Tested),-0.05008871684779877,-5.008871684779876,0.05008871684779877,True,59.944500000000005,190.87345073518793,2.4285714285714284
Oct 11 2023 01: +0,69.162,3,Galil AR | Chatterbox (Field-Tested),2023-10-11,69.162,3,Galil AR | Chatterbox (Field-Tested),0.05569998888409112,5.569998888409112,0.05569998888409112,True,61.089357142857146,189.91845602747983,2.357142857142857
Oct 12 2023 01: +0,80.051,2,Galil AR | Chatterbox (Field-Tested),2023-10-12,80.051,2,Galil AR | Chatterbox (Field-Tested),0.14621235271014613,14.621235271014612,0.14621235271014613,True,62.94521428571429,191.45904942889632,2.4285714285714284
Oct 13 2023 01: +0,64.27,3,Galil AR | Chatterbox (Field-Tested),2023-10-13,64.27,3,Galil AR | Chatterbox (Field-Tested),-0.21957097217388197,-21.957097217388196,0.21957097217388197,True,63.5005,206.67099074548022,2.4285714285714284
Oct 14 2023 01: +0,68.819,3,Galil AR | Chatterbox (Field-Tested),2023-10-14,68.819,3,Galil AR | Chatterbox (Field-Tested),0.06838691022087667,6.8386910220876675,0.06838691022087667,True,64.26750000000001,206.03890405816253,2.4285714285714284
Oct 16 2023 01: +0,71.323,1,Galil AR | Chatterbox (Field-Tested),2023-10-16,71.323,1,Galil AR | Chatterbox (Field-Tested),0.03573898644339009,3.573898644339009,0.03573898644339009,False,65.51021428571428,206.05562930608673,2.4285714285714284
Oct 17 2023 01: +0,73.647,2,Galil AR | Chatterbox (Field-Tested),2023-10-17,73.647,2,Galil AR | Chatterbox (Field-Tested),0.03206455283400271,3.206455283400271,0.03206455283400271,False,66.52014285714287,203.03144137543882,2.357142857142857
Oct 18 2023 01: +0,71.382,1,Galil AR | Chatterbox (Field-Tested),2023-10-18,71.382,1,Galil AR | Chatterbox (Field-Tested),-0.031237672159020055,-3.1237672159020056,0.031237672159020055,False,67.37142857142858,201.75182030041188,2.142857142857143
Oct 19 2023 01: +0,61.295,1,Galil AR | Chatterbox (Field-Tested),2023-10-19,61.295,1,Galil AR | Chatterbox (Field-Tested),-0.1523474631754865,-15.23474631754865,0.1523474631754865,True,67.83292857142858,207.4555451146741,2.142857142857143
Oct 20 2023 01: +0,75.589,4,Galil AR | Chatterbox (Field-Tested),2023-10-20,75.589,4,Galil AR | Chatterbox (Field-Tested),0.20961249640649016,20.961249640649015,0.20961249640649016,True,69.19628571428572,216.52096985361516,2.2142857142857144
Oct 21 2023 01: +0,70.639,2,Galil AR | Chatterbox (Field-Tested),2023-10-21,70.639,2,Galil AR | Chatterbox (Field-Tested),-0.06772837004333512,-6.772837004333512,0.06772837004333512,True,69.92192857142858,210.72596535614082,2.2142857142857144
Oct 26 2023 01: +0,64.49,1,Galil AR | Chatterbox (Field-Tested),2023-10-26,64.49,1,Galil AR | Chatterbox (Field-Tested),-0.09107222688782668,-9.107222688782668,0.09107222688782668,True,69.70435714285715,201.6710585391042,2.142857142857143
Oct 28 2023 01: +0,63.285,3,Galil AR | Chatterbox (Field-Tested),2023-10-28,63.285,3,Galil AR | Chatterbox (Field-Tested),-0.018861838777874264,-1.8861838777874265,0.018861838777874264,False,69.153,197.10162857147955,2.2142857142857144
Oct 29 2023 01: +0,71.976,2,Galil AR | Chatterbox (Field-Tested),2023-10-29,71.976,2,Galil AR | Chatterbox (Field-Tested),0.12868439587040592,12.868439587040593,0.12868439587040592,True,69.38164285714286,187.34573188198846,2.2857142857142856
Oct 31 2023 01: +0,62.649,1,Galil AR | Chatterbox (Field-Tested),2023-10-31,62.649,1,Galil AR | Chatterbox (Field-Tested),-0.13878501059206885,-13.878501059206885,0.13878501059206885,True,69.18407142857143,182.39820858506027,2.0714285714285716
Nov 01 2023 01: +0,64.449,1,Galil AR | Chatterbox (Field-Tested),2023-11-01,64.449,1,Galil AR | Chatterbox (Field-Tested),0.028326493838273285,2.8326493838273286,0.028326493838273285,False,68.84742857142857,182.4418417476875,1.9285714285714286
Nov 03 2023 01: +0,64.957,2,Galil AR | Chatterbox (Field-Tested),2023-11-03,64.957,2,Galil AR | Chatterbox (Field-Tested),0.00785129915995671,0.7851299159956711,0.00785129915995671,False,67.76928571428572,176.11053093545857,1.9285714285714286
Nov 04 2023 01: +0,70.278,3,Galil AR | Chatterbox (Field-Tested),2023-11-04,70.278,3,Galil AR | Chatterbox (Field-Tested),0.0787332927948137,7.87332927948137,0.0787332927948137,True,68.19842857142858,177.32694136139997,1.9285714285714286
Nov 05 2023 01: +0,68.42,2,Galil AR | Chatterbox (Field-Tested),2023-11-05,68.42,2,Galil AR | Chatterbox (Field-Tested),-0.026793625766334078,-2.679362576633408,0.026793625766334078,False,68.16992857142857,177.74276679100015,1.8571428571428572
Nov 06 2023 01: +0,74.775,2,Galil AR | Chatterbox (Field-Tested),2023-11-06,74.775,2,Galil AR | Chatterbox (Field-Tested),0.08881842496655308,8.881842496655308,0.08881842496655308,True,68.4165,179.57046589664884,1.9285714285714286
Nov 08 2023 01: +0,66.776,4,Galil AR | Chatterbox (Field-Tested),2023-11-08,66.776,4,Galil AR | Chatterbox (Field-Tested),-0.1131398699675763,-11.313986996757631,0.1131398699675763,True,67.92571428571429,184.4134447842493,2.0714285714285716
Nov 09 2023 01: +0,62.624,1,Galil AR | Chatterbox (Field-Tested),2023-11-09,62.624,1,Galil AR | Chatterbox (Field-Tested),-0.06419514333476965,-6.4195143334769655,0.06419514333476965,True,67.30014285714286,183.90494996352135,2.0714285714285716
Nov 10 2023 01: +0,63.35,1,Galil AR | Chatterbox (Field-Tested),2023-11-10,63.35,1,Galil AR | Chatterbox (Field-Tested),0.011526315553482358,1.1526315553482358,0.011526315553482358,False,67.44692857142857,180.8137459344262,2.0714285714285716
Nov 11 2023 01: +0,65.286,2,Galil AR | Chatterbox (Field-Tested),2023-11-11,65.286,2,Galil AR | Chatterbox (Field-Tested),0.03010271142978188,3.010271142978188,0.03010271142978188,False,66.711,181.0729485140478,1.9285714285714286
Nov 14 2023 01: +0,67.901,1,Galil AR | Chatterbox (Field-Tested),2023-11-14,67.901,1,Galil AR | Chatterbox (Field-Tested),0.039273143799771947,3.9273143799771946,0.039273143799771947,False,66.51542857142857,178.88392614433187,1.8571428571428572
Nov 16 2023 01: +0,67.976,2,Galil AR | Chatterbox (Field-Tested),2023-11-16,67.976,2,Galil AR | Chatterbox (Field-Tested),0.001103939704538342,0.11039397045383419,0.001103939704538342,False,66.76442857142858,178.7032834001045,1.9285714285714286
Nov 17 2023 01: +0,72.024,3,Galil AR | Chatterbox (Field-Tested),2023-11-17,72.024,3,Galil AR | Chatterbox (Field-Tested),0.05784469510493547,5.7844695104935475,0.05784469510493547,True,67.38864285714286,178.2940251925542,1.9285714285714286
Nov 18 2023 01: +0,79.117,1,Galil AR | Chatterbox (Field-Tested),2023-11-18,79.117,1,Galil AR | Chatterbox (Field-Tested),0.09392837270144237,9.392837270144238,0.09392837270144237,True,67.89871428571429,177.17091982002526,1.8571428571428572
Nov 20 2023 01: +0,67.595,1,Galil AR | Chatterbox (Field-Tested),2023-11-20,67.595,1,Galil AR | Chatterbox (Field-Tested),-0.15739375369124944,-15.739375369124945,0.15739375369124944,True,68.252,185.16699627039222,1.8571428571428572
Nov 21 2023 01: +0,68.351,1,Galil AR | Chatterbox (Field-Tested),2023-11-21,68.351,1,Galil AR | Chatterbox (Field-Tested),0.011122177824471785,1.1122177824471784,0.011122177824471785,False,68.5307142857143,184.89006568903105,1.8571428571428572
Nov 22 2023 01: +0,67.799,3,Galil AR | Chatterbox (Field-Tested),2023-11-22,67.799,3,Galil AR | Chatterbox (Field-Tested),-0.008108748065798836,-0.8108748065798835,0.008108748065798836,False,68.73371428571429,184.04245154622546,1.9285714285714286
Nov 23 2023 01: +0,53.45,1,Galil AR | Chatterbox (Field-Tested),2023-11-23,53.45,1,Galil AR | Chatterbox (Field-Tested),-0.23780080810398746,-23.780080810398747,0.23780080810398746,True,67.53171428571429,200.81158349945864,1.7857142857142858
Nov 24 2023 01: +0,60.94,1,Galil AR | Chatterbox (Field-Tested),2023-11-24,60.94,1,Galil AR | Chatterbox (Field-Tested),0.13114313608650868,13.114313608650868,0.13114313608650868,True,66.99742857142857,199.41341513685146,1.7142857142857142
Nov 25 2023 01: +0,54.35,1,Galil AR | Chatterbox (Field-Tested),2023-11-25,54.35,1,Galil AR | Chatterbox (Field-Tested),-0.11444515999034453,-11.444515999034452,0.11444515999034453,True,65.5385,188.52180568706584,1.6428571428571428
Nov 26 2023 01: +0,57.907,2,Galil AR | Chatterbox (Field-Tested),2023-11-26,57.907,2,Galil AR | Chatterbox (Field-Tested),0.0633936618043173,6.33936618043173,0.0633936618043173,True,64.905,188.28309456287477,1.5
Nov 27 2023 01: +0,47.718,1,Galil AR | Chatterbox (Field-Tested),2023-11-27,47.718,1,Galil AR | Chatterbox (Field-Tested),-0.19352959016848262,-19.352959016848263,0.19352959016848262,True,63.84028571428571,198.62305331560378,1.5
Nov 28 2023 01: +0,58.952,2,Galil AR | Chatterbox (Field-Tested),2023-11-28,58.952,2,Galil AR | Chatterbox (Field-Tested),0.21141486826164482,21.14148682616448,0.21141486826164482,True,63.52614285714286,213.11301351605755,1.5714285714285714
Nov 30 2023 01: +0,57.234,2,Galil AR | Chatterbox (Field-Tested),2023-11-30,57.234,2,Galil AR | Chatterbox (Field-Tested),-0.029575426073572053,-2.9575426073572055,0.029575426073572053,False,62.95100000000001,213.09041783804184,1.5714285714285714
Dec 02 2023 01: +0,58.196,1,Galil AR | Chatterbox (Field-Tested),2023-12-02,58.196,1,Galil AR | Chatterbox (Field-Tested),0.016668496462016118,1.6668496462016118,0.016668496462016118,False,62.25778571428571,206.6753334835469,1.5714285714285714
Dec 03 2023 01: +0,60.004,1,Galil AR | Chatterbox (Field-Tested),2023-12-03,60.004,1,Galil AR | Chatterbox (Field-Tested),0.030594602813501674,3.0594602813501672,0.030594602813501674,False,61.68835714285715,192.5878210194612,1.5
Dec 04 2023 01: +0,59.326,4,Galil AR | Chatterbox (Field-Tested),2023-12-04,59.326,4,Galil AR | Chatterbox (Field-Tested),-0.011363568186840312,-1.1363568186840312,0.011363568186840312,False,60.781357142857146,191.3761996472521,1.5714285714285714
Dec 05 2023 01: +0,60.208,1,Galil AR | Chatterbox (Field-Tested),2023-12-05,60.208,1,Galil AR | Chatterbox (Field-Tested),0.01475757537127774,1.475757537127774,0.01475757537127774,False,59.43071428571428,188.9876713569465,1.5714285714285714
Dec 07 2023 01: +0,82.809,1,Galil AR | Chatterbox (Field-Tested),2023-12-07,82.809,1,Galil AR | Chatterbox (Field-Tested),0.3187315172853621,31.873151728536207,0.3187315172853621,True,60.517428571428574,219.48652387461172,1.5714285714285714
Dec 08 2023 01: +0,69.48,1,Galil AR | Chatterbox (Field-Tested),2023-12-08,69.48,1,Galil AR | Chatterbox (Field-Tested),-0.1754978097635392,-17.549780976353922,0.1754978097635392,True,60.59807142857143,224.19788466133244,1.5714285714285714
Dec 12 2023 01: +0,63.834,1,Galil AR | Chatterbox (Field-Tested),2023-12-12,63.834,1,Galil AR | Chatterbox (Field-Tested),-0.08475297761062026,-8.475297761062025,0.08475297761062026,True,60.31485714285714,220.79007145501032,1.4285714285714286
Dec 13 2023 01: +0,55.721,2,Galil AR | Chatterbox (Field-Tested),2023-12-13,55.721,2,Galil AR | Chatterbox (Field-Tested),-0.13592886813447908,-13.592886813447908,0.13592886813447908,True,60.477071428571435,225.57794648319734,1.5
Dec 16 2023 01: +0,61.452,2,Galil AR | Chatterbox (Field-Tested),2023-12-16,61.452,2,Galil AR | Chatterbox (Field-Tested),0.09789928664060847,9.789928664060847,0.09789928664060847,True,60.51364285714286,228.38537087204492,1.5714285714285714
Dec 20 2023 01: +0,59.147,1,Galil AR | Chatterbox (Field-Tested),2023-12-20,59.147,1,Galil AR | Chatterbox (Field-Tested),-0.03823051164250203,-3.823051164250203,0.03823051164250203,False,60.85628571428572,226.8298699577952,1.5714285714285714
Dec 22 2023 01: +0,61.652,1,Galil AR | Chatterbox (Field-Tested),2023-12-22,61.652,1,Galil AR | Chatterbox (Field-Tested),0.04147979965856189,4.147979965856189,0.04147979965856189,False,61.12378571428572,227.28223494077585,1.5
Dec 30 2023 01: +0,58.807,1,Galil AR | Chatterbox (Field-Tested),2023-12-30,58.807,1,Galil AR | Chatterbox (Field-Tested),-0.0472447748464499,-4.72447748464499,0.0472447748464499,False,61.91585714285714,225.27465530302527,1.5
Jan 01 2024 01: +0,60.981,1,Galil AR | Chatterbox (Field-Tested),2024-01-01,60.981,1,Galil AR | Chatterbox (Field-Tested),0.0363014448069111,3.63014448069111,0.0363014448069111,False,62.060785714285714,222.51055116255128,1.4285714285714286
Jan 02 2024 01: +0,61.46,1,Galil AR | Chatterbox (Field-Tested),2024-01-02,61.46,1,Galil AR | Chatterbox (Field-Tested),0.00782421645740401,0.7824216457404011,0.00782421645740401,False,62.36264285714286,221.4341196885433,1.3571428571428572
Jan 03 2024 01: +0,67.867,1,Galil AR | Chatterbox (Field-Tested),2024-01-03,67.867,1,Galil AR | Chatterbox (Field-Tested),0.09916335088521315,9.916335088521315,0.09916335088521315,True,63.053428571428576,224.1329315048628,1.3571428571428572
Jan 05 2024 01: +0,59.351,2,Galil AR | Chatterbox (Field-Tested),2024-01-05,59.351,2,Galil AR | Chatterbox (Field-Tested),-0.13408093747415797,-13.408093747415798,0.13408093747415797,True,63.00678571428572,228.8362306432572,1.4285714285714286
Jan 07 2024 01: +0,57.381,1,Galil AR | Chatterbox (Field-Tested),2024-01-07,57.381,1,Galil AR | Chatterbox (Field-Tested),-0.03375573203688712,-3.3755732036887123,0.03375573203688712,False,62.86785714285714,228.54874630176485,1.2142857142857142
Jan 10 2024 01: +0,59.181,1,Galil AR | Chatterbox (Field-Tested),2024-01-10,59.181,1,Galil AR | Chatterbox (Field-Tested),0.03088730635333465,3.088730635333465,0.03088730635333465,False,62.794500000000006,228.89473300394707,1.2142857142857142
Jan 12 2024 01: +0,59.858,3,Galil AR | Chatterbox (Field-Tested),2024-01-12,59.858,3,Galil AR | Chatterbox (Field-Tested),0.011374546143524577,1.1374546143524578,0.011374546143524577,False,61.155142857142856,227.87027474829821,1.3571428571428572
Jan 14 2024 01: +0,59.189,1,Galil AR | Chatterbox (Field-Tested),2024-01-14,59.189,1,Galil AR | Chatterbox (Field-Tested),-0.011239376759184298,-1.1239376759184299,0.011239376759184298,False,60.42007142857143,224.99036196759997,1.3571428571428572
Jan 16 2024 01: +0,59.436,1,Galil AR | Chatterbox (Field-Tested),2024-01-16,59.436,1,Galil AR | Chatterbox (Field-Tested),0.004164389579919273,0.4164389579919273,0.004164389579919273,False,60.10592857142857,218.60643050162363,1.3571428571428572
Jan 17 2024 01: +0,59.52,2,Galil AR | Chatterbox (Field-Tested),2024-01-17,59.52,2,Galil AR | Chatterbox (Field-Tested),0.0014122871307355215,0.14122871307355214,0.0014122871307355215,False,60.37728571428572,218.54651028157028,1.3571428571428572
Jan 19 2024 01: +0,64.096,2,Galil AR | Chatterbox (Field-Tested),2024-01-19,64.096,2,Galil AR | Chatterbox (Field-Tested),0.07406956895857134,7.4069568958571335,0.07406956895857134,True,60.56614285714286,220.25412568549788,1.3571428571428572
Jan 23 2024 01: +0,60.811,1,Galil AR | Chatterbox (Field-Tested),2024-01-23,60.811,1,Galil AR | Chatterbox (Field-Tested),-0.052611265822894826,-5.261126582289482,0.052611265822894826,True,60.685,204.1721081699861,1.3571428571428572
Jan 25 2024 01: +0,50.945,1,Galil AR | Chatterbox (Field-Tested),2024-01-25,50.945,1,Galil AR | Chatterbox (Field-Tested),-0.17702407423426436,-17.702407423426436,0.17702407423426436,True,59.92021428571429,208.32910355171316,1.3571428571428572
Jan 27 2024 01: +0,54.655,1,Galil AR | Chatterbox (Field-Tested),2024-01-27,54.655,1,Galil AR | Chatterbox (Field-Tested),0.07029408231955012,7.029408231955012,0.07029408231955012,True,59.623642857142855,206.17695796123013,1.3571428571428572
Jan 28 2024 01: +0,51.17,2,Galil AR | Chatterbox (Field-Tested),2024-01-28,51.17,2,Galil AR | Chatterbox (Field-Tested),-0.06588727892879828,-6.588727892879828,0.06588727892879828,True,58.92285714285715,206.12002185945215,1.4285714285714286
Jan 30 2024 01: +0,53.912,2,Galil AR | Chatterbox (Field-Tested),2024-01-30,53.912,2,Galil AR | Chatterbox (Field-Tested),0.05219966482691531,5.219966482691531,0.05219966482691531,True,58.383714285714284,195.23345958941638,1.5
Feb 02 2024 01: +0,63.18,1,Galil AR | Chatterbox (Field-Tested),2024-02-02,63.18,1,Galil AR | Chatterbox (Field-Tested),0.15863470773002336,15.863470773002335,0.15863470773002336,True,58.048928571428576,188.94501626876982,1.5
Feb 03 2024 01: +0,56.532,1,Galil AR | Chatterbox (Field-Tested),2024-02-03,56.532,1,Galil AR | Chatterbox (Field-Tested),-0.11118094586803487,-11.118094586803487,0.11118094586803487,True,57.84757142857143,192.78335518892777,1.4285714285714286
Feb 04 2024 01: +0,59.436,1,Galil AR | Chatterbox (Field-Tested),2024-02-04,59.436,1,Galil AR | Chatterbox (Field-Tested),0.05009325388819663,5.009325388819663,0.05009325388819663,True,57.99435714285715,193.50725240416116,1.4285714285714286
Feb 07 2024 01: +0,58.204,1,Galil AR | Chatterbox (Field-Tested),2024-02-07,58.204,1,Galil AR | Chatterbox (Field-Tested),-0.020946022496068716,-2.0946022496068717,0.020946022496068716,False,57.924571428571426,193.34021670723763,1.4285714285714286
Feb 12 2024 01: +0,53.106,2,Galil AR | Chatterbox (Field-Tested),2024-02-12,53.106,2,Galil AR | Chatterbox (Field-Tested),-0.09166416468323726,-9.166416468323726,0.09166416468323726,True,57.44228571428572,195.8931996149096,1.3571428571428572
Feb 14 2024 01: +0,52.65,3,Galil AR | Chatterbox (Field-Tested),2024-02-14,52.65,3,Galil AR | Chatterbox (Field-Tested),-0.008623677634810385,-0.8623677634810385,0.008623677634810385,False,56.97521428571429,195.78578063709628,1.5
Feb 16 2024 01: +0,55.73,1,Galil AR | Chatterbox (Field-Tested),2024-02-16,55.73,1,Galil AR | Chatterbox (Field-Tested),0.056852363001460376,5.6852363001460375,0.056852363001460376,True,56.7105,159.2799571505649,1.5
Feb 18 2024 01: +0,48.822,1,Galil AR | Chatterbox (Field-Tested),2024-02-18,48.822,1,Galil AR | Chatterbox (Field-Tested),-0.13233757063886964,-13.233757063886964,0.13233757063886964,True,55.946357142857146,154.3809328139498,1.4285714285714286
Feb 19 2024 01: +0,55.198,1,Galil AR | Chatterbox (Field-Tested),2024-02-19,55.198,1,Galil AR | Chatterbox (Field-Tested),0.1227456898000259,12.27456898000259,0.1227456898000259,True,55.31078571428572,158.93211217387423,1.3571428571428572
Feb 20 2024 01: +0,59.442,1,Galil AR | Chatterbox (Field-Tested),2024-02-20,59.442,1,Galil AR | Chatterbox (Field-Tested),0.07407432647634715,7.407432647634716,0.07407432647634715,True,55.21300000000001,153.9338361859039,1.3571428571428572
Feb 21 2024 01: +0,62.77,1,Galil AR | Chatterbox (Field-Tested),2024-02-21,62.77,1,Galil AR | Chatterbox (Field-Tested),0.054476205110492115,5.4476205110492115,0.054476205110492115,True,56.05764285714286,151.25636479727888,1.3571428571428572
Feb 25 2024 01: +0,56.37,1,Galil AR | Chatterbox (Field-Tested),2024-02-25,56.37,1,Galil AR | Chatterbox (Field-Tested),-0.1075401502359568,-10.754015023595679,0.1075401502359568,True,56.18014285714286,155.3779229283252,1.3571428571428572
Feb 27 2024 01: +0,55.933,2,Galil AR | Chatterbox (Field-Tested),2024-02-27,55.933,2,Galil AR | Chatterbox (Field-Tested),-0.00778255622181141,-0.778255622181141,0.00778255622181141,False,56.52035714285715,154.606947923449,1.3571428571428572
Feb 29 2024 01: +0,65.714,2,Galil AR | Chatterbox (Field-Tested),2024-02-29,65.714,2,Galil AR | Chatterbox (Field-Tested),0.16115744672061635,16.115744672061634,0.16115744672061635,True,57.36335714285714,163.94893103469607,1.3571428571428572
Mar 01 2024 01: +0,84.918,1,Galil AR | Chatterbox (Field-Tested),2024-03-01,84.918,1,Galil AR | Chatterbox (Field-Tested),0.2563740923874684,25.637409238746837,0.2563740923874684,True,58.916071428571435,185.9509497829437,1.3571428571428572
Mar 05 2024 01: +0,70.693,1,Galil AR | Chatterbox (Field-Tested),2024-03-05,70.693,1,Galil AR | Chatterbox (Field-Tested),-0.18333952688002378,-18.333952688002377,0.18333952688002378,True,59.927571428571426,197.93563041372215,1.3571428571428572
Mar 06 2024 01: +0,68.079,2,Galil AR | Chatterbox (Field-Tested),2024-03-06,68.079,2,Galil AR | Chatterbox (Field-Tested),-0.037677762544138245,-3.7677762544138247,0.037677762544138245,False,60.54492857142857,195.45250854686122,1.4285714285714286
Mar 07 2024 01: +0,76.39,2,Galil AR | Chatterbox (Field-Tested),2024-03-07,76.39,2,Galil AR | Chatterbox (Field-Tested),0.11518300199767346,11.518300199767346,0.11518300199767346,True,61.84392857142858,193.23976405825536,1.5
Mar 08 2024 01: +0,69.939,1,Galil AR | Chatterbox (Field-Tested),2024-03-08,69.939,1,Galil AR | Chatterbox (Field-Tested),-0.08822836398994395,-8.822836398994395,0.08822836398994395,True,63.046285714285716,195.65490427993,1.4285714285714286
Mar 09 2024 01: +0,74.977,1,Galil AR | Chatterbox (Field-Tested),2024-03-09,74.977,1,Galil AR | Chatterbox (Field-Tested),0.06955796627448156,6.955796627448156,0.06955796627448156,True,64.64107142857144,196.72120965888942,1.2857142857142858
Mar 13 2024 01: +0,64.853,1,Galil AR | Chatterbox (Field-Tested),2024-03-13,64.853,1,Galil AR | Chatterbox (Field-Tested),-0.145058229543954,-14.5058229543954,0.145058229543954,True,65.2927142857143,203.8116649369154,1.2857142857142858
Mar 15 2024 01: +0,61.388,3,Galil AR | Chatterbox (Field-Tested),2024-03-15,61.388,3,Galil AR | Chatterbox (Field-Tested),-0.054908793981003526,-5.490879398100352,0.054908793981003526,True,66.19028571428571,204.75383699850823,1.4285714285714286
Mar 16 2024 01: +0,68.117,1,Galil AR | Chatterbox (Field-Tested),2024-03-16,68.117,1,Galil AR | Chatterbox (Field-Tested),0.10401243858231696,10.401243858231696,0.10401243858231696,True,67.11307142857143,207.873067507929,1.4285714285714286
Mar 18 2024 01: +0,55.436,1,Galil AR | Chatterbox (Field-Tested),2024-03-18,55.436,1,Galil AR | Chatterbox (Field-Tested),-0.20599761268860928,-20.599761268860927,0.20599761268860928,True,66.82692857142857,220.47379196946642,1.4285714285714286
Mar 19 2024 01: +0,62.04,4,Galil AR | Chatterbox (Field-Tested),2024-03-19,62.04,4,Galil AR | Chatterbox (Field-Tested),0.11255013610178205,11.255013610178205,0.11255013610178205,True,66.77478571428573,222.55173974273617,1.6428571428571428
Mar 22 2024 01: +0,52.592,1,Galil AR | Chatterbox (Field-Tested),2024-03-22,52.592,1,Galil AR | Chatterbox (Field-Tested),-0.16521532138647452,-16.52153213864745,0.16521532138647452,True,66.50492857142858,229.19956570696795,1.6428571428571428
Mar 23 2024 01: +0,54.769,4,Galil AR | Chatterbox (Field-Tested),2024-03-23,54.769,4,Galil AR | Chatterbox (Field-Tested),0.040560323536552596,4.05603235365526,0.040560323536552596,False,66.42178571428572,221.0470048909611,1.7857142857142858
Mar 24 2024 01: +0,58.083,3,Galil AR | Chatterbox (Field-Tested),2024-03-24,58.083,3,Galil AR | Chatterbox (Field-Tested),0.0587486816167217,5.87486816167217,0.0587486816167217,True,65.87671428571429,220.63706644637446,1.8571428571428572
Mar 25 2024 01: +0,66.139,1,Galil AR | Chatterbox (Field-Tested),2024-03-25,66.139,1,Galil AR | Chatterbox (Field-Tested),0.12988556592060438,12.988556592060437,0.12988556592060438,True,64.53535714285714,223.5999350197969,1.8571428571428572
Mar 26 2024 01: +0,69.743,1,Galil AR | Chatterbox (Field-Tested),2024-03-26,69.743,1,Galil AR | Chatterbox (Field-Tested),0.05305846924655008,5.305846924655008,0.05305846924655008,True,64.4675,223.62123374331713,1.8571428571428572
Mar 28 2024 01: +0,60.454,1,Galil AR | Chatterbox (Field-Tested),2024-03-28,60.454,1,Galil AR | Chatterbox (Field-Tested),-0.1429343119819033,-14.293431198190328,0.1429343119819033,True,63.92285714285715,222.89116806068506,1.7857142857142858
Mar 30 2024 01: +0,75.559,3,Galil AR | Chatterbox (Field-Tested),2024-03-30,75.559,3,Galil AR | Chatterbox (Field-Tested),0.22303106276972598,22.3031062769726,0.22303106276972598,True,63.863499999999995,232.4660671438647,1.8571428571428572
Mar 31 2024 01: +0,63.507,2,Galil AR | Chatterbox (Field-Tested),2024-03-31,63.507,2,Galil AR | Chatterbox (Field-Tested),-0.17376367198656237,-17.376367198656236,0.17376367198656237,True,63.404071428571434,240.54017960042185,1.9285714285714286
Apr 03 2024 01: +0,83.583,1,Galil AR | Chatterbox (Field-Tested),2024-04-03,83.583,1,Galil AR | Chatterbox (Field-Tested),0.274690014086538,27.4690014086538,0.274690014086538,True,64.01878571428571,258.3993188084004,1.9285714285714286
Apr 04 2024 01: +0,77.915,1,Galil AR | Chatterbox (Field-Tested),2024-04-04,77.915,1,Galil AR | Chatterbox (Field-Tested),-0.07022166123251275,-7.022166123251275,0.07022166123251275,True,64.95178571428572,257.4223599190483,1.9285714285714286
Apr 05 2024 01: +0,78.956,1,Galil AR | Chatterbox (Field-Tested),2024-04-05,78.956,1,Galil AR | Chatterbox (Field-Tested),0.013272246383163102,1.3272246383163102,0.013272246383163102,False,66.20664285714285,257.3065175867465,1.7857142857142858
Apr 08 2024 01: +0,70.015,1,Galil AR | Chatterbox (Field-Tested),2024-04-08,70.015,1,Galil AR | Chatterbox (Field-Tested),-0.12018123047300065,-12.018123047300065,0.12018123047300065,True,66.34221428571429,260.9371205334624,1.7857142857142858
Apr 09 2024 01: +0,70.176,1,Galil AR | Chatterbox (Field-Tested),2024-04-09,70.176,1,Galil AR | Chatterbox (Field-Tested),0.0022968674277373947,0.22968674277373946,0.0022968674277373947,False,67.39507142857143,256.028826964929,1.7857142857142858
Apr 12 2024 01: +0,80.172,1,Galil AR | Chatterbox (Field-Tested),2024-04-12,80.172,1,Galil AR | Chatterbox (Field-Tested),0.1331679544958629,13.31679544958629,0.1331679544958629,True,68.69021428571429,256.62087656379157,1.5714285714285714
Apr 14 2024 01: +0,78.971,1,Galil AR | Chatterbox (Field-Tested),2024-04-14,78.971,1,Galil AR | Chatterbox (Field-Tested),-0.01509363026543029,-1.5093630265430291,0.01509363026543029,False,70.57442857142857,255.80900124942204,1.5714285714285714
Apr 15 2024 01: +0,72.172,1,Galil AR | Chatterbox (Field-Tested),2024-04-15,72.172,1,Galil AR | Chatterbox (Field-Tested),-0.09002853741985826,-9.002853741985826,0.09002853741985826,True,71.8175,257.5688295934072,1.3571428571428572
Apr 16 2024 01: +0,76.55,2,Galil AR | Chatterbox (Field-Tested),2024-04-16,76.55,2,Galil AR | Chatterbox (Field-Tested),0.05889196305764073,5.889196305764073,0.05889196305764073,True,73.13657142857143,254.9735616179857,1.2857142857142858
Apr 18 2024 01: +0,69.119,2,Galil AR | Chatterbox (Field-Tested),2024-04-18,69.119,2,Galil AR | Chatterbox (Field-Tested),-0.1021144653051418,-10.21144653051418,0.1021144653051418,True,73.34942857142858,257.9170051338832,1.3571428571428572
Apr 19 2024 01: +0,69.081,1,Galil AR | Chatterbox (Field-Tested),2024-04-19,69.081,1,Galil AR | Chatterbox (Field-Tested),-0.0005499276549588902,-0.054992765495889016,0.0005499276549588902,False,73.30214285714285,251.85287482096075,1.3571428571428572
Apr 20 2024 01: +0,64.776,1,Galil AR | Chatterbox (Field-Tested),2024-04-20,64.776,1,Galil AR | Chatterbox (Field-Tested),-0.06434456475977883,-6.434456475977883,0.06434456475977883,True,73.61085714285714,235.33226075619308,1.3571428571428572
Apr 23 2024 01: +0,63.155,1,Galil AR | Chatterbox (Field-Tested),2024-04-23,63.155,1,Galil AR | Chatterbox (Field-Tested),-0.02534314215787457,-2.534314215787457,0.02534314215787457,False,72.72485714285715,226.9045415766933,1.2142857142857142
Apr 24 2024 01: +0,74.209,1,Galil AR | Chatterbox (Field-Tested),2024-04-24,74.209,1,Galil AR | Chatterbox (Field-Tested),0.16129341439243702,16.129341439243703,0.16129341439243702,True,73.48928571428573,233.67396355726058,1.1428571428571428
Apr 26 2024 01: +0,80.91,3,Galil AR | Chatterbox (Field-Tested),2024-04-26,80.91,3,Galil AR | Chatterbox (Field-Tested),0.0864519892013726,8.645198920137261,0.0864519892013726,True,73.29835714285714,232.14586264608624,1.2857142857142858
Apr 28 2024 01: +0,80.067,1,Galil AR | Chatterbox (Field-Tested),2024-04-28,80.067,1,Galil AR | Chatterbox (Field-Tested),-0.010473641653305417,-1.0473641653305417,0.010473641653305417,False,73.45207142857143,229.91932842151544,1.2857142857142858
May 01 2024 01: +0,66.644,3,Galil AR | Chatterbox (Field-Tested),2024-05-01,66.644,3,Galil AR | Chatterbox (Field-Tested),-0.18349876409962046,-18.349876409962047,0.18349876409962046,True,72.57264285714287,237.7192426893813,1.4285714285714286
May 02 2024 01: +0,62.56,1,Galil AR | Chatterbox (Field-Tested),2024-05-02,62.56,1,Galil AR | Chatterbox (Field-Tested),-0.06323892382976669,-6.323892382976669,0.06323892382976669,True,72.04014285714285,233.277097116181,1.4285714285714286
May 05 2024 01: +0,66.899,1,Galil AR | Chatterbox (Field-Tested),2024-05-05,66.899,1,Galil AR | Chatterbox (Field-Tested),0.06705792310230034,6.705792310230034,0.06705792310230034,True,71.80607142857143,233.6217759158527,1.4285714285714286
May 06 2024 01: +0,73.208,1,Galil AR | Chatterbox (Field-Tested),2024-05-06,73.208,1,Galil AR | Chatterbox (Field-Tested),0.0901206852737212,9.01206852737212,0.0901206852737212,True,71.30864285714287,232.91396346062618,1.4285714285714286
May 07 2024 01: +0,69.99,2,Galil AR | Chatterbox (Field-Tested),2024-05-07,69.99,2,Galil AR | Chatterbox (Field-Tested),-0.04495232991162879,-4.495232991162879,0.04495232991162879,False,70.66714285714286,221.26020287756418,1.5
May 08 2024 01: +0,83.001,1,Galil AR | Chatterbox (Field-Tested),2024-05-08,83.001,1,Galil AR | Chatterbox (Field-Tested),0.170500281215342,17.0500281215342,0.170500281215342,True,71.44064285714286,225.59504535862018,1.5
May 09 2024 01: +0,73.233,1,Galil AR | Chatterbox (Field-Tested),2024-05-09,73.233,1,Galil AR | Chatterbox (Field-Tested),-0.12520651686605053,-12.520651686605053,0.12520651686605053,True,71.20371428571428,222.09513332019299,1.4285714285714286
May 10 2024 01: +0,69.624,1,Galil AR | Chatterbox (Field-Tested),2024-05-10,69.624,1,Galil AR | Chatterbox (Field-Tested),-0.050536803563527126,-5.053680356352713,0.050536803563527126,True,71.23978571428572,222.84274932484277,1.3571428571428572
May 14 2024 01: +0,63.834,1,Galil AR | Chatterbox (Field-Tested),2024-05-14,63.834,1,Galil AR | Chatterbox (Field-Tested),-0.08682337172492843,-8.682337172492844,0.08682337172492843,True,70.865,224.44933361049556,1.3571428571428572
May 16 2024 01: +0,87.88,1,Galil AR | Chatterbox (Field-Tested),2024-05-16,87.88,1,Galil AR | Chatterbox (Field-Tested),0.3196862837541253,31.96862837541253,0.3196862837541253,True,72.51528571428571,246.60839128092098,1.3571428571428572
May 18 2024 01: +0,80.592,2,Galil AR | Chatterbox (Field-Tested),2024-05-18,80.592,2,Galil AR | Chatterbox (Field-Tested),-0.08657285851311472,-8.657285851311473,0.08657285851311472,True,73.76078571428572,248.3060268661511,1.4285714285714286
May 22 2024 01: +0,71.025,1,Galil AR | Chatterbox (Field-Tested),2024-05-22,71.025,1,Galil AR | Chatterbox (Field-Tested),-0.12636746126304294,-12.636746126304294,0.12636746126304294,True,73.53335714285716,247.12972674383397,1.4285714285714286
May 25 2024 01: +0,66.907,2,Galil AR | Chatterbox (Field-Tested),2024-05-25,66.907,2,Galil AR | Chatterbox (Field-Tested),-0.0597283322980375,-5.97283322980375,0.0597283322980375,True,72.53314285714285,235.17711937745665,1.3571428571428572
May 28 2024 01: +0,67.909,1,Galil AR | Chatterbox (Field-Tested),2024-05-28,67.909,1,Galil AR | Chatterbox (Field-Tested),0.014864978203250903,1.4864978203250903,0.014864978203250903,False,71.66471428571428,227.11018364062446,1.3571428571428572
May 29 2024 01: +0,69.298,3,Galil AR | Chatterbox (Field-Tested),2024-05-29,69.298,3,Galil AR | Chatterbox (Field-Tested),0.020247472105073706,2.0247472105073707,0.020247472105073706,False,71.85428571428572,204.95177405199473,1.3571428571428572
Jun 05 2024 01: +0,72.721,2,Galil AR | Chatterbox (Field-Tested),2024-06-05,72.721,2,Galil AR | Chatterbox (Field-Tested),0.04821415539927284,4.821415539927284,0.04821415539927284,False,72.58007142857143,204.46168543293592,1.4285714285714286
Jun 06 2024 01: +0,75.745,2,Galil AR | Chatterbox (Field-Tested),2024-06-06,75.745,2,Galil AR | Chatterbox (Field-Tested),0.040742234460475216,4.0742234460475215,0.040742234460475216,False,73.21192857142857,204.94893924106182,1.5
Jun 09 2024 01: +0,71.624,1,Galil AR | Chatterbox (Field-Tested),2024-06-09,71.624,1,Galil AR | Chatterbox (Field-Tested),-0.0559422222784322,-5.59422222784322,0.0559422222784322,True,73.09878571428571,201.45751629306847,1.5
Jun 10 2024 01: +0,71.09,3,Galil AR | Chatterbox (Field-Tested),2024-06-10,71.09,3,Galil AR | Chatterbox (Field-Tested),-0.0074835333904629715,-0.7483533390462972,0.0074835333904629715,False,73.17735714285716,201.47699329968387,1.5714285714285714
Jun 11 2024 01: +0,59.724,1,Galil AR | Chatterbox (Field-Tested),2024-06-11,59.724,1,Galil AR | Chatterbox (Field-Tested),-0.17421273027697443,-17.421273027697442,0.17421273027697443,True,71.51471428571429,204.49421257641447,1.5714285714285714
Jun 13 2024 01: +0,71.533,2,Galil AR | Chatterbox (Field-Tested),2024-06-13,71.533,2,Galil AR | Chatterbox (Field-Tested),0.18042493202096796,18.042493202096797,0.18042493202096796,True,71.39328571428572,214.96298217668084,1.6428571428571428
Jun 16 2024 01: +0,63.702,2,Galil AR | Chatterbox (Field-Tested),2024-06-16,63.702,2,Galil AR | Chatterbox (Field-Tested),-0.11594292242589438,-11.594292242589438,0.11594292242589438,True,70.97028571428572,216.46376328214333,1.7142857142857142
Jun 17 2024 01: +0,74.17,1,Galil AR | Chatterbox (Field-Tested),2024-06-17,74.17,1,Galil AR | Chatterbox (Field-Tested),0.15214379648897566,15.214379648897566,0.15214379648897566,True,71.70857142857143,222.24908564020848,1.7142857142857142
Jun 23 2024 01: +0,57.924,1,Galil AR | Chatterbox (Field-Tested),2024-06-23,57.924,1,Galil AR | Chatterbox (Field-Tested),-0.24722794928211062,-24.722794928211062,0.24722794928211062,True,69.56885714285714,235.899005351596,1.7142857142857142
Jun 25 2024 01: +0,65.702,2,Galil AR | Chatterbox (Field-Tested),2024-06-25,65.702,2,Galil AR | Chatterbox (Field-Tested),0.1259975599611831,12.599755996118308,0.1259975599611831,True,68.50528571428572,240.34735112423115,1.7142857142857142
Jun 26 2024 01: +0,61.868,3,Galil AR | Chatterbox (Field-Tested),2024-06-26,61.868,3,Galil AR | Chatterbox (Field-Tested),-0.060126283251645825,-6.012628325164583,0.060126283251645825,True,67.85121428571429,240.21337459474955,1.8571428571428572
Jun 29 2024 01: +0,59.321,2,Galil AR | Chatterbox (Field-Tested),2024-06-29,59.321,2,Galil AR | Chatterbox (Field-Tested),-0.042039708327415715,-4.203970832741572,0.042039708327415715,False,67.30935714285714,240.49212761143255,1.8571428571428572
Jun 30 2024 01: +0,60.682,3,Galil AR | Chatterbox (Field-Tested),2024-06-30,60.682,3,Galil AR | Chatterbox (Field-Tested),0.022683738877749316,2.2683738877749318,0.022683738877749316,False,66.79314285714285,233.3953905206174,2.0
Jul 01 2024 01: +0,69.304,2,Galil AR | Chatterbox (Field-Tested),2024-07-01,69.304,2,Galil AR | Chatterbox (Field-Tested),0.13285551086161232,13.285551086161233,0.13285551086161232,True,66.79357142857144,236.27014655329685,1.9285714285714286
Jul 05 2024 01: +0,62.968,3,Galil AR | Chatterbox (Field-Tested),2024-07-05,62.968,3,Galil AR | Chatterbox (Field-Tested),-0.09587596374769013,-9.587596374769012,0.09587596374769013,True,66.09692857142858,238.38030891652946,2.0
Jul 07 2024 01: +0,66.712,1,Galil AR | Chatterbox (Field-Tested),2024-07-07,66.712,1,Galil AR | Chatterbox (Field-Tested),0.057758185944535106,5.7758185944535105,0.057758185944535106,True,65.45171428571429,230.75782793187446,1.9285714285714286
Jul 08 2024 01: +0,66.502,2,Galil AR | Chatterbox (Field-Tested),2024-07-08,66.502,2,Galil AR | Chatterbox (Field-Tested),-0.003152824387155313,-0.3152824387155313,0.003152824387155313,False,65.08585714285714,229.63323480520353,2.0
Jul 11 2024 01: +0,71.323,1,Galil AR | Chatterbox (Field-Tested),2024-07-11,71.323,1,Galil AR | Chatterbox (Field-Tested),0.06998683364993266,6.9986833649932665,0.06998683364993266,True,65.10249999999999,229.73986334394456,1.8571428571428572
Jul 16 2024 01: +0,71.399,1,Galil AR | Chatterbox (Field-Tested),2024-07-16,71.399,1,Galil AR | Chatterbox (Field-Tested),0.0010650075977569691,0.10650075977569691,0.0010650075977569691,False,65.93642857142858,227.5366023529134,1.8571428571428572
Jul 19 2024 01: +0,49.854,1,Galil AR | Chatterbox (Field-Tested),2024-07-19,49.854,1,Galil AR | Chatterbox (Field-Tested),-0.35918512973431926,-35.91851297343192,0.35918512973431926,True,64.38792857142857,259.37675870053044,1.7857142857142858
Jul 22 2024 01: +0,67.315,1,Galil AR | Chatterbox (Field-Tested),2024-07-22,67.315,1,Galil AR | Chatterbox (Field-Tested),0.30028436052029883,30.028436052029882,0.30028436052029883,True,64.646,274.345215745067,1.7142857142857142
Jul 24 2024 01: +0,68.58,1,Galil AR | Chatterbox (Field-Tested),2024-07-24,68.58,1,Galil AR | Chatterbox (Field-Tested),0.01861785260357614,1.8617852603576142,0.01861785260357614,False,64.24671428571428,271.1122100856569,1.7142857142857142
Jul 25 2024 01: +0,76.559,1,Galil AR | Chatterbox (Field-Tested),2024-07-25,76.559,1,Galil AR | Chatterbox (Field-Tested),0.11006073837362773,11.006073837362774,0.11006073837362773,True,65.57778571428571,273.2860217754976,1.7142857142857142
Jul 26 2024 01: +0,68.589,1,Galil AR | Chatterbox (Field-Tested),2024-07-26,68.589,1,Galil AR | Chatterbox (Field-Tested),-0.10992951338820227,-10.992951338820227,0.10992951338820227,True,65.784,274.36037108001557,1.6428571428571428
Jul 27 2024 01: +0,66.432,2,Galil AR | Chatterbox (Field-Tested),2024-07-27,66.432,2,Galil AR | Chatterbox (Field-Tested),-0.031953303916830975,-3.1953303916830973,0.031953303916830975,False,66.11,249.46407379859338,1.5714285714285714
Jul 28 2024 01: +0,69.137,1,Galil AR | Chatterbox (Field-Tested),2024-07-28,69.137,1,Galil AR | Chatterbox (Field-Tested),0.03991117522599034,3.991117522599034,0.03991117522599034,False,66.81114285714285,248.43372969667584,1.5
Jul 30 2024 01: +0,66.958,1,Galil AR | Chatterbox (Field-Tested),2024-07-30,66.958,1,Galil AR | Chatterbox (Field-Tested),-0.03202448617246971,-3.202448617246971,0.03202448617246971,False,67.25942857142857,244.79084996003797,1.3571428571428572
Aug 05 2024 01: +0,66.95,1,Galil AR | Chatterbox (Field-Tested),2024-08-05,66.95,1,Galil AR | Chatterbox (Field-Tested),-0.00011948501970778289,-0.01194850197077829,0.00011948501970778289,False,67.09128571428572,243.90190286815576,1.2857142857142858
Aug 06 2024 01: +0,77.709,1,Galil AR | Chatterbox (Field-Tested),2024-08-06,77.709,1,Galil AR | Chatterbox (Field-Tested),0.14902500864446047,14.902500864446047,0.14902500864446047,True,68.14421428571428,249.3577605123435,1.1428571428571428
Aug 07 2024 01: +0,65.693,1,Galil AR | Chatterbox (Field-Tested),2024-08-07,65.693,1,Galil AR | Chatterbox (Field-Tested),-0.16797870586845384,-16.797870586845384,0.16797870586845384,True,68.07142857142857,256.40473567577027,1.1428571428571428
Aug 09 2024 01: +0,79.825,1,Galil AR | Chatterbox (Field-Tested),2024-08-09,79.825,1,Galil AR | Chatterbox (Field-Tested),0.19484436368765748,19.48443636876575,0.19484436368765748,True,69.02307142857144,264.9615145650999,1.0714285714285714
Aug 11 2024 01: +0,76.502,1,Galil AR | Chatterbox (Field-Tested),2024-08-11,76.502,1,Galil AR | Chatterbox (Field-Tested),-0.042519854319248915,-4.251985431924892,0.042519854319248915,False,69.393,265.064643679141,1.0714285714285714
Aug 12 2024 01: +0,66.262,2,Galil AR | Chatterbox (Field-Tested),2024-08-12,66.262,2,Galil AR | Chatterbox (Field-Tested),-0.14370030374222728,-14.370030374222727,0.14370030374222728,True,69.02607142857143,269.1457068464022,1.1428571428571428
Aug 14 2024 01: +0,72.002,2,Galil AR | Chatterbox (Field-Tested),2024-08-14,72.002,2,Galil AR | Chatterbox (Field-Tested),0.08307731586866812,8.307731586866812,0.08307731586866812,True,70.60807142857144,270.78730402648887,1.2142857142857142
Aug 16 2024 01: +0,66.279,1,Galil AR | Chatterbox (Field-Tested),2024-08-16,66.279,1,Galil AR | Chatterbox (Field-Tested),-0.08282079147103691,-8.28207914710369,0.08282079147103691,True,70.53407142857144,265.1873810813609,1.2142857142857142
Aug 17 2024 01: +0,66.474,1,Galil AR | Chatterbox (Field-Tested),2024-08-17,66.474,1,Galil AR | Chatterbox (Field-Tested),0.002937788829590171,0.2937788829590171,0.002937788829590171,False,70.38364285714286,257.3929948520363,1.2142857142857142
Aug 18 2024 01: +0,66.279,1,Galil AR | Chatterbox (Field-Tested),2024-08-18,66.279,1,Galil AR | Chatterbox (Field-Tested),-0.00293778882959013,-0.293778882959013,0.00293778882959013,False,69.64935714285714,254.11863216851498,1.2142857142857142
Aug 22 2024 01: +0,71.964,2,Galil AR | Chatterbox (Field-Tested),2024-08-22,71.964,2,Galil AR | Chatterbox (Field-Tested),0.08229288903737213,8.229288903737213,0.08229288903737213,True,69.89042857142857,250.03596475773185,1.2857142857142858
Aug 25 2024 01: +0,60.604,2,Galil AR | Chatterbox (Field-Tested),2024-08-25,60.604,2,Galil AR | Chatterbox (Field-Tested),-0.17180509647678405,-17.180509647678406,0.17180509647678405,True,69.47414285714285,241.940896058105,1.2857142857142858
Aug 27 2024 01: +0,80.129,1,Galil AR | Chatterbox (Field-Tested),2024-08-27,80.129,1,Galil AR | Chatterbox (Field-Tested),0.2792769384940636,27.92769384940636,0.2792769384940636,True,70.25928571428571,257.28823724286076,1.2857142857142858
Sep 03 2024 01: +0,67.518,1,Galil AR | Chatterbox (Field-Tested),2024-09-03,67.518,1,Galil AR | Chatterbox (Field-Tested),-0.17124360699573762,-17.124360699573764,0.17124360699573762,True,70.29928571428572,263.75430181018345,1.2857142857142858
Sep 06 2024 01: +0,66.135,1,Galil AR | Chatterbox (Field-Tested),2024-09-06,66.135,1,Galil AR | Chatterbox (Field-Tested),-0.020696121517904294,-2.0696121517904293,0.020696121517904294,False,70.24107142857143,263.40128962095145,1.2857142857142858
Sep 10 2024 01: +0,86.867,1,Galil AR | Chatterbox (Field-Tested),2024-09-10,86.867,1,Galil AR | Chatterbox (Field-Tested),0.2726801058358039,27.268010583580388,0.2726801058358039,True,70.89521428571429,279.61327898000314,1.2857142857142858
Sep 11 2024 01: +0,64.428,2,Galil AR | Chatterbox (Field-Tested),2024-09-11,64.428,2,Galil AR | Chatterbox (Field-Tested),-0.29882989208538185,-29.882989208538184,0.29882989208538185,True,70.80485714285714,296.1739526765545,1.3571428571428572
Sep 12 2024 01: +0,66.984,1,Galil AR | Chatterbox (Field-Tested),2024-09-12,66.984,1,Galil AR | Chatterbox (Field-Tested),0.038905463673697974,3.8905463673697973,0.038905463673697974,False,69.88764285714286,294.5485734587676,1.3571428571428572
Sep 14 2024 01: +0,74.778,2,Galil AR | Chatterbox (Field-Tested),2024-09-14,74.778,2,Galil AR | Chatterbox (Field-Tested),0.11006993917016428,11.006993917016427,0.11006993917016428,True,69.7645,296.35322579292495,1.4285714285714286
Sep 17 2024 01: +0,67.417,1,Galil AR | Chatterbox (Field-Tested),2024-09-17,67.417,1,Galil AR | Chatterbox (Field-Tested),-0.10362651243825433,-10.362651243825432,0.10362651243825433,True,69.84700000000001,298.7129396476763,1.3571428571428572
Sep 22 2024 01: +0,67.517,1,Galil AR | Chatterbox (Field-Tested),2024-09-22,67.517,1,Galil AR | Chatterbox (Field-Tested),0.0014822063869417085,0.14822063869417085,0.0014822063869417085,False,69.52664285714285,297.6598242979341,1.2857142857142858
Sep 23 2024 01: +0,80.068,1,Galil AR | Chatterbox (Field-Tested),2024-09-23,80.068,1,Galil AR | Chatterbox (Field-Tested),0.17049685560747735,17.049685560747736,0.17049685560747735,True,70.51157142857143,303.6732793824518,1.2857142857142858
Sep 24 2024 01: +0,65.175,1,Galil AR | Chatterbox (Field-Tested),2024-09-24,65.175,1,Galil AR | Chatterbox (Field-Tested),-0.20580031380889413,-20.580031380889412,0.20580031380889413,True,70.41878571428572,284.717477944734,1.2857142857142858
Sep 25 2024 01: +0,64.292,1,Galil AR | Chatterbox (Field-Tested),2024-09-25,64.292,1,Galil AR | Chatterbox (Field-Tested),-0.013640753112670817,-1.3640753112670818,0.013640753112670817,False,70.27685714285715,264.63335562601713,1.2857142857142858
Sep 28 2024 01: +0,66.763,1,Galil AR | Chatterbox (Field-Tested),2024-09-28,66.763,1,Galil AR | Chatterbox (Field-Tested),0.03771382816517574,3.771382816517574,0.03771382816517574,False,69.90535714285714,264.9000494005563,1.2142857142857142
Sep 30 2024 01: +0,65.515,1,Galil AR | Chatterbox (Field-Tested),2024-09-30,65.515,1,Galil AR | Chatterbox (Field-Tested),-0.018869910815521782,-1.8869910815521782,0.018869910815521782,False,70.25614285714286,261.9035110540187,1.1428571428571428
Oct 01 2024 01: +0,71.136,1,Galil AR | Chatterbox (Field-Tested),2024-10-01,71.136,1,Galil AR | Chatterbox (Field-Tested),0.08231441372523744,8.231441372523744,0.08231441372523744,True,69.61378571428573,260.8093278811513,1.1428571428571428
Oct 02 2024 01: +0,68.283,1,Galil AR | Chatterbox (Field-Tested),2024-10-02,68.283,1,Galil AR | Chatterbox (Field-Tested),-0.04093270408962881,-4.093270408962881,0.04093270408962881,False,69.66842857142858,260.9718139477789,1.1428571428571428
Oct 03 2024 01: +0,63.409,1,Galil AR | Chatterbox (Field-Tested),2024-10-03,63.409,1,Galil AR | Chatterbox (Field-Tested),-0.07405502648779101,-7.405502648779101,0.07405502648779101,True,69.4737142857143,261.85461010142296,1.1428571428571428
Oct 04 2024 01: +0,70.548,1,Galil AR | Chatterbox (Field-Tested),2024-10-04,70.548,1,Galil AR | Chatterbox (Field-Tested),0.10668752200375207,10.668752200375208,0.10668752200375207,True,68.30807142857144,264.3695956077771,1.1428571428571428
Oct 05 2024 01: +0,69.799,1,Galil AR | Chatterbox (Field-Tested),2024-10-05,69.799,1,Galil AR | Chatterbox (Field-Tested),-0.010673646189983158,-1.0673646189983157,0.010673646189983158,False,68.6917142857143,264.40457294234767,1.0714285714285714
Oct 07 2024 01: +0,68.02,1,Galil AR | Chatterbox (Field-Tested),2024-10-07,68.02,1,Galil AR | Chatterbox (Field-Tested),-0.02581790343908567,-2.581790343908567,0.02581790343908567,False,68.76571428571428,259.09719421611845,1.0714285714285714
Oct 09 2024 01: +0,70.028,1,Galil AR | Chatterbox (Field-Tested),2024-10-09,70.028,1,Galil AR | Chatterbox (Field-Tested),0.029093382491636594,2.9093382491636595,0.029093382491636594,False,68.42642857142857,252.47520194080627,1.0
Oct 11 2024 01: +0,67.077,1,Galil AR | Chatterbox (Field-Tested),2024-10-11,67.077,1,Galil AR | Chatterbox (Field-Tested),-0.04305394883490986,-4.305394883490986,0.04305394883490986,False,68.40214285714286,243.08204579431703,1.0
Oct 12 2024 01: +0,66.211,1,Galil AR | Chatterbox (Field-Tested),2024-10-12,66.211,1,Galil AR | Chatterbox (Field-Tested),-0.012994600954385477,-1.2994600954385478,0.012994600954385477,False,68.30885714285715,242.73860766923735,1.0
Oct 14 2024 01: +0,69.378,1,Galil AR | Chatterbox (Field-Tested),2024-10-14,69.378,1,Galil AR | Chatterbox (Field-Tested),0.04672320209348899,4.672320209348899,0.04672320209348899,False,67.54528571428571,238.06822065426357,1.0
Oct 17 2024 01: +0,74.558,1,Galil AR | Chatterbox (Field-Tested),2024-10-17,74.558,1,Galil AR | Chatterbox (Field-Tested),0.07200753160835045,7.2007531608350455,0.07200753160835045,True,68.2155,237.62187921447637,1.0
Oct 19 2024 01: +0,78.859,1,Galil AR | Chatterbox (Field-Tested),2024-10-19,78.859,1,Galil AR | Chatterbox (Field-Tested),0.056084101685875444,5.608410168587544,0.056084101685875444,True,69.256,236.37918220294142,1.0
Oct 21 2024 01: +0,74.719,1,Galil AR | Chatterbox (Field-Tested),2024-10-21,74.719,1,Galil AR | Chatterbox (Field-Tested),-0.05392703713572026,-5.3927037135720255,0.05392703713572026,True,69.82428571428572,237.29603779224115,1.0
Oct 22 2024 01: +0,71.577,3,Galil AR | Chatterbox (Field-Tested),2024-10-22,71.577,3,Galil AR | Chatterbox (Field-Tested),-0.04296061722216785,-4.296061722216785,0.04296061722216785,False,70.25728571428571,237.8511331619835,1.1428571428571428
Oct 24 2024 01: +0,68.011,1,Galil AR | Chatterbox (Field-Tested),2024-10-24,68.011,1,Galil AR | Chatterbox (Field-Tested),-0.0511043365117278,-5.11043365117278,0.0511043365117278,True,70.03407142857144,236.771906961749,1.1428571428571428
Oct 25 2024 01: +0,69.624,1,Galil AR | Chatterbox (Field-Tested),2024-10-25,69.624,1,Galil AR | Chatterbox (Field-Tested),0.02343987868772271,2.343987868772271,0.02343987868772271,False,70.12985714285715,228.7960737895806,1.1428571428571428
Oct 26 2024 01: +0,67.786,2,Galil AR | Chatterbox (Field-Tested),2024-10-26,67.786,2,Galil AR | Chatterbox (Field-Tested),-0.02675365153830705,-2.6753651538307053,0.02675365153830705,False,70.44250000000001,206.35989547508373,1.2142857142857142
Oct 28 2024 01: +0,77.147,1,Galil AR | Chatterbox (Field-Tested),2024-10-28,77.147,1,Galil AR | Chatterbox (Field-Tested),0.12935700881581286,12.935700881581285,0.12935700881581286,True,70.91385714285714,202.58946878916606,1.2142857142857142
Nov 02 2024 01: +0,67.646,1,Galil AR | Chatterbox (Field-Tested),2024-11-02,67.646,1,Galil AR | Chatterbox (Field-Tested),-0.13142446776004815,-13.142446776004816,0.13142446776004815,True,70.76007142857142,207.93015315659738,1.2142857142857142
Nov 05 2024 01: +0,71.528,1,Galil AR | Chatterbox (Field-Tested),2024-11-05,71.528,1,Galil AR | Chatterbox (Field-Tested),0.055800756428346955,5.580075642834696,0.055800756428346955,True,71.01064285714286,184.6949278158847,1.2142857142857142
Nov 11 2024 01: +0,69.306,2,Galil AR | Chatterbox (Field-Tested),2024-11-11,69.306,2,Galil AR | Chatterbox (Field-Tested),-0.0315574988984188,-3.1557498898418803,0.0315574988984188,False,70.95907142857143,152.09926520030405,1.2857142857142858
Nov 20 2024 01: +0,72.596,1,Galil AR | Chatterbox (Field-Tested),2024-11-20,72.596,1,Galil AR | Chatterbox (Field-Tested),0.046378341359555965,4.637834135955597,0.046378341359555965,False,71.35328571428572,152.34693869809448,1.2857142857142858
Nov 21 2024 01: +0,71.272,2,Galil AR | Chatterbox (Field-Tested),2024-11-21,71.272,2,Galil AR | Chatterbox (Field-Tested),-0.018406280475811554,-1.8406280475811554,0.018406280475811554,False,71.71478571428571,147.46133621709345,1.3571428571428572
Nov 22 2024 01: +0,67.807,2,Galil AR | Chatterbox (Field-Tested),2024-11-22,67.807,2,Galil AR | Chatterbox (Field-Tested),-0.04983810896361612,-4.983810896361613,0.04983810896361612,False,71.60257142857144,143.92858386502164,1.4285714285714286
Nov 24 2024 01: +0,68.083,2,Galil AR | Chatterbox (Field-Tested),2024-11-24,68.083,2,Galil AR | Chatterbox (Field-Tested),0.004062114644458449,0.4062114644458449,0.004062114644458449,False,71.14007142857143,143.93430714152146,1.5
Nov 25 2024 01: +0,75.004,1,Galil AR | Chatterbox (Field-Tested),2024-11-25,75.004,1,Galil AR | Chatterbox (Field-Tested),0.09681389634828717,9.681389634828717,0.09681389634828717,True,70.86471428571429,134.9831769702239,1.5
Nov 27 2024 01: +0,69.387,1,Galil AR | Chatterbox (Field-Tested),2024-11-27,69.387,1,Galil AR | Chatterbox (Field-Tested),-0.07784191536600048,-7.784191536600048,0.07784191536600048,True,70.48385714285715,116.84958115430102,1.5
Nov 28 2024 01: +0,72.786,2,Galil AR | Chatterbox (Field-Tested),2024-11-28,72.786,2,Galil AR | Chatterbox (Field-Tested),0.047824098935365544,4.782409893536554,0.047824098935365544,False,70.57021428571429,117.77148548278811,1.4285714285714286
Dec 01 2024 01: +0,70.293,1,Galil AR | Chatterbox (Field-Tested),2024-12-01,70.293,1,Galil AR | Chatterbox (Field-Tested),-0.03485140841543195,-3.4851408415431955,0.03485140841543195,False,70.73321428571428,117.8874165085259,1.4285714285714286
Dec 02 2024 01: +0,72.303,1,Galil AR | Chatterbox (Field-Tested),2024-12-02,72.303,1,Galil AR | Chatterbox (Field-Tested),0.028193401478404344,2.8193401478404345,0.028193401478404344,False,70.92457142857144,117.99589590255599,1.4285714285714286
Dec 05 2024 01: +0,69.862,1,Galil AR | Chatterbox (Field-Tested),2024-12-05,69.862,1,Galil AR | Chatterbox (Field-Tested),-0.034343754424973505,-3.4343754424973505,0.034343754424973505,False,71.07285714285715,115.14378931606157,1.3571428571428572
Dec 07 2024 01: +0,70.805,1,Galil AR | Chatterbox (Field-Tested),2024-12-07,70.805,1,Galil AR | Chatterbox (Field-Tested),0.013407752020185976,1.3407752020185977,0.013407752020185976,False,70.61985714285714,114.30524668423925,1.3571428571428572
Dec 08 2024 01: +0,75.509,1,Galil AR | Chatterbox (Field-Tested),2024-12-08,75.509,1,Galil AR | Chatterbox (Field-Tested),0.06432223477358313,6.432223477358313,0.06432223477358313,True,71.1815,113.02093837518576,1.3571428571428572
Dec 10 2024 01: +0,79.924,1,Galil AR | Chatterbox (Field-Tested),2024-12-10,79.924,1,Galil AR | Chatterbox (Field-Tested),0.05682432868928092,5.682432868928092,0.05682432868928092,True,71.78121428571428,108.67469976131719,1.3571428571428572
Dec 13 2024 01: +0,70.711,1,Galil AR | Chatterbox (Field-Tested),2024-12-13,70.711,1,Galil AR | Chatterbox (Field-Tested),-0.12247503535048905,-12.247503535048905,0.12247503535048905,True,71.88157142857143,117.25364750517748,1.2857142857142858
Dec 14 2024 01: +0,68.889,2,Galil AR | Chatterbox (Field-Tested),2024-12-14,68.889,2,Galil AR | Chatterbox (Field-Tested),-0.026104634182554376,-2.6104634182554376,0.026104634182554376,False,71.61678571428573,117.26176933787728,1.3571428571428572
Dec 19 2024 01: +0,58.519,1,Galil AR | Chatterbox (Field-Tested),2024-12-19,58.519,1,Galil AR | Chatterbox (Field-Tested),-0.16314502577390677,-16.314502577390677,0.16314502577390677,True,70.70585714285714,129.8430040091242,1.2857142857142858
Dec 21 2024 01: +0,69.293,1,Galil AR | Chatterbox (Field-Tested),2024-12-21,69.293,1,Galil AR | Chatterbox (Field-Tested),0.1689924031620477,16.899240316204768,0.1689924031620477,True,70.812,142.6574090700784,1.2142857142857142
Dec 23 2024 01: +0,67.489,2,Galil AR | Chatterbox (Field-Tested),2024-12-23,67.489,2,Galil AR | Chatterbox (Field-Tested),-0.026379269357368923,-2.637926935736892,0.026379269357368923,False,70.76957142857144,142.8998431231231,1.2142857142857142
Dec 24 2024 01: +0,70.885,1,Galil AR | Chatterbox (Field-Tested),2024-12-24,70.885,1,Galil AR | Chatterbox (Field-Tested),0.049094223933980156,4.909422393398016,0.049094223933980156,False,70.47535714285715,142.99844485542408,1.2142857142857142
Dec 25 2024 01: +0,104.509,1,Galil AR | Chatterbox (Field-Tested),2024-12-25,104.509,1,Galil AR | Chatterbox (Field-Tested),0.3882143465286913,38.82143465286913,0.3882143465286913,True,72.98407142857143,195.67363102291287,1.2142857142857142
Dec 28 2024 01: +0,70.848,1,Galil AR | Chatterbox (Field-Tested),2024-12-28,70.848,1,Galil AR | Chatterbox (Field-Tested),-0.38873645501211446,-38.87364550121145,0.38873645501211446,True,72.84564285714286,239.46262442157908,1.1428571428571428
Dec 29 2024 01: +0,68.071,1,Galil AR | Chatterbox (Field-Tested),2024-12-29,68.071,1,Galil AR | Chatterbox (Field-Tested),-0.03998545897470749,-3.998545897470749,0.03998545897470749,False,72.68692857142858,239.14279177738266,1.1428571428571428
Jan 03 2025 01: +0,65.065,1,Galil AR | Chatterbox (Field-Tested),2025-01-03,65.065,1,Galil AR | Chatterbox (Field-Tested),-0.04516450788274351,-4.516450788274351,0.04516450788274351,False,72.16992857142857,239.19025063151008,1.1428571428571428
Jan 05 2025 01: +0,83.796,1,Galil AR | Chatterbox (Field-Tested),2025-01-05,83.796,1,Galil AR | Chatterbox (Field-Tested),0.25299850342317803,25.299850342317804,0.25299850342317803,True,73.1652142857143,254.5484022376225,1.1428571428571428
Jan 07 2025 01: +0,74.854,1,Galil AR | Chatterbox (Field-Tested),2025-01-07,74.854,1,Galil AR | Chatterbox (Field-Tested),-0.11284572400037775,-11.284572400037774,0.11284572400037775,True,73.45442857142858,257.8550678929323,1.1428571428571428
Jan 08 2025 01: +0,75.016,1,Galil AR | Chatterbox (Field-Tested),2025-01-08,75.016,1,Galil AR | Chatterbox (Field-Tested),0.0021618744658032773,0.21618744658032774,0.0021618744658032773,False,73.41921428571429,257.64055651003434,1.1428571428571428
Jan 13 2025 01: +0,68.835,1,Galil AR | Chatterbox (Field-Tested),2025-01-13,68.835,1,Galil AR | Chatterbox (Field-Tested),-0.08598908760241766,-8.598908760241766,0.08598908760241766,True,72.62714285714286,255.32681674275773,1.1428571428571428
Jan 16 2025 01: +0,74.018,1,Galil AR | Chatterbox (Field-Tested),2025-01-16,74.018,1,Galil AR | Chatterbox (Field-Tested),0.07259597035366532,7.259597035366531,0.07259597035366532,True,72.86335714285714,252.3919283512877,1.1428571428571428
Jan 17 2025 01: +0,105.286,1,Galil AR | Chatterbox (Field-Tested),2025-01-17,105.286,1,Galil AR | Chatterbox (Field-Tested),0.35237214996597577,35.23721499659758,0.35237214996597577,True,75.46314285714286,279.90100852607736,1.0714285714285714
Jan 24 2025 01: +0,61.72,1,Galil AR | Chatterbox (Field-Tested),2025-01-24,61.72,1,Galil AR | Chatterbox (Field-Tested),-0.5340724293395873,-53.407242933958734,0.5340724293395873,True,75.69178571428571,338.65901563103995,1.0714285714285714
Jan 29 2025 01: +0,61.134,1,Galil AR | Chatterbox (Field-Tested),2025-01-29,61.134,1,Galil AR | Chatterbox (Field-Tested),-0.009539851274756735,-0.9539851274756735,0.009539851274756735,False,75.10900000000001,338.17621270207377,1.0714285714285714
Feb 01 2025 01: +0,43.49,1,Galil AR | Chatterbox (Field-Tested),2025-02-01,43.49,1,Galil AR | Chatterbox (Field-Tested),-0.3405371496106562,-34.053714961065616,0.3405371496106562,True,73.39478571428572,357.79372134902275,1.0
Feb 02 2025 01: +0,70.738,1,Galil AR | Chatterbox (Field-Tested),2025-02-02,70.738,1,Galil AR | Chatterbox (Field-Tested),0.4864518842207549,48.64518842207549,0.4864518842207549,True,73.38428571428572,398.1247969749264,1.0
Feb 03 2025 01: +0,68.02,1,Galil AR | Chatterbox (Field-Tested),2025-02-03,68.02,1,Galil AR | Chatterbox (Field-Tested),-0.039181131251252756,-3.9181131251252754,0.039181131251252756,False,70.77792857142857,398.374202339911,1.0
Feb 09 2025 01: +0,78.964,1,Galil AR | Chatterbox (Field-Tested),2025-02-09,78.964,1,Galil AR | Chatterbox (Field-Tested),0.14919027282437206,14.919027282437206,0.14919027282437206,True,71.35764285714286,400.39057335096794,1.0
Feb 12 2025 01: +0,75.406,1,Galil AR | Chatterbox (Field-Tested),2025-02-12,75.406,1,Galil AR | Chatterbox (Field-Tested),-0.04610520495866376,-4.610520495866377,0.04610520495866376,False,71.88157142857143,399.7494016140728,1.0
Feb 14 2025 01: +0,77.116,1,Galil AR | Chatterbox (Field-Tested),2025-02-14,77.116,1,Galil AR | Chatterbox (Field-Tested),0.022423934292464764,2.2423934292464764,0.022423934292464764,False,72.74235714285714,399.4872084692293,1.0
Feb 15 2025 01: +0,75.704,1,Galil AR | Chatterbox (Field-Tested),2025-02-15,75.704,1,Galil AR | Chatterbox (Field-Tested),-0.018479782531290904,-1.8479782531290905,0.018479782531290904,False,72.16435714285714,399.33829577728426,1.0
Feb 17 2025 01: +0,76.417,1,Galil AR | Chatterbox (Field-Tested),2025-02-17,76.417,1,Galil AR | Chatterbox (Field-Tested),0.009374185303183003,0.9374185303183004,0.009374185303183003,False,72.276,399.2396715840859,1.0
Feb 18 2025 01: +0,71.73,1,Galil AR | Chatterbox (Field-Tested),2025-02-18,71.73,1,Galil AR | Chatterbox (Field-Tested),-0.06329611437077126,-6.329611437077126,0.06329611437077126,True,72.0412857142857,399.6974387208678,1.0
Feb 22 2025 01: +0,80.302,1,Galil AR | Chatterbox (Field-Tested),2025-02-22,80.302,1,Galil AR | Chatterbox (Field-Tested),0.11288545710445778,11.288545710445778,0.11288545710445778,True,72.86035714285715,401.5915220261306,1.0
Feb 27 2025 01: +0,79.027,1,Galil AR | Chatterbox (Field-Tested),2025-02-27,79.027,1,Galil AR | Chatterbox (Field-Tested),-0.01600496101467868,-1.600496101467868,0.01600496101467868,False,73.21814285714287,401.05488320568384,1.0
Mar 03 2025 01: +0,71.442,1,Galil AR | Chatterbox (Field-Tested),2025-03-03,71.442,1,Galil AR | Chatterbox (Field-Tested),-0.10090363453102925,-10.090363453102926,0.10090363453102925,True,70.80071428571429,402.08951014294456,1.0
Mar 05 2025 01: +0,70.185,1,Galil AR | Chatterbox (Field-Tested),2025-03-05,70.185,1,Galil AR | Chatterbox (Field-Tested),-0.017751318710803602,-1.7751318710803603,0.017751318710803602,False,71.40535714285714,399.85029538881923,1.0
Mar 08 2025 01: +0,63.681,1,Galil AR | Chatterbox (Field-Tested),2025-03-08,63.681,1,Galil AR | Chatterbox (Field-Tested),-0.09724836805587284,-9.724836805587284,0.09724836805587284,True,71.58728571428573,401.1970915854298,1.0
Mar 09 2025 01: +0,69.37,1,Galil AR | Chatterbox (Field-Tested),2025-03-09,69.37,1,Galil AR | Chatterbox (Field-Tested),0.08556825246679346,8.556825246679347,0.08556825246679346,True,73.43585714285715,398.0392043607688,1.0
Mar 12 2025 01: +0,82.765,1,Galil AR | Chatterbox (Field-Tested),2025-03-12,82.765,1,Galil AR | Chatterbox (Field-Tested),0.17655076931491884,17.655076931491884,0.17655076931491884,True,74.29492857142857,398.43807510574754,1.0
Mar 13 2025 01: +0,82.225,1,Galil AR | Chatterbox (Field-Tested),2025-03-13,82.225,1,Galil AR | Chatterbox (Field-Tested),-0.006545874637008196,-0.6545874637008197,0.006545874637008196,False,75.30957142857143,398.2957358318972,1.0
Mar 15 2025 01: +0,76.145,2,Galil AR | Chatterbox (Field-Tested),2025-03-15,76.145,2,Galil AR | Chatterbox (Field-Tested),-0.07681997477146645,-7.681997477146645,0.07681997477146645,True,75.1082142857143,399.0250967889591,1.0714285714285714
Mar 17 2025 01: +0,80.431,1,Galil AR | Chatterbox (Field-Tested),2025-03-17,80.431,1,Galil AR | Chatterbox (Field-Tested),0.0547602567067342,5.47602567067342,0.0547602567067342,True,75.46714285714286,374.65118932699124,1.0714285714285714
Mar 19 2025 01: +0,81.316,1,Galil AR | Chatterbox (Field-Tested),2025-03-19,81.316,1,Galil AR | Chatterbox (Field-Tested),0.010943125148429343,1.0943125148429342,0.010943125148429343,False,75.76714285714286,348.66437715614865,1.0714285714285714
Mar 23 2025 01: +0,95.589,1,Galil AR | Chatterbox (Field-Tested),2025-03-23,95.589,1,Galil AR | Chatterbox (Field-Tested),0.16171495151680415,16.171495151680414,0.16171495151680415,True,77.1875,352.49569718507803,1.0714285714285714
Mar 26 2025 01: +0,105.646,1,Galil AR | Chatterbox (Field-Tested),2025-03-26,105.646,1,Galil AR | Chatterbox (Field-Tested),0.10003613180836864,10.003613180836863,0.10003613180836864,True,79.27528571428572,353.2052079865078,1.0714285714285714
Mar 30 2025 01: +0,67.994,1,Galil AR | Chatterbox (Field-Tested),2025-03-30,67.994,1,Galil AR | Chatterbox (Field-Tested),-0.4406744164949641,-44.06744164949641,0.4406744164949641,True,79.00842857142857,376.7516859464507,1.0714285714285714
Apr 01 2025 01: +0,77.105,1,Galil AR | Chatterbox (Field-Tested),2025-04-01,77.105,1,Galil AR | Chatterbox (Field-Tested),0.12574866332059337,12.574866332059337,0.12574866332059337,True,78.78007142857143,377.50340975932073,1.0714285714285714
Apr 06 2025 01: +0,80.769,2,Galil AR | Chatterbox (Field-Tested),2025-04-06,80.769,2,Galil AR | Chatterbox (Field-Tested),0.046425099233473766,4.642509923347377,0.046425099233473766,False,78.9045,377.83631565873065,1.1428571428571428
Apr 07 2025 01: +0,93.55,1,Galil AR | Chatterbox (Field-Tested),2025-04-07,93.55,1,Galil AR | Chatterbox (Field-Tested),0.14690282417700498,14.690282417700498,0.14690282417700498,True,80.48364285714287,379.7023201802804,1.1428571428571428
Apr 12 2025 01: +0,101.097,1,Galil AR | Chatterbox (Field-Tested),2025-04-12,101.097,1,Galil AR | Chatterbox (Field-Tested),0.07758439927555301,7.758439927555301,0.07758439927555301,True,82.69164285714287,379.8094230905969,1.1428571428571428
Apr 15 2025 01: +0,77.334,1,Galil AR | Chatterbox (Field-Tested),2025-04-15,77.334,1,Galil AR | Chatterbox (Field-Tested),-0.267946748344954,-26.794674834495403,0.267946748344954,True,83.66685714285714,371.0419258838121,1.1428571428571428
Apr 27 2025 01: +0,76.08,1,Galil AR | Chatterbox (Field-Tested),2025-04-27,76.08,1,Galil AR | Chatterbox (Field-Tested),-0.016348285413562653,-1.6348285413562653,0.016348285413562653,False,84.14614285714286,319.40808535986463,1.1428571428571428
Apr 29 2025 01: +0,85.573,1,Galil AR | Chatterbox (Field-Tested),2025-04-29,85.573,1,Galil AR | Chatterbox (Field-Tested),0.11758439459428592,11.758439459428592,0.11758439459428592,True,84.34671428571428,321.6509387144077,1.1428571428571428
May 01 2025 01: +0,74.083,1,Galil AR | Chatterbox (Field-Tested),2025-05-01,74.083,1,Galil AR | Chatterbox (Field-Tested),-0.14418372655320927,-14.418372655320926,0.14418372655320927,True,83.76514285714286,301.2712592206934,1.1428571428571428
May 02 2025 01: +0,68.682,1,Galil AR | Chatterbox (Field-Tested),2025-05-02,68.682,1,Galil AR | Chatterbox (Field-Tested),-0.07569893011381709,-7.569893011381709,0.07569893011381709,True,83.23207142857143,250.77649913515344,1.0714285714285714
May 04 2025 01: +0,72.121,1,Galil AR | Chatterbox (Field-Tested),2025-05-04,72.121,1,Galil AR | Chatterbox (Field-Tested),0.04885810785384985,4.885810785384985,0.04885810785384985,False,82.6385,250.96882694506016,1.0714285714285714
May 07 2025 01: +0,74.634,1,Galil AR | Chatterbox (Field-Tested),2025-05-07,74.634,1,Galil AR | Chatterbox (Field-Tested),0.03425090343763848,3.425090343763848,0.03425090343763848,False,82.1612142857143,245.62702350602166,1.0714285714285714
May 08 2025 01: +0,84.412,2,Galil AR | Chatterbox (Field-Tested),2025-05-08,84.412,2,Galil AR | Chatterbox (Field-Tested),0.12311340413418395,12.311340413418396,0.12311340413418395,True,81.36285714285714,248.86283642404393,1.1428571428571428
May 10 2025 01: +0,83.142,1,Galil AR | Chatterbox (Field-Tested),2025-05-10,83.142,1,Galil AR | Chatterbox (Field-Tested),-0.01515958224543354,-1.515958224543354,0.01515958224543354,False,79.75542857142857,248.85337395357743,1.1428571428571428
May 12 2025 01: +0,84.246,1,Galil AR | Chatterbox (Field-Tested),2025-05-12,84.246,1,Galil AR | Chatterbox (Field-Tested),0.013191101015927078,1.3191101015927078,0.013191101015927078,False,80.9162857142857,248.76237179780176,1.1428571428571428
May 13 2025 01: +0,82.153,2,Galil AR | Chatterbox (Field-Tested),2025-05-13,82.153,2,Galil AR | Chatterbox (Field-Tested),-0.025157727980466282,-2.515772798046628,0.025157727980466282,False,81.27685714285714,248.9523878334912,1.2142857142857142
May 18 2025 01: +0,87.442,1,Galil AR | Chatterbox (Field-Tested),2025-05-18,87.442,1,Galil AR | Chatterbox (Field-Tested),0.06239235405369151,6.2392354053691506,0.06239235405369151,True,81.7535,248.6370551514446,1.1428571428571428
May 20 2025 01: +0,81.512,1,Galil AR | Chatterbox (Field-Tested),2025-05-20,81.512,1,Galil AR | Chatterbox (Field-Tested),-0.07022546776180108,-7.022546776180108,0.07022546776180108,True,80.89364285714286,246.9835242792907,1.1428571428571428
May 25 2025 01: +0,64.275,2,Galil AR | Chatterbox (Field-Tested),2025-05-25,64.275,2,Galil AR | Chatterbox (Field-Tested),-0.2375794955200309,-23.75794955200309,0.2375794955200309,True,78.26350000000001,260.56594634289524,1.2142857142857142
May 26 2025 01: +0,80.036,1,Galil AR | Chatterbox (Field-Tested),2025-05-26,80.036,1,Galil AR | Chatterbox (Field-Tested),0.21930578030229314,21.930578030229313,0.21930578030229314,True,78.4565,269.79891852222863,1.2142857142857142
May 28 2025 01: +0,81.383,1,Galil AR | Chatterbox (Field-Tested),2025-05-28,81.383,1,Galil AR | Chatterbox (Field-Tested),0.016689872534205497,1.6689872534205497,0.016689872534205497,False,78.83528571428572,269.7203221852769,1.2142857142857142
May 30 2025 01: +0,75.211,1,Galil AR | Chatterbox (Field-Tested),2025-05-30,75.211,1,Galil AR | Chatterbox (Field-Tested),-0.07886890913429118,-7.886890913429117,0.07886890913429118,True,78.09514285714286,268.91894269844005,1.2142857142857142
May 31 2025 01: +0,75.577,1,Galil AR | Chatterbox (Field-Tested),2025-05-31,75.577,1,Galil AR | Chatterbox (Field-Tested),0.004854507238905708,0.48545072389057076,0.004854507238905708,False,78.20185714285715,267.36525923151186,1.2142857142857142
Jun 01 2025 01: +0,81.739,1,Galil AR | Chatterbox (Field-Tested),2025-06-01,81.739,1,Galil AR | Chatterbox (Field-Tested),0.0783792400558248,7.83792400558248,0.0783792400558248,True,79.1345,261.4658808243891,1.2142857142857142
Jun 04 2025 01: +0,80.951,1,Galil AR | Chatterbox (Field-Tested),2025-06-04,80.951,1,Galil AR | Chatterbox (Field-Tested),-0.009687210797039634,-0.9687210797039634,0.009687210797039634,False,79.76521428571428,261.47744605957166,1.2142857142857142
Jun 06 2025 01: +0,100.102,2,Galil AR | Chatterbox (Field-Tested),2025-06-06,100.102,2,Galil AR | Chatterbox (Field-Tested),0.21234563278970542,21.23456327897054,0.21234563278970542,True,81.58435714285714,270.1665981951233,1.2857142857142858
Jun 07 2025 01: +0,92.134,1,Galil AR | Chatterbox (Field-Tested),2025-06-07,92.134,1,Galil AR | Chatterbox (Field-Tested),-0.08294562705231635,-8.294562705231636,0.08294562705231635,True,82.1359285714286,271.50509817563704,1.2142857142857142
Jun 13 2025 01: +0,88.525,1,Galil AR | Chatterbox (Field-Tested),2025-06-13,88.525,1,Galil AR | Chatterbox (Field-Tested),-0.039959041091273136,-3.9959041091273138,0.039959041091273136,False,82.52042857142858,271.93393186417416,1.2142857142857142
Jun 14 2025 01: +0,89.157,1,Galil AR | Chatterbox (Field-Tested),2025-06-14,89.157,1,Galil AR | Chatterbox (Field-Tested),0.007113862578110272,0.7113862578110272,0.007113862578110272,False,82.87121428571427,265.84362976452263,1.2142857142857142
Jun 17 2025 01: +0,97.474,1,Galil AR | Chatterbox (Field-Tested),2025-06-17,97.474,1,Galil AR | Chatterbox (Field-Tested),0.08918681519917925,8.918681519917925,0.08918681519917925,True,83.96557142857144,265.34432924054863,1.1428571428571428
Jun 18 2025 01: +0,88.995,2,Galil AR | Chatterbox (Field-Tested),2025-06-18,88.995,2,Galil AR | Chatterbox (Field-Tested),-0.09100548739654075,-9.100548739654075,0.09100548739654075,True,84.0765,216.17492391905864,1.2142857142857142
Jun 28 2025 01: +0,97.073,1,Galil AR | Chatterbox (Field-Tested),2025-06-28,97.073,1,Galil AR | Chatterbox (Field-Tested),0.08688308439994258,8.688308439994257,0.08688308439994258,True,85.188,213.9460357042299,1.2142857142857142
Jul 06 2025 01: +0,92.393,1,Galil AR | Chatterbox (Field-Tested),2025-07-06,92.393,1,Galil AR | Chatterbox (Field-Tested),-0.04941205457652817,-4.941205457652817,0.04941205457652817,False,87.19642857142857,214.37255864590315,1.1428571428571428
Jul 19 2025 01: +0,93.403,1,Galil AR | Chatterbox (Field-Tested),2025-07-19,93.403,1,Galil AR | Chatterbox (Field-Tested),0.010872246431179771,1.087224643117977,0.010872246431179771,False,88.1512142857143,208.15895565787602,1.1428571428571428
Jul 26 2025 01: +0,90.393,1,Galil AR | Chatterbox (Field-Tested),2025-07-26,90.393,1,Galil AR | Chatterbox (Field-Tested),-0.03275663386163642,-3.275663386163642,0.03275663386163642,False,88.79478571428571,206.53101070514091,1.1428571428571428
Jul 27 2025 01: +0,85.417,1,Galil AR | Chatterbox (Field-Tested),2025-07-27,85.417,1,Galil AR | Chatterbox (Field-Tested),-0.05662168655575589,-5.662168655575589,0.05662168655575589,True,89.52378571428572,184.4812546990243,1.1428571428571428
Jul 30 2025 01: +0,84.622,3,Galil AR | Chatterbox (Field-Tested),2025-07-30,84.622,3,Galil AR | Chatterbox (Field-Tested),-0.009350864128850191,-0.9350864128850191,0.009350864128850191,False,90.16985714285715,184.40351833224125,1.2857142857142858
Jul 31 2025 01: +0,84.908,1,Galil AR | Chatterbox (Field-Tested),2025-07-31,84.908,1,Galil AR | Chatterbox (Field-Tested),0.0033740372951296836,0.3374037295129684,0.0033740372951296836,False,90.3962142857143,179.7586122447474,1.2857142857142858
Aug 01 2025 01: +0,84.186,1,Galil AR | Chatterbox (Field-Tested),2025-08-01,84.186,1,Galil AR | Chatterbox (Field-Tested),-0.00853968074228361,-0.8539680742283611,0.00853968074228361,False,90.6272857142857,172.1554074258514,1.2857142857142858
Aug 07 2025 01: +0,78.54,1,Galil AR | Chatterbox (Field-Tested),2025-08-07,78.54,1,Galil AR | Chatterbox (Field-Tested),-0.06942058749005031,-6.942058749005032,0.06942058749005031,True,89.08714285714288,171.80194977708624,1.2142857142857142
Aug 08 2025 01: +0,93.402,1,Galil AR | Chatterbox (Field-Tested),2025-08-08,93.402,1,Galil AR | Chatterbox (Field-Tested),0.1733047091319037,17.33047091319037,0.1733047091319037,True,89.17771428571429,181.08187610419546,1.2142857142857142
Aug 09 2025 01: +0,102.526,1,Galil AR | Chatterbox (Field-Tested),2025-08-09,102.526,1,Galil AR | Chatterbox (Field-Tested),0.09320366666739369,9.32036666673937,0.09320366666739369,True,90.17778571428572,183.28628985239092,1.2142857142857142
Aug 11 2025 01: +0,82.505,2,Galil AR | Chatterbox (Field-Tested),2025-08-11,82.505,2,Galil AR | Chatterbox (Field-Tested),-0.21725752738439272,-21.725752738439272,0.21725752738439272,True,89.70264285714288,195.05836199567528,1.2857142857142858
Aug 14 2025 01: +0,101.795,1,Galil AR | Chatterbox (Field-Tested),2025-08-14,101.795,1,Galil AR | Chatterbox (Field-Tested),0.2101020894318721,21.010208943187212,0.2101020894318721,True,90.0112857142857,208.3388086423738,1.2857142857142858
Aug 18 2025 01: +0,88.623,2,Galil AR | Chatterbox (Field-Tested),2025-08-18,88.623,2,Galil AR | Chatterbox (Field-Tested),-0.138569569394756,-13.856956939475602,0.138569569394756,True,89.98471428571429,214.38522728105568,1.2857142857142858
Aug 20 2025 01: +0,87.192,1,Galil AR | Chatterbox (Field-Tested),2025-08-20,87.192,1,Galil AR | Chatterbox (Field-Tested),-0.016278834014873983,-1.6278834014873982,0.016278834014873983,False,89.27892857142857,214.26762566936773,1.2857142857142858
Aug 21 2025 01: +0,98.549,1,Galil AR | Chatterbox (Field-Tested),2025-08-21,98.549,1,Galil AR | Chatterbox (Field-Tested),0.12244130282680152,12.244130282680151,0.12244130282680152,True,89.71864285714285,217.3992743435724,1.2857142857142858
Aug 22 2025 01: +0,115.67,1,Galil AR | Chatterbox (Field-Tested),2025-08-22,115.67,1,Galil AR | Chatterbox (Field-Tested),0.1601874228934983,16.01874228934983,0.1601874228934983,True,91.30914285714286,222.30034261831372,1.2857142857142858
Aug 23 2025 01: +0,97.22,1,Galil AR | Chatterbox (Field-Tested),2025-08-23,97.22,1,Galil AR | Chatterbox (Field-Tested),-0.1737648576900008,-17.37648576900008,0.1737648576900008,True,91.79678571428573,214.26408820468015,1.2857142857142858
Aug 28 2025 01: +0,113.058,1,Galil AR | Chatterbox (Field-Tested),2025-08-28,113.058,1,Galil AR | Chatterbox (Field-Tested),0.15092450975109897,15.092450975109898,0.15092450975109897,True,93.77114285714286,207.2208620169818,1.2857142857142858
Sep 02 2025 01: +0,90.701,3,Galil AR | Chatterbox (Field-Tested),2025-09-02,90.701,3,Galil AR | Chatterbox (Field-Tested),-0.22033257894977223,-22.033257894977222,0.22033257894977223,True,94.20535714285715,222.4114871845204,1.2857142857142858
Sep 04 2025 01: +0,96.753,2,Galil AR | Chatterbox (Field-Tested),2025-09-04,96.753,2,Galil AR | Chatterbox (Field-Tested),0.06459295676246254,6.459295676246255,0.06459295676246254,True,95.05142857142857,221.34195341917763,1.3571428571428572
Sep 05 2025 01: +0,89.009,1,Galil AR | Chatterbox (Field-Tested),2025-09-05,89.009,1,Galil AR | Chatterbox (Field-Tested),-0.0834238509660994,-8.34238509660994,0.0834238509660994,True,95.39592857142858,223.6495100979773,1.3571428571428572
Sep 08 2025 01: +0,82.547,1,Galil AR | Chatterbox (Field-Tested),2025-09-08,82.547,1,Galil AR | Chatterbox (Field-Tested),-0.07536966012037942,-7.536966012037942,0.07536966012037942,True,95.68214285714286,223.76936436654753,1.3571428571428572
Sep 14 2025 01: +0,75.424,1,Galil AR | Chatterbox (Field-Tested),2025-09-14,75.424,1,Galil AR | Chatterbox (Field-Tested),-0.09024230134089922,-9.024230134089922,0.09024230134089922,True,94.39800000000001,225.976372845687,1.3571428571428572
Sep 15 2025 01: +0,99.406,1,Galil AR | Chatterbox (Field-Tested),2025-09-15,99.406,1,Galil AR | Chatterbox (Field-Tested),0.27608694726012334,27.608694726012335,0.27608694726012334,True,94.17514285714286,234.53060444367492,1.3571428571428572
Sep 16 2025 01: +0,146.089,1,Galil AR | Chatterbox (Field-Tested),2025-09-16,146.089,1,Galil AR | Chatterbox (Field-Tested),0.3850035510116619,38.50035510116619,0.3850035510116619,True,98.71685714285715,268.1485168634402,1.2857142857142858
Sep 20 2025 01: +0,124.059,1,Galil AR | Chatterbox (Field-Tested),2025-09-20,124.059,1,Galil AR | Chatterbox (Field-Tested),-0.1634587661288524,-16.34587661288524,0.1634587661288524,True,100.30714285714286,274.73485067899526,1.2857142857142858
Sep 23 2025 01: +0,121.609,2,Galil AR | Chatterbox (Field-Tested),2025-09-23,121.609,2,Galil AR | Chatterbox (Field-Tested),-0.01994627894553076,-1.994627894553076,0.01994627894553076,False,102.66328571428572,274.94817064014563,1.2857142857142858
Sep 28 2025 01: +0,99.924,4,Galil AR | Chatterbox (Field-Tested),2025-09-28,99.924,4,Galil AR | Chatterbox (Field-Tested),-0.19640108290944008,-19.64010829094401,0.19640108290944008,True,103.57271428571428,282.5808644563357,1.5
Sep 29 2025 01: +0,107.178,1,Galil AR | Chatterbox (Field-Tested),2025-09-29,107.178,1,Galil AR | Chatterbox (Field-Tested),0.07008110665311978,7.008110665311978,0.07008110665311978,True,104.18907142857142,281.5764371943754,1.5
Sep 30 2025 01: +0,122.532,1,Galil AR | Chatterbox (Field-Tested),2025-09-30,122.532,1,Galil AR | Chatterbox (Field-Tested),0.1338812166665988,13.388121666659881,0.1338812166665988,True,104.67921428571428,283.74035997715936,1.5
Oct 03 2025 01: +0,134.19,5,Galil AR | Chatterbox (Field-Tested),2025-10-03,134.19,5,Galil AR | Chatterbox (Field-Tested),0.09088448575146527,9.088448575146527,0.09088448575146527,True,107.31992857142856,284.40139483816387,1.7857142857142858
Oct 04 2025 01: +0,171.871,1,Galil AR | Chatterbox (Field-Tested),2025-10-04,171.871,1,Galil AR | Chatterbox (Field-Tested),0.24748748930988246,24.748748930988246,0.24748748930988246,True,111.52085714285714,295.97717544423165,1.7857142857142858
Oct 07 2025 01: +0,142.365,1,Galil AR | Chatterbox (Field-Tested),2025-10-07,142.365,1,Galil AR | Chatterbox (Field-Tested),-0.18835001317218364,-18.835001317218364,0.18835001317218364,True,115.21114285714285,304.3469617639543,1.6428571428571428
Oct 08 2025 01: +0,137.389,1,Galil AR | Chatterbox (Field-Tested),2025-10-08,137.389,1,Galil AR | Chatterbox (Field-Tested),-0.035577863891309985,-3.5577863891309986,0.035577863891309985,False,118.1137142857143,303.81048160215755,1.5714285714285714
Oct 11 2025 01: +0,143.81,3,Galil AR | Chatterbox (Field-Tested),2025-10-11,143.81,3,Galil AR | Chatterbox (Field-Tested),0.04567666553903288,4.567666553903288,0.04567666553903288,False,122.02807142857144,303.8424728797936,1.7142857142857142
Oct 14 2025 01: +0,158.085,1,Galil AR | Chatterbox (Field-Tested),2025-10-14,158.085,1,Galil AR | Chatterbox (Field-Tested),0.0946398791557216,9.46398791557216,0.0946398791557216,True,127.42364285714287,304.9673429105495,1.7142857142857142
Oct 22 2025 01: +0,140.973,1,Galil AR | Chatterbox (Field-Tested),2025-10-22,140.973,1,Galil AR | Chatterbox (Field-Tested),-0.11456448037397227,-11.456448037397227,0.11456448037397227,True,132.1057142857143,308.4698474149528,1.7142857142857142
Oct 23 2025 01: +0,118.329,3,Galil AR | Chatterbox (Field-Tested),2025-10-23,118.329,3,Galil AR | Chatterbox (Field-Tested),-0.17509950226155963,-17.50995022615596,0.17509950226155963,True,133.45735714285715,314.3505863226606,1.8571428571428572
Oct 24 2025 01: +0,138.338,3,Galil AR | Chatterbox (Field-Tested),2025-10-24,138.338,3,Galil AR | Chatterbox (Field-Tested),0.15623108551485942,15.623108551485942,0.15623108551485942,True,132.9037142857143,313.31396201463855,2.0
Oct 25 2025 01: +0,131.629,2,Galil AR | Chatterbox (Field-Tested),2025-10-25,131.629,2,Galil AR | Chatterbox (Field-Tested),-0.04971260657722252,-4.971260657722252,0.04971260657722252,False,133.44442857142857,312.6798126071473,2.0714285714285716
Oct 26 2025 01: +0,124.98,9,Galil AR | Chatterbox (Field-Tested),2025-10-26,124.98,9,Galil AR | Chatterbox (Field-Tested),-0.05183363485517914,-5.183363485517914,0.05183363485517914,True,133.6852142857143,302.82732596132706,2.5714285714285716
Oct 27 2025 01: +0,139.207,1,Galil AR | Chatterbox (Field-Tested),2025-10-27,139.207,1,Galil AR | Chatterbox (Field-Tested),0.1078083094913386,10.78083094913386,0.1078083094913386,True,136.49114285714285,296.5196125827318,2.357142857142857
Oct 28 2025 01: +0,102.788,2,Galil AR | Chatterbox (Field-Tested),2025-10-28,102.788,2,Galil AR | Chatterbox (Field-Tested),-0.30329341930237325,-30.329341930237323,0.30329341930237325,True,136.17757142857144,312.09546569103793,2.4285714285714284
Oct 30 2025 01: +0,126.15,4,Galil AR | Chatterbox (Field-Tested),2025-10-30,126.15,4,Galil AR | Chatterbox (Field-Tested),0.20480306039716567,20.480306039716567,0.20480306039716567,True,136.436,319.6393278093591,2.642857142857143
Oct 31 2025 01: +0,138.576,7,Galil AR | Chatterbox (Field-Tested),2025-10-31,138.576,7,Galil AR | Chatterbox (Field-Tested),0.09394723650162205,9.394723650162206,0.09394723650162205,True,136.74928571428572,318.5563748463854,2.7857142857142856
Nov 01 2025 01: +0,161.919,4,Galil AR | Chatterbox (Field-Tested),2025-11-01,161.919,4,Galil AR | Chatterbox (Field-Tested),0.155677298602013,15.567729860201299,0.155677298602013,True,136.03842857142857,318.29495193517045,3.0
Nov 02 2025 01: +0,184.485,4,Galil AR | Chatterbox (Field-Tested),2025-11-02,184.485,4,Galil AR | Chatterbox (Field-Tested),0.13047194917178168,13.047194917178167,0.13047194917178168,True,139.047,313.69880344648794,3.2142857142857144
Nov 03 2025 01: +0,186.807,1,Galil AR | Chatterbox (Field-Tested),2025-11-03,186.807,1,Galil AR | Chatterbox (Field-Tested),0.012507838963559264,1.2507838963559264,0.012507838963559264,False,142.57685714285714,310.19886810868076,3.2142857142857144
Nov 04 2025 01: +0,212.268,1,Galil AR | Chatterbox (Field-Tested),2025-11-04,212.268,1,Galil AR | Chatterbox (Field-Tested),0.12777362892332794,12.777362892332794,0.12777362892332794,True,147.4667142857143,300.3212108288799,3.0714285714285716
Nov 05 2025 01: +0,215.411,1,Galil AR | Chatterbox (Field-Tested),2025-11-05,215.411,1,Galil AR | Chatterbox (Field-Tested),0.014698203949875522,1.4698203949875521,0.014698203949875522,False,151.5614285714286,300.06736650103204,3.0714285714285716
Nov 07 2025 01: +0,201.025,1,Galil AR | Chatterbox (Field-Tested),2025-11-07,201.025,1,Galil AR | Chatterbox (Field-Tested),-0.0691185527650335,-6.911855276503349,0.0691185527650335,True,155.85085714285714,299.4475603103581,3.0714285714285716
Nov 08 2025 01: +0,217.568,1,Galil AR | Chatterbox (Field-Tested),2025-11-08,217.568,1,Galil AR | Chatterbox (Field-Tested),0.07908216690983647,7.908216690983647,0.07908216690983647,True,162.93935714285712,297.6325049210759,2.9285714285714284
Nov 09 2025 01: +0,217.109,1,Galil AR | Chatterbox (Field-Tested),2025-11-09,217.109,1,Galil AR | Chatterbox (Field-Tested),-0.002111913768623024,-0.2111913768623024,0.002111913768623024,False,168.56585714285714,294.6378068907381,2.7857142857142856
Nov 10 2025 01: +0,202.127,1,Galil AR | Chatterbox (Field-Tested),2025-11-10,202.127,1,Galil AR | Chatterbox (Field-Tested),-0.07150331886007141,-7.150331886007141,0.07150331886007141,True,173.60142857142858,283.61584159146645,2.7142857142857144
Nov 11 2025 01: +0,202.429,1,Galil AR | Chatterbox (Field-Tested),2025-11-11,202.429,1,Galil AR | Chatterbox (Field-Tested),0.001492995066677333,0.14929950666773328,0.001492995066677333,False,179.1335,251.89015664038905,2.142857142857143
Nov 14 2025 01: +0,186.076,6,Galil AR | Chatterbox (Field-Tested),2025-11-14,186.076,6,Galil AR | Chatterbox (Field-Tested),-0.08423401537341946,-8.423401537341945,0.08423401537341946,True,182.48128571428575,246.446038799841,2.5
Nov 17 2025 01: +0,174.061,1,Galil AR | Chatterbox (Field-Tested),2025-11-17,174.061,1,Galil AR | Chatterbox (Field-Tested),-0.06674937991839604,-6.674937991839604,0.06674937991839604,True,187.57221428571432,247.7829033047045,2.4285714285714284
Nov 20 2025 01: +0,199.194,1,Galil AR | Chatterbox (Field-Tested),2025-11-20,199.194,1,Galil AR | Chatterbox (Field-Tested),0.1348734117247226,13.487341172472261,0.1348734117247226,True,192.78964285714287,239.52826717754502,2.2142857142857144
Nov 21 2025 01: +0,202.28,2,Galil AR | Chatterbox (Field-Tested),2025-11-21,202.28,2,Galil AR | Chatterbox (Field-Tested),0.015373651996842928,1.5373651996842927,0.015373651996842928,False,197.33992857142857,238.93410163283494,1.8571428571428572
Nov 26 2025 01: +0,203.788,1,Galil AR | Chatterbox (Field-Tested),2025-11-26,203.788,1,Galil AR | Chatterbox (Field-Tested),0.007427361587139545,0.7427361587139545,0.007427361587139545,False,200.3305714285714,235.47255706098898,1.6428571428571428
Nov 30 2025 01: +0,195.674,4,Galil AR | Chatterbox (Field-Tested),2025-11-30,195.674,4,Galil AR | Chatterbox (Field-Tested),-0.04063022863596308,-4.0630228635963075,0.04063022863596308,False,201.1297857142857,234.74301513666342,1.6428571428571428
Dec 05 2025 01: +0,211.399,2,Galil AR | Chatterbox (Field-Tested),2025-12-05,211.399,2,Galil AR | Chatterbox (Field-Tested),0.07729733389302143,7.729733389302143,0.07729733389302143,True,202.88635714285715,220.37322979025546,1.7142857142857142
Dec 10 2025 01: +0,230.142,1,Galil AR | Chatterbox (Field-Tested),2025-12-10,230.142,1,Galil AR | Chatterbox (Field-Tested),0.0849491666639593,8.49491666639593,0.0849491666639593,True,204.1630714285714,210.28436367063122,1.7142857142857142
Dec 18 2025 01: +0,205.059,1,Galil AR | Chatterbox (Field-Tested),2025-12-18,205.059,1,Galil AR | Chatterbox (Field-Tested),-0.11539876711136192,-11.539876711136191,0.11539876711136192,True,203.42364285714285,214.54893713461485,1.7142857142857142
Dec 19 2025 01: +0,205.37,1,Galil AR | Chatterbox (Field-Tested),2025-12-19,205.37,1,Galil AR | Chatterbox (Field-Tested),0.0015154877434240136,0.15154877434240135,0.0015154877434240136,False,203.734,214.2642242407718,1.7142857142857142
Dec 20 2025 01: +0,199.228,1,Galil AR | Chatterbox (Field-Tested),2025-12-20,199.228,1,Galil AR | Chatterbox (Field-Tested),-0.03036333283045525,-3.0363332830455247,0.03036333283045525,False,202.424,212.61717753970368,1.7142857142857142
Dec 21 2025 01: +0,224.321,1,Galil AR | Chatterbox (Field-Tested),2025-12-21,224.321,1,Galil AR | Chatterbox (Field-Tested),0.11862816423200322,11.862816423200321,0.11862816423200322,True,202.93914285714285,211.29264246129057,1.7142857142857142
Dec 22 2025 01: +0,226.72,1,Galil AR | Chatterbox (Field-Tested),2025-12-22,226.72,1,Galil AR | Chatterbox (Field-Tested),0.010637714188820448,1.0637714188820449,0.010637714188820448,False,204.6957857142857,199.8280449529,1.7142857142857142
Dec 23 2025 01: +0,234.609,2,Galil AR | Chatterbox (Field-Tested),2025-12-23,234.609,2,Galil AR | Chatterbox (Field-Tested),0.03420452271251277,3.420452271251277,0.03420452271251277,False,206.99435714285715,193.93234952094772,1.7857142857142858
Dec 26 2025 01: +0,194.193,2,Galil AR | Chatterbox (Field-Tested),2025-12-26,194.193,2,Galil AR | Chatterbox (Field-Tested),-0.18906778876141547,-18.906778876141548,0.18906778876141547,True,207.57414285714285,205.75234497021233,1.5
Dec 30 2025 01: +0,232.881,1,Galil AR | Chatterbox (Field-Tested),2025-12-30,232.881,1,Galil AR | Chatterbox (Field-Tested),0.18167508359170598,18.167508359170597,0.18167508359170598,True,211.7755714285714,212.50736445084414,1.5
Jan 03 2026 01: +0,200.714,1,Galil AR | Chatterbox (Field-Tested),2026-01-03,200.714,1,Galil AR | Chatterbox (Field-Tested),-0.14864658426119826,-14.864658426119826,0.14864658426119826,True,211.88414285714285,218.0387369853748,1.5
Jan 12 2026 01: +0,196.256,2,Galil AR | Chatterbox (Field-Tested),2026-01-12,196.256,2,Galil AR | Chatterbox (Field-Tested),-0.022461079780401984,-2.2461079780401985,0.022461079780401984,False,211.45385714285717,186.63760095887346,1.5
Jan 13 2026 01: +0,215.128,2,Galil AR | Chatterbox (Field-Tested),2026-01-13,215.128,2,Galil AR | Chatterbox (Field-Tested),0.09181327037148687,9.181327037148687,0.09181327037148687,True,212.26385714285715,176.5643864616144,1.5714285714285714
Jan 15 2026 01: +0,197.445,1,Galil AR | Chatterbox (Field-Tested),2026-01-15,197.445,1,Galil AR | Chatterbox (Field-Tested),-0.08577313526957947,-8.577313526957948,0.08577313526957947,True,212.39035714285714,177.9311303306081,1.3571428571428572
Jan 18 2026 01: +0,203.1,1,Galil AR | Chatterbox (Field-Tested),2026-01-18,203.1,1,Galil AR | Chatterbox (Field-Tested),0.02823840404085832,2.823840404085832,0.02823840404085832,False,211.79757142857142,170.35250377229391,1.2857142857142858
Jan 19 2026 01: +0,215.377,1,Galil AR | Chatterbox (Field-Tested),2026-01-19,215.377,1,Galil AR | Chatterbox (Field-Tested),0.058691512347483904,5.86915123474839,0.058691512347483904,True,210.74292857142856,165.6075351684483,1.2857142857142858
Jan 24 2026 01: +0,196.367,1,Galil AR | Chatterbox (Field-Tested),2026-01-24,196.367,1,Galil AR | Chatterbox (Field-Tested),-0.0924046235710636,-9.24046235710636,0.0924046235710636,True,210.12207142857142,169.02948024214695,1.2857142857142858
Jan 25 2026 01: +0,218.8,2,Galil AR | Chatterbox (Field-Tested),2026-01-25,218.8,2,Galil AR | Chatterbox (Field-Tested),0.10817271318506695,10.817271318506695,0.10817271318506695,True,211.08135714285714,167.318496848511,1.3571428571428572
Jan 28 2026 01: +0,202.57,1,Galil AR | Chatterbox (Field-Tested),2026-01-28,202.57,1,Galil AR | Chatterbox (Field-Tested),-0.07707256472211127,-7.707256472211127,0.07707256472211127,True,211.32007142857142,169.42236319870293,1.3571428571428572
Jan 29 2026 01: +0,212.253,1,Galil AR | Chatterbox (Field-Tested),2026-01-29,212.253,1,Galil AR | Chatterbox (Field-Tested),0.04669345354147218,4.669345354147218,0.04669345354147218,False,210.45807142857143,168.46518093293588,1.3571428571428572
Jan 30 2026 01: +0,216.507,2,Galil AR | Chatterbox (Field-Tested),2026-01-30,216.507,2,Galil AR | Chatterbox (Field-Tested),0.019843920116181888,1.9843920116181888,0.019843920116181888,False,209.72857142857146,166.29862228639877,1.4285714285714286
Feb 03 2026 01: +0,230.516,1,Galil AR | Chatterbox (Field-Tested),2026-02-03,230.516,1,Galil AR | Chatterbox (Field-Tested),0.06269739486097493,6.269739486097493,0.06269739486097493,True,209.43621428571427,167.73331891132963,1.3571428571428572
Feb 07 2026 01: +0,240.598,1,Galil AR | Chatterbox (Field-Tested),2026-02-07,240.598,1,Galil AR | Chatterbox (Field-Tested),0.04280721660973189,4.280721660973189,0.04280721660973189,False,212.75085714285714,166.16049707165348,1.2857142857142858
Feb 08 2026 01: +0,243.849,1,Galil AR | Chatterbox (Field-Tested),2026-02-08,243.849,1,Galil AR | Chatterbox (Field-Tested),0.013421690311887686,1.3421690311887686,0.013421690311887686,False,213.53428571428572,166.17360569175065,1.2857142857142858
Feb 12 2026 01: +0,229.956,1,Galil AR | Chatterbox (Field-Tested),2026-02-12,229.956,1,Galil AR | Chatterbox (Field-Tested),-0.05866119499160497,-5.866119499160497,0.05866119499160497,True,215.623,164.65433066679176,1.2857142857142858
Feb 15 2026 01: +0,237.753,1,Galil AR | Chatterbox (Field-Tested),2026-02-15,237.753,1,Galil AR | Chatterbox (Field-Tested),0.03334433336806117,3.334433336806117,0.03334433336806117,False,218.58707142857142,162.69711655281196,1.2142857142857142
Mar 04 2026 01: +0,207.175,1,Galil AR | Chatterbox (Field-Tested),2026-03-04,207.175,1,Galil AR | Chatterbox (Field-Tested),-0.1376684729073133,-13.766847290731329,0.1376684729073133,True,218.019,164.2184469770651,1.1428571428571428
Mar 08 2026 01: +0,247.498,1,Galil AR | Chatterbox (Field-Tested),2026-03-08,247.498,1,Galil AR | Chatterbox (Field-Tested),0.17783865443290794,17.783865443290793,0.17783865443290794,True,221.5942142857143,175.3688917872972,1.1428571428571428
Mar 12 2026 01: +0,249.731,1,Galil AR | Chatterbox (Field-Tested),2026-03-12,249.731,1,Galil AR | Chatterbox (Field-Tested),0.008981837390641168,0.8981837390641169,0.008981837390641168,False,224.925,175.3705135984052,1.1428571428571428
Mar 15 2026 01: +0,236.596,1,Galil AR | Chatterbox (Field-Tested),2026-03-15,236.596,1,Galil AR | Chatterbox (Field-Tested),-0.05403029332803217,-5.403029332803217,0.05403029332803217,True,226.44064285714288,175.8879567010513,1.1428571428571428
Mar 18 2026 01: +0,237.122,2,Galil AR | Chatterbox (Field-Tested),2026-03-18,237.122,2,Galil AR | Chatterbox (Field-Tested),0.002220731389436512,0.22207313894365122,0.002220731389436512,False,229.35171428571428,174.01484649869818,1.2142857142857142
Mar 19 2026 01: +0,252.373,1,Galil AR | Chatterbox (Field-Tested),2026-03-19,252.373,1,Galil AR | Chatterbox (Field-Tested),0.06233337526633542,6.233337526633543,0.06233337526633542,True,231.7497857142857,172.8628814228113,1.1428571428571428
Mar 21 2026 01: +0,294.274,1,Galil AR | Chatterbox (Field-Tested),2026-03-21,294.274,1,Galil AR | Chatterbox (Field-Tested),0.15360315422440257,15.360315422440257,0.15360315422440257,True,238.30007142857144,175.109520958878,1.1428571428571428
Mar 23 2026 01: +0,239.279,1,Galil AR | Chatterbox (Field-Tested),2026-03-23,239.279,1,Galil AR | Chatterbox (Field-Tested),-0.20688107100211764,-20.688107100211763,0.20688107100211764,True,240.23049999999998,191.04801633479133,1.1428571428571428
Mar 24 2026 01: +0,260.667,2,Galil AR | Chatterbox (Field-Tested),2026-03-24,260.667,2,Galil AR | Chatterbox (Field-Tested),0.08561349554008203,8.561349554008203,0.08561349554008203,True,243.3847857142857,192.61540133990363,1.1428571428571428
Apr 02 2026 01: +0,343.039,1,Galil AR | Chatterbox (Field-Tested),2026-04-02,343.039,1,Galil AR | Chatterbox (Field-Tested),0.27460041267743107,27.460041267743108,0.27460041267743107,True,251.4221428571429,210.63313318544178,1.1428571428571428
Apr 03 2026 01: +0,307.944,1,Galil AR | Chatterbox (Field-Tested),2026-04-03,307.944,1,Galil AR | Chatterbox (Field-Tested),-0.10792619506536624,-10.792619506536624,0.10792619506536624,True,256.2325714285714,214.89933490713184,1.1428571428571428
Apr 09 2026 01: +0,280.994,2,Galil AR | Chatterbox (Field-Tested),2026-04-09,280.994,2,Galil AR | Chatterbox (Field-Tested),-0.09158463146821216,-9.158463146821216,0.09158463146821216,True,258.8857857142857,217.59360102109318,1.2142857142857142
Apr 10 2026 01: +0,241.198,1,Galil AR | Chatterbox (Field-Tested),2026-04-10,241.198,1,Galil AR | Chatterbox (Field-Tested),-0.15271514384792567,-15.271514384792567,0.15271514384792567,True,259.6887857142857,213.82843531561758,1.2142857142857142
Apr 11 2026 01: +0,292.931,1,Galil AR | Chatterbox (Field-Tested),2026-04-11,292.931,1,Galil AR | Chatterbox (Field-Tested),0.19431891345855862,19.431891345855863,0.19431891345855862,True,263.6300714285714,215.16802912805372,1.2142857142857142
Apr 14 2026 08: +0,241.979,1,Galil AR | Chatterbox (Field-Tested),2026-04-14,241.979,1,Galil AR | Chatterbox (Field-Tested),-0.19108614087139483,-19.108614087139483,0.19108614087139483,True,266.11607142857144,219.5133486092777,1.2142857142857142
Apr 19 2026 10: +0,254.735,1,Galil AR | Chatterbox (Field-Tested),2026-04-19,254.735,1,Galil AR | Chatterbox (Field-Tested),0.051372843581278686,5.137284358127869,0.051372843581278686,True,266.633,219.80919068354598,1.2142857142857142
Apr 26 2026 10: +0,244.104,1,Galil AR | Chatterbox (Field-Tested),2026-04-26,244.104,1,Galil AR | Chatterbox (Field-Tested),-0.04262942512172679,-4.262942512172678,0.04262942512172679,False,266.2310714285714,218.40834665269188,1.2142857142857142
May 02 2026 22: +0,245.524,2,Galil AR | Chatterbox (Field-Tested),2026-05-02,245.524,2,Galil AR | Chatterbox (Field-Tested),0.005800338139139385,0.5800338139139385,0.005800338139139385,False,266.8687857142857,215.9819323632155,1.2857142857142858
May 05 2026 10: +0,246.224,1,Galil AR | Chatterbox (Field-Tested),2026-05-05,246.224,1,Galil AR | Chatterbox (Field-Tested),0.0028469885909516847,0.28469885909516846,0.0028469885909516847,False,267.51892857142855,215.85314213101472,1.2142857142857142
May 06 2026 18: +0,246.683,1,Galil AR | Chatterbox (Field-Tested),2026-05-06,246.683,1,Galil AR | Chatterbox (Field-Tested),0.0018624208326292367,0.18624208326292366,0.0018624208326292367,False,267.1125,215.02958559725357,1.2142857142857142
May 08 2026 11: +0,229.863,1,Galil AR | Chatterbox (Field-Tested),2026-05-08,229.863,1,Galil AR | Chatterbox (Field-Tested),-0.07062063227607646,-7.062063227607646,0.07062063227607646,True,262.5117142857143,213.9250947294102,1.2142857142857142
May 08 2026 17: +0,295.836,1,Galil AR | Chatterbox (Field-Tested),2026-05-08,295.836,1,Galil AR | Chatterbox (Field-Tested),0.252321767447293,25.2321767447293,0.252321767447293,True,266.5515,228.09359177410542,1.2142857142857142
