date,price,volume,item
Nov 19 2019 01: +0,525.47,1,★ Paracord Knife | Fade (Factory New)
Nov 20 2019 01: +0,619.766,3,★ Paracord Knife | Fade (Factory New)
Nov 21 2019 01: +0,645.31,1,★ Paracord Knife | Fade (Factory New)
Nov 22 2019 01: +0,600.652,2,★ Paracord Knife | Fade (Factory New)
Nov 23 2019 01: +0,581.725,4,★ Paracord Knife | Fade (Factory New)
Nov 24 2019 01: +0,602.836,1,★ Paracord Knife | Fade (Factory New)
Nov 25 2019 01: +0,566.508,2,★ Paracord Knife | Fade (Factory New)
Nov 27 2019 01: +0,513.958,1,★ Paracord Knife | Fade (Factory New)
Nov 28 2019 01: +0,518.654,2,★ Paracord Knife | Fade (Factory New)
Nov 30 2019 01: +0,504.198,3,★ Paracord Knife | Fade (Factory New)
Dec 01 2019 01: +0,265.492,2,★ Paracord Knife | Fade (Factory New)
Dec 03 2019 01: +0,534.696,2,★ Paracord Knife | Fade (Factory New)
Dec 04 2019 01: +0,510.442,1,★ Paracord Knife | Fade (Factory New)
Dec 06 2019 01: +0,582.97,2,★ Paracord Knife | Fade (Factory New)
Dec 07 2019 01: +0,585.058,5,★ Paracord Knife | Fade (Factory New)
Dec 08 2019 01: +0,719.976,1,★ Paracord Knife | Fade (Factory New)
Dec 11 2019 01: +0,576.454,2,★ Paracord Knife | Fade (Factory New)
Dec 12 2019 01: +0,660.19,1,★ Paracord Knife | Fade (Factory New)
Dec 14 2019 01: +0,682.248,2,★ Paracord Knife | Fade (Factory New)
Dec 16 2019 01: +0,585.385,2,★ Paracord Knife | Fade (Factory New)
Dec 19 2019 01: +0,511.089,1,★ Paracord Knife | Fade (Factory New)
Dec 20 2019 01: +0,531.323,1,★ Paracord Knife | Fade (Factory New)
Dec 24 2019 01: +0,590.846,1,★ Paracord Knife | Fade (Factory New)
Dec 25 2019 01: +0,599.734,1,★ Paracord Knife | Fade (Factory New)
Dec 26 2019 01: +0,602.395,1,★ Paracord Knife | Fade (Factory New)
Dec 27 2019 01: +0,606.292,1,★ Paracord Knife | Fade (Factory New)
Dec 29 2019 01: +0,697.15,1,★ Paracord Knife | Fade (Factory New)
Dec 30 2019 01: +0,719.241,1,★ Paracord Knife | Fade (Factory New)
Dec 31 2019 01: +0,623.027,1,★ Paracord Knife | Fade (Factory New)
Jan 01 2020 01: +0,619.558,1,★ Paracord Knife | Fade (Factory New)
Jan 03 2020 01: +0,613.044,2,★ Paracord Knife | Fade (Factory New)
Jan 05 2020 01: +0,707.793,1,★ Paracord Knife | Fade (Factory New)
Jan 06 2020 01: +0,616.769,1,★ Paracord Knife | Fade (Factory New)
Jan 08 2020 01: +0,714.376,1,★ Paracord Knife | Fade (Factory New)
Jan 09 2020 01: +0,638.249,2,★ Paracord Knife | Fade (Factory New)
Jan 10 2020 01: +0,759.172,1,★ Paracord Knife | Fade (Factory New)
Jan 16 2020 01: +0,653.172,1,★ Paracord Knife | Fade (Factory New)
Jan 20 2020 01: +0,756.988,1,★ Paracord Knife | Fade (Factory New)
Jan 23 2020 01: +0,665.371,1,★ Paracord Knife | Fade (Factory New)
Jan 24 2020 01: +0,667.021,1,★ Paracord Knife | Fade (Factory New)
Jan 28 2020 01: +0,660.801,2,★ Paracord Knife | Fade (Factory New)
Jan 29 2020 01: +0,797.398,1,★ Paracord Knife | Fade (Factory New)
Jan 31 2020 01: +0,712.955,2,★ Paracord Knife | Fade (Factory New)
Feb 02 2020 01: +0,718.78,2,★ Paracord Knife | Fade (Factory New)
Feb 03 2020 01: +0,714.017,1,★ Paracord Knife | Fade (Factory New)
Feb 04 2020 01: +0,721.727,1,★ Paracord Knife | Fade (Factory New)
Feb 06 2020 01: +0,805.849,1,★ Paracord Knife | Fade (Factory New)
Feb 07 2020 01: +0,763.813,1,★ Paracord Knife | Fade (Factory New)
Feb 09 2020 01: +0,781.445,2,★ Paracord Knife | Fade (Factory New)
Feb 10 2020 01: +0,667.707,1,★ Paracord Knife | Fade (Factory New)
Feb 11 2020 01: +0,768.25,2,★ Paracord Knife | Fade (Factory New)
Feb 12 2020 01: +0,796.3,1,★ Paracord Knife | Fade (Factory New)
Feb 16 2020 01: +0,760.253,1,★ Paracord Knife | Fade (Factory New)
Feb 17 2020 01: +0,790.789,2,★ Paracord Knife | Fade (Factory New)
Feb 18 2020 01: +0,791.999,1,★ Paracord Knife | Fade (Factory New)
Feb 22 2020 01: +0,780.365,1,★ Paracord Knife | Fade (Factory New)
Feb 25 2020 01: +0,789.889,2,★ Paracord Knife | Fade (Factory New)
Feb 26 2020 01: +0,774.531,1,★ Paracord Knife | Fade (Factory New)
Feb 27 2020 01: +0,866.274,2,★ Paracord Knife | Fade (Factory New)
Feb 29 2020 01: +0,815.408,4,★ Paracord Knife | Fade (Factory New)
Mar 02 2020 01: +0,836.746,4,★ Paracord Knife | Fade (Factory New)
Mar 03 2020 01: +0,868.242,1,★ Paracord Knife | Fade (Factory New)
Mar 04 2020 01: +0,820.612,1,★ Paracord Knife | Fade (Factory New)
Mar 05 2020 01: +0,848.262,3,★ Paracord Knife | Fade (Factory New)
Mar 08 2020 01: +0,830.778,1,★ Paracord Knife | Fade (Factory New)
Mar 09 2020 01: +0,849.091,1,★ Paracord Knife | Fade (Factory New)
Mar 15 2020 01: +0,729.088,1,★ Paracord Knife | Fade (Factory New)
Mar 16 2020 01: +0,723.689,1,★ Paracord Knife | Fade (Factory New)
Mar 18 2020 01: +0,860.667,1,★ Paracord Knife | Fade (Factory New)
Mar 20 2020 01: +0,674.583,1,★ Paracord Knife | Fade (Factory New)
Mar 21 2020 01: +0,698.195,1,★ Paracord Knife | Fade (Factory New)
Mar 22 2020 01: +0,701.045,1,★ Paracord Knife | Fade (Factory New)
Mar 24 2020 01: +0,808.327,1,★ Paracord Knife | Fade (Factory New)
Mar 27 2020 01: +0,762.413,2,★ Paracord Knife | Fade (Factory New)
Mar 28 2020 01: +0,830.382,2,★ Paracord Knife | Fade (Factory New)
Mar 31 2020 01: +0,967.413,1,★ Paracord Knife | Fade (Factory New)
Apr 01 2020 01: +0,647.796,1,★ Paracord Knife | Fade (Factory New)
Apr 04 2020 01: +0,674.915,1,★ Paracord Knife | Fade (Factory New)
Apr 05 2020 01: +0,708.407,4,★ Paracord Knife | Fade (Factory New)
Apr 06 2020 01: +0,699.649,1,★ Paracord Knife | Fade (Factory New)
Apr 10 2020 01: +0,829.451,1,★ Paracord Knife | Fade (Factory New)
Apr 13 2020 01: +0,806.471,1,★ Paracord Knife | Fade (Factory New)
Apr 14 2020 01: +0,766.242,1,★ Paracord Knife | Fade (Factory New)
Apr 16 2020 01: +0,775.852,1,★ Paracord Knife | Fade (Factory New)
Apr 20 2020 01: +0,798.131,1,★ Paracord Knife | Fade (Factory New)
Apr 24 2020 01: +0,856.565,1,★ Paracord Knife | Fade (Factory New)
Apr 25 2020 01: +0,764.152,1,★ Paracord Knife | Fade (Factory New)
Apr 26 2020 01: +0,798.865,1,★ Paracord Knife | Fade (Factory New)
Apr 28 2020 01: +0,780.176,1,★ Paracord Knife | Fade (Factory New)
Apr 30 2020 01: +0,857.482,1,★ Paracord Knife | Fade (Factory New)
May 02 2020 01: +0,830.266,2,★ Paracord Knife | Fade (Factory New)
May 06 2020 01: +0,818.358,2,★ Paracord Knife | Fade (Factory New)
May 07 2020 01: +0,836.171,1,★ Paracord Knife | Fade (Factory New)
May 12 2020 01: +0,847.385,2,★ Paracord Knife | Fade (Factory New)
May 13 2020 01: +0,859.591,1,★ Paracord Knife | Fade (Factory New)
May 17 2020 01: +0,911.918,1,★ Paracord Knife | Fade (Factory New)
May 23 2020 01: +0,855.926,1,★ Paracord Knife | Fade (Factory New)
May 30 2020 01: +0,942.398,1,★ Paracord Knife | Fade (Factory New)
May 31 2020 01: +0,942.265,1,★ Paracord Knife | Fade (Factory New)
Jun 01 2020 01: +0,824.173,1,★ Paracord Knife | Fade (Factory New)
Jun 06 2020 01: +0,969.565,1,★ Paracord Knife | Fade (Factory New)
Jun 09 2020 01: +0,1179.956,1,★ Paracord Knife | Fade (Factory New)
Jun 12 2020 01: +0,905.932,1,★ Paracord Knife | Fade (Factory New)
Jun 19 2020 01: +0,857.231,1,★ Paracord Knife | Fade (Factory New)
Jun 21 2020 01: +0,825.679,1,★ Paracord Knife | Fade (Factory New)
Jun 26 2020 01: +0,1156.131,2,★ Paracord Knife | Fade (Factory New)
Jun 27 2020 01: +0,1284.81,1,★ Paracord Knife | Fade (Factory New)
Jul 04 2020 01: +0,1273.629,1,★ Paracord Knife | Fade (Factory New)
Jul 07 2020 01: +0,1220.989,1,★ Paracord Knife | Fade (Factory New)
Jul 08 2020 01: +0,1261.893,1,★ Paracord Knife | Fade (Factory New)
Jul 09 2020 01: +0,1103.808,1,★ Paracord Knife | Fade (Factory New)
Jul 13 2020 01: +0,1080.903,1,★ Paracord Knife | Fade (Factory New)
Jul 15 2020 01: +0,1176.427,2,★ Paracord Knife | Fade (Factory New)
Jul 19 2020 01: +0,1240.431,1,★ Paracord Knife | Fade (Factory New)
Aug 04 2020 01: +0,1262.581,1,★ Paracord Knife | Fade (Factory New)
Aug 07 2020 01: +0,898.159,3,★ Paracord Knife | Fade (Factory New)
Aug 10 2020 01: +0,818.99,1,★ Paracord Knife | Fade (Factory New)
Aug 11 2020 01: +0,1304.406,1,★ Paracord Knife | Fade (Factory New)
Aug 14 2020 01: +0,909.868,2,★ Paracord Knife | Fade (Factory New)
Aug 15 2020 01: +0,848.467,1,★ Paracord Knife | Fade (Factory New)
Aug 18 2020 01: +0,745.198,1,★ Paracord Knife | Fade (Factory New)
Aug 19 2020 01: +0,840.543,2,★ Paracord Knife | Fade (Factory New)
Aug 20 2020 01: +0,992.922,1,★ Paracord Knife | Fade (Factory New)
Aug 21 2020 01: +0,823.619,1,★ Paracord Knife | Fade (Factory New)
Aug 26 2020 01: +0,805.392,1,★ Paracord Knife | Fade (Factory New)
Aug 27 2020 01: +0,821.45,1,★ Paracord Knife | Fade (Factory New)
Aug 28 2020 01: +0,810.408,1,★ Paracord Knife | Fade (Factory New)
Aug 29 2020 01: +0,810.633,3,★ Paracord Knife | Fade (Factory New)
Aug 31 2020 01: +0,931.53,1,★ Paracord Knife | Fade (Factory New)
Sep 03 2020 01: +0,819.994,2,★ Paracord Knife | Fade (Factory New)
Sep 04 2020 01: +0,860.966,1,★ Paracord Knife | Fade (Factory New)
Sep 06 2020 01: +0,826.232,2,★ Paracord Knife | Fade (Factory New)
Sep 07 2020 01: +0,865.806,1,★ Paracord Knife | Fade (Factory New)
Sep 12 2020 01: +0,839.985,3,★ Paracord Knife | Fade (Factory New)
Sep 13 2020 01: +0,804.426,1,★ Paracord Knife | Fade (Factory New)
Sep 19 2020 01: +0,823.607,1,★ Paracord Knife | Fade (Factory New)
Sep 21 2020 01: +0,824.745,1,★ Paracord Knife | Fade (Factory New)
Sep 24 2020 01: +0,819.039,1,★ Paracord Knife | Fade (Factory New)
Sep 27 2020 01: +0,816.576,1,★ Paracord Knife | Fade (Factory New)
Sep 28 2020 01: +0,794.331,1,★ Paracord Knife | Fade (Factory New)
Sep 30 2020 01: +0,784.337,2,★ Paracord Knife | Fade (Factory New)
Oct 01 2020 01: +0,791.469,1,★ Paracord Knife | Fade (Factory New)
Oct 02 2020 01: +0,915.927,1,★ Paracord Knife | Fade (Factory New)
Oct 03 2020 01: +0,801.183,1,★ Paracord Knife | Fade (Factory New)
Oct 04 2020 01: +0,810.421,1,★ Paracord Knife | Fade (Factory New)
Oct 07 2020 01: +0,880.767,1,★ Paracord Knife | Fade (Factory New)
Oct 08 2020 01: +0,918.491,1,★ Paracord Knife | Fade (Factory New)
Oct 10 2020 01: +0,861.736,1,★ Paracord Knife | Fade (Factory New)
Oct 11 2020 01: +0,883.463,2,★ Paracord Knife | Fade (Factory New)
Oct 14 2020 01: +0,789.983,1,★ Paracord Knife | Fade (Factory New)
Oct 15 2020 01: +0,814.666,1,★ Paracord Knife | Fade (Factory New)
Oct 17 2020 01: +0,844.35,1,★ Paracord Knife | Fade (Factory New)
Oct 21 2020 01: +0,767.156,1,★ Paracord Knife | Fade (Factory New)
Oct 22 2020 01: +0,605.942,1,★ Paracord Knife | Fade (Factory New)
Oct 23 2020 01: +0,730.2,1,★ Paracord Knife | Fade (Factory New)
Oct 26 2020 01: +0,689.346,3,★ Paracord Knife | Fade (Factory New)
Oct 27 2020 01: +0,687.513,3,★ Paracord Knife | Fade (Factory New)
Oct 28 2020 01: +0,663.513,1,★ Paracord Knife | Fade (Factory New)
Oct 29 2020 01: +0,698.902,1,★ Paracord Knife | Fade (Factory New)
Oct 30 2020 01: +0,680.044,1,★ Paracord Knife | Fade (Factory New)
Nov 01 2020 01: +0,722.462,3,★ Paracord Knife | Fade (Factory New)
Nov 02 2020 01: +0,683.746,1,★ Paracord Knife | Fade (Factory New)
Nov 05 2020 01: +0,716.86,3,★ Paracord Knife | Fade (Factory New)
Nov 06 2020 01: +0,802.035,1,★ Paracord Knife | Fade (Factory New)
Nov 08 2020 01: +0,677.486,1,★ Paracord Knife | Fade (Factory New)
Nov 09 2020 01: +0,741.535,1,★ Paracord Knife | Fade (Factory New)
Nov 10 2020 01: +0,751.715,3,★ Paracord Knife | Fade (Factory New)
Nov 12 2020 01: +0,686.778,2,★ Paracord Knife | Fade (Factory New)
Nov 14 2020 01: +0,703.592,2,★ Paracord Knife | Fade (Factory New)
Nov 16 2020 01: +0,676.487,2,★ Paracord Knife | Fade (Factory New)
Nov 20 2020 01: +0,718.078,2,★ Paracord Knife | Fade (Factory New)
Nov 22 2020 01: +0,738.512,2,★ Paracord Knife | Fade (Factory New)
Nov 24 2020 01: +0,663.131,1,★ Paracord Knife | Fade (Factory New)
Nov 26 2020 01: +0,643.831,2,★ Paracord Knife | Fade (Factory New)
Nov 27 2020 01: +0,687.232,1,★ Paracord Knife | Fade (Factory New)
Nov 28 2020 01: +0,641.157,1,★ Paracord Knife | Fade (Factory New)
Nov 29 2020 01: +0,621.373,4,★ Paracord Knife | Fade (Factory New)
Nov 30 2020 01: +0,618.732,1,★ Paracord Knife | Fade (Factory New)
Dec 01 2020 01: +0,623.224,2,★ Paracord Knife | Fade (Factory New)
Dec 03 2020 01: +0,653.91,2,★ Paracord Knife | Fade (Factory New)
Dec 04 2020 01: +0,635.986,1,★ Paracord Knife | Fade (Factory New)
Dec 05 2020 01: +0,686.586,2,★ Paracord Knife | Fade (Factory New)
Dec 06 2020 01: +0,552.984,2,★ Paracord Knife | Fade (Factory New)
Dec 07 2020 01: +0,572.271,1,★ Paracord Knife | Fade (Factory New)
Dec 10 2020 01: +0,575.472,1,★ Paracord Knife | Fade (Factory New)
Dec 11 2020 01: +0,566.107,2,★ Paracord Knife | Fade (Factory New)
Dec 12 2020 01: +0,666.339,3,★ Paracord Knife | Fade (Factory New)
Dec 13 2020 01: +0,592.674,1,★ Paracord Knife | Fade (Factory New)
Dec 14 2020 01: +0,696.355,1,★ Paracord Knife | Fade (Factory New)
Dec 17 2020 01: +0,612.245,3,★ Paracord Knife | Fade (Factory New)
Dec 20 2020 01: +0,696.245,1,★ Paracord Knife | Fade (Factory New)
Dec 22 2020 01: +0,673.952,2,★ Paracord Knife | Fade (Factory New)
Dec 23 2020 01: +0,644.137,3,★ Paracord Knife | Fade (Factory New)
Dec 24 2020 01: +0,660.679,4,★ Paracord Knife | Fade (Factory New)
Dec 25 2020 01: +0,651.931,2,★ Paracord Knife | Fade (Factory New)
Dec 26 2020 01: +0,659.365,2,★ Paracord Knife | Fade (Factory New)
Dec 27 2020 01: +0,661.755,2,★ Paracord Knife | Fade (Factory New)
Dec 29 2020 01: +0,647.137,3,★ Paracord Knife | Fade (Factory New)
Dec 30 2020 01: +0,660.881,1,★ Paracord Knife | Fade (Factory New)
Dec 31 2020 01: +0,933.997,1,★ Paracord Knife | Fade (Factory New)
Jan 03 2021 01: +0,733.59,1,★ Paracord Knife | Fade (Factory New)
Jan 04 2021 01: +0,669.584,1,★ Paracord Knife | Fade (Factory New)
Jan 06 2021 01: +0,733.091,3,★ Paracord Knife | Fade (Factory New)
Jan 08 2021 01: +0,778.213,1,★ Paracord Knife | Fade (Factory New)
Jan 10 2021 01: +0,718.143,2,★ Paracord Knife | Fade (Factory New)
Jan 11 2021 01: +0,732.836,4,★ Paracord Knife | Fade (Factory New)
Jan 12 2021 01: +0,732.195,2,★ Paracord Knife | Fade (Factory New)
Jan 13 2021 01: +0,691.235,1,★ Paracord Knife | Fade (Factory New)
Jan 14 2021 01: +0,792.826,1,★ Paracord Knife | Fade (Factory New)
Jan 15 2021 01: +0,711.605,1,★ Paracord Knife | Fade (Factory New)
Jan 16 2021 01: +0,707.703,2,★ Paracord Knife | Fade (Factory New)
Jan 18 2021 01: +0,878.797,1,★ Paracord Knife | Fade (Factory New)
Jan 19 2021 01: +0,708.964,1,★ Paracord Knife | Fade (Factory New)
Jan 20 2021 01: +0,719.608,2,★ Paracord Knife | Fade (Factory New)
Jan 21 2021 01: +0,697.09,2,★ Paracord Knife | Fade (Factory New)
Jan 23 2021 01: +0,684.591,2,★ Paracord Knife | Fade (Factory New)
Jan 25 2021 01: +0,696.242,3,★ Paracord Knife | Fade (Factory New)
Jan 26 2021 01: +0,707.087,1,★ Paracord Knife | Fade (Factory New)
Jan 30 2021 01: +0,689.331,2,★ Paracord Knife | Fade (Factory New)
Feb 03 2021 01: +0,653.035,2,★ Paracord Knife | Fade (Factory New)
Feb 04 2021 01: +0,688.213,2,★ Paracord Knife | Fade (Factory New)
Feb 05 2021 01: +0,691.891,2,★ Paracord Knife | Fade (Factory New)
Feb 06 2021 01: +0,691.999,1,★ Paracord Knife | Fade (Factory New)
Feb 08 2021 01: +0,723.619,1,★ Paracord Knife | Fade (Factory New)
Feb 09 2021 01: +0,762.594,4,★ Paracord Knife | Fade (Factory New)
Feb 10 2021 01: +0,759.552,1,★ Paracord Knife | Fade (Factory New)
Feb 11 2021 01: +0,890.992,1,★ Paracord Knife | Fade (Factory New)
Feb 14 2021 01: +0,625.151,1,★ Paracord Knife | Fade (Factory New)
Feb 15 2021 01: +0,707.86,1,★ Paracord Knife | Fade (Factory New)
Feb 16 2021 01: +0,610.331,4,★ Paracord Knife | Fade (Factory New)
Feb 17 2021 01: +0,622.151,1,★ Paracord Knife | Fade (Factory New)
Feb 19 2021 01: +0,658.116,4,★ Paracord Knife | Fade (Factory New)
Feb 20 2021 01: +0,650.641,1,★ Paracord Knife | Fade (Factory New)
Feb 21 2021 01: +0,656.849,2,★ Paracord Knife | Fade (Factory New)
Feb 24 2021 01: +0,661.795,2,★ Paracord Knife | Fade (Factory New)
Feb 26 2021 01: +0,799.366,1,★ Paracord Knife | Fade (Factory New)
Feb 28 2021 01: +0,636.809,1,★ Paracord Knife | Fade (Factory New)
Mar 01 2021 01: +0,636.173,2,★ Paracord Knife | Fade (Factory New)
Mar 02 2021 01: +0,693.184,2,★ Paracord Knife | Fade (Factory New)
Mar 03 2021 01: +0,645.3,1,★ Paracord Knife | Fade (Factory New)
Mar 04 2021 01: +0,826.958,3,★ Paracord Knife | Fade (Factory New)
Mar 05 2021 01: +0,819.667,2,★ Paracord Knife | Fade (Factory New)
Mar 06 2021 01: +0,698.869,1,★ Paracord Knife | Fade (Factory New)
Mar 07 2021 01: +0,702.477,2,★ Paracord Knife | Fade (Factory New)
Mar 09 2021 01: +0,666.204,1,★ Paracord Knife | Fade (Factory New)
Mar 11 2021 01: +0,665.243,1,★ Paracord Knife | Fade (Factory New)
Mar 13 2021 01: +0,717.752,2,★ Paracord Knife | Fade (Factory New)
Mar 15 2021 01: +0,669.074,1,★ Paracord Knife | Fade (Factory New)
Mar 16 2021 01: +0,652.517,4,★ Paracord Knife | Fade (Factory New)
Mar 18 2021 01: +0,755.545,1,★ Paracord Knife | Fade (Factory New)
Mar 19 2021 01: +0,683.526,1,★ Paracord Knife | Fade (Factory New)
Mar 20 2021 01: +0,753.345,1,★ Paracord Knife | Fade (Factory New)
Mar 21 2021 01: +0,678.533,1,★ Paracord Knife | Fade (Factory New)
Mar 22 2021 01: +0,680.995,2,★ Paracord Knife | Fade (Factory New)
Mar 23 2021 01: +0,725.963,2,★ Paracord Knife | Fade (Factory New)
Mar 24 2021 01: +0,667.843,1,★ Paracord Knife | Fade (Factory New)
Mar 25 2021 01: +0,676.83,3,★ Paracord Knife | Fade (Factory New)
Mar 26 2021 01: +0,692.541,4,★ Paracord Knife | Fade (Factory New)
Mar 27 2021 01: +0,683.933,1,★ Paracord Knife | Fade (Factory New)
Mar 28 2021 01: +0,734.719,3,★ Paracord Knife | Fade (Factory New)
Mar 30 2021 01: +0,697.985,1,★ Paracord Knife | Fade (Factory New)
Apr 01 2021 01: +0,705.585,1,★ Paracord Knife | Fade (Factory New)
Apr 03 2021 01: +0,747.843,2,★ Paracord Knife | Fade (Factory New)
Apr 04 2021 01: +0,715.774,2,★ Paracord Knife | Fade (Factory New)
Apr 05 2021 01: +0,598.485,1,★ Paracord Knife | Fade (Factory New)
Apr 06 2021 01: +0,705.585,1,★ Paracord Knife | Fade (Factory New)
Apr 07 2021 01: +0,763.603,1,★ Paracord Knife | Fade (Factory New)
Apr 08 2021 01: +0,700.601,1,★ Paracord Knife | Fade (Factory New)
Apr 09 2021 01: +0,720.431,2,★ Paracord Knife | Fade (Factory New)
Apr 10 2021 01: +0,759.136,2,★ Paracord Knife | Fade (Factory New)
Apr 12 2021 01: +0,635.816,2,★ Paracord Knife | Fade (Factory New)
Apr 13 2021 01: +0,723.841,2,★ Paracord Knife | Fade (Factory New)
Apr 14 2021 01: +0,777.357,1,★ Paracord Knife | Fade (Factory New)
Apr 15 2021 01: +0,764.171,1,★ Paracord Knife | Fade (Factory New)
Apr 16 2021 01: +0,669.006,3,★ Paracord Knife | Fade (Factory New)
Apr 17 2021 01: +0,665.965,6,★ Paracord Knife | Fade (Factory New)
Apr 18 2021 01: +0,674.254,3,★ Paracord Knife | Fade (Factory New)
Apr 19 2021 01: +0,666.243,2,★ Paracord Knife | Fade (Factory New)
Apr 20 2021 01: +0,682.197,3,★ Paracord Knife | Fade (Factory New)
Apr 21 2021 01: +0,758.228,1,★ Paracord Knife | Fade (Factory New)
Apr 22 2021 01: +0,752.041,1,★ Paracord Knife | Fade (Factory New)
Apr 23 2021 01: +0,684.104,1,★ Paracord Knife | Fade (Factory New)
Apr 26 2021 01: +0,714.091,1,★ Paracord Knife | Fade (Factory New)
Apr 27 2021 01: +0,716.802,3,★ Paracord Knife | Fade (Factory New)
Apr 28 2021 01: +0,671.656,1,★ Paracord Knife | Fade (Factory New)
Apr 29 2021 01: +0,673.218,1,★ Paracord Knife | Fade (Factory New)
Apr 30 2021 01: +0,676.36,1,★ Paracord Knife | Fade (Factory New)
May 02 2021 01: +0,670.815,1,★ Paracord Knife | Fade (Factory New)
May 03 2021 01: +0,752.844,2,★ Paracord Knife | Fade (Factory New)
May 04 2021 01: +0,675.562,1,★ Paracord Knife | Fade (Factory New)
May 05 2021 01: +0,675.2,2,★ Paracord Knife | Fade (Factory New)
May 06 2021 01: +0,772.042,1,★ Paracord Knife | Fade (Factory New)
May 07 2021 01: +0,686.379,1,★ Paracord Knife | Fade (Factory New)
May 08 2021 01: +0,693.533,3,★ Paracord Knife | Fade (Factory New)
May 09 2021 01: +0,685.164,3,★ Paracord Knife | Fade (Factory New)
May 10 2021 01: +0,684.366,3,★ Paracord Knife | Fade (Factory New)
May 11 2021 01: +0,685.56,2,★ Paracord Knife | Fade (Factory New)
May 12 2021 01: +0,658.559,5,★ Paracord Knife | Fade (Factory New)
May 14 2021 01: +0,719.055,2,★ Paracord Knife | Fade (Factory New)
May 15 2021 01: +0,672.159,3,★ Paracord Knife | Fade (Factory New)
May 16 2021 01: +0,679.093,2,★ Paracord Knife | Fade (Factory New)
May 17 2021 01: +0,703.831,2,★ Paracord Knife | Fade (Factory New)
May 18 2021 01: +0,729.025,1,★ Paracord Knife | Fade (Factory New)
May 19 2021 01: +0,684.358,1,★ Paracord Knife | Fade (Factory New)
May 20 2021 01: +0,684.574,2,★ Paracord Knife | Fade (Factory New)
May 21 2021 01: +0,684.443,1,★ Paracord Knife | Fade (Factory New)
May 22 2021 01: +0,663.954,2,★ Paracord Knife | Fade (Factory New)
May 24 2021 01: +0,678.406,1,★ Paracord Knife | Fade (Factory New)
May 25 2021 01: +0,690.106,2,★ Paracord Knife | Fade (Factory New)
May 27 2021 01: +0,678.67,3,★ Paracord Knife | Fade (Factory New)
May 28 2021 01: +0,695.919,2,★ Paracord Knife | Fade (Factory New)
May 29 2021 01: +0,733.277,2,★ Paracord Knife | Fade (Factory New)
May 30 2021 01: +0,725.348,3,★ Paracord Knife | Fade (Factory New)
Jun 01 2021 01: +0,669.045,2,★ Paracord Knife | Fade (Factory New)
Jun 02 2021 01: +0,735.642,2,★ Paracord Knife | Fade (Factory New)
Jun 03 2021 01: +0,679.9,1,★ Paracord Knife | Fade (Factory New)
Jun 04 2021 01: +0,676.562,4,★ Paracord Knife | Fade (Factory New)
Jun 06 2021 01: +0,672.598,2,★ Paracord Knife | Fade (Factory New)
Jun 07 2021 01: +0,726.693,1,★ Paracord Knife | Fade (Factory New)
Jun 08 2021 01: +0,687.24,1,★ Paracord Knife | Fade (Factory New)
Jun 10 2021 01: +0,624.459,2,★ Paracord Knife | Fade (Factory New)
Jun 11 2021 01: +0,691.257,2,★ Paracord Knife | Fade (Factory New)
Jun 12 2021 01: +0,683.509,1,★ Paracord Knife | Fade (Factory New)
Jun 13 2021 01: +0,642.596,2,★ Paracord Knife | Fade (Factory New)
Jun 16 2021 01: +0,635.366,1,★ Paracord Knife | Fade (Factory New)
Jun 18 2021 01: +0,654.428,2,★ Paracord Knife | Fade (Factory New)
Jun 19 2021 01: +0,687.249,5,★ Paracord Knife | Fade (Factory New)
Jun 20 2021 01: +0,648.399,2,★ Paracord Knife | Fade (Factory New)
Jun 22 2021 01: +0,649.605,1,★ Paracord Knife | Fade (Factory New)
Jun 23 2021 01: +0,637.709,2,★ Paracord Knife | Fade (Factory New)
Jun 24 2021 01: +0,622.628,3,★ Paracord Knife | Fade (Factory New)
Jun 25 2021 01: +0,647.771,1,★ Paracord Knife | Fade (Factory New)
Jun 28 2021 01: +0,617.45,4,★ Paracord Knife | Fade (Factory New)
Jun 29 2021 01: +0,637.692,3,★ Paracord Knife | Fade (Factory New)
Jul 01 2021 01: +0,592.445,1,★ Paracord Knife | Fade (Factory New)
Jul 02 2021 01: +0,583.054,1,★ Paracord Knife | Fade (Factory New)
Jul 04 2021 01: +0,580.358,2,★ Paracord Knife | Fade (Factory New)
Jul 07 2021 01: +0,584.166,1,★ Paracord Knife | Fade (Factory New)
Jul 09 2021 01: +0,587.822,2,★ Paracord Knife | Fade (Factory New)
Jul 10 2021 01: +0,585.935,2,★ Paracord Knife | Fade (Factory New)
Jul 13 2021 01: +0,601.488,2,★ Paracord Knife | Fade (Factory New)
Jul 17 2021 01: +0,560.566,2,★ Paracord Knife | Fade (Factory New)
Jul 18 2021 01: +0,595.131,3,★ Paracord Knife | Fade (Factory New)
Jul 20 2021 01: +0,565.521,1,★ Paracord Knife | Fade (Factory New)
Jul 21 2021 01: +0,569.537,1,★ Paracord Knife | Fade (Factory New)
Jul 22 2021 01: +0,571.023,1,★ Paracord Knife | Fade (Factory New)
Jul 23 2021 01: +0,838.898,1,★ Paracord Knife | Fade (Factory New)
Jul 24 2021 01: +0,578.477,4,★ Paracord Knife | Fade (Factory New)
Jul 25 2021 01: +0,588.734,1,★ Paracord Knife | Fade (Factory New)
Jul 28 2021 01: +0,657.11,1,★ Paracord Knife | Fade (Factory New)
Jul 29 2021 01: +0,566.516,1,★ Paracord Knife | Fade (Factory New)
Jul 30 2021 01: +0,795.647,2,★ Paracord Knife | Fade (Factory New)
Aug 03 2021 01: +0,642.648,2,★ Paracord Knife | Fade (Factory New)
Aug 05 2021 01: +0,572.343,2,★ Paracord Knife | Fade (Factory New)
Aug 06 2021 01: +0,586.82,2,★ Paracord Knife | Fade (Factory New)
Aug 07 2021 01: +0,573.673,1,★ Paracord Knife | Fade (Factory New)
Aug 08 2021 01: +0,573.683,1,★ Paracord Knife | Fade (Factory New)
Aug 10 2021 01: +0,561.381,1,★ Paracord Knife | Fade (Factory New)
Aug 11 2021 01: +0,536.062,2,★ Paracord Knife | Fade (Factory New)
Aug 12 2021 01: +0,546.191,2,★ Paracord Knife | Fade (Factory New)
Aug 13 2021 01: +0,511.795,2,★ Paracord Knife | Fade (Factory New)
Aug 14 2021 01: +0,498.52,1,★ Paracord Knife | Fade (Factory New)
Aug 15 2021 01: +0,550.437,1,★ Paracord Knife | Fade (Factory New)
Aug 16 2021 01: +0,536.515,3,★ Paracord Knife | Fade (Factory New)
Aug 18 2021 01: +0,567.218,3,★ Paracord Knife | Fade (Factory New)
Aug 19 2021 01: +0,543.843,3,★ Paracord Knife | Fade (Factory New)
Aug 21 2021 01: +0,535.242,1,★ Paracord Knife | Fade (Factory New)
Aug 22 2021 01: +0,624.368,1,★ Paracord Knife | Fade (Factory New)
Aug 23 2021 01: +0,507.24,1,★ Paracord Knife | Fade (Factory New)
Aug 24 2021 01: +0,496.813,1,★ Paracord Knife | Fade (Factory New)
Aug 27 2021 01: +0,500.6,1,★ Paracord Knife | Fade (Factory New)
Aug 28 2021 01: +0,494.589,2,★ Paracord Knife | Fade (Factory New)
Aug 30 2021 01: +0,617.646,1,★ Paracord Knife | Fade (Factory New)
Sep 01 2021 01: +0,488.025,1,★ Paracord Knife | Fade (Factory New)
Sep 02 2021 01: +0,561.229,2,★ Paracord Knife | Fade (Factory New)
Sep 04 2021 01: +0,515.824,2,★ Paracord Knife | Fade (Factory New)
Sep 06 2021 01: +0,501.758,3,★ Paracord Knife | Fade (Factory New)
Sep 08 2021 01: +0,499.976,2,★ Paracord Knife | Fade (Factory New)
Sep 09 2021 01: +0,501.509,1,★ Paracord Knife | Fade (Factory New)
Sep 11 2021 01: +0,504.676,1,★ Paracord Knife | Fade (Factory New)
Sep 12 2021 01: +0,350.228,1,★ Paracord Knife | Fade (Factory New)
Sep 13 2021 01: +0,504.179,2,★ Paracord Knife | Fade (Factory New)
Sep 14 2021 01: +0,538.97,2,★ Paracord Knife | Fade (Factory New)
Sep 15 2021 01: +0,500.865,3,★ Paracord Knife | Fade (Factory New)
Sep 16 2021 01: +0,529.106,3,★ Paracord Knife | Fade (Factory New)
Sep 17 2021 01: +0,502.649,5,★ Paracord Knife | Fade (Factory New)
Sep 18 2021 01: +0,502.103,1,★ Paracord Knife | Fade (Factory New)
Sep 19 2021 01: +0,511.003,4,★ Paracord Knife | Fade (Factory New)
Sep 20 2021 01: +0,502.941,1,★ Paracord Knife | Fade (Factory New)
Sep 21 2021 01: +0,485.764,1,★ Paracord Knife | Fade (Factory New)
Sep 22 2021 01: +0,448.461,8,★ Paracord Knife | Fade (Factory New)
Sep 23 2021 01: +0,442.27,4,★ Paracord Knife | Fade (Factory New)
Sep 24 2021 01: +0,420.117,1,★ Paracord Knife | Fade (Factory New)
Sep 25 2021 01: +0,457.588,1,★ Paracord Knife | Fade (Factory New)
Sep 26 2021 01: +0,418.137,4,★ Paracord Knife | Fade (Factory New)
Sep 30 2021 01: +0,446.132,2,★ Paracord Knife | Fade (Factory New)
Oct 01 2021 01: +0,415.688,2,★ Paracord Knife | Fade (Factory New)
Oct 03 2021 01: +0,428.581,1,★ Paracord Knife | Fade (Factory New)
Oct 04 2021 01: +0,446.175,5,★ Paracord Knife | Fade (Factory New)
Oct 06 2021 01: +0,502.687,1,★ Paracord Knife | Fade (Factory New)
Oct 09 2021 01: +0,446.531,1,★ Paracord Knife | Fade (Factory New)
Oct 10 2021 01: +0,482.812,1,★ Paracord Knife | Fade (Factory New)
Oct 11 2021 01: +0,444.06,1,★ Paracord Knife | Fade (Factory New)
Oct 13 2021 01: +0,553.948,1,★ Paracord Knife | Fade (Factory New)
Oct 14 2021 01: +0,470.483,3,★ Paracord Knife | Fade (Factory New)
Oct 15 2021 01: +0,443.814,3,★ Paracord Knife | Fade (Factory New)
Oct 16 2021 01: +0,496.09,2,★ Paracord Knife | Fade (Factory New)
Oct 17 2021 01: +0,521.528,3,★ Paracord Knife | Fade (Factory New)
Oct 18 2021 01: +0,443.279,1,★ Paracord Knife | Fade (Factory New)
Oct 19 2021 01: +0,423.129,2,★ Paracord Knife | Fade (Factory New)
Oct 20 2021 01: +0,431.731,2,★ Paracord Knife | Fade (Factory New)
Oct 21 2021 01: +0,511.863,1,★ Paracord Knife | Fade (Factory New)
Oct 22 2021 01: +0,566.774,1,★ Paracord Knife | Fade (Factory New)
Oct 25 2021 01: +0,430.466,1,★ Paracord Knife | Fade (Factory New)
Oct 27 2021 01: +0,438.566,1,★ Paracord Knife | Fade (Factory New)
Oct 28 2021 01: +0,438.521,1,★ Paracord Knife | Fade (Factory New)
Oct 29 2021 01: +0,413.451,3,★ Paracord Knife | Fade (Factory New)
Oct 30 2021 01: +0,414.16,2,★ Paracord Knife | Fade (Factory New)
Oct 31 2021 01: +0,450.013,2,★ Paracord Knife | Fade (Factory New)
Nov 01 2021 01: +0,417.738,3,★ Paracord Knife | Fade (Factory New)
Nov 02 2021 01: +0,418.596,1,★ Paracord Knife | Fade (Factory New)
Nov 04 2021 01: +0,431.274,4,★ Paracord Knife | Fade (Factory New)
Nov 05 2021 01: +0,485.94,3,★ Paracord Knife | Fade (Factory New)
Nov 06 2021 01: +0,460.361,2,★ Paracord Knife | Fade (Factory New)
Nov 07 2021 01: +0,417.076,1,★ Paracord Knife | Fade (Factory New)
Nov 08 2021 01: +0,393.731,2,★ Paracord Knife | Fade (Factory New)
Nov 09 2021 01: +0,402.625,3,★ Paracord Knife | Fade (Factory New)
Nov 11 2021 01: +0,412.763,6,★ Paracord Knife | Fade (Factory New)
Nov 12 2021 01: +0,466.993,1,★ Paracord Knife | Fade (Factory New)
Nov 13 2021 01: +0,410.213,2,★ Paracord Knife | Fade (Factory New)
Nov 14 2021 01: +0,404.232,1,★ Paracord Knife | Fade (Factory New)
Nov 15 2021 01: +0,430.298,6,★ Paracord Knife | Fade (Factory New)
Nov 16 2021 01: +0,406.021,1,★ Paracord Knife | Fade (Factory New)
Nov 17 2021 01: +0,404.612,1,★ Paracord Knife | Fade (Factory New)
Nov 18 2021 01: +0,403.975,1,★ Paracord Knife | Fade (Factory New)
Nov 19 2021 01: +0,403.618,2,★ Paracord Knife | Fade (Factory New)
Nov 21 2021 01: +0,422.514,2,★ Paracord Knife | Fade (Factory New)
Nov 26 2021 01: +0,415.997,2,★ Paracord Knife | Fade (Factory New)
Nov 27 2021 01: +0,386.059,1,★ Paracord Knife | Fade (Factory New)
Nov 28 2021 01: +0,459.813,1,★ Paracord Knife | Fade (Factory New)
Nov 29 2021 01: +0,388.946,1,★ Paracord Knife | Fade (Factory New)
Nov 30 2021 01: +0,433.03,1,★ Paracord Knife | Fade (Factory New)
Dec 01 2021 01: +0,392.258,1,★ Paracord Knife | Fade (Factory New)
Dec 02 2021 01: +0,518.213,3,★ Paracord Knife | Fade (Factory New)
Dec 03 2021 01: +0,435.979,2,★ Paracord Knife | Fade (Factory New)
Dec 04 2021 01: +0,458.517,1,★ Paracord Knife | Fade (Factory New)
Dec 05 2021 01: +0,440.016,2,★ Paracord Knife | Fade (Factory New)
Dec 06 2021 01: +0,486.255,2,★ Paracord Knife | Fade (Factory New)
Dec 07 2021 01: +0,403.837,2,★ Paracord Knife | Fade (Factory New)
Dec 09 2021 01: +0,442.113,3,★ Paracord Knife | Fade (Factory New)
Dec 10 2021 01: +0,472.746,1,★ Paracord Knife | Fade (Factory New)
Dec 12 2021 01: +0,464.89,2,★ Paracord Knife | Fade (Factory New)
Dec 14 2021 01: +0,425.786,3,★ Paracord Knife | Fade (Factory New)
Dec 15 2021 01: +0,420.005,1,★ Paracord Knife | Fade (Factory New)
Dec 17 2021 01: +0,470.418,2,★ Paracord Knife | Fade (Factory New)
Dec 18 2021 01: +0,466.993,1,★ Paracord Knife | Fade (Factory New)
Dec 19 2021 01: +0,436.644,3,★ Paracord Knife | Fade (Factory New)
Dec 20 2021 01: +0,411.099,1,★ Paracord Knife | Fade (Factory New)
Dec 22 2021 01: +0,462.313,5,★ Paracord Knife | Fade (Factory New)
Dec 23 2021 01: +0,424.463,1,★ Paracord Knife | Fade (Factory New)
Dec 25 2021 01: +0,416.851,2,★ Paracord Knife | Fade (Factory New)
Dec 26 2021 01: +0,428.967,2,★ Paracord Knife | Fade (Factory New)
Dec 28 2021 01: +0,512.243,2,★ Paracord Knife | Fade (Factory New)
Dec 29 2021 01: +0,464.13,2,★ Paracord Knife | Fade (Factory New)
Dec 31 2021 01: +0,445.894,1,★ Paracord Knife | Fade (Factory New)
Jan 01 2022 01: +0,535.92,3,★ Paracord Knife | Fade (Factory New)
Jan 02 2022 01: +0,442.865,5,★ Paracord Knife | Fade (Factory New)
Jan 04 2022 01: +0,495.013,1,★ Paracord Knife | Fade (Factory New)
Jan 05 2022 01: +0,480.26,2,★ Paracord Knife | Fade (Factory New)
Jan 06 2022 01: +0,493.057,2,★ Paracord Knife | Fade (Factory New)
Jan 08 2022 01: +0,457.467,2,★ Paracord Knife | Fade (Factory New)
Jan 09 2022 01: +0,434.3,2,★ Paracord Knife | Fade (Factory New)
Jan 10 2022 01: +0,453.408,1,★ Paracord Knife | Fade (Factory New)
Jan 11 2022 01: +0,472.654,4,★ Paracord Knife | Fade (Factory New)
Jan 12 2022 01: +0,497.552,1,★ Paracord Knife | Fade (Factory New)
Jan 13 2022 01: +0,545.039,1,★ Paracord Knife | Fade (Factory New)
Jan 14 2022 01: +0,466.487,3,★ Paracord Knife | Fade (Factory New)
Jan 15 2022 01: +0,500.442,1,★ Paracord Knife | Fade (Factory New)
Jan 16 2022 01: +0,466.127,1,★ Paracord Knife | Fade (Factory New)
Jan 17 2022 01: +0,446.369,1,★ Paracord Knife | Fade (Factory New)
Jan 18 2022 01: +0,497.593,4,★ Paracord Knife | Fade (Factory New)
Jan 19 2022 01: +0,467.843,1,★ Paracord Knife | Fade (Factory New)
Jan 20 2022 01: +0,484.498,3,★ Paracord Knife | Fade (Factory New)
Jan 21 2022 01: +0,546.587,3,★ Paracord Knife | Fade (Factory New)
Jan 22 2022 01: +0,464.047,2,★ Paracord Knife | Fade (Factory New)
Jan 25 2022 01: +0,441.521,1,★ Paracord Knife | Fade (Factory New)
Jan 26 2022 01: +0,428.131,1,★ Paracord Knife | Fade (Factory New)
Jan 27 2022 01: +0,521.738,1,★ Paracord Knife | Fade (Factory New)
Jan 28 2022 01: +0,488.486,1,★ Paracord Knife | Fade (Factory New)
Jan 29 2022 01: +0,484.836,2,★ Paracord Knife | Fade (Factory New)
Feb 01 2022 01: +0,431.303,2,★ Paracord Knife | Fade (Factory New)
Feb 02 2022 01: +0,452.132,3,★ Paracord Knife | Fade (Factory New)
Feb 03 2022 01: +0,478.498,3,★ Paracord Knife | Fade (Factory New)
Feb 04 2022 01: +0,446.599,1,★ Paracord Knife | Fade (Factory New)
Feb 05 2022 01: +0,474.594,3,★ Paracord Knife | Fade (Factory New)
Feb 06 2022 01: +0,448.365,1,★ Paracord Knife | Fade (Factory New)
Feb 07 2022 01: +0,462.889,4,★ Paracord Knife | Fade (Factory New)
Feb 08 2022 01: +0,547.654,1,★ Paracord Knife | Fade (Factory New)
Feb 09 2022 01: +0,436.18,1,★ Paracord Knife | Fade (Factory New)
Feb 12 2022 01: +0,441.394,3,★ Paracord Knife | Fade (Factory New)
Feb 13 2022 01: +0,437.131,2,★ Paracord Knife | Fade (Factory New)
Feb 15 2022 01: +0,487.612,2,★ Paracord Knife | Fade (Factory New)
Feb 16 2022 01: +0,441.309,1,★ Paracord Knife | Fade (Factory New)
Feb 17 2022 01: +0,456.901,3,★ Paracord Knife | Fade (Factory New)
Feb 18 2022 01: +0,432.846,1,★ Paracord Knife | Fade (Factory New)
Feb 19 2022 01: +0,438.456,2,★ Paracord Knife | Fade (Factory New)
Feb 21 2022 01: +0,443.049,1,★ Paracord Knife | Fade (Factory New)
Feb 22 2022 01: +0,410.105,1,★ Paracord Knife | Fade (Factory New)
Feb 23 2022 01: +0,446.29,2,★ Paracord Knife | Fade (Factory New)
Feb 24 2022 01: +0,444.323,1,★ Paracord Knife | Fade (Factory New)
Feb 25 2022 01: +0,527.966,1,★ Paracord Knife | Fade (Factory New)
Feb 26 2022 01: +0,443.848,1,★ Paracord Knife | Fade (Factory New)
Feb 27 2022 01: +0,443.822,1,★ Paracord Knife | Fade (Factory New)
Feb 28 2022 01: +0,424.565,2,★ Paracord Knife | Fade (Factory New)
Mar 01 2022 01: +0,445.291,1,★ Paracord Knife | Fade (Factory New)
Mar 02 2022 01: +0,513.53,2,★ Paracord Knife | Fade (Factory New)
Mar 03 2022 01: +0,510.992,1,★ Paracord Knife | Fade (Factory New)
Mar 04 2022 01: +0,484.634,1,★ Paracord Knife | Fade (Factory New)
Mar 05 2022 01: +0,464.514,3,★ Paracord Knife | Fade (Factory New)
Mar 06 2022 01: +0,453.93,2,★ Paracord Knife | Fade (Factory New)
Mar 07 2022 01: +0,446.921,2,★ Paracord Knife | Fade (Factory New)
Mar 08 2022 01: +0,461.548,1,★ Paracord Knife | Fade (Factory New)
Mar 09 2022 01: +0,509.444,1,★ Paracord Knife | Fade (Factory New)
Mar 10 2022 01: +0,475.514,3,★ Paracord Knife | Fade (Factory New)
Mar 11 2022 01: +0,514.482,1,★ Paracord Knife | Fade (Factory New)
Mar 12 2022 01: +0,478.044,2,★ Paracord Knife | Fade (Factory New)
Mar 13 2022 01: +0,496.592,1,★ Paracord Knife | Fade (Factory New)
Mar 14 2022 01: +0,450.012,1,★ Paracord Knife | Fade (Factory New)
Mar 15 2022 01: +0,452.075,2,★ Paracord Knife | Fade (Factory New)
Mar 16 2022 01: +0,460.123,3,★ Paracord Knife | Fade (Factory New)
Mar 18 2022 01: +0,640.719,2,★ Paracord Knife | Fade (Factory New)
Mar 20 2022 01: +0,461.636,2,★ Paracord Knife | Fade (Factory New)
Mar 21 2022 01: +0,501.426,4,★ Paracord Knife | Fade (Factory New)
Mar 22 2022 01: +0,518.006,3,★ Paracord Knife | Fade (Factory New)
Mar 24 2022 01: +0,319.682,2,★ Paracord Knife | Fade (Factory New)
Mar 25 2022 01: +0,534.317,2,★ Paracord Knife | Fade (Factory New)
Mar 26 2022 01: +0,472.431,3,★ Paracord Knife | Fade (Factory New)
Mar 27 2022 01: +0,493.042,2,★ Paracord Knife | Fade (Factory New)
Mar 28 2022 01: +0,469.644,1,★ Paracord Knife | Fade (Factory New)
Mar 29 2022 01: +0,530.686,1,★ Paracord Knife | Fade (Factory New)
Mar 30 2022 01: +0,496.567,1,★ Paracord Knife | Fade (Factory New)
Apr 01 2022 01: +0,479.114,2,★ Paracord Knife | Fade (Factory New)
Apr 02 2022 01: +0,499.372,3,★ Paracord Knife | Fade (Factory New)
Apr 03 2022 01: +0,525.217,2,★ Paracord Knife | Fade (Factory New)
Apr 05 2022 01: +0,478.897,2,★ Paracord Knife | Fade (Factory New)
Apr 07 2022 01: +0,551.817,1,★ Paracord Knife | Fade (Factory New)
Apr 08 2022 01: +0,488.836,2,★ Paracord Knife | Fade (Factory New)
Apr 09 2022 01: +0,485.465,3,★ Paracord Knife | Fade (Factory New)
Apr 10 2022 01: +0,490.581,2,★ Paracord Knife | Fade (Factory New)
Apr 11 2022 01: +0,486.765,2,★ Paracord Knife | Fade (Factory New)
Apr 13 2022 01: +0,513.243,1,★ Paracord Knife | Fade (Factory New)
Apr 14 2022 01: +0,529.468,3,★ Paracord Knife | Fade (Factory New)
Apr 16 2022 01: +0,494.852,2,★ Paracord Knife | Fade (Factory New)
Apr 17 2022 01: +0,523.487,2,★ Paracord Knife | Fade (Factory New)
Apr 18 2022 01: +0,524.392,2,★ Paracord Knife | Fade (Factory New)
Apr 19 2022 01: +0,496.565,2,★ Paracord Knife | Fade (Factory New)
Apr 20 2022 01: +0,564.145,1,★ Paracord Knife | Fade (Factory New)
Apr 21 2022 01: +0,496.465,1,★ Paracord Knife | Fade (Factory New)
Apr 22 2022 01: +0,496.414,2,★ Paracord Knife | Fade (Factory New)
Apr 23 2022 01: +0,559.033,2,★ Paracord Knife | Fade (Factory New)
Apr 24 2022 01: +0,452.087,2,★ Paracord Knife | Fade (Factory New)
Apr 25 2022 01: +0,557.616,1,★ Paracord Knife | Fade (Factory New)
Apr 26 2022 01: +0,471.069,1,★ Paracord Knife | Fade (Factory New)
Apr 29 2022 01: +0,539.968,2,★ Paracord Knife | Fade (Factory New)
May 02 2022 01: +0,493.328,2,★ Paracord Knife | Fade (Factory New)
May 05 2022 01: +0,507.859,3,★ Paracord Knife | Fade (Factory New)
May 06 2022 01: +0,547.504,2,★ Paracord Knife | Fade (Factory New)
May 07 2022 01: +0,481.997,2,★ Paracord Knife | Fade (Factory New)
May 08 2022 01: +0,462.267,3,★ Paracord Knife | Fade (Factory New)
May 11 2022 01: +0,532.431,2,★ Paracord Knife | Fade (Factory New)
May 12 2022 01: +0,522.329,2,★ Paracord Knife | Fade (Factory New)
May 13 2022 01: +0,475.384,1,★ Paracord Knife | Fade (Factory New)
May 15 2022 01: +0,510.838,4,★ Paracord Knife | Fade (Factory New)
May 16 2022 01: +0,462.748,1,★ Paracord Knife | Fade (Factory New)
May 17 2022 01: +0,486.06,2,★ Paracord Knife | Fade (Factory New)
May 18 2022 01: +0,465.282,2,★ Paracord Knife | Fade (Factory New)
May 21 2022 01: +0,463.589,1,★ Paracord Knife | Fade (Factory New)
May 22 2022 01: +0,464.039,1,★ Paracord Knife | Fade (Factory New)
May 24 2022 01: +0,501.952,4,★ Paracord Knife | Fade (Factory New)
May 26 2022 01: +0,533.96,1,★ Paracord Knife | Fade (Factory New)
May 27 2022 01: +0,433.514,2,★ Paracord Knife | Fade (Factory New)
May 28 2022 01: +0,457.271,3,★ Paracord Knife | Fade (Factory New)
May 29 2022 01: +0,533.974,2,★ Paracord Knife | Fade (Factory New)
May 30 2022 01: +0,500.473,1,★ Paracord Knife | Fade (Factory New)
May 31 2022 01: +0,456.979,2,★ Paracord Knife | Fade (Factory New)
Jun 01 2022 01: +0,492.597,2,★ Paracord Knife | Fade (Factory New)
Jun 03 2022 01: +0,512.824,3,★ Paracord Knife | Fade (Factory New)
Jun 04 2022 01: +0,480.584,2,★ Paracord Knife | Fade (Factory New)
Jun 05 2022 01: +0,537.042,1,★ Paracord Knife | Fade (Factory New)
Jun 09 2022 01: +0,504.098,3,★ Paracord Knife | Fade (Factory New)
Jun 10 2022 01: +0,497.952,2,★ Paracord Knife | Fade (Factory New)
Jun 11 2022 01: +0,442.741,3,★ Paracord Knife | Fade (Factory New)
Jun 12 2022 01: +0,481.755,2,★ Paracord Knife | Fade (Factory New)
Jun 14 2022 01: +0,450.616,4,★ Paracord Knife | Fade (Factory New)
Jun 15 2022 01: +0,444.06,1,★ Paracord Knife | Fade (Factory New)
Jun 16 2022 01: +0,483.894,1,★ Paracord Knife | Fade (Factory New)
Jun 18 2022 01: +0,349.992,3,★ Paracord Knife | Fade (Factory New)
Jun 19 2022 01: +0,489.265,1,★ Paracord Knife | Fade (Factory New)
Jun 20 2022 01: +0,427.545,1,★ Paracord Knife | Fade (Factory New)
Jun 21 2022 01: +0,427.588,1,★ Paracord Knife | Fade (Factory New)
Jun 22 2022 01: +0,415.461,2,★ Paracord Knife | Fade (Factory New)
Jun 26 2022 01: +0,427.809,1,★ Paracord Knife | Fade (Factory New)
Jun 28 2022 01: +0,494.201,1,★ Paracord Knife | Fade (Factory New)
Jun 29 2022 01: +0,442.022,2,★ Paracord Knife | Fade (Factory New)
Jun 30 2022 01: +0,509.447,1,★ Paracord Knife | Fade (Factory New)
Jul 01 2022 01: +0,431.944,1,★ Paracord Knife | Fade (Factory New)
Jul 02 2022 01: +0,433.22,3,★ Paracord Knife | Fade (Factory New)
Jul 04 2022 01: +0,460.165,3,★ Paracord Knife | Fade (Factory New)
Jul 05 2022 01: +0,436.959,3,★ Paracord Knife | Fade (Factory New)
Jul 06 2022 01: +0,434.576,2,★ Paracord Knife | Fade (Factory New)
Jul 08 2022 01: +0,459.406,4,★ Paracord Knife | Fade (Factory New)
Jul 09 2022 01: +0,438.491,3,★ Paracord Knife | Fade (Factory New)
Jul 10 2022 01: +0,439.373,1,★ Paracord Knife | Fade (Factory New)
Jul 11 2022 01: +0,401.912,2,★ Paracord Knife | Fade (Factory New)
Jul 12 2022 01: +0,452.925,3,★ Paracord Knife | Fade (Factory New)
Jul 13 2022 01: +0,440.129,1,★ Paracord Knife | Fade (Factory New)
Jul 14 2022 01: +0,535.903,1,★ Paracord Knife | Fade (Factory New)
Jul 15 2022 01: +0,465.416,2,★ Paracord Knife | Fade (Factory New)
Jul 16 2022 01: +0,441.521,1,★ Paracord Knife | Fade (Factory New)
Jul 17 2022 01: +0,442.676,1,★ Paracord Knife | Fade (Factory New)
Jul 18 2022 01: +0,456.616,2,★ Paracord Knife | Fade (Factory New)
Jul 19 2022 01: +0,466.38,3,★ Paracord Knife | Fade (Factory New)
Jul 20 2022 01: +0,410.36,1,★ Paracord Knife | Fade (Factory New)
Jul 21 2022 01: +0,447.744,2,★ Paracord Knife | Fade (Factory New)
Jul 22 2022 01: +0,482.251,2,★ Paracord Knife | Fade (Factory New)
Jul 23 2022 01: +0,444.117,2,★ Paracord Knife | Fade (Factory New)
Jul 26 2022 01: +0,446.446,2,★ Paracord Knife | Fade (Factory New)
Jul 28 2022 01: +0,447.606,3,★ Paracord Knife | Fade (Factory New)
Jul 29 2022 01: +0,460.592,5,★ Paracord Knife | Fade (Factory New)
Jul 30 2022 01: +0,443.538,2,★ Paracord Knife | Fade (Factory New)
Jul 31 2022 01: +0,448.611,1,★ Paracord Knife | Fade (Factory New)
Aug 01 2022 01: +0,460.942,5,★ Paracord Knife | Fade (Factory New)
Aug 02 2022 01: +0,449.354,3,★ Paracord Knife | Fade (Factory New)
Aug 04 2022 01: +0,472.411,2,★ Paracord Knife | Fade (Factory New)
Aug 05 2022 01: +0,497.694,2,★ Paracord Knife | Fade (Factory New)
Aug 06 2022 01: +0,514.478,4,★ Paracord Knife | Fade (Factory New)
Aug 07 2022 01: +0,541.72,1,★ Paracord Knife | Fade (Factory New)
Aug 08 2022 01: +0,473.552,2,★ Paracord Knife | Fade (Factory New)
Aug 10 2022 01: +0,499.134,2,★ Paracord Knife | Fade (Factory New)
Aug 11 2022 01: +0,534.123,2,★ Paracord Knife | Fade (Factory New)
Aug 13 2022 01: +0,540.903,2,★ Paracord Knife | Fade (Factory New)
Aug 15 2022 01: +0,454.883,5,★ Paracord Knife | Fade (Factory New)
Aug 17 2022 01: +0,456.949,2,★ Paracord Knife | Fade (Factory New)
Aug 18 2022 01: +0,453.741,5,★ Paracord Knife | Fade (Factory New)
Aug 19 2022 01: +0,458.173,3,★ Paracord Knife | Fade (Factory New)
Aug 20 2022 01: +0,466.993,1,★ Paracord Knife | Fade (Factory New)
Aug 21 2022 01: +0,448.257,1,★ Paracord Knife | Fade (Factory New)
Aug 23 2022 01: +0,475.497,1,★ Paracord Knife | Fade (Factory New)
Aug 24 2022 01: +0,441.3,1,★ Paracord Knife | Fade (Factory New)
Aug 25 2022 01: +0,434.856,3,★ Paracord Knife | Fade (Factory New)
Aug 26 2022 01: +0,436.094,3,★ Paracord Knife | Fade (Factory New)
Aug 27 2022 01: +0,432.784,3,★ Paracord Knife | Fade (Factory New)
Aug 28 2022 01: +0,452.083,3,★ Paracord Knife | Fade (Factory New)
Aug 30 2022 01: +0,425.949,1,★ Paracord Knife | Fade (Factory New)
Aug 31 2022 01: +0,457.999,2,★ Paracord Knife | Fade (Factory New)
Sep 02 2022 01: +0,448.947,3,★ Paracord Knife | Fade (Factory New)
Sep 03 2022 01: +0,516.537,1,★ Paracord Knife | Fade (Factory New)
Sep 04 2022 01: +0,487.851,2,★ Paracord Knife | Fade (Factory New)
Sep 05 2022 01: +0,438.711,3,★ Paracord Knife | Fade (Factory New)
Sep 07 2022 01: +0,442.349,4,★ Paracord Knife | Fade (Factory New)
Sep 08 2022 01: +0,484.281,1,★ Paracord Knife | Fade (Factory New)
Sep 09 2022 01: +0,439.819,4,★ Paracord Knife | Fade (Factory New)
Sep 10 2022 01: +0,453.44,3,★ Paracord Knife | Fade (Factory New)
Sep 11 2022 01: +0,465.59,2,★ Paracord Knife | Fade (Factory New)
Sep 12 2022 01: +0,475.484,1,★ Paracord Knife | Fade (Factory New)
Sep 13 2022 01: +0,438.155,1,★ Paracord Knife | Fade (Factory New)
Sep 16 2022 01: +0,428.791,3,★ Paracord Knife | Fade (Factory New)
Sep 18 2022 01: +0,449.955,2,★ Paracord Knife | Fade (Factory New)
Sep 19 2022 01: +0,443.941,2,★ Paracord Knife | Fade (Factory New)
Sep 20 2022 01: +0,453.967,3,★ Paracord Knife | Fade (Factory New)
Sep 21 2022 01: +0,481.375,2,★ Paracord Knife | Fade (Factory New)
Sep 22 2022 01: +0,538.292,1,★ Paracord Knife | Fade (Factory New)
Sep 23 2022 01: +0,478.243,2,★ Paracord Knife | Fade (Factory New)
Sep 24 2022 01: +0,375.768,2,★ Paracord Knife | Fade (Factory New)
Sep 25 2022 01: +0,424.544,1,★ Paracord Knife | Fade (Factory New)
Sep 26 2022 01: +0,395.242,2,★ Paracord Knife | Fade (Factory New)
Sep 29 2022 01: +0,401.959,2,★ Paracord Knife | Fade (Factory New)
Sep 30 2022 01: +0,408.341,6,★ Paracord Knife | Fade (Factory New)
Oct 01 2022 01: +0,403.126,1,★ Paracord Knife | Fade (Factory New)
Oct 03 2022 01: +0,411.251,5,★ Paracord Knife | Fade (Factory New)
Oct 04 2022 01: +0,432.683,4,★ Paracord Knife | Fade (Factory New)
Oct 05 2022 01: +0,474.041,1,★ Paracord Knife | Fade (Factory New)
Oct 06 2022 01: +0,440.367,2,★ Paracord Knife | Fade (Factory New)
Oct 07 2022 01: +0,431.884,1,★ Paracord Knife | Fade (Factory New)
Oct 08 2022 01: +0,415.055,3,★ Paracord Knife | Fade (Factory New)
Oct 09 2022 01: +0,431.603,4,★ Paracord Knife | Fade (Factory New)
Oct 11 2022 01: +0,413.969,1,★ Paracord Knife | Fade (Factory New)
Oct 13 2022 01: +0,436.758,2,★ Paracord Knife | Fade (Factory New)
Oct 14 2022 01: +0,460.759,1,★ Paracord Knife | Fade (Factory New)
Oct 15 2022 01: +0,431.527,2,★ Paracord Knife | Fade (Factory New)
Oct 16 2022 01: +0,445.792,4,★ Paracord Knife | Fade (Factory New)
Oct 18 2022 01: +0,430.296,3,★ Paracord Knife | Fade (Factory New)
Oct 19 2022 01: +0,429.626,2,★ Paracord Knife | Fade (Factory New)
Oct 20 2022 01: +0,426.166,2,★ Paracord Knife | Fade (Factory New)
Oct 21 2022 01: +0,419.398,4,★ Paracord Knife | Fade (Factory New)
Oct 22 2022 01: +0,415.696,4,★ Paracord Knife | Fade (Factory New)
Oct 23 2022 01: +0,411.124,1,★ Paracord Knife | Fade (Factory New)
Oct 24 2022 01: +0,455.873,2,★ Paracord Knife | Fade (Factory New)
Oct 25 2022 01: +0,391.099,2,★ Paracord Knife | Fade (Factory New)
Oct 27 2022 01: +0,553.481,1,★ Paracord Knife | Fade (Factory New)
Oct 29 2022 01: +0,457.248,1,★ Paracord Knife | Fade (Factory New)
Oct 30 2022 01: +0,422.312,3,★ Paracord Knife | Fade (Factory New)
Oct 31 2022 01: +0,408.203,1,★ Paracord Knife | Fade (Factory New)
Nov 02 2022 01: +0,408.755,1,★ Paracord Knife | Fade (Factory New)
Nov 03 2022 01: +0,560.087,2,★ Paracord Knife | Fade (Factory New)
Nov 04 2022 01: +0,461.308,1,★ Paracord Knife | Fade (Factory New)
Nov 06 2022 01: +0,408.424,1,★ Paracord Knife | Fade (Factory New)
Nov 07 2022 01: +0,464.511,1,★ Paracord Knife | Fade (Factory New)
Nov 09 2022 01: +0,447.807,2,★ Paracord Knife | Fade (Factory New)
Nov 10 2022 01: +0,467.003,1,★ Paracord Knife | Fade (Factory New)
Nov 13 2022 01: +0,395.917,1,★ Paracord Knife | Fade (Factory New)
Nov 15 2022 01: +0,510.563,2,★ Paracord Knife | Fade (Factory New)
Nov 16 2022 01: +0,376.38,1,★ Paracord Knife | Fade (Factory New)
Nov 17 2022 01: +0,408.679,2,★ Paracord Knife | Fade (Factory New)
Nov 19 2022 01: +0,399.993,2,★ Paracord Knife | Fade (Factory New)
Nov 20 2022 01: +0,438.43,1,★ Paracord Knife | Fade (Factory New)
Nov 21 2022 01: +0,395.378,1,★ Paracord Knife | Fade (Factory New)
Nov 23 2022 01: +0,374.333,1,★ Paracord Knife | Fade (Factory New)
Nov 24 2022 01: +0,418.246,4,★ Paracord Knife | Fade (Factory New)
Nov 25 2022 01: +0,370.745,3,★ Paracord Knife | Fade (Factory New)
Nov 26 2022 01: +0,427.287,3,★ Paracord Knife | Fade (Factory New)
Nov 27 2022 01: +0,382.536,1,★ Paracord Knife | Fade (Factory New)
Nov 28 2022 01: +0,403.742,2,★ Paracord Knife | Fade (Factory New)
Nov 30 2022 01: +0,432.964,3,★ Paracord Knife | Fade (Factory New)
Dec 01 2022 01: +0,484.701,2,★ Paracord Knife | Fade (Factory New)
Dec 02 2022 01: +0,439.895,2,★ Paracord Knife | Fade (Factory New)
Dec 06 2022 01: +0,443.655,2,★ Paracord Knife | Fade (Factory New)
Dec 09 2022 01: +0,440.584,3,★ Paracord Knife | Fade (Factory New)
Dec 10 2022 01: +0,485.618,1,★ Paracord Knife | Fade (Factory New)
Dec 11 2022 01: +0,447.032,3,★ Paracord Knife | Fade (Factory New)
Dec 13 2022 01: +0,440.587,1,★ Paracord Knife | Fade (Factory New)
Dec 14 2022 01: +0,415.947,2,★ Paracord Knife | Fade (Factory New)
Dec 16 2022 01: +0,413.739,2,★ Paracord Knife | Fade (Factory New)
Dec 18 2022 01: +0,430.984,2,★ Paracord Knife | Fade (Factory New)
Dec 19 2022 01: +0,448.096,5,★ Paracord Knife | Fade (Factory New)
Dec 20 2022 01: +0,461.88,3,★ Paracord Knife | Fade (Factory New)
Dec 22 2022 01: +0,539.675,1,★ Paracord Knife | Fade (Factory New)
Dec 23 2022 01: +0,440.358,3,★ Paracord Knife | Fade (Factory New)
Dec 25 2022 01: +0,402.656,3,★ Paracord Knife | Fade (Factory New)
Dec 26 2022 01: +0,468.743,2,★ Paracord Knife | Fade (Factory New)
Dec 27 2022 01: +0,480.991,1,★ Paracord Knife | Fade (Factory New)
Dec 28 2022 01: +0,458.828,2,★ Paracord Knife | Fade (Factory New)
Dec 30 2022 01: +0,443.907,4,★ Paracord Knife | Fade (Factory New)
Dec 31 2022 01: +0,457.654,3,★ Paracord Knife | Fade (Factory New)
Jan 01 2023 01: +0,448.186,1,★ Paracord Knife | Fade (Factory New)
Jan 02 2023 01: +0,417.968,1,★ Paracord Knife | Fade (Factory New)
Jan 03 2023 01: +0,485.339,3,★ Paracord Knife | Fade (Factory New)
Jan 05 2023 01: +0,461.851,3,★ Paracord Knife | Fade (Factory New)
Jan 07 2023 01: +0,476.482,1,★ Paracord Knife | Fade (Factory New)
Jan 09 2023 01: +0,499.679,1,★ Paracord Knife | Fade (Factory New)
Jan 10 2023 01: +0,455.998,1,★ Paracord Knife | Fade (Factory New)
Jan 12 2023 01: +0,449.726,1,★ Paracord Knife | Fade (Factory New)
Jan 13 2023 01: +0,463.76,3,★ Paracord Knife | Fade (Factory New)
Jan 14 2023 01: +0,461.995,2,★ Paracord Knife | Fade (Factory New)
Jan 17 2023 01: +0,460.772,2,★ Paracord Knife | Fade (Factory New)
Jan 19 2023 01: +0,510.873,1,★ Paracord Knife | Fade (Factory New)
Jan 20 2023 01: +0,507.749,1,★ Paracord Knife | Fade (Factory New)
Jan 22 2023 01: +0,458.422,2,★ Paracord Knife | Fade (Factory New)
Jan 23 2023 01: +0,416.838,1,★ Paracord Knife | Fade (Factory New)
Jan 25 2023 01: +0,507.749,1,★ Paracord Knife | Fade (Factory New)
Jan 27 2023 01: +0,452.854,2,★ Paracord Knife | Fade (Factory New)
Jan 29 2023 01: +0,506.493,1,★ Paracord Knife | Fade (Factory New)
Feb 01 2023 01: +0,429.714,3,★ Paracord Knife | Fade (Factory New)
Feb 02 2023 01: +0,487.601,2,★ Paracord Knife | Fade (Factory New)
Feb 03 2023 01: +0,465.297,2,★ Paracord Knife | Fade (Factory New)
Feb 04 2023 01: +0,492.234,3,★ Paracord Knife | Fade (Factory New)
Feb 05 2023 01: +0,443.364,1,★ Paracord Knife | Fade (Factory New)
Feb 07 2023 01: +0,473.213,3,★ Paracord Knife | Fade (Factory New)
Feb 09 2023 01: +0,453.124,1,★ Paracord Knife | Fade (Factory New)
Feb 10 2023 01: +0,512.665,1,★ Paracord Knife | Fade (Factory New)
Feb 11 2023 01: +0,456.898,2,★ Paracord Knife | Fade (Factory New)
Feb 12 2023 01: +0,473.869,6,★ Paracord Knife | Fade (Factory New)
Feb 14 2023 01: +0,455.587,3,★ Paracord Knife | Fade (Factory New)
Feb 15 2023 01: +0,491.178,3,★ Paracord Knife | Fade (Factory New)
Feb 16 2023 01: +0,491.96,3,★ Paracord Knife | Fade (Factory New)
Feb 17 2023 01: +0,452.805,1,★ Paracord Knife | Fade (Factory New)
Feb 18 2023 01: +0,481.828,3,★ Paracord Knife | Fade (Factory New)
Feb 20 2023 01: +0,465.51,4,★ Paracord Knife | Fade (Factory New)
Feb 22 2023 01: +0,483.981,1,★ Paracord Knife | Fade (Factory New)
Feb 23 2023 01: +0,446.894,2,★ Paracord Knife | Fade (Factory New)
Feb 24 2023 01: +0,478.808,2,★ Paracord Knife | Fade (Factory New)
Feb 25 2023 01: +0,524.508,3,★ Paracord Knife | Fade (Factory New)
Feb 27 2023 01: +0,466.999,1,★ Paracord Knife | Fade (Factory New)
Mar 01 2023 01: +0,477.96,4,★ Paracord Knife | Fade (Factory New)
Mar 02 2023 01: +0,454.011,1,★ Paracord Knife | Fade (Factory New)
Mar 04 2023 01: +0,508.704,3,★ Paracord Knife | Fade (Factory New)
Mar 05 2023 01: +0,465.397,1,★ Paracord Knife | Fade (Factory New)
Mar 06 2023 01: +0,494.065,2,★ Paracord Knife | Fade (Factory New)
Mar 08 2023 01: +0,475.929,5,★ Paracord Knife | Fade (Factory New)
Mar 09 2023 01: +0,478.416,3,★ Paracord Knife | Fade (Factory New)
Mar 10 2023 01: +0,517.405,1,★ Paracord Knife | Fade (Factory New)
Mar 11 2023 01: +0,558.083,1,★ Paracord Knife | Fade (Factory New)
Mar 12 2023 01: +0,594.712,2,★ Paracord Knife | Fade (Factory New)
Mar 14 2023 01: +0,451.651,1,★ Paracord Knife | Fade (Factory New)
Mar 15 2023 01: +0,591.518,1,★ Paracord Knife | Fade (Factory New)
Mar 16 2023 01: +0,600.062,2,★ Paracord Knife | Fade (Factory New)
Mar 17 2023 01: +0,512.496,3,★ Paracord Knife | Fade (Factory New)
Mar 19 2023 01: +0,694.325,1,★ Paracord Knife | Fade (Factory New)
Mar 21 2023 01: +0,493.858,2,★ Paracord Knife | Fade (Factory New)
Mar 22 2023 01: +0,493.527,3,★ Paracord Knife | Fade (Factory New)
Mar 23 2023 01: +0,605.295,7,★ Paracord Knife | Fade (Factory New)
Mar 24 2023 01: +0,571.0,4,★ Paracord Knife | Fade (Factory New)
Mar 25 2023 01: +0,650.118,5,★ Paracord Knife | Fade (Factory New)
Mar 26 2023 01: +0,612.918,4,★ Paracord Knife | Fade (Factory New)
Mar 27 2023 01: +0,672.52,4,★ Paracord Knife | Fade (Factory New)
Mar 28 2023 01: +0,686.599,1,★ Paracord Knife | Fade (Factory New)
Mar 29 2023 01: +0,755.105,2,★ Paracord Knife | Fade (Factory New)
Mar 30 2023 01: +0,674.036,2,★ Paracord Knife | Fade (Factory New)
Mar 31 2023 01: +0,651.824,2,★ Paracord Knife | Fade (Factory New)
Apr 01 2023 01: +0,676.627,2,★ Paracord Knife | Fade (Factory New)
Apr 02 2023 01: +0,790.527,6,★ Paracord Knife | Fade (Factory New)
Apr 03 2023 01: +0,722.518,4,★ Paracord Knife | Fade (Factory New)
Apr 04 2023 01: +0,689.566,4,★ Paracord Knife | Fade (Factory New)
Apr 05 2023 01: +0,720.178,7,★ Paracord Knife | Fade (Factory New)
Apr 06 2023 01: +0,674.187,5,★ Paracord Knife | Fade (Factory New)
Apr 07 2023 01: +0,671.304,3,★ Paracord Knife | Fade (Factory New)
Apr 08 2023 01: +0,726.769,2,★ Paracord Knife | Fade (Factory New)
Apr 09 2023 01: +0,751.551,3,★ Paracord Knife | Fade (Factory New)
Apr 10 2023 01: +0,742.625,2,★ Paracord Knife | Fade (Factory New)
Apr 11 2023 01: +0,854.405,2,★ Paracord Knife | Fade (Factory New)
Apr 12 2023 01: +0,861.23,2,★ Paracord Knife | Fade (Factory New)
Apr 13 2023 01: +0,848.231,4,★ Paracord Knife | Fade (Factory New)
Apr 14 2023 01: +0,884.783,4,★ Paracord Knife | Fade (Factory New)
Apr 15 2023 01: +0,825.618,5,★ Paracord Knife | Fade (Factory New)
Apr 16 2023 01: +0,930.096,2,★ Paracord Knife | Fade (Factory New)
Apr 17 2023 01: +0,841.979,1,★ Paracord Knife | Fade (Factory New)
Apr 18 2023 01: +0,963.798,2,★ Paracord Knife | Fade (Factory New)
Apr 19 2023 01: +0,846.833,2,★ Paracord Knife | Fade (Factory New)
Apr 20 2023 01: +0,928.66,2,★ Paracord Knife | Fade (Factory New)
Apr 21 2023 01: +0,945.314,3,★ Paracord Knife | Fade (Factory New)
Apr 22 2023 01: +0,1034.86,2,★ Paracord Knife | Fade (Factory New)
Apr 23 2023 01: +0,911.539,3,★ Paracord Knife | Fade (Factory New)
Apr 25 2023 01: +0,909.796,3,★ Paracord Knife | Fade (Factory New)
Apr 26 2023 01: +0,924.78,4,★ Paracord Knife | Fade (Factory New)
Apr 27 2023 01: +0,829.381,3,★ Paracord Knife | Fade (Factory New)
Apr 28 2023 01: +0,937.477,3,★ Paracord Knife | Fade (Factory New)
Apr 29 2023 01: +0,851.836,3,★ Paracord Knife | Fade (Factory New)
Apr 30 2023 01: +0,999.145,2,★ Paracord Knife | Fade (Factory New)
May 01 2023 01: +0,735.994,1,★ Paracord Knife | Fade (Factory New)
May 02 2023 01: +0,1003.268,2,★ Paracord Knife | Fade (Factory New)
May 03 2023 01: +0,613.036,5,★ Paracord Knife | Fade (Factory New)
May 04 2023 01: +0,749.383,1,★ Paracord Knife | Fade (Factory New)
May 05 2023 01: +0,793.448,4,★ Paracord Knife | Fade (Factory New)
May 06 2023 01: +0,851.322,3,★ Paracord Knife | Fade (Factory New)
May 07 2023 01: +0,753.902,6,★ Paracord Knife | Fade (Factory New)
May 08 2023 01: +0,739.937,3,★ Paracord Knife | Fade (Factory New)
May 09 2023 01: +0,712.069,1,★ Paracord Knife | Fade (Factory New)
May 10 2023 01: +0,770.305,3,★ Paracord Knife | Fade (Factory New)
May 11 2023 01: +0,845.633,2,★ Paracord Knife | Fade (Factory New)
May 12 2023 01: +0,838.211,1,★ Paracord Knife | Fade (Factory New)
May 13 2023 01: +0,759.048,3,★ Paracord Knife | Fade (Factory New)
May 14 2023 01: +0,704.095,2,★ Paracord Knife | Fade (Factory New)
May 15 2023 01: +0,726.774,6,★ Paracord Knife | Fade (Factory New)
May 16 2023 01: +0,670.874,1,★ Paracord Knife | Fade (Factory New)
May 17 2023 01: +0,728.664,4,★ Paracord Knife | Fade (Factory New)
May 18 2023 01: +0,665.174,3,★ Paracord Knife | Fade (Factory New)
May 19 2023 01: +0,682.457,3,★ Paracord Knife | Fade (Factory New)
May 20 2023 01: +0,849.093,1,★ Paracord Knife | Fade (Factory New)
May 21 2023 01: +0,711.562,1,★ Paracord Knife | Fade (Factory New)
May 22 2023 01: +0,745.106,2,★ Paracord Knife | Fade (Factory New)
May 23 2023 01: +0,694.932,3,★ Paracord Knife | Fade (Factory New)
May 24 2023 01: +0,666.57,1,★ Paracord Knife | Fade (Factory New)
May 25 2023 01: +0,666.527,1,★ Paracord Knife | Fade (Factory New)
May 26 2023 01: +0,743.772,2,★ Paracord Knife | Fade (Factory New)
May 27 2023 01: +0,743.357,6,★ Paracord Knife | Fade (Factory New)
May 29 2023 01: +0,806.628,1,★ Paracord Knife | Fade (Factory New)
May 30 2023 01: +0,738.76,3,★ Paracord Knife | Fade (Factory New)
Jun 02 2023 01: +0,766.881,3,★ Paracord Knife | Fade (Factory New)
Jun 03 2023 01: +0,874.161,4,★ Paracord Knife | Fade (Factory New)
Jun 04 2023 01: +0,707.058,2,★ Paracord Knife | Fade (Factory New)
Jun 05 2023 01: +0,702.188,1,★ Paracord Knife | Fade (Factory New)
Jun 06 2023 01: +0,721.091,3,★ Paracord Knife | Fade (Factory New)
Jun 07 2023 01: +0,761.624,1,★ Paracord Knife | Fade (Factory New)
Jun 08 2023 01: +0,845.908,2,★ Paracord Knife | Fade (Factory New)
Jun 09 2023 01: +0,780.442,4,★ Paracord Knife | Fade (Factory New)
Jun 10 2023 01: +0,896.57,2,★ Paracord Knife | Fade (Factory New)
Jun 12 2023 01: +0,753.828,4,★ Paracord Knife | Fade (Factory New)
Jun 13 2023 01: +0,801.103,2,★ Paracord Knife | Fade (Factory New)
Jun 14 2023 01: +0,743.042,2,★ Paracord Knife | Fade (Factory New)
Jun 15 2023 01: +0,814.963,1,★ Paracord Knife | Fade (Factory New)
Jun 16 2023 01: +0,839.303,2,★ Paracord Knife | Fade (Factory New)
Jun 17 2023 01: +0,887.663,3,★ Paracord Knife | Fade (Factory New)
Jun 18 2023 01: +0,745.457,1,★ Paracord Knife | Fade (Factory New)
Jun 19 2023 01: +0,898.923,3,★ Paracord Knife | Fade (Factory New)
Jun 20 2023 01: +0,758.126,2,★ Paracord Knife | Fade (Factory New)
Jun 22 2023 01: +0,764.528,1,★ Paracord Knife | Fade (Factory New)
Jun 23 2023 01: +0,761.066,3,★ Paracord Knife | Fade (Factory New)
Jun 25 2023 01: +0,759.696,3,★ Paracord Knife | Fade (Factory New)
Jun 26 2023 01: +0,739.584,3,★ Paracord Knife | Fade (Factory New)
Jun 27 2023 01: +0,763.219,2,★ Paracord Knife | Fade (Factory New)
Jun 28 2023 01: +0,772.171,2,★ Paracord Knife | Fade (Factory New)
Jun 29 2023 01: +0,668.387,1,★ Paracord Knife | Fade (Factory New)
Jun 30 2023 01: +0,766.837,1,★ Paracord Knife | Fade (Factory New)
Jul 01 2023 01: +0,736.322,4,★ Paracord Knife | Fade (Factory New)
Jul 02 2023 01: +0,776.712,3,★ Paracord Knife | Fade (Factory New)
Jul 04 2023 01: +0,707.889,2,★ Paracord Knife | Fade (Factory New)
Jul 05 2023 01: +0,692.629,3,★ Paracord Knife | Fade (Factory New)
Jul 06 2023 01: +0,755.154,1,★ Paracord Knife | Fade (Factory New)
Jul 07 2023 01: +0,656.066,1,★ Paracord Knife | Fade (Factory New)
Jul 08 2023 01: +0,592.512,1,★ Paracord Knife | Fade (Factory New)
Jul 09 2023 01: +0,656.52,2,★ Paracord Knife | Fade (Factory New)
Jul 12 2023 01: +0,680.453,2,★ Paracord Knife | Fade (Factory New)
Jul 13 2023 01: +0,667.631,2,★ Paracord Knife | Fade (Factory New)
Jul 14 2023 01: +0,629.974,1,★ Paracord Knife | Fade (Factory New)
Jul 15 2023 01: +0,720.129,1,★ Paracord Knife | Fade (Factory New)
Jul 17 2023 01: +0,639.865,6,★ Paracord Knife | Fade (Factory New)
Jul 18 2023 01: +0,659.474,5,★ Paracord Knife | Fade (Factory New)
Jul 19 2023 01: +0,676.393,2,★ Paracord Knife | Fade (Factory New)
Jul 21 2023 01: +0,678.984,2,★ Paracord Knife | Fade (Factory New)
Jul 22 2023 01: +0,637.004,2,★ Paracord Knife | Fade (Factory New)
Jul 23 2023 01: +0,621.403,3,★ Paracord Knife | Fade (Factory New)
Jul 24 2023 01: +0,674.228,3,★ Paracord Knife | Fade (Factory New)
Jul 25 2023 01: +0,662.037,2,★ Paracord Knife | Fade (Factory New)
Jul 26 2023 01: +0,603.986,2,★ Paracord Knife | Fade (Factory New)
Jul 27 2023 01: +0,611.023,2,★ Paracord Knife | Fade (Factory New)
Jul 28 2023 01: +0,708.752,6,★ Paracord Knife | Fade (Factory New)
Jul 29 2023 01: +0,611.435,2,★ Paracord Knife | Fade (Factory New)
Jul 30 2023 01: +0,643.045,3,★ Paracord Knife | Fade (Factory New)
Jul 31 2023 01: +0,622.163,1,★ Paracord Knife | Fade (Factory New)
Aug 01 2023 01: +0,694.705,1,★ Paracord Knife | Fade (Factory New)
Aug 02 2023 01: +0,669.098,1,★ Paracord Knife | Fade (Factory New)
Aug 03 2023 01: +0,705.888,6,★ Paracord Knife | Fade (Factory New)
Aug 04 2023 01: +0,741.356,1,★ Paracord Knife | Fade (Factory New)
Aug 05 2023 01: +0,741.56,1,★ Paracord Knife | Fade (Factory New)
Aug 06 2023 01: +0,745.504,2,★ Paracord Knife | Fade (Factory New)
Aug 07 2023 01: +0,646.351,1,★ Paracord Knife | Fade (Factory New)
Aug 08 2023 01: +0,702.194,3,★ Paracord Knife | Fade (Factory New)
Aug 11 2023 01: +0,649.1,3,★ Paracord Knife | Fade (Factory New)
Aug 12 2023 01: +0,622.75,4,★ Paracord Knife | Fade (Factory New)
Aug 13 2023 01: +0,652.539,2,★ Paracord Knife | Fade (Factory New)
Aug 14 2023 01: +0,641.571,1,★ Paracord Knife | Fade (Factory New)
Aug 15 2023 01: +0,666.233,3,★ Paracord Knife | Fade (Factory New)
Aug 16 2023 01: +0,639.834,3,★ Paracord Knife | Fade (Factory New)
Aug 17 2023 01: +0,639.017,1,★ Paracord Knife | Fade (Factory New)
Aug 18 2023 01: +0,666.331,1,★ Paracord Knife | Fade (Factory New)
Aug 19 2023 01: +0,742.509,2,★ Paracord Knife | Fade (Factory New)
Aug 20 2023 01: +0,452.849,3,★ Paracord Knife | Fade (Factory New)
Aug 21 2023 01: +0,678.473,1,★ Paracord Knife | Fade (Factory New)
Aug 22 2023 01: +0,664.582,2,★ Paracord Knife | Fade (Factory New)
Aug 23 2023 01: +0,674.391,3,★ Paracord Knife | Fade (Factory New)
Aug 26 2023 01: +0,686.919,1,★ Paracord Knife | Fade (Factory New)
Aug 27 2023 01: +0,645.377,2,★ Paracord Knife | Fade (Factory New)
Aug 30 2023 01: +0,662.712,1,★ Paracord Knife | Fade (Factory New)
Aug 31 2023 01: +0,675.757,4,★ Paracord Knife | Fade (Factory New)
Sep 01 2023 01: +0,698.198,2,★ Paracord Knife | Fade (Factory New)
Sep 02 2023 01: +0,717.899,3,★ Paracord Knife | Fade (Factory New)
Sep 03 2023 01: +0,759.619,4,★ Paracord Knife | Fade (Factory New)
Sep 05 2023 01: +0,714.096,2,★ Paracord Knife | Fade (Factory New)
Sep 06 2023 01: +0,690.301,1,★ Paracord Knife | Fade (Factory New)
Sep 07 2023 01: +0,910.722,1,★ Paracord Knife | Fade (Factory New)
Sep 08 2023 01: +0,691.269,1,★ Paracord Knife | Fade (Factory New)
Sep 10 2023 01: +0,672.997,1,★ Paracord Knife | Fade (Factory New)
Sep 12 2023 01: +0,785.326,2,★ Paracord Knife | Fade (Factory New)
Sep 13 2023 01: +0,659.352,2,★ Paracord Knife | Fade (Factory New)
Sep 14 2023 01: +0,693.796,3,★ Paracord Knife | Fade (Factory New)
Sep 15 2023 01: +0,724.203,1,★ Paracord Knife | Fade (Factory New)
Sep 16 2023 01: +0,720.986,2,★ Paracord Knife | Fade (Factory New)
Sep 17 2023 01: +0,779.285,4,★ Paracord Knife | Fade (Factory New)
Sep 18 2023 01: +0,720.138,1,★ Paracord Knife | Fade (Factory New)
Sep 19 2023 01: +0,861.961,2,★ Paracord Knife | Fade (Factory New)
Sep 20 2023 01: +0,756.254,2,★ Paracord Knife | Fade (Factory New)
Sep 21 2023 01: +0,863.764,2,★ Paracord Knife | Fade (Factory New)
Sep 22 2023 01: +0,721.72,1,★ Paracord Knife | Fade (Factory New)
Sep 23 2023 01: +0,856.445,2,★ Paracord Knife | Fade (Factory New)
Sep 24 2023 01: +0,733.132,1,★ Paracord Knife | Fade (Factory New)
Sep 26 2023 01: +0,854.031,1,★ Paracord Knife | Fade (Factory New)
Sep 28 2023 01: +0,737.177,4,★ Paracord Knife | Fade (Factory New)
Sep 29 2023 01: +0,828.755,1,★ Paracord Knife | Fade (Factory New)
Sep 30 2023 01: +0,791.178,2,★ Paracord Knife | Fade (Factory New)
Oct 01 2023 01: +0,788.847,3,★ Paracord Knife | Fade (Factory New)
Oct 02 2023 01: +0,807.156,2,★ Paracord Knife | Fade (Factory New)
Oct 03 2023 01: +0,728.698,2,★ Paracord Knife | Fade (Factory New)
Oct 04 2023 01: +0,666.83,6,★ Paracord Knife | Fade (Factory New)
Oct 05 2023 01: +0,732.765,3,★ Paracord Knife | Fade (Factory New)
Oct 06 2023 01: +0,710.34,1,★ Paracord Knife | Fade (Factory New)
Oct 07 2023 01: +0,815.687,2,★ Paracord Knife | Fade (Factory New)
Oct 08 2023 01: +0,789.589,4,★ Paracord Knife | Fade (Factory New)
Oct 09 2023 01: +0,740.913,3,★ Paracord Knife | Fade (Factory New)
Oct 10 2023 01: +0,753.626,2,★ Paracord Knife | Fade (Factory New)
Oct 13 2023 01: +0,711.183,2,★ Paracord Knife | Fade (Factory New)
Oct 14 2023 01: +0,761.619,1,★ Paracord Knife | Fade (Factory New)
Oct 15 2023 01: +0,834.298,2,★ Paracord Knife | Fade (Factory New)
Oct 16 2023 01: +0,698.795,3,★ Paracord Knife | Fade (Factory New)
Oct 17 2023 01: +0,728.324,4,★ Paracord Knife | Fade (Factory New)
Oct 20 2023 01: +0,712.105,3,★ Paracord Knife | Fade (Factory New)
Oct 21 2023 01: +0,673.364,2,★ Paracord Knife | Fade (Factory New)
Oct 23 2023 01: +0,695.693,1,★ Paracord Knife | Fade (Factory New)
Oct 25 2023 01: +0,652.746,3,★ Paracord Knife | Fade (Factory New)
Oct 26 2023 01: +0,682.552,3,★ Paracord Knife | Fade (Factory New)
Oct 27 2023 01: +0,628.319,1,★ Paracord Knife | Fade (Factory New)
Oct 28 2023 01: +0,628.309,3,★ Paracord Knife | Fade (Factory New)
Oct 29 2023 01: +0,590.0,1,★ Paracord Knife | Fade (Factory New)
Oct 31 2023 01: +0,591.965,3,★ Paracord Knife | Fade (Factory New)
Nov 01 2023 01: +0,617.415,3,★ Paracord Knife | Fade (Factory New)
Nov 02 2023 01: +0,652.069,4,★ Paracord Knife | Fade (Factory New)
Nov 04 2023 01: +0,606.66,2,★ Paracord Knife | Fade (Factory New)
Nov 05 2023 01: +0,632.469,3,★ Paracord Knife | Fade (Factory New)
Nov 06 2023 01: +0,655.26,2,★ Paracord Knife | Fade (Factory New)
Nov 07 2023 01: +0,618.538,3,★ Paracord Knife | Fade (Factory New)
Nov 08 2023 01: +0,614.897,3,★ Paracord Knife | Fade (Factory New)
Nov 09 2023 01: +0,600.511,1,★ Paracord Knife | Fade (Factory New)
Nov 10 2023 01: +0,582.074,4,★ Paracord Knife | Fade (Factory New)
Nov 11 2023 01: +0,619.371,3,★ Paracord Knife | Fade (Factory New)
Nov 12 2023 01: +0,559.903,3,★ Paracord Knife | Fade (Factory New)
Nov 13 2023 01: +0,577.068,2,★ Paracord Knife | Fade (Factory New)
Nov 14 2023 01: +0,642.85,2,★ Paracord Knife | Fade (Factory New)
Nov 15 2023 01: +0,605.024,3,★ Paracord Knife | Fade (Factory New)
Nov 16 2023 01: +0,613.884,1,★ Paracord Knife | Fade (Factory New)
Nov 17 2023 01: +0,505.753,2,★ Paracord Knife | Fade (Factory New)
Nov 20 2023 01: +0,512.851,2,★ Paracord Knife | Fade (Factory New)
Nov 21 2023 01: +0,488.139,2,★ Paracord Knife | Fade (Factory New)
Nov 22 2023 01: +0,551.903,1,★ Paracord Knife | Fade (Factory New)
Nov 23 2023 01: +0,489.07,1,★ Paracord Knife | Fade (Factory New)
Nov 24 2023 01: +0,481.729,2,★ Paracord Knife | Fade (Factory New)
Nov 25 2023 01: +0,556.108,2,★ Paracord Knife | Fade (Factory New)
Nov 26 2023 01: +0,528.349,3,★ Paracord Knife | Fade (Factory New)
Nov 27 2023 01: +0,533.262,2,★ Paracord Knife | Fade (Factory New)
Nov 28 2023 01: +0,520.447,5,★ Paracord Knife | Fade (Factory New)
Nov 29 2023 01: +0,556.574,1,★ Paracord Knife | Fade (Factory New)
Nov 30 2023 01: +0,544.586,4,★ Paracord Knife | Fade (Factory New)
Dec 01 2023 01: +0,542.765,3,★ Paracord Knife | Fade (Factory New)
Dec 02 2023 01: +0,564.829,2,★ Paracord Knife | Fade (Factory New)
Dec 03 2023 01: +0,542.205,5,★ Paracord Knife | Fade (Factory New)
Dec 04 2023 01: +0,572.042,2,★ Paracord Knife | Fade (Factory New)
Dec 05 2023 01: +0,570.66,3,★ Paracord Knife | Fade (Factory New)
Dec 06 2023 01: +0,585.406,1,★ Paracord Knife | Fade (Factory New)
Dec 07 2023 01: +0,568.75,3,★ Paracord Knife | Fade (Factory New)
Dec 08 2023 01: +0,585.021,1,★ Paracord Knife | Fade (Factory New)
Dec 09 2023 01: +0,565.656,1,★ Paracord Knife | Fade (Factory New)
Dec 10 2023 01: +0,568.883,2,★ Paracord Knife | Fade (Factory New)
Dec 11 2023 01: +0,547.206,1,★ Paracord Knife | Fade (Factory New)
Dec 12 2023 01: +0,577.374,1,★ Paracord Knife | Fade (Factory New)
Dec 13 2023 01: +0,590.089,2,★ Paracord Knife | Fade (Factory New)
Dec 15 2023 01: +0,554.599,3,★ Paracord Knife | Fade (Factory New)
Dec 16 2023 01: +0,546.556,2,★ Paracord Knife | Fade (Factory New)
Dec 17 2023 01: +0,545.661,1,★ Paracord Knife | Fade (Factory New)
Dec 18 2023 01: +0,560.65,2,★ Paracord Knife | Fade (Factory New)
Dec 19 2023 01: +0,539.811,4,★ Paracord Knife | Fade (Factory New)
Dec 21 2023 01: +0,535.795,2,★ Paracord Knife | Fade (Factory New)
Dec 22 2023 01: +0,516.517,4,★ Paracord Knife | Fade (Factory New)
Dec 23 2023 01: +0,585.857,1,★ Paracord Knife | Fade (Factory New)
Dec 24 2023 01: +0,515.995,1,★ Paracord Knife | Fade (Factory New)
Dec 25 2023 01: +0,502.867,1,★ Paracord Knife | Fade (Factory New)
Dec 26 2023 01: +0,505.17,4,★ Paracord Knife | Fade (Factory New)
Dec 28 2023 01: +0,585.855,1,★ Paracord Knife | Fade (Factory New)
Dec 29 2023 01: +0,562.773,1,★ Paracord Knife | Fade (Factory New)
Dec 30 2023 01: +0,499.683,1,★ Paracord Knife | Fade (Factory New)
Dec 31 2023 01: +0,547.303,2,★ Paracord Knife | Fade (Factory New)
Jan 03 2024 01: +0,508.437,3,★ Paracord Knife | Fade (Factory New)
Jan 06 2024 01: +0,517.076,2,★ Paracord Knife | Fade (Factory New)
Jan 07 2024 01: +0,502.431,4,★ Paracord Knife | Fade (Factory New)
Jan 08 2024 01: +0,504.531,1,★ Paracord Knife | Fade (Factory New)
Jan 09 2024 01: +0,539.123,1,★ Paracord Knife | Fade (Factory New)
Jan 11 2024 01: +0,540.524,2,★ Paracord Knife | Fade (Factory New)
Jan 12 2024 01: +0,564.638,2,★ Paracord Knife | Fade (Factory New)
Jan 13 2024 01: +0,552.128,2,★ Paracord Knife | Fade (Factory New)
Jan 14 2024 01: +0,532.755,2,★ Paracord Knife | Fade (Factory New)
Jan 15 2024 01: +0,551.901,1,★ Paracord Knife | Fade (Factory New)
Jan 17 2024 01: +0,494.003,1,★ Paracord Knife | Fade (Factory New)
Jan 18 2024 01: +0,502.867,1,★ Paracord Knife | Fade (Factory New)
Jan 19 2024 01: +0,506.306,2,★ Paracord Knife | Fade (Factory New)
Jan 20 2024 01: +0,500.957,1,★ Paracord Knife | Fade (Factory New)
Jan 21 2024 01: +0,523.269,3,★ Paracord Knife | Fade (Factory New)
Jan 22 2024 01: +0,501.805,5,★ Paracord Knife | Fade (Factory New)
Jan 24 2024 01: +0,520.644,1,★ Paracord Knife | Fade (Factory New)
Jan 25 2024 01: +0,463.32,3,★ Paracord Knife | Fade (Factory New)
Jan 26 2024 01: +0,514.271,2,★ Paracord Knife | Fade (Factory New)
Jan 28 2024 01: +0,509.44,1,★ Paracord Knife | Fade (Factory New)
Jan 31 2024 01: +0,473.472,1,★ Paracord Knife | Fade (Factory New)
Feb 01 2024 01: +0,467.303,2,★ Paracord Knife | Fade (Factory New)
Feb 02 2024 01: +0,499.608,3,★ Paracord Knife | Fade (Factory New)
Feb 03 2024 01: +0,479.73,1,★ Paracord Knife | Fade (Factory New)
Feb 04 2024 01: +0,467.647,1,★ Paracord Knife | Fade (Factory New)
Feb 05 2024 01: +0,468.853,1,★ Paracord Knife | Fade (Factory New)
Feb 06 2024 01: +0,470.425,3,★ Paracord Knife | Fade (Factory New)
Feb 07 2024 01: +0,456.171,3,★ Paracord Knife | Fade (Factory New)
Feb 08 2024 01: +0,454.308,2,★ Paracord Knife | Fade (Factory New)
Feb 09 2024 01: +0,447.496,2,★ Paracord Knife | Fade (Factory New)
Feb 10 2024 01: +0,460.734,5,★ Paracord Knife | Fade (Factory New)
Feb 11 2024 01: +0,478.913,2,★ Paracord Knife | Fade (Factory New)
Feb 12 2024 01: +0,487.157,4,★ Paracord Knife | Fade (Factory New)
Feb 13 2024 01: +0,475.484,1,★ Paracord Knife | Fade (Factory New)
Feb 15 2024 01: +0,491.446,2,★ Paracord Knife | Fade (Factory New)
Feb 16 2024 01: +0,463.178,1,★ Paracord Knife | Fade (Factory New)
Feb 17 2024 01: +0,461.341,5,★ Paracord Knife | Fade (Factory New)
Feb 18 2024 01: +0,443.308,2,★ Paracord Knife | Fade (Factory New)
Feb 19 2024 01: +0,447.097,3,★ Paracord Knife | Fade (Factory New)
Feb 20 2024 01: +0,471.24,1,★ Paracord Knife | Fade (Factory New)
Feb 21 2024 01: +0,461.296,3,★ Paracord Knife | Fade (Factory New)
Feb 22 2024 01: +0,474.219,2,★ Paracord Knife | Fade (Factory New)
Feb 23 2024 01: +0,504.633,1,★ Paracord Knife | Fade (Factory New)
Feb 24 2024 01: +0,478.983,2,★ Paracord Knife | Fade (Factory New)
Feb 25 2024 01: +0,488.132,3,★ Paracord Knife | Fade (Factory New)
Feb 26 2024 01: +0,487.481,5,★ Paracord Knife | Fade (Factory New)
Feb 27 2024 01: +0,482.856,7,★ Paracord Knife | Fade (Factory New)
Feb 28 2024 01: +0,484.493,4,★ Paracord Knife | Fade (Factory New)
Feb 29 2024 01: +0,475.586,1,★ Paracord Knife | Fade (Factory New)
Mar 01 2024 01: +0,487.091,1,★ Paracord Knife | Fade (Factory New)
Mar 02 2024 01: +0,489.392,2,★ Paracord Knife | Fade (Factory New)
Mar 03 2024 01: +0,490.858,3,★ Paracord Knife | Fade (Factory New)
Mar 04 2024 01: +0,506.205,2,★ Paracord Knife | Fade (Factory New)
Mar 06 2024 01: +0,487.436,2,★ Paracord Knife | Fade (Factory New)
Mar 07 2024 01: +0,475.762,3,★ Paracord Knife | Fade (Factory New)
Mar 08 2024 01: +0,495.078,1,★ Paracord Knife | Fade (Factory New)
Mar 09 2024 01: +0,505.206,1,★ Paracord Knife | Fade (Factory New)
Mar 12 2024 01: +0,537.543,1,★ Paracord Knife | Fade (Factory New)
Mar 13 2024 01: +0,509.477,1,★ Paracord Knife | Fade (Factory New)
Mar 14 2024 01: +0,509.447,1,★ Paracord Knife | Fade (Factory New)
Mar 15 2024 01: +0,510.308,2,★ Paracord Knife | Fade (Factory New)
Mar 16 2024 01: +0,517.522,1,★ Paracord Knife | Fade (Factory New)
Mar 17 2024 01: +0,479.56,1,★ Paracord Knife | Fade (Factory New)
Mar 21 2024 01: +0,447.482,1,★ Paracord Knife | Fade (Factory New)
Mar 22 2024 01: +0,450.428,1,★ Paracord Knife | Fade (Factory New)
Mar 24 2024 01: +0,467.366,5,★ Paracord Knife | Fade (Factory New)
Mar 26 2024 01: +0,551.628,1,★ Paracord Knife | Fade (Factory New)
Mar 28 2024 01: +0,451.867,2,★ Paracord Knife | Fade (Factory New)
Mar 29 2024 01: +0,473.638,2,★ Paracord Knife | Fade (Factory New)
Mar 30 2024 01: +0,491.782,5,★ Paracord Knife | Fade (Factory New)
Apr 02 2024 01: +0,476.936,1,★ Paracord Knife | Fade (Factory New)
Apr 03 2024 01: +0,502.717,1,★ Paracord Knife | Fade (Factory New)
Apr 04 2024 01: +0,484.6,2,★ Paracord Knife | Fade (Factory New)
Apr 05 2024 01: +0,574.443,2,★ Paracord Knife | Fade (Factory New)
Apr 06 2024 01: +0,508.638,6,★ Paracord Knife | Fade (Factory New)
Apr 08 2024 01: +0,488.37,4,★ Paracord Knife | Fade (Factory New)
Apr 09 2024 01: +0,498.006,5,★ Paracord Knife | Fade (Factory New)
Apr 10 2024 01: +0,472.235,3,★ Paracord Knife | Fade (Factory New)
Apr 11 2024 01: +0,504.03,3,★ Paracord Knife | Fade (Factory New)
Apr 12 2024 01: +0,529.729,2,★ Paracord Knife | Fade (Factory New)
Apr 13 2024 01: +0,513.927,2,★ Paracord Knife | Fade (Factory New)
Apr 14 2024 01: +0,508.853,1,★ Paracord Knife | Fade (Factory New)
Apr 17 2024 01: +0,498.506,2,★ Paracord Knife | Fade (Factory New)
Apr 18 2024 01: +0,435.764,1,★ Paracord Knife | Fade (Factory New)
Apr 19 2024 01: +0,474.146,3,★ Paracord Knife | Fade (Factory New)
Apr 20 2024 01: +0,478.881,1,★ Paracord Knife | Fade (Factory New)
Apr 24 2024 01: +0,483.307,2,★ Paracord Knife | Fade (Factory New)
Apr 25 2024 01: +0,469.498,3,★ Paracord Knife | Fade (Factory New)
Apr 26 2024 01: +0,525.172,1,★ Paracord Knife | Fade (Factory New)
Apr 28 2024 01: +0,471.09,2,★ Paracord Knife | Fade (Factory New)
Apr 29 2024 01: +0,509.946,4,★ Paracord Knife | Fade (Factory New)
Apr 30 2024 01: +0,473.48,1,★ Paracord Knife | Fade (Factory New)
May 01 2024 01: +0,473.902,1,★ Paracord Knife | Fade (Factory New)
May 03 2024 01: +0,474.134,1,★ Paracord Knife | Fade (Factory New)
May 04 2024 01: +0,439.398,1,★ Paracord Knife | Fade (Factory New)
May 05 2024 01: +0,498.834,2,★ Paracord Knife | Fade (Factory New)
May 06 2024 01: +0,478.337,1,★ Paracord Knife | Fade (Factory New)
May 07 2024 01: +0,479.636,1,★ Paracord Knife | Fade (Factory New)
May 09 2024 01: +0,487.997,1,★ Paracord Knife | Fade (Factory New)
May 10 2024 01: +0,484.62,1,★ Paracord Knife | Fade (Factory New)
May 12 2024 01: +0,493.901,1,★ Paracord Knife | Fade (Factory New)
May 13 2024 01: +0,504.516,2,★ Paracord Knife | Fade (Factory New)
May 15 2024 01: +0,525.423,1,★ Paracord Knife | Fade (Factory New)
May 16 2024 01: +0,490.734,1,★ Paracord Knife | Fade (Factory New)
May 17 2024 01: +0,527.278,1,★ Paracord Knife | Fade (Factory New)
May 18 2024 01: +0,496.176,1,★ Paracord Knife | Fade (Factory New)
May 20 2024 01: +0,498.014,1,★ Paracord Knife | Fade (Factory New)
May 21 2024 01: +0,490.81,2,★ Paracord Knife | Fade (Factory New)
May 22 2024 01: +0,485.618,2,★ Paracord Knife | Fade (Factory New)
May 24 2024 01: +0,585.554,2,★ Paracord Knife | Fade (Factory New)
May 25 2024 01: +0,484.701,2,★ Paracord Knife | Fade (Factory New)
May 26 2024 01: +0,495.298,4,★ Paracord Knife | Fade (Factory New)
May 27 2024 01: +0,479.486,3,★ Paracord Knife | Fade (Factory New)
May 28 2024 01: +0,439.398,1,★ Paracord Knife | Fade (Factory New)
May 29 2024 01: +0,509.458,1,★ Paracord Knife | Fade (Factory New)
May 30 2024 01: +0,477.259,1,★ Paracord Knife | Fade (Factory New)
May 31 2024 01: +0,413.646,1,★ Paracord Knife | Fade (Factory New)
Jun 02 2024 01: +0,529.645,1,★ Paracord Knife | Fade (Factory New)
Jun 03 2024 01: +0,503.263,2,★ Paracord Knife | Fade (Factory New)
Jun 05 2024 01: +0,504.06,2,★ Paracord Knife | Fade (Factory New)
Jun 07 2024 01: +0,503.47,1,★ Paracord Knife | Fade (Factory New)
Jun 08 2024 01: +0,488.222,1,★ Paracord Knife | Fade (Factory New)
Jun 09 2024 01: +0,530.674,1,★ Paracord Knife | Fade (Factory New)
Jun 10 2024 01: +0,499.035,1,★ Paracord Knife | Fade (Factory New)
Jun 11 2024 01: +0,497.177,1,★ Paracord Knife | Fade (Factory New)
Jun 17 2024 01: +0,491.201,1,★ Paracord Knife | Fade (Factory New)
Jun 18 2024 01: +0,452.187,2,★ Paracord Knife | Fade (Factory New)
Jun 22 2024 01: +0,427.858,4,★ Paracord Knife | Fade (Factory New)
Jun 24 2024 01: +0,432.181,1,★ Paracord Knife | Fade (Factory New)
Jun 25 2024 01: +0,436.894,2,★ Paracord Knife | Fade (Factory New)
Jun 26 2024 01: +0,500.707,2,★ Paracord Knife | Fade (Factory New)
Jun 27 2024 01: +0,434.376,2,★ Paracord Knife | Fade (Factory New)
Jun 28 2024 01: +0,433.823,3,★ Paracord Knife | Fade (Factory New)
Jun 29 2024 01: +0,451.99,2,★ Paracord Knife | Fade (Factory New)
Jun 30 2024 01: +0,440.248,2,★ Paracord Knife | Fade (Factory New)
Jul 01 2024 01: +0,429.205,2,★ Paracord Knife | Fade (Factory New)
Jul 02 2024 01: +0,437.826,1,★ Paracord Knife | Fade (Factory New)
Jul 03 2024 01: +0,438.091,2,★ Paracord Knife | Fade (Factory New)
Jul 04 2024 01: +0,438.923,2,★ Paracord Knife | Fade (Factory New)
Jul 05 2024 01: +0,501.558,2,★ Paracord Knife | Fade (Factory New)
Jul 06 2024 01: +0,470.721,3,★ Paracord Knife | Fade (Factory New)
Jul 07 2024 01: +0,460.933,1,★ Paracord Knife | Fade (Factory New)
Jul 08 2024 01: +0,439.373,1,★ Paracord Knife | Fade (Factory New)
Jul 10 2024 01: +0,422.553,1,★ Paracord Knife | Fade (Factory New)
Jul 11 2024 01: +0,503.732,2,★ Paracord Knife | Fade (Factory New)
Jul 13 2024 01: +0,470.95,1,★ Paracord Knife | Fade (Factory New)
Jul 14 2024 01: +0,418.409,1,★ Paracord Knife | Fade (Factory New)
Jul 15 2024 01: +0,390.844,2,★ Paracord Knife | Fade (Factory New)
Jul 16 2024 01: +0,438.685,2,★ Paracord Knife | Fade (Factory New)
Jul 17 2024 01: +0,468.655,2,★ Paracord Knife | Fade (Factory New)
Jul 19 2024 01: +0,431.884,3,★ Paracord Knife | Fade (Factory New)
Jul 20 2024 01: +0,429.26,1,★ Paracord Knife | Fade (Factory New)
Jul 21 2024 01: +0,475.179,4,★ Paracord Knife | Fade (Factory New)
Jul 22 2024 01: +0,482.989,1,★ Paracord Knife | Fade (Factory New)
Jul 25 2024 01: +0,441.521,1,★ Paracord Knife | Fade (Factory New)
Jul 26 2024 01: +0,492.772,1,★ Paracord Knife | Fade (Factory New)
Jul 27 2024 01: +0,434.814,3,★ Paracord Knife | Fade (Factory New)
Jul 28 2024 01: +0,437.407,2,★ Paracord Knife | Fade (Factory New)
Jul 29 2024 01: +0,433.82,4,★ Paracord Knife | Fade (Factory New)
Jul 30 2024 01: +0,434.066,1,★ Paracord Knife | Fade (Factory New)
Jul 31 2024 01: +0,469.252,1,★ Paracord Knife | Fade (Factory New)
Aug 01 2024 01: +0,493.408,1,★ Paracord Knife | Fade (Factory New)
Aug 02 2024 01: +0,519.182,3,★ Paracord Knife | Fade (Factory New)
Aug 04 2024 01: +0,444.799,1,★ Paracord Knife | Fade (Factory New)
Aug 06 2024 01: +0,468.692,1,★ Paracord Knife | Fade (Factory New)
Aug 07 2024 01: +0,448.892,4,★ Paracord Knife | Fade (Factory New)
Aug 08 2024 01: +0,499.785,2,★ Paracord Knife | Fade (Factory New)
Aug 10 2024 01: +0,433.03,1,★ Paracord Knife | Fade (Factory New)
Aug 14 2024 01: +0,456.984,1,★ Paracord Knife | Fade (Factory New)
Aug 16 2024 01: +0,448.892,2,★ Paracord Knife | Fade (Factory New)
Aug 18 2024 01: +0,439.398,1,★ Paracord Knife | Fade (Factory New)
Aug 19 2024 01: +0,408.981,2,★ Paracord Knife | Fade (Factory New)
Aug 20 2024 01: +0,348.971,1,★ Paracord Knife | Fade (Factory New)
Aug 21 2024 01: +0,377.84,2,★ Paracord Knife | Fade (Factory New)
Aug 22 2024 01: +0,377.628,3,★ Paracord Knife | Fade (Factory New)
Aug 23 2024 01: +0,403.317,2,★ Paracord Knife | Fade (Factory New)
Aug 24 2024 01: +0,440.884,2,★ Paracord Knife | Fade (Factory New)
Aug 25 2024 01: +0,380.7,2,★ Paracord Knife | Fade (Factory New)
Aug 26 2024 01: +0,386.308,2,★ Paracord Knife | Fade (Factory New)
Aug 27 2024 01: +0,421.086,4,★ Paracord Knife | Fade (Factory New)
Aug 28 2024 01: +0,412.398,1,★ Paracord Knife | Fade (Factory New)
Aug 29 2024 01: +0,411.226,1,★ Paracord Knife | Fade (Factory New)
Aug 30 2024 01: +0,422.496,4,★ Paracord Knife | Fade (Factory New)
Aug 31 2024 01: +0,426.69,2,★ Paracord Knife | Fade (Factory New)
Sep 01 2024 01: +0,436.081,4,★ Paracord Knife | Fade (Factory New)
Sep 02 2024 01: +0,421.16,1,★ Paracord Knife | Fade (Factory New)
Sep 03 2024 01: +0,420.787,2,★ Paracord Knife | Fade (Factory New)
Sep 04 2024 01: +0,447.889,1,★ Paracord Knife | Fade (Factory New)
Sep 06 2024 01: +0,434.914,3,★ Paracord Knife | Fade (Factory New)
Sep 08 2024 01: +0,420.445,1,★ Paracord Knife | Fade (Factory New)
Sep 09 2024 01: +0,418.152,3,★ Paracord Knife | Fade (Factory New)
Sep 10 2024 01: +0,510.156,2,★ Paracord Knife | Fade (Factory New)
Sep 11 2024 01: +0,418.63,1,★ Paracord Knife | Fade (Factory New)
Sep 12 2024 01: +0,428.183,3,★ Paracord Knife | Fade (Factory New)
Sep 13 2024 01: +0,419.267,3,★ Paracord Knife | Fade (Factory New)
Sep 14 2024 01: +0,422.442,1,★ Paracord Knife | Fade (Factory New)
Sep 15 2024 01: +0,424.663,2,★ Paracord Knife | Fade (Factory New)
Sep 16 2024 01: +0,442.506,1,★ Paracord Knife | Fade (Factory New)
Sep 18 2024 01: +0,432.286,4,★ Paracord Knife | Fade (Factory New)
Sep 20 2024 01: +0,442.77,2,★ Paracord Knife | Fade (Factory New)
Sep 21 2024 01: +0,431.018,2,★ Paracord Knife | Fade (Factory New)
Sep 23 2024 01: +0,397.955,2,★ Paracord Knife | Fade (Factory New)
Sep 25 2024 01: +0,413.289,2,★ Paracord Knife | Fade (Factory New)
Sep 27 2024 01: +0,333.264,2,★ Paracord Knife | Fade (Factory New)
Sep 29 2024 01: +0,424.547,1,★ Paracord Knife | Fade (Factory New)
Sep 30 2024 01: +0,439.21,1,★ Paracord Knife | Fade (Factory New)
Oct 01 2024 01: +0,426.662,1,★ Paracord Knife | Fade (Factory New)
Oct 02 2024 01: +0,439.888,3,★ Paracord Knife | Fade (Factory New)
Oct 04 2024 01: +0,440.4,1,★ Paracord Knife | Fade (Factory New)
Oct 05 2024 01: +0,455.832,2,★ Paracord Knife | Fade (Factory New)
Oct 08 2024 01: +0,401.812,3,★ Paracord Knife | Fade (Factory New)
Oct 09 2024 01: +0,465.338,1,★ Paracord Knife | Fade (Factory New)
Oct 10 2024 01: +0,434.301,2,★ Paracord Knife | Fade (Factory New)
Oct 11 2024 01: +0,414.202,2,★ Paracord Knife | Fade (Factory New)
Oct 13 2024 01: +0,416.04,1,★ Paracord Knife | Fade (Factory New)
Oct 14 2024 01: +0,445.772,1,★ Paracord Knife | Fade (Factory New)
Oct 16 2024 01: +0,456.159,1,★ Paracord Knife | Fade (Factory New)
Oct 17 2024 01: +0,420.351,4,★ Paracord Knife | Fade (Factory New)
Oct 18 2024 01: +0,433.042,1,★ Paracord Knife | Fade (Factory New)
Oct 19 2024 01: +0,411.481,1,★ Paracord Knife | Fade (Factory New)
Oct 20 2024 01: +0,428.783,1,★ Paracord Knife | Fade (Factory New)
Oct 21 2024 01: +0,419.669,4,★ Paracord Knife | Fade (Factory New)
Oct 22 2024 01: +0,438.003,2,★ Paracord Knife | Fade (Factory New)
Oct 24 2024 01: +0,401.448,2,★ Paracord Knife | Fade (Factory New)
Oct 25 2024 01: +0,419.279,2,★ Paracord Knife | Fade (Factory New)
Oct 26 2024 01: +0,416.338,3,★ Paracord Knife | Fade (Factory New)
Oct 29 2024 01: +0,320.392,1,★ Paracord Knife | Fade (Factory New)
Oct 30 2024 01: +0,397.594,3,★ Paracord Knife | Fade (Factory New)
Nov 01 2024 01: +0,448.332,1,★ Paracord Knife | Fade (Factory New)
Nov 03 2024 01: +0,424.531,1,★ Paracord Knife | Fade (Factory New)
Nov 04 2024 01: +0,418.044,1,★ Paracord Knife | Fade (Factory New)
Nov 05 2024 01: +0,430.82,1,★ Paracord Knife | Fade (Factory New)
Nov 07 2024 01: +0,450.929,3,★ Paracord Knife | Fade (Factory New)
Nov 08 2024 01: +0,418.167,2,★ Paracord Knife | Fade (Factory New)
Nov 09 2024 01: +0,428.26,2,★ Paracord Knife | Fade (Factory New)
Nov 10 2024 01: +0,426.34,2,★ Paracord Knife | Fade (Factory New)
Nov 11 2024 01: +0,421.288,1,★ Paracord Knife | Fade (Factory New)
Nov 12 2024 01: +0,419.589,1,★ Paracord Knife | Fade (Factory New)
Nov 13 2024 01: +0,419.598,1,★ Paracord Knife | Fade (Factory New)
Nov 14 2024 01: +0,428.181,3,★ Paracord Knife | Fade (Factory New)
Nov 15 2024 01: +0,443.929,2,★ Paracord Knife | Fade (Factory New)
Nov 16 2024 01: +0,425.23,1,★ Paracord Knife | Fade (Factory New)
Nov 17 2024 01: +0,492.091,1,★ Paracord Knife | Fade (Factory New)
Nov 18 2024 01: +0,422.264,5,★ Paracord Knife | Fade (Factory New)
Nov 19 2024 01: +0,428.904,1,★ Paracord Knife | Fade (Factory New)
Nov 20 2024 01: +0,424.842,3,★ Paracord Knife | Fade (Factory New)
Nov 21 2024 01: +0,407.541,1,★ Paracord Knife | Fade (Factory New)
Nov 23 2024 01: +0,420.946,1,★ Paracord Knife | Fade (Factory New)
Nov 24 2024 01: +0,457.985,2,★ Paracord Knife | Fade (Factory New)
Nov 25 2024 01: +0,412.457,1,★ Paracord Knife | Fade (Factory New)
Nov 26 2024 01: +0,427.134,4,★ Paracord Knife | Fade (Factory New)
Nov 28 2024 01: +0,492.81,2,★ Paracord Knife | Fade (Factory New)
Nov 29 2024 01: +0,480.078,1,★ Paracord Knife | Fade (Factory New)
Nov 30 2024 01: +0,407.524,1,★ Paracord Knife | Fade (Factory New)
Dec 01 2024 01: +0,414.223,1,★ Paracord Knife | Fade (Factory New)
Dec 03 2024 01: +0,451.845,2,★ Paracord Knife | Fade (Factory New)
Dec 04 2024 01: +0,446.824,1,★ Paracord Knife | Fade (Factory New)
Dec 06 2024 01: +0,395.671,1,★ Paracord Knife | Fade (Factory New)
Dec 07 2024 01: +0,416.531,2,★ Paracord Knife | Fade (Factory New)
Dec 08 2024 01: +0,408.195,1,★ Paracord Knife | Fade (Factory New)
Dec 09 2024 01: +0,445.317,2,★ Paracord Knife | Fade (Factory New)
Dec 10 2024 01: +0,418.716,1,★ Paracord Knife | Fade (Factory New)
Dec 13 2024 01: +0,432.252,1,★ Paracord Knife | Fade (Factory New)
Dec 14 2024 01: +0,406.825,2,★ Paracord Knife | Fade (Factory New)
Dec 16 2024 01: +0,436.239,3,★ Paracord Knife | Fade (Factory New)
Dec 17 2024 01: +0,418.766,2,★ Paracord Knife | Fade (Factory New)
Dec 18 2024 01: +0,400.765,1,★ Paracord Knife | Fade (Factory New)
Dec 19 2024 01: +0,378.312,2,★ Paracord Knife | Fade (Factory New)
Dec 20 2024 01: +0,404.535,3,★ Paracord Knife | Fade (Factory New)
Dec 23 2024 01: +0,391.048,2,★ Paracord Knife | Fade (Factory New)
Dec 24 2024 01: +0,426.402,1,★ Paracord Knife | Fade (Factory New)
Dec 26 2024 01: +0,426.22,3,★ Paracord Knife | Fade (Factory New)
Dec 27 2024 01: +0,428.785,1,★ Paracord Knife | Fade (Factory New)
Dec 28 2024 01: +0,394.694,1,★ Paracord Knife | Fade (Factory New)
Dec 29 2024 01: +0,413.638,3,★ Paracord Knife | Fade (Factory New)
Dec 30 2024 01: +0,363.83,2,★ Paracord Knife | Fade (Factory New)
Dec 31 2024 01: +0,442.71,1,★ Paracord Knife | Fade (Factory New)
Jan 01 2025 01: +0,445.288,1,★ Paracord Knife | Fade (Factory New)
Jan 03 2025 01: +0,406.635,3,★ Paracord Knife | Fade (Factory New)
Jan 04 2025 01: +0,414.112,2,★ Paracord Knife | Fade (Factory New)
Jan 05 2025 01: +0,429.346,1,★ Paracord Knife | Fade (Factory New)
Jan 07 2025 01: +0,421.841,1,★ Paracord Knife | Fade (Factory New)
Jan 08 2025 01: +0,403.256,1,★ Paracord Knife | Fade (Factory New)
Jan 09 2025 01: +0,389.937,3,★ Paracord Knife | Fade (Factory New)
Jan 11 2025 01: +0,404.34,2,★ Paracord Knife | Fade (Factory New)
Jan 12 2025 01: +0,386.818,2,★ Paracord Knife | Fade (Factory New)
Jan 13 2025 01: +0,416.532,4,★ Paracord Knife | Fade (Factory New)
Jan 14 2025 01: +0,400.135,4,★ Paracord Knife | Fade (Factory New)
Jan 16 2025 01: +0,422.61,2,★ Paracord Knife | Fade (Factory New)
Jan 17 2025 01: +0,397.257,3,★ Paracord Knife | Fade (Factory New)
Jan 18 2025 01: +0,433.873,1,★ Paracord Knife | Fade (Factory New)
Jan 19 2025 01: +0,365.945,1,★ Paracord Knife | Fade (Factory New)
Jan 20 2025 01: +0,408.806,2,★ Paracord Knife | Fade (Factory New)
Jan 21 2025 01: +0,1.411,1,★ Paracord Knife | Fade (Factory New)
Jan 22 2025 01: +0,444.288,1,★ Paracord Knife | Fade (Factory New)
Jan 27 2025 01: +0,406.624,1,★ Paracord Knife | Fade (Factory New)
Jan 31 2025 01: +0,384.718,1,★ Paracord Knife | Fade (Factory New)
Feb 01 2025 01: +0,402.463,2,★ Paracord Knife | Fade (Factory New)
Feb 02 2025 01: +0,397.301,4,★ Paracord Knife | Fade (Factory New)
Feb 03 2025 01: +0,403.844,3,★ Paracord Knife | Fade (Factory New)
Feb 04 2025 01: +0,385.015,2,★ Paracord Knife | Fade (Factory New)
Feb 05 2025 01: +0,433.354,1,★ Paracord Knife | Fade (Factory New)
Feb 06 2025 01: +0,430.364,1,★ Paracord Knife | Fade (Factory New)
Feb 07 2025 01: +0,428.298,1,★ Paracord Knife | Fade (Factory New)
Feb 08 2025 01: +0,433.566,3,★ Paracord Knife | Fade (Factory New)
Feb 09 2025 01: +0,387.152,1,★ Paracord Knife | Fade (Factory New)
Feb 10 2025 01: +0,401.851,2,★ Paracord Knife | Fade (Factory New)
Feb 11 2025 01: +0,437.685,3,★ Paracord Knife | Fade (Factory New)
Feb 12 2025 01: +0,397.038,1,★ Paracord Knife | Fade (Factory New)
Feb 13 2025 01: +0,416.898,1,★ Paracord Knife | Fade (Factory New)
Feb 14 2025 01: +0,433.213,4,★ Paracord Knife | Fade (Factory New)
Feb 15 2025 01: +0,440.813,3,★ Paracord Knife | Fade (Factory New)
Feb 17 2025 01: +0,395.654,1,★ Paracord Knife | Fade (Factory New)
Feb 18 2025 01: +0,408.161,1,★ Paracord Knife | Fade (Factory New)
Feb 19 2025 01: +0,438.515,1,★ Paracord Knife | Fade (Factory New)
Feb 20 2025 01: +0,398.51,1,★ Paracord Knife | Fade (Factory New)
Feb 21 2025 01: +0,375.896,1,★ Paracord Knife | Fade (Factory New)
Feb 23 2025 01: +0,408.766,5,★ Paracord Knife | Fade (Factory New)
Feb 24 2025 01: +0,513.714,1,★ Paracord Knife | Fade (Factory New)
Feb 26 2025 01: +0,474.262,2,★ Paracord Knife | Fade (Factory New)
Feb 28 2025 01: +0,375.579,2,★ Paracord Knife | Fade (Factory New)
Mar 02 2025 01: +0,415.344,1,★ Paracord Knife | Fade (Factory New)
Mar 03 2025 01: +0,375.22,4,★ Paracord Knife | Fade (Factory New)
Mar 05 2025 01: +0,474.1,2,★ Paracord Knife | Fade (Factory New)
Mar 06 2025 01: +0,471.324,1,★ Paracord Knife | Fade (Factory New)
Mar 07 2025 01: +0,475.901,1,★ Paracord Knife | Fade (Factory New)
Mar 08 2025 01: +0,416.057,3,★ Paracord Knife | Fade (Factory New)
Mar 09 2025 01: +0,407.502,2,★ Paracord Knife | Fade (Factory New)
Mar 10 2025 01: +0,413.298,3,★ Paracord Knife | Fade (Factory New)
Mar 11 2025 01: +0,462.751,1,★ Paracord Knife | Fade (Factory New)
Mar 14 2025 01: +0,431.488,2,★ Paracord Knife | Fade (Factory New)
Mar 16 2025 01: +0,394.873,1,★ Paracord Knife | Fade (Factory New)
Mar 17 2025 01: +0,488.22,1,★ Paracord Knife | Fade (Factory New)
Mar 18 2025 01: +0,409.545,3,★ Paracord Knife | Fade (Factory New)
Mar 19 2025 01: +0,484.368,2,★ Paracord Knife | Fade (Factory New)
Mar 20 2025 01: +0,382.536,1,★ Paracord Knife | Fade (Factory New)
Mar 22 2025 01: +0,446.003,1,★ Paracord Knife | Fade (Factory New)
Mar 25 2025 01: +0,379.564,1,★ Paracord Knife | Fade (Factory New)
Mar 26 2025 01: +0,411.489,2,★ Paracord Knife | Fade (Factory New)
Mar 27 2025 01: +0,382.332,1,★ Paracord Knife | Fade (Factory New)
Mar 29 2025 01: +0,401.202,4,★ Paracord Knife | Fade (Factory New)
Mar 30 2025 01: +0,437.276,1,★ Paracord Knife | Fade (Factory New)
Mar 31 2025 01: +0,450.445,2,★ Paracord Knife | Fade (Factory New)
Apr 01 2025 01: +0,442.584,4,★ Paracord Knife | Fade (Factory New)
Apr 02 2025 01: +0,403.052,3,★ Paracord Knife | Fade (Factory New)
Apr 04 2025 01: +0,440.961,1,★ Paracord Knife | Fade (Factory New)
Apr 05 2025 01: +0,417.741,2,★ Paracord Knife | Fade (Factory New)
Apr 06 2025 01: +0,434.052,3,★ Paracord Knife | Fade (Factory New)
Apr 09 2025 01: +0,374.206,1,★ Paracord Knife | Fade (Factory New)
Apr 10 2025 01: +0,451.634,2,★ Paracord Knife | Fade (Factory New)
Apr 11 2025 01: +0,397.434,3,★ Paracord Knife | Fade (Factory New)
Apr 12 2025 01: +0,424.547,1,★ Paracord Knife | Fade (Factory New)
Apr 13 2025 01: +0,530.309,1,★ Paracord Knife | Fade (Factory New)
Apr 14 2025 01: +0,399.744,4,★ Paracord Knife | Fade (Factory New)
Apr 16 2025 01: +0,396.197,3,★ Paracord Knife | Fade (Factory New)
Apr 17 2025 01: +0,416.644,3,★ Paracord Knife | Fade (Factory New)
Apr 18 2025 01: +0,450.022,1,★ Paracord Knife | Fade (Factory New)
Apr 19 2025 01: +0,444.263,1,★ Paracord Knife | Fade (Factory New)
Apr 20 2025 01: +0,468.699,1,★ Paracord Knife | Fade (Factory New)
Apr 21 2025 01: +0,391.205,2,★ Paracord Knife | Fade (Factory New)
Apr 22 2025 01: +0,403.725,4,★ Paracord Knife | Fade (Factory New)
Apr 25 2025 01: +0,444.268,2,★ Paracord Knife | Fade (Factory New)
Apr 26 2025 01: +0,402.966,3,★ Paracord Knife | Fade (Factory New)
Apr 29 2025 01: +0,449.161,1,★ Paracord Knife | Fade (Factory New)
May 01 2025 01: +0,414.26,2,★ Paracord Knife | Fade (Factory New)
May 02 2025 01: +0,412.563,2,★ Paracord Knife | Fade (Factory New)
May 03 2025 01: +0,380.536,2,★ Paracord Knife | Fade (Factory New)
May 04 2025 01: +0,450.632,2,★ Paracord Knife | Fade (Factory New)
May 05 2025 01: +0,429.362,1,★ Paracord Knife | Fade (Factory New)
May 07 2025 01: +0,437.891,1,★ Paracord Knife | Fade (Factory New)
May 08 2025 01: +0,439.4,1,★ Paracord Knife | Fade (Factory New)
May 09 2025 01: +0,400.702,2,★ Paracord Knife | Fade (Factory New)
May 10 2025 01: +0,403.737,1,★ Paracord Knife | Fade (Factory New)
May 11 2025 01: +0,458.452,3,★ Paracord Knife | Fade (Factory New)
May 12 2025 01: +0,423.245,1,★ Paracord Knife | Fade (Factory New)
May 13 2025 01: +0,397.508,3,★ Paracord Knife | Fade (Factory New)
May 15 2025 01: +0,410.353,2,★ Paracord Knife | Fade (Factory New)
May 16 2025 01: +0,425.525,4,★ Paracord Knife | Fade (Factory New)
May 17 2025 01: +0,422.349,1,★ Paracord Knife | Fade (Factory New)
May 18 2025 01: +0,432.439,2,★ Paracord Knife | Fade (Factory New)
May 21 2025 01: +0,432.54,2,★ Paracord Knife | Fade (Factory New)
May 22 2025 01: +0,196.558,2,★ Paracord Knife | Fade (Factory New)
May 23 2025 01: +0,392.445,3,★ Paracord Knife | Fade (Factory New)
May 24 2025 01: +0,427.63,1,★ Paracord Knife | Fade (Factory New)
May 25 2025 01: +0,416.857,1,★ Paracord Knife | Fade (Factory New)
May 26 2025 01: +0,416.298,2,★ Paracord Knife | Fade (Factory New)
May 27 2025 01: +0,462.755,1,★ Paracord Knife | Fade (Factory New)
May 28 2025 01: +0,433.795,1,★ Paracord Knife | Fade (Factory New)
May 30 2025 01: +0,430.604,3,★ Paracord Knife | Fade (Factory New)
May 31 2025 01: +0,443.818,3,★ Paracord Knife | Fade (Factory New)
Jun 01 2025 01: +0,439.776,2,★ Paracord Knife | Fade (Factory New)
Jun 02 2025 01: +0,443.323,2,★ Paracord Knife | Fade (Factory New)
Jun 03 2025 01: +0,435.829,1,★ Paracord Knife | Fade (Factory New)
Jun 04 2025 01: +0,399.916,1,★ Paracord Knife | Fade (Factory New)
Jun 06 2025 01: +0,407.469,3,★ Paracord Knife | Fade (Factory New)
Jun 07 2025 01: +0,405.316,3,★ Paracord Knife | Fade (Factory New)
Jun 08 2025 01: +0,429.527,3,★ Paracord Knife | Fade (Factory New)
Jun 09 2025 01: +0,407.983,1,★ Paracord Knife | Fade (Factory New)
Jun 11 2025 01: +0,350.631,2,★ Paracord Knife | Fade (Factory New)
Jun 12 2025 01: +0,396.647,2,★ Paracord Knife | Fade (Factory New)
Jun 13 2025 01: +0,422.769,2,★ Paracord Knife | Fade (Factory New)
Jun 14 2025 01: +0,427.866,3,★ Paracord Knife | Fade (Factory New)
Jun 16 2025 01: +0,394.903,4,★ Paracord Knife | Fade (Factory New)
Jun 18 2025 01: +0,386.131,2,★ Paracord Knife | Fade (Factory New)
Jun 19 2025 01: +0,411.319,1,★ Paracord Knife | Fade (Factory New)
Jun 20 2025 01: +0,397.152,2,★ Paracord Knife | Fade (Factory New)
Jun 21 2025 01: +0,379.199,1,★ Paracord Knife | Fade (Factory New)
Jun 22 2025 01: +0,381.337,1,★ Paracord Knife | Fade (Factory New)
Jun 23 2025 01: +0,376.1,1,★ Paracord Knife | Fade (Factory New)
Jun 24 2025 01: +0,378.157,4,★ Paracord Knife | Fade (Factory New)
Jun 26 2025 01: +0,413.949,2,★ Paracord Knife | Fade (Factory New)
Jun 27 2025 01: +0,371.888,1,★ Paracord Knife | Fade (Factory New)
Jun 28 2025 01: +0,410.649,1,★ Paracord Knife | Fade (Factory New)
Jun 29 2025 01: +0,382.086,1,★ Paracord Knife | Fade (Factory New)
Jun 30 2025 01: +0,377.389,1,★ Paracord Knife | Fade (Factory New)
Jul 02 2025 01: +0,371.906,1,★ Paracord Knife | Fade (Factory New)
Jul 04 2025 01: +0,384.484,2,★ Paracord Knife | Fade (Factory New)
Jul 05 2025 01: +0,388.06,1,★ Paracord Knife | Fade (Factory New)
Jul 06 2025 01: +0,444.629,2,★ Paracord Knife | Fade (Factory New)
Jul 07 2025 01: +0,377.785,2,★ Paracord Knife | Fade (Factory New)
Jul 08 2025 01: +0,400.826,1,★ Paracord Knife | Fade (Factory New)
Jul 10 2025 01: +0,391.455,2,★ Paracord Knife | Fade (Factory New)
Jul 12 2025 01: +0,405.036,3,★ Paracord Knife | Fade (Factory New)
Jul 13 2025 01: +0,434.083,3,★ Paracord Knife | Fade (Factory New)
Jul 14 2025 01: +0,421.803,2,★ Paracord Knife | Fade (Factory New)
Jul 16 2025 01: +0,390.61,1,★ Paracord Knife | Fade (Factory New)
Jul 18 2025 01: +0,378.14,2,★ Paracord Knife | Fade (Factory New)
Jul 19 2025 01: +0,386.178,5,★ Paracord Knife | Fade (Factory New)
Jul 20 2025 01: +0,403.377,3,★ Paracord Knife | Fade (Factory New)
Jul 21 2025 01: +0,383.214,2,★ Paracord Knife | Fade (Factory New)
Jul 22 2025 01: +0,356.333,1,★ Paracord Knife | Fade (Factory New)
Jul 23 2025 01: +0,367.515,4,★ Paracord Knife | Fade (Factory New)
Jul 25 2025 01: +0,380.009,3,★ Paracord Knife | Fade (Factory New)
Jul 26 2025 01: +0,375.115,5,★ Paracord Knife | Fade (Factory New)
Jul 27 2025 01: +0,368.186,1,★ Paracord Knife | Fade (Factory New)
Jul 28 2025 01: +0,360.887,6,★ Paracord Knife | Fade (Factory New)
Jul 29 2025 01: +0,418.507,2,★ Paracord Knife | Fade (Factory New)
Jul 30 2025 01: +0,345.364,3,★ Paracord Knife | Fade (Factory New)
Aug 01 2025 01: +0,375.175,4,★ Paracord Knife | Fade (Factory New)
Aug 02 2025 01: +0,387.406,2,★ Paracord Knife | Fade (Factory New)
Aug 03 2025 01: +0,373.906,3,★ Paracord Knife | Fade (Factory New)
Aug 04 2025 01: +0,375.183,6,★ Paracord Knife | Fade (Factory New)
Aug 05 2025 01: +0,387.606,4,★ Paracord Knife | Fade (Factory New)
Aug 06 2025 01: +0,389.092,2,★ Paracord Knife | Fade (Factory New)
Aug 07 2025 01: +0,390.465,3,★ Paracord Knife | Fade (Factory New)
Aug 08 2025 01: +0,374.486,2,★ Paracord Knife | Fade (Factory New)
Aug 09 2025 01: +0,376.479,6,★ Paracord Knife | Fade (Factory New)
Aug 10 2025 01: +0,393.54,5,★ Paracord Knife | Fade (Factory New)
Aug 11 2025 01: +0,497.119,1,★ Paracord Knife | Fade (Factory New)
Aug 12 2025 01: +0,411.931,1,★ Paracord Knife | Fade (Factory New)
Aug 13 2025 01: +0,407.176,1,★ Paracord Knife | Fade (Factory New)
Aug 14 2025 01: +0,387.328,1,★ Paracord Knife | Fade (Factory New)
Aug 15 2025 01: +0,377.056,3,★ Paracord Knife | Fade (Factory New)
Aug 17 2025 01: +0,386.921,1,★ Paracord Knife | Fade (Factory New)
Aug 18 2025 01: +0,369.511,3,★ Paracord Knife | Fade (Factory New)
Aug 19 2025 01: +0,370.985,3,★ Paracord Knife | Fade (Factory New)
Aug 20 2025 01: +0,375.258,3,★ Paracord Knife | Fade (Factory New)
Aug 23 2025 01: +0,383.215,3,★ Paracord Knife | Fade (Factory New)
Aug 24 2025 01: +0,387.65,2,★ Paracord Knife | Fade (Factory New)
Aug 25 2025 01: +0,373.597,1,★ Paracord Knife | Fade (Factory New)
Aug 26 2025 01: +0,395.818,1,★ Paracord Knife | Fade (Factory New)
Aug 27 2025 01: +0,416.042,1,★ Paracord Knife | Fade (Factory New)
Aug 28 2025 01: +0,413.366,1,★ Paracord Knife | Fade (Factory New)
Aug 29 2025 01: +0,367.664,4,★ Paracord Knife | Fade (Factory New)
Aug 30 2025 01: +0,346.484,3,★ Paracord Knife | Fade (Factory New)
Aug 31 2025 01: +0,382.086,1,★ Paracord Knife | Fade (Factory New)
Sep 02 2025 01: +0,453.451,1,★ Paracord Knife | Fade (Factory New)
Sep 03 2025 01: +0,394.897,2,★ Paracord Knife | Fade (Factory New)
Sep 04 2025 01: +0,382.644,2,★ Paracord Knife | Fade (Factory New)
Sep 05 2025 01: +0,381.595,4,★ Paracord Knife | Fade (Factory New)
Sep 06 2025 01: +0,392.028,4,★ Paracord Knife | Fade (Factory New)
Sep 07 2025 01: +0,403.16,1,★ Paracord Knife | Fade (Factory New)
Sep 08 2025 01: +0,387.664,2,★ Paracord Knife | Fade (Factory New)
Sep 09 2025 01: +0,391.962,4,★ Paracord Knife | Fade (Factory New)
Sep 10 2025 01: +0,394.24,2,★ Paracord Knife | Fade (Factory New)
Sep 11 2025 01: +0,410.104,1,★ Paracord Knife | Fade (Factory New)
Sep 12 2025 01: +0,347.063,4,★ Paracord Knife | Fade (Factory New)
Sep 13 2025 01: +0,374.925,4,★ Paracord Knife | Fade (Factory New)
Sep 14 2025 01: +0,395.639,1,★ Paracord Knife | Fade (Factory New)
Sep 15 2025 01: +0,392.155,5,★ Paracord Knife | Fade (Factory New)
Sep 17 2025 01: +0,395.294,1,★ Paracord Knife | Fade (Factory New)
Sep 18 2025 01: +0,343.062,1,★ Paracord Knife | Fade (Factory New)
Sep 19 2025 01: +0,365.687,2,★ Paracord Knife | Fade (Factory New)
Sep 20 2025 01: +0,365.74,2,★ Paracord Knife | Fade (Factory New)
Sep 21 2025 01: +0,391.257,2,★ Paracord Knife | Fade (Factory New)
Sep 22 2025 01: +0,396.511,1,★ Paracord Knife | Fade (Factory New)
Sep 23 2025 01: +0,342.434,3,★ Paracord Knife | Fade (Factory New)
Sep 24 2025 01: +0,331.907,2,★ Paracord Knife | Fade (Factory New)
Sep 26 2025 01: +0,321.879,3,★ Paracord Knife | Fade (Factory New)
Sep 27 2025 01: +0,325.213,6,★ Paracord Knife | Fade (Factory New)
Sep 29 2025 01: +0,318.396,1,★ Paracord Knife | Fade (Factory New)
Sep 30 2025 01: +0,418.707,2,★ Paracord Knife | Fade (Factory New)
Oct 01 2025 01: +0,324.679,3,★ Paracord Knife | Fade (Factory New)
Oct 02 2025 01: +0,351.519,1,★ Paracord Knife | Fade (Factory New)
Oct 03 2025 01: +0,320.808,1,★ Paracord Knife | Fade (Factory New)
Oct 04 2025 01: +0,318.838,1,★ Paracord Knife | Fade (Factory New)
Oct 05 2025 01: +0,323.491,2,★ Paracord Knife | Fade (Factory New)
Oct 06 2025 01: +0,357.675,3,★ Paracord Knife | Fade (Factory New)
Oct 07 2025 01: +0,329.573,3,★ Paracord Knife | Fade (Factory New)
Oct 08 2025 01: +0,335.196,4,★ Paracord Knife | Fade (Factory New)
Oct 09 2025 01: +0,322.718,1,★ Paracord Knife | Fade (Factory New)
Oct 10 2025 01: +0,330.853,4,★ Paracord Knife | Fade (Factory New)
Oct 11 2025 01: +0,350.847,2,★ Paracord Knife | Fade (Factory New)
Oct 12 2025 01: +0,350.898,2,★ Paracord Knife | Fade (Factory New)
Oct 13 2025 01: +0,356.396,1,★ Paracord Knife | Fade (Factory New)
Oct 14 2025 01: +0,349.472,2,★ Paracord Knife | Fade (Factory New)
Oct 15 2025 01: +0,333.293,2,★ Paracord Knife | Fade (Factory New)
Oct 16 2025 01: +0,332.376,2,★ Paracord Knife | Fade (Factory New)
Oct 17 2025 01: +0,354.755,3,★ Paracord Knife | Fade (Factory New)
Oct 18 2025 01: +0,341.751,2,★ Paracord Knife | Fade (Factory New)
Oct 19 2025 01: +0,315.318,2,★ Paracord Knife | Fade (Factory New)
Oct 20 2025 01: +0,345.959,3,★ Paracord Knife | Fade (Factory New)
Oct 21 2025 01: +0,350.997,1,★ Paracord Knife | Fade (Factory New)
Oct 22 2025 01: +0,339.535,2,★ Paracord Knife | Fade (Factory New)
Oct 23 2025 01: +0,196.951,141,★ Paracord Knife | Fade (Factory New)
Oct 24 2025 01: +0,172.711,119,★ Paracord Knife | Fade (Factory New)
Oct 25 2025 01: +0,209.839,49,★ Paracord Knife | Fade (Factory New)
Oct 26 2025 01: +0,221.638,33,★ Paracord Knife | Fade (Factory New)
Oct 27 2025 01: +0,198.119,33,★ Paracord Knife | Fade (Factory New)
Oct 28 2025 01: +0,190.531,35,★ Paracord Knife | Fade (Factory New)
Oct 29 2025 01: +0,183.506,26,★ Paracord Knife | Fade (Factory New)
Oct 30 2025 01: +0,226.502,55,★ Paracord Knife | Fade (Factory New)
Oct 31 2025 01: +0,254.129,54,★ Paracord Knife | Fade (Factory New)
Nov 01 2025 01: +0,260.301,42,★ Paracord Knife | Fade (Factory New)
Nov 02 2025 01: +0,262.547,33,★ Paracord Knife | Fade (Factory New)
Nov 03 2025 01: +0,284.849,20,★ Paracord Knife | Fade (Factory New)
Nov 04 2025 01: +0,272.683,12,★ Paracord Knife | Fade (Factory New)
Nov 05 2025 01: +0,281.513,10,★ Paracord Knife | Fade (Factory New)
Nov 06 2025 01: +0,247.277,17,★ Paracord Knife | Fade (Factory New)
Nov 07 2025 01: +0,258.229,12,★ Paracord Knife | Fade (Factory New)
Nov 08 2025 01: +0,258.345,11,★ Paracord Knife | Fade (Factory New)
Nov 09 2025 01: +0,257.801,13,★ Paracord Knife | Fade (Factory New)
Nov 10 2025 01: +0,232.512,16,★ Paracord Knife | Fade (Factory New)
Nov 11 2025 01: +0,210.18,14,★ Paracord Knife | Fade (Factory New)
Nov 12 2025 01: +0,218.555,9,★ Paracord Knife | Fade (Factory New)
Nov 13 2025 01: +0,206.174,16,★ Paracord Knife | Fade (Factory New)
Nov 14 2025 01: +0,214.955,12,★ Paracord Knife | Fade (Factory New)
Nov 15 2025 01: +0,200.45,15,★ Paracord Knife | Fade (Factory New)
Nov 16 2025 01: +0,195.13,10,★ Paracord Knife | Fade (Factory New)
Nov 17 2025 01: +0,199.013,10,★ Paracord Knife | Fade (Factory New)
Nov 18 2025 01: +0,194.538,9,★ Paracord Knife | Fade (Factory New)
Nov 19 2025 01: +0,199.705,15,★ Paracord Knife | Fade (Factory New)
Nov 20 2025 01: +0,193.796,7,★ Paracord Knife | Fade (Factory New)
Nov 21 2025 01: +0,202.044,14,★ Paracord Knife | Fade (Factory New)
Nov 22 2025 01: +0,194.524,12,★ Paracord Knife | Fade (Factory New)
Nov 23 2025 01: +0,197.027,13,★ Paracord Knife | Fade (Factory New)
Nov 24 2025 01: +0,201.378,13,★ Paracord Knife | Fade (Factory New)
Nov 25 2025 01: +0,188.385,10,★ Paracord Knife | Fade (Factory New)
Nov 26 2025 01: +0,194.846,8,★ Paracord Knife | Fade (Factory New)
Nov 27 2025 01: +0,192.278,8,★ Paracord Knife | Fade (Factory New)
Nov 28 2025 01: +0,198.145,12,★ Paracord Knife | Fade (Factory New)
Nov 29 2025 01: +0,195.613,6,★ Paracord Knife | Fade (Factory New)
Nov 30 2025 01: +0,195.352,13,★ Paracord Knife | Fade (Factory New)
Dec 01 2025 01: +0,187.201,11,★ Paracord Knife | Fade (Factory New)
Dec 02 2025 01: +0,186.877,6,★ Paracord Knife | Fade (Factory New)
Dec 03 2025 01: +0,206.254,8,★ Paracord Knife | Fade (Factory New)
Dec 04 2025 01: +0,195.499,7,★ Paracord Knife | Fade (Factory New)
Dec 05 2025 01: +0,205.626,9,★ Paracord Knife | Fade (Factory New)
Dec 06 2025 01: +0,208.616,16,★ Paracord Knife | Fade (Factory New)
Dec 07 2025 01: +0,215.165,8,★ Paracord Knife | Fade (Factory New)
Dec 08 2025 01: +0,202.937,9,★ Paracord Knife | Fade (Factory New)
Dec 09 2025 01: +0,193.558,7,★ Paracord Knife | Fade (Factory New)
Dec 10 2025 01: +0,200.916,9,★ Paracord Knife | Fade (Factory New)
Dec 11 2025 01: +0,195.811,7,★ Paracord Knife | Fade (Factory New)
Dec 12 2025 01: +0,205.121,9,★ Paracord Knife | Fade (Factory New)
Dec 13 2025 01: +0,201.029,7,★ Paracord Knife | Fade (Factory New)
Dec 14 2025 01: +0,204.981,7,★ Paracord Knife | Fade (Factory New)
Dec 15 2025 01: +0,206.595,10,★ Paracord Knife | Fade (Factory New)
Dec 16 2025 01: +0,203.614,3,★ Paracord Knife | Fade (Factory New)
Dec 17 2025 01: +0,204.68,3,★ Paracord Knife | Fade (Factory New)
Dec 18 2025 01: +0,199.456,8,★ Paracord Knife | Fade (Factory New)
Dec 19 2025 01: +0,199.987,5,★ Paracord Knife | Fade (Factory New)
Dec 20 2025 01: +0,203.04,11,★ Paracord Knife | Fade (Factory New)
Dec 21 2025 01: +0,205.621,5,★ Paracord Knife | Fade (Factory New)
Dec 22 2025 01: +0,200.562,6,★ Paracord Knife | Fade (Factory New)
Dec 23 2025 01: +0,193.518,10,★ Paracord Knife | Fade (Factory New)
Dec 24 2025 01: +0,216.591,3,★ Paracord Knife | Fade (Factory New)
Dec 25 2025 01: +0,191.083,9,★ Paracord Knife | Fade (Factory New)
Dec 26 2025 01: +0,201.562,10,★ Paracord Knife | Fade (Factory New)
Dec 27 2025 01: +0,217.837,5,★ Paracord Knife | Fade (Factory New)
Dec 28 2025 01: +0,208.044,5,★ Paracord Knife | Fade (Factory New)
Dec 29 2025 01: +0,212.646,5,★ Paracord Knife | Fade (Factory New)
Dec 30 2025 01: +0,209.486,7,★ Paracord Knife | Fade (Factory New)
Dec 31 2025 01: +0,185.332,3,★ Paracord Knife | Fade (Factory New)
Jan 01 2026 01: +0,214.352,6,★ Paracord Knife | Fade (Factory New)
Jan 02 2026 01: +0,204.311,12,★ Paracord Knife | Fade (Factory New)
Jan 03 2026 01: +0,199.166,3,★ Paracord Knife | Fade (Factory New)
Jan 04 2026 01: +0,200.056,5,★ Paracord Knife | Fade (Factory New)
Jan 05 2026 01: +0,203.238,2,★ Paracord Knife | Fade (Factory New)
Jan 06 2026 01: +0,205.866,7,★ Paracord Knife | Fade (Factory New)
Jan 07 2026 01: +0,205.743,9,★ Paracord Knife | Fade (Factory New)
Jan 08 2026 01: +0,208.326,6,★ Paracord Knife | Fade (Factory New)
Jan 09 2026 01: +0,211.781,10,★ Paracord Knife | Fade (Factory New)
Jan 10 2026 01: +0,216.163,8,★ Paracord Knife | Fade (Factory New)
Jan 11 2026 01: +0,193.273,6,★ Paracord Knife | Fade (Factory New)
Jan 12 2026 01: +0,212.323,8,★ Paracord Knife | Fade (Factory New)
Jan 13 2026 01: +0,222.032,1,★ Paracord Knife | Fade (Factory New)
Jan 14 2026 01: +0,200.187,4,★ Paracord Knife | Fade (Factory New)
Jan 15 2026 01: +0,223.044,5,★ Paracord Knife | Fade (Factory New)
Jan 16 2026 01: +0,219.91,5,★ Paracord Knife | Fade (Factory New)
Jan 17 2026 01: +0,215.015,5,★ Paracord Knife | Fade (Factory New)
Jan 18 2026 01: +0,204.218,8,★ Paracord Knife | Fade (Factory New)
Jan 19 2026 01: +0,209.807,8,★ Paracord Knife | Fade (Factory New)
Jan 20 2026 01: +0,227.039,5,★ Paracord Knife | Fade (Factory New)
Jan 21 2026 01: +0,202.721,3,★ Paracord Knife | Fade (Factory New)
Jan 22 2026 01: +0,207.634,6,★ Paracord Knife | Fade (Factory New)
Jan 23 2026 01: +0,196.982,6,★ Paracord Knife | Fade (Factory New)
Jan 24 2026 01: +0,195.054,5,★ Paracord Knife | Fade (Factory New)
Jan 25 2026 01: +0,197.993,5,★ Paracord Knife | Fade (Factory New)
Jan 26 2026 01: +0,196.508,5,★ Paracord Knife | Fade (Factory New)
Jan 27 2026 01: +0,200.338,10,★ Paracord Knife | Fade (Factory New)
Jan 28 2026 01: +0,209.345,5,★ Paracord Knife | Fade (Factory New)
Jan 29 2026 01: +0,204.317,4,★ Paracord Knife | Fade (Factory New)
Jan 30 2026 01: +0,203.128,5,★ Paracord Knife | Fade (Factory New)
Jan 31 2026 01: +0,212.59,6,★ Paracord Knife | Fade (Factory New)
Feb 01 2026 01: +0,197.16,6,★ Paracord Knife | Fade (Factory New)
Feb 02 2026 01: +0,206.035,6,★ Paracord Knife | Fade (Factory New)
Feb 03 2026 01: +0,209.253,3,★ Paracord Knife | Fade (Factory New)
Feb 04 2026 01: +0,212.885,3,★ Paracord Knife | Fade (Factory New)
Feb 05 2026 01: +0,196.697,4,★ Paracord Knife | Fade (Factory New)
Feb 06 2026 01: +0,204.946,5,★ Paracord Knife | Fade (Factory New)
Feb 07 2026 01: +0,204.055,6,★ Paracord Knife | Fade (Factory New)
Feb 08 2026 01: +0,207.619,4,★ Paracord Knife | Fade (Factory New)
Feb 09 2026 01: +0,212.023,2,★ Paracord Knife | Fade (Factory New)
Feb 10 2026 01: +0,216.804,5,★ Paracord Knife | Fade (Factory New)
Feb 11 2026 01: +0,207.858,6,★ Paracord Knife | Fade (Factory New)
Feb 12 2026 01: +0,199.832,3,★ Paracord Knife | Fade (Factory New)
Feb 13 2026 01: +0,201.874,5,★ Paracord Knife | Fade (Factory New)
Feb 14 2026 01: +0,212.917,7,★ Paracord Knife | Fade (Factory New)
Feb 15 2026 01: +0,211.689,8,★ Paracord Knife | Fade (Factory New)
Feb 16 2026 01: +0,208.468,6,★ Paracord Knife | Fade (Factory New)
Feb 17 2026 01: +0,219.473,5,★ Paracord Knife | Fade (Factory New)
Feb 18 2026 01: +0,203.725,10,★ Paracord Knife | Fade (Factory New)
Feb 19 2026 01: +0,218.551,5,★ Paracord Knife | Fade (Factory New)
Feb 20 2026 01: +0,225.038,5,★ Paracord Knife | Fade (Factory New)
Feb 21 2026 01: +0,212.873,3,★ Paracord Knife | Fade (Factory New)
Feb 22 2026 01: +0,203.977,4,★ Paracord Knife | Fade (Factory New)
Feb 23 2026 01: +0,217.411,4,★ Paracord Knife | Fade (Factory New)
Feb 24 2026 01: +0,209.01,2,★ Paracord Knife | Fade (Factory New)
Feb 25 2026 01: +0,208.199,7,★ Paracord Knife | Fade (Factory New)
Feb 26 2026 01: +0,209.759,8,★ Paracord Knife | Fade (Factory New)
Feb 27 2026 01: +0,113.933,2,★ Paracord Knife | Fade (Factory New)
Feb 28 2026 01: +0,210.201,9,★ Paracord Knife | Fade (Factory New)
Mar 01 2026 01: +0,220.567,1,★ Paracord Knife | Fade (Factory New)
Mar 02 2026 01: +0,211.612,5,★ Paracord Knife | Fade (Factory New)
Mar 03 2026 01: +0,219.529,6,★ Paracord Knife | Fade (Factory New)
Mar 04 2026 01: +0,227.77,6,★ Paracord Knife | Fade (Factory New)
Mar 05 2026 01: +0,216.752,5,★ Paracord Knife | Fade (Factory New)
Mar 06 2026 01: +0,207.267,3,★ Paracord Knife | Fade (Factory New)
Mar 07 2026 01: +0,196.044,7,★ Paracord Knife | Fade (Factory New)
Mar 08 2026 01: +0,193.559,9,★ Paracord Knife | Fade (Factory New)
Mar 09 2026 01: +0,208.381,4,★ Paracord Knife | Fade (Factory New)
Mar 10 2026 01: +0,196.873,5,★ Paracord Knife | Fade (Factory New)
Mar 11 2026 01: +0,206.365,6,★ Paracord Knife | Fade (Factory New)
Mar 12 2026 01: +0,212.303,3,★ Paracord Knife | Fade (Factory New)
Mar 13 2026 01: +0,182.655,4,★ Paracord Knife | Fade (Factory New)
Mar 14 2026 01: +0,193.261,7,★ Paracord Knife | Fade (Factory New)
Mar 15 2026 01: +0,197.496,11,★ Paracord Knife | Fade (Factory New)
Mar 16 2026 01: +0,153.765,4,★ Paracord Knife | Fade (Factory New)
Mar 17 2026 01: +0,208.695,5,★ Paracord Knife | Fade (Factory New)
Mar 18 2026 01: +0,193.82,5,★ Paracord Knife | Fade (Factory New)
Mar 19 2026 01: +0,190.245,11,★ Paracord Knife | Fade (Factory New)
Mar 20 2026 01: +0,189.762,6,★ Paracord Knife | Fade (Factory New)
Mar 21 2026 01: +0,197.798,5,★ Paracord Knife | Fade (Factory New)
Mar 22 2026 01: +0,189.407,5,★ Paracord Knife | Fade (Factory New)
Mar 23 2026 01: +0,199.705,7,★ Paracord Knife | Fade (Factory New)
Mar 24 2026 01: +0,190.127,3,★ Paracord Knife | Fade (Factory New)
Mar 25 2026 01: +0,202.072,1,★ Paracord Knife | Fade (Factory New)
Mar 26 2026 01: +0,188.726,11,★ Paracord Knife | Fade (Factory New)
Mar 27 2026 01: +0,213.411,4,★ Paracord Knife | Fade (Factory New)
Mar 28 2026 01: +0,202.92,6,★ Paracord Knife | Fade (Factory New)
Mar 29 2026 01: +0,204.67,5,★ Paracord Knife | Fade (Factory New)
Mar 30 2026 01: +0,204.348,4,★ Paracord Knife | Fade (Factory New)
Mar 31 2026 01: +0,192.317,6,★ Paracord Knife | Fade (Factory New)
Apr 01 2026 01: +0,192.056,3,★ Paracord Knife | Fade (Factory New)
Apr 02 2026 01: +0,185.347,6,★ Paracord Knife | Fade (Factory New)
Apr 03 2026 01: +0,199.724,7,★ Paracord Knife | Fade (Factory New)
Apr 04 2026 01: +0,193.202,11,★ Paracord Knife | Fade (Factory New)
Apr 05 2026 01: +0,192.308,6,★ Paracord Knife | Fade (Factory New)
Apr 06 2026 01: +0,188.875,10,★ Paracord Knife | Fade (Factory New)
Apr 07 2026 01: +0,198.83,7,★ Paracord Knife | Fade (Factory New)
Apr 08 2026 01: +0,207.676,5,★ Paracord Knife | Fade (Factory New)
Apr 09 2026 01: +0,195.647,8,★ Paracord Knife | Fade (Factory New)
Apr 10 2026 01: +0,213.456,6,★ Paracord Knife | Fade (Factory New)
Apr 11 2026 01: +0,201.165,6,★ Paracord Knife | Fade (Factory New)
Apr 12 2026 01: +0,204.947,3,★ Paracord Knife | Fade (Factory New)
Apr 12 2026 17: +0,213.188,1,★ Paracord Knife | Fade (Factory New)
Apr 12 2026 20: +0,194.139,1,★ Paracord Knife | Fade (Factory New)
Apr 12 2026 23: +0,201.631,2,★ Paracord Knife | Fade (Factory New)
Apr 13 2026 01: +0,169.816,1,★ Paracord Knife | Fade (Factory New)
Apr 13 2026 08: +0,202.792,1,★ Paracord Knife | Fade (Factory New)
Apr 13 2026 16: +0,212.941,1,★ Paracord Knife | Fade (Factory New)
Apr 13 2026 18: +0,214.681,1,★ Paracord Knife | Fade (Factory New)
Apr 13 2026 23: +0,216.481,1,★ Paracord Knife | Fade (Factory New)
Apr 14 2026 00: +0,171.285,1,★ Paracord Knife | Fade (Factory New)
Apr 14 2026 06: +0,216.354,1,★ Paracord Knife | Fade (Factory New)
Apr 14 2026 10: +0,216.275,1,★ Paracord Knife | Fade (Factory New)
Apr 14 2026 11: +0,192.772,1,★ Paracord Knife | Fade (Factory New)
Apr 14 2026 19: +0,217.178,1,★ Paracord Knife | Fade (Factory New)
Apr 15 2026 00: +0,219.062,1,★ Paracord Knife | Fade (Factory New)
Apr 15 2026 13: +0,210.289,1,★ Paracord Knife | Fade (Factory New)
Apr 15 2026 16: +0,219.186,1,★ Paracord Knife | Fade (Factory New)
Apr 15 2026 18: +0,219.924,1,★ Paracord Knife | Fade (Factory New)
Apr 15 2026 19: +0,230.364,1,★ Paracord Knife | Fade (Factory New)
Apr 15 2026 20: +0,230.371,1,★ Paracord Knife | Fade (Factory New)
Apr 15 2026 23: +0,212.253,1,★ Paracord Knife | Fade (Factory New)
Apr 16 2026 13: +0,226.719,1,★ Paracord Knife | Fade (Factory New)
Apr 16 2026 19: +0,229.074,1,★ Paracord Knife | Fade (Factory New)
Apr 17 2026 06: +0,211.599,1,★ Paracord Knife | Fade (Factory New)
Apr 17 2026 09: +0,194.981,1,★ Paracord Knife | Fade (Factory New)
Apr 17 2026 11: +0,246.01,1,★ Paracord Knife | Fade (Factory New)
Apr 17 2026 13: +0,211.096,1,★ Paracord Knife | Fade (Factory New)
Apr 17 2026 22: +0,195.613,1,★ Paracord Knife | Fade (Factory New)
Apr 18 2026 02: +0,215.904,1,★ Paracord Knife | Fade (Factory New)
Apr 18 2026 11: +0,200.994,1,★ Paracord Knife | Fade (Factory New)
Apr 18 2026 12: +0,213.053,1,★ Paracord Knife | Fade (Factory New)
Apr 18 2026 14: +0,214.911,1,★ Paracord Knife | Fade (Factory New)
Apr 18 2026 19: +0,258.768,1,★ Paracord Knife | Fade (Factory New)
Apr 18 2026 21: +0,214.903,1,★ Paracord Knife | Fade (Factory New)
Apr 19 2026 04: +0,224.676,2,★ Paracord Knife | Fade (Factory New)
Apr 19 2026 13: +0,207.025,1,★ Paracord Knife | Fade (Factory New)
Apr 20 2026 00: +0,194.448,1,★ Paracord Knife | Fade (Factory New)
Apr 20 2026 04: +0,231.691,1,★ Paracord Knife | Fade (Factory New)
Apr 20 2026 15: +0,208.461,1,★ Paracord Knife | Fade (Factory New)
Apr 20 2026 17: +0,192.86,1,★ Paracord Knife | Fade (Factory New)
Apr 20 2026 18: +0,183.306,1,★ Paracord Knife | Fade (Factory New)
Apr 20 2026 20: +0,194.955,1,★ Paracord Knife | Fade (Factory New)
Apr 21 2026 02: +0,252.075,1,★ Paracord Knife | Fade (Factory New)
Apr 22 2026 01: +0,242.584,1,★ Paracord Knife | Fade (Factory New)
Apr 22 2026 03: +0,193.59,1,★ Paracord Knife | Fade (Factory New)
Apr 22 2026 11: +0,206.62,1,★ Paracord Knife | Fade (Factory New)
Apr 22 2026 14: +0,207.913,1,★ Paracord Knife | Fade (Factory New)
Apr 22 2026 16: +0,208.843,1,★ Paracord Knife | Fade (Factory New)
Apr 22 2026 20: +0,184.538,1,★ Paracord Knife | Fade (Factory New)
Apr 22 2026 22: +0,218.239,1,★ Paracord Knife | Fade (Factory New)
Apr 23 2026 03: +0,189.684,1,★ Paracord Knife | Fade (Factory New)
Apr 23 2026 10: +0,184.06,1,★ Paracord Knife | Fade (Factory New)
Apr 23 2026 18: +0,188.733,2,★ Paracord Knife | Fade (Factory New)
Apr 24 2026 00: +0,169.816,1,★ Paracord Knife | Fade (Factory New)
Apr 24 2026 01: +0,186.797,1,★ Paracord Knife | Fade (Factory New)
Apr 24 2026 02: +0,195.288,1,★ Paracord Knife | Fade (Factory New)
Apr 24 2026 05: +0,232.35,1,★ Paracord Knife | Fade (Factory New)
Apr 24 2026 09: +0,184.25,1,★ Paracord Knife | Fade (Factory New)
Apr 24 2026 12: +0,214.805,1,★ Paracord Knife | Fade (Factory New)
Apr 24 2026 15: +0,203.388,1,★ Paracord Knife | Fade (Factory New)
Apr 24 2026 17: +0,205.862,1,★ Paracord Knife | Fade (Factory New)
Apr 24 2026 18: +0,208.344,1,★ Paracord Knife | Fade (Factory New)
Apr 24 2026 19: +0,207.102,1,★ Paracord Knife | Fade (Factory New)
Apr 24 2026 20: +0,211.064,1,★ Paracord Knife | Fade (Factory New)
Apr 24 2026 22: +0,211.421,1,★ Paracord Knife | Fade (Factory New)
Apr 25 2026 03: +0,212.253,1,★ Paracord Knife | Fade (Factory New)
Apr 25 2026 10: +0,185.082,1,★ Paracord Knife | Fade (Factory New)
Apr 25 2026 12: +0,250.799,1,★ Paracord Knife | Fade (Factory New)
Apr 25 2026 13: +0,185.77,1,★ Paracord Knife | Fade (Factory New)
Apr 25 2026 21: +0,217.722,1,★ Paracord Knife | Fade (Factory New)
Apr 26 2026 11: +0,216.515,1,★ Paracord Knife | Fade (Factory New)
Apr 26 2026 13: +0,189.861,1,★ Paracord Knife | Fade (Factory New)
Apr 26 2026 18: +0,208.628,1,★ Paracord Knife | Fade (Factory New)
Apr 26 2026 21: +0,213.603,1,★ Paracord Knife | Fade (Factory New)
Apr 27 2026 00: +0,201.741,1,★ Paracord Knife | Fade (Factory New)
Apr 27 2026 02: +0,207.967,2,★ Paracord Knife | Fade (Factory New)
Apr 27 2026 15: +0,185.778,1,★ Paracord Knife | Fade (Factory New)
Apr 27 2026 17: +0,199.935,1,★ Paracord Knife | Fade (Factory New)
Apr 27 2026 18: +0,197.699,1,★ Paracord Knife | Fade (Factory New)
Apr 27 2026 20: +0,202.015,1,★ Paracord Knife | Fade (Factory New)
Apr 28 2026 03: +0,185.965,1,★ Paracord Knife | Fade (Factory New)
Apr 28 2026 08: +0,194.314,1,★ Paracord Knife | Fade (Factory New)
Apr 28 2026 14: +0,197.968,1,★ Paracord Knife | Fade (Factory New)
Apr 28 2026 17: +0,197.967,1,★ Paracord Knife | Fade (Factory New)
Apr 28 2026 19: +0,195.277,1,★ Paracord Knife | Fade (Factory New)
Apr 28 2026 20: +0,192.311,1,★ Paracord Knife | Fade (Factory New)
Apr 28 2026 21: +0,199.471,1,★ Paracord Knife | Fade (Factory New)
Apr 29 2026 00: +0,205.443,1,★ Paracord Knife | Fade (Factory New)
Apr 29 2026 11: +0,184.607,1,★ Paracord Knife | Fade (Factory New)
Apr 29 2026 20: +0,186.593,1,★ Paracord Knife | Fade (Factory New)
Apr 29 2026 21: +0,188.696,1,★ Paracord Knife | Fade (Factory New)
Apr 30 2026 01: +0,195.288,1,★ Paracord Knife | Fade (Factory New)
Apr 30 2026 11: +0,184.781,2,★ Paracord Knife | Fade (Factory New)
Apr 30 2026 14: +0,199.711,1,★ Paracord Knife | Fade (Factory New)
Apr 30 2026 17: +0,197.487,1,★ Paracord Knife | Fade (Factory New)
Apr 30 2026 19: +0,188.742,1,★ Paracord Knife | Fade (Factory New)
Apr 30 2026 20: +0,198.193,3,★ Paracord Knife | Fade (Factory New)
Apr 30 2026 21: +0,203.662,2,★ Paracord Knife | Fade (Factory New)
Apr 30 2026 23: +0,194.796,1,★ Paracord Knife | Fade (Factory New)
May 01 2026 00: +0,217.683,1,★ Paracord Knife | Fade (Factory New)
May 01 2026 08: +0,203.868,1,★ Paracord Knife | Fade (Factory New)
May 01 2026 11: +0,225.011,1,★ Paracord Knife | Fade (Factory New)
May 01 2026 15: +0,214.817,1,★ Paracord Knife | Fade (Factory New)
May 02 2026 09: +0,194.552,1,★ Paracord Knife | Fade (Factory New)
May 02 2026 17: +0,191.107,1,★ Paracord Knife | Fade (Factory New)
May 03 2026 00: +0,215.809,3,★ Paracord Knife | Fade (Factory New)
May 03 2026 01: +0,218.523,1,★ Paracord Knife | Fade (Factory New)
May 03 2026 03: +0,191.05,1,★ Paracord Knife | Fade (Factory New)
May 03 2026 09: +0,197.682,1,★ Paracord Knife | Fade (Factory New)
May 03 2026 18: +0,215.523,1,★ Paracord Knife | Fade (Factory New)
May 04 2026 01: +0,189.964,1,★ Paracord Knife | Fade (Factory New)
May 04 2026 02: +0,221.277,3,★ Paracord Knife | Fade (Factory New)
May 04 2026 04: +0,229.489,1,★ Paracord Knife | Fade (Factory New)
May 04 2026 09: +0,190.55,1,★ Paracord Knife | Fade (Factory New)
May 04 2026 12: +0,190.805,1,★ Paracord Knife | Fade (Factory New)
May 04 2026 13: +0,226.557,1,★ Paracord Knife | Fade (Factory New)
May 04 2026 18: +0,191.424,2,★ Paracord Knife | Fade (Factory New)
May 05 2026 01: +0,194.872,1,★ Paracord Knife | Fade (Factory New)
May 05 2026 05: +0,189.973,1,★ Paracord Knife | Fade (Factory New)
May 05 2026 12: +0,192.775,1,★ Paracord Knife | Fade (Factory New)
May 05 2026 16: +0,195.259,1,★ Paracord Knife | Fade (Factory New)
May 05 2026 17: +0,199.542,1,★ Paracord Knife | Fade (Factory New)
May 05 2026 18: +0,198.735,1,★ Paracord Knife | Fade (Factory New)
May 05 2026 19: +0,208.868,2,★ Paracord Knife | Fade (Factory New)
May 05 2026 23: +0,178.307,1,★ Paracord Knife | Fade (Factory New)
May 06 2026 02: +0,226.719,1,★ Paracord Knife | Fade (Factory New)
May 06 2026 03: +0,186.797,1,★ Paracord Knife | Fade (Factory New)
May 06 2026 09: +0,215.938,1,★ Paracord Knife | Fade (Factory New)
May 06 2026 19: +0,172.006,1,★ Paracord Knife | Fade (Factory New)
May 07 2026 00: +0,188.13,1,★ Paracord Knife | Fade (Factory New)
May 07 2026 02: +0,226.445,2,★ Paracord Knife | Fade (Factory New)
May 07 2026 03: +0,226.37,1,★ Paracord Knife | Fade (Factory New)
May 07 2026 15: +0,190.516,1,★ Paracord Knife | Fade (Factory New)
May 07 2026 20: +0,190.746,1,★ Paracord Knife | Fade (Factory New)
May 07 2026 21: +0,204.64,1,★ Paracord Knife | Fade (Factory New)
May 08 2026 01: +0,190.678,1,★ Paracord Knife | Fade (Factory New)
May 08 2026 02: +0,209.947,1,★ Paracord Knife | Fade (Factory New)
May 08 2026 07: +0,189.489,1,★ Paracord Knife | Fade (Factory New)
May 08 2026 09: +0,214.812,1,★ Paracord Knife | Fade (Factory New)
May 08 2026 15: +0,195.384,1,★ Paracord Knife | Fade (Factory New)
May 08 2026 16: +0,188.932,1,★ Paracord Knife | Fade (Factory New)
May 09 2026 03: +0,216.128,1,★ Paracord Knife | Fade (Factory New)
May 09 2026 08: +0,188.946,1,★ Paracord Knife | Fade (Factory New)
May 09 2026 12: +0,195.264,1,★ Paracord Knife | Fade (Factory New)
May 09 2026 14: +0,216.962,1,★ Paracord Knife | Fade (Factory New)
May 09 2026 19: +0,188.937,1,★ Paracord Knife | Fade (Factory New)
May 09 2026 20: +0,203.344,1,★ Paracord Knife | Fade (Factory New)
May 09 2026 21: +0,200.683,2,★ Paracord Knife | Fade (Factory New)
May 10 2026 00: +0,203.779,1,★ Paracord Knife | Fade (Factory New)
May 10 2026 05: +0,297.271,1,★ Paracord Knife | Fade (Factory New)
May 10 2026 09: +0,188.402,1,★ Paracord Knife | Fade (Factory New)
May 10 2026 13: +0,187.927,1,★ Paracord Knife | Fade (Factory New)
May 10 2026 15: +0,213.654,1,★ Paracord Knife | Fade (Factory New)
May 10 2026 19: +0,241.139,2,★ Paracord Knife | Fade (Factory New)
May 10 2026 22: +0,189.24,1,★ Paracord Knife | Fade (Factory New)
May 10 2026 23: +0,240.191,1,★ Paracord Knife | Fade (Factory New)
May 11 2026 00: +0,212.516,1,★ Paracord Knife | Fade (Factory New)
May 11 2026 12: +0,196.977,1,★ Paracord Knife | Fade (Factory New)
May 11 2026 13: +0,189.67,1,★ Paracord Knife | Fade (Factory New)
May 11 2026 19: +0,200.172,1,★ Paracord Knife | Fade (Factory New)
May 11 2026 21: +0,214.219,1,★ Paracord Knife | Fade (Factory New)
May 11 2026 23: +0,220.33,1,★ Paracord Knife | Fade (Factory New)
Nov 21 2019 01: +0,310.712,1,★ Paracord Knife | Slaughter (Factory New)
Nov 22 2019 01: +0,492.27,1,★ Paracord Knife | Slaughter (Factory New)
Nov 24 2019 01: +0,434.516,1,★ Paracord Knife | Slaughter (Factory New)
Nov 25 2019 01: +0,389.264,2,★ Paracord Knife | Slaughter (Factory New)
Nov 27 2019 01: +0,400.99,1,★ Paracord Knife | Slaughter (Factory New)
Nov 28 2019 01: +0,441.341,1,★ Paracord Knife | Slaughter (Factory New)
Nov 30 2019 01: +0,433.713,2,★ Paracord Knife | Slaughter (Factory New)
Dec 03 2019 01: +0,442.158,1,★ Paracord Knife | Slaughter (Factory New)
Dec 08 2019 01: +0,401.562,1,★ Paracord Knife | Slaughter (Factory New)
Dec 09 2019 01: +0,429.736,3,★ Paracord Knife | Slaughter (Factory New)
Dec 10 2019 01: +0,385.76,2,★ Paracord Knife | Slaughter (Factory New)
Dec 17 2019 01: +0,439.954,1,★ Paracord Knife | Slaughter (Factory New)
Jan 07 2020 01: +0,458.74,1,★ Paracord Knife | Slaughter (Factory New)
Jan 13 2020 01: +0,462.937,1,★ Paracord Knife | Slaughter (Factory New)
Jan 14 2020 01: +0,472.492,1,★ Paracord Knife | Slaughter (Factory New)
Jan 15 2020 01: +0,497.986,1,★ Paracord Knife | Slaughter (Factory New)
Jan 22 2020 01: +0,465.819,1,★ Paracord Knife | Slaughter (Factory New)
Feb 06 2020 01: +0,536.847,1,★ Paracord Knife | Slaughter (Factory New)
Feb 08 2020 01: +0,522.592,1,★ Paracord Knife | Slaughter (Factory New)
Feb 16 2020 01: +0,725.505,2,★ Paracord Knife | Slaughter (Factory New)
Feb 26 2020 01: +0,551.802,1,★ Paracord Knife | Slaughter (Factory New)
Mar 03 2020 01: +0,593.166,1,★ Paracord Knife | Slaughter (Factory New)
Mar 04 2020 01: +0,558.634,1,★ Paracord Knife | Slaughter (Factory New)
Mar 12 2020 01: +0,576.998,1,★ Paracord Knife | Slaughter (Factory New)
Mar 17 2020 01: +0,565.908,1,★ Paracord Knife | Slaughter (Factory New)
Mar 23 2020 01: +0,474.755,1,★ Paracord Knife | Slaughter (Factory New)
Mar 24 2020 01: +0,450.402,1,★ Paracord Knife | Slaughter (Factory New)
Mar 26 2020 01: +0,450.105,1,★ Paracord Knife | Slaughter (Factory New)
Apr 06 2020 01: +0,459.571,1,★ Paracord Knife | Slaughter (Factory New)
Apr 15 2020 01: +0,496.618,1,★ Paracord Knife | Slaughter (Factory New)
Apr 16 2020 01: +0,498.206,1,★ Paracord Knife | Slaughter (Factory New)
Apr 18 2020 01: +0,500.122,1,★ Paracord Knife | Slaughter (Factory New)
Apr 29 2020 01: +0,552.582,2,★ Paracord Knife | Slaughter (Factory New)
May 06 2020 01: +0,558.67,1,★ Paracord Knife | Slaughter (Factory New)
May 10 2020 01: +0,632.055,1,★ Paracord Knife | Slaughter (Factory New)
May 20 2020 01: +0,556.571,1,★ Paracord Knife | Slaughter (Factory New)
May 22 2020 01: +0,583.046,1,★ Paracord Knife | Slaughter (Factory New)
Jun 11 2020 01: +0,552.272,2,★ Paracord Knife | Slaughter (Factory New)
Jun 16 2020 01: +0,571.778,1,★ Paracord Knife | Slaughter (Factory New)
Jun 18 2020 01: +0,509.555,1,★ Paracord Knife | Slaughter (Factory New)
Jun 24 2020 01: +0,548.395,1,★ Paracord Knife | Slaughter (Factory New)
Jul 01 2020 01: +0,615.616,1,★ Paracord Knife | Slaughter (Factory New)
Jul 05 2020 01: +0,559.738,1,★ Paracord Knife | Slaughter (Factory New)
Jul 06 2020 01: +0,552.648,1,★ Paracord Knife | Slaughter (Factory New)
Aug 07 2020 01: +0,532.012,1,★ Paracord Knife | Slaughter (Factory New)
Aug 16 2020 01: +0,502.144,2,★ Paracord Knife | Slaughter (Factory New)
Aug 20 2020 01: +0,504.602,1,★ Paracord Knife | Slaughter (Factory New)
Aug 27 2020 01: +0,501.891,1,★ Paracord Knife | Slaughter (Factory New)
Aug 29 2020 01: +0,533.25,1,★ Paracord Knife | Slaughter (Factory New)
Sep 01 2020 01: +0,608.281,1,★ Paracord Knife | Slaughter (Factory New)
Sep 12 2020 01: +0,502.235,2,★ Paracord Knife | Slaughter (Factory New)
Sep 17 2020 01: +0,514.397,1,★ Paracord Knife | Slaughter (Factory New)
Sep 19 2020 01: +0,489.248,1,★ Paracord Knife | Slaughter (Factory New)
Sep 20 2020 01: +0,490.119,2,★ Paracord Knife | Slaughter (Factory New)
Sep 22 2020 01: +0,489.494,1,★ Paracord Knife | Slaughter (Factory New)
Sep 23 2020 01: +0,488.857,1,★ Paracord Knife | Slaughter (Factory New)
Sep 25 2020 01: +0,494.037,1,★ Paracord Knife | Slaughter (Factory New)
Sep 26 2020 01: +0,498.486,1,★ Paracord Knife | Slaughter (Factory New)
Sep 27 2020 01: +0,498.443,1,★ Paracord Knife | Slaughter (Factory New)
Sep 30 2020 01: +0,540.85,2,★ Paracord Knife | Slaughter (Factory New)
Oct 02 2020 01: +0,479.73,1,★ Paracord Knife | Slaughter (Factory New)
Oct 05 2020 01: +0,476.902,1,★ Paracord Knife | Slaughter (Factory New)
Oct 08 2020 01: +0,482.268,2,★ Paracord Knife | Slaughter (Factory New)
Oct 09 2020 01: +0,513.413,1,★ Paracord Knife | Slaughter (Factory New)
Oct 15 2020 01: +0,500.61,1,★ Paracord Knife | Slaughter (Factory New)
Oct 19 2020 01: +0,436.422,2,★ Paracord Knife | Slaughter (Factory New)
Oct 20 2020 01: +0,457.883,1,★ Paracord Knife | Slaughter (Factory New)
Oct 21 2020 01: +0,385.049,1,★ Paracord Knife | Slaughter (Factory New)
Oct 22 2020 01: +0,460.499,1,★ Paracord Knife | Slaughter (Factory New)
Oct 27 2020 01: +0,495.661,1,★ Paracord Knife | Slaughter (Factory New)
Oct 30 2020 01: +0,482.348,2,★ Paracord Knife | Slaughter (Factory New)
Oct 31 2020 01: +0,428.81,1,★ Paracord Knife | Slaughter (Factory New)
Nov 02 2020 01: +0,390.576,1,★ Paracord Knife | Slaughter (Factory New)
Nov 04 2020 01: +0,416.618,1,★ Paracord Knife | Slaughter (Factory New)
Nov 05 2020 01: +0,418.571,1,★ Paracord Knife | Slaughter (Factory New)
Nov 06 2020 01: +0,492.368,2,★ Paracord Knife | Slaughter (Factory New)
Nov 17 2020 01: +0,409.248,1,★ Paracord Knife | Slaughter (Factory New)
Nov 20 2020 01: +0,428.394,1,★ Paracord Knife | Slaughter (Factory New)
Nov 21 2020 01: +0,412.618,1,★ Paracord Knife | Slaughter (Factory New)
Nov 24 2020 01: +0,413.162,1,★ Paracord Knife | Slaughter (Factory New)
Nov 25 2020 01: +0,427.506,1,★ Paracord Knife | Slaughter (Factory New)
Nov 27 2020 01: +0,432.555,2,★ Paracord Knife | Slaughter (Factory New)
Dec 03 2020 01: +0,504.056,1,★ Paracord Knife | Slaughter (Factory New)
Dec 09 2020 01: +0,360.148,1,★ Paracord Knife | Slaughter (Factory New)
Dec 10 2020 01: +0,308.428,1,★ Paracord Knife | Slaughter (Factory New)
Dec 14 2020 01: +0,360.043,1,★ Paracord Knife | Slaughter (Factory New)
Dec 15 2020 01: +0,386.065,1,★ Paracord Knife | Slaughter (Factory New)
Dec 16 2020 01: +0,362.149,2,★ Paracord Knife | Slaughter (Factory New)
Dec 18 2020 01: +0,365.265,1,★ Paracord Knife | Slaughter (Factory New)
Dec 19 2020 01: +0,339.632,1,★ Paracord Knife | Slaughter (Factory New)
Dec 20 2020 01: +0,371.965,1,★ Paracord Knife | Slaughter (Factory New)
Dec 22 2020 01: +0,438.309,1,★ Paracord Knife | Slaughter (Factory New)
Dec 23 2020 01: +0,378.672,3,★ Paracord Knife | Slaughter (Factory New)
Dec 24 2020 01: +0,378.969,2,★ Paracord Knife | Slaughter (Factory New)
Dec 25 2020 01: +0,418.709,3,★ Paracord Knife | Slaughter (Factory New)
Dec 26 2020 01: +0,439.207,2,★ Paracord Knife | Slaughter (Factory New)
Dec 27 2020 01: +0,439.399,1,★ Paracord Knife | Slaughter (Factory New)
Dec 28 2020 01: +0,396.121,1,★ Paracord Knife | Slaughter (Factory New)
Dec 29 2020 01: +0,390.576,1,★ Paracord Knife | Slaughter (Factory New)
Dec 30 2020 01: +0,467.967,1,★ Paracord Knife | Slaughter (Factory New)
Jan 01 2021 01: +0,391.196,1,★ Paracord Knife | Slaughter (Factory New)
Jan 02 2021 01: +0,392.742,1,★ Paracord Knife | Slaughter (Factory New)
Jan 03 2021 01: +0,415.437,3,★ Paracord Knife | Slaughter (Factory New)
Jan 04 2021 01: +0,462.154,1,★ Paracord Knife | Slaughter (Factory New)
Jan 05 2021 01: +0,469.33,1,★ Paracord Knife | Slaughter (Factory New)
Jan 07 2021 01: +0,459.366,1,★ Paracord Knife | Slaughter (Factory New)
Jan 08 2021 01: +0,445.73,3,★ Paracord Knife | Slaughter (Factory New)
Jan 09 2021 01: +0,437.718,1,★ Paracord Knife | Slaughter (Factory New)
Jan 10 2021 01: +0,430.895,2,★ Paracord Knife | Slaughter (Factory New)
Jan 11 2021 01: +0,427.308,1,★ Paracord Knife | Slaughter (Factory New)
Jan 12 2021 01: +0,479.9,2,★ Paracord Knife | Slaughter (Factory New)
Jan 15 2021 01: +0,437.794,1,★ Paracord Knife | Slaughter (Factory New)
Jan 16 2021 01: +0,431.859,1,★ Paracord Knife | Slaughter (Factory New)
Jan 17 2021 01: +0,562.243,1,★ Paracord Knife | Slaughter (Factory New)
Jan 23 2021 01: +0,425.83,1,★ Paracord Knife | Slaughter (Factory New)
Jan 25 2021 01: +0,426.251,1,★ Paracord Knife | Slaughter (Factory New)
Jan 27 2021 01: +0,410.954,1,★ Paracord Knife | Slaughter (Factory New)
Jan 30 2021 01: +0,438.203,1,★ Paracord Knife | Slaughter (Factory New)
Feb 01 2021 01: +0,463.567,2,★ Paracord Knife | Slaughter (Factory New)
Feb 03 2021 01: +0,403.926,2,★ Paracord Knife | Slaughter (Factory New)
Feb 04 2021 01: +0,399.695,1,★ Paracord Knife | Slaughter (Factory New)
Feb 05 2021 01: +0,406.955,1,★ Paracord Knife | Slaughter (Factory New)
Feb 10 2021 01: +0,449.718,1,★ Paracord Knife | Slaughter (Factory New)
Feb 18 2021 01: +0,399.916,1,★ Paracord Knife | Slaughter (Factory New)
Feb 19 2021 01: +0,365.359,1,★ Paracord Knife | Slaughter (Factory New)
Feb 20 2021 01: +0,454.686,2,★ Paracord Knife | Slaughter (Factory New)
Feb 21 2021 01: +0,399.178,1,★ Paracord Knife | Slaughter (Factory New)
Feb 22 2021 01: +0,473.115,1,★ Paracord Knife | Slaughter (Factory New)
Feb 28 2021 01: +0,399.067,1,★ Paracord Knife | Slaughter (Factory New)
Mar 02 2021 01: +0,532.159,1,★ Paracord Knife | Slaughter (Factory New)
Mar 09 2021 01: +0,413.513,1,★ Paracord Knife | Slaughter (Factory New)
Mar 10 2021 01: +0,410.485,1,★ Paracord Knife | Slaughter (Factory New)
Mar 11 2021 01: +0,432.388,2,★ Paracord Knife | Slaughter (Factory New)
Mar 12 2021 01: +0,494.563,1,★ Paracord Knife | Slaughter (Factory New)
Mar 16 2021 01: +0,451.158,1,★ Paracord Knife | Slaughter (Factory New)
Mar 18 2021 01: +0,443.945,1,★ Paracord Knife | Slaughter (Factory New)
Mar 27 2021 01: +0,465.194,3,★ Paracord Knife | Slaughter (Factory New)
Mar 28 2021 01: +0,455.308,2,★ Paracord Knife | Slaughter (Factory New)
Mar 31 2021 01: +0,468.793,2,★ Paracord Knife | Slaughter (Factory New)
Apr 01 2021 01: +0,423.028,1,★ Paracord Knife | Slaughter (Factory New)
Apr 02 2021 01: +0,424.293,2,★ Paracord Knife | Slaughter (Factory New)
Apr 07 2021 01: +0,498.615,1,★ Paracord Knife | Slaughter (Factory New)
Apr 08 2021 01: +0,406.148,1,★ Paracord Knife | Slaughter (Factory New)
Apr 09 2021 01: +0,425.578,2,★ Paracord Knife | Slaughter (Factory New)
Apr 10 2021 01: +0,411.931,1,★ Paracord Knife | Slaughter (Factory New)
Apr 12 2021 01: +0,407.557,1,★ Paracord Knife | Slaughter (Factory New)
Apr 13 2021 01: +0,408.56,1,★ Paracord Knife | Slaughter (Factory New)
Apr 16 2021 01: +0,414.987,1,★ Paracord Knife | Slaughter (Factory New)
Apr 18 2021 01: +0,412.655,4,★ Paracord Knife | Slaughter (Factory New)
Apr 19 2021 01: +0,406.828,1,★ Paracord Knife | Slaughter (Factory New)
Apr 20 2021 01: +0,398.991,2,★ Paracord Knife | Slaughter (Factory New)
Apr 22 2021 01: +0,458.511,1,★ Paracord Knife | Slaughter (Factory New)
Apr 23 2021 01: +0,449.262,1,★ Paracord Knife | Slaughter (Factory New)
Apr 24 2021 01: +0,443.746,2,★ Paracord Knife | Slaughter (Factory New)
Apr 25 2021 01: +0,494.563,1,★ Paracord Knife | Slaughter (Factory New)
Apr 26 2021 01: +0,399.361,1,★ Paracord Knife | Slaughter (Factory New)
Apr 27 2021 01: +0,440.997,2,★ Paracord Knife | Slaughter (Factory New)
Apr 30 2021 01: +0,406.913,1,★ Paracord Knife | Slaughter (Factory New)
May 04 2021 01: +0,439.398,2,★ Paracord Knife | Slaughter (Factory New)
May 05 2021 01: +0,418.184,1,★ Paracord Knife | Slaughter (Factory New)
May 06 2021 01: +0,389.492,1,★ Paracord Knife | Slaughter (Factory New)
May 08 2021 01: +0,500.115,1,★ Paracord Knife | Slaughter (Factory New)
May 11 2021 01: +0,395.51,1,★ Paracord Knife | Slaughter (Factory New)
May 12 2021 01: +0,419.531,3,★ Paracord Knife | Slaughter (Factory New)
May 13 2021 01: +0,455.296,2,★ Paracord Knife | Slaughter (Factory New)
May 14 2021 01: +0,404.416,1,★ Paracord Knife | Slaughter (Factory New)
May 16 2021 01: +0,461.559,2,★ Paracord Knife | Slaughter (Factory New)
May 17 2021 01: +0,414.32,2,★ Paracord Knife | Slaughter (Factory New)
May 18 2021 01: +0,409.587,1,★ Paracord Knife | Slaughter (Factory New)
May 20 2021 01: +0,408.044,2,★ Paracord Knife | Slaughter (Factory New)
May 21 2021 01: +0,409.273,1,★ Paracord Knife | Slaughter (Factory New)
May 22 2021 01: +0,423.756,3,★ Paracord Knife | Slaughter (Factory New)
May 23 2021 01: +0,430.405,2,★ Paracord Knife | Slaughter (Factory New)
May 24 2021 01: +0,412.321,1,★ Paracord Knife | Slaughter (Factory New)
May 25 2021 01: +0,412.686,1,★ Paracord Knife | Slaughter (Factory New)
May 26 2021 01: +0,403.741,2,★ Paracord Knife | Slaughter (Factory New)
May 27 2021 01: +0,389.04,1,★ Paracord Knife | Slaughter (Factory New)
May 28 2021 01: +0,417.532,1,★ Paracord Knife | Slaughter (Factory New)
May 29 2021 01: +0,420.391,2,★ Paracord Knife | Slaughter (Factory New)
Jun 01 2021 01: +0,392.079,1,★ Paracord Knife | Slaughter (Factory New)
Jun 02 2021 01: +0,406.873,1,★ Paracord Knife | Slaughter (Factory New)
Jun 03 2021 01: +0,406.121,1,★ Paracord Knife | Slaughter (Factory New)
Jun 05 2021 01: +0,429.863,4,★ Paracord Knife | Slaughter (Factory New)
Jun 07 2021 01: +0,460.916,1,★ Paracord Knife | Slaughter (Factory New)
Jun 10 2021 01: +0,454.245,2,★ Paracord Knife | Slaughter (Factory New)
Jun 11 2021 01: +0,391.407,2,★ Paracord Knife | Slaughter (Factory New)
Jun 12 2021 01: +0,441.535,1,★ Paracord Knife | Slaughter (Factory New)
Jun 13 2021 01: +0,421.715,4,★ Paracord Knife | Slaughter (Factory New)
Jun 14 2021 01: +0,417.928,2,★ Paracord Knife | Slaughter (Factory New)
Jun 15 2021 01: +0,386.552,1,★ Paracord Knife | Slaughter (Factory New)
Jun 16 2021 01: +0,463.653,1,★ Paracord Knife | Slaughter (Factory New)
Jun 19 2021 01: +0,387.104,1,★ Paracord Knife | Slaughter (Factory New)
Jun 20 2021 01: +0,382.149,4,★ Paracord Knife | Slaughter (Factory New)
Jun 21 2021 01: +0,399.012,1,★ Paracord Knife | Slaughter (Factory New)
Jun 23 2021 01: +0,377.849,2,★ Paracord Knife | Slaughter (Factory New)
Jun 24 2021 01: +0,340.708,4,★ Paracord Knife | Slaughter (Factory New)
Jun 25 2021 01: +0,368.182,2,★ Paracord Knife | Slaughter (Factory New)
Jun 26 2021 01: +0,380.046,1,★ Paracord Knife | Slaughter (Factory New)
Jun 27 2021 01: +0,369.349,1,★ Paracord Knife | Slaughter (Factory New)
Jul 01 2021 01: +0,361.733,1,★ Paracord Knife | Slaughter (Factory New)
Jul 03 2021 01: +0,487.379,1,★ Paracord Knife | Slaughter (Factory New)
Jul 05 2021 01: +0,434.731,1,★ Paracord Knife | Slaughter (Factory New)
Jul 06 2021 01: +0,329.17,2,★ Paracord Knife | Slaughter (Factory New)
Jul 10 2021 01: +0,302.917,1,★ Paracord Knife | Slaughter (Factory New)
Jul 13 2021 01: +0,313.302,1,★ Paracord Knife | Slaughter (Factory New)
Jul 15 2021 01: +0,358.262,1,★ Paracord Knife | Slaughter (Factory New)
Jul 18 2021 01: +0,371.707,2,★ Paracord Knife | Slaughter (Factory New)
Jul 19 2021 01: +0,635.539,1,★ Paracord Knife | Slaughter (Factory New)
Jul 20 2021 01: +0,401.413,3,★ Paracord Knife | Slaughter (Factory New)
Jul 21 2021 01: +0,355.823,2,★ Paracord Knife | Slaughter (Factory New)
Jul 23 2021 01: +0,358.542,2,★ Paracord Knife | Slaughter (Factory New)
Jul 24 2021 01: +0,436.672,1,★ Paracord Knife | Slaughter (Factory New)
Jul 26 2021 01: +0,441.674,1,★ Paracord Knife | Slaughter (Factory New)
Jul 27 2021 01: +0,336.161,1,★ Paracord Knife | Slaughter (Factory New)
Jul 28 2021 01: +0,362.932,2,★ Paracord Knife | Slaughter (Factory New)
Jul 30 2021 01: +0,453.711,1,★ Paracord Knife | Slaughter (Factory New)
Jul 31 2021 01: +0,341.956,4,★ Paracord Knife | Slaughter (Factory New)
Aug 01 2021 01: +0,370.226,3,★ Paracord Knife | Slaughter (Factory New)
Aug 03 2021 01: +0,353.805,4,★ Paracord Knife | Slaughter (Factory New)
Aug 05 2021 01: +0,362.096,2,★ Paracord Knife | Slaughter (Factory New)
Aug 06 2021 01: +0,335.235,2,★ Paracord Knife | Slaughter (Factory New)
Aug 07 2021 01: +0,381.249,1,★ Paracord Knife | Slaughter (Factory New)
Aug 08 2021 01: +0,422.103,1,★ Paracord Knife | Slaughter (Factory New)
Aug 09 2021 01: +0,322.854,1,★ Paracord Knife | Slaughter (Factory New)
Aug 10 2021 01: +0,354.945,2,★ Paracord Knife | Slaughter (Factory New)
Aug 12 2021 01: +0,387.588,1,★ Paracord Knife | Slaughter (Factory New)
Aug 13 2021 01: +0,299.828,1,★ Paracord Knife | Slaughter (Factory New)
Aug 15 2021 01: +0,317.471,1,★ Paracord Knife | Slaughter (Factory New)
Aug 16 2021 01: +0,372.723,2,★ Paracord Knife | Slaughter (Factory New)
Aug 18 2021 01: +0,351.692,4,★ Paracord Knife | Slaughter (Factory New)
Aug 20 2021 01: +0,316.986,1,★ Paracord Knife | Slaughter (Factory New)
Aug 21 2021 01: +0,278.021,2,★ Paracord Knife | Slaughter (Factory New)
Aug 22 2021 01: +0,394.595,1,★ Paracord Knife | Slaughter (Factory New)
Aug 23 2021 01: +0,313.543,2,★ Paracord Knife | Slaughter (Factory New)
Aug 24 2021 01: +0,291.661,3,★ Paracord Knife | Slaughter (Factory New)
Aug 25 2021 01: +0,344.584,1,★ Paracord Knife | Slaughter (Factory New)
Aug 26 2021 01: +0,327.615,3,★ Paracord Knife | Slaughter (Factory New)
Aug 28 2021 01: +0,360.856,2,★ Paracord Knife | Slaughter (Factory New)
Aug 29 2021 01: +0,294.881,1,★ Paracord Knife | Slaughter (Factory New)
Aug 30 2021 01: +0,428.169,1,★ Paracord Knife | Slaughter (Factory New)
Aug 31 2021 01: +0,373.428,1,★ Paracord Knife | Slaughter (Factory New)
Sep 03 2021 01: +0,297.527,1,★ Paracord Knife | Slaughter (Factory New)
Sep 04 2021 01: +0,383.126,1,★ Paracord Knife | Slaughter (Factory New)
Sep 05 2021 01: +0,305.675,1,★ Paracord Knife | Slaughter (Factory New)
Sep 06 2021 01: +0,365.728,1,★ Paracord Knife | Slaughter (Factory New)
Sep 07 2021 01: +0,309.96,1,★ Paracord Knife | Slaughter (Factory New)
Sep 08 2021 01: +0,353.094,2,★ Paracord Knife | Slaughter (Factory New)
Sep 09 2021 01: +0,308.369,1,★ Paracord Knife | Slaughter (Factory New)
Sep 11 2021 01: +0,329.907,2,★ Paracord Knife | Slaughter (Factory New)
Sep 13 2021 01: +0,349.006,1,★ Paracord Knife | Slaughter (Factory New)
Sep 15 2021 01: +0,376.196,1,★ Paracord Knife | Slaughter (Factory New)
Sep 16 2021 01: +0,318.958,1,★ Paracord Knife | Slaughter (Factory New)
Sep 17 2021 01: +0,306.135,1,★ Paracord Knife | Slaughter (Factory New)
Sep 18 2021 01: +0,306.093,1,★ Paracord Knife | Slaughter (Factory New)
Sep 19 2021 01: +0,301.347,2,★ Paracord Knife | Slaughter (Factory New)
Sep 20 2021 01: +0,293.977,1,★ Paracord Knife | Slaughter (Factory New)
Sep 22 2021 01: +0,267.348,2,★ Paracord Knife | Slaughter (Factory New)
Sep 25 2021 01: +0,245.384,2,★ Paracord Knife | Slaughter (Factory New)
Sep 26 2021 01: +0,330.841,1,★ Paracord Knife | Slaughter (Factory New)
Sep 28 2021 01: +0,273.118,3,★ Paracord Knife | Slaughter (Factory New)
Sep 29 2021 01: +0,329.433,3,★ Paracord Knife | Slaughter (Factory New)
Oct 01 2021 01: +0,256.94,2,★ Paracord Knife | Slaughter (Factory New)
Oct 04 2021 01: +0,326.9,2,★ Paracord Knife | Slaughter (Factory New)
Oct 06 2021 01: +0,262.365,1,★ Paracord Knife | Slaughter (Factory New)
Oct 07 2021 01: +0,333.629,1,★ Paracord Knife | Slaughter (Factory New)
Oct 08 2021 01: +0,292.518,1,★ Paracord Knife | Slaughter (Factory New)
Oct 10 2021 01: +0,301.131,2,★ Paracord Knife | Slaughter (Factory New)
Oct 11 2021 01: +0,286.344,2,★ Paracord Knife | Slaughter (Factory New)
Oct 12 2021 01: +0,295.379,1,★ Paracord Knife | Slaughter (Factory New)
Oct 14 2021 01: +0,290.64,2,★ Paracord Knife | Slaughter (Factory New)
Oct 15 2021 01: +0,341.89,1,★ Paracord Knife | Slaughter (Factory New)
Oct 16 2021 01: +0,269.187,2,★ Paracord Knife | Slaughter (Factory New)
Oct 18 2021 01: +0,306.919,3,★ Paracord Knife | Slaughter (Factory New)
Oct 19 2021 01: +0,322.438,1,★ Paracord Knife | Slaughter (Factory New)
Oct 20 2021 01: +0,305.439,1,★ Paracord Knife | Slaughter (Factory New)
Oct 21 2021 01: +0,272.733,1,★ Paracord Knife | Slaughter (Factory New)
Oct 23 2021 01: +0,283.833,2,★ Paracord Knife | Slaughter (Factory New)
Oct 24 2021 01: +0,310.78,2,★ Paracord Knife | Slaughter (Factory New)
Oct 25 2021 01: +0,300.413,1,★ Paracord Knife | Slaughter (Factory New)
Oct 30 2021 01: +0,293.177,2,★ Paracord Knife | Slaughter (Factory New)
Oct 31 2021 01: +0,266.506,2,★ Paracord Knife | Slaughter (Factory New)
Nov 01 2021 01: +0,281.185,4,★ Paracord Knife | Slaughter (Factory New)
Nov 02 2021 01: +0,297.34,2,★ Paracord Knife | Slaughter (Factory New)
Nov 03 2021 01: +0,282.395,2,★ Paracord Knife | Slaughter (Factory New)
Nov 04 2021 01: +0,297.187,1,★ Paracord Knife | Slaughter (Factory New)
Nov 06 2021 01: +0,259.263,4,★ Paracord Knife | Slaughter (Factory New)
Nov 07 2021 01: +0,307.7,2,★ Paracord Knife | Slaughter (Factory New)
Nov 08 2021 01: +0,259.422,1,★ Paracord Knife | Slaughter (Factory New)
Nov 10 2021 01: +0,248.069,3,★ Paracord Knife | Slaughter (Factory New)
Nov 11 2021 01: +0,263.901,5,★ Paracord Knife | Slaughter (Factory New)
Nov 12 2021 01: +0,245.061,2,★ Paracord Knife | Slaughter (Factory New)
Nov 13 2021 01: +0,302.439,2,★ Paracord Knife | Slaughter (Factory New)
Nov 14 2021 01: +0,252.089,2,★ Paracord Knife | Slaughter (Factory New)
Nov 16 2021 01: +0,277.686,3,★ Paracord Knife | Slaughter (Factory New)
Nov 17 2021 01: +0,247.091,1,★ Paracord Knife | Slaughter (Factory New)
Nov 20 2021 01: +0,283.312,1,★ Paracord Knife | Slaughter (Factory New)
Nov 21 2021 01: +0,272.061,2,★ Paracord Knife | Slaughter (Factory New)
Nov 23 2021 01: +0,310.893,1,★ Paracord Knife | Slaughter (Factory New)
Nov 25 2021 01: +0,289.533,1,★ Paracord Knife | Slaughter (Factory New)
Nov 26 2021 01: +0,255.824,1,★ Paracord Knife | Slaughter (Factory New)
Nov 28 2021 01: +0,276.584,3,★ Paracord Knife | Slaughter (Factory New)
Nov 29 2021 01: +0,285.896,2,★ Paracord Knife | Slaughter (Factory New)
Nov 30 2021 01: +0,288.143,2,★ Paracord Knife | Slaughter (Factory New)
Dec 03 2021 01: +0,291.249,2,★ Paracord Knife | Slaughter (Factory New)
Dec 04 2021 01: +0,302.954,1,★ Paracord Knife | Slaughter (Factory New)
Dec 07 2021 01: +0,294.07,1,★ Paracord Knife | Slaughter (Factory New)
Dec 08 2021 01: +0,297.958,2,★ Paracord Knife | Slaughter (Factory New)
Dec 09 2021 01: +0,274.023,1,★ Paracord Knife | Slaughter (Factory New)
Dec 11 2021 01: +0,278.43,1,★ Paracord Knife | Slaughter (Factory New)
Dec 13 2021 01: +0,306.301,1,★ Paracord Knife | Slaughter (Factory New)
Dec 14 2021 01: +0,285.522,2,★ Paracord Knife | Slaughter (Factory New)
Dec 15 2021 01: +0,287.662,1,★ Paracord Knife | Slaughter (Factory New)
Dec 17 2021 01: +0,268.752,2,★ Paracord Knife | Slaughter (Factory New)
Dec 18 2021 01: +0,296.009,3,★ Paracord Knife | Slaughter (Factory New)
Dec 19 2021 01: +0,281.911,1,★ Paracord Knife | Slaughter (Factory New)
Dec 20 2021 01: +0,336.578,3,★ Paracord Knife | Slaughter (Factory New)
Dec 22 2021 01: +0,344.326,3,★ Paracord Knife | Slaughter (Factory New)
Dec 24 2021 01: +0,292.829,2,★ Paracord Knife | Slaughter (Factory New)
Dec 26 2021 01: +0,285.09,3,★ Paracord Knife | Slaughter (Factory New)
Dec 27 2021 01: +0,330.784,1,★ Paracord Knife | Slaughter (Factory New)
Dec 28 2021 01: +0,313.641,5,★ Paracord Knife | Slaughter (Factory New)
Dec 31 2021 01: +0,326.847,1,★ Paracord Knife | Slaughter (Factory New)
Jan 02 2022 01: +0,280.762,1,★ Paracord Knife | Slaughter (Factory New)
Jan 03 2022 01: +0,281.696,2,★ Paracord Knife | Slaughter (Factory New)
Jan 04 2022 01: +0,311.16,4,★ Paracord Knife | Slaughter (Factory New)
Jan 05 2022 01: +0,292.941,5,★ Paracord Knife | Slaughter (Factory New)
Jan 06 2022 01: +0,281.912,1,★ Paracord Knife | Slaughter (Factory New)
Jan 07 2022 01: +0,309.837,3,★ Paracord Knife | Slaughter (Factory New)
Jan 08 2022 01: +0,324.68,3,★ Paracord Knife | Slaughter (Factory New)
Jan 09 2022 01: +0,287.299,1,★ Paracord Knife | Slaughter (Factory New)
Jan 10 2022 01: +0,300.401,3,★ Paracord Knife | Slaughter (Factory New)
Jan 11 2022 01: +0,303.813,2,★ Paracord Knife | Slaughter (Factory New)
Jan 12 2022 01: +0,291.391,2,★ Paracord Knife | Slaughter (Factory New)
Jan 13 2022 01: +0,292.024,1,★ Paracord Knife | Slaughter (Factory New)
Jan 14 2022 01: +0,326.902,1,★ Paracord Knife | Slaughter (Factory New)
Jan 15 2022 01: +0,325.078,1,★ Paracord Knife | Slaughter (Factory New)
Jan 16 2022 01: +0,326.929,1,★ Paracord Knife | Slaughter (Factory New)
Jan 17 2022 01: +0,283.168,1,★ Paracord Knife | Slaughter (Factory New)
Jan 20 2022 01: +0,301.359,3,★ Paracord Knife | Slaughter (Factory New)
Jan 21 2022 01: +0,347.015,3,★ Paracord Knife | Slaughter (Factory New)
Jan 22 2022 01: +0,269.209,2,★ Paracord Knife | Slaughter (Factory New)
Jan 23 2022 01: +0,289.177,1,★ Paracord Knife | Slaughter (Factory New)
Jan 24 2022 01: +0,270.94,3,★ Paracord Knife | Slaughter (Factory New)
Jan 26 2022 01: +0,301.677,3,★ Paracord Knife | Slaughter (Factory New)
Jan 27 2022 01: +0,294.767,2,★ Paracord Knife | Slaughter (Factory New)
Jan 28 2022 01: +0,294.083,2,★ Paracord Knife | Slaughter (Factory New)
Jan 29 2022 01: +0,290.453,4,★ Paracord Knife | Slaughter (Factory New)
Jan 31 2022 01: +0,311.238,1,★ Paracord Knife | Slaughter (Factory New)
Feb 01 2022 01: +0,313.321,1,★ Paracord Knife | Slaughter (Factory New)
Feb 02 2022 01: +0,175.513,2,★ Paracord Knife | Slaughter (Factory New)
Feb 03 2022 01: +0,312.115,1,★ Paracord Knife | Slaughter (Factory New)
Feb 05 2022 01: +0,322.678,2,★ Paracord Knife | Slaughter (Factory New)
Feb 06 2022 01: +0,291.284,1,★ Paracord Knife | Slaughter (Factory New)
Feb 07 2022 01: +0,333.786,1,★ Paracord Knife | Slaughter (Factory New)
Feb 09 2022 01: +0,338.407,1,★ Paracord Knife | Slaughter (Factory New)
Feb 10 2022 01: +0,306.917,2,★ Paracord Knife | Slaughter (Factory New)
Feb 11 2022 01: +0,318.724,3,★ Paracord Knife | Slaughter (Factory New)
Feb 13 2022 01: +0,339.182,1,★ Paracord Knife | Slaughter (Factory New)
Feb 14 2022 01: +0,302.791,3,★ Paracord Knife | Slaughter (Factory New)
Feb 17 2022 01: +0,332.092,3,★ Paracord Knife | Slaughter (Factory New)
Feb 18 2022 01: +0,332.407,1,★ Paracord Knife | Slaughter (Factory New)
Feb 19 2022 01: +0,334.92,4,★ Paracord Knife | Slaughter (Factory New)
Feb 20 2022 01: +0,345.801,2,★ Paracord Knife | Slaughter (Factory New)
Feb 22 2022 01: +0,313.752,2,★ Paracord Knife | Slaughter (Factory New)
Feb 23 2022 01: +0,284.444,1,★ Paracord Knife | Slaughter (Factory New)
Feb 24 2022 01: +0,316.915,1,★ Paracord Knife | Slaughter (Factory New)
Feb 26 2022 01: +0,339.081,2,★ Paracord Knife | Slaughter (Factory New)
Mar 01 2022 01: +0,292.649,3,★ Paracord Knife | Slaughter (Factory New)
Mar 03 2022 01: +0,326.411,1,★ Paracord Knife | Slaughter (Factory New)
Mar 05 2022 01: +0,310.125,2,★ Paracord Knife | Slaughter (Factory New)
Mar 06 2022 01: +0,351.391,1,★ Paracord Knife | Slaughter (Factory New)
Mar 07 2022 01: +0,287.566,1,★ Paracord Knife | Slaughter (Factory New)
Mar 09 2022 01: +0,313.983,2,★ Paracord Knife | Slaughter (Factory New)
Mar 10 2022 01: +0,341.614,2,★ Paracord Knife | Slaughter (Factory New)
Mar 12 2022 01: +0,337.883,1,★ Paracord Knife | Slaughter (Factory New)
Mar 13 2022 01: +0,290.622,1,★ Paracord Knife | Slaughter (Factory New)
Mar 15 2022 01: +0,313.861,4,★ Paracord Knife | Slaughter (Factory New)
Mar 16 2022 01: +0,274.38,1,★ Paracord Knife | Slaughter (Factory New)
Mar 17 2022 01: +0,291.226,1,★ Paracord Knife | Slaughter (Factory New)
Mar 18 2022 01: +0,289.153,1,★ Paracord Knife | Slaughter (Factory New)
Mar 19 2022 01: +0,322.26,2,★ Paracord Knife | Slaughter (Factory New)
Mar 20 2022 01: +0,339.865,3,★ Paracord Knife | Slaughter (Factory New)
Mar 21 2022 01: +0,295.161,3,★ Paracord Knife | Slaughter (Factory New)
Mar 22 2022 01: +0,321.866,3,★ Paracord Knife | Slaughter (Factory New)
Mar 23 2022 01: +0,346.357,2,★ Paracord Knife | Slaughter (Factory New)
Mar 24 2022 01: +0,353.48,1,★ Paracord Knife | Slaughter (Factory New)
Mar 25 2022 01: +0,323.132,2,★ Paracord Knife | Slaughter (Factory New)
Mar 26 2022 01: +0,306.518,1,★ Paracord Knife | Slaughter (Factory New)
Mar 27 2022 01: +0,325.269,2,★ Paracord Knife | Slaughter (Factory New)
Mar 28 2022 01: +0,344.302,1,★ Paracord Knife | Slaughter (Factory New)
Mar 30 2022 01: +0,322.078,2,★ Paracord Knife | Slaughter (Factory New)
Mar 31 2022 01: +0,306.097,2,★ Paracord Knife | Slaughter (Factory New)
Apr 01 2022 01: +0,302.922,1,★ Paracord Knife | Slaughter (Factory New)
Apr 03 2022 01: +0,311.113,1,★ Paracord Knife | Slaughter (Factory New)
Apr 04 2022 01: +0,324.688,1,★ Paracord Knife | Slaughter (Factory New)
Apr 05 2022 01: +0,362.578,4,★ Paracord Knife | Slaughter (Factory New)
Apr 07 2022 01: +0,368.285,1,★ Paracord Knife | Slaughter (Factory New)
Apr 08 2022 01: +0,327.531,1,★ Paracord Knife | Slaughter (Factory New)
Apr 09 2022 01: +0,373.596,1,★ Paracord Knife | Slaughter (Factory New)
Apr 11 2022 01: +0,305.66,1,★ Paracord Knife | Slaughter (Factory New)
Apr 12 2022 01: +0,335.204,5,★ Paracord Knife | Slaughter (Factory New)
Apr 13 2022 01: +0,309.107,1,★ Paracord Knife | Slaughter (Factory New)
Apr 14 2022 01: +0,325.88,1,★ Paracord Knife | Slaughter (Factory New)
Apr 15 2022 01: +0,362.393,1,★ Paracord Knife | Slaughter (Factory New)
Apr 16 2022 01: +0,377.747,2,★ Paracord Knife | Slaughter (Factory New)
Apr 17 2022 01: +0,327.745,1,★ Paracord Knife | Slaughter (Factory New)
Apr 18 2022 01: +0,382.077,1,★ Paracord Knife | Slaughter (Factory New)
Apr 19 2022 01: +0,328.39,1,★ Paracord Knife | Slaughter (Factory New)
Apr 22 2022 01: +0,366.48,1,★ Paracord Knife | Slaughter (Factory New)
Apr 24 2022 01: +0,345.271,2,★ Paracord Knife | Slaughter (Factory New)
Apr 25 2022 01: +0,338.724,3,★ Paracord Knife | Slaughter (Factory New)
Apr 29 2022 01: +0,335.108,3,★ Paracord Knife | Slaughter (Factory New)
Apr 30 2022 01: +0,292.932,1,★ Paracord Knife | Slaughter (Factory New)
May 01 2022 01: +0,364.143,2,★ Paracord Knife | Slaughter (Factory New)
May 02 2022 01: +0,299.797,2,★ Paracord Knife | Slaughter (Factory New)
May 04 2022 01: +0,302.101,1,★ Paracord Knife | Slaughter (Factory New)
May 06 2022 01: +0,344.362,2,★ Paracord Knife | Slaughter (Factory New)
May 09 2022 01: +0,298.154,2,★ Paracord Knife | Slaughter (Factory New)
May 10 2022 01: +0,306.218,2,★ Paracord Knife | Slaughter (Factory New)
May 11 2022 01: +0,324.92,1,★ Paracord Knife | Slaughter (Factory New)
May 12 2022 01: +0,336.21,3,★ Paracord Knife | Slaughter (Factory New)
May 13 2022 01: +0,288.694,1,★ Paracord Knife | Slaughter (Factory New)
May 14 2022 01: +0,356.616,1,★ Paracord Knife | Slaughter (Factory New)
May 16 2022 01: +0,326.496,1,★ Paracord Knife | Slaughter (Factory New)
May 17 2022 01: +0,308.953,3,★ Paracord Knife | Slaughter (Factory New)
May 18 2022 01: +0,334.327,3,★ Paracord Knife | Slaughter (Factory New)
May 20 2022 01: +0,302.468,2,★ Paracord Knife | Slaughter (Factory New)
May 21 2022 01: +0,308.484,4,★ Paracord Knife | Slaughter (Factory New)
May 22 2022 01: +0,206.143,1,★ Paracord Knife | Slaughter (Factory New)
May 24 2022 01: +0,307.218,3,★ Paracord Knife | Slaughter (Factory New)
May 26 2022 01: +0,294.294,2,★ Paracord Knife | Slaughter (Factory New)
May 28 2022 01: +0,284.811,1,★ Paracord Knife | Slaughter (Factory New)
May 31 2022 01: +0,299.209,2,★ Paracord Knife | Slaughter (Factory New)
Jun 01 2022 01: +0,314.248,2,★ Paracord Knife | Slaughter (Factory New)
Jun 03 2022 01: +0,281.62,4,★ Paracord Knife | Slaughter (Factory New)
Jun 04 2022 01: +0,282.99,1,★ Paracord Knife | Slaughter (Factory New)
Jun 05 2022 01: +0,311.531,4,★ Paracord Knife | Slaughter (Factory New)
Jun 09 2022 01: +0,296.278,3,★ Paracord Knife | Slaughter (Factory New)
Jun 10 2022 01: +0,309.824,3,★ Paracord Knife | Slaughter (Factory New)
Jun 12 2022 01: +0,277.649,2,★ Paracord Knife | Slaughter (Factory New)
Jun 13 2022 01: +0,278.703,1,★ Paracord Knife | Slaughter (Factory New)
Jun 14 2022 01: +0,326.674,1,★ Paracord Knife | Slaughter (Factory New)
Jun 15 2022 01: +0,336.003,1,★ Paracord Knife | Slaughter (Factory New)
Jun 16 2022 01: +0,232.452,1,★ Paracord Knife | Slaughter (Factory New)
Jun 17 2022 01: +0,333.162,1,★ Paracord Knife | Slaughter (Factory New)
Jun 18 2022 01: +0,341.27,1,★ Paracord Knife | Slaughter (Factory New)
Jun 19 2022 01: +0,297.068,3,★ Paracord Knife | Slaughter (Factory New)
Jun 20 2022 01: +0,336.251,1,★ Paracord Knife | Slaughter (Factory New)
Jun 21 2022 01: +0,315.118,2,★ Paracord Knife | Slaughter (Factory New)
Jun 22 2022 01: +0,292.21,4,★ Paracord Knife | Slaughter (Factory New)
Jun 23 2022 01: +0,262.889,1,★ Paracord Knife | Slaughter (Factory New)
Jun 24 2022 01: +0,262.832,1,★ Paracord Knife | Slaughter (Factory New)
Jun 25 2022 01: +0,263.029,2,★ Paracord Knife | Slaughter (Factory New)
Jun 26 2022 01: +0,297.193,1,★ Paracord Knife | Slaughter (Factory New)
Jun 29 2022 01: +0,305.65,1,★ Paracord Knife | Slaughter (Factory New)
Jul 01 2022 01: +0,144.343,1,★ Paracord Knife | Slaughter (Factory New)
Jul 02 2022 01: +0,262.365,1,★ Paracord Knife | Slaughter (Factory New)
Jul 03 2022 01: +0,290.81,2,★ Paracord Knife | Slaughter (Factory New)
Jul 05 2022 01: +0,297.056,2,★ Paracord Knife | Slaughter (Factory New)
Jul 06 2022 01: +0,339.632,1,★ Paracord Knife | Slaughter (Factory New)
Jul 07 2022 01: +0,263.011,1,★ Paracord Knife | Slaughter (Factory New)
Jul 08 2022 01: +0,258.15,2,★ Paracord Knife | Slaughter (Factory New)
Jul 09 2022 01: +0,258.388,2,★ Paracord Knife | Slaughter (Factory New)
Jul 10 2022 01: +0,307.596,3,★ Paracord Knife | Slaughter (Factory New)
Jul 11 2022 01: +0,284.913,2,★ Paracord Knife | Slaughter (Factory New)
Jul 12 2022 01: +0,272.734,3,★ Paracord Knife | Slaughter (Factory New)
Jul 13 2022 01: +0,317.656,1,★ Paracord Knife | Slaughter (Factory New)
Jul 14 2022 01: +0,271.895,1,★ Paracord Knife | Slaughter (Factory New)
Jul 16 2022 01: +0,265.142,1,★ Paracord Knife | Slaughter (Factory New)
Jul 17 2022 01: +0,346.39,1,★ Paracord Knife | Slaughter (Factory New)
Jul 18 2022 01: +0,309.897,1,★ Paracord Knife | Slaughter (Factory New)
Jul 19 2022 01: +0,282.451,1,★ Paracord Knife | Slaughter (Factory New)
Jul 21 2022 01: +0,317.558,1,★ Paracord Knife | Slaughter (Factory New)
Jul 22 2022 01: +0,269.245,1,★ Paracord Knife | Slaughter (Factory New)
Jul 23 2022 01: +0,318.591,1,★ Paracord Knife | Slaughter (Factory New)
Jul 25 2022 01: +0,290.036,2,★ Paracord Knife | Slaughter (Factory New)
Jul 27 2022 01: +0,310.763,1,★ Paracord Knife | Slaughter (Factory New)
Jul 28 2022 01: +0,267.392,1,★ Paracord Knife | Slaughter (Factory New)
Jul 30 2022 01: +0,297.215,2,★ Paracord Knife | Slaughter (Factory New)
Jul 31 2022 01: +0,271.705,1,★ Paracord Knife | Slaughter (Factory New)
Aug 01 2022 01: +0,309.264,1,★ Paracord Knife | Slaughter (Factory New)
Aug 03 2022 01: +0,318.456,1,★ Paracord Knife | Slaughter (Factory New)
Aug 04 2022 01: +0,312.271,2,★ Paracord Knife | Slaughter (Factory New)
Aug 05 2022 01: +0,292.928,2,★ Paracord Knife | Slaughter (Factory New)
Aug 07 2022 01: +0,283.847,1,★ Paracord Knife | Slaughter (Factory New)
Aug 08 2022 01: +0,284.374,2,★ Paracord Knife | Slaughter (Factory New)
Aug 10 2022 01: +0,284.391,1,★ Paracord Knife | Slaughter (Factory New)
Aug 11 2022 01: +0,317.031,3,★ Paracord Knife | Slaughter (Factory New)
Aug 13 2022 01: +0,281.143,2,★ Paracord Knife | Slaughter (Factory New)
Aug 14 2022 01: +0,292.924,3,★ Paracord Knife | Slaughter (Factory New)
Aug 15 2022 01: +0,326.626,2,★ Paracord Knife | Slaughter (Factory New)
Aug 16 2022 01: +0,319.136,1,★ Paracord Knife | Slaughter (Factory New)
Aug 17 2022 01: +0,283.16,1,★ Paracord Knife | Slaughter (Factory New)
Aug 18 2022 01: +0,325.894,1,★ Paracord Knife | Slaughter (Factory New)
Aug 19 2022 01: +0,298.004,3,★ Paracord Knife | Slaughter (Factory New)
Aug 20 2022 01: +0,304.21,1,★ Paracord Knife | Slaughter (Factory New)
Aug 21 2022 01: +0,298.671,1,★ Paracord Knife | Slaughter (Factory New)
Aug 22 2022 01: +0,300.876,2,★ Paracord Knife | Slaughter (Factory New)
Aug 24 2022 01: +0,300.041,2,★ Paracord Knife | Slaughter (Factory New)
Aug 25 2022 01: +0,283.901,2,★ Paracord Knife | Slaughter (Factory New)
Aug 26 2022 01: +0,308.225,3,★ Paracord Knife | Slaughter (Factory New)
Aug 28 2022 01: +0,273.454,1,★ Paracord Knife | Slaughter (Factory New)
Aug 29 2022 01: +0,276.577,2,★ Paracord Knife | Slaughter (Factory New)
Aug 30 2022 01: +0,303.223,2,★ Paracord Knife | Slaughter (Factory New)
Aug 31 2022 01: +0,263.605,1,★ Paracord Knife | Slaughter (Factory New)
Sep 01 2022 01: +0,317.553,2,★ Paracord Knife | Slaughter (Factory New)
Sep 02 2022 01: +0,304.309,1,★ Paracord Knife | Slaughter (Factory New)
Sep 03 2022 01: +0,261.839,1,★ Paracord Knife | Slaughter (Factory New)
Sep 04 2022 01: +0,287.456,2,★ Paracord Knife | Slaughter (Factory New)
Sep 05 2022 01: +0,293.984,2,★ Paracord Knife | Slaughter (Factory New)
Sep 06 2022 01: +0,311.843,2,★ Paracord Knife | Slaughter (Factory New)
Sep 07 2022 01: +0,294.312,2,★ Paracord Knife | Slaughter (Factory New)
Sep 10 2022 01: +0,295.706,3,★ Paracord Knife | Slaughter (Factory New)
Sep 11 2022 01: +0,306.598,1,★ Paracord Knife | Slaughter (Factory New)
Sep 12 2022 01: +0,290.729,3,★ Paracord Knife | Slaughter (Factory New)
Sep 14 2022 01: +0,278.802,3,★ Paracord Knife | Slaughter (Factory New)
Sep 15 2022 01: +0,285.354,2,★ Paracord Knife | Slaughter (Factory New)
Sep 16 2022 01: +0,265.329,1,★ Paracord Knife | Slaughter (Factory New)
Sep 17 2022 01: +0,271.983,4,★ Paracord Knife | Slaughter (Factory New)
Sep 18 2022 01: +0,290.945,1,★ Paracord Knife | Slaughter (Factory New)
Sep 21 2022 01: +0,261.084,1,★ Paracord Knife | Slaughter (Factory New)
Sep 22 2022 01: +0,267.125,2,★ Paracord Knife | Slaughter (Factory New)
Sep 24 2022 01: +0,227.782,1,★ Paracord Knife | Slaughter (Factory New)
Sep 25 2022 01: +0,272.464,1,★ Paracord Knife | Slaughter (Factory New)
Sep 26 2022 01: +0,244.463,2,★ Paracord Knife | Slaughter (Factory New)
Sep 27 2022 01: +0,244.73,1,★ Paracord Knife | Slaughter (Factory New)
Sep 28 2022 01: +0,280.196,1,★ Paracord Knife | Slaughter (Factory New)
Sep 29 2022 01: +0,259.296,2,★ Paracord Knife | Slaughter (Factory New)
Sep 30 2022 01: +0,285.953,2,★ Paracord Knife | Slaughter (Factory New)
Oct 01 2022 01: +0,265.005,2,★ Paracord Knife | Slaughter (Factory New)
Oct 03 2022 01: +0,268.857,2,★ Paracord Knife | Slaughter (Factory New)
Oct 04 2022 01: +0,241.347,4,★ Paracord Knife | Slaughter (Factory New)
Oct 05 2022 01: +0,282.112,2,★ Paracord Knife | Slaughter (Factory New)
Oct 07 2022 01: +0,247.6,1,★ Paracord Knife | Slaughter (Factory New)
Oct 08 2022 01: +0,247.6,1,★ Paracord Knife | Slaughter (Factory New)
Oct 09 2022 01: +0,265.8,2,★ Paracord Knife | Slaughter (Factory New)
Oct 10 2022 01: +0,255.462,1,★ Paracord Knife | Slaughter (Factory New)
Oct 11 2022 01: +0,280.229,2,★ Paracord Knife | Slaughter (Factory New)
Oct 12 2022 01: +0,258.137,1,★ Paracord Knife | Slaughter (Factory New)
Oct 13 2022 01: +0,258.273,1,★ Paracord Knife | Slaughter (Factory New)
Oct 14 2022 01: +0,292.932,1,★ Paracord Knife | Slaughter (Factory New)
Oct 15 2022 01: +0,269.731,2,★ Paracord Knife | Slaughter (Factory New)
Oct 16 2022 01: +0,280.211,1,★ Paracord Knife | Slaughter (Factory New)
Oct 18 2022 01: +0,264.369,3,★ Paracord Knife | Slaughter (Factory New)
Oct 19 2022 01: +0,298.799,1,★ Paracord Knife | Slaughter (Factory New)
Oct 21 2022 01: +0,290.988,1,★ Paracord Knife | Slaughter (Factory New)
Oct 23 2022 01: +0,252.369,2,★ Paracord Knife | Slaughter (Factory New)
Oct 24 2022 01: +0,263.976,3,★ Paracord Knife | Slaughter (Factory New)
Oct 25 2022 01: +0,289.051,2,★ Paracord Knife | Slaughter (Factory New)
Oct 26 2022 01: +0,293.357,1,★ Paracord Knife | Slaughter (Factory New)
Oct 27 2022 01: +0,245.138,1,★ Paracord Knife | Slaughter (Factory New)
Oct 28 2022 01: +0,286.304,2,★ Paracord Knife | Slaughter (Factory New)
Oct 31 2022 01: +0,269.43,2,★ Paracord Knife | Slaughter (Factory New)
Nov 01 2022 01: +0,249.239,1,★ Paracord Knife | Slaughter (Factory New)
Nov 02 2022 01: +0,280.029,1,★ Paracord Knife | Slaughter (Factory New)
Nov 03 2022 01: +0,267.516,2,★ Paracord Knife | Slaughter (Factory New)
Nov 04 2022 01: +0,260.031,3,★ Paracord Knife | Slaughter (Factory New)
Nov 05 2022 01: +0,261.018,2,★ Paracord Knife | Slaughter (Factory New)
Nov 06 2022 01: +0,251.243,1,★ Paracord Knife | Slaughter (Factory New)
Nov 07 2022 01: +0,251.336,1,★ Paracord Knife | Slaughter (Factory New)
Nov 09 2022 01: +0,274.87,6,★ Paracord Knife | Slaughter (Factory New)
Nov 10 2022 01: +0,271.029,2,★ Paracord Knife | Slaughter (Factory New)
Nov 12 2022 01: +0,337.135,1,★ Paracord Knife | Slaughter (Factory New)
Nov 13 2022 01: +0,258.019,2,★ Paracord Knife | Slaughter (Factory New)
Nov 14 2022 01: +0,246.437,2,★ Paracord Knife | Slaughter (Factory New)
Nov 16 2022 01: +0,246.256,3,★ Paracord Knife | Slaughter (Factory New)
Nov 17 2022 01: +0,284.441,1,★ Paracord Knife | Slaughter (Factory New)
Nov 19 2022 01: +0,241.988,1,★ Paracord Knife | Slaughter (Factory New)
Nov 20 2022 01: +0,244.556,3,★ Paracord Knife | Slaughter (Factory New)
Nov 21 2022 01: +0,263.215,1,★ Paracord Knife | Slaughter (Factory New)
Nov 23 2022 01: +0,268.08,2,★ Paracord Knife | Slaughter (Factory New)
Nov 24 2022 01: +0,271.712,1,★ Paracord Knife | Slaughter (Factory New)
Nov 25 2022 01: +0,255.577,2,★ Paracord Knife | Slaughter (Factory New)
Nov 27 2022 01: +0,236.426,1,★ Paracord Knife | Slaughter (Factory New)
Nov 28 2022 01: +0,206.667,1,★ Paracord Knife | Slaughter (Factory New)
Nov 29 2022 01: +0,233.497,1,★ Paracord Knife | Slaughter (Factory New)
Nov 30 2022 01: +0,215.458,2,★ Paracord Knife | Slaughter (Factory New)
Dec 01 2022 01: +0,267.469,3,★ Paracord Knife | Slaughter (Factory New)
Dec 03 2022 01: +0,271.295,1,★ Paracord Knife | Slaughter (Factory New)
Dec 04 2022 01: +0,273.4,1,★ Paracord Knife | Slaughter (Factory New)
Dec 05 2022 01: +0,282.864,1,★ Paracord Knife | Slaughter (Factory New)
Dec 08 2022 01: +0,269.341,2,★ Paracord Knife | Slaughter (Factory New)
Dec 09 2022 01: +0,282.496,2,★ Paracord Knife | Slaughter (Factory New)
Dec 10 2022 01: +0,274.851,4,★ Paracord Knife | Slaughter (Factory New)
Dec 11 2022 01: +0,257.195,1,★ Paracord Knife | Slaughter (Factory New)
Dec 12 2022 01: +0,297.184,1,★ Paracord Knife | Slaughter (Factory New)
Dec 13 2022 01: +0,301.363,1,★ Paracord Knife | Slaughter (Factory New)
Dec 14 2022 01: +0,285.575,2,★ Paracord Knife | Slaughter (Factory New)
Dec 15 2022 01: +0,244.026,1,★ Paracord Knife | Slaughter (Factory New)
Dec 16 2022 01: +0,266.619,1,★ Paracord Knife | Slaughter (Factory New)
Dec 17 2022 01: +0,295.4,1,★ Paracord Knife | Slaughter (Factory New)
Dec 18 2022 01: +0,268.683,1,★ Paracord Knife | Slaughter (Factory New)
Dec 19 2022 01: +0,287.771,2,★ Paracord Knife | Slaughter (Factory New)
Dec 21 2022 01: +0,263.902,1,★ Paracord Knife | Slaughter (Factory New)
Dec 22 2022 01: +0,277.231,2,★ Paracord Knife | Slaughter (Factory New)
Dec 23 2022 01: +0,279.108,1,★ Paracord Knife | Slaughter (Factory New)
Dec 26 2022 01: +0,273.997,3,★ Paracord Knife | Slaughter (Factory New)
Dec 27 2022 01: +0,309.099,1,★ Paracord Knife | Slaughter (Factory New)
Dec 28 2022 01: +0,283.595,2,★ Paracord Knife | Slaughter (Factory New)
Dec 29 2022 01: +0,278.852,3,★ Paracord Knife | Slaughter (Factory New)
Dec 30 2022 01: +0,307.596,1,★ Paracord Knife | Slaughter (Factory New)
Dec 31 2022 01: +0,278.297,2,★ Paracord Knife | Slaughter (Factory New)
Jan 01 2023 01: +0,309.173,1,★ Paracord Knife | Slaughter (Factory New)
Jan 04 2023 01: +0,292.202,3,★ Paracord Knife | Slaughter (Factory New)
Jan 05 2023 01: +0,251.418,2,★ Paracord Knife | Slaughter (Factory New)
Jan 06 2023 01: +0,272.251,3,★ Paracord Knife | Slaughter (Factory New)
Jan 07 2023 01: +0,291.258,3,★ Paracord Knife | Slaughter (Factory New)
Jan 08 2023 01: +0,320.925,1,★ Paracord Knife | Slaughter (Factory New)
Jan 09 2023 01: +0,310.658,2,★ Paracord Knife | Slaughter (Factory New)
Jan 10 2023 01: +0,274.278,1,★ Paracord Knife | Slaughter (Factory New)
Jan 11 2023 01: +0,275.075,2,★ Paracord Knife | Slaughter (Factory New)
Jan 13 2023 01: +0,320.782,1,★ Paracord Knife | Slaughter (Factory New)
Jan 14 2023 01: +0,305.817,3,★ Paracord Knife | Slaughter (Factory New)
Jan 16 2023 01: +0,272.245,2,★ Paracord Knife | Slaughter (Factory New)
Jan 17 2023 01: +0,308.389,4,★ Paracord Knife | Slaughter (Factory New)
Jan 18 2023 01: +0,310.018,2,★ Paracord Knife | Slaughter (Factory New)
Jan 19 2023 01: +0,268.717,2,★ Paracord Knife | Slaughter (Factory New)
Jan 21 2023 01: +0,338.626,2,★ Paracord Knife | Slaughter (Factory New)
Jan 22 2023 01: +0,271.825,2,★ Paracord Knife | Slaughter (Factory New)
Jan 23 2023 01: +0,302.162,1,★ Paracord Knife | Slaughter (Factory New)
Jan 25 2023 01: +0,308.703,2,★ Paracord Knife | Slaughter (Factory New)
Jan 27 2023 01: +0,291.586,2,★ Paracord Knife | Slaughter (Factory New)
Jan 28 2023 01: +0,300.146,2,★ Paracord Knife | Slaughter (Factory New)
Jan 29 2023 01: +0,288.517,2,★ Paracord Knife | Slaughter (Factory New)
Jan 30 2023 01: +0,301.237,2,★ Paracord Knife | Slaughter (Factory New)
Jan 31 2023 01: +0,273.083,1,★ Paracord Knife | Slaughter (Factory New)
Feb 01 2023 01: +0,272.733,1,★ Paracord Knife | Slaughter (Factory New)
Feb 02 2023 01: +0,304.868,3,★ Paracord Knife | Slaughter (Factory New)
Feb 03 2023 01: +0,271.37,2,★ Paracord Knife | Slaughter (Factory New)
Feb 05 2023 01: +0,339.632,1,★ Paracord Knife | Slaughter (Factory New)
Feb 06 2023 01: +0,283.594,1,★ Paracord Knife | Slaughter (Factory New)
Feb 07 2023 01: +0,308.829,3,★ Paracord Knife | Slaughter (Factory New)
Feb 08 2023 01: +0,329.884,1,★ Paracord Knife | Slaughter (Factory New)
Feb 09 2023 01: +0,309.214,4,★ Paracord Knife | Slaughter (Factory New)
Feb 10 2023 01: +0,285.423,4,★ Paracord Knife | Slaughter (Factory New)
Feb 11 2023 01: +0,320.793,1,★ Paracord Knife | Slaughter (Factory New)
Feb 14 2023 01: +0,302.191,2,★ Paracord Knife | Slaughter (Factory New)
Feb 15 2023 01: +0,286.259,1,★ Paracord Knife | Slaughter (Factory New)
Feb 16 2023 01: +0,284.304,2,★ Paracord Knife | Slaughter (Factory New)
Feb 18 2023 01: +0,314.829,2,★ Paracord Knife | Slaughter (Factory New)
Feb 19 2023 01: +0,268.03,2,★ Paracord Knife | Slaughter (Factory New)
Feb 20 2023 01: +0,268.717,1,★ Paracord Knife | Slaughter (Factory New)
Feb 21 2023 01: +0,287.255,2,★ Paracord Knife | Slaughter (Factory New)
Feb 22 2023 01: +0,293.961,2,★ Paracord Knife | Slaughter (Factory New)
Feb 23 2023 01: +0,327.481,2,★ Paracord Knife | Slaughter (Factory New)
Feb 24 2023 01: +0,314.166,1,★ Paracord Knife | Slaughter (Factory New)
Feb 25 2023 01: +0,301.257,3,★ Paracord Knife | Slaughter (Factory New)
Feb 26 2023 01: +0,302.83,3,★ Paracord Knife | Slaughter (Factory New)
Feb 28 2023 01: +0,285.54,1,★ Paracord Knife | Slaughter (Factory New)
Mar 01 2023 01: +0,294.615,4,★ Paracord Knife | Slaughter (Factory New)
Mar 02 2023 01: +0,307.697,3,★ Paracord Knife | Slaughter (Factory New)
Mar 03 2023 01: +0,293.085,1,★ Paracord Knife | Slaughter (Factory New)
Mar 04 2023 01: +0,321.673,3,★ Paracord Knife | Slaughter (Factory New)
Mar 05 2023 01: +0,335.894,1,★ Paracord Knife | Slaughter (Factory New)
Mar 06 2023 01: +0,326.847,3,★ Paracord Knife | Slaughter (Factory New)
Mar 08 2023 01: +0,313.29,5,★ Paracord Knife | Slaughter (Factory New)
Mar 09 2023 01: +0,304.396,3,★ Paracord Knife | Slaughter (Factory New)
Mar 10 2023 01: +0,313.939,4,★ Paracord Knife | Slaughter (Factory New)
Mar 11 2023 01: +0,323.423,3,★ Paracord Knife | Slaughter (Factory New)
Mar 12 2023 01: +0,325.592,4,★ Paracord Knife | Slaughter (Factory New)
Mar 14 2023 01: +0,348.713,1,★ Paracord Knife | Slaughter (Factory New)
Mar 15 2023 01: +0,300.718,2,★ Paracord Knife | Slaughter (Factory New)
Mar 16 2023 01: +0,304.217,2,★ Paracord Knife | Slaughter (Factory New)
Mar 17 2023 01: +0,355.247,2,★ Paracord Knife | Slaughter (Factory New)
Mar 18 2023 01: +0,359.918,1,★ Paracord Knife | Slaughter (Factory New)
Mar 19 2023 01: +0,385.721,2,★ Paracord Knife | Slaughter (Factory New)
Mar 21 2023 01: +0,349.604,2,★ Paracord Knife | Slaughter (Factory New)
Mar 22 2023 01: +0,321.833,2,★ Paracord Knife | Slaughter (Factory New)
Mar 23 2023 01: +0,399.002,4,★ Paracord Knife | Slaughter (Factory New)
Mar 24 2023 01: +0,431.92,3,★ Paracord Knife | Slaughter (Factory New)
Mar 25 2023 01: +0,428.512,4,★ Paracord Knife | Slaughter (Factory New)
Mar 26 2023 01: +0,428.847,7,★ Paracord Knife | Slaughter (Factory New)
Mar 27 2023 01: +0,439.14,3,★ Paracord Knife | Slaughter (Factory New)
Mar 28 2023 01: +0,460.623,6,★ Paracord Knife | Slaughter (Factory New)
Mar 29 2023 01: +0,430.126,4,★ Paracord Knife | Slaughter (Factory New)
Mar 30 2023 01: +0,433.475,6,★ Paracord Knife | Slaughter (Factory New)
Mar 31 2023 01: +0,434.052,3,★ Paracord Knife | Slaughter (Factory New)
Apr 01 2023 01: +0,447.072,6,★ Paracord Knife | Slaughter (Factory New)
Apr 02 2023 01: +0,464.058,4,★ Paracord Knife | Slaughter (Factory New)
Apr 03 2023 01: +0,452.957,1,★ Paracord Knife | Slaughter (Factory New)
Apr 04 2023 01: +0,443.776,3,★ Paracord Knife | Slaughter (Factory New)
Apr 05 2023 01: +0,498.322,3,★ Paracord Knife | Slaughter (Factory New)
Apr 06 2023 01: +0,455.578,2,★ Paracord Knife | Slaughter (Factory New)
Apr 07 2023 01: +0,493.251,3,★ Paracord Knife | Slaughter (Factory New)
Apr 08 2023 01: +0,502.137,1,★ Paracord Knife | Slaughter (Factory New)
Apr 09 2023 01: +0,435.87,3,★ Paracord Knife | Slaughter (Factory New)
Apr 10 2023 01: +0,453.468,3,★ Paracord Knife | Slaughter (Factory New)
Apr 11 2023 01: +0,496.666,4,★ Paracord Knife | Slaughter (Factory New)
Apr 12 2023 01: +0,553.373,2,★ Paracord Knife | Slaughter (Factory New)
Apr 13 2023 01: +0,483.373,6,★ Paracord Knife | Slaughter (Factory New)
Apr 14 2023 01: +0,537.119,2,★ Paracord Knife | Slaughter (Factory New)
Apr 15 2023 01: +0,536.345,5,★ Paracord Knife | Slaughter (Factory New)
Apr 16 2023 01: +0,539.622,5,★ Paracord Knife | Slaughter (Factory New)
Apr 17 2023 01: +0,595.927,4,★ Paracord Knife | Slaughter (Factory New)
Apr 18 2023 01: +0,683.495,1,★ Paracord Knife | Slaughter (Factory New)
Apr 19 2023 01: +0,573.911,4,★ Paracord Knife | Slaughter (Factory New)
Apr 20 2023 01: +0,679.879,3,★ Paracord Knife | Slaughter (Factory New)
Apr 21 2023 01: +0,491.921,1,★ Paracord Knife | Slaughter (Factory New)
Apr 22 2023 01: +0,491.67,1,★ Paracord Knife | Slaughter (Factory New)
Apr 23 2023 01: +0,605.056,2,★ Paracord Knife | Slaughter (Factory New)
Apr 24 2023 01: +0,580.135,3,★ Paracord Knife | Slaughter (Factory New)
Apr 25 2023 01: +0,506.713,1,★ Paracord Knife | Slaughter (Factory New)
Apr 26 2023 01: +0,494.487,2,★ Paracord Knife | Slaughter (Factory New)
Apr 27 2023 01: +0,550.056,3,★ Paracord Knife | Slaughter (Factory New)
Apr 28 2023 01: +0,579.077,1,★ Paracord Knife | Slaughter (Factory New)
Apr 29 2023 01: +0,525.602,3,★ Paracord Knife | Slaughter (Factory New)
Apr 30 2023 01: +0,518.656,2,★ Paracord Knife | Slaughter (Factory New)
May 01 2023 01: +0,490.771,5,★ Paracord Knife | Slaughter (Factory New)
May 03 2023 01: +0,435.388,2,★ Paracord Knife | Slaughter (Factory New)
May 04 2023 01: +0,407.49,2,★ Paracord Knife | Slaughter (Factory New)
May 05 2023 01: +0,458.737,2,★ Paracord Knife | Slaughter (Factory New)
May 06 2023 01: +0,469.379,3,★ Paracord Knife | Slaughter (Factory New)
May 07 2023 01: +0,508.598,1,★ Paracord Knife | Slaughter (Factory New)
May 08 2023 01: +0,528.938,1,★ Paracord Knife | Slaughter (Factory New)
May 09 2023 01: +0,464.156,2,★ Paracord Knife | Slaughter (Factory New)
May 10 2023 01: +0,485.325,2,★ Paracord Knife | Slaughter (Factory New)
May 11 2023 01: +0,440.67,3,★ Paracord Knife | Slaughter (Factory New)
May 12 2023 01: +0,475.737,3,★ Paracord Knife | Slaughter (Factory New)
May 13 2023 01: +0,417.29,2,★ Paracord Knife | Slaughter (Factory New)
May 14 2023 01: +0,461.709,1,★ Paracord Knife | Slaughter (Factory New)
May 16 2023 01: +0,428.976,2,★ Paracord Knife | Slaughter (Factory New)
May 17 2023 01: +0,423.608,5,★ Paracord Knife | Slaughter (Factory New)
May 18 2023 01: +0,426.221,3,★ Paracord Knife | Slaughter (Factory New)
May 19 2023 01: +0,428.393,2,★ Paracord Knife | Slaughter (Factory New)
May 20 2023 01: +0,443.342,2,★ Paracord Knife | Slaughter (Factory New)
May 21 2023 01: +0,407.411,2,★ Paracord Knife | Slaughter (Factory New)
May 22 2023 01: +0,415.668,2,★ Paracord Knife | Slaughter (Factory New)
May 23 2023 01: +0,453.782,2,★ Paracord Knife | Slaughter (Factory New)
May 24 2023 01: +0,431.553,4,★ Paracord Knife | Slaughter (Factory New)
May 25 2023 01: +0,476.054,1,★ Paracord Knife | Slaughter (Factory New)
May 26 2023 01: +0,395.692,1,★ Paracord Knife | Slaughter (Factory New)
May 27 2023 01: +0,435.79,1,★ Paracord Knife | Slaughter (Factory New)
May 28 2023 01: +0,418.696,4,★ Paracord Knife | Slaughter (Factory New)
May 29 2023 01: +0,485.877,1,★ Paracord Knife | Slaughter (Factory New)
May 31 2023 01: +0,468.365,2,★ Paracord Knife | Slaughter (Factory New)
Jun 01 2023 01: +0,374.784,1,★ Paracord Knife | Slaughter (Factory New)
Jun 02 2023 01: +0,478.418,2,★ Paracord Knife | Slaughter (Factory New)
Jun 03 2023 01: +0,489.049,1,★ Paracord Knife | Slaughter (Factory New)
Jun 04 2023 01: +0,502.527,1,★ Paracord Knife | Slaughter (Factory New)
Jun 05 2023 01: +0,466.892,1,★ Paracord Knife | Slaughter (Factory New)
Jun 07 2023 01: +0,421.992,1,★ Paracord Knife | Slaughter (Factory New)
Jun 08 2023 01: +0,476.444,1,★ Paracord Knife | Slaughter (Factory New)
Jun 09 2023 01: +0,462.012,2,★ Paracord Knife | Slaughter (Factory New)
Jun 10 2023 01: +0,423.609,1,★ Paracord Knife | Slaughter (Factory New)
Jun 11 2023 01: +0,434.775,4,★ Paracord Knife | Slaughter (Factory New)
Jun 13 2023 01: +0,444.752,2,★ Paracord Knife | Slaughter (Factory New)
Jun 14 2023 01: +0,438.89,4,★ Paracord Knife | Slaughter (Factory New)
Jun 15 2023 01: +0,457.36,3,★ Paracord Knife | Slaughter (Factory New)
Jun 16 2023 01: +0,455.871,3,★ Paracord Knife | Slaughter (Factory New)
Jun 17 2023 01: +0,464.556,2,★ Paracord Knife | Slaughter (Factory New)
Jun 18 2023 01: +0,516.838,2,★ Paracord Knife | Slaughter (Factory New)
Jun 21 2023 01: +0,446.713,2,★ Paracord Knife | Slaughter (Factory New)
Jun 22 2023 01: +0,460.615,2,★ Paracord Knife | Slaughter (Factory New)
Jun 23 2023 01: +0,466.086,2,★ Paracord Knife | Slaughter (Factory New)
Jun 24 2023 01: +0,415.938,1,★ Paracord Knife | Slaughter (Factory New)
Jun 25 2023 01: +0,411.837,1,★ Paracord Knife | Slaughter (Factory New)
Jun 27 2023 01: +0,437.392,3,★ Paracord Knife | Slaughter (Factory New)
Jun 29 2023 01: +0,403.313,1,★ Paracord Knife | Slaughter (Factory New)
Jun 30 2023 01: +0,420.64,2,★ Paracord Knife | Slaughter (Factory New)
Jul 01 2023 01: +0,457.112,2,★ Paracord Knife | Slaughter (Factory New)
Jul 03 2023 01: +0,370.207,1,★ Paracord Knife | Slaughter (Factory New)
Jul 04 2023 01: +0,373.17,1,★ Paracord Knife | Slaughter (Factory New)
Jul 05 2023 01: +0,361.774,2,★ Paracord Knife | Slaughter (Factory New)
Jul 07 2023 01: +0,365.444,1,★ Paracord Knife | Slaughter (Factory New)
Jul 08 2023 01: +0,516.478,1,★ Paracord Knife | Slaughter (Factory New)
Jul 10 2023 01: +0,501.604,1,★ Paracord Knife | Slaughter (Factory New)
Jul 12 2023 01: +0,418.951,2,★ Paracord Knife | Slaughter (Factory New)
Jul 13 2023 01: +0,401.313,2,★ Paracord Knife | Slaughter (Factory New)
Jul 14 2023 01: +0,448.462,2,★ Paracord Knife | Slaughter (Factory New)
Jul 16 2023 01: +0,365.206,1,★ Paracord Knife | Slaughter (Factory New)
Jul 17 2023 01: +0,365.193,1,★ Paracord Knife | Slaughter (Factory New)
Jul 18 2023 01: +0,406.108,3,★ Paracord Knife | Slaughter (Factory New)
Jul 19 2023 01: +0,388.406,1,★ Paracord Knife | Slaughter (Factory New)
Jul 20 2023 01: +0,415.317,1,★ Paracord Knife | Slaughter (Factory New)
Jul 21 2023 01: +0,368.053,6,★ Paracord Knife | Slaughter (Factory New)
Jul 22 2023 01: +0,389.227,3,★ Paracord Knife | Slaughter (Factory New)
Jul 23 2023 01: +0,388.778,2,★ Paracord Knife | Slaughter (Factory New)
Jul 24 2023 01: +0,418.277,1,★ Paracord Knife | Slaughter (Factory New)
Jul 25 2023 01: +0,391.262,3,★ Paracord Knife | Slaughter (Factory New)
Jul 27 2023 01: +0,410.105,1,★ Paracord Knife | Slaughter (Factory New)
Jul 28 2023 01: +0,402.628,3,★ Paracord Knife | Slaughter (Factory New)
Jul 29 2023 01: +0,357.389,1,★ Paracord Knife | Slaughter (Factory New)
Jul 30 2023 01: +0,376.766,2,★ Paracord Knife | Slaughter (Factory New)
Aug 01 2023 01: +0,405.637,4,★ Paracord Knife | Slaughter (Factory New)
Aug 02 2023 01: +0,415.779,2,★ Paracord Knife | Slaughter (Factory New)
Aug 03 2023 01: +0,359.466,1,★ Paracord Knife | Slaughter (Factory New)
Aug 04 2023 01: +0,376.566,4,★ Paracord Knife | Slaughter (Factory New)
Aug 05 2023 01: +0,404.96,1,★ Paracord Knife | Slaughter (Factory New)
Aug 07 2023 01: +0,435.764,1,★ Paracord Knife | Slaughter (Factory New)
Aug 09 2023 01: +0,407.55,1,★ Paracord Knife | Slaughter (Factory New)
Aug 10 2023 01: +0,351.939,1,★ Paracord Knife | Slaughter (Factory New)
Aug 13 2023 01: +0,424.531,1,★ Paracord Knife | Slaughter (Factory New)
Aug 14 2023 01: +0,399.6,2,★ Paracord Knife | Slaughter (Factory New)
Aug 15 2023 01: +0,427.842,1,★ Paracord Knife | Slaughter (Factory New)
Aug 16 2023 01: +0,428.57,2,★ Paracord Knife | Slaughter (Factory New)
Aug 17 2023 01: +0,400.053,3,★ Paracord Knife | Slaughter (Factory New)
Aug 18 2023 01: +0,390.576,1,★ Paracord Knife | Slaughter (Factory New)
Aug 19 2023 01: +0,428.25,1,★ Paracord Knife | Slaughter (Factory New)
Aug 20 2023 01: +0,395.641,2,★ Paracord Knife | Slaughter (Factory New)
Aug 21 2023 01: +0,432.385,1,★ Paracord Knife | Slaughter (Factory New)
Aug 22 2023 01: +0,432.385,1,★ Paracord Knife | Slaughter (Factory New)
Aug 24 2023 01: +0,420.481,2,★ Paracord Knife | Slaughter (Factory New)
Aug 25 2023 01: +0,410.105,1,★ Paracord Knife | Slaughter (Factory New)
Aug 27 2023 01: +0,414.535,3,★ Paracord Knife | Slaughter (Factory New)
Aug 30 2023 01: +0,403.79,3,★ Paracord Knife | Slaughter (Factory New)
Aug 31 2023 01: +0,320.341,1,★ Paracord Knife | Slaughter (Factory New)
Sep 01 2023 01: +0,414.687,4,★ Paracord Knife | Slaughter (Factory New)
Sep 03 2023 01: +0,431.812,1,★ Paracord Knife | Slaughter (Factory New)
Sep 04 2023 01: +0,382.145,1,★ Paracord Knife | Slaughter (Factory New)
Sep 05 2023 01: +0,382.154,1,★ Paracord Knife | Slaughter (Factory New)
Sep 07 2023 01: +0,367.987,2,★ Paracord Knife | Slaughter (Factory New)
Sep 08 2023 01: +0,453.687,2,★ Paracord Knife | Slaughter (Factory New)
Sep 09 2023 01: +0,401.508,3,★ Paracord Knife | Slaughter (Factory New)
Sep 10 2023 01: +0,444.637,2,★ Paracord Knife | Slaughter (Factory New)
Sep 12 2023 01: +0,422.664,4,★ Paracord Knife | Slaughter (Factory New)
Sep 13 2023 01: +0,449.779,2,★ Paracord Knife | Slaughter (Factory New)
Sep 15 2023 01: +0,381.338,1,★ Paracord Knife | Slaughter (Factory New)
Sep 16 2023 01: +0,410.276,2,★ Paracord Knife | Slaughter (Factory New)
Sep 17 2023 01: +0,415.472,4,★ Paracord Knife | Slaughter (Factory New)
Sep 18 2023 01: +0,441.059,2,★ Paracord Knife | Slaughter (Factory New)
Sep 20 2023 01: +0,417.365,1,★ Paracord Knife | Slaughter (Factory New)
Sep 21 2023 01: +0,426.81,2,★ Paracord Knife | Slaughter (Factory New)
Sep 23 2023 01: +0,374.923,2,★ Paracord Knife | Slaughter (Factory New)
Sep 24 2023 01: +0,431.012,1,★ Paracord Knife | Slaughter (Factory New)
Sep 26 2023 01: +0,416.05,1,★ Paracord Knife | Slaughter (Factory New)
Sep 28 2023 01: +0,387.023,2,★ Paracord Knife | Slaughter (Factory New)
Sep 29 2023 01: +0,472.825,3,★ Paracord Knife | Slaughter (Factory New)
Sep 30 2023 01: +0,436.732,3,★ Paracord Knife | Slaughter (Factory New)
Oct 01 2023 01: +0,463.193,1,★ Paracord Knife | Slaughter (Factory New)
Oct 02 2023 01: +0,466.994,1,★ Paracord Knife | Slaughter (Factory New)
Oct 03 2023 01: +0,478.55,1,★ Paracord Knife | Slaughter (Factory New)
Oct 04 2023 01: +0,412.174,3,★ Paracord Knife | Slaughter (Factory New)
Oct 06 2023 01: +0,459.785,1,★ Paracord Knife | Slaughter (Factory New)
Oct 07 2023 01: +0,420.001,3,★ Paracord Knife | Slaughter (Factory New)
Oct 08 2023 01: +0,456.533,3,★ Paracord Knife | Slaughter (Factory New)
Oct 09 2023 01: +0,393.932,2,★ Paracord Knife | Slaughter (Factory New)
Oct 10 2023 01: +0,466.714,3,★ Paracord Knife | Slaughter (Factory New)
Oct 11 2023 01: +0,408.895,2,★ Paracord Knife | Slaughter (Factory New)
Oct 12 2023 01: +0,424.546,1,★ Paracord Knife | Slaughter (Factory New)
Oct 14 2023 01: +0,485.983,2,★ Paracord Knife | Slaughter (Factory New)
Oct 15 2023 01: +0,450.104,2,★ Paracord Knife | Slaughter (Factory New)
Oct 18 2023 01: +0,469.012,2,★ Paracord Knife | Slaughter (Factory New)
Oct 19 2023 01: +0,463.425,2,★ Paracord Knife | Slaughter (Factory New)
Oct 20 2023 01: +0,431.689,3,★ Paracord Knife | Slaughter (Factory New)
Oct 21 2023 01: +0,410.749,1,★ Paracord Knife | Slaughter (Factory New)
Oct 22 2023 01: +0,458.763,4,★ Paracord Knife | Slaughter (Factory New)
Oct 23 2023 01: +0,440.884,2,★ Paracord Knife | Slaughter (Factory New)
Oct 25 2023 01: +0,428.658,1,★ Paracord Knife | Slaughter (Factory New)
Oct 26 2023 01: +0,437.568,1,★ Paracord Knife | Slaughter (Factory New)
Oct 27 2023 01: +0,349.815,3,★ Paracord Knife | Slaughter (Factory New)
Oct 28 2023 01: +0,386.274,1,★ Paracord Knife | Slaughter (Factory New)
Oct 29 2023 01: +0,410.653,2,★ Paracord Knife | Slaughter (Factory New)
Oct 30 2023 01: +0,435.147,2,★ Paracord Knife | Slaughter (Factory New)
Oct 31 2023 01: +0,449.12,1,★ Paracord Knife | Slaughter (Factory New)
Nov 01 2023 01: +0,364.484,1,★ Paracord Knife | Slaughter (Factory New)
Nov 02 2023 01: +0,431.58,1,★ Paracord Knife | Slaughter (Factory New)
Nov 04 2023 01: +0,390.575,1,★ Paracord Knife | Slaughter (Factory New)
Nov 05 2023 01: +0,433.616,1,★ Paracord Knife | Slaughter (Factory New)
Nov 08 2023 01: +0,381.879,3,★ Paracord Knife | Slaughter (Factory New)
Nov 11 2023 01: +0,370.554,2,★ Paracord Knife | Slaughter (Factory New)
Nov 12 2023 01: +0,365.111,1,★ Paracord Knife | Slaughter (Factory New)
Nov 13 2023 01: +0,362.928,2,★ Paracord Knife | Slaughter (Factory New)
Nov 15 2023 01: +0,388.751,1,★ Paracord Knife | Slaughter (Factory New)
Nov 16 2023 01: +0,339.929,1,★ Paracord Knife | Slaughter (Factory New)
Nov 17 2023 01: +0,379.671,4,★ Paracord Knife | Slaughter (Factory New)
Nov 18 2023 01: +0,382.086,1,★ Paracord Knife | Slaughter (Factory New)
Nov 19 2023 01: +0,363.448,2,★ Paracord Knife | Slaughter (Factory New)
Nov 20 2023 01: +0,313.667,1,★ Paracord Knife | Slaughter (Factory New)
Nov 21 2023 01: +0,382.086,1,★ Paracord Knife | Slaughter (Factory New)
Nov 22 2023 01: +0,419.374,3,★ Paracord Knife | Slaughter (Factory New)
Nov 23 2023 01: +0,327.795,1,★ Paracord Knife | Slaughter (Factory New)
Nov 24 2023 01: +0,370.264,1,★ Paracord Knife | Slaughter (Factory New)
Nov 30 2023 01: +0,315.244,1,★ Paracord Knife | Slaughter (Factory New)
Dec 01 2023 01: +0,340.073,1,★ Paracord Knife | Slaughter (Factory New)
Dec 02 2023 01: +0,335.218,5,★ Paracord Knife | Slaughter (Factory New)
Dec 03 2023 01: +0,325.247,6,★ Paracord Knife | Slaughter (Factory New)
Dec 04 2023 01: +0,324.348,1,★ Paracord Knife | Slaughter (Factory New)
Dec 05 2023 01: +0,340.021,2,★ Paracord Knife | Slaughter (Factory New)
Dec 06 2023 01: +0,345.74,3,★ Paracord Knife | Slaughter (Factory New)
Dec 08 2023 01: +0,356.616,1,★ Paracord Knife | Slaughter (Factory New)
Dec 10 2023 01: +0,342.742,3,★ Paracord Knife | Slaughter (Factory New)
Dec 12 2023 01: +0,353.126,3,★ Paracord Knife | Slaughter (Factory New)
Dec 13 2023 01: +0,368.224,2,★ Paracord Knife | Slaughter (Factory New)
Dec 14 2023 01: +0,374.348,4,★ Paracord Knife | Slaughter (Factory New)
Dec 18 2023 01: +0,371.798,1,★ Paracord Knife | Slaughter (Factory New)
Dec 20 2023 01: +0,339.581,1,★ Paracord Knife | Slaughter (Factory New)
Dec 22 2023 01: +0,337.536,2,★ Paracord Knife | Slaughter (Factory New)
Dec 23 2023 01: +0,350.766,2,★ Paracord Knife | Slaughter (Factory New)
Dec 24 2023 01: +0,346.437,2,★ Paracord Knife | Slaughter (Factory New)
Dec 25 2023 01: +0,316.07,1,★ Paracord Knife | Slaughter (Factory New)
Dec 26 2023 01: +0,341.761,1,★ Paracord Knife | Slaughter (Factory New)
Dec 27 2023 01: +0,321.402,1,★ Paracord Knife | Slaughter (Factory New)
Dec 29 2023 01: +0,333.912,3,★ Paracord Knife | Slaughter (Factory New)
Dec 30 2023 01: +0,356.045,1,★ Paracord Knife | Slaughter (Factory New)
Jan 01 2024 01: +0,341.312,1,★ Paracord Knife | Slaughter (Factory New)
Jan 02 2024 01: +0,337.655,2,★ Paracord Knife | Slaughter (Factory New)
Jan 04 2024 01: +0,341.754,1,★ Paracord Knife | Slaughter (Factory New)
Jan 05 2024 01: +0,330.279,2,★ Paracord Knife | Slaughter (Factory New)
Jan 07 2024 01: +0,270.228,1,★ Paracord Knife | Slaughter (Factory New)
Jan 08 2024 01: +0,367.082,1,★ Paracord Knife | Slaughter (Factory New)
Jan 10 2024 01: +0,341.823,1,★ Paracord Knife | Slaughter (Factory New)
Jan 13 2024 01: +0,326.208,1,★ Paracord Knife | Slaughter (Factory New)
Jan 17 2024 01: +0,318.413,1,★ Paracord Knife | Slaughter (Factory New)
Jan 18 2024 01: +0,339.873,3,★ Paracord Knife | Slaughter (Factory New)
Jan 19 2024 01: +0,340.757,2,★ Paracord Knife | Slaughter (Factory New)
Jan 20 2024 01: +0,327.889,1,★ Paracord Knife | Slaughter (Factory New)
Jan 21 2024 01: +0,314.17,1,★ Paracord Knife | Slaughter (Factory New)
Jan 22 2024 01: +0,331.298,3,★ Paracord Knife | Slaughter (Factory New)
Jan 23 2024 01: +0,325.964,2,★ Paracord Knife | Slaughter (Factory New)
Jan 24 2024 01: +0,33.573,1,★ Paracord Knife | Slaughter (Factory New)
Jan 25 2024 01: +0,311.175,2,★ Paracord Knife | Slaughter (Factory New)
Jan 26 2024 01: +0,307.706,3,★ Paracord Knife | Slaughter (Factory New)
Jan 27 2024 01: +0,348.986,1,★ Paracord Knife | Slaughter (Factory New)
Jan 28 2024 01: +0,336.245,1,★ Paracord Knife | Slaughter (Factory New)
Jan 30 2024 01: +0,335.041,1,★ Paracord Knife | Slaughter (Factory New)
Jan 31 2024 01: +0,302.312,3,★ Paracord Knife | Slaughter (Factory New)
Feb 01 2024 01: +0,331.918,2,★ Paracord Knife | Slaughter (Factory New)
Feb 04 2024 01: +0,297.976,1,★ Paracord Knife | Slaughter (Factory New)
Feb 05 2024 01: +0,295.93,2,★ Paracord Knife | Slaughter (Factory New)
Feb 06 2024 01: +0,300.812,1,★ Paracord Knife | Slaughter (Factory New)
Feb 07 2024 01: +0,334.559,2,★ Paracord Knife | Slaughter (Factory New)
Feb 08 2024 01: +0,259.215,1,★ Paracord Knife | Slaughter (Factory New)
Feb 09 2024 01: +0,324.49,1,★ Paracord Knife | Slaughter (Factory New)
Feb 10 2024 01: +0,315.796,3,★ Paracord Knife | Slaughter (Factory New)
Feb 11 2024 01: +0,277.649,1,★ Paracord Knife | Slaughter (Factory New)
Feb 12 2024 01: +0,271.802,4,★ Paracord Knife | Slaughter (Factory New)
Feb 13 2024 01: +0,305.032,2,★ Paracord Knife | Slaughter (Factory New)
Feb 14 2024 01: +0,295.545,2,★ Paracord Knife | Slaughter (Factory New)
Feb 15 2024 01: +0,403.941,1,★ Paracord Knife | Slaughter (Factory New)
Feb 16 2024 01: +0,331.082,2,★ Paracord Knife | Slaughter (Factory New)
Feb 17 2024 01: +0,334.342,2,★ Paracord Knife | Slaughter (Factory New)
Feb 18 2024 01: +0,318.154,2,★ Paracord Knife | Slaughter (Factory New)
Feb 19 2024 01: +0,336.896,1,★ Paracord Knife | Slaughter (Factory New)
Feb 20 2024 01: +0,323.533,1,★ Paracord Knife | Slaughter (Factory New)
Feb 22 2024 01: +0,288.237,3,★ Paracord Knife | Slaughter (Factory New)
Feb 24 2024 01: +0,283.168,1,★ Paracord Knife | Slaughter (Factory New)
Feb 26 2024 01: +0,326.125,1,★ Paracord Knife | Slaughter (Factory New)
Feb 27 2024 01: +0,308.395,2,★ Paracord Knife | Slaughter (Factory New)
Feb 28 2024 01: +0,296.327,1,★ Paracord Knife | Slaughter (Factory New)
Feb 29 2024 01: +0,288.687,1,★ Paracord Knife | Slaughter (Factory New)
Mar 01 2024 01: +0,310.976,3,★ Paracord Knife | Slaughter (Factory New)
Mar 02 2024 01: +0,312.037,2,★ Paracord Knife | Slaughter (Factory New)
Mar 03 2024 01: +0,333.942,1,★ Paracord Knife | Slaughter (Factory New)
Mar 05 2024 01: +0,337.479,2,★ Paracord Knife | Slaughter (Factory New)
Mar 09 2024 01: +0,341.115,2,★ Paracord Knife | Slaughter (Factory New)
Mar 12 2024 01: +0,337.399,1,★ Paracord Knife | Slaughter (Factory New)
Mar 13 2024 01: +0,310.975,1,★ Paracord Knife | Slaughter (Factory New)
Mar 16 2024 01: +0,284.802,2,★ Paracord Knife | Slaughter (Factory New)
Mar 17 2024 01: +0,294.563,3,★ Paracord Knife | Slaughter (Factory New)
Mar 19 2024 01: +0,303.729,3,★ Paracord Knife | Slaughter (Factory New)
Mar 20 2024 01: +0,339.549,1,★ Paracord Knife | Slaughter (Factory New)
Mar 21 2024 01: +0,291.311,1,★ Paracord Knife | Slaughter (Factory New)
Mar 26 2024 01: +0,287.397,2,★ Paracord Knife | Slaughter (Factory New)
Mar 27 2024 01: +0,325.682,2,★ Paracord Knife | Slaughter (Factory New)
Mar 28 2024 01: +0,340.809,1,★ Paracord Knife | Slaughter (Factory New)
Mar 29 2024 01: +0,341.962,1,★ Paracord Knife | Slaughter (Factory New)
Mar 30 2024 01: +0,303.254,3,★ Paracord Knife | Slaughter (Factory New)
Mar 31 2024 01: +0,329.935,1,★ Paracord Knife | Slaughter (Factory New)
Apr 01 2024 01: +0,351.234,2,★ Paracord Knife | Slaughter (Factory New)
Apr 02 2024 01: +0,356.398,1,★ Paracord Knife | Slaughter (Factory New)
Apr 03 2024 01: +0,361.283,1,★ Paracord Knife | Slaughter (Factory New)
Apr 04 2024 01: +0,348.382,3,★ Paracord Knife | Slaughter (Factory New)
Apr 05 2024 01: +0,338.212,2,★ Paracord Knife | Slaughter (Factory New)
Apr 06 2024 01: +0,309.396,2,★ Paracord Knife | Slaughter (Factory New)
Apr 08 2024 01: +0,366.107,1,★ Paracord Knife | Slaughter (Factory New)
Apr 09 2024 01: +0,322.655,1,★ Paracord Knife | Slaughter (Factory New)
Apr 10 2024 01: +0,307.587,1,★ Paracord Knife | Slaughter (Factory New)
Apr 11 2024 01: +0,351.278,2,★ Paracord Knife | Slaughter (Factory New)
Apr 12 2024 01: +0,341.978,1,★ Paracord Knife | Slaughter (Factory New)
Apr 13 2024 01: +0,349.15,1,★ Paracord Knife | Slaughter (Factory New)
Apr 14 2024 01: +0,309.395,2,★ Paracord Knife | Slaughter (Factory New)
Apr 15 2024 01: +0,346.999,3,★ Paracord Knife | Slaughter (Factory New)
Apr 17 2024 01: +0,343.257,1,★ Paracord Knife | Slaughter (Factory New)
Apr 18 2024 01: +0,357.855,1,★ Paracord Knife | Slaughter (Factory New)
Apr 20 2024 01: +0,325.843,1,★ Paracord Knife | Slaughter (Factory New)
Apr 21 2024 01: +0,341.167,2,★ Paracord Knife | Slaughter (Factory New)
Apr 23 2024 01: +0,306.172,1,★ Paracord Knife | Slaughter (Factory New)
Apr 26 2024 01: +0,298.252,2,★ Paracord Knife | Slaughter (Factory New)
Apr 27 2024 01: +0,317.522,3,★ Paracord Knife | Slaughter (Factory New)
Apr 28 2024 01: +0,321.458,2,★ Paracord Knife | Slaughter (Factory New)
Apr 29 2024 01: +0,318.359,1,★ Paracord Knife | Slaughter (Factory New)
Apr 30 2024 01: +0,310.769,2,★ Paracord Knife | Slaughter (Factory New)
May 02 2024 01: +0,353.457,1,★ Paracord Knife | Slaughter (Factory New)
May 03 2024 01: +0,303.97,1,★ Paracord Knife | Slaughter (Factory New)
May 04 2024 01: +0,308.819,2,★ Paracord Knife | Slaughter (Factory New)
May 06 2024 01: +0,340.835,1,★ Paracord Knife | Slaughter (Factory New)
May 09 2024 01: +0,324.849,2,★ Paracord Knife | Slaughter (Factory New)
May 10 2024 01: +0,325.637,2,★ Paracord Knife | Slaughter (Factory New)
May 11 2024 01: +0,336.628,2,★ Paracord Knife | Slaughter (Factory New)
May 14 2024 01: +0,349.642,3,★ Paracord Knife | Slaughter (Factory New)
May 15 2024 01: +0,312.291,1,★ Paracord Knife | Slaughter (Factory New)
May 16 2024 01: +0,327.6,4,★ Paracord Knife | Slaughter (Factory New)
May 17 2024 01: +0,352.368,1,★ Paracord Knife | Slaughter (Factory New)
May 18 2024 01: +0,318.396,1,★ Paracord Knife | Slaughter (Factory New)
May 19 2024 01: +0,350.452,4,★ Paracord Knife | Slaughter (Factory New)
May 23 2024 01: +0,339.259,1,★ Paracord Knife | Slaughter (Factory New)
May 24 2024 01: +0,294.469,1,★ Paracord Knife | Slaughter (Factory New)
May 25 2024 01: +0,324.781,2,★ Paracord Knife | Slaughter (Factory New)
May 26 2024 01: +0,318.403,1,★ Paracord Knife | Slaughter (Factory New)
May 27 2024 01: +0,336.329,3,★ Paracord Knife | Slaughter (Factory New)
May 28 2024 01: +0,318.146,1,★ Paracord Knife | Slaughter (Factory New)
May 29 2024 01: +0,318.405,1,★ Paracord Knife | Slaughter (Factory New)
May 30 2024 01: +0,302.012,2,★ Paracord Knife | Slaughter (Factory New)
May 31 2024 01: +0,324.221,1,★ Paracord Knife | Slaughter (Factory New)
Jun 01 2024 01: +0,309.515,2,★ Paracord Knife | Slaughter (Factory New)
Jun 02 2024 01: +0,315.416,2,★ Paracord Knife | Slaughter (Factory New)
Jun 03 2024 01: +0,314.083,1,★ Paracord Knife | Slaughter (Factory New)
Jun 04 2024 01: +0,339.486,1,★ Paracord Knife | Slaughter (Factory New)
Jun 06 2024 01: +0,347.426,1,★ Paracord Knife | Slaughter (Factory New)
Jun 09 2024 01: +0,333.376,3,★ Paracord Knife | Slaughter (Factory New)
Jun 10 2024 01: +0,346.661,1,★ Paracord Knife | Slaughter (Factory New)
Jun 13 2024 01: +0,316.17,3,★ Paracord Knife | Slaughter (Factory New)
Jun 15 2024 01: +0,329.351,3,★ Paracord Knife | Slaughter (Factory New)
Jun 16 2024 01: +0,298.986,1,★ Paracord Knife | Slaughter (Factory New)
Jun 17 2024 01: +0,253.679,1,★ Paracord Knife | Slaughter (Factory New)
Jun 18 2024 01: +0,297.156,2,★ Paracord Knife | Slaughter (Factory New)
Jun 19 2024 01: +0,301.427,1,★ Paracord Knife | Slaughter (Factory New)
Jun 20 2024 01: +0,306.416,1,★ Paracord Knife | Slaughter (Factory New)
Jun 22 2024 01: +0,275.893,2,★ Paracord Knife | Slaughter (Factory New)
Jun 26 2024 01: +0,322.02,1,★ Paracord Knife | Slaughter (Factory New)
Jun 27 2024 01: +0,279.924,3,★ Paracord Knife | Slaughter (Factory New)
Jun 28 2024 01: +0,305.432,2,★ Paracord Knife | Slaughter (Factory New)
Jun 29 2024 01: +0,280.787,2,★ Paracord Knife | Slaughter (Factory New)
Jul 01 2024 01: +0,315.135,2,★ Paracord Knife | Slaughter (Factory New)
Jul 02 2024 01: +0,313.638,2,★ Paracord Knife | Slaughter (Factory New)
Jul 03 2024 01: +0,292.732,1,★ Paracord Knife | Slaughter (Factory New)
Jul 04 2024 01: +0,303.246,4,★ Paracord Knife | Slaughter (Factory New)
Jul 05 2024 01: +0,302.806,2,★ Paracord Knife | Slaughter (Factory New)
Jul 06 2024 01: +0,324.348,1,★ Paracord Knife | Slaughter (Factory New)
Jul 07 2024 01: +0,302.076,4,★ Paracord Knife | Slaughter (Factory New)
Jul 08 2024 01: +0,312.453,1,★ Paracord Knife | Slaughter (Factory New)
Jul 11 2024 01: +0,328.789,1,★ Paracord Knife | Slaughter (Factory New)
Jul 12 2024 01: +0,282.7,1,★ Paracord Knife | Slaughter (Factory New)
Jul 17 2024 01: +0,268.598,1,★ Paracord Knife | Slaughter (Factory New)
Jul 18 2024 01: +0,275.319,2,★ Paracord Knife | Slaughter (Factory New)
Jul 19 2024 01: +0,331.311,1,★ Paracord Knife | Slaughter (Factory New)
Jul 21 2024 01: +0,278.56,3,★ Paracord Knife | Slaughter (Factory New)
Jul 22 2024 01: +0,312.02,1,★ Paracord Knife | Slaughter (Factory New)
Jul 23 2024 01: +0,276.138,1,★ Paracord Knife | Slaughter (Factory New)
Jul 24 2024 01: +0,285.248,4,★ Paracord Knife | Slaughter (Factory New)
Jul 25 2024 01: +0,280.2,2,★ Paracord Knife | Slaughter (Factory New)
Jul 26 2024 01: +0,332.033,2,★ Paracord Knife | Slaughter (Factory New)
Jul 29 2024 01: +0,289.317,1,★ Paracord Knife | Slaughter (Factory New)
Jul 30 2024 01: +0,304.366,3,★ Paracord Knife | Slaughter (Factory New)
Aug 01 2024 01: +0,307.902,2,★ Paracord Knife | Slaughter (Factory New)
Aug 02 2024 01: +0,31.739,1,★ Paracord Knife | Slaughter (Factory New)
Aug 03 2024 01: +0,307.632,2,★ Paracord Knife | Slaughter (Factory New)
Aug 05 2024 01: +0,284.191,2,★ Paracord Knife | Slaughter (Factory New)
Aug 06 2024 01: +0,330.258,1,★ Paracord Knife | Slaughter (Factory New)
Aug 08 2024 01: +0,331.228,3,★ Paracord Knife | Slaughter (Factory New)
Aug 09 2024 01: +0,335.985,2,★ Paracord Knife | Slaughter (Factory New)
Aug 10 2024 01: +0,289.952,2,★ Paracord Knife | Slaughter (Factory New)
Aug 12 2024 01: +0,302.801,2,★ Paracord Knife | Slaughter (Factory New)
Aug 13 2024 01: +0,275.949,1,★ Paracord Knife | Slaughter (Factory New)
Aug 15 2024 01: +0,294.293,5,★ Paracord Knife | Slaughter (Factory New)
Aug 16 2024 01: +0,306.682,1,★ Paracord Knife | Slaughter (Factory New)
Aug 18 2024 01: +0,311.465,3,★ Paracord Knife | Slaughter (Factory New)
Aug 19 2024 01: +0,322.65,1,★ Paracord Knife | Slaughter (Factory New)
Aug 22 2024 01: +0,291.606,3,★ Paracord Knife | Slaughter (Factory New)
Aug 23 2024 01: +0,306.836,4,★ Paracord Knife | Slaughter (Factory New)
Aug 24 2024 01: +0,321.188,2,★ Paracord Knife | Slaughter (Factory New)
Aug 26 2024 01: +0,264.46,1,★ Paracord Knife | Slaughter (Factory New)
Aug 27 2024 01: +0,314.241,1,★ Paracord Knife | Slaughter (Factory New)
Aug 28 2024 01: +0,308.81,1,★ Paracord Knife | Slaughter (Factory New)
Aug 30 2024 01: +0,303.317,2,★ Paracord Knife | Slaughter (Factory New)
Aug 31 2024 01: +0,316.987,1,★ Paracord Knife | Slaughter (Factory New)
Sep 01 2024 01: +0,317.107,1,★ Paracord Knife | Slaughter (Factory New)
Sep 02 2024 01: +0,316.019,1,★ Paracord Knife | Slaughter (Factory New)
Sep 05 2024 01: +0,315.221,1,★ Paracord Knife | Slaughter (Factory New)
Sep 06 2024 01: +0,274.83,1,★ Paracord Knife | Slaughter (Factory New)
Sep 07 2024 01: +0,271.476,1,★ Paracord Knife | Slaughter (Factory New)
Sep 08 2024 01: +0,298.03,3,★ Paracord Knife | Slaughter (Factory New)
Sep 09 2024 01: +0,277.938,1,★ Paracord Knife | Slaughter (Factory New)
Sep 10 2024 01: +0,291.973,1,★ Paracord Knife | Slaughter (Factory New)
Sep 11 2024 01: +0,297.681,5,★ Paracord Knife | Slaughter (Factory New)
Sep 12 2024 01: +0,294.116,2,★ Paracord Knife | Slaughter (Factory New)
Sep 13 2024 01: +0,318.371,3,★ Paracord Knife | Slaughter (Factory New)
Sep 14 2024 01: +0,286.174,2,★ Paracord Knife | Slaughter (Factory New)
Sep 16 2024 01: +0,305.677,1,★ Paracord Knife | Slaughter (Factory New)
Sep 17 2024 01: +0,292.882,3,★ Paracord Knife | Slaughter (Factory New)
Sep 18 2024 01: +0,308.105,1,★ Paracord Knife | Slaughter (Factory New)
Sep 19 2024 01: +0,298.272,3,★ Paracord Knife | Slaughter (Factory New)
Sep 20 2024 01: +0,284.314,1,★ Paracord Knife | Slaughter (Factory New)
Sep 21 2024 01: +0,299.811,2,★ Paracord Knife | Slaughter (Factory New)
Sep 22 2024 01: +0,341.754,1,★ Paracord Knife | Slaughter (Factory New)
Sep 23 2024 01: +0,313.097,1,★ Paracord Knife | Slaughter (Factory New)
Sep 24 2024 01: +0,312.302,2,★ Paracord Knife | Slaughter (Factory New)
Sep 25 2024 01: +0,316.18,1,★ Paracord Knife | Slaughter (Factory New)
Sep 26 2024 01: +0,288.111,2,★ Paracord Knife | Slaughter (Factory New)
Sep 27 2024 01: +0,310.012,2,★ Paracord Knife | Slaughter (Factory New)
Sep 28 2024 01: +0,338.749,1,★ Paracord Knife | Slaughter (Factory New)
Sep 29 2024 01: +0,343.214,1,★ Paracord Knife | Slaughter (Factory New)
Sep 30 2024 01: +0,314.17,1,★ Paracord Knife | Slaughter (Factory New)
Oct 01 2024 01: +0,320.314,4,★ Paracord Knife | Slaughter (Factory New)
Oct 02 2024 01: +0,329.144,1,★ Paracord Knife | Slaughter (Factory New)
Oct 03 2024 01: +0,254.724,1,★ Paracord Knife | Slaughter (Factory New)
Oct 04 2024 01: +0,274.524,1,★ Paracord Knife | Slaughter (Factory New)
Oct 06 2024 01: +0,283.592,1,★ Paracord Knife | Slaughter (Factory New)
Oct 07 2024 01: +0,277.038,1,★ Paracord Knife | Slaughter (Factory New)
Oct 08 2024 01: +0,305.362,2,★ Paracord Knife | Slaughter (Factory New)
Oct 11 2024 01: +0,288.564,2,★ Paracord Knife | Slaughter (Factory New)
Oct 12 2024 01: +0,297.286,3,★ Paracord Knife | Slaughter (Factory New)
Oct 13 2024 01: +0,300.37,3,★ Paracord Knife | Slaughter (Factory New)
Oct 14 2024 01: +0,332.839,1,★ Paracord Knife | Slaughter (Factory New)
Oct 15 2024 01: +0,307.815,1,★ Paracord Knife | Slaughter (Factory New)
Oct 17 2024 01: +0,308.215,1,★ Paracord Knife | Slaughter (Factory New)
Oct 18 2024 01: +0,295.138,2,★ Paracord Knife | Slaughter (Factory New)
Oct 19 2024 01: +0,289.021,2,★ Paracord Knife | Slaughter (Factory New)
Oct 20 2024 01: +0,313.197,1,★ Paracord Knife | Slaughter (Factory New)
Oct 21 2024 01: +0,313.618,3,★ Paracord Knife | Slaughter (Factory New)
Oct 22 2024 01: +0,303.968,2,★ Paracord Knife | Slaughter (Factory New)
Oct 23 2024 01: +0,305.668,1,★ Paracord Knife | Slaughter (Factory New)
Oct 25 2024 01: +0,297.957,3,★ Paracord Knife | Slaughter (Factory New)
Oct 26 2024 01: +0,321.699,1,★ Paracord Knife | Slaughter (Factory New)
Oct 27 2024 01: +0,270.432,2,★ Paracord Knife | Slaughter (Factory New)
Oct 28 2024 01: +0,297.189,1,★ Paracord Knife | Slaughter (Factory New)
Oct 29 2024 01: +0,294.663,1,★ Paracord Knife | Slaughter (Factory New)
Oct 31 2024 01: +0,296.113,5,★ Paracord Knife | Slaughter (Factory New)
Nov 01 2024 01: +0,293.934,3,★ Paracord Knife | Slaughter (Factory New)
Nov 02 2024 01: +0,314.159,1,★ Paracord Knife | Slaughter (Factory New)
Nov 03 2024 01: +0,340.895,1,★ Paracord Knife | Slaughter (Factory New)
Nov 07 2024 01: +0,327.968,1,★ Paracord Knife | Slaughter (Factory New)
Nov 10 2024 01: +0,311.536,1,★ Paracord Knife | Slaughter (Factory New)
Nov 13 2024 01: +0,314.505,2,★ Paracord Knife | Slaughter (Factory New)
Nov 15 2024 01: +0,310.387,3,★ Paracord Knife | Slaughter (Factory New)
Nov 16 2024 01: +0,338.827,1,★ Paracord Knife | Slaughter (Factory New)
Nov 18 2024 01: +0,289.494,1,★ Paracord Knife | Slaughter (Factory New)
Nov 19 2024 01: +0,331.146,1,★ Paracord Knife | Slaughter (Factory New)
Nov 22 2024 01: +0,329.936,3,★ Paracord Knife | Slaughter (Factory New)
Nov 23 2024 01: +0,334.665,1,★ Paracord Knife | Slaughter (Factory New)
Nov 26 2024 01: +0,321.393,1,★ Paracord Knife | Slaughter (Factory New)
Nov 27 2024 01: +0,316.311,1,★ Paracord Knife | Slaughter (Factory New)
Nov 29 2024 01: +0,333.283,1,★ Paracord Knife | Slaughter (Factory New)
Nov 30 2024 01: +0,292.932,1,★ Paracord Knife | Slaughter (Factory New)
Dec 01 2024 01: +0,327.108,1,★ Paracord Knife | Slaughter (Factory New)
Dec 03 2024 01: +0,292.932,1,★ Paracord Knife | Slaughter (Factory New)
Dec 04 2024 01: +0,331.486,1,★ Paracord Knife | Slaughter (Factory New)
Dec 05 2024 01: +0,335.699,1,★ Paracord Knife | Slaughter (Factory New)
Dec 06 2024 01: +0,290.602,2,★ Paracord Knife | Slaughter (Factory New)
Dec 07 2024 01: +0,326.902,1,★ Paracord Knife | Slaughter (Factory New)
Dec 08 2024 01: +0,323.779,2,★ Paracord Knife | Slaughter (Factory New)
Dec 09 2024 01: +0,330.261,1,★ Paracord Knife | Slaughter (Factory New)
Dec 11 2024 01: +0,300.089,2,★ Paracord Knife | Slaughter (Factory New)
Dec 12 2024 01: +0,296.237,2,★ Paracord Knife | Slaughter (Factory New)
Dec 13 2024 01: +0,297.963,2,★ Paracord Knife | Slaughter (Factory New)
Dec 14 2024 01: +0,333.9,1,★ Paracord Knife | Slaughter (Factory New)
Dec 16 2024 01: +0,312.461,1,★ Paracord Knife | Slaughter (Factory New)
Dec 19 2024 01: +0,281.319,1,★ Paracord Knife | Slaughter (Factory New)
Dec 20 2024 01: +0,322.65,1,★ Paracord Knife | Slaughter (Factory New)
Dec 21 2024 01: +0,294.308,2,★ Paracord Knife | Slaughter (Factory New)
Dec 22 2024 01: +0,313.522,2,★ Paracord Knife | Slaughter (Factory New)
Dec 23 2024 01: +0,307.951,1,★ Paracord Knife | Slaughter (Factory New)
Dec 24 2024 01: +0,309.005,1,★ Paracord Knife | Slaughter (Factory New)
Dec 25 2024 01: +0,286.157,2,★ Paracord Knife | Slaughter (Factory New)
Dec 26 2024 01: +0,325.857,1,★ Paracord Knife | Slaughter (Factory New)
Dec 28 2024 01: +0,326.473,1,★ Paracord Knife | Slaughter (Factory New)
Dec 30 2024 01: +0,280.774,1,★ Paracord Knife | Slaughter (Factory New)
Dec 31 2024 01: +0,282.455,1,★ Paracord Knife | Slaughter (Factory New)
Jan 01 2025 01: +0,325.377,1,★ Paracord Knife | Slaughter (Factory New)
Jan 03 2025 01: +0,315.755,2,★ Paracord Knife | Slaughter (Factory New)
Jan 06 2025 01: +0,304.796,3,★ Paracord Knife | Slaughter (Factory New)
Jan 08 2025 01: +0,317.678,1,★ Paracord Knife | Slaughter (Factory New)
Jan 09 2025 01: +0,325.598,1,★ Paracord Knife | Slaughter (Factory New)
Jan 10 2025 01: +0,306.925,1,★ Paracord Knife | Slaughter (Factory New)
Jan 11 2025 01: +0,323.905,1,★ Paracord Knife | Slaughter (Factory New)
Jan 12 2025 01: +0,279.482,1,★ Paracord Knife | Slaughter (Factory New)
Jan 13 2025 01: +0,323.915,1,★ Paracord Knife | Slaughter (Factory New)
Jan 14 2025 01: +0,317.85,2,★ Paracord Knife | Slaughter (Factory New)
Jan 16 2025 01: +0,279.064,2,★ Paracord Knife | Slaughter (Factory New)
Jan 17 2025 01: +0,303.318,2,★ Paracord Knife | Slaughter (Factory New)
Jan 19 2025 01: +0,297.19,1,★ Paracord Knife | Slaughter (Factory New)
Jan 21 2025 01: +0,323.277,2,★ Paracord Knife | Slaughter (Factory New)
Jan 22 2025 01: +0,302.391,2,★ Paracord Knife | Slaughter (Factory New)
Jan 23 2025 01: +0,305.235,1,★ Paracord Knife | Slaughter (Factory New)
Jan 24 2025 01: +0,322.845,1,★ Paracord Knife | Slaughter (Factory New)
Jan 25 2025 01: +0,276.8,1,★ Paracord Knife | Slaughter (Factory New)
Jan 26 2025 01: +0,307.043,3,★ Paracord Knife | Slaughter (Factory New)
Jan 28 2025 01: +0,282.66,1,★ Paracord Knife | Slaughter (Factory New)
Jan 29 2025 01: +0,329.247,1,★ Paracord Knife | Slaughter (Factory New)
Jan 30 2025 01: +0,328.78,1,★ Paracord Knife | Slaughter (Factory New)
Jan 31 2025 01: +0,314.465,3,★ Paracord Knife | Slaughter (Factory New)
Feb 01 2025 01: +0,301.248,3,★ Paracord Knife | Slaughter (Factory New)
Feb 03 2025 01: +0,327.246,2,★ Paracord Knife | Slaughter (Factory New)
Feb 05 2025 01: +0,340.71,1,★ Paracord Knife | Slaughter (Factory New)
Feb 06 2025 01: +0,280.241,3,★ Paracord Knife | Slaughter (Factory New)
Feb 07 2025 01: +0,280.196,1,★ Paracord Knife | Slaughter (Factory New)
Feb 08 2025 01: +0,312.523,3,★ Paracord Knife | Slaughter (Factory New)
Feb 10 2025 01: +0,315.153,3,★ Paracord Knife | Slaughter (Factory New)
Feb 11 2025 01: +0,314.706,3,★ Paracord Knife | Slaughter (Factory New)
Feb 12 2025 01: +0,325.564,3,★ Paracord Knife | Slaughter (Factory New)
Feb 13 2025 01: +0,360.468,1,★ Paracord Knife | Slaughter (Factory New)
Feb 15 2025 01: +0,327.641,1,★ Paracord Knife | Slaughter (Factory New)
Feb 16 2025 01: +0,298.321,1,★ Paracord Knife | Slaughter (Factory New)
Feb 17 2025 01: +0,327.938,1,★ Paracord Knife | Slaughter (Factory New)
Feb 19 2025 01: +0,313.522,2,★ Paracord Knife | Slaughter (Factory New)
Feb 20 2025 01: +0,297.178,1,★ Paracord Knife | Slaughter (Factory New)
Feb 21 2025 01: +0,274.359,2,★ Paracord Knife | Slaughter (Factory New)
Feb 22 2025 01: +0,307.568,2,★ Paracord Knife | Slaughter (Factory New)
Feb 23 2025 01: +0,318.144,3,★ Paracord Knife | Slaughter (Factory New)
Feb 24 2025 01: +0,311.797,2,★ Paracord Knife | Slaughter (Factory New)
Feb 25 2025 01: +0,339.634,1,★ Paracord Knife | Slaughter (Factory New)
Feb 26 2025 01: +0,363.491,1,★ Paracord Knife | Slaughter (Factory New)
Feb 27 2025 01: +0,356.104,1,★ Paracord Knife | Slaughter (Factory New)
Mar 01 2025 01: +0,305.314,2,★ Paracord Knife | Slaughter (Factory New)
Mar 03 2025 01: +0,287.834,1,★ Paracord Knife | Slaughter (Factory New)
Mar 04 2025 01: +0,335.402,1,★ Paracord Knife | Slaughter (Factory New)
Mar 05 2025 01: +0,327.112,4,★ Paracord Knife | Slaughter (Factory New)
Mar 07 2025 01: +0,337.11,2,★ Paracord Knife | Slaughter (Factory New)
Mar 08 2025 01: +0,340.921,2,★ Paracord Knife | Slaughter (Factory New)
Mar 10 2025 01: +0,363.0,2,★ Paracord Knife | Slaughter (Factory New)
Mar 12 2025 01: +0,352.293,1,★ Paracord Knife | Slaughter (Factory New)
Mar 14 2025 01: +0,308.47,2,★ Paracord Knife | Slaughter (Factory New)
Mar 15 2025 01: +0,314.17,1,★ Paracord Knife | Slaughter (Factory New)
Mar 16 2025 01: +0,326.908,2,★ Paracord Knife | Slaughter (Factory New)
Mar 17 2025 01: +0,324.789,2,★ Paracord Knife | Slaughter (Factory New)
Mar 19 2025 01: +0,328.619,1,★ Paracord Knife | Slaughter (Factory New)
Mar 20 2025 01: +0,360.05,2,★ Paracord Knife | Slaughter (Factory New)
Mar 21 2025 01: +0,359.37,1,★ Paracord Knife | Slaughter (Factory New)
Mar 23 2025 01: +0,356.969,2,★ Paracord Knife | Slaughter (Factory New)
Mar 25 2025 01: +0,325.747,2,★ Paracord Knife | Slaughter (Factory New)
Mar 26 2025 01: +0,349.132,1,★ Paracord Knife | Slaughter (Factory New)
Mar 28 2025 01: +0,334.867,1,★ Paracord Knife | Slaughter (Factory New)
Mar 29 2025 01: +0,327.632,2,★ Paracord Knife | Slaughter (Factory New)
Mar 30 2025 01: +0,327.426,2,★ Paracord Knife | Slaughter (Factory New)
Mar 31 2025 01: +0,365.872,2,★ Paracord Knife | Slaughter (Factory New)
Apr 01 2025 01: +0,360.185,2,★ Paracord Knife | Slaughter (Factory New)
Apr 02 2025 01: +0,331.053,3,★ Paracord Knife | Slaughter (Factory New)
Apr 03 2025 01: +0,337.95,1,★ Paracord Knife | Slaughter (Factory New)
Apr 04 2025 01: +0,319.798,2,★ Paracord Knife | Slaughter (Factory New)
Apr 05 2025 01: +0,301.423,1,★ Paracord Knife | Slaughter (Factory New)
Apr 06 2025 01: +0,302.17,1,★ Paracord Knife | Slaughter (Factory New)
Apr 07 2025 01: +0,324.166,3,★ Paracord Knife | Slaughter (Factory New)
Apr 08 2025 01: +0,342.498,1,★ Paracord Knife | Slaughter (Factory New)
Apr 10 2025 01: +0,343.876,2,★ Paracord Knife | Slaughter (Factory New)
Apr 12 2025 01: +0,353.107,1,★ Paracord Knife | Slaughter (Factory New)
Apr 14 2025 01: +0,341.461,2,★ Paracord Knife | Slaughter (Factory New)
Apr 15 2025 01: +0,355.626,2,★ Paracord Knife | Slaughter (Factory New)
Apr 16 2025 01: +0,324.817,1,★ Paracord Knife | Slaughter (Factory New)
Apr 17 2025 01: +0,343.941,1,★ Paracord Knife | Slaughter (Factory New)
Apr 18 2025 01: +0,368.85,1,★ Paracord Knife | Slaughter (Factory New)
Apr 19 2025 01: +0,349.907,2,★ Paracord Knife | Slaughter (Factory New)
Apr 23 2025 01: +0,312.588,1,★ Paracord Knife | Slaughter (Factory New)
Apr 25 2025 01: +0,310.284,2,★ Paracord Knife | Slaughter (Factory New)
Apr 26 2025 01: +0,304.336,3,★ Paracord Knife | Slaughter (Factory New)
Apr 28 2025 01: +0,287.261,3,★ Paracord Knife | Slaughter (Factory New)
May 01 2025 01: +0,304.233,3,★ Paracord Knife | Slaughter (Factory New)
May 02 2025 01: +0,311.82,1,★ Paracord Knife | Slaughter (Factory New)
May 03 2025 01: +0,336.183,3,★ Paracord Knife | Slaughter (Factory New)
May 04 2025 01: +0,341.202,3,★ Paracord Knife | Slaughter (Factory New)
May 06 2025 01: +0,307.579,1,★ Paracord Knife | Slaughter (Factory New)
May 07 2025 01: +0,357.793,1,★ Paracord Knife | Slaughter (Factory New)
May 08 2025 01: +0,367.655,1,★ Paracord Knife | Slaughter (Factory New)
May 09 2025 01: +0,373.775,1,★ Paracord Knife | Slaughter (Factory New)
May 11 2025 01: +0,363.262,1,★ Paracord Knife | Slaughter (Factory New)
May 13 2025 01: +0,361.197,2,★ Paracord Knife | Slaughter (Factory New)
May 14 2025 01: +0,311.626,1,★ Paracord Knife | Slaughter (Factory New)
May 15 2025 01: +0,333.433,1,★ Paracord Knife | Slaughter (Factory New)
May 17 2025 01: +0,371.166,1,★ Paracord Knife | Slaughter (Factory New)
May 21 2025 01: +0,370.55,1,★ Paracord Knife | Slaughter (Factory New)
May 22 2025 01: +0,359.976,1,★ Paracord Knife | Slaughter (Factory New)
May 23 2025 01: +0,352.968,1,★ Paracord Knife | Slaughter (Factory New)
May 25 2025 01: +0,321.15,4,★ Paracord Knife | Slaughter (Factory New)
May 27 2025 01: +0,328.32,1,★ Paracord Knife | Slaughter (Factory New)
May 28 2025 01: +0,300.501,2,★ Paracord Knife | Slaughter (Factory New)
May 31 2025 01: +0,337.295,4,★ Paracord Knife | Slaughter (Factory New)
Jun 01 2025 01: +0,320.431,3,★ Paracord Knife | Slaughter (Factory New)
Jun 02 2025 01: +0,300.812,2,★ Paracord Knife | Slaughter (Factory New)
Jun 03 2025 01: +0,303.045,1,★ Paracord Knife | Slaughter (Factory New)
Jun 05 2025 01: +0,341.194,1,★ Paracord Knife | Slaughter (Factory New)
Jun 06 2025 01: +0,342.182,3,★ Paracord Knife | Slaughter (Factory New)
Jun 07 2025 01: +0,344.043,1,★ Paracord Knife | Slaughter (Factory New)
Jun 09 2025 01: +0,320.346,2,★ Paracord Knife | Slaughter (Factory New)
Jun 10 2025 01: +0,342.184,1,★ Paracord Knife | Slaughter (Factory New)
Jun 13 2025 01: +0,339.636,1,★ Paracord Knife | Slaughter (Factory New)
Jun 14 2025 01: +0,320.303,2,★ Paracord Knife | Slaughter (Factory New)
Jun 15 2025 01: +0,322.361,1,★ Paracord Knife | Slaughter (Factory New)
Jun 16 2025 01: +0,330.292,1,★ Paracord Knife | Slaughter (Factory New)
Jun 17 2025 01: +0,346.926,1,★ Paracord Knife | Slaughter (Factory New)
Jun 18 2025 01: +0,316.349,3,★ Paracord Knife | Slaughter (Factory New)
Jun 22 2025 01: +0,332.419,2,★ Paracord Knife | Slaughter (Factory New)
Jun 23 2025 01: +0,320.702,3,★ Paracord Knife | Slaughter (Factory New)
Jun 24 2025 01: +0,305.486,2,★ Paracord Knife | Slaughter (Factory New)
Jun 25 2025 01: +0,315.535,2,★ Paracord Knife | Slaughter (Factory New)
Jun 26 2025 01: +0,294.647,1,★ Paracord Knife | Slaughter (Factory New)
Jun 28 2025 01: +0,292.932,2,★ Paracord Knife | Slaughter (Factory New)
Jun 29 2025 01: +0,306.354,3,★ Paracord Knife | Slaughter (Factory New)
Jun 30 2025 01: +0,318.578,1,★ Paracord Knife | Slaughter (Factory New)
Jul 01 2025 01: +0,284.238,3,★ Paracord Knife | Slaughter (Factory New)
Jul 02 2025 01: +0,329.506,1,★ Paracord Knife | Slaughter (Factory New)
Jul 04 2025 01: +0,332.072,1,★ Paracord Knife | Slaughter (Factory New)
Jul 05 2025 01: +0,312.168,2,★ Paracord Knife | Slaughter (Factory New)
Jul 10 2025 01: +0,279.916,1,★ Paracord Knife | Slaughter (Factory New)
Jul 13 2025 01: +0,324.667,2,★ Paracord Knife | Slaughter (Factory New)
Jul 14 2025 01: +0,322.65,1,★ Paracord Knife | Slaughter (Factory New)
Jul 15 2025 01: +0,331.217,2,★ Paracord Knife | Slaughter (Factory New)
Jul 16 2025 01: +0,336.69,1,★ Paracord Knife | Slaughter (Factory New)
Jul 17 2025 01: +0,338.68,1,★ Paracord Knife | Slaughter (Factory New)
Jul 18 2025 01: +0,339.317,1,★ Paracord Knife | Slaughter (Factory New)
Jul 19 2025 01: +0,317.662,2,★ Paracord Knife | Slaughter (Factory New)
Jul 20 2025 01: +0,315.137,2,★ Paracord Knife | Slaughter (Factory New)
Jul 21 2025 01: +0,293.781,1,★ Paracord Knife | Slaughter (Factory New)
Jul 22 2025 01: +0,292.932,1,★ Paracord Knife | Slaughter (Factory New)
Jul 23 2025 01: +0,285.333,1,★ Paracord Knife | Slaughter (Factory New)
Jul 24 2025 01: +0,289.765,2,★ Paracord Knife | Slaughter (Factory New)
Jul 26 2025 01: +0,280.2,2,★ Paracord Knife | Slaughter (Factory New)
Jul 27 2025 01: +0,261.675,3,★ Paracord Knife | Slaughter (Factory New)
Jul 28 2025 01: +0,301.896,3,★ Paracord Knife | Slaughter (Factory New)
Jul 29 2025 01: +0,316.265,1,★ Paracord Knife | Slaughter (Factory New)
Jul 30 2025 01: +0,294.63,1,★ Paracord Knife | Slaughter (Factory New)
Jul 31 2025 01: +0,295.011,3,★ Paracord Knife | Slaughter (Factory New)
Aug 01 2025 01: +0,292.16,1,★ Paracord Knife | Slaughter (Factory New)
Aug 02 2025 01: +0,313.964,3,★ Paracord Knife | Slaughter (Factory New)
Aug 03 2025 01: +0,299.034,3,★ Paracord Knife | Slaughter (Factory New)
Aug 04 2025 01: +0,317.029,1,★ Paracord Knife | Slaughter (Factory New)
Aug 05 2025 01: +0,280.175,3,★ Paracord Knife | Slaughter (Factory New)
Aug 06 2025 01: +0,297.713,2,★ Paracord Knife | Slaughter (Factory New)
Aug 07 2025 01: +0,280.046,3,★ Paracord Knife | Slaughter (Factory New)
Aug 08 2025 01: +0,305.668,1,★ Paracord Knife | Slaughter (Factory New)
Aug 09 2025 01: +0,302.136,4,★ Paracord Knife | Slaughter (Factory New)
Aug 10 2025 01: +0,339.624,1,★ Paracord Knife | Slaughter (Factory New)
Aug 11 2025 01: +0,315.573,1,★ Paracord Knife | Slaughter (Factory New)
Aug 12 2025 01: +0,311.805,4,★ Paracord Knife | Slaughter (Factory New)
Aug 13 2025 01: +0,330.51,1,★ Paracord Knife | Slaughter (Factory New)
Aug 14 2025 01: +0,322.655,1,★ Paracord Knife | Slaughter (Factory New)
Aug 15 2025 01: +0,364.618,3,★ Paracord Knife | Slaughter (Factory New)
Aug 16 2025 01: +0,304.59,1,★ Paracord Knife | Slaughter (Factory New)
Aug 17 2025 01: +0,343.894,1,★ Paracord Knife | Slaughter (Factory New)
Aug 19 2025 01: +0,300.362,1,★ Paracord Knife | Slaughter (Factory New)
Aug 20 2025 01: +0,312.538,1,★ Paracord Knife | Slaughter (Factory New)
Aug 21 2025 01: +0,321.275,2,★ Paracord Knife | Slaughter (Factory New)
Aug 22 2025 01: +0,340.141,1,★ Paracord Knife | Slaughter (Factory New)
Aug 23 2025 01: +0,283.321,1,★ Paracord Knife | Slaughter (Factory New)
Aug 24 2025 01: +0,323.181,2,★ Paracord Knife | Slaughter (Factory New)
Aug 26 2025 01: +0,289.948,1,★ Paracord Knife | Slaughter (Factory New)
Aug 27 2025 01: +0,289.975,3,★ Paracord Knife | Slaughter (Factory New)
Aug 28 2025 01: +0,285.876,1,★ Paracord Knife | Slaughter (Factory New)
Aug 29 2025 01: +0,286.063,1,★ Paracord Knife | Slaughter (Factory New)
Aug 31 2025 01: +0,306.601,2,★ Paracord Knife | Slaughter (Factory New)
Sep 01 2025 01: +0,332.95,2,★ Paracord Knife | Slaughter (Factory New)
Sep 02 2025 01: +0,315.01,1,★ Paracord Knife | Slaughter (Factory New)
Sep 03 2025 01: +0,302.725,3,★ Paracord Knife | Slaughter (Factory New)
Sep 04 2025 01: +0,307.194,2,★ Paracord Knife | Slaughter (Factory New)
Sep 05 2025 01: +0,326.171,1,★ Paracord Knife | Slaughter (Factory New)
Sep 06 2025 01: +0,316.001,3,★ Paracord Knife | Slaughter (Factory New)
Sep 07 2025 01: +0,326.174,3,★ Paracord Knife | Slaughter (Factory New)
Sep 08 2025 01: +0,326.172,2,★ Paracord Knife | Slaughter (Factory New)
Sep 09 2025 01: +0,338.785,3,★ Paracord Knife | Slaughter (Factory New)
Sep 10 2025 01: +0,348.642,1,★ Paracord Knife | Slaughter (Factory New)
Sep 12 2025 01: +0,294.194,2,★ Paracord Knife | Slaughter (Factory New)
Sep 13 2025 01: +0,308.158,1,★ Paracord Knife | Slaughter (Factory New)
Sep 14 2025 01: +0,291.427,6,★ Paracord Knife | Slaughter (Factory New)
Sep 16 2025 01: +0,289.329,1,★ Paracord Knife | Slaughter (Factory New)
Sep 17 2025 01: +0,287.222,5,★ Paracord Knife | Slaughter (Factory New)
Sep 18 2025 01: +0,277.869,5,★ Paracord Knife | Slaughter (Factory New)
Sep 19 2025 01: +0,305.685,1,★ Paracord Knife | Slaughter (Factory New)
Sep 21 2025 01: +0,294.954,3,★ Paracord Knife | Slaughter (Factory New)
Sep 22 2025 01: +0,273.403,1,★ Paracord Knife | Slaughter (Factory New)
Sep 24 2025 01: +0,262.365,1,★ Paracord Knife | Slaughter (Factory New)
Sep 26 2025 01: +0,283.946,2,★ Paracord Knife | Slaughter (Factory New)
Sep 27 2025 01: +0,269.716,2,★ Paracord Knife | Slaughter (Factory New)
Sep 28 2025 01: +0,286.219,4,★ Paracord Knife | Slaughter (Factory New)
Sep 30 2025 01: +0,262.34,1,★ Paracord Knife | Slaughter (Factory New)
Oct 01 2025 01: +0,262.323,1,★ Paracord Knife | Slaughter (Factory New)
Oct 02 2025 01: +0,287.074,1,★ Paracord Knife | Slaughter (Factory New)
Oct 03 2025 01: +0,280.963,2,★ Paracord Knife | Slaughter (Factory New)
Oct 04 2025 01: +0,284.354,5,★ Paracord Knife | Slaughter (Factory New)
Oct 05 2025 01: +0,254.724,1,★ Paracord Knife | Slaughter (Factory New)
Oct 06 2025 01: +0,285.109,2,★ Paracord Knife | Slaughter (Factory New)
Oct 07 2025 01: +0,304.437,1,★ Paracord Knife | Slaughter (Factory New)
Oct 09 2025 01: +0,293.11,3,★ Paracord Knife | Slaughter (Factory New)
Oct 10 2025 01: +0,267.526,1,★ Paracord Knife | Slaughter (Factory New)
Oct 11 2025 01: +0,266.087,1,★ Paracord Knife | Slaughter (Factory New)
Oct 12 2025 01: +0,271.689,3,★ Paracord Knife | Slaughter (Factory New)
Oct 13 2025 01: +0,283.952,2,★ Paracord Knife | Slaughter (Factory New)
Oct 14 2025 01: +0,279.665,2,★ Paracord Knife | Slaughter (Factory New)
Oct 15 2025 01: +0,263.359,1,★ Paracord Knife | Slaughter (Factory New)
Oct 16 2025 01: +0,287.272,3,★ Paracord Knife | Slaughter (Factory New)
Oct 19 2025 01: +0,273.804,1,★ Paracord Knife | Slaughter (Factory New)
Oct 21 2025 01: +0,299.075,1,★ Paracord Knife | Slaughter (Factory New)
Oct 22 2025 01: +0,279.324,4,★ Paracord Knife | Slaughter (Factory New)
Oct 23 2025 01: +0,160.863,65,★ Paracord Knife | Slaughter (Factory New)
Oct 24 2025 01: +0,160.699,48,★ Paracord Knife | Slaughter (Factory New)
Oct 25 2025 01: +0,179.476,29,★ Paracord Knife | Slaughter (Factory New)
Oct 26 2025 01: +0,199.509,16,★ Paracord Knife | Slaughter (Factory New)
Oct 27 2025 01: +0,187.471,7,★ Paracord Knife | Slaughter (Factory New)
Oct 28 2025 01: +0,175.254,10,★ Paracord Knife | Slaughter (Factory New)
Oct 29 2025 01: +0,164.353,16,★ Paracord Knife | Slaughter (Factory New)
Oct 30 2025 01: +0,200.648,27,★ Paracord Knife | Slaughter (Factory New)
Oct 31 2025 01: +0,220.444,23,★ Paracord Knife | Slaughter (Factory New)
Nov 01 2025 01: +0,224.943,10,★ Paracord Knife | Slaughter (Factory New)
Nov 02 2025 01: +0,239.856,8,★ Paracord Knife | Slaughter (Factory New)
Nov 03 2025 01: +0,244.59,8,★ Paracord Knife | Slaughter (Factory New)
Nov 04 2025 01: +0,252.864,5,★ Paracord Knife | Slaughter (Factory New)
Nov 05 2025 01: +0,240.338,4,★ Paracord Knife | Slaughter (Factory New)
Nov 06 2025 01: +0,248.728,5,★ Paracord Knife | Slaughter (Factory New)
Nov 07 2025 01: +0,222.727,2,★ Paracord Knife | Slaughter (Factory New)
Nov 08 2025 01: +0,216.447,5,★ Paracord Knife | Slaughter (Factory New)
Nov 09 2025 01: +0,214.696,4,★ Paracord Knife | Slaughter (Factory New)
Nov 10 2025 01: +0,192.171,7,★ Paracord Knife | Slaughter (Factory New)
Nov 11 2025 01: +0,186.134,9,★ Paracord Knife | Slaughter (Factory New)
Nov 12 2025 01: +0,204.992,6,★ Paracord Knife | Slaughter (Factory New)
Nov 13 2025 01: +0,180.165,4,★ Paracord Knife | Slaughter (Factory New)
Nov 14 2025 01: +0,191.705,8,★ Paracord Knife | Slaughter (Factory New)
Nov 16 2025 01: +0,182.616,3,★ Paracord Knife | Slaughter (Factory New)
Nov 17 2025 01: +0,192.339,7,★ Paracord Knife | Slaughter (Factory New)
Nov 18 2025 01: +0,188.155,4,★ Paracord Knife | Slaughter (Factory New)
Nov 19 2025 01: +0,191.042,1,★ Paracord Knife | Slaughter (Factory New)
Nov 20 2025 01: +0,164.034,5,★ Paracord Knife | Slaughter (Factory New)
Nov 21 2025 01: +0,183.013,4,★ Paracord Knife | Slaughter (Factory New)
Nov 22 2025 01: +0,186.595,2,★ Paracord Knife | Slaughter (Factory New)
Nov 23 2025 01: +0,179.184,6,★ Paracord Knife | Slaughter (Factory New)
Nov 24 2025 01: +0,175.227,4,★ Paracord Knife | Slaughter (Factory New)
Nov 25 2025 01: +0,181.378,3,★ Paracord Knife | Slaughter (Factory New)
Nov 26 2025 01: +0,166.402,4,★ Paracord Knife | Slaughter (Factory New)
Nov 27 2025 01: +0,173.41,7,★ Paracord Knife | Slaughter (Factory New)
Nov 28 2025 01: +0,175.121,5,★ Paracord Knife | Slaughter (Factory New)
Nov 29 2025 01: +0,172.17,5,★ Paracord Knife | Slaughter (Factory New)
Nov 30 2025 01: +0,182.28,4,★ Paracord Knife | Slaughter (Factory New)
Dec 01 2025 01: +0,178.499,5,★ Paracord Knife | Slaughter (Factory New)
Dec 02 2025 01: +0,184.396,5,★ Paracord Knife | Slaughter (Factory New)
Dec 03 2025 01: +0,178.279,3,★ Paracord Knife | Slaughter (Factory New)
Dec 04 2025 01: +0,181.839,4,★ Paracord Knife | Slaughter (Factory New)
Dec 05 2025 01: +0,192.791,2,★ Paracord Knife | Slaughter (Factory New)
Dec 06 2025 01: +0,181.547,5,★ Paracord Knife | Slaughter (Factory New)
Dec 07 2025 01: +0,175.196,3,★ Paracord Knife | Slaughter (Factory New)
Dec 08 2025 01: +0,178.19,4,★ Paracord Knife | Slaughter (Factory New)
Dec 09 2025 01: +0,161.325,1,★ Paracord Knife | Slaughter (Factory New)
Dec 10 2025 01: +0,182.457,7,★ Paracord Knife | Slaughter (Factory New)
Dec 12 2025 01: +0,183.106,4,★ Paracord Knife | Slaughter (Factory New)
Dec 13 2025 01: +0,183.565,3,★ Paracord Knife | Slaughter (Factory New)
Dec 14 2025 01: +0,193.577,3,★ Paracord Knife | Slaughter (Factory New)
Dec 15 2025 01: +0,181.444,2,★ Paracord Knife | Slaughter (Factory New)
Dec 16 2025 01: +0,190.399,1,★ Paracord Knife | Slaughter (Factory New)
Dec 17 2025 01: +0,164.214,4,★ Paracord Knife | Slaughter (Factory New)
Dec 18 2025 01: +0,185.646,2,★ Paracord Knife | Slaughter (Factory New)
Dec 19 2025 01: +0,181.52,3,★ Paracord Knife | Slaughter (Factory New)
Dec 20 2025 01: +0,177.345,3,★ Paracord Knife | Slaughter (Factory New)
Dec 21 2025 01: +0,173.145,3,★ Paracord Knife | Slaughter (Factory New)
Dec 22 2025 01: +0,177.146,5,★ Paracord Knife | Slaughter (Factory New)
Dec 23 2025 01: +0,187.959,2,★ Paracord Knife | Slaughter (Factory New)
Dec 24 2025 01: +0,171.27,3,★ Paracord Knife | Slaughter (Factory New)
Dec 25 2025 01: +0,177.113,3,★ Paracord Knife | Slaughter (Factory New)
Dec 26 2025 01: +0,183.568,4,★ Paracord Knife | Slaughter (Factory New)
Dec 27 2025 01: +0,170.132,1,★ Paracord Knife | Slaughter (Factory New)
Dec 28 2025 01: +0,181.19,5,★ Paracord Knife | Slaughter (Factory New)
Dec 29 2025 01: +0,186.428,4,★ Paracord Knife | Slaughter (Factory New)
Dec 30 2025 01: +0,185.243,5,★ Paracord Knife | Slaughter (Factory New)
Dec 31 2025 01: +0,192.127,2,★ Paracord Knife | Slaughter (Factory New)
Jan 01 2026 01: +0,175.474,5,★ Paracord Knife | Slaughter (Factory New)
Jan 02 2026 01: +0,186.677,3,★ Paracord Knife | Slaughter (Factory New)
Jan 03 2026 01: +0,189.805,2,★ Paracord Knife | Slaughter (Factory New)
Jan 04 2026 01: +0,182.473,2,★ Paracord Knife | Slaughter (Factory New)
Jan 05 2026 01: +0,181.251,2,★ Paracord Knife | Slaughter (Factory New)
Jan 06 2026 01: +0,188.371,1,★ Paracord Knife | Slaughter (Factory New)
Jan 07 2026 01: +0,179.401,3,★ Paracord Knife | Slaughter (Factory New)
Jan 08 2026 01: +0,183.141,1,★ Paracord Knife | Slaughter (Factory New)
Jan 09 2026 01: +0,183.656,5,★ Paracord Knife | Slaughter (Factory New)
Jan 10 2026 01: +0,182.749,4,★ Paracord Knife | Slaughter (Factory New)
Jan 11 2026 01: +0,190.307,3,★ Paracord Knife | Slaughter (Factory New)
Jan 12 2026 01: +0,177.705,3,★ Paracord Knife | Slaughter (Factory New)
Jan 13 2026 01: +0,161.766,3,★ Paracord Knife | Slaughter (Factory New)
Jan 15 2026 01: +0,171.617,3,★ Paracord Knife | Slaughter (Factory New)
Jan 16 2026 01: +0,169.978,2,★ Paracord Knife | Slaughter (Factory New)
Jan 17 2026 01: +0,179.824,3,★ Paracord Knife | Slaughter (Factory New)
Jan 18 2026 01: +0,183.298,2,★ Paracord Knife | Slaughter (Factory New)
Jan 19 2026 01: +0,177.224,3,★ Paracord Knife | Slaughter (Factory New)
Jan 21 2026 01: +0,178.952,6,★ Paracord Knife | Slaughter (Factory New)
Jan 22 2026 01: +0,159.513,2,★ Paracord Knife | Slaughter (Factory New)
Jan 23 2026 01: +0,183.423,4,★ Paracord Knife | Slaughter (Factory New)
Jan 24 2026 01: +0,195.365,1,★ Paracord Knife | Slaughter (Factory New)
Jan 26 2026 01: +0,175.37,3,★ Paracord Knife | Slaughter (Factory New)
Jan 27 2026 01: +0,192.587,2,★ Paracord Knife | Slaughter (Factory New)
Jan 28 2026 01: +0,153.738,1,★ Paracord Knife | Slaughter (Factory New)
Jan 29 2026 01: +0,168.1,2,★ Paracord Knife | Slaughter (Factory New)
Jan 30 2026 01: +0,182.365,1,★ Paracord Knife | Slaughter (Factory New)
Jan 31 2026 01: +0,176.047,2,★ Paracord Knife | Slaughter (Factory New)
Feb 01 2026 01: +0,181.707,2,★ Paracord Knife | Slaughter (Factory New)
Feb 02 2026 01: +0,168.598,3,★ Paracord Knife | Slaughter (Factory New)
Feb 03 2026 01: +0,177.692,3,★ Paracord Knife | Slaughter (Factory New)
Feb 04 2026 01: +0,171.831,3,★ Paracord Knife | Slaughter (Factory New)
Feb 05 2026 01: +0,182.559,1,★ Paracord Knife | Slaughter (Factory New)
Feb 06 2026 01: +0,178.456,1,★ Paracord Knife | Slaughter (Factory New)
Feb 07 2026 01: +0,166.42,1,★ Paracord Knife | Slaughter (Factory New)
Feb 08 2026 01: +0,173.902,3,★ Paracord Knife | Slaughter (Factory New)
Feb 09 2026 01: +0,181.238,6,★ Paracord Knife | Slaughter (Factory New)
Feb 10 2026 01: +0,182.032,1,★ Paracord Knife | Slaughter (Factory New)
Feb 11 2026 01: +0,177.065,1,★ Paracord Knife | Slaughter (Factory New)
Feb 13 2026 01: +0,187.92,3,★ Paracord Knife | Slaughter (Factory New)
Feb 14 2026 01: +0,182.167,2,★ Paracord Knife | Slaughter (Factory New)
Feb 15 2026 01: +0,186.473,2,★ Paracord Knife | Slaughter (Factory New)
Feb 16 2026 01: +0,176.871,3,★ Paracord Knife | Slaughter (Factory New)
Feb 17 2026 01: +0,180.725,5,★ Paracord Knife | Slaughter (Factory New)
Feb 18 2026 01: +0,185.124,3,★ Paracord Knife | Slaughter (Factory New)
Feb 19 2026 01: +0,174.757,1,★ Paracord Knife | Slaughter (Factory New)
Feb 20 2026 01: +0,179.638,6,★ Paracord Knife | Slaughter (Factory New)
Feb 21 2026 01: +0,194.449,1,★ Paracord Knife | Slaughter (Factory New)
Feb 22 2026 01: +0,195.277,4,★ Paracord Knife | Slaughter (Factory New)
Feb 23 2026 01: +0,212.499,1,★ Paracord Knife | Slaughter (Factory New)
Feb 24 2026 01: +0,172.643,1,★ Paracord Knife | Slaughter (Factory New)
Feb 25 2026 01: +0,194.535,3,★ Paracord Knife | Slaughter (Factory New)
Feb 26 2026 01: +0,188.524,3,★ Paracord Knife | Slaughter (Factory New)
Feb 27 2026 01: +0,195.538,3,★ Paracord Knife | Slaughter (Factory New)
Feb 28 2026 01: +0,201.116,3,★ Paracord Knife | Slaughter (Factory New)
Mar 01 2026 01: +0,191.436,2,★ Paracord Knife | Slaughter (Factory New)
Mar 02 2026 01: +0,182.258,3,★ Paracord Knife | Slaughter (Factory New)
Mar 03 2026 01: +0,194.895,5,★ Paracord Knife | Slaughter (Factory New)
Mar 04 2026 01: +0,186.008,1,★ Paracord Knife | Slaughter (Factory New)
Mar 05 2026 01: +0,203.405,3,★ Paracord Knife | Slaughter (Factory New)
Mar 07 2026 01: +0,194.055,2,★ Paracord Knife | Slaughter (Factory New)
Mar 08 2026 01: +0,187.757,5,★ Paracord Knife | Slaughter (Factory New)
Mar 09 2026 01: +0,188.521,3,★ Paracord Knife | Slaughter (Factory New)
Mar 10 2026 01: +0,189.019,2,★ Paracord Knife | Slaughter (Factory New)
Mar 12 2026 01: +0,190.687,4,★ Paracord Knife | Slaughter (Factory New)
Mar 14 2026 01: +0,188.594,3,★ Paracord Knife | Slaughter (Factory New)
Mar 15 2026 01: +0,184.485,3,★ Paracord Knife | Slaughter (Factory New)
Mar 16 2026 01: +0,189.76,3,★ Paracord Knife | Slaughter (Factory New)
Mar 17 2026 01: +0,180.775,2,★ Paracord Knife | Slaughter (Factory New)
Mar 18 2026 01: +0,178.223,3,★ Paracord Knife | Slaughter (Factory New)
Mar 19 2026 01: +0,168.22,1,★ Paracord Knife | Slaughter (Factory New)
Mar 20 2026 01: +0,178.442,1,★ Paracord Knife | Slaughter (Factory New)
Mar 21 2026 01: +0,178.045,2,★ Paracord Knife | Slaughter (Factory New)
Mar 22 2026 01: +0,171.057,4,★ Paracord Knife | Slaughter (Factory New)
Mar 23 2026 01: +0,169.058,2,★ Paracord Knife | Slaughter (Factory New)
Mar 24 2026 01: +0,172.57,4,★ Paracord Knife | Slaughter (Factory New)
Mar 25 2026 01: +0,169.253,6,★ Paracord Knife | Slaughter (Factory New)
Mar 26 2026 01: +0,157.708,1,★ Paracord Knife | Slaughter (Factory New)
Mar 27 2026 01: +0,180.811,3,★ Paracord Knife | Slaughter (Factory New)
Mar 28 2026 01: +0,188.068,5,★ Paracord Knife | Slaughter (Factory New)
Mar 29 2026 01: +0,191.681,5,★ Paracord Knife | Slaughter (Factory New)
Mar 30 2026 01: +0,193.59,2,★ Paracord Knife | Slaughter (Factory New)
Apr 03 2026 01: +0,202.488,1,★ Paracord Knife | Slaughter (Factory New)
Apr 04 2026 01: +0,200.037,2,★ Paracord Knife | Slaughter (Factory New)
Apr 06 2026 01: +0,187.903,3,★ Paracord Knife | Slaughter (Factory New)
Apr 07 2026 01: +0,203.794,3,★ Paracord Knife | Slaughter (Factory New)
Apr 08 2026 01: +0,190.436,2,★ Paracord Knife | Slaughter (Factory New)
Apr 09 2026 01: +0,208.741,2,★ Paracord Knife | Slaughter (Factory New)
Apr 10 2026 01: +0,189.106,2,★ Paracord Knife | Slaughter (Factory New)
Apr 11 2026 01: +0,189.158,1,★ Paracord Knife | Slaughter (Factory New)
Apr 12 2026 01: +0,173.869,1,★ Paracord Knife | Slaughter (Factory New)
Apr 13 2026 11: +0,157.266,1,★ Paracord Knife | Slaughter (Factory New)
Apr 13 2026 15: +0,193.063,1,★ Paracord Knife | Slaughter (Factory New)
Apr 14 2026 12: +0,185.114,1,★ Paracord Knife | Slaughter (Factory New)
Apr 14 2026 18: +0,183.697,1,★ Paracord Knife | Slaughter (Factory New)
Apr 14 2026 19: +0,177.458,1,★ Paracord Knife | Slaughter (Factory New)
Apr 15 2026 05: +0,177.195,1,★ Paracord Knife | Slaughter (Factory New)
Apr 15 2026 07: +0,188.766,1,★ Paracord Knife | Slaughter (Factory New)
Apr 15 2026 17: +0,195.284,1,★ Paracord Knife | Slaughter (Factory New)
Apr 16 2026 12: +0,194.186,1,★ Paracord Knife | Slaughter (Factory New)
Apr 17 2026 20: +0,192.005,1,★ Paracord Knife | Slaughter (Factory New)
Apr 18 2026 00: +0,174.595,1,★ Paracord Knife | Slaughter (Factory New)
Apr 18 2026 06: +0,190.279,1,★ Paracord Knife | Slaughter (Factory New)
Apr 18 2026 13: +0,171.336,1,★ Paracord Knife | Slaughter (Factory New)
Apr 18 2026 17: +0,174.511,1,★ Paracord Knife | Slaughter (Factory New)
Apr 18 2026 19: +0,193.331,1,★ Paracord Knife | Slaughter (Factory New)
Apr 18 2026 21: +0,185.911,1,★ Paracord Knife | Slaughter (Factory New)
Apr 18 2026 23: +0,193.802,1,★ Paracord Knife | Slaughter (Factory New)
Apr 19 2026 10: +0,193.626,1,★ Paracord Knife | Slaughter (Factory New)
Apr 19 2026 19: +0,191.046,1,★ Paracord Knife | Slaughter (Factory New)
Apr 20 2026 04: +0,194.15,1,★ Paracord Knife | Slaughter (Factory New)
Apr 21 2026 15: +0,186.538,2,★ Paracord Knife | Slaughter (Factory New)
Apr 22 2026 00: +0,196.001,1,★ Paracord Knife | Slaughter (Factory New)
Apr 22 2026 04: +0,194.445,1,★ Paracord Knife | Slaughter (Factory New)
Apr 23 2026 06: +0,177.967,1,★ Paracord Knife | Slaughter (Factory New)
Apr 23 2026 18: +0,177.768,1,★ Paracord Knife | Slaughter (Factory New)
Apr 24 2026 06: +0,177.542,1,★ Paracord Knife | Slaughter (Factory New)
Apr 24 2026 14: +0,204.589,1,★ Paracord Knife | Slaughter (Factory New)
Apr 24 2026 18: +0,177.585,1,★ Paracord Knife | Slaughter (Factory New)
Apr 24 2026 19: +0,177.525,1,★ Paracord Knife | Slaughter (Factory New)
Apr 26 2026 10: +0,183.781,1,★ Paracord Knife | Slaughter (Factory New)
Apr 26 2026 11: +0,177.882,1,★ Paracord Knife | Slaughter (Factory New)
Apr 26 2026 14: +0,177.882,1,★ Paracord Knife | Slaughter (Factory New)
Apr 27 2026 01: +0,177.088,2,★ Paracord Knife | Slaughter (Factory New)
Apr 27 2026 10: +0,181.804,1,★ Paracord Knife | Slaughter (Factory New)
Apr 27 2026 12: +0,182.507,1,★ Paracord Knife | Slaughter (Factory New)
Apr 27 2026 19: +0,177.831,1,★ Paracord Knife | Slaughter (Factory New)
Apr 28 2026 00: +0,178.307,1,★ Paracord Knife | Slaughter (Factory New)
Apr 28 2026 03: +0,178.181,1,★ Paracord Knife | Slaughter (Factory New)
Apr 28 2026 04: +0,180.404,1,★ Paracord Knife | Slaughter (Factory New)
Apr 28 2026 08: +0,177.882,1,★ Paracord Knife | Slaughter (Factory New)
Apr 28 2026 18: +0,180.001,2,★ Paracord Knife | Slaughter (Factory New)
Apr 28 2026 19: +0,186.254,1,★ Paracord Knife | Slaughter (Factory New)
Apr 28 2026 20: +0,182.779,1,★ Paracord Knife | Slaughter (Factory New)
Apr 28 2026 22: +0,188.215,1,★ Paracord Knife | Slaughter (Factory New)
Apr 28 2026 23: +0,188.446,1,★ Paracord Knife | Slaughter (Factory New)
Apr 29 2026 20: +0,199.73,1,★ Paracord Knife | Slaughter (Factory New)
Apr 30 2026 12: +0,185.574,1,★ Paracord Knife | Slaughter (Factory New)
Apr 30 2026 13: +0,174.757,1,★ Paracord Knife | Slaughter (Factory New)
Apr 30 2026 17: +0,172.957,1,★ Paracord Knife | Slaughter (Factory New)
May 01 2026 04: +0,186.441,1,★ Paracord Knife | Slaughter (Factory New)
May 01 2026 09: +0,193.378,1,★ Paracord Knife | Slaughter (Factory New)
May 01 2026 12: +0,218.398,1,★ Paracord Knife | Slaughter (Factory New)
May 01 2026 18: +0,155.704,1,★ Paracord Knife | Slaughter (Factory New)
May 02 2026 03: +0,186.797,1,★ Paracord Knife | Slaughter (Factory New)
May 02 2026 05: +0,199.559,1,★ Paracord Knife | Slaughter (Factory New)
May 02 2026 15: +0,180.24,1,★ Paracord Knife | Slaughter (Factory New)
May 03 2026 17: +0,200.17,1,★ Paracord Knife | Slaughter (Factory New)
May 04 2026 00: +0,170.189,1,★ Paracord Knife | Slaughter (Factory New)
May 04 2026 02: +0,198.557,1,★ Paracord Knife | Slaughter (Factory New)
May 04 2026 10: +0,217.379,1,★ Paracord Knife | Slaughter (Factory New)
May 04 2026 19: +0,197.36,1,★ Paracord Knife | Slaughter (Factory New)
May 05 2026 16: +0,186.942,1,★ Paracord Knife | Slaughter (Factory New)
May 06 2026 12: +0,171.831,1,★ Paracord Knife | Slaughter (Factory New)
May 07 2026 12: +0,191.143,1,★ Paracord Knife | Slaughter (Factory New)
May 07 2026 17: +0,170.894,1,★ Paracord Knife | Slaughter (Factory New)
May 08 2026 00: +0,196.793,1,★ Paracord Knife | Slaughter (Factory New)
May 08 2026 14: +0,196.507,2,★ Paracord Knife | Slaughter (Factory New)
May 08 2026 18: +0,200.695,1,★ Paracord Knife | Slaughter (Factory New)
May 09 2026 14: +0,190.743,1,★ Paracord Knife | Slaughter (Factory New)
May 09 2026 15: +0,183.545,1,★ Paracord Knife | Slaughter (Factory New)
May 09 2026 16: +0,199.915,1,★ Paracord Knife | Slaughter (Factory New)
May 09 2026 17: +0,200.705,1,★ Paracord Knife | Slaughter (Factory New)
May 09 2026 19: +0,201.588,1,★ Paracord Knife | Slaughter (Factory New)
May 10 2026 07: +0,195.737,1,★ Paracord Knife | Slaughter (Factory New)
May 11 2026 14: +0,213.666,1,★ Paracord Knife | Slaughter (Factory New)
May 11 2026 18: +0,200.93,1,★ Paracord Knife | Slaughter (Factory New)
May 12 2026 04: +0,169.816,1,★ Paracord Knife | Slaughter (Factory New)
Nov 19 2019 01: +0,750.654,1,★ Paracord Knife | Crimson Web (Minimal Wear)
Nov 21 2019 01: +0,891.462,1,★ Paracord Knife | Crimson Web (Minimal Wear)
Nov 22 2019 01: +0,890.459,1,★ Paracord Knife | Crimson Web (Minimal Wear)
Nov 28 2019 01: +0,604.425,1,★ Paracord Knife | Crimson Web (Minimal Wear)
Nov 30 2019 01: +0,791.758,1,★ Paracord Knife | Crimson Web (Minimal Wear)
Dec 18 2019 01: +0,858.458,1,★ Paracord Knife | Crimson Web (Minimal Wear)
Dec 30 2019 01: +0,803.828,1,★ Paracord Knife | Crimson Web (Minimal Wear)
Jan 06 2020 01: +0,1519.8,1,★ Paracord Knife | Crimson Web (Minimal Wear)
Feb 06 2020 01: +0,835.751,1,★ Paracord Knife | Crimson Web (Minimal Wear)
Feb 08 2020 01: +0,878.795,1,★ Paracord Knife | Crimson Web (Minimal Wear)
Feb 10 2020 01: +0,853.445,1,★ Paracord Knife | Crimson Web (Minimal Wear)
Feb 11 2020 01: +0,891.538,1,★ Paracord Knife | Crimson Web (Minimal Wear)
Feb 23 2020 01: +0,1024.553,1,★ Paracord Knife | Crimson Web (Minimal Wear)
Feb 26 2020 01: +0,1216.229,1,★ Paracord Knife | Crimson Web (Minimal Wear)
Mar 09 2020 01: +0,981.807,2,★ Paracord Knife | Crimson Web (Minimal Wear)
Mar 16 2020 01: +0,847.65,1,★ Paracord Knife | Crimson Web (Minimal Wear)
Mar 21 2020 01: +0,801.774,1,★ Paracord Knife | Crimson Web (Minimal Wear)
Apr 01 2020 01: +0,721.4,2,★ Paracord Knife | Crimson Web (Minimal Wear)
Apr 02 2020 01: +0,874.11,1,★ Paracord Knife | Crimson Web (Minimal Wear)
Apr 06 2020 01: +0,753.516,1,★ Paracord Knife | Crimson Web (Minimal Wear)
Apr 09 2020 01: +0,768.197,1,★ Paracord Knife | Crimson Web (Minimal Wear)
Apr 23 2020 01: +0,721.717,1,★ Paracord Knife | Crimson Web (Minimal Wear)
May 09 2020 01: +0,811.503,1,★ Paracord Knife | Crimson Web (Minimal Wear)
Jun 03 2020 01: +0,1503.796,1,★ Paracord Knife | Crimson Web (Minimal Wear)
Jun 26 2020 01: +0,838.944,1,★ Paracord Knife | Crimson Web (Minimal Wear)
Jul 17 2020 01: +0,1219.359,1,★ Paracord Knife | Crimson Web (Minimal Wear)
Aug 01 2020 01: +0,1145.678,1,★ Paracord Knife | Crimson Web (Minimal Wear)
Aug 04 2020 01: +0,1093.241,1,★ Paracord Knife | Crimson Web (Minimal Wear)
Aug 14 2020 01: +0,990.489,1,★ Paracord Knife | Crimson Web (Minimal Wear)
Aug 23 2020 01: +0,735.422,1,★ Paracord Knife | Crimson Web (Minimal Wear)
Sep 04 2020 01: +0,806.863,1,★ Paracord Knife | Crimson Web (Minimal Wear)
Sep 28 2020 01: +0,855.065,1,★ Paracord Knife | Crimson Web (Minimal Wear)
Oct 19 2020 01: +0,841.773,2,★ Paracord Knife | Crimson Web (Minimal Wear)
Oct 21 2020 01: +0,857.553,1,★ Paracord Knife | Crimson Web (Minimal Wear)
Nov 06 2020 01: +0,839.187,1,★ Paracord Knife | Crimson Web (Minimal Wear)
Nov 16 2020 01: +0,786.502,1,★ Paracord Knife | Crimson Web (Minimal Wear)
Nov 22 2020 01: +0,787.088,1,★ Paracord Knife | Crimson Web (Minimal Wear)
Dec 04 2020 01: +0,843.806,1,★ Paracord Knife | Crimson Web (Minimal Wear)
Dec 05 2020 01: +0,842.694,1,★ Paracord Knife | Crimson Web (Minimal Wear)
Dec 17 2020 01: +0,813.69,2,★ Paracord Knife | Crimson Web (Minimal Wear)
Dec 28 2020 01: +0,714.076,1,★ Paracord Knife | Crimson Web (Minimal Wear)
Jan 01 2021 01: +0,730.293,1,★ Paracord Knife | Crimson Web (Minimal Wear)
Jan 08 2021 01: +0,805.564,1,★ Paracord Knife | Crimson Web (Minimal Wear)
Jan 15 2021 01: +0,799.119,1,★ Paracord Knife | Crimson Web (Minimal Wear)
Jan 24 2021 01: +0,793.982,1,★ Paracord Knife | Crimson Web (Minimal Wear)
Jan 25 2021 01: +0,795.765,1,★ Paracord Knife | Crimson Web (Minimal Wear)
Feb 01 2021 01: +0,670.772,1,★ Paracord Knife | Crimson Web (Minimal Wear)
Feb 02 2021 01: +0,849.494,1,★ Paracord Knife | Crimson Web (Minimal Wear)
Feb 03 2021 01: +0,764.205,1,★ Paracord Knife | Crimson Web (Minimal Wear)
Feb 05 2021 01: +0,749.83,1,★ Paracord Knife | Crimson Web (Minimal Wear)
Feb 09 2021 01: +0,773.511,1,★ Paracord Knife | Crimson Web (Minimal Wear)
Feb 10 2021 01: +0,775.209,1,★ Paracord Knife | Crimson Web (Minimal Wear)
Feb 17 2021 01: +0,657.45,1,★ Paracord Knife | Crimson Web (Minimal Wear)
Mar 07 2021 01: +0,709.329,1,★ Paracord Knife | Crimson Web (Minimal Wear)
Mar 27 2021 01: +0,775.625,1,★ Paracord Knife | Crimson Web (Minimal Wear)
Mar 28 2021 01: +0,783.7,1,★ Paracord Knife | Crimson Web (Minimal Wear)
Mar 29 2021 01: +0,804.999,1,★ Paracord Knife | Crimson Web (Minimal Wear)
Apr 15 2021 01: +0,756.13,1,★ Paracord Knife | Crimson Web (Minimal Wear)
Apr 20 2021 01: +0,737.183,1,★ Paracord Knife | Crimson Web (Minimal Wear)
Apr 25 2021 01: +0,696.805,1,★ Paracord Knife | Crimson Web (Minimal Wear)
Apr 29 2021 01: +0,696.45,1,★ Paracord Knife | Crimson Web (Minimal Wear)
Apr 30 2021 01: +0,672.899,2,★ Paracord Knife | Crimson Web (Minimal Wear)
May 05 2021 01: +0,656.024,1,★ Paracord Knife | Crimson Web (Minimal Wear)
May 07 2021 01: +0,665.007,1,★ Paracord Knife | Crimson Web (Minimal Wear)
May 08 2021 01: +0,760.764,1,★ Paracord Knife | Crimson Web (Minimal Wear)
May 17 2021 01: +0,696.266,2,★ Paracord Knife | Crimson Web (Minimal Wear)
May 25 2021 01: +0,697.731,3,★ Paracord Knife | Crimson Web (Minimal Wear)
May 30 2021 01: +0,706.629,1,★ Paracord Knife | Crimson Web (Minimal Wear)
Jun 01 2021 01: +0,706.714,1,★ Paracord Knife | Crimson Web (Minimal Wear)
Jun 02 2021 01: +0,706.578,1,★ Paracord Knife | Crimson Web (Minimal Wear)
Jun 07 2021 01: +0,701.27,1,★ Paracord Knife | Crimson Web (Minimal Wear)
Jun 09 2021 01: +0,686.905,1,★ Paracord Knife | Crimson Web (Minimal Wear)
Jun 14 2021 01: +0,823.229,2,★ Paracord Knife | Crimson Web (Minimal Wear)
Jun 18 2021 01: +0,701.259,2,★ Paracord Knife | Crimson Web (Minimal Wear)
Jun 19 2021 01: +0,705.288,1,★ Paracord Knife | Crimson Web (Minimal Wear)
Jun 26 2021 01: +0,653.731,1,★ Paracord Knife | Crimson Web (Minimal Wear)
Jun 27 2021 01: +0,633.447,1,★ Paracord Knife | Crimson Web (Minimal Wear)
Jul 11 2021 01: +0,583.148,1,★ Paracord Knife | Crimson Web (Minimal Wear)
Jul 16 2021 01: +0,608.743,3,★ Paracord Knife | Crimson Web (Minimal Wear)
Jul 22 2021 01: +0,574.113,1,★ Paracord Knife | Crimson Web (Minimal Wear)
Jul 25 2021 01: +0,577.085,1,★ Paracord Knife | Crimson Web (Minimal Wear)
Jul 28 2021 01: +0,586.332,1,★ Paracord Knife | Crimson Web (Minimal Wear)
Aug 05 2021 01: +0,807.739,1,★ Paracord Knife | Crimson Web (Minimal Wear)
Aug 09 2021 01: +0,636.716,1,★ Paracord Knife | Crimson Web (Minimal Wear)
Aug 11 2021 01: +0,585.865,1,★ Paracord Knife | Crimson Web (Minimal Wear)
Aug 20 2021 01: +0,505.159,2,★ Paracord Knife | Crimson Web (Minimal Wear)
Sep 01 2021 01: +0,526.701,1,★ Paracord Knife | Crimson Web (Minimal Wear)
Sep 09 2021 01: +0,537.819,2,★ Paracord Knife | Crimson Web (Minimal Wear)
Sep 12 2021 01: +0,555.204,1,★ Paracord Knife | Crimson Web (Minimal Wear)
Sep 14 2021 01: +0,555.077,1,★ Paracord Knife | Crimson Web (Minimal Wear)
Sep 18 2021 01: +0,517.87,1,★ Paracord Knife | Crimson Web (Minimal Wear)
Sep 20 2021 01: +0,712.368,1,★ Paracord Knife | Crimson Web (Minimal Wear)
Sep 21 2021 01: +0,513.684,1,★ Paracord Knife | Crimson Web (Minimal Wear)
Sep 22 2021 01: +0,360.443,2,★ Paracord Knife | Crimson Web (Minimal Wear)
Sep 28 2021 01: +0,433.871,1,★ Paracord Knife | Crimson Web (Minimal Wear)
Sep 30 2021 01: +0,439.466,1,★ Paracord Knife | Crimson Web (Minimal Wear)
Oct 02 2021 01: +0,489.146,1,★ Paracord Knife | Crimson Web (Minimal Wear)
Oct 05 2021 01: +0,490.526,1,★ Paracord Knife | Crimson Web (Minimal Wear)
Oct 08 2021 01: +0,529.428,1,★ Paracord Knife | Crimson Web (Minimal Wear)
Oct 13 2021 01: +0,482.566,1,★ Paracord Knife | Crimson Web (Minimal Wear)
Oct 14 2021 01: +0,482.803,2,★ Paracord Knife | Crimson Web (Minimal Wear)
Oct 18 2021 01: +0,483.975,1,★ Paracord Knife | Crimson Web (Minimal Wear)
Oct 19 2021 01: +0,484.162,1,★ Paracord Knife | Crimson Web (Minimal Wear)
Oct 22 2021 01: +0,481.81,1,★ Paracord Knife | Crimson Web (Minimal Wear)
Oct 23 2021 01: +0,459.377,1,★ Paracord Knife | Crimson Web (Minimal Wear)
Oct 25 2021 01: +0,458.503,1,★ Paracord Knife | Crimson Web (Minimal Wear)
Oct 26 2021 01: +0,444.06,1,★ Paracord Knife | Crimson Web (Minimal Wear)
Oct 29 2021 01: +0,429.328,2,★ Paracord Knife | Crimson Web (Minimal Wear)
Oct 31 2021 01: +0,431.4,1,★ Paracord Knife | Crimson Web (Minimal Wear)
Nov 02 2021 01: +0,432.962,1,★ Paracord Knife | Crimson Web (Minimal Wear)
Nov 03 2021 01: +0,421.958,2,★ Paracord Knife | Crimson Web (Minimal Wear)
Nov 07 2021 01: +0,472.835,1,★ Paracord Knife | Crimson Web (Minimal Wear)
Nov 08 2021 01: +0,440.532,1,★ Paracord Knife | Crimson Web (Minimal Wear)
Nov 10 2021 01: +0,464.582,1,★ Paracord Knife | Crimson Web (Minimal Wear)
Nov 13 2021 01: +0,380.048,1,★ Paracord Knife | Crimson Web (Minimal Wear)
Nov 14 2021 01: +0,383.02,1,★ Paracord Knife | Crimson Web (Minimal Wear)
Nov 18 2021 01: +0,521.453,1,★ Paracord Knife | Crimson Web (Minimal Wear)
Nov 21 2021 01: +0,401.716,1,★ Paracord Knife | Crimson Web (Minimal Wear)
Nov 24 2021 01: +0,513.438,1,★ Paracord Knife | Crimson Web (Minimal Wear)
Nov 26 2021 01: +0,402.718,2,★ Paracord Knife | Crimson Web (Minimal Wear)
Dec 01 2021 01: +0,393.803,1,★ Paracord Knife | Crimson Web (Minimal Wear)
Dec 02 2021 01: +0,402.404,1,★ Paracord Knife | Crimson Web (Minimal Wear)
Dec 03 2021 01: +0,392.526,3,★ Paracord Knife | Crimson Web (Minimal Wear)
Dec 07 2021 01: +0,411.803,1,★ Paracord Knife | Crimson Web (Minimal Wear)
Dec 09 2021 01: +0,416.023,1,★ Paracord Knife | Crimson Web (Minimal Wear)
Dec 16 2021 01: +0,405.198,1,★ Paracord Knife | Crimson Web (Minimal Wear)
Dec 21 2021 01: +0,391.646,1,★ Paracord Knife | Crimson Web (Minimal Wear)
Dec 22 2021 01: +0,390.678,1,★ Paracord Knife | Crimson Web (Minimal Wear)
Dec 24 2021 01: +0,534.159,1,★ Paracord Knife | Crimson Web (Minimal Wear)
Dec 25 2021 01: +0,393.192,1,★ Paracord Knife | Crimson Web (Minimal Wear)
Dec 27 2021 01: +0,397.063,1,★ Paracord Knife | Crimson Web (Minimal Wear)
Dec 29 2021 01: +0,398.49,1,★ Paracord Knife | Crimson Web (Minimal Wear)
Jan 02 2022 01: +0,414.155,1,★ Paracord Knife | Crimson Web (Minimal Wear)
Jan 03 2022 01: +0,423.893,1,★ Paracord Knife | Crimson Web (Minimal Wear)
Jan 17 2022 01: +0,434.219,1,★ Paracord Knife | Crimson Web (Minimal Wear)
Jan 19 2022 01: +0,433.879,1,★ Paracord Knife | Crimson Web (Minimal Wear)
Jan 22 2022 01: +0,439.718,3,★ Paracord Knife | Crimson Web (Minimal Wear)
Jan 29 2022 01: +0,425.38,1,★ Paracord Knife | Crimson Web (Minimal Wear)
Feb 01 2022 01: +0,494.311,1,★ Paracord Knife | Crimson Web (Minimal Wear)
Feb 05 2022 01: +0,439.398,1,★ Paracord Knife | Crimson Web (Minimal Wear)
Feb 06 2022 01: +0,412.652,1,★ Paracord Knife | Crimson Web (Minimal Wear)
Feb 08 2022 01: +0,402.54,1,★ Paracord Knife | Crimson Web (Minimal Wear)
Feb 12 2022 01: +0,445.649,1,★ Paracord Knife | Crimson Web (Minimal Wear)
Feb 24 2022 01: +0,419.657,2,★ Paracord Knife | Crimson Web (Minimal Wear)
Feb 26 2022 01: +0,411.744,1,★ Paracord Knife | Crimson Web (Minimal Wear)
Mar 05 2022 01: +0,432.831,2,★ Paracord Knife | Crimson Web (Minimal Wear)
Mar 08 2022 01: +0,417.585,1,★ Paracord Knife | Crimson Web (Minimal Wear)
Mar 13 2022 01: +0,427.019,1,★ Paracord Knife | Crimson Web (Minimal Wear)
Mar 15 2022 01: +0,416.889,1,★ Paracord Knife | Crimson Web (Minimal Wear)
Mar 16 2022 01: +0,432.326,1,★ Paracord Knife | Crimson Web (Minimal Wear)
Mar 18 2022 01: +0,426.348,1,★ Paracord Knife | Crimson Web (Minimal Wear)
Mar 25 2022 01: +0,496.444,1,★ Paracord Knife | Crimson Web (Minimal Wear)
Mar 31 2022 01: +0,446.497,1,★ Paracord Knife | Crimson Web (Minimal Wear)
Apr 03 2022 01: +0,476.473,1,★ Paracord Knife | Crimson Web (Minimal Wear)
Apr 04 2022 01: +0,453.417,1,★ Paracord Knife | Crimson Web (Minimal Wear)
Apr 11 2022 01: +0,521.329,2,★ Paracord Knife | Crimson Web (Minimal Wear)
Apr 17 2022 01: +0,459.547,1,★ Paracord Knife | Crimson Web (Minimal Wear)
Apr 19 2022 01: +0,471.298,1,★ Paracord Knife | Crimson Web (Minimal Wear)
Apr 20 2022 01: +0,458.664,1,★ Paracord Knife | Crimson Web (Minimal Wear)
Apr 26 2022 01: +0,439.398,1,★ Paracord Knife | Crimson Web (Minimal Wear)
Apr 30 2022 01: +0,433.905,1,★ Paracord Knife | Crimson Web (Minimal Wear)
May 03 2022 01: +0,441.521,1,★ Paracord Knife | Crimson Web (Minimal Wear)
May 04 2022 01: +0,441.521,1,★ Paracord Knife | Crimson Web (Minimal Wear)
May 08 2022 01: +0,430.492,1,★ Paracord Knife | Crimson Web (Minimal Wear)
May 12 2022 01: +0,418.757,2,★ Paracord Knife | Crimson Web (Minimal Wear)
May 15 2022 01: +0,514.351,2,★ Paracord Knife | Crimson Web (Minimal Wear)
May 16 2022 01: +0,413.807,2,★ Paracord Knife | Crimson Web (Minimal Wear)
May 17 2022 01: +0,414.351,1,★ Paracord Knife | Crimson Web (Minimal Wear)
May 19 2022 01: +0,419.165,1,★ Paracord Knife | Crimson Web (Minimal Wear)
May 22 2022 01: +0,424.531,1,★ Paracord Knife | Crimson Web (Minimal Wear)
May 23 2022 01: +0,460.317,2,★ Paracord Knife | Crimson Web (Minimal Wear)
May 27 2022 01: +0,426.484,1,★ Paracord Knife | Crimson Web (Minimal Wear)
May 31 2022 01: +0,492.772,1,★ Paracord Knife | Crimson Web (Minimal Wear)
Jun 07 2022 01: +0,410.801,1,★ Paracord Knife | Crimson Web (Minimal Wear)
Jun 11 2022 01: +0,392.139,1,★ Paracord Knife | Crimson Web (Minimal Wear)
Jun 15 2022 01: +0,407.541,1,★ Paracord Knife | Crimson Web (Minimal Wear)
Jun 17 2022 01: +0,390.891,1,★ Paracord Knife | Crimson Web (Minimal Wear)
Jun 26 2022 01: +0,335.768,1,★ Paracord Knife | Crimson Web (Minimal Wear)
Jul 01 2022 01: +0,529.723,1,★ Paracord Knife | Crimson Web (Minimal Wear)
Jul 02 2022 01: +0,505.808,1,★ Paracord Knife | Crimson Web (Minimal Wear)
Jul 06 2022 01: +0,399.4,1,★ Paracord Knife | Crimson Web (Minimal Wear)
Jul 12 2022 01: +0,399.364,1,★ Paracord Knife | Crimson Web (Minimal Wear)
Jul 16 2022 01: +0,399.322,1,★ Paracord Knife | Crimson Web (Minimal Wear)
Jul 18 2022 01: +0,410.53,1,★ Paracord Knife | Crimson Web (Minimal Wear)
Jul 19 2022 01: +0,497.925,1,★ Paracord Knife | Crimson Web (Minimal Wear)
Jul 31 2022 01: +0,422.969,1,★ Paracord Knife | Crimson Web (Minimal Wear)
Aug 02 2022 01: +0,446.369,1,★ Paracord Knife | Crimson Web (Minimal Wear)
Aug 05 2022 01: +0,422.783,1,★ Paracord Knife | Crimson Web (Minimal Wear)
Aug 06 2022 01: +0,411.956,1,★ Paracord Knife | Crimson Web (Minimal Wear)
Aug 12 2022 01: +0,413.96,1,★ Paracord Knife | Crimson Web (Minimal Wear)
Aug 16 2022 01: +0,482.387,1,★ Paracord Knife | Crimson Web (Minimal Wear)
Aug 19 2022 01: +0,399.033,1,★ Paracord Knife | Crimson Web (Minimal Wear)
Aug 20 2022 01: +0,457.008,1,★ Paracord Knife | Crimson Web (Minimal Wear)
Aug 24 2022 01: +0,497.973,1,★ Paracord Knife | Crimson Web (Minimal Wear)
Sep 02 2022 01: +0,495.607,1,★ Paracord Knife | Crimson Web (Minimal Wear)
Sep 04 2022 01: +0,386.73,1,★ Paracord Knife | Crimson Web (Minimal Wear)
Sep 19 2022 01: +0,466.993,1,★ Paracord Knife | Crimson Web (Minimal Wear)
Sep 22 2022 01: +0,475.484,1,★ Paracord Knife | Crimson Web (Minimal Wear)
Sep 29 2022 01: +0,371.642,1,★ Paracord Knife | Crimson Web (Minimal Wear)
Sep 30 2022 01: +0,356.18,1,★ Paracord Knife | Crimson Web (Minimal Wear)
Oct 01 2022 01: +0,365.104,1,★ Paracord Knife | Crimson Web (Minimal Wear)
Oct 03 2022 01: +0,362.209,1,★ Paracord Knife | Crimson Web (Minimal Wear)
Oct 05 2022 01: +0,382.086,1,★ Paracord Knife | Crimson Web (Minimal Wear)
Oct 07 2022 01: +0,490.301,1,★ Paracord Knife | Crimson Web (Minimal Wear)
Oct 12 2022 01: +0,500.693,1,★ Paracord Knife | Crimson Web (Minimal Wear)
Oct 19 2022 01: +0,381.117,1,★ Paracord Knife | Crimson Web (Minimal Wear)
Oct 24 2022 01: +0,370.798,2,★ Paracord Knife | Crimson Web (Minimal Wear)
Oct 26 2022 01: +0,344.752,1,★ Paracord Knife | Crimson Web (Minimal Wear)
Oct 28 2022 01: +0,355.238,1,★ Paracord Knife | Crimson Web (Minimal Wear)
Oct 29 2022 01: +0,359.271,1,★ Paracord Knife | Crimson Web (Minimal Wear)
Oct 30 2022 01: +0,358.549,1,★ Paracord Knife | Crimson Web (Minimal Wear)
Oct 31 2022 01: +0,358.354,1,★ Paracord Knife | Crimson Web (Minimal Wear)
Nov 06 2022 01: +0,406.717,1,★ Paracord Knife | Crimson Web (Minimal Wear)
Nov 10 2022 01: +0,396.202,2,★ Paracord Knife | Crimson Web (Minimal Wear)
Nov 11 2022 01: +0,450.873,1,★ Paracord Knife | Crimson Web (Minimal Wear)
Nov 14 2022 01: +0,448.421,1,★ Paracord Knife | Crimson Web (Minimal Wear)
Nov 18 2022 01: +0,351.875,1,★ Paracord Knife | Crimson Web (Minimal Wear)
Nov 23 2022 01: +0,333.748,1,★ Paracord Knife | Crimson Web (Minimal Wear)
Nov 24 2022 01: +0,333.459,2,★ Paracord Knife | Crimson Web (Minimal Wear)
Nov 25 2022 01: +0,371.306,2,★ Paracord Knife | Crimson Web (Minimal Wear)
Nov 28 2022 01: +0,335.047,1,★ Paracord Knife | Crimson Web (Minimal Wear)
Nov 30 2022 01: +0,428.827,1,★ Paracord Knife | Crimson Web (Minimal Wear)
Dec 01 2022 01: +0,337.585,1,★ Paracord Knife | Crimson Web (Minimal Wear)
Dec 02 2022 01: +0,330.139,1,★ Paracord Knife | Crimson Web (Minimal Wear)
Dec 03 2022 01: +0,339.818,1,★ Paracord Knife | Crimson Web (Minimal Wear)
Dec 05 2022 01: +0,365.113,1,★ Paracord Knife | Crimson Web (Minimal Wear)
Dec 15 2022 01: +0,370.256,1,★ Paracord Knife | Crimson Web (Minimal Wear)
Dec 18 2022 01: +0,476.215,1,★ Paracord Knife | Crimson Web (Minimal Wear)
Dec 20 2022 01: +0,349.481,1,★ Paracord Knife | Crimson Web (Minimal Wear)
Dec 27 2022 01: +0,382.086,1,★ Paracord Knife | Crimson Web (Minimal Wear)
Dec 29 2022 01: +0,361.878,1,★ Paracord Knife | Crimson Web (Minimal Wear)
Jan 05 2023 01: +0,378.477,1,★ Paracord Knife | Crimson Web (Minimal Wear)
Jan 06 2023 01: +0,390.759,2,★ Paracord Knife | Crimson Web (Minimal Wear)
Jan 10 2023 01: +0,377.271,1,★ Paracord Knife | Crimson Web (Minimal Wear)
Jan 11 2023 01: +0,390.653,1,★ Paracord Knife | Crimson Web (Minimal Wear)
Jan 12 2023 01: +0,453.877,1,★ Paracord Knife | Crimson Web (Minimal Wear)
Jan 13 2023 01: +0,417.329,2,★ Paracord Knife | Crimson Web (Minimal Wear)
Jan 16 2023 01: +0,387.036,2,★ Paracord Knife | Crimson Web (Minimal Wear)
Jan 17 2023 01: +0,386.705,1,★ Paracord Knife | Crimson Web (Minimal Wear)
Jan 22 2023 01: +0,383.249,1,★ Paracord Knife | Crimson Web (Minimal Wear)
Jan 25 2023 01: +0,367.651,1,★ Paracord Knife | Crimson Web (Minimal Wear)
Jan 27 2023 01: +0,366.216,1,★ Paracord Knife | Crimson Web (Minimal Wear)
Jan 28 2023 01: +0,371.158,1,★ Paracord Knife | Crimson Web (Minimal Wear)
Feb 01 2023 01: +0,382.086,1,★ Paracord Knife | Crimson Web (Minimal Wear)
Feb 02 2023 01: +0,379.547,1,★ Paracord Knife | Crimson Web (Minimal Wear)
Feb 09 2023 01: +0,336.813,1,★ Paracord Knife | Crimson Web (Minimal Wear)
Feb 11 2023 01: +0,382.731,1,★ Paracord Knife | Crimson Web (Minimal Wear)
Feb 12 2023 01: +0,367.524,2,★ Paracord Knife | Crimson Web (Minimal Wear)
Feb 15 2023 01: +0,372.504,2,★ Paracord Knife | Crimson Web (Minimal Wear)
Feb 16 2023 01: +0,367.21,1,★ Paracord Knife | Crimson Web (Minimal Wear)
Feb 17 2023 01: +0,397.666,2,★ Paracord Knife | Crimson Web (Minimal Wear)
Feb 22 2023 01: +0,419.183,1,★ Paracord Knife | Crimson Web (Minimal Wear)
Feb 25 2023 01: +0,399.653,2,★ Paracord Knife | Crimson Web (Minimal Wear)
Feb 26 2023 01: +0,389.557,2,★ Paracord Knife | Crimson Web (Minimal Wear)
Mar 04 2023 01: +0,390.602,1,★ Paracord Knife | Crimson Web (Minimal Wear)
Mar 05 2023 01: +0,390.424,1,★ Paracord Knife | Crimson Web (Minimal Wear)
Mar 06 2023 01: +0,441.496,1,★ Paracord Knife | Crimson Web (Minimal Wear)
Mar 07 2023 01: +0,395.221,1,★ Paracord Knife | Crimson Web (Minimal Wear)
Mar 09 2023 01: +0,500.863,1,★ Paracord Knife | Crimson Web (Minimal Wear)
Mar 14 2023 01: +0,509.45,1,★ Paracord Knife | Crimson Web (Minimal Wear)
Mar 19 2023 01: +0,408.127,1,★ Paracord Knife | Crimson Web (Minimal Wear)
Mar 23 2023 01: +0,517.241,1,★ Paracord Knife | Crimson Web (Minimal Wear)
Mar 26 2023 01: +0,540.617,2,★ Paracord Knife | Crimson Web (Minimal Wear)
Mar 28 2023 01: +0,570.65,1,★ Paracord Knife | Crimson Web (Minimal Wear)
Mar 29 2023 01: +0,502.076,2,★ Paracord Knife | Crimson Web (Minimal Wear)
Mar 30 2023 01: +0,439.22,2,★ Paracord Knife | Crimson Web (Minimal Wear)
Apr 04 2023 01: +0,625.002,1,★ Paracord Knife | Crimson Web (Minimal Wear)
Apr 05 2023 01: +0,508.824,1,★ Paracord Knife | Crimson Web (Minimal Wear)
Apr 07 2023 01: +0,592.7,1,★ Paracord Knife | Crimson Web (Minimal Wear)
Apr 09 2023 01: +0,539.806,3,★ Paracord Knife | Crimson Web (Minimal Wear)
Apr 11 2023 01: +0,552.644,2,★ Paracord Knife | Crimson Web (Minimal Wear)
Apr 12 2023 01: +0,595.62,1,★ Paracord Knife | Crimson Web (Minimal Wear)
Apr 13 2023 01: +0,556.3,1,★ Paracord Knife | Crimson Web (Minimal Wear)
Apr 14 2023 01: +0,600.481,2,★ Paracord Knife | Crimson Web (Minimal Wear)
Apr 15 2023 01: +0,632.757,4,★ Paracord Knife | Crimson Web (Minimal Wear)
Apr 16 2023 01: +0,551.901,1,★ Paracord Knife | Crimson Web (Minimal Wear)
Apr 18 2023 01: +0,669.611,2,★ Paracord Knife | Crimson Web (Minimal Wear)
Apr 19 2023 01: +0,572.745,2,★ Paracord Knife | Crimson Web (Minimal Wear)
Apr 21 2023 01: +0,671.706,2,★ Paracord Knife | Crimson Web (Minimal Wear)
Apr 22 2023 01: +0,572.271,1,★ Paracord Knife | Crimson Web (Minimal Wear)
Apr 23 2023 01: +0,562.481,1,★ Paracord Knife | Crimson Web (Minimal Wear)
Apr 24 2023 01: +0,556.818,1,★ Paracord Knife | Crimson Web (Minimal Wear)
Apr 25 2023 01: +0,573.2,5,★ Paracord Knife | Crimson Web (Minimal Wear)
Apr 26 2023 01: +0,466.603,1,★ Paracord Knife | Crimson Web (Minimal Wear)
Apr 27 2023 01: +0,530.964,3,★ Paracord Knife | Crimson Web (Minimal Wear)
Apr 29 2023 01: +0,499.802,1,★ Paracord Knife | Crimson Web (Minimal Wear)
May 07 2023 01: +0,625.179,1,★ Paracord Knife | Crimson Web (Minimal Wear)
May 10 2023 01: +0,472.835,1,★ Paracord Knife | Crimson Web (Minimal Wear)
May 12 2023 01: +0,492.466,1,★ Paracord Knife | Crimson Web (Minimal Wear)
May 14 2023 01: +0,492.806,1,★ Paracord Knife | Crimson Web (Minimal Wear)
May 15 2023 01: +0,595.129,1,★ Paracord Knife | Crimson Web (Minimal Wear)
May 17 2023 01: +0,582.714,1,★ Paracord Knife | Crimson Web (Minimal Wear)
May 18 2023 01: +0,585.865,1,★ Paracord Knife | Crimson Web (Minimal Wear)
May 20 2023 01: +0,477.947,1,★ Paracord Knife | Crimson Web (Minimal Wear)
May 21 2023 01: +0,437.615,1,★ Paracord Knife | Crimson Web (Minimal Wear)
May 22 2023 01: +0,507.449,3,★ Paracord Knife | Crimson Web (Minimal Wear)
May 23 2023 01: +0,509.831,2,★ Paracord Knife | Crimson Web (Minimal Wear)
May 25 2023 01: +0,657.829,1,★ Paracord Knife | Crimson Web (Minimal Wear)
May 28 2023 01: +0,544.735,1,★ Paracord Knife | Crimson Web (Minimal Wear)
May 29 2023 01: +0,515.477,2,★ Paracord Knife | Crimson Web (Minimal Wear)
May 30 2023 01: +0,564.126,1,★ Paracord Knife | Crimson Web (Minimal Wear)
Jun 01 2023 01: +0,449.01,1,★ Paracord Knife | Crimson Web (Minimal Wear)
Jun 02 2023 01: +0,500.957,2,★ Paracord Knife | Crimson Web (Minimal Wear)
Jun 03 2023 01: +0,493.315,1,★ Paracord Knife | Crimson Web (Minimal Wear)
Jun 05 2023 01: +0,534.142,2,★ Paracord Knife | Crimson Web (Minimal Wear)
Jun 07 2023 01: +0,679.611,2,★ Paracord Knife | Crimson Web (Minimal Wear)
Jun 10 2023 01: +0,504.591,2,★ Paracord Knife | Crimson Web (Minimal Wear)
Jun 14 2023 01: +0,503.47,2,★ Paracord Knife | Crimson Web (Minimal Wear)
Jun 15 2023 01: +0,504.013,1,★ Paracord Knife | Crimson Web (Minimal Wear)
Jun 17 2023 01: +0,630.282,1,★ Paracord Knife | Crimson Web (Minimal Wear)
Jun 25 2023 01: +0,594.355,1,★ Paracord Knife | Crimson Web (Minimal Wear)
Jun 26 2023 01: +0,496.109,1,★ Paracord Knife | Crimson Web (Minimal Wear)
Jun 27 2023 01: +0,496.083,1,★ Paracord Knife | Crimson Web (Minimal Wear)
Jul 01 2023 01: +0,447.642,2,★ Paracord Knife | Crimson Web (Minimal Wear)
Jul 02 2023 01: +0,410.844,2,★ Paracord Knife | Crimson Web (Minimal Wear)
Jul 03 2023 01: +0,399.322,1,★ Paracord Knife | Crimson Web (Minimal Wear)
Jul 08 2023 01: +0,509.273,2,★ Paracord Knife | Crimson Web (Minimal Wear)
Jul 13 2023 01: +0,437.03,1,★ Paracord Knife | Crimson Web (Minimal Wear)
Jul 14 2023 01: +0,472.868,1,★ Paracord Knife | Crimson Web (Minimal Wear)
Jul 16 2023 01: +0,641.376,1,★ Paracord Knife | Crimson Web (Minimal Wear)
Jul 20 2023 01: +0,447.504,1,★ Paracord Knife | Crimson Web (Minimal Wear)
Jul 22 2023 01: +0,551.18,1,★ Paracord Knife | Crimson Web (Minimal Wear)
Jul 26 2023 01: +0,534.92,1,★ Paracord Knife | Crimson Web (Minimal Wear)
Jul 28 2023 01: +0,390.576,1,★ Paracord Knife | Crimson Web (Minimal Wear)
Jul 29 2023 01: +0,412.669,1,★ Paracord Knife | Crimson Web (Minimal Wear)
Jul 31 2023 01: +0,489.409,1,★ Paracord Knife | Crimson Web (Minimal Wear)
Aug 01 2023 01: +0,426.348,1,★ Paracord Knife | Crimson Web (Minimal Wear)
Aug 02 2023 01: +0,426.968,2,★ Paracord Knife | Crimson Web (Minimal Wear)
Aug 04 2023 01: +0,491.227,2,★ Paracord Knife | Crimson Web (Minimal Wear)
Aug 06 2023 01: +0,425.185,1,★ Paracord Knife | Crimson Web (Minimal Wear)
Aug 09 2023 01: +0,413.204,1,★ Paracord Knife | Crimson Web (Minimal Wear)
Aug 12 2023 01: +0,411.67,3,★ Paracord Knife | Crimson Web (Minimal Wear)
Aug 13 2023 01: +0,395.807,1,★ Paracord Knife | Crimson Web (Minimal Wear)
Aug 14 2023 01: +0,445.3,1,★ Paracord Knife | Crimson Web (Minimal Wear)
Aug 15 2023 01: +0,409.791,1,★ Paracord Knife | Crimson Web (Minimal Wear)
Aug 17 2023 01: +0,410.105,1,★ Paracord Knife | Crimson Web (Minimal Wear)
Aug 20 2023 01: +0,404.365,1,★ Paracord Knife | Crimson Web (Minimal Wear)
Aug 25 2023 01: +0,403.313,1,★ Paracord Knife | Crimson Web (Minimal Wear)
Aug 30 2023 01: +0,558.079,1,★ Paracord Knife | Crimson Web (Minimal Wear)
Sep 05 2023 01: +0,515.782,1,★ Paracord Knife | Crimson Web (Minimal Wear)
Sep 07 2023 01: +0,466.993,1,★ Paracord Knife | Crimson Web (Minimal Wear)
Sep 11 2023 01: +0,415.2,1,★ Paracord Knife | Crimson Web (Minimal Wear)
Sep 15 2023 01: +0,423.389,1,★ Paracord Knife | Crimson Web (Minimal Wear)
Sep 16 2023 01: +0,521.094,1,★ Paracord Knife | Crimson Web (Minimal Wear)
Sep 20 2023 01: +0,431.879,1,★ Paracord Knife | Crimson Web (Minimal Wear)
Sep 24 2023 01: +0,500.948,1,★ Paracord Knife | Crimson Web (Minimal Wear)
Sep 29 2023 01: +0,500.617,2,★ Paracord Knife | Crimson Web (Minimal Wear)
Oct 02 2023 01: +0,439.398,1,★ Paracord Knife | Crimson Web (Minimal Wear)
Oct 03 2023 01: +0,434.279,1,★ Paracord Knife | Crimson Web (Minimal Wear)
Oct 05 2023 01: +0,458.24,2,★ Paracord Knife | Crimson Web (Minimal Wear)
Oct 07 2023 01: +0,464.203,3,★ Paracord Knife | Crimson Web (Minimal Wear)
Oct 08 2023 01: +0,455.179,2,★ Paracord Knife | Crimson Web (Minimal Wear)
Oct 09 2023 01: +0,410.445,1,★ Paracord Knife | Crimson Web (Minimal Wear)
Oct 10 2023 01: +0,507.565,2,★ Paracord Knife | Crimson Web (Minimal Wear)
Oct 11 2023 01: +0,621.709,1,★ Paracord Knife | Crimson Web (Minimal Wear)
Oct 12 2023 01: +0,471.239,1,★ Paracord Knife | Crimson Web (Minimal Wear)
Oct 13 2023 01: +0,530.148,1,★ Paracord Knife | Crimson Web (Minimal Wear)
Oct 14 2023 01: +0,509.668,1,★ Paracord Knife | Crimson Web (Minimal Wear)
Oct 15 2023 01: +0,451.023,1,★ Paracord Knife | Crimson Web (Minimal Wear)
Oct 16 2023 01: +0,593.897,2,★ Paracord Knife | Crimson Web (Minimal Wear)
Oct 18 2023 01: +0,447.067,1,★ Paracord Knife | Crimson Web (Minimal Wear)
Oct 19 2023 01: +0,436.979,1,★ Paracord Knife | Crimson Web (Minimal Wear)
Oct 21 2023 01: +0,433.595,2,★ Paracord Knife | Crimson Web (Minimal Wear)
Oct 22 2023 01: +0,470.591,3,★ Paracord Knife | Crimson Web (Minimal Wear)
Oct 26 2023 01: +0,466.178,1,★ Paracord Knife | Crimson Web (Minimal Wear)
Oct 27 2023 01: +0,491.688,2,★ Paracord Knife | Crimson Web (Minimal Wear)
Oct 30 2023 01: +0,382.103,1,★ Paracord Knife | Crimson Web (Minimal Wear)
Nov 01 2023 01: +0,399.585,1,★ Paracord Knife | Crimson Web (Minimal Wear)
Nov 07 2023 01: +0,445.773,1,★ Paracord Knife | Crimson Web (Minimal Wear)
Nov 08 2023 01: +0,404.213,1,★ Paracord Knife | Crimson Web (Minimal Wear)
Nov 14 2023 01: +0,366.349,3,★ Paracord Knife | Crimson Web (Minimal Wear)
Nov 15 2023 01: +0,327.651,1,★ Paracord Knife | Crimson Web (Minimal Wear)
Nov 16 2023 01: +0,364.773,1,★ Paracord Knife | Crimson Web (Minimal Wear)
Nov 19 2023 01: +0,344.199,1,★ Paracord Knife | Crimson Web (Minimal Wear)
Nov 20 2023 01: +0,339.635,1,★ Paracord Knife | Crimson Web (Minimal Wear)
Nov 22 2023 01: +0,406.617,1,★ Paracord Knife | Crimson Web (Minimal Wear)
Nov 23 2023 01: +0,412.568,1,★ Paracord Knife | Crimson Web (Minimal Wear)
Nov 27 2023 01: +0,403.311,1,★ Paracord Knife | Crimson Web (Minimal Wear)
Nov 29 2023 01: +0,323.477,1,★ Paracord Knife | Crimson Web (Minimal Wear)
Nov 30 2023 01: +0,339.141,2,★ Paracord Knife | Crimson Web (Minimal Wear)
Dec 01 2023 01: +0,356.613,1,★ Paracord Knife | Crimson Web (Minimal Wear)
Dec 03 2023 01: +0,378.681,1,★ Paracord Knife | Crimson Web (Minimal Wear)
Dec 05 2023 01: +0,367.007,1,★ Paracord Knife | Crimson Web (Minimal Wear)
Dec 07 2023 01: +0,354.749,2,★ Paracord Knife | Crimson Web (Minimal Wear)
Dec 09 2023 01: +0,359.295,2,★ Paracord Knife | Crimson Web (Minimal Wear)
Dec 10 2023 01: +0,359.483,1,★ Paracord Knife | Crimson Web (Minimal Wear)
Dec 12 2023 01: +0,352.023,1,★ Paracord Knife | Crimson Web (Minimal Wear)
Dec 13 2023 01: +0,410.99,1,★ Paracord Knife | Crimson Web (Minimal Wear)
Dec 16 2023 01: +0,404.79,1,★ Paracord Knife | Crimson Web (Minimal Wear)
Dec 22 2023 01: +0,430.677,1,★ Paracord Knife | Crimson Web (Minimal Wear)
Dec 25 2023 01: +0,355.308,1,★ Paracord Knife | Crimson Web (Minimal Wear)
Dec 28 2023 01: +0,324.348,1,★ Paracord Knife | Crimson Web (Minimal Wear)
Dec 29 2023 01: +0,339.632,1,★ Paracord Knife | Crimson Web (Minimal Wear)
Jan 03 2024 01: +0,315.409,1,★ Paracord Knife | Crimson Web (Minimal Wear)
Jan 05 2024 01: +0,297.178,1,★ Paracord Knife | Crimson Web (Minimal Wear)
Jan 06 2024 01: +0,333.979,1,★ Paracord Knife | Crimson Web (Minimal Wear)
Jan 08 2024 01: +0,364.71,1,★ Paracord Knife | Crimson Web (Minimal Wear)
Jan 09 2024 01: +0,398.014,1,★ Paracord Knife | Crimson Web (Minimal Wear)
Jan 13 2024 01: +0,322.973,1,★ Paracord Knife | Crimson Web (Minimal Wear)
Jan 19 2024 01: +0,301.291,2,★ Paracord Knife | Crimson Web (Minimal Wear)
Jan 21 2024 01: +0,390.576,1,★ Paracord Knife | Crimson Web (Minimal Wear)
Jan 27 2024 01: +0,317.568,1,★ Paracord Knife | Crimson Web (Minimal Wear)
Jan 28 2024 01: +0,314.039,1,★ Paracord Knife | Crimson Web (Minimal Wear)
Feb 02 2024 01: +0,310.514,3,★ Paracord Knife | Crimson Web (Minimal Wear)
Feb 03 2024 01: +0,292.807,2,★ Paracord Knife | Crimson Web (Minimal Wear)
Feb 04 2024 01: +0,346.326,1,★ Paracord Knife | Crimson Web (Minimal Wear)
Feb 05 2024 01: +0,320.744,2,★ Paracord Knife | Crimson Web (Minimal Wear)
Feb 09 2024 01: +0,329.426,1,★ Paracord Knife | Crimson Web (Minimal Wear)
Feb 10 2024 01: +0,283.598,1,★ Paracord Knife | Crimson Web (Minimal Wear)
Feb 11 2024 01: +0,272.716,1,★ Paracord Knife | Crimson Web (Minimal Wear)
Feb 15 2024 01: +0,338.825,1,★ Paracord Knife | Crimson Web (Minimal Wear)
Feb 18 2024 01: +0,363.988,1,★ Paracord Knife | Crimson Web (Minimal Wear)
Feb 19 2024 01: +0,355.77,1,★ Paracord Knife | Crimson Web (Minimal Wear)
Feb 20 2024 01: +0,365.495,1,★ Paracord Knife | Crimson Web (Minimal Wear)
Feb 21 2024 01: +0,287.165,1,★ Paracord Knife | Crimson Web (Minimal Wear)
Feb 23 2024 01: +0,302.726,2,★ Paracord Knife | Crimson Web (Minimal Wear)
Feb 24 2024 01: +0,285.277,2,★ Paracord Knife | Crimson Web (Minimal Wear)
Feb 27 2024 01: +0,313.756,1,★ Paracord Knife | Crimson Web (Minimal Wear)
Mar 02 2024 01: +0,303.376,1,★ Paracord Knife | Crimson Web (Minimal Wear)
Mar 05 2024 01: +0,387.349,1,★ Paracord Knife | Crimson Web (Minimal Wear)
Mar 06 2024 01: +0,322.644,1,★ Paracord Knife | Crimson Web (Minimal Wear)
Mar 07 2024 01: +0,351.519,1,★ Paracord Knife | Crimson Web (Minimal Wear)
Mar 09 2024 01: +0,380.035,2,★ Paracord Knife | Crimson Web (Minimal Wear)
Mar 17 2024 01: +0,356.2,1,★ Paracord Knife | Crimson Web (Minimal Wear)
Mar 19 2024 01: +0,286.734,1,★ Paracord Knife | Crimson Web (Minimal Wear)
Mar 22 2024 01: +0,356.393,1,★ Paracord Knife | Crimson Web (Minimal Wear)
Mar 26 2024 01: +0,295.481,1,★ Paracord Knife | Crimson Web (Minimal Wear)
Mar 27 2024 01: +0,287.812,1,★ Paracord Knife | Crimson Web (Minimal Wear)
Mar 30 2024 01: +0,324.799,1,★ Paracord Knife | Crimson Web (Minimal Wear)
Apr 06 2024 01: +0,306.535,1,★ Paracord Knife | Crimson Web (Minimal Wear)
Apr 09 2024 01: +0,310.05,1,★ Paracord Knife | Crimson Web (Minimal Wear)
Apr 10 2024 01: +0,309.81,1,★ Paracord Knife | Crimson Web (Minimal Wear)
Apr 13 2024 01: +0,302.943,1,★ Paracord Knife | Crimson Web (Minimal Wear)
Apr 18 2024 01: +0,351.867,1,★ Paracord Knife | Crimson Web (Minimal Wear)
Apr 23 2024 01: +0,273.401,1,★ Paracord Knife | Crimson Web (Minimal Wear)
Apr 26 2024 01: +0,321.457,2,★ Paracord Knife | Crimson Web (Minimal Wear)
May 02 2024 01: +0,293.781,1,★ Paracord Knife | Crimson Web (Minimal Wear)
May 03 2024 01: +0,296.94,1,★ Paracord Knife | Crimson Web (Minimal Wear)
May 05 2024 01: +0,299.046,1,★ Paracord Knife | Crimson Web (Minimal Wear)
May 06 2024 01: +0,301.245,1,★ Paracord Knife | Crimson Web (Minimal Wear)
May 07 2024 01: +0,311.171,1,★ Paracord Knife | Crimson Web (Minimal Wear)
May 09 2024 01: +0,305.601,1,★ Paracord Knife | Crimson Web (Minimal Wear)
May 11 2024 01: +0,305.83,1,★ Paracord Knife | Crimson Web (Minimal Wear)
May 13 2024 01: +0,306.056,3,★ Paracord Knife | Crimson Web (Minimal Wear)
May 15 2024 01: +0,312.119,2,★ Paracord Knife | Crimson Web (Minimal Wear)
May 20 2024 01: +0,315.703,1,★ Paracord Knife | Crimson Web (Minimal Wear)
May 21 2024 01: +0,152.929,2,★ Paracord Knife | Crimson Web (Minimal Wear)
May 26 2024 01: +0,294.63,1,★ Paracord Knife | Crimson Web (Minimal Wear)
May 31 2024 01: +0,305.876,2,★ Paracord Knife | Crimson Web (Minimal Wear)
Jun 08 2024 01: +0,311.332,2,★ Paracord Knife | Crimson Web (Minimal Wear)
Jun 09 2024 01: +0,287.634,1,★ Paracord Knife | Crimson Web (Minimal Wear)
Jun 12 2024 01: +0,287.023,1,★ Paracord Knife | Crimson Web (Minimal Wear)
Jun 15 2024 01: +0,332.703,1,★ Paracord Knife | Crimson Web (Minimal Wear)
Jun 16 2024 01: +0,332.937,1,★ Paracord Knife | Crimson Web (Minimal Wear)
Jun 26 2024 01: +0,264.463,1,★ Paracord Knife | Crimson Web (Minimal Wear)
Jun 29 2024 01: +0,273.947,1,★ Paracord Knife | Crimson Web (Minimal Wear)
Jul 01 2024 01: +0,283.783,2,★ Paracord Knife | Crimson Web (Minimal Wear)
Jul 08 2024 01: +0,274.752,2,★ Paracord Knife | Crimson Web (Minimal Wear)
Jul 15 2024 01: +0,268.19,1,★ Paracord Knife | Crimson Web (Minimal Wear)
Jul 20 2024 01: +0,246.87,1,★ Paracord Knife | Crimson Web (Minimal Wear)
Jul 24 2024 01: +0,292.93,1,★ Paracord Knife | Crimson Web (Minimal Wear)
Jul 26 2024 01: +0,269.71,1,★ Paracord Knife | Crimson Web (Minimal Wear)
Jul 27 2024 01: +0,269.608,1,★ Paracord Knife | Crimson Web (Minimal Wear)
Jul 30 2024 01: +0,274.448,1,★ Paracord Knife | Crimson Web (Minimal Wear)
Aug 01 2024 01: +0,269.158,1,★ Paracord Knife | Crimson Web (Minimal Wear)
Aug 07 2024 01: +0,272.198,1,★ Paracord Knife | Crimson Web (Minimal Wear)
Aug 13 2024 01: +0,318.676,1,★ Paracord Knife | Crimson Web (Minimal Wear)
Aug 14 2024 01: +0,265.838,1,★ Paracord Knife | Crimson Web (Minimal Wear)
Aug 23 2024 01: +0,278.278,1,★ Paracord Knife | Crimson Web (Minimal Wear)
Aug 26 2024 01: +0,311.724,1,★ Paracord Knife | Crimson Web (Minimal Wear)
Sep 02 2024 01: +0,249.476,1,★ Paracord Knife | Crimson Web (Minimal Wear)
Sep 10 2024 01: +0,243.822,1,★ Paracord Knife | Crimson Web (Minimal Wear)
Sep 12 2024 01: +0,350.704,1,★ Paracord Knife | Crimson Web (Minimal Wear)
Sep 13 2024 01: +0,288.113,2,★ Paracord Knife | Crimson Web (Minimal Wear)
Sep 14 2024 01: +0,267.659,1,★ Paracord Knife | Crimson Web (Minimal Wear)
Sep 16 2024 01: +0,270.72,1,★ Paracord Knife | Crimson Web (Minimal Wear)
Sep 21 2024 01: +0,266.679,1,★ Paracord Knife | Crimson Web (Minimal Wear)
Sep 22 2024 01: +0,266.619,1,★ Paracord Knife | Crimson Web (Minimal Wear)
Sep 28 2024 01: +0,263.215,1,★ Paracord Knife | Crimson Web (Minimal Wear)
Oct 05 2024 01: +0,266.159,1,★ Paracord Knife | Crimson Web (Minimal Wear)
Oct 06 2024 01: +0,261.109,1,★ Paracord Knife | Crimson Web (Minimal Wear)
Oct 07 2024 01: +0,264.064,1,★ Paracord Knife | Crimson Web (Minimal Wear)
Oct 09 2024 01: +0,262.081,2,★ Paracord Knife | Crimson Web (Minimal Wear)
Oct 14 2024 01: +0,261.516,1,★ Paracord Knife | Crimson Web (Minimal Wear)
Oct 15 2024 01: +0,262.457,2,★ Paracord Knife | Crimson Web (Minimal Wear)
Oct 20 2024 01: +0,300.99,1,★ Paracord Knife | Crimson Web (Minimal Wear)
Oct 25 2024 01: +0,265.906,1,★ Paracord Knife | Crimson Web (Minimal Wear)
Oct 28 2024 01: +0,272.037,3,★ Paracord Knife | Crimson Web (Minimal Wear)
Nov 01 2024 01: +0,254.727,1,★ Paracord Knife | Crimson Web (Minimal Wear)
Nov 09 2024 01: +0,278.642,1,★ Paracord Knife | Crimson Web (Minimal Wear)
Nov 12 2024 01: +0,277.676,1,★ Paracord Knife | Crimson Web (Minimal Wear)
Nov 16 2024 01: +0,270.839,1,★ Paracord Knife | Crimson Web (Minimal Wear)
Nov 18 2024 01: +0,279.762,1,★ Paracord Knife | Crimson Web (Minimal Wear)
Nov 20 2024 01: +0,278.651,2,★ Paracord Knife | Crimson Web (Minimal Wear)
Nov 25 2024 01: +0,273.965,1,★ Paracord Knife | Crimson Web (Minimal Wear)
Nov 29 2024 01: +0,278.682,1,★ Paracord Knife | Crimson Web (Minimal Wear)
Nov 30 2024 01: +0,291.329,1,★ Paracord Knife | Crimson Web (Minimal Wear)
Dec 15 2024 01: +0,271.252,3,★ Paracord Knife | Crimson Web (Minimal Wear)
Dec 25 2024 01: +0,258.146,1,★ Paracord Knife | Crimson Web (Minimal Wear)
Jan 03 2025 01: +0,259.648,1,★ Paracord Knife | Crimson Web (Minimal Wear)
Jan 04 2025 01: +0,296.125,2,★ Paracord Knife | Crimson Web (Minimal Wear)
Jan 05 2025 01: +0,248.772,1,★ Paracord Knife | Crimson Web (Minimal Wear)
Jan 08 2025 01: +0,295.615,1,★ Paracord Knife | Crimson Web (Minimal Wear)
Jan 10 2025 01: +0,304.65,1,★ Paracord Knife | Crimson Web (Minimal Wear)
Jan 13 2025 01: +0,294.707,1,★ Paracord Knife | Crimson Web (Minimal Wear)
Jan 19 2025 01: +0,243.057,1,★ Paracord Knife | Crimson Web (Minimal Wear)
Jan 22 2025 01: +0,283.162,1,★ Paracord Knife | Crimson Web (Minimal Wear)
Jan 30 2025 01: +0,270.725,2,★ Paracord Knife | Crimson Web (Minimal Wear)
Feb 03 2025 01: +0,243.006,1,★ Paracord Knife | Crimson Web (Minimal Wear)
Feb 06 2025 01: +0,247.88,1,★ Paracord Knife | Crimson Web (Minimal Wear)
Feb 07 2025 01: +0,291.849,1,★ Paracord Knife | Crimson Web (Minimal Wear)
Feb 14 2025 01: +0,345.431,1,★ Paracord Knife | Crimson Web (Minimal Wear)
Feb 15 2025 01: +0,283.043,1,★ Paracord Knife | Crimson Web (Minimal Wear)
Feb 18 2025 01: +0,336.592,1,★ Paracord Knife | Crimson Web (Minimal Wear)
Feb 20 2025 01: +0,338.078,1,★ Paracord Knife | Crimson Web (Minimal Wear)
Feb 26 2025 01: +0,302.701,1,★ Paracord Knife | Crimson Web (Minimal Wear)
Feb 28 2025 01: +0,263.425,1,★ Paracord Knife | Crimson Web (Minimal Wear)
Mar 04 2025 01: +0,294.422,2,★ Paracord Knife | Crimson Web (Minimal Wear)
Mar 06 2025 01: +0,259.631,1,★ Paracord Knife | Crimson Web (Minimal Wear)
Mar 07 2025 01: +0,296.976,2,★ Paracord Knife | Crimson Web (Minimal Wear)
Mar 15 2025 01: +0,327.812,1,★ Paracord Knife | Crimson Web (Minimal Wear)
Mar 17 2025 01: +0,326.67,2,★ Paracord Knife | Crimson Web (Minimal Wear)
Mar 19 2025 01: +0,326.517,1,★ Paracord Knife | Crimson Web (Minimal Wear)
Mar 22 2025 01: +0,266.471,2,★ Paracord Knife | Crimson Web (Minimal Wear)
Mar 26 2025 01: +0,260.931,1,★ Paracord Knife | Crimson Web (Minimal Wear)
Apr 01 2025 01: +0,320.452,1,★ Paracord Knife | Crimson Web (Minimal Wear)
Apr 02 2025 01: +0,265.838,1,★ Paracord Knife | Crimson Web (Minimal Wear)
Apr 03 2025 01: +0,251.635,1,★ Paracord Knife | Crimson Web (Minimal Wear)
Apr 04 2025 01: +0,289.524,1,★ Paracord Knife | Crimson Web (Minimal Wear)
Apr 06 2025 01: +0,264.106,1,★ Paracord Knife | Crimson Web (Minimal Wear)
Apr 09 2025 01: +0,298.821,2,★ Paracord Knife | Crimson Web (Minimal Wear)
Apr 17 2025 01: +0,288.05,2,★ Paracord Knife | Crimson Web (Minimal Wear)
May 07 2025 01: +0,260.149,1,★ Paracord Knife | Crimson Web (Minimal Wear)
May 10 2025 01: +0,265.167,1,★ Paracord Knife | Crimson Web (Minimal Wear)
May 12 2025 01: +0,273.658,1,★ Paracord Knife | Crimson Web (Minimal Wear)
May 13 2025 01: +0,273.794,1,★ Paracord Knife | Crimson Web (Minimal Wear)
May 14 2025 01: +0,272.308,2,★ Paracord Knife | Crimson Web (Minimal Wear)
May 15 2025 01: +0,284.841,1,★ Paracord Knife | Crimson Web (Minimal Wear)
May 16 2025 01: +0,299.156,1,★ Paracord Knife | Crimson Web (Minimal Wear)
May 17 2025 01: +0,294.633,1,★ Paracord Knife | Crimson Web (Minimal Wear)
May 20 2025 01: +0,278.506,1,★ Paracord Knife | Crimson Web (Minimal Wear)
May 23 2025 01: +0,296.507,2,★ Paracord Knife | Crimson Web (Minimal Wear)
May 28 2025 01: +0,270.644,1,★ Paracord Knife | Crimson Web (Minimal Wear)
Jun 08 2025 01: +0,306.934,1,★ Paracord Knife | Crimson Web (Minimal Wear)
Jun 09 2025 01: +0,257.649,2,★ Paracord Knife | Crimson Web (Minimal Wear)
Jun 12 2025 01: +0,336.154,1,★ Paracord Knife | Crimson Web (Minimal Wear)
Jun 15 2025 01: +0,331.008,1,★ Paracord Knife | Crimson Web (Minimal Wear)
Jun 21 2025 01: +0,263.996,1,★ Paracord Knife | Crimson Web (Minimal Wear)
Jun 24 2025 01: +0,263.631,1,★ Paracord Knife | Crimson Web (Minimal Wear)
Jun 27 2025 01: +0,331.719,1,★ Paracord Knife | Crimson Web (Minimal Wear)
Jul 03 2025 01: +0,256.129,2,★ Paracord Knife | Crimson Web (Minimal Wear)
Jul 05 2025 01: +0,259.597,1,★ Paracord Knife | Crimson Web (Minimal Wear)
Jul 06 2025 01: +0,257.755,1,★ Paracord Knife | Crimson Web (Minimal Wear)
Jul 07 2025 01: +0,261.729,1,★ Paracord Knife | Crimson Web (Minimal Wear)
Jul 11 2025 01: +0,260.03,1,★ Paracord Knife | Crimson Web (Minimal Wear)
Jul 13 2025 01: +0,265.819,2,★ Paracord Knife | Crimson Web (Minimal Wear)
Jul 14 2025 01: +0,304.758,1,★ Paracord Knife | Crimson Web (Minimal Wear)
Jul 16 2025 01: +0,259.742,1,★ Paracord Knife | Crimson Web (Minimal Wear)
Jul 18 2025 01: +0,308.697,1,★ Paracord Knife | Crimson Web (Minimal Wear)
Jul 24 2025 01: +0,248.483,1,★ Paracord Knife | Crimson Web (Minimal Wear)
Jul 25 2025 01: +0,248.542,1,★ Paracord Knife | Crimson Web (Minimal Wear)
Jul 26 2025 01: +0,258.71,1,★ Paracord Knife | Crimson Web (Minimal Wear)
Jul 27 2025 01: +0,271.705,1,★ Paracord Knife | Crimson Web (Minimal Wear)
Jul 28 2025 01: +0,254.448,2,★ Paracord Knife | Crimson Web (Minimal Wear)
Jul 30 2025 01: +0,253.445,2,★ Paracord Knife | Crimson Web (Minimal Wear)
Jul 31 2025 01: +0,268.156,1,★ Paracord Knife | Crimson Web (Minimal Wear)
Aug 03 2025 01: +0,271.671,3,★ Paracord Knife | Crimson Web (Minimal Wear)
Aug 04 2025 01: +0,282.743,1,★ Paracord Knife | Crimson Web (Minimal Wear)
Aug 09 2025 01: +0,273.403,1,★ Paracord Knife | Crimson Web (Minimal Wear)
Aug 10 2025 01: +0,286.581,1,★ Paracord Knife | Crimson Web (Minimal Wear)
Aug 13 2025 01: +0,263.639,1,★ Paracord Knife | Crimson Web (Minimal Wear)
Aug 14 2025 01: +0,278.527,2,★ Paracord Knife | Crimson Web (Minimal Wear)
Aug 17 2025 01: +0,297.185,1,★ Paracord Knife | Crimson Web (Minimal Wear)
Aug 19 2025 01: +0,253.026,3,★ Paracord Knife | Crimson Web (Minimal Wear)
Aug 21 2025 01: +0,270.804,3,★ Paracord Knife | Crimson Web (Minimal Wear)
Aug 22 2025 01: +0,271.544,2,★ Paracord Knife | Crimson Web (Minimal Wear)
Aug 23 2025 01: +0,293.34,1,★ Paracord Knife | Crimson Web (Minimal Wear)
Aug 24 2025 01: +0,302.199,1,★ Paracord Knife | Crimson Web (Minimal Wear)
Aug 27 2025 01: +0,258.586,1,★ Paracord Knife | Crimson Web (Minimal Wear)
Aug 28 2025 01: +0,241.27,2,★ Paracord Knife | Crimson Web (Minimal Wear)
Aug 31 2025 01: +0,265.238,2,★ Paracord Knife | Crimson Web (Minimal Wear)
Sep 01 2025 01: +0,329.71,1,★ Paracord Knife | Crimson Web (Minimal Wear)
Sep 03 2025 01: +0,251.047,2,★ Paracord Knife | Crimson Web (Minimal Wear)
Sep 05 2025 01: +0,277.52,3,★ Paracord Knife | Crimson Web (Minimal Wear)
Sep 07 2025 01: +0,326.051,1,★ Paracord Knife | Crimson Web (Minimal Wear)
Sep 09 2025 01: +0,292.938,2,★ Paracord Knife | Crimson Web (Minimal Wear)
Sep 13 2025 01: +0,256.46,2,★ Paracord Knife | Crimson Web (Minimal Wear)
Sep 17 2025 01: +0,284.076,1,★ Paracord Knife | Crimson Web (Minimal Wear)
Sep 18 2025 01: +0,229.243,1,★ Paracord Knife | Crimson Web (Minimal Wear)
Sep 25 2025 01: +0,256.845,1,★ Paracord Knife | Crimson Web (Minimal Wear)
Sep 27 2025 01: +0,231.002,1,★ Paracord Knife | Crimson Web (Minimal Wear)
Sep 30 2025 01: +0,266.837,1,★ Paracord Knife | Crimson Web (Minimal Wear)
Oct 03 2025 01: +0,220.769,1,★ Paracord Knife | Crimson Web (Minimal Wear)
Oct 04 2025 01: +0,273.038,1,★ Paracord Knife | Crimson Web (Minimal Wear)
Oct 05 2025 01: +0,229.09,1,★ Paracord Knife | Crimson Web (Minimal Wear)
Oct 10 2025 01: +0,268.305,1,★ Paracord Knife | Crimson Web (Minimal Wear)
Oct 16 2025 01: +0,260.816,1,★ Paracord Knife | Crimson Web (Minimal Wear)
Oct 18 2025 01: +0,233.441,1,★ Paracord Knife | Crimson Web (Minimal Wear)
Oct 20 2025 01: +0,259.776,1,★ Paracord Knife | Crimson Web (Minimal Wear)
Oct 21 2025 01: +0,268.751,1,★ Paracord Knife | Crimson Web (Minimal Wear)
Oct 23 2025 01: +0,144.166,26,★ Paracord Knife | Crimson Web (Minimal Wear)
Oct 24 2025 01: +0,145.631,16,★ Paracord Knife | Crimson Web (Minimal Wear)
Oct 25 2025 01: +0,154.274,11,★ Paracord Knife | Crimson Web (Minimal Wear)
Oct 26 2025 01: +0,170.065,15,★ Paracord Knife | Crimson Web (Minimal Wear)
Oct 27 2025 01: +0,147.725,4,★ Paracord Knife | Crimson Web (Minimal Wear)
Oct 28 2025 01: +0,134.382,3,★ Paracord Knife | Crimson Web (Minimal Wear)
Oct 29 2025 01: +0,138.457,3,★ Paracord Knife | Crimson Web (Minimal Wear)
Oct 30 2025 01: +0,159.08,10,★ Paracord Knife | Crimson Web (Minimal Wear)
Oct 31 2025 01: +0,230.245,3,★ Paracord Knife | Crimson Web (Minimal Wear)
Nov 01 2025 01: +0,226.377,1,★ Paracord Knife | Crimson Web (Minimal Wear)
Nov 02 2025 01: +0,201.451,2,★ Paracord Knife | Crimson Web (Minimal Wear)
Nov 03 2025 01: +0,214.561,2,★ Paracord Knife | Crimson Web (Minimal Wear)
Nov 04 2025 01: +0,213.17,2,★ Paracord Knife | Crimson Web (Minimal Wear)
Nov 05 2025 01: +0,217.884,3,★ Paracord Knife | Crimson Web (Minimal Wear)
Nov 06 2025 01: +0,186.049,3,★ Paracord Knife | Crimson Web (Minimal Wear)
Nov 07 2025 01: +0,222.478,1,★ Paracord Knife | Crimson Web (Minimal Wear)
Nov 09 2025 01: +0,194.003,3,★ Paracord Knife | Crimson Web (Minimal Wear)
Nov 11 2025 01: +0,197.513,2,★ Paracord Knife | Crimson Web (Minimal Wear)
Nov 14 2025 01: +0,168.383,3,★ Paracord Knife | Crimson Web (Minimal Wear)
Nov 16 2025 01: +0,162.173,2,★ Paracord Knife | Crimson Web (Minimal Wear)
Nov 17 2025 01: +0,142.564,6,★ Paracord Knife | Crimson Web (Minimal Wear)
Nov 18 2025 01: +0,138.703,1,★ Paracord Knife | Crimson Web (Minimal Wear)
Nov 20 2025 01: +0,164.417,1,★ Paracord Knife | Crimson Web (Minimal Wear)
Nov 21 2025 01: +0,148.604,1,★ Paracord Knife | Crimson Web (Minimal Wear)
Nov 22 2025 01: +0,142.563,1,★ Paracord Knife | Crimson Web (Minimal Wear)
Nov 23 2025 01: +0,163.876,1,★ Paracord Knife | Crimson Web (Minimal Wear)
Nov 25 2025 01: +0,149.854,1,★ Paracord Knife | Crimson Web (Minimal Wear)
Nov 28 2025 01: +0,166.589,4,★ Paracord Knife | Crimson Web (Minimal Wear)
Nov 30 2025 01: +0,158.185,1,★ Paracord Knife | Crimson Web (Minimal Wear)
Dec 02 2025 01: +0,163.604,2,★ Paracord Knife | Crimson Web (Minimal Wear)
Dec 03 2025 01: +0,154.633,2,★ Paracord Knife | Crimson Web (Minimal Wear)
Dec 04 2025 01: +0,155.795,3,★ Paracord Knife | Crimson Web (Minimal Wear)
Dec 05 2025 01: +0,159.124,1,★ Paracord Knife | Crimson Web (Minimal Wear)
Dec 06 2025 01: +0,151.569,2,★ Paracord Knife | Crimson Web (Minimal Wear)
Dec 07 2025 01: +0,153.56,1,★ Paracord Knife | Crimson Web (Minimal Wear)
Dec 08 2025 01: +0,163.008,2,★ Paracord Knife | Crimson Web (Minimal Wear)
Dec 12 2025 01: +0,160.281,1,★ Paracord Knife | Crimson Web (Minimal Wear)
Dec 13 2025 01: +0,162.836,1,★ Paracord Knife | Crimson Web (Minimal Wear)
Dec 14 2025 01: +0,157.094,1,★ Paracord Knife | Crimson Web (Minimal Wear)
Dec 15 2025 01: +0,172.421,2,★ Paracord Knife | Crimson Web (Minimal Wear)
Dec 16 2025 01: +0,170.526,1,★ Paracord Knife | Crimson Web (Minimal Wear)
Dec 17 2025 01: +0,138.765,2,★ Paracord Knife | Crimson Web (Minimal Wear)
Dec 19 2025 01: +0,156.126,3,★ Paracord Knife | Crimson Web (Minimal Wear)
Dec 20 2025 01: +0,161.417,1,★ Paracord Knife | Crimson Web (Minimal Wear)
Dec 21 2025 01: +0,157.084,1,★ Paracord Knife | Crimson Web (Minimal Wear)
Dec 22 2025 01: +0,164.869,2,★ Paracord Knife | Crimson Web (Minimal Wear)
Dec 23 2025 01: +0,181.925,1,★ Paracord Knife | Crimson Web (Minimal Wear)
Dec 24 2025 01: +0,169.039,1,★ Paracord Knife | Crimson Web (Minimal Wear)
Dec 25 2025 01: +0,176.222,2,★ Paracord Knife | Crimson Web (Minimal Wear)
Dec 26 2025 01: +0,159.317,2,★ Paracord Knife | Crimson Web (Minimal Wear)
Dec 27 2025 01: +0,147.443,1,★ Paracord Knife | Crimson Web (Minimal Wear)
Dec 29 2025 01: +0,169.81,1,★ Paracord Knife | Crimson Web (Minimal Wear)
Dec 31 2025 01: +0,169.468,1,★ Paracord Knife | Crimson Web (Minimal Wear)
Jan 01 2026 01: +0,156.232,1,★ Paracord Knife | Crimson Web (Minimal Wear)
Jan 03 2026 01: +0,191.871,3,★ Paracord Knife | Crimson Web (Minimal Wear)
Jan 05 2026 01: +0,164.295,2,★ Paracord Knife | Crimson Web (Minimal Wear)
Jan 08 2026 01: +0,161.457,3,★ Paracord Knife | Crimson Web (Minimal Wear)
Jan 09 2026 01: +0,171.327,2,★ Paracord Knife | Crimson Web (Minimal Wear)
Jan 11 2026 01: +0,144.349,1,★ Paracord Knife | Crimson Web (Minimal Wear)
Jan 12 2026 01: +0,152.446,4,★ Paracord Knife | Crimson Web (Minimal Wear)
Jan 14 2026 01: +0,164.368,1,★ Paracord Knife | Crimson Web (Minimal Wear)
Jan 16 2026 01: +0,141.743,5,★ Paracord Knife | Crimson Web (Minimal Wear)
Jan 18 2026 01: +0,145.157,2,★ Paracord Knife | Crimson Web (Minimal Wear)
Jan 19 2026 01: +0,144.782,2,★ Paracord Knife | Crimson Web (Minimal Wear)
Jan 20 2026 01: +0,150.859,1,★ Paracord Knife | Crimson Web (Minimal Wear)
Jan 21 2026 01: +0,163.262,1,★ Paracord Knife | Crimson Web (Minimal Wear)
Jan 22 2026 01: +0,149.085,2,★ Paracord Knife | Crimson Web (Minimal Wear)
Jan 23 2026 01: +0,159.028,2,★ Paracord Knife | Crimson Web (Minimal Wear)
Jan 24 2026 01: +0,141.491,1,★ Paracord Knife | Crimson Web (Minimal Wear)
Jan 27 2026 01: +0,155.505,1,★ Paracord Knife | Crimson Web (Minimal Wear)
Jan 29 2026 01: +0,151.357,1,★ Paracord Knife | Crimson Web (Minimal Wear)
Jan 30 2026 01: +0,153.643,3,★ Paracord Knife | Crimson Web (Minimal Wear)
Jan 31 2026 01: +0,151.124,1,★ Paracord Knife | Crimson Web (Minimal Wear)
Feb 01 2026 01: +0,135.861,1,★ Paracord Knife | Crimson Web (Minimal Wear)
Feb 02 2026 01: +0,154.42,1,★ Paracord Knife | Crimson Web (Minimal Wear)
Feb 03 2026 01: +0,136.978,2,★ Paracord Knife | Crimson Web (Minimal Wear)
Feb 04 2026 01: +0,145.324,2,★ Paracord Knife | Crimson Web (Minimal Wear)
Feb 06 2026 01: +0,135.955,2,★ Paracord Knife | Crimson Web (Minimal Wear)
Feb 07 2026 01: +0,152.397,2,★ Paracord Knife | Crimson Web (Minimal Wear)
Feb 08 2026 01: +0,156.965,2,★ Paracord Knife | Crimson Web (Minimal Wear)
Feb 09 2026 01: +0,161.498,1,★ Paracord Knife | Crimson Web (Minimal Wear)
Feb 10 2026 01: +0,138.773,1,★ Paracord Knife | Crimson Web (Minimal Wear)
Feb 12 2026 01: +0,138.629,1,★ Paracord Knife | Crimson Web (Minimal Wear)
Feb 15 2026 01: +0,152.325,1,★ Paracord Knife | Crimson Web (Minimal Wear)
Feb 16 2026 01: +0,152.842,1,★ Paracord Knife | Crimson Web (Minimal Wear)
Feb 17 2026 01: +0,135.963,1,★ Paracord Knife | Crimson Web (Minimal Wear)
Feb 19 2026 01: +0,156.733,2,★ Paracord Knife | Crimson Web (Minimal Wear)
Feb 20 2026 01: +0,159.27,2,★ Paracord Knife | Crimson Web (Minimal Wear)
Feb 21 2026 01: +0,135.258,3,★ Paracord Knife | Crimson Web (Minimal Wear)
Feb 23 2026 01: +0,141.525,1,★ Paracord Knife | Crimson Web (Minimal Wear)
Feb 24 2026 01: +0,141.558,2,★ Paracord Knife | Crimson Web (Minimal Wear)
Feb 25 2026 01: +0,138.629,1,★ Paracord Knife | Crimson Web (Minimal Wear)
Feb 26 2026 01: +0,156.208,1,★ Paracord Knife | Crimson Web (Minimal Wear)
Feb 27 2026 01: +0,156.231,1,★ Paracord Knife | Crimson Web (Minimal Wear)
Mar 01 2026 01: +0,160.499,2,★ Paracord Knife | Crimson Web (Minimal Wear)
Mar 02 2026 01: +0,160.402,1,★ Paracord Knife | Crimson Web (Minimal Wear)
Mar 04 2026 01: +0,140.947,1,★ Paracord Knife | Crimson Web (Minimal Wear)
Mar 06 2026 01: +0,141.022,1,★ Paracord Knife | Crimson Web (Minimal Wear)
Mar 10 2026 01: +0,144.001,2,★ Paracord Knife | Crimson Web (Minimal Wear)
Mar 11 2026 01: +0,148.477,2,★ Paracord Knife | Crimson Web (Minimal Wear)
Mar 12 2026 01: +0,147.222,2,★ Paracord Knife | Crimson Web (Minimal Wear)
Mar 14 2026 01: +0,139.632,2,★ Paracord Knife | Crimson Web (Minimal Wear)
Mar 17 2026 01: +0,151.004,1,★ Paracord Knife | Crimson Web (Minimal Wear)
Mar 18 2026 01: +0,150.618,1,★ Paracord Knife | Crimson Web (Minimal Wear)
Mar 19 2026 01: +0,161.597,1,★ Paracord Knife | Crimson Web (Minimal Wear)
Mar 20 2026 01: +0,126.606,1,★ Paracord Knife | Crimson Web (Minimal Wear)
Mar 21 2026 01: +0,138.56,2,★ Paracord Knife | Crimson Web (Minimal Wear)
Mar 22 2026 01: +0,133.686,6,★ Paracord Knife | Crimson Web (Minimal Wear)
Mar 23 2026 01: +0,148.526,1,★ Paracord Knife | Crimson Web (Minimal Wear)
Mar 24 2026 01: +0,147.741,2,★ Paracord Knife | Crimson Web (Minimal Wear)
Mar 25 2026 01: +0,158.185,1,★ Paracord Knife | Crimson Web (Minimal Wear)
Mar 26 2026 01: +0,133.599,3,★ Paracord Knife | Crimson Web (Minimal Wear)
Mar 27 2026 01: +0,153.207,2,★ Paracord Knife | Crimson Web (Minimal Wear)
Mar 28 2026 01: +0,146.541,3,★ Paracord Knife | Crimson Web (Minimal Wear)
Mar 29 2026 01: +0,156.795,1,★ Paracord Knife | Crimson Web (Minimal Wear)
Mar 30 2026 01: +0,160.955,3,★ Paracord Knife | Crimson Web (Minimal Wear)
Mar 31 2026 01: +0,157.131,1,★ Paracord Knife | Crimson Web (Minimal Wear)
Apr 02 2026 01: +0,133.81,1,★ Paracord Knife | Crimson Web (Minimal Wear)
Apr 03 2026 01: +0,169.576,2,★ Paracord Knife | Crimson Web (Minimal Wear)
Apr 06 2026 01: +0,161.357,3,★ Paracord Knife | Crimson Web (Minimal Wear)
Apr 07 2026 01: +0,181.075,1,★ Paracord Knife | Crimson Web (Minimal Wear)
Apr 09 2026 01: +0,170.87,1,★ Paracord Knife | Crimson Web (Minimal Wear)
Apr 10 2026 01: +0,159.763,1,★ Paracord Knife | Crimson Web (Minimal Wear)
Apr 13 2026 10: +0,140.099,1,★ Paracord Knife | Crimson Web (Minimal Wear)
Apr 13 2026 11: +0,192.507,1,★ Paracord Knife | Crimson Web (Minimal Wear)
Apr 16 2026 07: +0,170.16,1,★ Paracord Knife | Crimson Web (Minimal Wear)
Apr 18 2026 02: +0,180.608,1,★ Paracord Knife | Crimson Web (Minimal Wear)
Apr 18 2026 06: +0,195.288,1,★ Paracord Knife | Crimson Web (Minimal Wear)
Apr 18 2026 09: +0,170.837,1,★ Paracord Knife | Crimson Web (Minimal Wear)
Apr 18 2026 15: +0,171.239,1,★ Paracord Knife | Crimson Web (Minimal Wear)
Apr 20 2026 00: +0,172.873,1,★ Paracord Knife | Crimson Web (Minimal Wear)
Apr 21 2026 01: +0,168.253,1,★ Paracord Knife | Crimson Web (Minimal Wear)
Apr 21 2026 09: +0,134.876,1,★ Paracord Knife | Crimson Web (Minimal Wear)
Apr 23 2026 10: +0,167.328,1,★ Paracord Knife | Crimson Web (Minimal Wear)
Apr 24 2026 09: +0,143.548,1,★ Paracord Knife | Crimson Web (Minimal Wear)
Apr 24 2026 14: +0,142.518,1,★ Paracord Knife | Crimson Web (Minimal Wear)
Apr 25 2026 20: +0,168.882,1,★ Paracord Knife | Crimson Web (Minimal Wear)
Apr 26 2026 00: +0,161.329,1,★ Paracord Knife | Crimson Web (Minimal Wear)
Apr 29 2026 23: +0,135.776,1,★ Paracord Knife | Crimson Web (Minimal Wear)
Apr 30 2026 02: +0,162.089,1,★ Paracord Knife | Crimson Web (Minimal Wear)
May 02 2026 20: +0,136.388,1,★ Paracord Knife | Crimson Web (Minimal Wear)
May 02 2026 22: +0,152.842,1,★ Paracord Knife | Crimson Web (Minimal Wear)
May 04 2026 21: +0,169.911,1,★ Paracord Knife | Crimson Web (Minimal Wear)
May 06 2026 01: +0,133.823,1,★ Paracord Knife | Crimson Web (Minimal Wear)
May 07 2026 00: +0,176.974,1,★ Paracord Knife | Crimson Web (Minimal Wear)
May 08 2026 13: +0,164.726,1,★ Paracord Knife | Crimson Web (Minimal Wear)
May 08 2026 22: +0,167.219,1,★ Paracord Knife | Crimson Web (Minimal Wear)
May 09 2026 13: +0,170.014,1,★ Paracord Knife | Crimson Web (Minimal Wear)
May 11 2026 01: +0,142.792,1,★ Paracord Knife | Crimson Web (Minimal Wear)
May 11 2026 02: +0,149.939,1,★ Paracord Knife | Crimson Web (Minimal Wear)
May 11 2026 23: +0,181.627,1,★ Paracord Knife | Crimson Web (Minimal Wear)
Nov 21 2019 01: +0,178.314,1,★ Paracord Knife | Case Hardened (Factory New)
Nov 23 2019 01: +0,351.646,1,★ Paracord Knife | Case Hardened (Factory New)
Dec 03 2019 01: +0,341.13,1,★ Paracord Knife | Case Hardened (Factory New)
Dec 12 2019 01: +0,432.911,1,★ Paracord Knife | Case Hardened (Factory New)
Feb 06 2020 01: +0,344.391,1,★ Paracord Knife | Case Hardened (Factory New)
Feb 25 2020 01: +0,345.383,1,★ Paracord Knife | Case Hardened (Factory New)
Jul 22 2020 01: +0,374.476,1,★ Paracord Knife | Case Hardened (Factory New)
Dec 18 2020 01: +0,437.131,1,★ Paracord Knife | Case Hardened (Factory New)
Jan 12 2021 01: +0,438.286,1,★ Paracord Knife | Case Hardened (Factory New)
Mar 20 2021 01: +0,424.531,1,★ Paracord Knife | Case Hardened (Factory New)
May 14 2021 01: +0,423.69,1,★ Paracord Knife | Case Hardened (Factory New)
May 24 2021 01: +0,691.113,1,★ Paracord Knife | Case Hardened (Factory New)
Jun 12 2021 01: +0,353.939,1,★ Paracord Knife | Case Hardened (Factory New)
Jun 14 2021 01: +0,763.699,1,★ Paracord Knife | Case Hardened (Factory New)
Jul 04 2021 01: +0,803.874,1,★ Paracord Knife | Case Hardened (Factory New)
Jul 09 2021 01: +0,363.394,1,★ Paracord Knife | Case Hardened (Factory New)
Aug 22 2021 01: +0,367.626,1,★ Paracord Knife | Case Hardened (Factory New)
Aug 30 2021 01: +0,365.792,1,★ Paracord Knife | Case Hardened (Factory New)
Sep 05 2021 01: +0,367.549,1,★ Paracord Knife | Case Hardened (Factory New)
Sep 18 2021 01: +0,385.788,1,★ Paracord Knife | Case Hardened (Factory New)
Sep 23 2021 01: +0,424.531,1,★ Paracord Knife | Case Hardened (Factory New)
Sep 28 2021 01: +0,380.871,1,★ Paracord Knife | Case Hardened (Factory New)
Oct 21 2021 01: +0,471.334,1,★ Paracord Knife | Case Hardened (Factory New)
Oct 28 2021 01: +0,339.751,1,★ Paracord Knife | Case Hardened (Factory New)
Dec 03 2021 01: +0,338.893,1,★ Paracord Knife | Case Hardened (Factory New)
Dec 18 2021 01: +0,308.99,1,★ Paracord Knife | Case Hardened (Factory New)
Dec 19 2021 01: +0,320.493,2,★ Paracord Knife | Case Hardened (Factory New)
Dec 25 2021 01: +0,350.685,1,★ Paracord Knife | Case Hardened (Factory New)
Dec 28 2021 01: +0,349.622,1,★ Paracord Knife | Case Hardened (Factory New)
Feb 24 2022 01: +0,466.366,1,★ Paracord Knife | Case Hardened (Factory New)
Feb 25 2022 01: +0,376.085,1,★ Paracord Knife | Case Hardened (Factory New)
Mar 22 2022 01: +0,475.495,1,★ Paracord Knife | Case Hardened (Factory New)
Mar 27 2022 01: +0,354.295,1,★ Paracord Knife | Case Hardened (Factory New)
Apr 02 2022 01: +0,363.211,1,★ Paracord Knife | Case Hardened (Factory New)
Apr 29 2022 01: +0,376.371,1,★ Paracord Knife | Case Hardened (Factory New)
Jun 09 2022 01: +0,330.054,1,★ Paracord Knife | Case Hardened (Factory New)
Jun 11 2022 01: +0,326.751,1,★ Paracord Knife | Case Hardened (Factory New)
Jul 18 2022 01: +0,462.748,1,★ Paracord Knife | Case Hardened (Factory New)
Jul 28 2022 01: +0,342.128,2,★ Paracord Knife | Case Hardened (Factory New)
Aug 01 2022 01: +0,326.157,1,★ Paracord Knife | Case Hardened (Factory New)
Aug 07 2022 01: +0,488.22,1,★ Paracord Knife | Case Hardened (Factory New)
Sep 04 2022 01: +0,331.99,1,★ Paracord Knife | Case Hardened (Factory New)
Sep 26 2022 01: +0,332.839,1,★ Paracord Knife | Case Hardened (Factory New)
Dec 03 2022 01: +0,301.754,1,★ Paracord Knife | Case Hardened (Factory New)
Dec 07 2022 01: +0,305.533,1,★ Paracord Knife | Case Hardened (Factory New)
Jan 04 2023 01: +0,297.288,1,★ Paracord Knife | Case Hardened (Factory New)
Jan 06 2023 01: +0,321.495,1,★ Paracord Knife | Case Hardened (Factory New)
Jan 11 2023 01: +0,318.388,1,★ Paracord Knife | Case Hardened (Factory New)
Feb 01 2023 01: +0,356.514,1,★ Paracord Knife | Case Hardened (Factory New)
Feb 11 2023 01: +0,316.384,1,★ Paracord Knife | Case Hardened (Factory New)
Feb 12 2023 01: +0,316.307,1,★ Paracord Knife | Case Hardened (Factory New)
Feb 17 2023 01: +0,315.857,1,★ Paracord Knife | Case Hardened (Factory New)
Feb 25 2023 01: +0,295.047,1,★ Paracord Knife | Case Hardened (Factory New)
Mar 03 2023 01: +0,350.523,1,★ Paracord Knife | Case Hardened (Factory New)
Mar 08 2023 01: +0,326.012,1,★ Paracord Knife | Case Hardened (Factory New)
Mar 09 2023 01: +0,326.208,1,★ Paracord Knife | Case Hardened (Factory New)
Mar 10 2023 01: +0,325.095,1,★ Paracord Knife | Case Hardened (Factory New)
Mar 16 2023 01: +0,320.103,1,★ Paracord Knife | Case Hardened (Factory New)
Mar 19 2023 01: +0,324.594,1,★ Paracord Knife | Case Hardened (Factory New)
Mar 20 2023 01: +0,298.757,1,★ Paracord Knife | Case Hardened (Factory New)
Mar 23 2023 01: +0,325.898,1,★ Paracord Knife | Case Hardened (Factory New)
Mar 31 2023 01: +0,333.913,1,★ Paracord Knife | Case Hardened (Factory New)
Apr 05 2023 01: +0,331.99,1,★ Paracord Knife | Case Hardened (Factory New)
Apr 11 2023 01: +0,565.487,1,★ Paracord Knife | Case Hardened (Factory New)
Apr 13 2023 01: +0,465.042,2,★ Paracord Knife | Case Hardened (Factory New)
Apr 19 2023 01: +0,406.794,1,★ Paracord Knife | Case Hardened (Factory New)
May 08 2023 01: +0,698.155,1,★ Paracord Knife | Case Hardened (Factory New)
May 09 2023 01: +0,367.393,1,★ Paracord Knife | Case Hardened (Factory New)
May 17 2023 01: +0,437.128,1,★ Paracord Knife | Case Hardened (Factory New)
Jun 15 2023 01: +0,388.106,1,★ Paracord Knife | Case Hardened (Factory New)
Jun 16 2023 01: +0,390.262,1,★ Paracord Knife | Case Hardened (Factory New)
Jun 26 2023 01: +0,381.126,1,★ Paracord Knife | Case Hardened (Factory New)
Jun 29 2023 01: +0,378.307,1,★ Paracord Knife | Case Hardened (Factory New)
Jul 11 2023 01: +0,478.012,1,★ Paracord Knife | Case Hardened (Factory New)
Jul 16 2023 01: +0,469.643,1,★ Paracord Knife | Case Hardened (Factory New)
Jul 18 2023 01: +0,309.065,1,★ Paracord Knife | Case Hardened (Factory New)
Jul 19 2023 01: +0,339.776,1,★ Paracord Knife | Case Hardened (Factory New)
Aug 04 2023 01: +0,448.794,1,★ Paracord Knife | Case Hardened (Factory New)
Aug 08 2023 01: +0,337.169,1,★ Paracord Knife | Case Hardened (Factory New)
Aug 11 2023 01: +0,418.612,1,★ Paracord Knife | Case Hardened (Factory New)
Aug 15 2023 01: +0,396.937,1,★ Paracord Knife | Case Hardened (Factory New)
Aug 20 2023 01: +0,696.695,1,★ Paracord Knife | Case Hardened (Factory New)
Aug 23 2023 01: +0,170.791,2,★ Paracord Knife | Case Hardened (Factory New)
Aug 24 2023 01: +0,348.196,1,★ Paracord Knife | Case Hardened (Factory New)
Aug 25 2023 01: +0,444.221,1,★ Paracord Knife | Case Hardened (Factory New)
Aug 29 2023 01: +0,683.508,1,★ Paracord Knife | Case Hardened (Factory New)
Sep 06 2023 01: +0,548.86,1,★ Paracord Knife | Case Hardened (Factory New)
Sep 17 2023 01: +0,484.003,1,★ Paracord Knife | Case Hardened (Factory New)
Sep 18 2023 01: +0,594.355,1,★ Paracord Knife | Case Hardened (Factory New)
Sep 27 2023 01: +0,480.341,1,★ Paracord Knife | Case Hardened (Factory New)
Sep 28 2023 01: +0,379.98,1,★ Paracord Knife | Case Hardened (Factory New)
Sep 30 2023 01: +0,449.239,1,★ Paracord Knife | Case Hardened (Factory New)
Oct 03 2023 01: +0,446.574,1,★ Paracord Knife | Case Hardened (Factory New)
Oct 12 2023 01: +0,676.232,1,★ Paracord Knife | Case Hardened (Factory New)
Oct 14 2023 01: +0,652.657,1,★ Paracord Knife | Case Hardened (Factory New)
Oct 19 2023 01: +0,426.978,1,★ Paracord Knife | Case Hardened (Factory New)
Oct 21 2023 01: +0,585.872,1,★ Paracord Knife | Case Hardened (Factory New)
Oct 27 2023 01: +0,591.699,1,★ Paracord Knife | Case Hardened (Factory New)
Nov 01 2023 01: +0,446.554,1,★ Paracord Knife | Case Hardened (Factory New)
Nov 17 2023 01: +0,425.352,1,★ Paracord Knife | Case Hardened (Factory New)
Nov 25 2023 01: +0,455.607,1,★ Paracord Knife | Case Hardened (Factory New)
Dec 09 2023 01: +0,345.142,1,★ Paracord Knife | Case Hardened (Factory New)
Dec 26 2023 01: +0,338.553,1,★ Paracord Knife | Case Hardened (Factory New)
Jan 24 2024 01: +0,296.668,1,★ Paracord Knife | Case Hardened (Factory New)
Jan 28 2024 01: +0,339.632,1,★ Paracord Knife | Case Hardened (Factory New)
Jan 30 2024 01: +0,292.932,1,★ Paracord Knife | Case Hardened (Factory New)
Feb 08 2024 01: +0,377.441,1,★ Paracord Knife | Case Hardened (Factory New)
Feb 16 2024 01: +0,371.71,1,★ Paracord Knife | Case Hardened (Factory New)
Feb 29 2024 01: +0,306.649,2,★ Paracord Knife | Case Hardened (Factory New)
Mar 08 2024 01: +0,292.932,1,★ Paracord Knife | Case Hardened (Factory New)
Mar 20 2024 01: +0,320.527,1,★ Paracord Knife | Case Hardened (Factory New)
Mar 21 2024 01: +0,391.427,1,★ Paracord Knife | Case Hardened (Factory New)
Mar 23 2024 01: +0,339.623,1,★ Paracord Knife | Case Hardened (Factory New)
Mar 28 2024 01: +0,373.9,1,★ Paracord Knife | Case Hardened (Factory New)
Mar 31 2024 01: +0,319.169,1,★ Paracord Knife | Case Hardened (Factory New)
Apr 01 2024 01: +0,319.568,1,★ Paracord Knife | Case Hardened (Factory New)
Apr 03 2024 01: +0,321.504,1,★ Paracord Knife | Case Hardened (Factory New)
Apr 30 2024 01: +0,374.834,2,★ Paracord Knife | Case Hardened (Factory New)
May 05 2024 01: +0,306.726,1,★ Paracord Knife | Case Hardened (Factory New)
May 15 2024 01: +0,374.007,2,★ Paracord Knife | Case Hardened (Factory New)
May 16 2024 01: +0,403.601,1,★ Paracord Knife | Case Hardened (Factory New)
May 26 2024 01: +0,445.776,1,★ Paracord Knife | Case Hardened (Factory New)
Jun 11 2024 01: +0,360.137,1,★ Paracord Knife | Case Hardened (Factory New)
Jun 12 2024 01: +0,290.394,1,★ Paracord Knife | Case Hardened (Factory New)
Jun 17 2024 01: +0,299.232,1,★ Paracord Knife | Case Hardened (Factory New)
Jul 16 2024 01: +0,312.521,1,★ Paracord Knife | Case Hardened (Factory New)
Jul 25 2024 01: +0,327.498,1,★ Paracord Knife | Case Hardened (Factory New)
Jul 27 2024 01: +0,312.547,1,★ Paracord Knife | Case Hardened (Factory New)
Aug 07 2024 01: +0,315.857,1,★ Paracord Knife | Case Hardened (Factory New)
Aug 11 2024 01: +0,398.125,1,★ Paracord Knife | Case Hardened (Factory New)
Aug 20 2024 01: +0,266.501,1,★ Paracord Knife | Case Hardened (Factory New)
Aug 24 2024 01: +0,650.525,1,★ Paracord Knife | Case Hardened (Factory New)
Sep 05 2024 01: +0,266.704,1,★ Paracord Knife | Case Hardened (Factory New)
Sep 15 2024 01: +0,424.548,1,★ Paracord Knife | Case Hardened (Factory New)
Sep 21 2024 01: +0,292.932,1,★ Paracord Knife | Case Hardened (Factory New)
Sep 25 2024 01: +0,732.331,1,★ Paracord Knife | Case Hardened (Factory New)
Oct 22 2024 01: +0,291.837,1,★ Paracord Knife | Case Hardened (Factory New)
Nov 06 2024 01: +0,313.081,1,★ Paracord Knife | Case Hardened (Factory New)
Nov 16 2024 01: +0,309.183,1,★ Paracord Knife | Case Hardened (Factory New)
Nov 27 2024 01: +0,509.447,1,★ Paracord Knife | Case Hardened (Factory New)
Jan 18 2025 01: +0,431.143,1,★ Paracord Knife | Case Hardened (Factory New)
Feb 03 2025 01: +0,399.262,1,★ Paracord Knife | Case Hardened (Factory New)
Mar 01 2025 01: +0,318.143,1,★ Paracord Knife | Case Hardened (Factory New)
Mar 08 2025 01: +0,802.363,1,★ Paracord Knife | Case Hardened (Factory New)
Mar 12 2025 01: +0,314.389,1,★ Paracord Knife | Case Hardened (Factory New)
Apr 18 2025 01: +0,326.378,1,★ Paracord Knife | Case Hardened (Factory New)
May 01 2025 01: +0,470.367,1,★ Paracord Knife | Case Hardened (Factory New)
May 14 2025 01: +0,331.376,1,★ Paracord Knife | Case Hardened (Factory New)
May 29 2025 01: +0,331.14,1,★ Paracord Knife | Case Hardened (Factory New)
Jul 10 2025 01: +0,456.392,1,★ Paracord Knife | Case Hardened (Factory New)
Aug 06 2025 01: +0,455.055,1,★ Paracord Knife | Case Hardened (Factory New)
Aug 09 2025 01: +0,344.539,1,★ Paracord Knife | Case Hardened (Factory New)
Aug 28 2025 01: +0,339.581,1,★ Paracord Knife | Case Hardened (Factory New)
Sep 17 2025 01: +0,339.447,1,★ Paracord Knife | Case Hardened (Factory New)
Sep 20 2025 01: +0,331.99,1,★ Paracord Knife | Case Hardened (Factory New)
Sep 22 2025 01: +0,332.831,1,★ Paracord Knife | Case Hardened (Factory New)
Sep 25 2025 01: +0,469.779,1,★ Paracord Knife | Case Hardened (Factory New)
Oct 18 2025 01: +0,316.343,1,★ Paracord Knife | Case Hardened (Factory New)
Oct 23 2025 01: +0,310.34,3,★ Paracord Knife | Case Hardened (Factory New)
Oct 24 2025 01: +0,283.21,1,★ Paracord Knife | Case Hardened (Factory New)
Oct 27 2025 01: +0,241.99,1,★ Paracord Knife | Case Hardened (Factory New)
Oct 28 2025 01: +0,167.585,1,★ Paracord Knife | Case Hardened (Factory New)
Oct 30 2025 01: +0,263.486,2,★ Paracord Knife | Case Hardened (Factory New)
Nov 01 2025 01: +0,384.038,1,★ Paracord Knife | Case Hardened (Factory New)
Nov 07 2025 01: +0,213.789,1,★ Paracord Knife | Case Hardened (Factory New)
Nov 17 2025 01: +0,246.856,1,★ Paracord Knife | Case Hardened (Factory New)
Nov 19 2025 01: +0,220.752,1,★ Paracord Knife | Case Hardened (Factory New)
Dec 01 2025 01: +0,208.307,1,★ Paracord Knife | Case Hardened (Factory New)
Dec 04 2025 01: +0,231.433,1,★ Paracord Knife | Case Hardened (Factory New)
Dec 13 2025 01: +0,339.632,1,★ Paracord Knife | Case Hardened (Factory New)
Dec 15 2025 01: +0,296.76,1,★ Paracord Knife | Case Hardened (Factory New)
Dec 18 2025 01: +0,268.568,1,★ Paracord Knife | Case Hardened (Factory New)
Dec 20 2025 01: +0,215.827,1,★ Paracord Knife | Case Hardened (Factory New)
Dec 26 2025 01: +0,271.714,1,★ Paracord Knife | Case Hardened (Factory New)
Jan 08 2026 01: +0,336.575,1,★ Paracord Knife | Case Hardened (Factory New)
Jan 20 2026 01: +0,238.583,1,★ Paracord Knife | Case Hardened (Factory New)
Jan 24 2026 01: +0,338.681,1,★ Paracord Knife | Case Hardened (Factory New)
Feb 01 2026 01: +0,288.097,1,★ Paracord Knife | Case Hardened (Factory New)
Feb 05 2026 01: +0,330.869,1,★ Paracord Knife | Case Hardened (Factory New)
Feb 13 2026 01: +0,332.839,1,★ Paracord Knife | Case Hardened (Factory New)
Feb 18 2026 01: +0,240.221,1,★ Paracord Knife | Case Hardened (Factory New)
Feb 24 2026 01: +0,280.196,1,★ Paracord Knife | Case Hardened (Factory New)
Feb 25 2026 01: +0,238.965,1,★ Paracord Knife | Case Hardened (Factory New)
Feb 26 2026 01: +0,238.795,1,★ Paracord Knife | Case Hardened (Factory New)
Mar 07 2026 01: +0,239.194,1,★ Paracord Knife | Case Hardened (Factory New)
Mar 10 2026 01: +0,239.551,1,★ Paracord Knife | Case Hardened (Factory New)
Mar 12 2026 01: +0,239.245,1,★ Paracord Knife | Case Hardened (Factory New)
Mar 15 2026 01: +0,182.786,1,★ Paracord Knife | Case Hardened (Factory New)
Mar 25 2026 01: +0,238.696,1,★ Paracord Knife | Case Hardened (Factory New)
Mar 29 2026 01: +0,302.671,1,★ Paracord Knife | Case Hardened (Factory New)
Mar 31 2026 01: +0,220.752,1,★ Paracord Knife | Case Hardened (Factory New)
Apr 06 2026 01: +0,222.128,2,★ Paracord Knife | Case Hardened (Factory New)
Apr 11 2026 01: +0,224.14,1,★ Paracord Knife | Case Hardened (Factory New)
Apr 15 2026 13: +0,339.636,1,★ Paracord Knife | Case Hardened (Factory New)
Apr 18 2026 22: +0,288.174,1,★ Paracord Knife | Case Hardened (Factory New)
May 07 2026 05: +0,237.599,1,★ Paracord Knife | Case Hardened (Factory New)
May 09 2026 17: +0,303.971,1,★ Paracord Knife | Case Hardened (Factory New)
