date,price,volume,item
Aug 15 2013 01: +0,18.557,6,Desert Eagle | Blaze (Factory New)
Aug 16 2013 01: +0,17.434,22,Desert Eagle | Blaze (Factory New)
Aug 17 2013 01: +0,18.148,18,Desert Eagle | Blaze (Factory New)
Aug 18 2013 01: +0,14.612,31,Desert Eagle | Blaze (Factory New)
Aug 19 2013 01: +0,14.298,36,Desert Eagle | Blaze (Factory New)
Aug 20 2013 01: +0,12.375,31,Desert Eagle | Blaze (Factory New)
Aug 21 2013 01: +0,14.844,36,Desert Eagle | Blaze (Factory New)
Aug 22 2013 01: +0,14.116,37,Desert Eagle | Blaze (Factory New)
Aug 23 2013 01: +0,14.891,38,Desert Eagle | Blaze (Factory New)
Aug 24 2013 01: +0,13.945,30,Desert Eagle | Blaze (Factory New)
Aug 25 2013 01: +0,13.716,32,Desert Eagle | Blaze (Factory New)
Aug 26 2013 01: +0,13.308,36,Desert Eagle | Blaze (Factory New)
Aug 27 2013 01: +0,12.77,40,Desert Eagle | Blaze (Factory New)
Aug 28 2013 01: +0,14.774,33,Desert Eagle | Blaze (Factory New)
Aug 29 2013 01: +0,15.244,24,Desert Eagle | Blaze (Factory New)
Aug 30 2013 01: +0,15.17,40,Desert Eagle | Blaze (Factory New)
Aug 31 2013 01: +0,15.065,33,Desert Eagle | Blaze (Factory New)
Sep 01 2013 01: +0,15.141,50,Desert Eagle | Blaze (Factory New)
Sep 02 2013 01: +0,14.539,42,Desert Eagle | Blaze (Factory New)
Sep 03 2013 01: +0,14.68,40,Desert Eagle | Blaze (Factory New)
Sep 04 2013 01: +0,14.673,37,Desert Eagle | Blaze (Factory New)
Sep 05 2013 01: +0,14.906,31,Desert Eagle | Blaze (Factory New)
Sep 06 2013 01: +0,13.606,45,Desert Eagle | Blaze (Factory New)
Sep 07 2013 01: +0,14.036,46,Desert Eagle | Blaze (Factory New)
Sep 08 2013 01: +0,14.835,52,Desert Eagle | Blaze (Factory New)
Sep 09 2013 01: +0,14.41,44,Desert Eagle | Blaze (Factory New)
Sep 10 2013 01: +0,14.246,35,Desert Eagle | Blaze (Factory New)
Sep 11 2013 01: +0,13.67,35,Desert Eagle | Blaze (Factory New)
Sep 12 2013 01: +0,14.563,37,Desert Eagle | Blaze (Factory New)
Sep 13 2013 01: +0,14.361,36,Desert Eagle | Blaze (Factory New)
Sep 14 2013 01: +0,14.349,49,Desert Eagle | Blaze (Factory New)
Sep 15 2013 01: +0,12.768,60,Desert Eagle | Blaze (Factory New)
Sep 16 2013 01: +0,12.877,43,Desert Eagle | Blaze (Factory New)
Sep 17 2013 01: +0,13.526,38,Desert Eagle | Blaze (Factory New)
Sep 18 2013 01: +0,13.503,37,Desert Eagle | Blaze (Factory New)
Sep 19 2013 01: +0,13.899,32,Desert Eagle | Blaze (Factory New)
Sep 20 2013 01: +0,12.738,47,Desert Eagle | Blaze (Factory New)
Sep 21 2013 01: +0,11.027,49,Desert Eagle | Blaze (Factory New)
Sep 22 2013 01: +0,10.065,67,Desert Eagle | Blaze (Factory New)
Sep 23 2013 01: +0,9.972,46,Desert Eagle | Blaze (Factory New)
Sep 24 2013 01: +0,10.512,50,Desert Eagle | Blaze (Factory New)
Sep 25 2013 01: +0,10.555,36,Desert Eagle | Blaze (Factory New)
Sep 26 2013 01: +0,10.413,46,Desert Eagle | Blaze (Factory New)
Sep 27 2013 01: +0,9.726,56,Desert Eagle | Blaze (Factory New)
Sep 28 2013 01: +0,10.108,64,Desert Eagle | Blaze (Factory New)
Sep 29 2013 01: +0,11.171,45,Desert Eagle | Blaze (Factory New)
Sep 30 2013 01: +0,10.898,60,Desert Eagle | Blaze (Factory New)
Oct 01 2013 01: +0,11.553,33,Desert Eagle | Blaze (Factory New)
Oct 02 2013 01: +0,11.62,44,Desert Eagle | Blaze (Factory New)
Oct 03 2013 01: +0,11.498,36,Desert Eagle | Blaze (Factory New)
Oct 04 2013 01: +0,10.514,57,Desert Eagle | Blaze (Factory New)
Oct 05 2013 01: +0,11.076,65,Desert Eagle | Blaze (Factory New)
Oct 06 2013 01: +0,11.389,54,Desert Eagle | Blaze (Factory New)
Oct 07 2013 01: +0,10.691,47,Desert Eagle | Blaze (Factory New)
Oct 08 2013 01: +0,11.052,56,Desert Eagle | Blaze (Factory New)
Oct 09 2013 01: +0,11.408,40,Desert Eagle | Blaze (Factory New)
Oct 10 2013 01: +0,11.4,43,Desert Eagle | Blaze (Factory New)
Oct 11 2013 01: +0,10.745,55,Desert Eagle | Blaze (Factory New)
Oct 12 2013 01: +0,10.693,54,Desert Eagle | Blaze (Factory New)
Oct 13 2013 01: +0,10.71,75,Desert Eagle | Blaze (Factory New)
Oct 14 2013 01: +0,11.0,53,Desert Eagle | Blaze (Factory New)
Oct 15 2013 01: +0,10.818,42,Desert Eagle | Blaze (Factory New)
Oct 16 2013 01: +0,10.977,49,Desert Eagle | Blaze (Factory New)
Oct 17 2013 01: +0,11.381,52,Desert Eagle | Blaze (Factory New)
Oct 18 2013 01: +0,11.003,49,Desert Eagle | Blaze (Factory New)
Oct 19 2013 01: +0,10.764,64,Desert Eagle | Blaze (Factory New)
Oct 20 2013 01: +0,10.476,57,Desert Eagle | Blaze (Factory New)
Oct 21 2013 01: +0,10.107,57,Desert Eagle | Blaze (Factory New)
Oct 22 2013 01: +0,10.505,50,Desert Eagle | Blaze (Factory New)
Oct 23 2013 01: +0,10.302,54,Desert Eagle | Blaze (Factory New)
Oct 24 2013 01: +0,9.353,59,Desert Eagle | Blaze (Factory New)
Oct 25 2013 01: +0,9.789,66,Desert Eagle | Blaze (Factory New)
Oct 26 2013 01: +0,10.378,68,Desert Eagle | Blaze (Factory New)
Oct 27 2013 01: +0,9.923,64,Desert Eagle | Blaze (Factory New)
Oct 28 2013 01: +0,10.294,49,Desert Eagle | Blaze (Factory New)
Oct 29 2013 01: +0,10.507,52,Desert Eagle | Blaze (Factory New)
Oct 30 2013 01: +0,9.451,66,Desert Eagle | Blaze (Factory New)
Oct 31 2013 01: +0,9.264,68,Desert Eagle | Blaze (Factory New)
Nov 01 2013 01: +0,9.562,60,Desert Eagle | Blaze (Factory New)
Nov 02 2013 01: +0,9.79,53,Desert Eagle | Blaze (Factory New)
Nov 03 2013 01: +0,9.646,47,Desert Eagle | Blaze (Factory New)
Nov 04 2013 01: +0,9.58,54,Desert Eagle | Blaze (Factory New)
Nov 05 2013 01: +0,9.041,55,Desert Eagle | Blaze (Factory New)
Nov 06 2013 01: +0,9.113,47,Desert Eagle | Blaze (Factory New)
Nov 07 2013 01: +0,9.31,47,Desert Eagle | Blaze (Factory New)
Nov 08 2013 01: +0,8.717,62,Desert Eagle | Blaze (Factory New)
Nov 09 2013 01: +0,8.168,58,Desert Eagle | Blaze (Factory New)
Nov 10 2013 01: +0,7.601,85,Desert Eagle | Blaze (Factory New)
Nov 11 2013 01: +0,7.753,61,Desert Eagle | Blaze (Factory New)
Nov 12 2013 01: +0,7.975,57,Desert Eagle | Blaze (Factory New)
Nov 13 2013 01: +0,7.591,55,Desert Eagle | Blaze (Factory New)
Nov 14 2013 01: +0,7.6,62,Desert Eagle | Blaze (Factory New)
Nov 15 2013 01: +0,7.662,66,Desert Eagle | Blaze (Factory New)
Nov 16 2013 01: +0,7.738,64,Desert Eagle | Blaze (Factory New)
Nov 17 2013 01: +0,7.642,67,Desert Eagle | Blaze (Factory New)
Nov 18 2013 01: +0,7.737,60,Desert Eagle | Blaze (Factory New)
Nov 19 2013 01: +0,7.215,55,Desert Eagle | Blaze (Factory New)
Nov 20 2013 01: +0,8.034,47,Desert Eagle | Blaze (Factory New)
Nov 21 2013 01: +0,7.592,47,Desert Eagle | Blaze (Factory New)
Nov 22 2013 01: +0,7.582,73,Desert Eagle | Blaze (Factory New)
Nov 23 2013 01: +0,8.112,53,Desert Eagle | Blaze (Factory New)
Nov 24 2013 01: +0,8.077,78,Desert Eagle | Blaze (Factory New)
Nov 25 2013 01: +0,8.165,61,Desert Eagle | Blaze (Factory New)
Nov 26 2013 01: +0,8.148,55,Desert Eagle | Blaze (Factory New)
Nov 27 2013 01: +0,7.92,94,Desert Eagle | Blaze (Factory New)
Nov 28 2013 01: +0,10.122,96,Desert Eagle | Blaze (Factory New)
Nov 29 2013 01: +0,9.378,73,Desert Eagle | Blaze (Factory New)
Nov 30 2013 01: +0,8.906,82,Desert Eagle | Blaze (Factory New)
Dec 01 2013 01: +0,9.073,69,Desert Eagle | Blaze (Factory New)
Dec 02 2013 01: +0,9.515,62,Desert Eagle | Blaze (Factory New)
Dec 03 2013 01: +0,9.863,55,Desert Eagle | Blaze (Factory New)
Dec 04 2013 01: +0,10.448,42,Desert Eagle | Blaze (Factory New)
Dec 05 2013 01: +0,10.268,40,Desert Eagle | Blaze (Factory New)
Dec 06 2013 01: +0,10.152,34,Desert Eagle | Blaze (Factory New)
Dec 07 2013 01: +0,10.419,62,Desert Eagle | Blaze (Factory New)
Dec 08 2013 01: +0,10.497,49,Desert Eagle | Blaze (Factory New)
Dec 09 2013 01: +0,11.151,46,Desert Eagle | Blaze (Factory New)
Dec 10 2013 01: +0,11.283,41,Desert Eagle | Blaze (Factory New)
Dec 11 2013 01: +0,12.149,41,Desert Eagle | Blaze (Factory New)
Dec 12 2013 01: +0,10.5,39,Desert Eagle | Blaze (Factory New)
Dec 13 2013 01: +0,11.241,44,Desert Eagle | Blaze (Factory New)
Dec 14 2013 01: +0,11.009,62,Desert Eagle | Blaze (Factory New)
Dec 15 2013 01: +0,11.297,42,Desert Eagle | Blaze (Factory New)
Dec 16 2013 01: +0,11.58,43,Desert Eagle | Blaze (Factory New)
Dec 17 2013 01: +0,11.582,42,Desert Eagle | Blaze (Factory New)
Dec 18 2013 01: +0,11.095,38,Desert Eagle | Blaze (Factory New)
Dec 19 2013 01: +0,9.371,54,Desert Eagle | Blaze (Factory New)
Dec 20 2013 01: +0,8.12,65,Desert Eagle | Blaze (Factory New)
Dec 21 2013 01: +0,8.208,73,Desert Eagle | Blaze (Factory New)
Dec 22 2013 01: +0,8.442,75,Desert Eagle | Blaze (Factory New)
Dec 23 2013 01: +0,9.423,51,Desert Eagle | Blaze (Factory New)
Dec 24 2013 01: +0,10.274,67,Desert Eagle | Blaze (Factory New)
Dec 25 2013 01: +0,10.812,47,Desert Eagle | Blaze (Factory New)
Dec 26 2013 01: +0,10.505,62,Desert Eagle | Blaze (Factory New)
Dec 27 2013 01: +0,11.003,57,Desert Eagle | Blaze (Factory New)
Dec 28 2013 01: +0,10.944,66,Desert Eagle | Blaze (Factory New)
Dec 29 2013 01: +0,11.58,60,Desert Eagle | Blaze (Factory New)
Dec 30 2013 01: +0,11.182,65,Desert Eagle | Blaze (Factory New)
Dec 31 2013 01: +0,10.689,54,Desert Eagle | Blaze (Factory New)
Jan 01 2014 01: +0,11.898,47,Desert Eagle | Blaze (Factory New)
Jan 02 2014 01: +0,11.525,44,Desert Eagle | Blaze (Factory New)
Jan 03 2014 01: +0,11.391,32,Desert Eagle | Blaze (Factory New)
Jan 04 2014 01: +0,11.706,66,Desert Eagle | Blaze (Factory New)
Jan 05 2014 01: +0,11.99,50,Desert Eagle | Blaze (Factory New)
Jan 06 2014 01: +0,12.057,60,Desert Eagle | Blaze (Factory New)
Jan 07 2014 01: +0,12.649,46,Desert Eagle | Blaze (Factory New)
Jan 08 2014 01: +0,13.145,39,Desert Eagle | Blaze (Factory New)
Jan 09 2014 01: +0,13.702,38,Desert Eagle | Blaze (Factory New)
Jan 10 2014 01: +0,13.177,39,Desert Eagle | Blaze (Factory New)
Jan 11 2014 01: +0,13.675,62,Desert Eagle | Blaze (Factory New)
Jan 12 2014 01: +0,12.936,46,Desert Eagle | Blaze (Factory New)
Jan 13 2014 01: +0,12.632,51,Desert Eagle | Blaze (Factory New)
Jan 14 2014 01: +0,12.843,51,Desert Eagle | Blaze (Factory New)
Jan 15 2014 01: +0,12.78,47,Desert Eagle | Blaze (Factory New)
Jan 16 2014 01: +0,13.068,34,Desert Eagle | Blaze (Factory New)
Jan 17 2014 01: +0,13.744,35,Desert Eagle | Blaze (Factory New)
Jan 18 2014 01: +0,13.799,55,Desert Eagle | Blaze (Factory New)
Jan 19 2014 01: +0,14.047,45,Desert Eagle | Blaze (Factory New)
Jan 20 2014 01: +0,13.298,47,Desert Eagle | Blaze (Factory New)
Jan 21 2014 01: +0,13.782,43,Desert Eagle | Blaze (Factory New)
Jan 22 2014 01: +0,13.857,41,Desert Eagle | Blaze (Factory New)
Jan 23 2014 01: +0,13.434,38,Desert Eagle | Blaze (Factory New)
Jan 24 2014 01: +0,13.649,46,Desert Eagle | Blaze (Factory New)
Jan 25 2014 01: +0,12.994,44,Desert Eagle | Blaze (Factory New)
Jan 26 2014 01: +0,12.849,66,Desert Eagle | Blaze (Factory New)
Jan 27 2014 01: +0,12.912,55,Desert Eagle | Blaze (Factory New)
Jan 28 2014 01: +0,13.589,56,Desert Eagle | Blaze (Factory New)
Jan 29 2014 01: +0,13.769,36,Desert Eagle | Blaze (Factory New)
Jan 30 2014 01: +0,13.727,47,Desert Eagle | Blaze (Factory New)
Jan 31 2014 01: +0,14.25,49,Desert Eagle | Blaze (Factory New)
Feb 01 2014 01: +0,13.952,58,Desert Eagle | Blaze (Factory New)
Feb 02 2014 01: +0,14.613,52,Desert Eagle | Blaze (Factory New)
Feb 03 2014 01: +0,15.593,54,Desert Eagle | Blaze (Factory New)
Feb 04 2014 01: +0,15.36,53,Desert Eagle | Blaze (Factory New)
Feb 05 2014 01: +0,16.289,37,Desert Eagle | Blaze (Factory New)
Feb 06 2014 01: +0,20.324,70,Desert Eagle | Blaze (Factory New)
Feb 07 2014 01: +0,24.305,46,Desert Eagle | Blaze (Factory New)
Feb 08 2014 01: +0,21.203,42,Desert Eagle | Blaze (Factory New)
Feb 09 2014 01: +0,20.569,46,Desert Eagle | Blaze (Factory New)
Feb 10 2014 01: +0,18.719,35,Desert Eagle | Blaze (Factory New)
Feb 11 2014 01: +0,20.865,46,Desert Eagle | Blaze (Factory New)
Feb 12 2014 01: +0,20.225,31,Desert Eagle | Blaze (Factory New)
Feb 13 2014 01: +0,19.637,54,Desert Eagle | Blaze (Factory New)
Feb 14 2014 01: +0,19.363,37,Desert Eagle | Blaze (Factory New)
Feb 15 2014 01: +0,18.498,39,Desert Eagle | Blaze (Factory New)
Feb 16 2014 01: +0,18.144,38,Desert Eagle | Blaze (Factory New)
Feb 17 2014 01: +0,18.296,40,Desert Eagle | Blaze (Factory New)
Feb 18 2014 01: +0,18.469,40,Desert Eagle | Blaze (Factory New)
Feb 19 2014 01: +0,18.495,38,Desert Eagle | Blaze (Factory New)
Feb 20 2014 01: +0,18.959,28,Desert Eagle | Blaze (Factory New)
Feb 21 2014 01: +0,18.23,48,Desert Eagle | Blaze (Factory New)
Feb 22 2014 01: +0,16.028,48,Desert Eagle | Blaze (Factory New)
Feb 23 2014 01: +0,15.863,57,Desert Eagle | Blaze (Factory New)
Feb 24 2014 01: +0,16.687,52,Desert Eagle | Blaze (Factory New)
Feb 25 2014 01: +0,17.954,39,Desert Eagle | Blaze (Factory New)
Feb 26 2014 01: +0,17.232,40,Desert Eagle | Blaze (Factory New)
Feb 27 2014 01: +0,17.904,40,Desert Eagle | Blaze (Factory New)
Feb 28 2014 01: +0,19.564,53,Desert Eagle | Blaze (Factory New)
Mar 01 2014 01: +0,19.006,45,Desert Eagle | Blaze (Factory New)
Mar 02 2014 01: +0,20.679,43,Desert Eagle | Blaze (Factory New)
Mar 03 2014 01: +0,20.035,45,Desert Eagle | Blaze (Factory New)
Mar 04 2014 01: +0,19.409,32,Desert Eagle | Blaze (Factory New)
Mar 05 2014 01: +0,19.651,36,Desert Eagle | Blaze (Factory New)
Mar 06 2014 01: +0,21.648,35,Desert Eagle | Blaze (Factory New)
Mar 07 2014 01: +0,21.304,53,Desert Eagle | Blaze (Factory New)
Mar 08 2014 01: +0,21.331,39,Desert Eagle | Blaze (Factory New)
Mar 09 2014 01: +0,20.684,47,Desert Eagle | Blaze (Factory New)
Mar 10 2014 01: +0,21.463,35,Desert Eagle | Blaze (Factory New)
Mar 11 2014 01: +0,20.754,29,Desert Eagle | Blaze (Factory New)
Mar 12 2014 01: +0,20.841,31,Desert Eagle | Blaze (Factory New)
Mar 13 2014 01: +0,21.08,27,Desert Eagle | Blaze (Factory New)
Mar 14 2014 01: +0,22.383,34,Desert Eagle | Blaze (Factory New)
Mar 15 2014 01: +0,21.031,42,Desert Eagle | Blaze (Factory New)
Mar 16 2014 01: +0,20.956,37,Desert Eagle | Blaze (Factory New)
Mar 17 2014 01: +0,20.422,35,Desert Eagle | Blaze (Factory New)
Mar 18 2014 01: +0,21.144,31,Desert Eagle | Blaze (Factory New)
Mar 19 2014 01: +0,22.539,36,Desert Eagle | Blaze (Factory New)
Mar 20 2014 01: +0,22.236,29,Desert Eagle | Blaze (Factory New)
Mar 21 2014 01: +0,22.682,37,Desert Eagle | Blaze (Factory New)
Mar 22 2014 01: +0,22.788,31,Desert Eagle | Blaze (Factory New)
Mar 23 2014 01: +0,21.562,34,Desert Eagle | Blaze (Factory New)
Mar 24 2014 01: +0,22.956,37,Desert Eagle | Blaze (Factory New)
Mar 25 2014 01: +0,24.299,29,Desert Eagle | Blaze (Factory New)
Mar 26 2014 01: +0,23.733,31,Desert Eagle | Blaze (Factory New)
Mar 27 2014 01: +0,25.103,36,Desert Eagle | Blaze (Factory New)
Mar 28 2014 01: +0,27.487,42,Desert Eagle | Blaze (Factory New)
Mar 29 2014 01: +0,26.311,41,Desert Eagle | Blaze (Factory New)
Mar 30 2014 01: +0,26.107,42,Desert Eagle | Blaze (Factory New)
Mar 31 2014 01: +0,27.609,33,Desert Eagle | Blaze (Factory New)
Apr 01 2014 01: +0,28.782,25,Desert Eagle | Blaze (Factory New)
Apr 02 2014 01: +0,31.039,30,Desert Eagle | Blaze (Factory New)
Apr 03 2014 01: +0,30.659,26,Desert Eagle | Blaze (Factory New)
Apr 04 2014 01: +0,30.327,34,Desert Eagle | Blaze (Factory New)
Apr 05 2014 01: +0,31.894,27,Desert Eagle | Blaze (Factory New)
Apr 06 2014 01: +0,31.713,25,Desert Eagle | Blaze (Factory New)
Apr 07 2014 01: +0,29.202,27,Desert Eagle | Blaze (Factory New)
Apr 08 2014 01: +0,31.621,33,Desert Eagle | Blaze (Factory New)
Apr 09 2014 01: +0,29.952,29,Desert Eagle | Blaze (Factory New)
Apr 10 2014 01: +0,28.474,25,Desert Eagle | Blaze (Factory New)
Apr 11 2014 01: +0,31.337,38,Desert Eagle | Blaze (Factory New)
Apr 12 2014 01: +0,32.917,27,Desert Eagle | Blaze (Factory New)
Apr 13 2014 01: +0,34.808,26,Desert Eagle | Blaze (Factory New)
Apr 14 2014 01: +0,32.06,29,Desert Eagle | Blaze (Factory New)
Apr 15 2014 01: +0,33.404,28,Desert Eagle | Blaze (Factory New)
Apr 16 2014 01: +0,33.354,33,Desert Eagle | Blaze (Factory New)
Apr 17 2014 01: +0,35.856,27,Desert Eagle | Blaze (Factory New)
Apr 18 2014 01: +0,34.969,25,Desert Eagle | Blaze (Factory New)
Apr 19 2014 01: +0,32.101,35,Desert Eagle | Blaze (Factory New)
Apr 20 2014 01: +0,32.844,39,Desert Eagle | Blaze (Factory New)
Apr 21 2014 01: +0,32.287,25,Desert Eagle | Blaze (Factory New)
Apr 22 2014 01: +0,32.371,36,Desert Eagle | Blaze (Factory New)
Apr 23 2014 01: +0,33.561,42,Desert Eagle | Blaze (Factory New)
Apr 24 2014 01: +0,36.154,30,Desert Eagle | Blaze (Factory New)
Apr 25 2014 01: +0,35.802,29,Desert Eagle | Blaze (Factory New)
Apr 26 2014 01: +0,35.56,37,Desert Eagle | Blaze (Factory New)
Apr 27 2014 01: +0,34.683,39,Desert Eagle | Blaze (Factory New)
Apr 28 2014 01: +0,35.611,18,Desert Eagle | Blaze (Factory New)
Apr 29 2014 01: +0,34.822,28,Desert Eagle | Blaze (Factory New)
Apr 30 2014 01: +0,37.696,28,Desert Eagle | Blaze (Factory New)
May 01 2014 01: +0,38.672,28,Desert Eagle | Blaze (Factory New)
May 02 2014 01: +0,33.752,39,Desert Eagle | Blaze (Factory New)
May 03 2014 01: +0,30.791,33,Desert Eagle | Blaze (Factory New)
May 04 2014 01: +0,30.756,36,Desert Eagle | Blaze (Factory New)
May 05 2014 01: +0,32.634,37,Desert Eagle | Blaze (Factory New)
May 06 2014 01: +0,30.608,29,Desert Eagle | Blaze (Factory New)
May 07 2014 01: +0,32.245,28,Desert Eagle | Blaze (Factory New)
May 08 2014 01: +0,30.365,34,Desert Eagle | Blaze (Factory New)
May 09 2014 01: +0,30.325,29,Desert Eagle | Blaze (Factory New)
May 10 2014 01: +0,29.915,36,Desert Eagle | Blaze (Factory New)
May 11 2014 01: +0,27.406,27,Desert Eagle | Blaze (Factory New)
May 12 2014 01: +0,25.995,29,Desert Eagle | Blaze (Factory New)
May 13 2014 01: +0,27.013,42,Desert Eagle | Blaze (Factory New)
May 14 2014 01: +0,28.617,36,Desert Eagle | Blaze (Factory New)
May 15 2014 01: +0,27.488,48,Desert Eagle | Blaze (Factory New)
May 16 2014 01: +0,28.126,40,Desert Eagle | Blaze (Factory New)
May 17 2014 01: +0,27.966,35,Desert Eagle | Blaze (Factory New)
May 18 2014 01: +0,27.046,50,Desert Eagle | Blaze (Factory New)
May 19 2014 01: +0,27.936,37,Desert Eagle | Blaze (Factory New)
May 20 2014 01: +0,27.157,40,Desert Eagle | Blaze (Factory New)
May 21 2014 01: +0,26.214,40,Desert Eagle | Blaze (Factory New)
May 22 2014 01: +0,26.355,31,Desert Eagle | Blaze (Factory New)
May 23 2014 01: +0,28.043,49,Desert Eagle | Blaze (Factory New)
May 24 2014 01: +0,28.657,44,Desert Eagle | Blaze (Factory New)
May 25 2014 01: +0,27.866,30,Desert Eagle | Blaze (Factory New)
May 26 2014 01: +0,27.343,43,Desert Eagle | Blaze (Factory New)
May 27 2014 01: +0,28.942,44,Desert Eagle | Blaze (Factory New)
May 28 2014 01: +0,29.435,34,Desert Eagle | Blaze (Factory New)
May 29 2014 01: +0,29.236,41,Desert Eagle | Blaze (Factory New)
May 30 2014 01: +0,29.878,33,Desert Eagle | Blaze (Factory New)
May 31 2014 01: +0,28.017,38,Desert Eagle | Blaze (Factory New)
Jun 01 2014 01: +0,27.771,45,Desert Eagle | Blaze (Factory New)
Jun 02 2014 01: +0,27.538,39,Desert Eagle | Blaze (Factory New)
Jun 03 2014 01: +0,28.424,49,Desert Eagle | Blaze (Factory New)
Jun 04 2014 01: +0,28.546,39,Desert Eagle | Blaze (Factory New)
Jun 05 2014 01: +0,28.189,31,Desert Eagle | Blaze (Factory New)
Jun 06 2014 01: +0,28.975,36,Desert Eagle | Blaze (Factory New)
Jun 07 2014 01: +0,29.507,43,Desert Eagle | Blaze (Factory New)
Jun 08 2014 01: +0,29.528,33,Desert Eagle | Blaze (Factory New)
Jun 09 2014 01: +0,28.022,36,Desert Eagle | Blaze (Factory New)
Jun 10 2014 01: +0,27.774,34,Desert Eagle | Blaze (Factory New)
Jun 11 2014 01: +0,28.727,36,Desert Eagle | Blaze (Factory New)
Jun 12 2014 01: +0,27.327,50,Desert Eagle | Blaze (Factory New)
Jun 13 2014 01: +0,29.111,44,Desert Eagle | Blaze (Factory New)
Jun 14 2014 01: +0,28.728,38,Desert Eagle | Blaze (Factory New)
Jun 15 2014 01: +0,28.302,44,Desert Eagle | Blaze (Factory New)
Jun 16 2014 01: +0,29.915,45,Desert Eagle | Blaze (Factory New)
Jun 17 2014 01: +0,28.848,45,Desert Eagle | Blaze (Factory New)
Jun 18 2014 01: +0,28.185,34,Desert Eagle | Blaze (Factory New)
Jun 19 2014 01: +0,27.847,48,Desert Eagle | Blaze (Factory New)
Jun 20 2014 01: +0,27.06,38,Desert Eagle | Blaze (Factory New)
Jun 21 2014 01: +0,27.387,44,Desert Eagle | Blaze (Factory New)
Jun 22 2014 01: +0,27.01,43,Desert Eagle | Blaze (Factory New)
Jun 23 2014 01: +0,27.221,41,Desert Eagle | Blaze (Factory New)
Jun 24 2014 01: +0,25.174,39,Desert Eagle | Blaze (Factory New)
Jun 25 2014 01: +0,26.236,39,Desert Eagle | Blaze (Factory New)
Jun 26 2014 01: +0,26.846,33,Desert Eagle | Blaze (Factory New)
Jun 27 2014 01: +0,27.604,35,Desert Eagle | Blaze (Factory New)
Jun 28 2014 01: +0,26.796,57,Desert Eagle | Blaze (Factory New)
Jun 29 2014 01: +0,28.077,39,Desert Eagle | Blaze (Factory New)
Jun 30 2014 01: +0,27.026,58,Desert Eagle | Blaze (Factory New)
Jul 01 2014 01: +0,28.626,54,Desert Eagle | Blaze (Factory New)
Jul 02 2014 01: +0,26.445,74,Desert Eagle | Blaze (Factory New)
Jul 03 2014 01: +0,26.001,47,Desert Eagle | Blaze (Factory New)
Jul 04 2014 01: +0,25.878,42,Desert Eagle | Blaze (Factory New)
Jul 05 2014 01: +0,27.265,41,Desert Eagle | Blaze (Factory New)
Jul 06 2014 01: +0,28.49,48,Desert Eagle | Blaze (Factory New)
Jul 07 2014 01: +0,27.982,29,Desert Eagle | Blaze (Factory New)
Jul 08 2014 01: +0,29.39,45,Desert Eagle | Blaze (Factory New)
Jul 09 2014 01: +0,29.243,40,Desert Eagle | Blaze (Factory New)
Jul 10 2014 01: +0,29.523,41,Desert Eagle | Blaze (Factory New)
Jul 11 2014 01: +0,27.211,40,Desert Eagle | Blaze (Factory New)
Jul 12 2014 01: +0,27.731,43,Desert Eagle | Blaze (Factory New)
Jul 13 2014 01: +0,28.709,54,Desert Eagle | Blaze (Factory New)
Jul 14 2014 01: +0,29.988,42,Desert Eagle | Blaze (Factory New)
Jul 15 2014 01: +0,30.294,45,Desert Eagle | Blaze (Factory New)
Jul 16 2014 01: +0,29.214,44,Desert Eagle | Blaze (Factory New)
Jul 17 2014 01: +0,30.31,46,Desert Eagle | Blaze (Factory New)
Jul 18 2014 01: +0,29.322,41,Desert Eagle | Blaze (Factory New)
Jul 19 2014 01: +0,29.997,38,Desert Eagle | Blaze (Factory New)
Jul 20 2014 01: +0,28.337,39,Desert Eagle | Blaze (Factory New)
Jul 21 2014 01: +0,28.941,39,Desert Eagle | Blaze (Factory New)
Jul 22 2014 01: +0,29.601,44,Desert Eagle | Blaze (Factory New)
Jul 23 2014 01: +0,30.194,31,Desert Eagle | Blaze (Factory New)
Jul 24 2014 01: +0,30.485,45,Desert Eagle | Blaze (Factory New)
Jul 25 2014 01: +0,30.266,41,Desert Eagle | Blaze (Factory New)
Jul 26 2014 01: +0,30.455,39,Desert Eagle | Blaze (Factory New)
Jul 27 2014 01: +0,29.579,43,Desert Eagle | Blaze (Factory New)
Jul 28 2014 01: +0,29.545,61,Desert Eagle | Blaze (Factory New)
Jul 29 2014 01: +0,33.017,46,Desert Eagle | Blaze (Factory New)
Jul 30 2014 01: +0,35.138,32,Desert Eagle | Blaze (Factory New)
Jul 31 2014 01: +0,36.513,40,Desert Eagle | Blaze (Factory New)
Aug 01 2014 01: +0,36.903,38,Desert Eagle | Blaze (Factory New)
Aug 02 2014 01: +0,37.717,40,Desert Eagle | Blaze (Factory New)
Aug 03 2014 01: +0,37.127,39,Desert Eagle | Blaze (Factory New)
Aug 04 2014 01: +0,36.761,47,Desert Eagle | Blaze (Factory New)
Aug 05 2014 01: +0,35.253,45,Desert Eagle | Blaze (Factory New)
Aug 06 2014 01: +0,35.382,41,Desert Eagle | Blaze (Factory New)
Aug 07 2014 01: +0,35.256,46,Desert Eagle | Blaze (Factory New)
Aug 08 2014 01: +0,37.487,36,Desert Eagle | Blaze (Factory New)
Aug 09 2014 01: +0,37.066,34,Desert Eagle | Blaze (Factory New)
Aug 10 2014 01: +0,37.068,28,Desert Eagle | Blaze (Factory New)
Aug 11 2014 01: +0,38.827,41,Desert Eagle | Blaze (Factory New)
Aug 12 2014 01: +0,38.884,29,Desert Eagle | Blaze (Factory New)
Aug 13 2014 01: +0,38.137,33,Desert Eagle | Blaze (Factory New)
Aug 14 2014 01: +0,39.699,48,Desert Eagle | Blaze (Factory New)
Aug 15 2014 01: +0,39.465,63,Desert Eagle | Blaze (Factory New)
Aug 16 2014 01: +0,40.998,33,Desert Eagle | Blaze (Factory New)
Aug 17 2014 01: +0,35.953,63,Desert Eagle | Blaze (Factory New)
Aug 18 2014 01: +0,34.649,43,Desert Eagle | Blaze (Factory New)
Aug 19 2014 01: +0,35.779,35,Desert Eagle | Blaze (Factory New)
Aug 20 2014 01: +0,36.14,34,Desert Eagle | Blaze (Factory New)
Aug 21 2014 01: +0,37.58,41,Desert Eagle | Blaze (Factory New)
Aug 22 2014 01: +0,37.88,40,Desert Eagle | Blaze (Factory New)
Aug 23 2014 01: +0,37.818,39,Desert Eagle | Blaze (Factory New)
Aug 24 2014 01: +0,40.017,39,Desert Eagle | Blaze (Factory New)
Aug 25 2014 01: +0,39.297,46,Desert Eagle | Blaze (Factory New)
Aug 26 2014 01: +0,39.791,52,Desert Eagle | Blaze (Factory New)
Aug 27 2014 01: +0,49.713,37,Desert Eagle | Blaze (Factory New)
Aug 28 2014 01: +0,54.5,43,Desert Eagle | Blaze (Factory New)
Aug 29 2014 01: +0,50.503,29,Desert Eagle | Blaze (Factory New)
Aug 30 2014 01: +0,49.268,37,Desert Eagle | Blaze (Factory New)
Aug 31 2014 01: +0,55.448,42,Desert Eagle | Blaze (Factory New)
Sep 01 2014 01: +0,58.28,33,Desert Eagle | Blaze (Factory New)
Sep 02 2014 01: +0,68.396,33,Desert Eagle | Blaze (Factory New)
Sep 03 2014 01: +0,75.872,18,Desert Eagle | Blaze (Factory New)
Sep 04 2014 01: +0,62.892,16,Desert Eagle | Blaze (Factory New)
Sep 05 2014 01: +0,61.817,23,Desert Eagle | Blaze (Factory New)
Sep 06 2014 01: +0,57.792,28,Desert Eagle | Blaze (Factory New)
Sep 07 2014 01: +0,54.496,21,Desert Eagle | Blaze (Factory New)
Sep 08 2014 01: +0,55.176,32,Desert Eagle | Blaze (Factory New)
Sep 09 2014 01: +0,52.444,15,Desert Eagle | Blaze (Factory New)
Sep 10 2014 01: +0,51.985,26,Desert Eagle | Blaze (Factory New)
Sep 11 2014 01: +0,53.889,33,Desert Eagle | Blaze (Factory New)
Sep 12 2014 01: +0,58.456,33,Desert Eagle | Blaze (Factory New)
Sep 13 2014 01: +0,59.527,19,Desert Eagle | Blaze (Factory New)
Sep 14 2014 01: +0,55.531,23,Desert Eagle | Blaze (Factory New)
Sep 15 2014 01: +0,55.719,22,Desert Eagle | Blaze (Factory New)
Sep 16 2014 01: +0,54.492,18,Desert Eagle | Blaze (Factory New)
Sep 17 2014 01: +0,55.123,24,Desert Eagle | Blaze (Factory New)
Sep 18 2014 01: +0,56.044,24,Desert Eagle | Blaze (Factory New)
Sep 19 2014 01: +0,55.244,20,Desert Eagle | Blaze (Factory New)
Sep 20 2014 01: +0,51.521,28,Desert Eagle | Blaze (Factory New)
Sep 21 2014 01: +0,55.42,31,Desert Eagle | Blaze (Factory New)
Sep 22 2014 01: +0,56.559,20,Desert Eagle | Blaze (Factory New)
Sep 23 2014 01: +0,55.191,18,Desert Eagle | Blaze (Factory New)
Sep 24 2014 01: +0,53.382,22,Desert Eagle | Blaze (Factory New)
Sep 25 2014 01: +0,53.696,17,Desert Eagle | Blaze (Factory New)
Sep 26 2014 01: +0,52.931,31,Desert Eagle | Blaze (Factory New)
Sep 27 2014 01: +0,48.744,27,Desert Eagle | Blaze (Factory New)
Sep 28 2014 01: +0,49.711,23,Desert Eagle | Blaze (Factory New)
Sep 29 2014 01: +0,50.52,35,Desert Eagle | Blaze (Factory New)
Sep 30 2014 01: +0,52.335,30,Desert Eagle | Blaze (Factory New)
Oct 01 2014 01: +0,51.768,29,Desert Eagle | Blaze (Factory New)
Oct 02 2014 01: +0,54.401,24,Desert Eagle | Blaze (Factory New)
Oct 03 2014 01: +0,54.984,36,Desert Eagle | Blaze (Factory New)
Oct 04 2014 01: +0,54.458,34,Desert Eagle | Blaze (Factory New)
Oct 05 2014 01: +0,53.766,36,Desert Eagle | Blaze (Factory New)
Oct 06 2014 01: +0,54.559,26,Desert Eagle | Blaze (Factory New)
Oct 07 2014 01: +0,56.493,20,Desert Eagle | Blaze (Factory New)
Oct 08 2014 01: +0,56.815,33,Desert Eagle | Blaze (Factory New)
Oct 09 2014 01: +0,56.282,25,Desert Eagle | Blaze (Factory New)
Oct 10 2014 01: +0,54.762,32,Desert Eagle | Blaze (Factory New)
Oct 11 2014 01: +0,54.278,30,Desert Eagle | Blaze (Factory New)
Oct 12 2014 01: +0,57.426,26,Desert Eagle | Blaze (Factory New)
Oct 13 2014 01: +0,55.804,32,Desert Eagle | Blaze (Factory New)
Oct 14 2014 01: +0,57.239,19,Desert Eagle | Blaze (Factory New)
Oct 15 2014 01: +0,56.871,22,Desert Eagle | Blaze (Factory New)
Oct 16 2014 01: +0,56.213,21,Desert Eagle | Blaze (Factory New)
Oct 17 2014 01: +0,58.075,20,Desert Eagle | Blaze (Factory New)
Oct 18 2014 01: +0,53.874,25,Desert Eagle | Blaze (Factory New)
Oct 19 2014 01: +0,51.298,25,Desert Eagle | Blaze (Factory New)
Oct 20 2014 01: +0,56.52,33,Desert Eagle | Blaze (Factory New)
Oct 21 2014 01: +0,57.722,20,Desert Eagle | Blaze (Factory New)
Oct 22 2014 01: +0,56.479,22,Desert Eagle | Blaze (Factory New)
Oct 23 2014 01: +0,54.03,22,Desert Eagle | Blaze (Factory New)
Oct 24 2014 01: +0,55.467,30,Desert Eagle | Blaze (Factory New)
Oct 25 2014 01: +0,57.986,36,Desert Eagle | Blaze (Factory New)
Oct 26 2014 01: +0,54.411,26,Desert Eagle | Blaze (Factory New)
Oct 27 2014 01: +0,56.738,24,Desert Eagle | Blaze (Factory New)
Oct 28 2014 01: +0,56.881,17,Desert Eagle | Blaze (Factory New)
Oct 29 2014 01: +0,57.817,21,Desert Eagle | Blaze (Factory New)
Oct 30 2014 01: +0,59.418,15,Desert Eagle | Blaze (Factory New)
Oct 31 2014 01: +0,58.696,31,Desert Eagle | Blaze (Factory New)
Nov 01 2014 01: +0,56.064,22,Desert Eagle | Blaze (Factory New)
Nov 02 2014 01: +0,52.173,32,Desert Eagle | Blaze (Factory New)
Nov 03 2014 01: +0,52.424,27,Desert Eagle | Blaze (Factory New)
Nov 04 2014 01: +0,53.331,29,Desert Eagle | Blaze (Factory New)
Nov 05 2014 01: +0,55.847,20,Desert Eagle | Blaze (Factory New)
Nov 06 2014 01: +0,57.116,21,Desert Eagle | Blaze (Factory New)
Nov 07 2014 01: +0,55.284,29,Desert Eagle | Blaze (Factory New)
Nov 08 2014 01: +0,55.522,21,Desert Eagle | Blaze (Factory New)
Nov 09 2014 01: +0,54.425,25,Desert Eagle | Blaze (Factory New)
Nov 10 2014 01: +0,54.86,14,Desert Eagle | Blaze (Factory New)
Nov 11 2014 01: +0,54.114,24,Desert Eagle | Blaze (Factory New)
Nov 12 2014 01: +0,45.387,83,Desert Eagle | Blaze (Factory New)
Nov 13 2014 01: +0,41.22,85,Desert Eagle | Blaze (Factory New)
Nov 14 2014 01: +0,37.939,126,Desert Eagle | Blaze (Factory New)
Nov 15 2014 01: +0,35.173,178,Desert Eagle | Blaze (Factory New)
Nov 16 2014 01: +0,31.919,208,Desert Eagle | Blaze (Factory New)
Nov 17 2014 01: +0,32.54,129,Desert Eagle | Blaze (Factory New)
Nov 18 2014 01: +0,33.224,102,Desert Eagle | Blaze (Factory New)
Nov 19 2014 01: +0,28.163,198,Desert Eagle | Blaze (Factory New)
Nov 20 2014 01: +0,26.294,191,Desert Eagle | Blaze (Factory New)
Nov 21 2014 01: +0,24.857,182,Desert Eagle | Blaze (Factory New)
Nov 22 2014 01: +0,22.789,230,Desert Eagle | Blaze (Factory New)
Nov 23 2014 01: +0,21.355,255,Desert Eagle | Blaze (Factory New)
Nov 24 2014 01: +0,21.889,205,Desert Eagle | Blaze (Factory New)
Nov 25 2014 01: +0,25.534,150,Desert Eagle | Blaze (Factory New)
Nov 26 2014 01: +0,27.0,147,Desert Eagle | Blaze (Factory New)
Nov 27 2014 01: +0,27.213,214,Desert Eagle | Blaze (Factory New)
Nov 28 2014 01: +0,27.882,137,Desert Eagle | Blaze (Factory New)
Nov 29 2014 01: +0,36.479,28,Desert Eagle | Blaze (Factory New)
Nov 30 2014 01: +0,23.137,256,Desert Eagle | Blaze (Factory New)
Dec 01 2014 01: +0,23.304,181,Desert Eagle | Blaze (Factory New)
Dec 02 2014 01: +0,23.841,138,Desert Eagle | Blaze (Factory New)
Dec 03 2014 01: +0,23.545,141,Desert Eagle | Blaze (Factory New)
Dec 04 2014 01: +0,23.971,122,Desert Eagle | Blaze (Factory New)
Dec 05 2014 01: +0,24.652,138,Desert Eagle | Blaze (Factory New)
Dec 06 2014 01: +0,24.399,153,Desert Eagle | Blaze (Factory New)
Dec 07 2014 01: +0,22.588,173,Desert Eagle | Blaze (Factory New)
Dec 08 2014 01: +0,22.107,183,Desert Eagle | Blaze (Factory New)
Dec 09 2014 01: +0,23.453,134,Desert Eagle | Blaze (Factory New)
Dec 10 2014 01: +0,22.095,198,Desert Eagle | Blaze (Factory New)
Dec 11 2014 01: +0,22.502,176,Desert Eagle | Blaze (Factory New)
Dec 12 2014 01: +0,22.724,182,Desert Eagle | Blaze (Factory New)
Dec 13 2014 01: +0,22.427,211,Desert Eagle | Blaze (Factory New)
Dec 14 2014 01: +0,22.362,172,Desert Eagle | Blaze (Factory New)
Dec 15 2014 01: +0,21.769,194,Desert Eagle | Blaze (Factory New)
Dec 16 2014 01: +0,21.621,175,Desert Eagle | Blaze (Factory New)
Dec 17 2014 01: +0,21.371,175,Desert Eagle | Blaze (Factory New)
Dec 18 2014 01: +0,21.244,197,Desert Eagle | Blaze (Factory New)
Dec 19 2014 01: +0,21.561,196,Desert Eagle | Blaze (Factory New)
Dec 20 2014 01: +0,21.214,187,Desert Eagle | Blaze (Factory New)
Dec 21 2014 01: +0,20.906,205,Desert Eagle | Blaze (Factory New)
Dec 22 2014 01: +0,20.849,203,Desert Eagle | Blaze (Factory New)
Dec 23 2014 01: +0,21.777,183,Desert Eagle | Blaze (Factory New)
Dec 24 2014 01: +0,22.024,233,Desert Eagle | Blaze (Factory New)
Dec 25 2014 01: +0,23.825,243,Desert Eagle | Blaze (Factory New)
Dec 26 2014 01: +0,25.165,231,Desert Eagle | Blaze (Factory New)
Dec 27 2014 01: +0,24.582,212,Desert Eagle | Blaze (Factory New)
Dec 28 2014 01: +0,23.481,180,Desert Eagle | Blaze (Factory New)
Dec 29 2014 01: +0,22.936,208,Desert Eagle | Blaze (Factory New)
Dec 30 2014 01: +0,23.389,199,Desert Eagle | Blaze (Factory New)
Dec 31 2014 01: +0,23.17,190,Desert Eagle | Blaze (Factory New)
Jan 01 2015 01: +0,22.265,150,Desert Eagle | Blaze (Factory New)
Jan 02 2015 01: +0,22.295,241,Desert Eagle | Blaze (Factory New)
Jan 03 2015 01: +0,22.536,230,Desert Eagle | Blaze (Factory New)
Jan 04 2015 01: +0,22.079,221,Desert Eagle | Blaze (Factory New)
Jan 05 2015 01: +0,22.735,216,Desert Eagle | Blaze (Factory New)
Jan 06 2015 01: +0,23.039,194,Desert Eagle | Blaze (Factory New)
Jan 07 2015 01: +0,23.887,162,Desert Eagle | Blaze (Factory New)
Jan 08 2015 01: +0,22.584,188,Desert Eagle | Blaze (Factory New)
Jan 09 2015 01: +0,20.895,300,Desert Eagle | Blaze (Factory New)
Jan 10 2015 01: +0,20.145,287,Desert Eagle | Blaze (Factory New)
Jan 11 2015 01: +0,20.118,262,Desert Eagle | Blaze (Factory New)
Jan 12 2015 01: +0,19.756,217,Desert Eagle | Blaze (Factory New)
Jan 13 2015 01: +0,20.071,224,Desert Eagle | Blaze (Factory New)
Jan 14 2015 01: +0,21.235,204,Desert Eagle | Blaze (Factory New)
Jan 15 2015 01: +0,21.215,233,Desert Eagle | Blaze (Factory New)
Jan 16 2015 01: +0,20.485,254,Desert Eagle | Blaze (Factory New)
Jan 17 2015 01: +0,19.299,243,Desert Eagle | Blaze (Factory New)
Jan 18 2015 01: +0,19.03,221,Desert Eagle | Blaze (Factory New)
Jan 19 2015 01: +0,19.501,244,Desert Eagle | Blaze (Factory New)
Jan 20 2015 01: +0,19.398,216,Desert Eagle | Blaze (Factory New)
Jan 21 2015 01: +0,19.501,230,Desert Eagle | Blaze (Factory New)
Jan 22 2015 01: +0,19.197,221,Desert Eagle | Blaze (Factory New)
Jan 23 2015 01: +0,20.404,253,Desert Eagle | Blaze (Factory New)
Jan 24 2015 01: +0,21.037,281,Desert Eagle | Blaze (Factory New)
Jan 25 2015 01: +0,19.942,296,Desert Eagle | Blaze (Factory New)
Jan 26 2015 01: +0,19.743,290,Desert Eagle | Blaze (Factory New)
Jan 27 2015 01: +0,19.802,227,Desert Eagle | Blaze (Factory New)
Jan 28 2015 01: +0,19.669,190,Desert Eagle | Blaze (Factory New)
Jan 29 2015 01: +0,19.581,247,Desert Eagle | Blaze (Factory New)
Jan 30 2015 01: +0,19.824,308,Desert Eagle | Blaze (Factory New)
Jan 31 2015 01: +0,20.495,261,Desert Eagle | Blaze (Factory New)
Feb 01 2015 01: +0,19.791,321,Desert Eagle | Blaze (Factory New)
Feb 02 2015 01: +0,20.089,242,Desert Eagle | Blaze (Factory New)
Feb 03 2015 01: +0,20.881,223,Desert Eagle | Blaze (Factory New)
Feb 04 2015 01: +0,20.861,242,Desert Eagle | Blaze (Factory New)
Feb 05 2015 01: +0,20.576,239,Desert Eagle | Blaze (Factory New)
Feb 06 2015 01: +0,20.292,256,Desert Eagle | Blaze (Factory New)
Feb 07 2015 01: +0,21.268,282,Desert Eagle | Blaze (Factory New)
Feb 08 2015 01: +0,20.402,284,Desert Eagle | Blaze (Factory New)
Feb 09 2015 01: +0,20.507,253,Desert Eagle | Blaze (Factory New)
Feb 10 2015 01: +0,20.163,199,Desert Eagle | Blaze (Factory New)
Feb 11 2015 01: +0,20.283,234,Desert Eagle | Blaze (Factory New)
Feb 12 2015 01: +0,19.91,304,Desert Eagle | Blaze (Factory New)
Feb 13 2015 01: +0,19.741,306,Desert Eagle | Blaze (Factory New)
Feb 14 2015 01: +0,20.306,331,Desert Eagle | Blaze (Factory New)
Feb 15 2015 01: +0,19.784,342,Desert Eagle | Blaze (Factory New)
Feb 16 2015 01: +0,19.712,337,Desert Eagle | Blaze (Factory New)
Feb 17 2015 01: +0,19.679,292,Desert Eagle | Blaze (Factory New)
Feb 18 2015 01: +0,19.095,269,Desert Eagle | Blaze (Factory New)
Feb 19 2015 01: +0,19.713,244,Desert Eagle | Blaze (Factory New)
Feb 20 2015 01: +0,19.1,270,Desert Eagle | Blaze (Factory New)
Feb 21 2015 01: +0,19.052,218,Desert Eagle | Blaze (Factory New)
Feb 22 2015 01: +0,18.237,241,Desert Eagle | Blaze (Factory New)
Feb 23 2015 01: +0,17.992,238,Desert Eagle | Blaze (Factory New)
Feb 24 2015 01: +0,18.561,207,Desert Eagle | Blaze (Factory New)
Feb 25 2015 01: +0,18.128,189,Desert Eagle | Blaze (Factory New)
Feb 26 2015 01: +0,18.233,219,Desert Eagle | Blaze (Factory New)
Feb 27 2015 01: +0,17.813,271,Desert Eagle | Blaze (Factory New)
Feb 28 2015 01: +0,18.138,241,Desert Eagle | Blaze (Factory New)
Mar 01 2015 01: +0,18.116,254,Desert Eagle | Blaze (Factory New)
Mar 02 2015 01: +0,17.654,230,Desert Eagle | Blaze (Factory New)
Mar 03 2015 01: +0,18.36,209,Desert Eagle | Blaze (Factory New)
Mar 04 2015 01: +0,18.604,224,Desert Eagle | Blaze (Factory New)
Mar 05 2015 01: +0,18.805,201,Desert Eagle | Blaze (Factory New)
Mar 06 2015 01: +0,18.204,216,Desert Eagle | Blaze (Factory New)
Mar 07 2015 01: +0,17.964,246,Desert Eagle | Blaze (Factory New)
Mar 08 2015 01: +0,17.121,262,Desert Eagle | Blaze (Factory New)
Mar 09 2015 01: +0,16.705,200,Desert Eagle | Blaze (Factory New)
Mar 10 2015 01: +0,17.188,196,Desert Eagle | Blaze (Factory New)
Mar 11 2015 01: +0,16.763,176,Desert Eagle | Blaze (Factory New)
Mar 12 2015 01: +0,16.306,202,Desert Eagle | Blaze (Factory New)
Mar 13 2015 01: +0,16.326,263,Desert Eagle | Blaze (Factory New)
Mar 14 2015 01: +0,16.4,274,Desert Eagle | Blaze (Factory New)
Mar 15 2015 01: +0,15.544,319,Desert Eagle | Blaze (Factory New)
Mar 16 2015 01: +0,15.075,269,Desert Eagle | Blaze (Factory New)
Mar 17 2015 01: +0,16.305,187,Desert Eagle | Blaze (Factory New)
Mar 18 2015 01: +0,16.445,198,Desert Eagle | Blaze (Factory New)
Mar 19 2015 01: +0,16.294,196,Desert Eagle | Blaze (Factory New)
Mar 20 2015 01: +0,16.217,238,Desert Eagle | Blaze (Factory New)
Mar 21 2015 01: +0,16.677,247,Desert Eagle | Blaze (Factory New)
Mar 22 2015 01: +0,16.291,245,Desert Eagle | Blaze (Factory New)
Mar 23 2015 01: +0,16.132,231,Desert Eagle | Blaze (Factory New)
Mar 24 2015 01: +0,16.474,197,Desert Eagle | Blaze (Factory New)
Mar 25 2015 01: +0,16.703,201,Desert Eagle | Blaze (Factory New)
Mar 26 2015 01: +0,16.334,204,Desert Eagle | Blaze (Factory New)
Mar 27 2015 01: +0,16.759,224,Desert Eagle | Blaze (Factory New)
Mar 28 2015 01: +0,16.992,224,Desert Eagle | Blaze (Factory New)
Mar 29 2015 01: +0,16.96,221,Desert Eagle | Blaze (Factory New)
Mar 30 2015 01: +0,17.213,201,Desert Eagle | Blaze (Factory New)
Mar 31 2015 01: +0,17.17,215,Desert Eagle | Blaze (Factory New)
Apr 01 2015 01: +0,16.892,247,Desert Eagle | Blaze (Factory New)
Apr 02 2015 01: +0,17.476,209,Desert Eagle | Blaze (Factory New)
Apr 03 2015 01: +0,16.988,224,Desert Eagle | Blaze (Factory New)
Apr 04 2015 01: +0,16.651,253,Desert Eagle | Blaze (Factory New)
Apr 05 2015 01: +0,16.947,253,Desert Eagle | Blaze (Factory New)
Apr 06 2015 01: +0,17.401,228,Desert Eagle | Blaze (Factory New)
Apr 07 2015 01: +0,17.421,271,Desert Eagle | Blaze (Factory New)
Apr 08 2015 01: +0,17.414,204,Desert Eagle | Blaze (Factory New)
Apr 09 2015 01: +0,17.227,209,Desert Eagle | Blaze (Factory New)
Apr 10 2015 01: +0,17.738,209,Desert Eagle | Blaze (Factory New)
Apr 11 2015 01: +0,16.907,285,Desert Eagle | Blaze (Factory New)
Apr 12 2015 01: +0,16.522,252,Desert Eagle | Blaze (Factory New)
Apr 13 2015 01: +0,16.092,208,Desert Eagle | Blaze (Factory New)
Apr 14 2015 01: +0,14.795,222,Desert Eagle | Blaze (Factory New)
Apr 15 2015 01: +0,14.857,218,Desert Eagle | Blaze (Factory New)
Apr 16 2015 01: +0,13.316,310,Desert Eagle | Blaze (Factory New)
Apr 17 2015 01: +0,13.705,289,Desert Eagle | Blaze (Factory New)
Apr 18 2015 01: +0,13.88,269,Desert Eagle | Blaze (Factory New)
Apr 19 2015 01: +0,13.195,256,Desert Eagle | Blaze (Factory New)
Apr 20 2015 01: +0,13.796,258,Desert Eagle | Blaze (Factory New)
Apr 21 2015 01: +0,13.441,217,Desert Eagle | Blaze (Factory New)
Apr 22 2015 01: +0,13.905,216,Desert Eagle | Blaze (Factory New)
Apr 23 2015 01: +0,13.948,181,Desert Eagle | Blaze (Factory New)
Apr 24 2015 01: +0,14.04,234,Desert Eagle | Blaze (Factory New)
Apr 25 2015 01: +0,14.047,266,Desert Eagle | Blaze (Factory New)
Apr 26 2015 01: +0,14.176,197,Desert Eagle | Blaze (Factory New)
Apr 27 2015 01: +0,14.303,212,Desert Eagle | Blaze (Factory New)
Apr 28 2015 01: +0,14.519,207,Desert Eagle | Blaze (Factory New)
Apr 29 2015 01: +0,14.205,201,Desert Eagle | Blaze (Factory New)
Apr 30 2015 01: +0,15.789,212,Desert Eagle | Blaze (Factory New)
May 01 2015 01: +0,16.365,269,Desert Eagle | Blaze (Factory New)
May 02 2015 01: +0,15.474,245,Desert Eagle | Blaze (Factory New)
May 03 2015 01: +0,14.831,239,Desert Eagle | Blaze (Factory New)
May 04 2015 01: +0,14.467,225,Desert Eagle | Blaze (Factory New)
May 05 2015 01: +0,14.307,207,Desert Eagle | Blaze (Factory New)
May 06 2015 01: +0,14.747,190,Desert Eagle | Blaze (Factory New)
May 07 2015 01: +0,15.478,195,Desert Eagle | Blaze (Factory New)
May 08 2015 01: +0,15.198,226,Desert Eagle | Blaze (Factory New)
May 09 2015 01: +0,15.868,236,Desert Eagle | Blaze (Factory New)
May 10 2015 01: +0,15.554,206,Desert Eagle | Blaze (Factory New)
May 11 2015 01: +0,15.154,194,Desert Eagle | Blaze (Factory New)
May 12 2015 01: +0,15.609,201,Desert Eagle | Blaze (Factory New)
May 13 2015 01: +0,15.514,217,Desert Eagle | Blaze (Factory New)
May 14 2015 01: +0,15.086,199,Desert Eagle | Blaze (Factory New)
May 15 2015 01: +0,15.926,223,Desert Eagle | Blaze (Factory New)
May 16 2015 01: +0,16.088,224,Desert Eagle | Blaze (Factory New)
May 17 2015 01: +0,16.023,206,Desert Eagle | Blaze (Factory New)
May 18 2015 01: +0,16.111,208,Desert Eagle | Blaze (Factory New)
May 19 2015 01: +0,15.914,163,Desert Eagle | Blaze (Factory New)
May 20 2015 01: +0,15.329,173,Desert Eagle | Blaze (Factory New)
May 21 2015 01: +0,15.329,174,Desert Eagle | Blaze (Factory New)
May 22 2015 01: +0,15.441,201,Desert Eagle | Blaze (Factory New)
May 23 2015 01: +0,15.736,221,Desert Eagle | Blaze (Factory New)
May 24 2015 01: +0,15.529,227,Desert Eagle | Blaze (Factory New)
May 25 2015 01: +0,15.487,233,Desert Eagle | Blaze (Factory New)
May 26 2015 01: +0,15.873,185,Desert Eagle | Blaze (Factory New)
May 27 2015 01: +0,12.372,514,Desert Eagle | Blaze (Factory New)
May 28 2015 01: +0,13.518,301,Desert Eagle | Blaze (Factory New)
May 29 2015 01: +0,14.504,284,Desert Eagle | Blaze (Factory New)
May 30 2015 01: +0,15.011,250,Desert Eagle | Blaze (Factory New)
May 31 2015 01: +0,15.314,234,Desert Eagle | Blaze (Factory New)
Jun 01 2015 01: +0,14.977,255,Desert Eagle | Blaze (Factory New)
Jun 02 2015 01: +0,15.209,219,Desert Eagle | Blaze (Factory New)
Jun 03 2015 01: +0,15.006,243,Desert Eagle | Blaze (Factory New)
Jun 04 2015 01: +0,14.341,196,Desert Eagle | Blaze (Factory New)
Jun 05 2015 01: +0,13.885,262,Desert Eagle | Blaze (Factory New)
Jun 06 2015 01: +0,14.189,215,Desert Eagle | Blaze (Factory New)
Jun 07 2015 01: +0,14.199,236,Desert Eagle | Blaze (Factory New)
Jun 08 2015 01: +0,14.388,239,Desert Eagle | Blaze (Factory New)
Jun 09 2015 01: +0,14.782,231,Desert Eagle | Blaze (Factory New)
Jun 10 2015 01: +0,14.276,222,Desert Eagle | Blaze (Factory New)
Jun 11 2015 01: +0,13.768,253,Desert Eagle | Blaze (Factory New)
Jun 12 2015 01: +0,13.807,266,Desert Eagle | Blaze (Factory New)
Jun 13 2015 01: +0,13.86,271,Desert Eagle | Blaze (Factory New)
Jun 14 2015 01: +0,13.895,273,Desert Eagle | Blaze (Factory New)
Jun 15 2015 01: +0,14.318,221,Desert Eagle | Blaze (Factory New)
Jun 16 2015 01: +0,14.013,223,Desert Eagle | Blaze (Factory New)
Jun 17 2015 01: +0,13.706,227,Desert Eagle | Blaze (Factory New)
Jun 18 2015 01: +0,13.987,210,Desert Eagle | Blaze (Factory New)
Jun 19 2015 01: +0,13.904,245,Desert Eagle | Blaze (Factory New)
Jun 20 2015 01: +0,14.176,228,Desert Eagle | Blaze (Factory New)
Jun 21 2015 01: +0,13.652,240,Desert Eagle | Blaze (Factory New)
Jun 22 2015 01: +0,13.979,243,Desert Eagle | Blaze (Factory New)
Jun 23 2015 01: +0,14.709,246,Desert Eagle | Blaze (Factory New)
Jun 24 2015 01: +0,15.137,206,Desert Eagle | Blaze (Factory New)
Jun 25 2015 01: +0,15.636,205,Desert Eagle | Blaze (Factory New)
Jun 26 2015 01: +0,16.728,219,Desert Eagle | Blaze (Factory New)
Jun 27 2015 01: +0,17.343,216,Desert Eagle | Blaze (Factory New)
Jun 28 2015 01: +0,16.457,194,Desert Eagle | Blaze (Factory New)
Jun 29 2015 01: +0,17.006,212,Desert Eagle | Blaze (Factory New)
Jun 30 2015 01: +0,17.075,230,Desert Eagle | Blaze (Factory New)
Jul 01 2015 01: +0,17.529,209,Desert Eagle | Blaze (Factory New)
Jul 02 2015 01: +0,17.764,188,Desert Eagle | Blaze (Factory New)
Jul 03 2015 01: +0,17.348,204,Desert Eagle | Blaze (Factory New)
Jul 04 2015 01: +0,17.474,206,Desert Eagle | Blaze (Factory New)
Jul 05 2015 01: +0,17.32,166,Desert Eagle | Blaze (Factory New)
Jul 06 2015 01: +0,16.739,185,Desert Eagle | Blaze (Factory New)
Jul 07 2015 01: +0,17.105,180,Desert Eagle | Blaze (Factory New)
Jul 08 2015 01: +0,17.001,180,Desert Eagle | Blaze (Factory New)
Jul 09 2015 01: +0,17.15,211,Desert Eagle | Blaze (Factory New)
Jul 10 2015 01: +0,17.507,193,Desert Eagle | Blaze (Factory New)
Jul 11 2015 01: +0,17.33,205,Desert Eagle | Blaze (Factory New)
Jul 12 2015 01: +0,16.675,194,Desert Eagle | Blaze (Factory New)
Jul 13 2015 01: +0,16.239,208,Desert Eagle | Blaze (Factory New)
Jul 14 2015 01: +0,16.288,175,Desert Eagle | Blaze (Factory New)
Jul 15 2015 01: +0,16.457,181,Desert Eagle | Blaze (Factory New)
Jul 16 2015 01: +0,16.397,206,Desert Eagle | Blaze (Factory New)
Jul 17 2015 01: +0,16.714,215,Desert Eagle | Blaze (Factory New)
Jul 18 2015 01: +0,16.868,180,Desert Eagle | Blaze (Factory New)
Jul 19 2015 01: +0,16.626,177,Desert Eagle | Blaze (Factory New)
Jul 20 2015 01: +0,16.601,208,Desert Eagle | Blaze (Factory New)
Jul 21 2015 01: +0,16.153,204,Desert Eagle | Blaze (Factory New)
Jul 22 2015 01: +0,16.645,182,Desert Eagle | Blaze (Factory New)
Jul 23 2015 01: +0,17.069,203,Desert Eagle | Blaze (Factory New)
Jul 24 2015 01: +0,17.513,171,Desert Eagle | Blaze (Factory New)
Jul 25 2015 01: +0,17.976,146,Desert Eagle | Blaze (Factory New)
Jul 26 2015 01: +0,18.125,177,Desert Eagle | Blaze (Factory New)
Jul 27 2015 01: +0,17.599,182,Desert Eagle | Blaze (Factory New)
Jul 28 2015 01: +0,17.527,156,Desert Eagle | Blaze (Factory New)
Jul 29 2015 01: +0,16.979,159,Desert Eagle | Blaze (Factory New)
Jul 30 2015 01: +0,17.155,171,Desert Eagle | Blaze (Factory New)
Jul 31 2015 01: +0,17.543,191,Desert Eagle | Blaze (Factory New)
Aug 01 2015 01: +0,17.581,190,Desert Eagle | Blaze (Factory New)
Aug 02 2015 01: +0,17.604,197,Desert Eagle | Blaze (Factory New)
Aug 03 2015 01: +0,17.478,172,Desert Eagle | Blaze (Factory New)
Aug 04 2015 01: +0,17.81,184,Desert Eagle | Blaze (Factory New)
Aug 05 2015 01: +0,17.329,182,Desert Eagle | Blaze (Factory New)
Aug 06 2015 01: +0,17.68,162,Desert Eagle | Blaze (Factory New)
Aug 07 2015 01: +0,16.945,165,Desert Eagle | Blaze (Factory New)
Aug 08 2015 01: +0,17.418,170,Desert Eagle | Blaze (Factory New)
Aug 09 2015 01: +0,17.218,182,Desert Eagle | Blaze (Factory New)
Aug 10 2015 01: +0,17.232,174,Desert Eagle | Blaze (Factory New)
Aug 11 2015 01: +0,17.269,150,Desert Eagle | Blaze (Factory New)
Aug 12 2015 01: +0,17.257,160,Desert Eagle | Blaze (Factory New)
Aug 13 2015 01: +0,17.207,192,Desert Eagle | Blaze (Factory New)
Aug 14 2015 01: +0,17.236,178,Desert Eagle | Blaze (Factory New)
Aug 15 2015 01: +0,15.448,259,Desert Eagle | Blaze (Factory New)
Aug 16 2015 01: +0,15.782,188,Desert Eagle | Blaze (Factory New)
Aug 17 2015 01: +0,16.142,212,Desert Eagle | Blaze (Factory New)
Aug 18 2015 01: +0,15.911,166,Desert Eagle | Blaze (Factory New)
Aug 19 2015 01: +0,16.007,165,Desert Eagle | Blaze (Factory New)
Aug 20 2015 01: +0,16.097,205,Desert Eagle | Blaze (Factory New)
Aug 21 2015 01: +0,16.009,214,Desert Eagle | Blaze (Factory New)
Aug 22 2015 01: +0,16.445,224,Desert Eagle | Blaze (Factory New)
Aug 23 2015 01: +0,14.876,316,Desert Eagle | Blaze (Factory New)
Aug 24 2015 01: +0,15.597,257,Desert Eagle | Blaze (Factory New)
Aug 25 2015 01: +0,18.205,165,Desert Eagle | Blaze (Factory New)
Aug 26 2015 01: +0,17.959,190,Desert Eagle | Blaze (Factory New)
Aug 27 2015 01: +0,18.571,150,Desert Eagle | Blaze (Factory New)
Aug 28 2015 01: +0,18.98,170,Desert Eagle | Blaze (Factory New)
Aug 29 2015 01: +0,19.558,160,Desert Eagle | Blaze (Factory New)
Aug 30 2015 01: +0,18.764,183,Desert Eagle | Blaze (Factory New)
Aug 31 2015 01: +0,19.22,179,Desert Eagle | Blaze (Factory New)
Sep 01 2015 01: +0,19.262,147,Desert Eagle | Blaze (Factory New)
Sep 02 2015 01: +0,20.031,130,Desert Eagle | Blaze (Factory New)
Sep 03 2015 01: +0,19.097,124,Desert Eagle | Blaze (Factory New)
Sep 04 2015 01: +0,19.928,152,Desert Eagle | Blaze (Factory New)
Sep 05 2015 01: +0,20.541,191,Desert Eagle | Blaze (Factory New)
Sep 06 2015 01: +0,19.908,147,Desert Eagle | Blaze (Factory New)
Sep 07 2015 01: +0,19.141,152,Desert Eagle | Blaze (Factory New)
Sep 08 2015 01: +0,18.986,138,Desert Eagle | Blaze (Factory New)
Sep 09 2015 01: +0,19.102,122,Desert Eagle | Blaze (Factory New)
Sep 10 2015 01: +0,20.442,152,Desert Eagle | Blaze (Factory New)
Sep 11 2015 01: +0,20.09,148,Desert Eagle | Blaze (Factory New)
Sep 12 2015 01: +0,19.977,204,Desert Eagle | Blaze (Factory New)
Sep 13 2015 01: +0,20.565,165,Desert Eagle | Blaze (Factory New)
Sep 14 2015 01: +0,20.849,123,Desert Eagle | Blaze (Factory New)
Sep 15 2015 01: +0,20.46,139,Desert Eagle | Blaze (Factory New)
Sep 16 2015 01: +0,20.186,165,Desert Eagle | Blaze (Factory New)
Sep 17 2015 01: +0,21.364,133,Desert Eagle | Blaze (Factory New)
Sep 18 2015 01: +0,19.343,205,Desert Eagle | Blaze (Factory New)
Sep 19 2015 01: +0,20.033,176,Desert Eagle | Blaze (Factory New)
Sep 20 2015 01: +0,19.38,188,Desert Eagle | Blaze (Factory New)
Sep 21 2015 01: +0,21.61,187,Desert Eagle | Blaze (Factory New)
Sep 22 2015 01: +0,23.314,154,Desert Eagle | Blaze (Factory New)
Sep 23 2015 01: +0,22.788,167,Desert Eagle | Blaze (Factory New)
Sep 24 2015 01: +0,23.722,157,Desert Eagle | Blaze (Factory New)
Sep 25 2015 01: +0,23.501,179,Desert Eagle | Blaze (Factory New)
Sep 26 2015 01: +0,23.9,192,Desert Eagle | Blaze (Factory New)
Sep 27 2015 01: +0,23.493,173,Desert Eagle | Blaze (Factory New)
Sep 28 2015 01: +0,24.022,157,Desert Eagle | Blaze (Factory New)
Sep 29 2015 01: +0,24.716,145,Desert Eagle | Blaze (Factory New)
Sep 30 2015 01: +0,24.891,154,Desert Eagle | Blaze (Factory New)
Oct 01 2015 01: +0,25.536,126,Desert Eagle | Blaze (Factory New)
Oct 02 2015 01: +0,25.47,152,Desert Eagle | Blaze (Factory New)
Oct 03 2015 01: +0,26.343,134,Desert Eagle | Blaze (Factory New)
Oct 04 2015 01: +0,25.827,136,Desert Eagle | Blaze (Factory New)
Oct 05 2015 01: +0,25.936,128,Desert Eagle | Blaze (Factory New)
Oct 06 2015 01: +0,26.273,123,Desert Eagle | Blaze (Factory New)
Oct 07 2015 01: +0,27.033,105,Desert Eagle | Blaze (Factory New)
Oct 08 2015 01: +0,26.363,120,Desert Eagle | Blaze (Factory New)
Oct 09 2015 01: +0,27.78,147,Desert Eagle | Blaze (Factory New)
Oct 10 2015 01: +0,28.109,128,Desert Eagle | Blaze (Factory New)
Oct 11 2015 01: +0,28.041,109,Desert Eagle | Blaze (Factory New)
Oct 12 2015 01: +0,26.548,109,Desert Eagle | Blaze (Factory New)
Oct 13 2015 01: +0,27.626,109,Desert Eagle | Blaze (Factory New)
Oct 14 2015 01: +0,28.423,135,Desert Eagle | Blaze (Factory New)
Oct 15 2015 01: +0,28.641,122,Desert Eagle | Blaze (Factory New)
Oct 16 2015 01: +0,29.579,117,Desert Eagle | Blaze (Factory New)
Oct 17 2015 01: +0,29.261,137,Desert Eagle | Blaze (Factory New)
Oct 18 2015 01: +0,27.897,135,Desert Eagle | Blaze (Factory New)
Oct 19 2015 01: +0,26.996,110,Desert Eagle | Blaze (Factory New)
Oct 20 2015 01: +0,27.108,97,Desert Eagle | Blaze (Factory New)
Oct 21 2015 01: +0,26.918,135,Desert Eagle | Blaze (Factory New)
Oct 22 2015 01: +0,26.65,90,Desert Eagle | Blaze (Factory New)
Oct 23 2015 01: +0,27.407,149,Desert Eagle | Blaze (Factory New)
Oct 24 2015 01: +0,28.229,144,Desert Eagle | Blaze (Factory New)
Oct 25 2015 01: +0,28.012,125,Desert Eagle | Blaze (Factory New)
Oct 26 2015 01: +0,27.595,108,Desert Eagle | Blaze (Factory New)
Oct 27 2015 01: +0,28.3,122,Desert Eagle | Blaze (Factory New)
Oct 28 2015 01: +0,26.975,139,Desert Eagle | Blaze (Factory New)
Oct 29 2015 01: +0,26.633,122,Desert Eagle | Blaze (Factory New)
Oct 30 2015 01: +0,29.096,170,Desert Eagle | Blaze (Factory New)
Oct 31 2015 01: +0,28.627,158,Desert Eagle | Blaze (Factory New)
Nov 01 2015 01: +0,27.536,155,Desert Eagle | Blaze (Factory New)
Nov 02 2015 01: +0,28.973,157,Desert Eagle | Blaze (Factory New)
Nov 03 2015 01: +0,29.961,95,Desert Eagle | Blaze (Factory New)
Nov 04 2015 01: +0,27.938,118,Desert Eagle | Blaze (Factory New)
Nov 05 2015 01: +0,29.306,121,Desert Eagle | Blaze (Factory New)
Nov 06 2015 01: +0,30.069,117,Desert Eagle | Blaze (Factory New)
Nov 07 2015 01: +0,30.789,136,Desert Eagle | Blaze (Factory New)
Nov 08 2015 01: +0,29.274,118,Desert Eagle | Blaze (Factory New)
Nov 09 2015 01: +0,29.241,141,Desert Eagle | Blaze (Factory New)
Nov 10 2015 01: +0,28.977,108,Desert Eagle | Blaze (Factory New)
Nov 11 2015 01: +0,29.145,103,Desert Eagle | Blaze (Factory New)
Nov 12 2015 01: +0,27.615,111,Desert Eagle | Blaze (Factory New)
Nov 13 2015 01: +0,29.339,122,Desert Eagle | Blaze (Factory New)
Nov 14 2015 01: +0,30.284,133,Desert Eagle | Blaze (Factory New)
Nov 15 2015 01: +0,30.122,114,Desert Eagle | Blaze (Factory New)
Nov 16 2015 01: +0,28.517,99,Desert Eagle | Blaze (Factory New)
Nov 17 2015 01: +0,29.198,89,Desert Eagle | Blaze (Factory New)
Nov 18 2015 01: +0,29.979,110,Desert Eagle | Blaze (Factory New)
Nov 19 2015 01: +0,31.942,90,Desert Eagle | Blaze (Factory New)
Nov 20 2015 01: +0,32.655,97,Desert Eagle | Blaze (Factory New)
Nov 21 2015 01: +0,31.341,116,Desert Eagle | Blaze (Factory New)
Nov 22 2015 01: +0,30.733,97,Desert Eagle | Blaze (Factory New)
Nov 23 2015 01: +0,29.958,93,Desert Eagle | Blaze (Factory New)
Nov 24 2015 01: +0,31.86,97,Desert Eagle | Blaze (Factory New)
Nov 25 2015 01: +0,31.128,102,Desert Eagle | Blaze (Factory New)
Nov 26 2015 01: +0,29.734,115,Desert Eagle | Blaze (Factory New)
Nov 27 2015 01: +0,29.761,114,Desert Eagle | Blaze (Factory New)
Nov 28 2015 01: +0,29.544,149,Desert Eagle | Blaze (Factory New)
Nov 29 2015 01: +0,27.994,126,Desert Eagle | Blaze (Factory New)
Nov 30 2015 01: +0,27.925,110,Desert Eagle | Blaze (Factory New)
Dec 01 2015 01: +0,29.12,113,Desert Eagle | Blaze (Factory New)
Dec 02 2015 01: +0,30.882,102,Desert Eagle | Blaze (Factory New)
Dec 03 2015 01: +0,32.394,101,Desert Eagle | Blaze (Factory New)
Dec 04 2015 01: +0,31.329,109,Desert Eagle | Blaze (Factory New)
Dec 05 2015 01: +0,32.046,126,Desert Eagle | Blaze (Factory New)
Dec 06 2015 01: +0,32.06,111,Desert Eagle | Blaze (Factory New)
Dec 07 2015 01: +0,33.369,99,Desert Eagle | Blaze (Factory New)
Dec 08 2015 01: +0,32.722,87,Desert Eagle | Blaze (Factory New)
Dec 09 2015 01: +0,25.863,457,Desert Eagle | Blaze (Factory New)
Dec 10 2015 01: +0,25.357,169,Desert Eagle | Blaze (Factory New)
Dec 11 2015 01: +0,27.642,155,Desert Eagle | Blaze (Factory New)
Dec 12 2015 01: +0,28.356,136,Desert Eagle | Blaze (Factory New)
Dec 13 2015 01: +0,27.365,132,Desert Eagle | Blaze (Factory New)
Dec 14 2015 01: +0,28.632,102,Desert Eagle | Blaze (Factory New)
Dec 15 2015 01: +0,28.836,91,Desert Eagle | Blaze (Factory New)
Dec 16 2015 01: +0,27.459,83,Desert Eagle | Blaze (Factory New)
Dec 17 2015 01: +0,28.302,71,Desert Eagle | Blaze (Factory New)
Dec 18 2015 01: +0,28.744,90,Desert Eagle | Blaze (Factory New)
Dec 19 2015 01: +0,29.595,100,Desert Eagle | Blaze (Factory New)
Dec 20 2015 01: +0,28.434,90,Desert Eagle | Blaze (Factory New)
Dec 21 2015 01: +0,28.651,82,Desert Eagle | Blaze (Factory New)
Dec 22 2015 01: +0,28.465,110,Desert Eagle | Blaze (Factory New)
Dec 23 2015 01: +0,27.153,121,Desert Eagle | Blaze (Factory New)
Dec 24 2015 01: +0,28.504,138,Desert Eagle | Blaze (Factory New)
Dec 25 2015 01: +0,30.899,156,Desert Eagle | Blaze (Factory New)
Dec 26 2015 01: +0,30.445,138,Desert Eagle | Blaze (Factory New)
Dec 27 2015 01: +0,30.581,121,Desert Eagle | Blaze (Factory New)
Dec 28 2015 01: +0,31.712,123,Desert Eagle | Blaze (Factory New)
Dec 29 2015 01: +0,30.901,127,Desert Eagle | Blaze (Factory New)
Dec 30 2015 01: +0,31.701,133,Desert Eagle | Blaze (Factory New)
Dec 31 2015 01: +0,31.672,109,Desert Eagle | Blaze (Factory New)
Jan 01 2016 01: +0,30.058,125,Desert Eagle | Blaze (Factory New)
Jan 02 2016 01: +0,29.97,123,Desert Eagle | Blaze (Factory New)
Jan 03 2016 01: +0,29.013,119,Desert Eagle | Blaze (Factory New)
Jan 04 2016 01: +0,29.998,121,Desert Eagle | Blaze (Factory New)
Jan 05 2016 01: +0,30.662,110,Desert Eagle | Blaze (Factory New)
Jan 06 2016 01: +0,31.986,109,Desert Eagle | Blaze (Factory New)
Jan 07 2016 01: +0,31.689,95,Desert Eagle | Blaze (Factory New)
Jan 08 2016 01: +0,31.107,129,Desert Eagle | Blaze (Factory New)
Jan 09 2016 01: +0,32.197,106,Desert Eagle | Blaze (Factory New)
Jan 10 2016 01: +0,31.783,113,Desert Eagle | Blaze (Factory New)
Jan 11 2016 01: +0,33.013,95,Desert Eagle | Blaze (Factory New)
Jan 12 2016 01: +0,32.859,96,Desert Eagle | Blaze (Factory New)
Jan 13 2016 01: +0,34.827,81,Desert Eagle | Blaze (Factory New)
Jan 14 2016 01: +0,33.281,97,Desert Eagle | Blaze (Factory New)
Jan 15 2016 01: +0,35.05,116,Desert Eagle | Blaze (Factory New)
Jan 16 2016 01: +0,36.069,102,Desert Eagle | Blaze (Factory New)
Jan 17 2016 01: +0,35.475,92,Desert Eagle | Blaze (Factory New)
Jan 18 2016 01: +0,35.109,91,Desert Eagle | Blaze (Factory New)
Jan 19 2016 01: +0,35.694,86,Desert Eagle | Blaze (Factory New)
Jan 20 2016 01: +0,37.293,75,Desert Eagle | Blaze (Factory New)
Jan 21 2016 01: +0,36.656,73,Desert Eagle | Blaze (Factory New)
Jan 22 2016 01: +0,36.07,112,Desert Eagle | Blaze (Factory New)
Jan 23 2016 01: +0,35.803,114,Desert Eagle | Blaze (Factory New)
Jan 24 2016 01: +0,35.756,114,Desert Eagle | Blaze (Factory New)
Jan 25 2016 01: +0,36.428,94,Desert Eagle | Blaze (Factory New)
Jan 26 2016 01: +0,36.955,92,Desert Eagle | Blaze (Factory New)
Jan 27 2016 01: +0,37.4,83,Desert Eagle | Blaze (Factory New)
Jan 28 2016 01: +0,36.772,102,Desert Eagle | Blaze (Factory New)
Jan 29 2016 01: +0,35.276,131,Desert Eagle | Blaze (Factory New)
Jan 30 2016 01: +0,36.687,119,Desert Eagle | Blaze (Factory New)
Jan 31 2016 01: +0,35.256,104,Desert Eagle | Blaze (Factory New)
Feb 01 2016 01: +0,34.508,102,Desert Eagle | Blaze (Factory New)
Feb 02 2016 01: +0,35.089,98,Desert Eagle | Blaze (Factory New)
Feb 03 2016 01: +0,34.039,95,Desert Eagle | Blaze (Factory New)
Feb 04 2016 01: +0,34.55,115,Desert Eagle | Blaze (Factory New)
Feb 05 2016 01: +0,37.098,93,Desert Eagle | Blaze (Factory New)
Feb 06 2016 01: +0,34.136,118,Desert Eagle | Blaze (Factory New)
Feb 07 2016 01: +0,32.875,125,Desert Eagle | Blaze (Factory New)
Feb 08 2016 01: +0,34.576,96,Desert Eagle | Blaze (Factory New)
Feb 09 2016 01: +0,34.49,88,Desert Eagle | Blaze (Factory New)
Feb 10 2016 01: +0,34.007,81,Desert Eagle | Blaze (Factory New)
Feb 11 2016 01: +0,34.216,92,Desert Eagle | Blaze (Factory New)
Feb 12 2016 01: +0,33.757,91,Desert Eagle | Blaze (Factory New)
Feb 13 2016 01: +0,35.79,109,Desert Eagle | Blaze (Factory New)
Feb 14 2016 01: +0,37.26,92,Desert Eagle | Blaze (Factory New)
Feb 15 2016 01: +0,37.328,87,Desert Eagle | Blaze (Factory New)
Feb 16 2016 01: +0,37.93,93,Desert Eagle | Blaze (Factory New)
Feb 17 2016 01: +0,37.378,85,Desert Eagle | Blaze (Factory New)
Feb 18 2016 01: +0,32.595,154,Desert Eagle | Blaze (Factory New)
Feb 19 2016 01: +0,34.265,118,Desert Eagle | Blaze (Factory New)
Feb 20 2016 01: +0,32.823,123,Desert Eagle | Blaze (Factory New)
Feb 21 2016 01: +0,32.508,125,Desert Eagle | Blaze (Factory New)
Feb 22 2016 01: +0,32.853,97,Desert Eagle | Blaze (Factory New)
Feb 23 2016 01: +0,31.942,103,Desert Eagle | Blaze (Factory New)
Feb 24 2016 01: +0,32.92,80,Desert Eagle | Blaze (Factory New)
Feb 25 2016 01: +0,34.416,87,Desert Eagle | Blaze (Factory New)
Feb 26 2016 01: +0,35.893,98,Desert Eagle | Blaze (Factory New)
Feb 27 2016 01: +0,35.412,104,Desert Eagle | Blaze (Factory New)
Feb 28 2016 01: +0,35.199,80,Desert Eagle | Blaze (Factory New)
Feb 29 2016 01: +0,35.766,108,Desert Eagle | Blaze (Factory New)
Mar 01 2016 01: +0,35.204,84,Desert Eagle | Blaze (Factory New)
Mar 02 2016 01: +0,36.62,95,Desert Eagle | Blaze (Factory New)
Mar 03 2016 01: +0,37.524,87,Desert Eagle | Blaze (Factory New)
Mar 04 2016 01: +0,37.604,95,Desert Eagle | Blaze (Factory New)
Mar 05 2016 01: +0,36.928,113,Desert Eagle | Blaze (Factory New)
Mar 06 2016 01: +0,36.081,101,Desert Eagle | Blaze (Factory New)
Mar 07 2016 01: +0,34.037,98,Desert Eagle | Blaze (Factory New)
Mar 08 2016 01: +0,35.546,75,Desert Eagle | Blaze (Factory New)
Mar 09 2016 01: +0,35.823,88,Desert Eagle | Blaze (Factory New)
Mar 10 2016 01: +0,35.169,72,Desert Eagle | Blaze (Factory New)
Mar 11 2016 01: +0,36.234,92,Desert Eagle | Blaze (Factory New)
Mar 12 2016 01: +0,36.082,90,Desert Eagle | Blaze (Factory New)
Mar 13 2016 01: +0,36.983,79,Desert Eagle | Blaze (Factory New)
Mar 14 2016 01: +0,38.526,78,Desert Eagle | Blaze (Factory New)
Mar 15 2016 01: +0,40.072,67,Desert Eagle | Blaze (Factory New)
Mar 16 2016 01: +0,39.363,78,Desert Eagle | Blaze (Factory New)
Mar 17 2016 01: +0,38.755,71,Desert Eagle | Blaze (Factory New)
Mar 18 2016 01: +0,37.727,99,Desert Eagle | Blaze (Factory New)
Mar 19 2016 01: +0,39.325,88,Desert Eagle | Blaze (Factory New)
Mar 20 2016 01: +0,38.742,80,Desert Eagle | Blaze (Factory New)
Mar 21 2016 01: +0,38.215,86,Desert Eagle | Blaze (Factory New)
Mar 22 2016 01: +0,39.537,76,Desert Eagle | Blaze (Factory New)
Mar 23 2016 01: +0,38.793,76,Desert Eagle | Blaze (Factory New)
Mar 24 2016 01: +0,40.046,70,Desert Eagle | Blaze (Factory New)
Mar 25 2016 01: +0,39.914,72,Desert Eagle | Blaze (Factory New)
Mar 26 2016 01: +0,37.931,87,Desert Eagle | Blaze (Factory New)
Mar 27 2016 01: +0,38.748,95,Desert Eagle | Blaze (Factory New)
Mar 28 2016 01: +0,37.452,81,Desert Eagle | Blaze (Factory New)
Mar 29 2016 01: +0,39.582,77,Desert Eagle | Blaze (Factory New)
Mar 30 2016 01: +0,39.746,79,Desert Eagle | Blaze (Factory New)
Mar 31 2016 01: +0,40.336,83,Desert Eagle | Blaze (Factory New)
Apr 01 2016 01: +0,43.399,96,Desert Eagle | Blaze (Factory New)
Apr 02 2016 01: +0,43.052,91,Desert Eagle | Blaze (Factory New)
Apr 03 2016 01: +0,40.389,124,Desert Eagle | Blaze (Factory New)
Apr 04 2016 01: +0,42.159,102,Desert Eagle | Blaze (Factory New)
Apr 05 2016 01: +0,44.08,66,Desert Eagle | Blaze (Factory New)
Apr 06 2016 01: +0,43.522,65,Desert Eagle | Blaze (Factory New)
Apr 07 2016 01: +0,42.256,78,Desert Eagle | Blaze (Factory New)
Apr 08 2016 01: +0,45.848,88,Desert Eagle | Blaze (Factory New)
Apr 09 2016 01: +0,45.3,84,Desert Eagle | Blaze (Factory New)
Apr 10 2016 01: +0,45.146,88,Desert Eagle | Blaze (Factory New)
Apr 11 2016 01: +0,44.284,70,Desert Eagle | Blaze (Factory New)
Apr 12 2016 01: +0,44.148,64,Desert Eagle | Blaze (Factory New)
Apr 13 2016 01: +0,44.972,69,Desert Eagle | Blaze (Factory New)
Apr 14 2016 01: +0,48.054,64,Desert Eagle | Blaze (Factory New)
Apr 15 2016 01: +0,48.129,67,Desert Eagle | Blaze (Factory New)
Apr 16 2016 01: +0,47.171,89,Desert Eagle | Blaze (Factory New)
Apr 17 2016 01: +0,45.669,92,Desert Eagle | Blaze (Factory New)
Apr 18 2016 01: +0,48.963,77,Desert Eagle | Blaze (Factory New)
Apr 19 2016 01: +0,48.174,65,Desert Eagle | Blaze (Factory New)
Apr 20 2016 01: +0,49.09,55,Desert Eagle | Blaze (Factory New)
Apr 21 2016 01: +0,49.508,68,Desert Eagle | Blaze (Factory New)
Apr 22 2016 01: +0,49.969,62,Desert Eagle | Blaze (Factory New)
Apr 23 2016 01: +0,49.276,84,Desert Eagle | Blaze (Factory New)
Apr 24 2016 01: +0,50.965,67,Desert Eagle | Blaze (Factory New)
Apr 25 2016 01: +0,48.744,67,Desert Eagle | Blaze (Factory New)
Apr 26 2016 01: +0,49.764,53,Desert Eagle | Blaze (Factory New)
Apr 27 2016 01: +0,51.19,69,Desert Eagle | Blaze (Factory New)
Apr 28 2016 01: +0,48.696,59,Desert Eagle | Blaze (Factory New)
Apr 29 2016 01: +0,49.486,74,Desert Eagle | Blaze (Factory New)
Apr 30 2016 01: +0,48.35,68,Desert Eagle | Blaze (Factory New)
May 01 2016 01: +0,48.984,68,Desert Eagle | Blaze (Factory New)
May 02 2016 01: +0,50.922,68,Desert Eagle | Blaze (Factory New)
May 03 2016 01: +0,50.542,66,Desert Eagle | Blaze (Factory New)
May 04 2016 01: +0,50.769,56,Desert Eagle | Blaze (Factory New)
May 05 2016 01: +0,50.255,64,Desert Eagle | Blaze (Factory New)
May 06 2016 01: +0,50.384,60,Desert Eagle | Blaze (Factory New)
May 07 2016 01: +0,49.456,58,Desert Eagle | Blaze (Factory New)
May 08 2016 01: +0,48.143,48,Desert Eagle | Blaze (Factory New)
May 09 2016 01: +0,51.514,54,Desert Eagle | Blaze (Factory New)
May 10 2016 01: +0,50.665,51,Desert Eagle | Blaze (Factory New)
May 11 2016 01: +0,52.094,44,Desert Eagle | Blaze (Factory New)
May 12 2016 01: +0,49.605,47,Desert Eagle | Blaze (Factory New)
May 13 2016 01: +0,48.208,57,Desert Eagle | Blaze (Factory New)
May 14 2016 01: +0,49.542,61,Desert Eagle | Blaze (Factory New)
May 15 2016 01: +0,50.092,63,Desert Eagle | Blaze (Factory New)
May 16 2016 01: +0,46.656,36,Desert Eagle | Blaze (Factory New)
May 17 2016 01: +0,44.571,62,Desert Eagle | Blaze (Factory New)
May 18 2016 01: +0,45.86,52,Desert Eagle | Blaze (Factory New)
May 19 2016 01: +0,47.939,49,Desert Eagle | Blaze (Factory New)
May 20 2016 01: +0,46.929,54,Desert Eagle | Blaze (Factory New)
May 21 2016 01: +0,48.136,59,Desert Eagle | Blaze (Factory New)
May 22 2016 01: +0,47.018,48,Desert Eagle | Blaze (Factory New)
May 23 2016 01: +0,44.609,49,Desert Eagle | Blaze (Factory New)
May 24 2016 01: +0,46.576,44,Desert Eagle | Blaze (Factory New)
May 25 2016 01: +0,45.147,45,Desert Eagle | Blaze (Factory New)
May 26 2016 01: +0,44.301,43,Desert Eagle | Blaze (Factory New)
May 27 2016 01: +0,46.236,57,Desert Eagle | Blaze (Factory New)
May 28 2016 01: +0,46.162,63,Desert Eagle | Blaze (Factory New)
May 29 2016 01: +0,45.476,55,Desert Eagle | Blaze (Factory New)
May 30 2016 01: +0,46.01,50,Desert Eagle | Blaze (Factory New)
May 31 2016 01: +0,45.238,50,Desert Eagle | Blaze (Factory New)
Jun 01 2016 01: +0,44.448,73,Desert Eagle | Blaze (Factory New)
Jun 02 2016 01: +0,45.562,54,Desert Eagle | Blaze (Factory New)
Jun 03 2016 01: +0,44.342,65,Desert Eagle | Blaze (Factory New)
Jun 04 2016 01: +0,44.154,69,Desert Eagle | Blaze (Factory New)
Jun 05 2016 01: +0,42.996,48,Desert Eagle | Blaze (Factory New)
Jun 06 2016 01: +0,42.815,56,Desert Eagle | Blaze (Factory New)
Jun 07 2016 01: +0,44.539,44,Desert Eagle | Blaze (Factory New)
Jun 08 2016 01: +0,43.65,51,Desert Eagle | Blaze (Factory New)
Jun 09 2016 01: +0,44.938,49,Desert Eagle | Blaze (Factory New)
Jun 10 2016 01: +0,45.318,53,Desert Eagle | Blaze (Factory New)
Jun 11 2016 01: +0,48.276,52,Desert Eagle | Blaze (Factory New)
Jun 12 2016 01: +0,46.087,41,Desert Eagle | Blaze (Factory New)
Jun 13 2016 01: +0,45.326,48,Desert Eagle | Blaze (Factory New)
Jun 14 2016 01: +0,44.829,45,Desert Eagle | Blaze (Factory New)
Jun 15 2016 01: +0,44.769,49,Desert Eagle | Blaze (Factory New)
Jun 16 2016 01: +0,42.632,51,Desert Eagle | Blaze (Factory New)
Jun 17 2016 01: +0,42.698,47,Desert Eagle | Blaze (Factory New)
Jun 18 2016 01: +0,42.363,55,Desert Eagle | Blaze (Factory New)
Jun 19 2016 01: +0,42.969,49,Desert Eagle | Blaze (Factory New)
Jun 20 2016 01: +0,44.325,47,Desert Eagle | Blaze (Factory New)
Jun 21 2016 01: +0,43.853,54,Desert Eagle | Blaze (Factory New)
Jun 22 2016 01: +0,40.983,57,Desert Eagle | Blaze (Factory New)
Jun 23 2016 01: +0,37.968,70,Desert Eagle | Blaze (Factory New)
Jun 24 2016 01: +0,37.748,81,Desert Eagle | Blaze (Factory New)
Jun 25 2016 01: +0,37.286,73,Desert Eagle | Blaze (Factory New)
Jun 26 2016 01: +0,35.873,55,Desert Eagle | Blaze (Factory New)
Jun 27 2016 01: +0,36.007,82,Desert Eagle | Blaze (Factory New)
Jun 28 2016 01: +0,36.525,69,Desert Eagle | Blaze (Factory New)
Jun 29 2016 01: +0,37.321,61,Desert Eagle | Blaze (Factory New)
Jun 30 2016 01: +0,36.106,78,Desert Eagle | Blaze (Factory New)
Jul 01 2016 01: +0,35.829,71,Desert Eagle | Blaze (Factory New)
Jul 02 2016 01: +0,34.803,92,Desert Eagle | Blaze (Factory New)
Jul 03 2016 01: +0,33.221,91,Desert Eagle | Blaze (Factory New)
Jul 04 2016 01: +0,33.076,87,Desert Eagle | Blaze (Factory New)
Jul 05 2016 01: +0,36.868,67,Desert Eagle | Blaze (Factory New)
Jul 06 2016 01: +0,39.246,53,Desert Eagle | Blaze (Factory New)
Jul 07 2016 01: +0,40.644,53,Desert Eagle | Blaze (Factory New)
Jul 08 2016 01: +0,41.098,59,Desert Eagle | Blaze (Factory New)
Jul 09 2016 01: +0,41.17,69,Desert Eagle | Blaze (Factory New)
Jul 10 2016 01: +0,39.401,79,Desert Eagle | Blaze (Factory New)
Jul 11 2016 01: +0,38.865,72,Desert Eagle | Blaze (Factory New)
Jul 12 2016 01: +0,40.744,69,Desert Eagle | Blaze (Factory New)
Jul 13 2016 01: +0,45.149,54,Desert Eagle | Blaze (Factory New)
Jul 14 2016 01: +0,40.009,73,Desert Eagle | Blaze (Factory New)
Jul 15 2016 01: +0,39.088,83,Desert Eagle | Blaze (Factory New)
Jul 16 2016 01: +0,39.838,67,Desert Eagle | Blaze (Factory New)
Jul 17 2016 01: +0,41.542,63,Desert Eagle | Blaze (Factory New)
Jul 18 2016 01: +0,40.851,69,Desert Eagle | Blaze (Factory New)
Jul 19 2016 01: +0,39.274,60,Desert Eagle | Blaze (Factory New)
Jul 20 2016 01: +0,37.594,57,Desert Eagle | Blaze (Factory New)
Jul 21 2016 01: +0,38.707,53,Desert Eagle | Blaze (Factory New)
Jul 22 2016 01: +0,39.577,64,Desert Eagle | Blaze (Factory New)
Jul 23 2016 01: +0,39.034,61,Desert Eagle | Blaze (Factory New)
Jul 24 2016 01: +0,38.192,65,Desert Eagle | Blaze (Factory New)
Jul 25 2016 01: +0,38.386,68,Desert Eagle | Blaze (Factory New)
Jul 26 2016 01: +0,40.222,62,Desert Eagle | Blaze (Factory New)
Jul 27 2016 01: +0,38.696,61,Desert Eagle | Blaze (Factory New)
Jul 28 2016 01: +0,38.546,55,Desert Eagle | Blaze (Factory New)
Jul 29 2016 01: +0,39.16,61,Desert Eagle | Blaze (Factory New)
Jul 30 2016 01: +0,39.265,77,Desert Eagle | Blaze (Factory New)
Jul 31 2016 01: +0,38.074,75,Desert Eagle | Blaze (Factory New)
Aug 01 2016 01: +0,37.562,84,Desert Eagle | Blaze (Factory New)
Aug 02 2016 01: +0,37.791,61,Desert Eagle | Blaze (Factory New)
Aug 03 2016 01: +0,38.659,61,Desert Eagle | Blaze (Factory New)
Aug 04 2016 01: +0,39.263,50,Desert Eagle | Blaze (Factory New)
Aug 05 2016 01: +0,40.863,73,Desert Eagle | Blaze (Factory New)
Aug 06 2016 01: +0,38.384,77,Desert Eagle | Blaze (Factory New)
Aug 07 2016 01: +0,39.278,64,Desert Eagle | Blaze (Factory New)
Aug 08 2016 01: +0,39.179,58,Desert Eagle | Blaze (Factory New)
Aug 09 2016 01: +0,38.482,61,Desert Eagle | Blaze (Factory New)
Aug 10 2016 01: +0,37.534,65,Desert Eagle | Blaze (Factory New)
Aug 11 2016 01: +0,36.375,65,Desert Eagle | Blaze (Factory New)
Aug 12 2016 01: +0,36.406,64,Desert Eagle | Blaze (Factory New)
Aug 13 2016 01: +0,35.294,76,Desert Eagle | Blaze (Factory New)
Aug 14 2016 01: +0,35.846,74,Desert Eagle | Blaze (Factory New)
Aug 15 2016 01: +0,37.335,56,Desert Eagle | Blaze (Factory New)
Aug 16 2016 01: +0,39.106,69,Desert Eagle | Blaze (Factory New)
Aug 17 2016 01: +0,38.439,60,Desert Eagle | Blaze (Factory New)
Aug 18 2016 01: +0,36.832,58,Desert Eagle | Blaze (Factory New)
Aug 19 2016 01: +0,36.561,88,Desert Eagle | Blaze (Factory New)
Aug 20 2016 01: +0,36.64,91,Desert Eagle | Blaze (Factory New)
Aug 21 2016 01: +0,36.336,78,Desert Eagle | Blaze (Factory New)
Aug 22 2016 01: +0,36.57,76,Desert Eagle | Blaze (Factory New)
Aug 23 2016 01: +0,35.223,66,Desert Eagle | Blaze (Factory New)
Aug 24 2016 01: +0,35.586,69,Desert Eagle | Blaze (Factory New)
Aug 25 2016 01: +0,35.012,74,Desert Eagle | Blaze (Factory New)
Aug 26 2016 01: +0,35.042,72,Desert Eagle | Blaze (Factory New)
Aug 27 2016 01: +0,36.775,76,Desert Eagle | Blaze (Factory New)
Aug 28 2016 01: +0,35.921,70,Desert Eagle | Blaze (Factory New)
Aug 29 2016 01: +0,36.273,76,Desert Eagle | Blaze (Factory New)
Aug 30 2016 01: +0,36.078,57,Desert Eagle | Blaze (Factory New)
Aug 31 2016 01: +0,36.687,68,Desert Eagle | Blaze (Factory New)
Sep 01 2016 01: +0,36.17,73,Desert Eagle | Blaze (Factory New)
Sep 02 2016 01: +0,36.897,71,Desert Eagle | Blaze (Factory New)
Sep 03 2016 01: +0,37.959,67,Desert Eagle | Blaze (Factory New)
Sep 04 2016 01: +0,37.487,62,Desert Eagle | Blaze (Factory New)
Sep 05 2016 01: +0,35.529,59,Desert Eagle | Blaze (Factory New)
Sep 06 2016 01: +0,35.112,70,Desert Eagle | Blaze (Factory New)
Sep 07 2016 01: +0,35.534,63,Desert Eagle | Blaze (Factory New)
Sep 08 2016 01: +0,36.245,73,Desert Eagle | Blaze (Factory New)
Sep 09 2016 01: +0,38.094,70,Desert Eagle | Blaze (Factory New)
Sep 10 2016 01: +0,36.276,79,Desert Eagle | Blaze (Factory New)
Sep 11 2016 01: +0,37.265,81,Desert Eagle | Blaze (Factory New)
Sep 12 2016 01: +0,39.315,60,Desert Eagle | Blaze (Factory New)
Sep 13 2016 01: +0,37.684,75,Desert Eagle | Blaze (Factory New)
Sep 14 2016 01: +0,41.828,52,Desert Eagle | Blaze (Factory New)
Sep 15 2016 01: +0,40.053,47,Desert Eagle | Blaze (Factory New)
Sep 16 2016 01: +0,39.459,63,Desert Eagle | Blaze (Factory New)
Sep 17 2016 01: +0,41.202,70,Desert Eagle | Blaze (Factory New)
Sep 18 2016 01: +0,39.828,61,Desert Eagle | Blaze (Factory New)
Sep 19 2016 01: +0,42.15,50,Desert Eagle | Blaze (Factory New)
Sep 20 2016 01: +0,39.814,66,Desert Eagle | Blaze (Factory New)
Sep 21 2016 01: +0,38.924,52,Desert Eagle | Blaze (Factory New)
Sep 22 2016 01: +0,39.681,50,Desert Eagle | Blaze (Factory New)
Sep 23 2016 01: +0,38.944,55,Desert Eagle | Blaze (Factory New)
Sep 24 2016 01: +0,40.04,69,Desert Eagle | Blaze (Factory New)
Sep 25 2016 01: +0,39.312,62,Desert Eagle | Blaze (Factory New)
Sep 26 2016 01: +0,38.351,49,Desert Eagle | Blaze (Factory New)
Sep 27 2016 01: +0,39.38,51,Desert Eagle | Blaze (Factory New)
Sep 28 2016 01: +0,39.132,62,Desert Eagle | Blaze (Factory New)
Sep 29 2016 01: +0,38.298,67,Desert Eagle | Blaze (Factory New)
Sep 30 2016 01: +0,39.955,66,Desert Eagle | Blaze (Factory New)
Oct 01 2016 01: +0,38.925,77,Desert Eagle | Blaze (Factory New)
Oct 02 2016 01: +0,39.544,60,Desert Eagle | Blaze (Factory New)
Oct 03 2016 01: +0,39.513,63,Desert Eagle | Blaze (Factory New)
Oct 04 2016 01: +0,40.529,63,Desert Eagle | Blaze (Factory New)
Oct 05 2016 01: +0,39.622,67,Desert Eagle | Blaze (Factory New)
Oct 06 2016 01: +0,42.102,61,Desert Eagle | Blaze (Factory New)
Oct 07 2016 01: +0,40.867,50,Desert Eagle | Blaze (Factory New)
Oct 08 2016 01: +0,39.113,63,Desert Eagle | Blaze (Factory New)
Oct 09 2016 01: +0,41.32,71,Desert Eagle | Blaze (Factory New)
Oct 10 2016 01: +0,40.081,60,Desert Eagle | Blaze (Factory New)
Oct 11 2016 01: +0,40.803,51,Desert Eagle | Blaze (Factory New)
Oct 12 2016 01: +0,42.967,51,Desert Eagle | Blaze (Factory New)
Oct 13 2016 01: +0,40.909,43,Desert Eagle | Blaze (Factory New)
Oct 14 2016 01: +0,40.032,58,Desert Eagle | Blaze (Factory New)
Oct 15 2016 01: +0,40.958,63,Desert Eagle | Blaze (Factory New)
Oct 16 2016 01: +0,40.223,51,Desert Eagle | Blaze (Factory New)
Oct 17 2016 01: +0,40.962,55,Desert Eagle | Blaze (Factory New)
Oct 18 2016 01: +0,41.219,39,Desert Eagle | Blaze (Factory New)
Oct 19 2016 01: +0,40.558,44,Desert Eagle | Blaze (Factory New)
Oct 20 2016 01: +0,39.651,56,Desert Eagle | Blaze (Factory New)
Oct 21 2016 01: +0,40.326,57,Desert Eagle | Blaze (Factory New)
Oct 22 2016 01: +0,39.51,63,Desert Eagle | Blaze (Factory New)
Oct 23 2016 01: +0,37.824,71,Desert Eagle | Blaze (Factory New)
Oct 24 2016 01: +0,37.997,56,Desert Eagle | Blaze (Factory New)
Oct 25 2016 01: +0,37.592,48,Desert Eagle | Blaze (Factory New)
Oct 26 2016 01: +0,37.306,53,Desert Eagle | Blaze (Factory New)
Oct 27 2016 01: +0,36.969,55,Desert Eagle | Blaze (Factory New)
Oct 28 2016 01: +0,36.122,65,Desert Eagle | Blaze (Factory New)
Oct 29 2016 01: +0,36.007,71,Desert Eagle | Blaze (Factory New)
Oct 30 2016 01: +0,34.266,73,Desert Eagle | Blaze (Factory New)
Oct 31 2016 01: +0,36.474,60,Desert Eagle | Blaze (Factory New)
Nov 01 2016 01: +0,37.5,60,Desert Eagle | Blaze (Factory New)
Nov 02 2016 01: +0,38.941,57,Desert Eagle | Blaze (Factory New)
Nov 03 2016 01: +0,38.376,39,Desert Eagle | Blaze (Factory New)
Nov 04 2016 01: +0,39.463,74,Desert Eagle | Blaze (Factory New)
Nov 05 2016 01: +0,41.091,59,Desert Eagle | Blaze (Factory New)
Nov 06 2016 01: +0,38.272,59,Desert Eagle | Blaze (Factory New)
Nov 07 2016 01: +0,38.435,58,Desert Eagle | Blaze (Factory New)
Nov 08 2016 01: +0,38.807,53,Desert Eagle | Blaze (Factory New)
Nov 09 2016 01: +0,41.613,51,Desert Eagle | Blaze (Factory New)
Nov 10 2016 01: +0,40.908,47,Desert Eagle | Blaze (Factory New)
Nov 11 2016 01: +0,41.743,53,Desert Eagle | Blaze (Factory New)
Nov 12 2016 01: +0,39.289,64,Desert Eagle | Blaze (Factory New)
Nov 13 2016 01: +0,40.272,43,Desert Eagle | Blaze (Factory New)
Nov 14 2016 01: +0,40.793,51,Desert Eagle | Blaze (Factory New)
Nov 15 2016 01: +0,39.366,54,Desert Eagle | Blaze (Factory New)
Nov 16 2016 01: +0,39.521,43,Desert Eagle | Blaze (Factory New)
Nov 17 2016 01: +0,40.179,43,Desert Eagle | Blaze (Factory New)
Nov 18 2016 01: +0,41.163,47,Desert Eagle | Blaze (Factory New)
Nov 19 2016 01: +0,41.977,53,Desert Eagle | Blaze (Factory New)
Nov 20 2016 01: +0,40.791,54,Desert Eagle | Blaze (Factory New)
Nov 21 2016 01: +0,38.561,69,Desert Eagle | Blaze (Factory New)
Nov 22 2016 01: +0,39.859,47,Desert Eagle | Blaze (Factory New)
Nov 23 2016 01: +0,39.885,48,Desert Eagle | Blaze (Factory New)
Nov 24 2016 01: +0,36.27,61,Desert Eagle | Blaze (Factory New)
Nov 25 2016 01: +0,39.437,65,Desert Eagle | Blaze (Factory New)
Nov 26 2016 01: +0,40.273,62,Desert Eagle | Blaze (Factory New)
Nov 27 2016 01: +0,39.433,66,Desert Eagle | Blaze (Factory New)
Nov 28 2016 01: +0,37.56,47,Desert Eagle | Blaze (Factory New)
Nov 29 2016 01: +0,36.931,54,Desert Eagle | Blaze (Factory New)
Nov 30 2016 01: +0,37.823,57,Desert Eagle | Blaze (Factory New)
Dec 01 2016 01: +0,40.433,56,Desert Eagle | Blaze (Factory New)
Dec 02 2016 01: +0,40.567,55,Desert Eagle | Blaze (Factory New)
Dec 03 2016 01: +0,42.048,67,Desert Eagle | Blaze (Factory New)
Dec 04 2016 01: +0,41.954,43,Desert Eagle | Blaze (Factory New)
Dec 05 2016 01: +0,41.31,57,Desert Eagle | Blaze (Factory New)
Dec 06 2016 01: +0,41.949,50,Desert Eagle | Blaze (Factory New)
Dec 07 2016 01: +0,42.167,38,Desert Eagle | Blaze (Factory New)
Dec 08 2016 01: +0,43.097,48,Desert Eagle | Blaze (Factory New)
Dec 09 2016 01: +0,43.248,45,Desert Eagle | Blaze (Factory New)
Dec 10 2016 01: +0,42.801,48,Desert Eagle | Blaze (Factory New)
Dec 11 2016 01: +0,42.315,46,Desert Eagle | Blaze (Factory New)
Dec 12 2016 01: +0,40.922,50,Desert Eagle | Blaze (Factory New)
Dec 13 2016 01: +0,42.057,40,Desert Eagle | Blaze (Factory New)
Dec 14 2016 01: +0,42.269,53,Desert Eagle | Blaze (Factory New)
Dec 15 2016 01: +0,41.878,48,Desert Eagle | Blaze (Factory New)
Dec 16 2016 01: +0,41.745,55,Desert Eagle | Blaze (Factory New)
Dec 17 2016 01: +0,44.107,62,Desert Eagle | Blaze (Factory New)
Dec 18 2016 01: +0,42.505,45,Desert Eagle | Blaze (Factory New)
Dec 19 2016 01: +0,42.01,53,Desert Eagle | Blaze (Factory New)
Dec 20 2016 01: +0,41.911,38,Desert Eagle | Blaze (Factory New)
Dec 21 2016 01: +0,40.737,44,Desert Eagle | Blaze (Factory New)
Dec 22 2016 01: +0,40.106,60,Desert Eagle | Blaze (Factory New)
Dec 23 2016 01: +0,40.834,65,Desert Eagle | Blaze (Factory New)
Dec 24 2016 01: +0,42.506,77,Desert Eagle | Blaze (Factory New)
Dec 25 2016 01: +0,44.164,101,Desert Eagle | Blaze (Factory New)
Dec 26 2016 01: +0,45.343,66,Desert Eagle | Blaze (Factory New)
Dec 27 2016 01: +0,46.679,80,Desert Eagle | Blaze (Factory New)
Dec 28 2016 01: +0,45.285,61,Desert Eagle | Blaze (Factory New)
Dec 29 2016 01: +0,45.208,72,Desert Eagle | Blaze (Factory New)
Dec 30 2016 01: +0,47.125,71,Desert Eagle | Blaze (Factory New)
Dec 31 2016 01: +0,45.393,58,Desert Eagle | Blaze (Factory New)
Jan 01 2017 01: +0,46.555,55,Desert Eagle | Blaze (Factory New)
Jan 02 2017 01: +0,44.051,56,Desert Eagle | Blaze (Factory New)
Jan 03 2017 01: +0,47.023,54,Desert Eagle | Blaze (Factory New)
Jan 04 2017 01: +0,47.173,44,Desert Eagle | Blaze (Factory New)
Jan 05 2017 01: +0,46.92,41,Desert Eagle | Blaze (Factory New)
Jan 06 2017 01: +0,47.839,52,Desert Eagle | Blaze (Factory New)
Jan 07 2017 01: +0,48.902,46,Desert Eagle | Blaze (Factory New)
Jan 08 2017 01: +0,48.363,56,Desert Eagle | Blaze (Factory New)
Jan 09 2017 01: +0,50.399,49,Desert Eagle | Blaze (Factory New)
Jan 10 2017 01: +0,52.991,54,Desert Eagle | Blaze (Factory New)
Jan 11 2017 01: +0,52.668,36,Desert Eagle | Blaze (Factory New)
Jan 12 2017 01: +0,51.75,43,Desert Eagle | Blaze (Factory New)
Jan 13 2017 01: +0,50.496,48,Desert Eagle | Blaze (Factory New)
Jan 14 2017 01: +0,48.807,53,Desert Eagle | Blaze (Factory New)
Jan 15 2017 01: +0,50.784,48,Desert Eagle | Blaze (Factory New)
Jan 16 2017 01: +0,49.936,42,Desert Eagle | Blaze (Factory New)
Jan 17 2017 01: +0,51.035,57,Desert Eagle | Blaze (Factory New)
Jan 18 2017 01: +0,50.887,47,Desert Eagle | Blaze (Factory New)
Jan 19 2017 01: +0,49.725,40,Desert Eagle | Blaze (Factory New)
Jan 20 2017 01: +0,50.411,48,Desert Eagle | Blaze (Factory New)
Jan 21 2017 01: +0,50.367,49,Desert Eagle | Blaze (Factory New)
Jan 22 2017 01: +0,49.679,43,Desert Eagle | Blaze (Factory New)
Jan 23 2017 01: +0,48.66,58,Desert Eagle | Blaze (Factory New)
Jan 24 2017 01: +0,48.183,47,Desert Eagle | Blaze (Factory New)
Jan 25 2017 01: +0,50.328,41,Desert Eagle | Blaze (Factory New)
Jan 26 2017 01: +0,49.097,45,Desert Eagle | Blaze (Factory New)
Jan 27 2017 01: +0,51.785,56,Desert Eagle | Blaze (Factory New)
Jan 28 2017 01: +0,52.129,56,Desert Eagle | Blaze (Factory New)
Jan 29 2017 01: +0,50.072,53,Desert Eagle | Blaze (Factory New)
Jan 30 2017 01: +0,51.043,53,Desert Eagle | Blaze (Factory New)
Jan 31 2017 01: +0,52.886,42,Desert Eagle | Blaze (Factory New)
Feb 01 2017 01: +0,54.436,35,Desert Eagle | Blaze (Factory New)
Feb 02 2017 01: +0,53.706,44,Desert Eagle | Blaze (Factory New)
Feb 03 2017 01: +0,56.032,41,Desert Eagle | Blaze (Factory New)
Feb 04 2017 01: +0,54.405,39,Desert Eagle | Blaze (Factory New)
Feb 05 2017 01: +0,54.413,39,Desert Eagle | Blaze (Factory New)
Feb 06 2017 01: +0,53.774,49,Desert Eagle | Blaze (Factory New)
Feb 07 2017 01: +0,54.857,40,Desert Eagle | Blaze (Factory New)
Feb 08 2017 01: +0,55.198,42,Desert Eagle | Blaze (Factory New)
Feb 09 2017 01: +0,55.476,27,Desert Eagle | Blaze (Factory New)
Feb 10 2017 01: +0,54.455,42,Desert Eagle | Blaze (Factory New)
Feb 11 2017 01: +0,54.67,49,Desert Eagle | Blaze (Factory New)
Feb 12 2017 01: +0,56.25,32,Desert Eagle | Blaze (Factory New)
Feb 13 2017 01: +0,55.715,37,Desert Eagle | Blaze (Factory New)
Feb 14 2017 01: +0,56.254,43,Desert Eagle | Blaze (Factory New)
Feb 15 2017 01: +0,56.027,38,Desert Eagle | Blaze (Factory New)
Feb 16 2017 01: +0,55.374,40,Desert Eagle | Blaze (Factory New)
Feb 17 2017 01: +0,55.907,49,Desert Eagle | Blaze (Factory New)
Feb 18 2017 01: +0,55.374,50,Desert Eagle | Blaze (Factory New)
Feb 19 2017 01: +0,55.288,42,Desert Eagle | Blaze (Factory New)
Feb 20 2017 01: +0,55.646,49,Desert Eagle | Blaze (Factory New)
Feb 21 2017 01: +0,54.742,35,Desert Eagle | Blaze (Factory New)
Feb 22 2017 01: +0,55.655,37,Desert Eagle | Blaze (Factory New)
Feb 23 2017 01: +0,54.807,31,Desert Eagle | Blaze (Factory New)
Feb 24 2017 01: +0,57.23,28,Desert Eagle | Blaze (Factory New)
Feb 25 2017 01: +0,57.619,36,Desert Eagle | Blaze (Factory New)
Feb 26 2017 01: +0,58.461,48,Desert Eagle | Blaze (Factory New)
Feb 27 2017 01: +0,58.495,27,Desert Eagle | Blaze (Factory New)
Feb 28 2017 01: +0,58.365,38,Desert Eagle | Blaze (Factory New)
Mar 01 2017 01: +0,58.651,34,Desert Eagle | Blaze (Factory New)
Mar 02 2017 01: +0,58.215,27,Desert Eagle | Blaze (Factory New)
Mar 03 2017 01: +0,57.57,29,Desert Eagle | Blaze (Factory New)
Mar 04 2017 01: +0,58.849,50,Desert Eagle | Blaze (Factory New)
Mar 05 2017 01: +0,58.596,49,Desert Eagle | Blaze (Factory New)
Mar 06 2017 01: +0,58.718,50,Desert Eagle | Blaze (Factory New)
Mar 07 2017 01: +0,62.874,41,Desert Eagle | Blaze (Factory New)
Mar 08 2017 01: +0,60.954,32,Desert Eagle | Blaze (Factory New)
Mar 09 2017 01: +0,60.433,35,Desert Eagle | Blaze (Factory New)
Mar 10 2017 01: +0,60.053,40,Desert Eagle | Blaze (Factory New)
Mar 11 2017 01: +0,60.47,40,Desert Eagle | Blaze (Factory New)
Mar 12 2017 01: +0,65.78,36,Desert Eagle | Blaze (Factory New)
Mar 13 2017 01: +0,62.523,25,Desert Eagle | Blaze (Factory New)
Mar 14 2017 01: +0,65.603,25,Desert Eagle | Blaze (Factory New)
Mar 15 2017 01: +0,63.445,21,Desert Eagle | Blaze (Factory New)
Mar 16 2017 01: +0,58.458,52,Desert Eagle | Blaze (Factory New)
Mar 17 2017 01: +0,58.522,51,Desert Eagle | Blaze (Factory New)
Mar 18 2017 01: +0,55.207,50,Desert Eagle | Blaze (Factory New)
Mar 19 2017 01: +0,54.864,48,Desert Eagle | Blaze (Factory New)
Mar 20 2017 01: +0,59.532,30,Desert Eagle | Blaze (Factory New)
Mar 21 2017 01: +0,58.472,35,Desert Eagle | Blaze (Factory New)
Mar 22 2017 01: +0,59.465,36,Desert Eagle | Blaze (Factory New)
Mar 23 2017 01: +0,57.914,52,Desert Eagle | Blaze (Factory New)
Mar 24 2017 01: +0,57.767,44,Desert Eagle | Blaze (Factory New)
Mar 25 2017 01: +0,55.405,37,Desert Eagle | Blaze (Factory New)
Mar 26 2017 01: +0,55.44,39,Desert Eagle | Blaze (Factory New)
Mar 27 2017 01: +0,53.741,35,Desert Eagle | Blaze (Factory New)
Mar 28 2017 01: +0,55.219,40,Desert Eagle | Blaze (Factory New)
Mar 29 2017 01: +0,54.754,30,Desert Eagle | Blaze (Factory New)
Mar 30 2017 01: +0,56.091,38,Desert Eagle | Blaze (Factory New)
Mar 31 2017 01: +0,55.395,38,Desert Eagle | Blaze (Factory New)
Apr 01 2017 01: +0,55.171,46,Desert Eagle | Blaze (Factory New)
Apr 02 2017 01: +0,56.652,29,Desert Eagle | Blaze (Factory New)
Apr 03 2017 01: +0,59.282,28,Desert Eagle | Blaze (Factory New)
Apr 04 2017 01: +0,57.403,33,Desert Eagle | Blaze (Factory New)
Apr 05 2017 01: +0,56.362,43,Desert Eagle | Blaze (Factory New)
Apr 06 2017 01: +0,57.079,39,Desert Eagle | Blaze (Factory New)
Apr 07 2017 01: +0,56.1,36,Desert Eagle | Blaze (Factory New)
Apr 08 2017 01: +0,57.971,26,Desert Eagle | Blaze (Factory New)
Apr 09 2017 01: +0,59.648,35,Desert Eagle | Blaze (Factory New)
Apr 10 2017 01: +0,59.887,28,Desert Eagle | Blaze (Factory New)
Apr 11 2017 01: +0,60.871,40,Desert Eagle | Blaze (Factory New)
Apr 12 2017 01: +0,59.066,30,Desert Eagle | Blaze (Factory New)
Apr 13 2017 01: +0,62.061,32,Desert Eagle | Blaze (Factory New)
Apr 14 2017 01: +0,59.639,34,Desert Eagle | Blaze (Factory New)
Apr 15 2017 01: +0,58.147,30,Desert Eagle | Blaze (Factory New)
Apr 16 2017 01: +0,57.265,35,Desert Eagle | Blaze (Factory New)
Apr 17 2017 01: +0,59.293,31,Desert Eagle | Blaze (Factory New)
Apr 18 2017 01: +0,59.457,23,Desert Eagle | Blaze (Factory New)
Apr 19 2017 01: +0,62.276,21,Desert Eagle | Blaze (Factory New)
Apr 20 2017 01: +0,59.832,23,Desert Eagle | Blaze (Factory New)
Apr 21 2017 01: +0,60.646,28,Desert Eagle | Blaze (Factory New)
Apr 22 2017 01: +0,59.615,30,Desert Eagle | Blaze (Factory New)
Apr 23 2017 01: +0,57.967,21,Desert Eagle | Blaze (Factory New)
Apr 24 2017 01: +0,59.358,35,Desert Eagle | Blaze (Factory New)
Apr 25 2017 01: +0,61.061,21,Desert Eagle | Blaze (Factory New)
Apr 26 2017 01: +0,61.678,24,Desert Eagle | Blaze (Factory New)
Apr 27 2017 01: +0,63.831,30,Desert Eagle | Blaze (Factory New)
Apr 28 2017 01: +0,66.82,37,Desert Eagle | Blaze (Factory New)
Apr 29 2017 01: +0,65.743,37,Desert Eagle | Blaze (Factory New)
Apr 30 2017 01: +0,62.598,28,Desert Eagle | Blaze (Factory New)
May 01 2017 01: +0,62.542,24,Desert Eagle | Blaze (Factory New)
May 02 2017 01: +0,66.613,23,Desert Eagle | Blaze (Factory New)
May 03 2017 01: +0,63.733,30,Desert Eagle | Blaze (Factory New)
May 04 2017 01: +0,64.073,26,Desert Eagle | Blaze (Factory New)
May 05 2017 01: +0,65.103,33,Desert Eagle | Blaze (Factory New)
May 06 2017 01: +0,62.414,23,Desert Eagle | Blaze (Factory New)
May 07 2017 01: +0,60.597,33,Desert Eagle | Blaze (Factory New)
May 08 2017 01: +0,59.834,29,Desert Eagle | Blaze (Factory New)
May 09 2017 01: +0,62.555,22,Desert Eagle | Blaze (Factory New)
May 10 2017 01: +0,64.547,38,Desert Eagle | Blaze (Factory New)
May 11 2017 01: +0,63.93,26,Desert Eagle | Blaze (Factory New)
May 12 2017 01: +0,64.539,38,Desert Eagle | Blaze (Factory New)
May 13 2017 01: +0,63.866,41,Desert Eagle | Blaze (Factory New)
May 14 2017 01: +0,63.483,28,Desert Eagle | Blaze (Factory New)
May 15 2017 01: +0,60.869,31,Desert Eagle | Blaze (Factory New)
May 16 2017 01: +0,63.262,31,Desert Eagle | Blaze (Factory New)
May 17 2017 01: +0,64.582,26,Desert Eagle | Blaze (Factory New)
May 18 2017 01: +0,62.86,22,Desert Eagle | Blaze (Factory New)
May 19 2017 01: +0,64.315,31,Desert Eagle | Blaze (Factory New)
May 20 2017 01: +0,65.032,36,Desert Eagle | Blaze (Factory New)
May 21 2017 01: +0,63.101,17,Desert Eagle | Blaze (Factory New)
May 22 2017 01: +0,62.002,32,Desert Eagle | Blaze (Factory New)
May 23 2017 01: +0,62.743,23,Desert Eagle | Blaze (Factory New)
May 24 2017 01: +0,59.855,40,Desert Eagle | Blaze (Factory New)
May 25 2017 01: +0,60.318,26,Desert Eagle | Blaze (Factory New)
May 26 2017 01: +0,59.823,22,Desert Eagle | Blaze (Factory New)
May 27 2017 01: +0,63.152,31,Desert Eagle | Blaze (Factory New)
May 28 2017 01: +0,62.189,41,Desert Eagle | Blaze (Factory New)
May 29 2017 01: +0,64.766,22,Desert Eagle | Blaze (Factory New)
May 30 2017 01: +0,59.885,26,Desert Eagle | Blaze (Factory New)
May 31 2017 01: +0,67.216,22,Desert Eagle | Blaze (Factory New)
Jun 01 2017 01: +0,66.728,32,Desert Eagle | Blaze (Factory New)
Jun 02 2017 01: +0,69.567,32,Desert Eagle | Blaze (Factory New)
Jun 03 2017 01: +0,65.687,27,Desert Eagle | Blaze (Factory New)
Jun 04 2017 01: +0,65.308,30,Desert Eagle | Blaze (Factory New)
Jun 05 2017 01: +0,66.004,28,Desert Eagle | Blaze (Factory New)
Jun 06 2017 01: +0,67.036,27,Desert Eagle | Blaze (Factory New)
Jun 07 2017 01: +0,72.271,23,Desert Eagle | Blaze (Factory New)
Jun 08 2017 01: +0,71.6,24,Desert Eagle | Blaze (Factory New)
Jun 09 2017 01: +0,68.837,30,Desert Eagle | Blaze (Factory New)
Jun 10 2017 01: +0,63.576,38,Desert Eagle | Blaze (Factory New)
Jun 11 2017 01: +0,62.219,19,Desert Eagle | Blaze (Factory New)
Jun 12 2017 01: +0,67.83,24,Desert Eagle | Blaze (Factory New)
Jun 13 2017 01: +0,70.539,28,Desert Eagle | Blaze (Factory New)
Jun 14 2017 01: +0,65.672,17,Desert Eagle | Blaze (Factory New)
Jun 15 2017 01: +0,64.297,22,Desert Eagle | Blaze (Factory New)
Jun 16 2017 01: +0,64.773,21,Desert Eagle | Blaze (Factory New)
Jun 17 2017 01: +0,63.552,37,Desert Eagle | Blaze (Factory New)
Jun 18 2017 01: +0,62.238,16,Desert Eagle | Blaze (Factory New)
Jun 19 2017 01: +0,63.765,28,Desert Eagle | Blaze (Factory New)
Jun 20 2017 01: +0,62.403,17,Desert Eagle | Blaze (Factory New)
Jun 21 2017 01: +0,60.728,23,Desert Eagle | Blaze (Factory New)
Jun 22 2017 01: +0,59.842,30,Desert Eagle | Blaze (Factory New)
Jun 23 2017 01: +0,59.428,39,Desert Eagle | Blaze (Factory New)
Jun 24 2017 01: +0,61.702,33,Desert Eagle | Blaze (Factory New)
Jun 25 2017 01: +0,59.508,29,Desert Eagle | Blaze (Factory New)
Jun 26 2017 01: +0,59.92,26,Desert Eagle | Blaze (Factory New)
Jun 27 2017 01: +0,58.11,34,Desert Eagle | Blaze (Factory New)
Jun 28 2017 01: +0,57.329,31,Desert Eagle | Blaze (Factory New)
Jun 29 2017 01: +0,61.916,21,Desert Eagle | Blaze (Factory New)
Jun 30 2017 01: +0,61.135,37,Desert Eagle | Blaze (Factory New)
Jul 01 2017 01: +0,60.295,25,Desert Eagle | Blaze (Factory New)
Jul 02 2017 01: +0,61.862,29,Desert Eagle | Blaze (Factory New)
Jul 03 2017 01: +0,64.304,33,Desert Eagle | Blaze (Factory New)
Jul 04 2017 01: +0,61.907,31,Desert Eagle | Blaze (Factory New)
Jul 05 2017 01: +0,63.728,29,Desert Eagle | Blaze (Factory New)
Jul 06 2017 01: +0,62.219,31,Desert Eagle | Blaze (Factory New)
Jul 07 2017 01: +0,62.407,23,Desert Eagle | Blaze (Factory New)
Jul 08 2017 01: +0,66.599,28,Desert Eagle | Blaze (Factory New)
Jul 09 2017 01: +0,64.36,26,Desert Eagle | Blaze (Factory New)
Jul 10 2017 01: +0,64.334,29,Desert Eagle | Blaze (Factory New)
Jul 11 2017 01: +0,68.372,33,Desert Eagle | Blaze (Factory New)
Jul 12 2017 01: +0,67.767,14,Desert Eagle | Blaze (Factory New)
Jul 13 2017 01: +0,67.807,26,Desert Eagle | Blaze (Factory New)
Jul 14 2017 01: +0,67.048,30,Desert Eagle | Blaze (Factory New)
Jul 15 2017 01: +0,69.178,21,Desert Eagle | Blaze (Factory New)
Jul 16 2017 01: +0,67.689,16,Desert Eagle | Blaze (Factory New)
Jul 17 2017 01: +0,65.183,33,Desert Eagle | Blaze (Factory New)
Jul 18 2017 01: +0,68.12,31,Desert Eagle | Blaze (Factory New)
Jul 19 2017 01: +0,70.888,29,Desert Eagle | Blaze (Factory New)
Jul 20 2017 01: +0,73.071,24,Desert Eagle | Blaze (Factory New)
Jul 21 2017 01: +0,70.969,27,Desert Eagle | Blaze (Factory New)
Jul 22 2017 01: +0,71.087,33,Desert Eagle | Blaze (Factory New)
Jul 23 2017 01: +0,68.902,39,Desert Eagle | Blaze (Factory New)
Jul 24 2017 01: +0,68.452,34,Desert Eagle | Blaze (Factory New)
Jul 25 2017 01: +0,66.887,35,Desert Eagle | Blaze (Factory New)
Jul 26 2017 01: +0,70.398,26,Desert Eagle | Blaze (Factory New)
Jul 27 2017 01: +0,73.16,30,Desert Eagle | Blaze (Factory New)
Jul 28 2017 01: +0,74.098,23,Desert Eagle | Blaze (Factory New)
Jul 29 2017 01: +0,71.91,22,Desert Eagle | Blaze (Factory New)
Jul 30 2017 01: +0,75.785,22,Desert Eagle | Blaze (Factory New)
Jul 31 2017 01: +0,77.82,24,Desert Eagle | Blaze (Factory New)
Aug 01 2017 01: +0,79.301,31,Desert Eagle | Blaze (Factory New)
Aug 02 2017 01: +0,77.228,17,Desert Eagle | Blaze (Factory New)
Aug 03 2017 01: +0,76.168,32,Desert Eagle | Blaze (Factory New)
Aug 04 2017 01: +0,78.56,24,Desert Eagle | Blaze (Factory New)
Aug 05 2017 01: +0,83.457,28,Desert Eagle | Blaze (Factory New)
Aug 06 2017 01: +0,74.76,24,Desert Eagle | Blaze (Factory New)
Aug 07 2017 01: +0,79.817,19,Desert Eagle | Blaze (Factory New)
Aug 08 2017 01: +0,77.256,22,Desert Eagle | Blaze (Factory New)
Aug 09 2017 01: +0,75.497,30,Desert Eagle | Blaze (Factory New)
Aug 10 2017 01: +0,73.219,25,Desert Eagle | Blaze (Factory New)
Aug 11 2017 01: +0,76.142,23,Desert Eagle | Blaze (Factory New)
Aug 12 2017 01: +0,74.427,24,Desert Eagle | Blaze (Factory New)
Aug 13 2017 01: +0,73.927,22,Desert Eagle | Blaze (Factory New)
Aug 14 2017 01: +0,72.041,20,Desert Eagle | Blaze (Factory New)
Aug 15 2017 01: +0,73.193,25,Desert Eagle | Blaze (Factory New)
Aug 16 2017 01: +0,72.297,23,Desert Eagle | Blaze (Factory New)
Aug 17 2017 01: +0,75.149,28,Desert Eagle | Blaze (Factory New)
Aug 18 2017 01: +0,74.491,23,Desert Eagle | Blaze (Factory New)
Aug 19 2017 01: +0,73.722,13,Desert Eagle | Blaze (Factory New)
Aug 20 2017 01: +0,71.006,30,Desert Eagle | Blaze (Factory New)
Aug 21 2017 01: +0,70.302,15,Desert Eagle | Blaze (Factory New)
Aug 22 2017 01: +0,71.407,23,Desert Eagle | Blaze (Factory New)
Aug 23 2017 01: +0,74.006,29,Desert Eagle | Blaze (Factory New)
Aug 24 2017 01: +0,73.637,19,Desert Eagle | Blaze (Factory New)
Aug 25 2017 01: +0,78.531,29,Desert Eagle | Blaze (Factory New)
Aug 26 2017 01: +0,78.532,27,Desert Eagle | Blaze (Factory New)
Aug 27 2017 01: +0,74.322,26,Desert Eagle | Blaze (Factory New)
Aug 28 2017 01: +0,71.588,24,Desert Eagle | Blaze (Factory New)
Aug 29 2017 01: +0,70.964,27,Desert Eagle | Blaze (Factory New)
Aug 30 2017 01: +0,75.591,21,Desert Eagle | Blaze (Factory New)
Aug 31 2017 01: +0,75.587,27,Desert Eagle | Blaze (Factory New)
Sep 01 2017 01: +0,74.922,25,Desert Eagle | Blaze (Factory New)
Sep 02 2017 01: +0,75.125,22,Desert Eagle | Blaze (Factory New)
Sep 03 2017 01: +0,76.854,28,Desert Eagle | Blaze (Factory New)
Sep 04 2017 01: +0,76.696,27,Desert Eagle | Blaze (Factory New)
Sep 05 2017 01: +0,77.71,21,Desert Eagle | Blaze (Factory New)
Sep 06 2017 01: +0,75.175,18,Desert Eagle | Blaze (Factory New)
Sep 07 2017 01: +0,75.573,18,Desert Eagle | Blaze (Factory New)
Sep 08 2017 01: +0,79.132,22,Desert Eagle | Blaze (Factory New)
Sep 09 2017 01: +0,78.842,22,Desert Eagle | Blaze (Factory New)
Sep 10 2017 01: +0,76.669,25,Desert Eagle | Blaze (Factory New)
Sep 11 2017 01: +0,75.278,16,Desert Eagle | Blaze (Factory New)
Sep 12 2017 01: +0,77.621,19,Desert Eagle | Blaze (Factory New)
Sep 13 2017 01: +0,75.207,17,Desert Eagle | Blaze (Factory New)
Sep 14 2017 01: +0,76.888,20,Desert Eagle | Blaze (Factory New)
Sep 15 2017 01: +0,77.298,25,Desert Eagle | Blaze (Factory New)
Sep 16 2017 01: +0,78.468,20,Desert Eagle | Blaze (Factory New)
Sep 17 2017 01: +0,79.454,26,Desert Eagle | Blaze (Factory New)
Sep 18 2017 01: +0,74.311,30,Desert Eagle | Blaze (Factory New)
Sep 19 2017 01: +0,73.1,25,Desert Eagle | Blaze (Factory New)
Sep 20 2017 01: +0,74.157,16,Desert Eagle | Blaze (Factory New)
Sep 21 2017 01: +0,74.724,16,Desert Eagle | Blaze (Factory New)
Sep 22 2017 01: +0,72.705,24,Desert Eagle | Blaze (Factory New)
Sep 23 2017 01: +0,72.767,20,Desert Eagle | Blaze (Factory New)
Sep 24 2017 01: +0,72.568,23,Desert Eagle | Blaze (Factory New)
Sep 25 2017 01: +0,70.535,21,Desert Eagle | Blaze (Factory New)
Sep 26 2017 01: +0,73.719,21,Desert Eagle | Blaze (Factory New)
Sep 27 2017 01: +0,72.985,24,Desert Eagle | Blaze (Factory New)
Sep 28 2017 01: +0,74.334,16,Desert Eagle | Blaze (Factory New)
Sep 29 2017 01: +0,73.314,20,Desert Eagle | Blaze (Factory New)
Sep 30 2017 01: +0,72.914,33,Desert Eagle | Blaze (Factory New)
Oct 01 2017 01: +0,71.579,16,Desert Eagle | Blaze (Factory New)
Oct 02 2017 01: +0,73.419,18,Desert Eagle | Blaze (Factory New)
Oct 03 2017 01: +0,74.563,18,Desert Eagle | Blaze (Factory New)
Oct 04 2017 01: +0,74.159,20,Desert Eagle | Blaze (Factory New)
Oct 05 2017 01: +0,71.407,21,Desert Eagle | Blaze (Factory New)
Oct 06 2017 01: +0,74.278,27,Desert Eagle | Blaze (Factory New)
Oct 07 2017 01: +0,77.561,29,Desert Eagle | Blaze (Factory New)
Oct 08 2017 01: +0,71.847,22,Desert Eagle | Blaze (Factory New)
Oct 09 2017 01: +0,72.747,15,Desert Eagle | Blaze (Factory New)
Oct 10 2017 01: +0,73.262,30,Desert Eagle | Blaze (Factory New)
Oct 11 2017 01: +0,73.339,19,Desert Eagle | Blaze (Factory New)
Oct 12 2017 01: +0,74.939,13,Desert Eagle | Blaze (Factory New)
Oct 13 2017 01: +0,77.056,16,Desert Eagle | Blaze (Factory New)
Oct 14 2017 01: +0,77.052,23,Desert Eagle | Blaze (Factory New)
Oct 15 2017 01: +0,74.857,24,Desert Eagle | Blaze (Factory New)
Oct 16 2017 01: +0,74.091,20,Desert Eagle | Blaze (Factory New)
Oct 17 2017 01: +0,75.501,18,Desert Eagle | Blaze (Factory New)
Oct 18 2017 01: +0,76.362,13,Desert Eagle | Blaze (Factory New)
Oct 19 2017 01: +0,76.932,20,Desert Eagle | Blaze (Factory New)
Oct 20 2017 01: +0,76.081,16,Desert Eagle | Blaze (Factory New)
Oct 21 2017 01: +0,73.946,12,Desert Eagle | Blaze (Factory New)
Oct 22 2017 01: +0,69.985,25,Desert Eagle | Blaze (Factory New)
Oct 23 2017 01: +0,71.812,14,Desert Eagle | Blaze (Factory New)
Oct 24 2017 01: +0,72.297,16,Desert Eagle | Blaze (Factory New)
Oct 25 2017 01: +0,74.154,17,Desert Eagle | Blaze (Factory New)
Oct 26 2017 01: +0,71.903,26,Desert Eagle | Blaze (Factory New)
Oct 27 2017 01: +0,73.136,18,Desert Eagle | Blaze (Factory New)
Oct 28 2017 01: +0,72.344,20,Desert Eagle | Blaze (Factory New)
Oct 29 2017 01: +0,71.828,20,Desert Eagle | Blaze (Factory New)
Oct 30 2017 01: +0,72.805,36,Desert Eagle | Blaze (Factory New)
Oct 31 2017 01: +0,73.594,20,Desert Eagle | Blaze (Factory New)
Nov 01 2017 01: +0,71.929,20,Desert Eagle | Blaze (Factory New)
Nov 02 2017 01: +0,71.877,15,Desert Eagle | Blaze (Factory New)
Nov 03 2017 01: +0,69.109,25,Desert Eagle | Blaze (Factory New)
Nov 04 2017 01: +0,69.459,25,Desert Eagle | Blaze (Factory New)
Nov 05 2017 01: +0,72.564,24,Desert Eagle | Blaze (Factory New)
Nov 06 2017 01: +0,68.355,20,Desert Eagle | Blaze (Factory New)
Nov 07 2017 01: +0,67.584,25,Desert Eagle | Blaze (Factory New)
Nov 08 2017 01: +0,68.416,18,Desert Eagle | Blaze (Factory New)
Nov 09 2017 01: +0,71.471,23,Desert Eagle | Blaze (Factory New)
Nov 10 2017 01: +0,69.595,10,Desert Eagle | Blaze (Factory New)
Nov 11 2017 01: +0,67.333,17,Desert Eagle | Blaze (Factory New)
Nov 12 2017 01: +0,69.953,13,Desert Eagle | Blaze (Factory New)
Nov 13 2017 01: +0,70.719,14,Desert Eagle | Blaze (Factory New)
Nov 14 2017 01: +0,72.088,15,Desert Eagle | Blaze (Factory New)
Nov 15 2017 01: +0,72.215,24,Desert Eagle | Blaze (Factory New)
Nov 16 2017 01: +0,72.404,22,Desert Eagle | Blaze (Factory New)
Nov 17 2017 01: +0,69.685,15,Desert Eagle | Blaze (Factory New)
Nov 18 2017 01: +0,70.439,18,Desert Eagle | Blaze (Factory New)
Nov 19 2017 01: +0,71.255,21,Desert Eagle | Blaze (Factory New)
Nov 20 2017 01: +0,73.592,18,Desert Eagle | Blaze (Factory New)
Nov 21 2017 01: +0,74.746,24,Desert Eagle | Blaze (Factory New)
Nov 22 2017 01: +0,73.633,17,Desert Eagle | Blaze (Factory New)
Nov 23 2017 01: +0,71.501,26,Desert Eagle | Blaze (Factory New)
Nov 24 2017 01: +0,69.719,27,Desert Eagle | Blaze (Factory New)
Nov 25 2017 01: +0,67.901,24,Desert Eagle | Blaze (Factory New)
Nov 26 2017 01: +0,73.483,22,Desert Eagle | Blaze (Factory New)
Nov 27 2017 01: +0,67.518,25,Desert Eagle | Blaze (Factory New)
Nov 28 2017 01: +0,70.29,15,Desert Eagle | Blaze (Factory New)
Nov 29 2017 01: +0,68.967,17,Desert Eagle | Blaze (Factory New)
Nov 30 2017 01: +0,68.173,19,Desert Eagle | Blaze (Factory New)
Dec 01 2017 01: +0,69.323,24,Desert Eagle | Blaze (Factory New)
Dec 02 2017 01: +0,73.12,24,Desert Eagle | Blaze (Factory New)
Dec 03 2017 01: +0,75.392,21,Desert Eagle | Blaze (Factory New)
Dec 04 2017 01: +0,78.52,26,Desert Eagle | Blaze (Factory New)
Dec 05 2017 01: +0,79.667,27,Desert Eagle | Blaze (Factory New)
Dec 06 2017 01: +0,81.997,17,Desert Eagle | Blaze (Factory New)
Dec 07 2017 01: +0,76.26,12,Desert Eagle | Blaze (Factory New)
Dec 08 2017 01: +0,78.65,23,Desert Eagle | Blaze (Factory New)
Dec 09 2017 01: +0,78.563,20,Desert Eagle | Blaze (Factory New)
Dec 10 2017 01: +0,77.838,15,Desert Eagle | Blaze (Factory New)
Dec 11 2017 01: +0,79.961,10,Desert Eagle | Blaze (Factory New)
Dec 12 2017 01: +0,77.486,15,Desert Eagle | Blaze (Factory New)
Dec 13 2017 01: +0,80.57,13,Desert Eagle | Blaze (Factory New)
Dec 14 2017 01: +0,75.066,15,Desert Eagle | Blaze (Factory New)
Dec 15 2017 01: +0,75.392,16,Desert Eagle | Blaze (Factory New)
Dec 16 2017 01: +0,77.161,11,Desert Eagle | Blaze (Factory New)
Dec 17 2017 01: +0,71.791,15,Desert Eagle | Blaze (Factory New)
Dec 18 2017 01: +0,75.672,21,Desert Eagle | Blaze (Factory New)
Dec 19 2017 01: +0,75.001,18,Desert Eagle | Blaze (Factory New)
Dec 20 2017 01: +0,77.806,14,Desert Eagle | Blaze (Factory New)
Dec 21 2017 01: +0,78.563,10,Desert Eagle | Blaze (Factory New)
Dec 22 2017 01: +0,78.381,17,Desert Eagle | Blaze (Factory New)
Dec 23 2017 01: +0,77.558,22,Desert Eagle | Blaze (Factory New)
Dec 24 2017 01: +0,72.374,23,Desert Eagle | Blaze (Factory New)
Dec 25 2017 01: +0,83.453,26,Desert Eagle | Blaze (Factory New)
Dec 26 2017 01: +0,81.752,25,Desert Eagle | Blaze (Factory New)
Dec 27 2017 01: +0,83.521,16,Desert Eagle | Blaze (Factory New)
Dec 28 2017 01: +0,82.789,25,Desert Eagle | Blaze (Factory New)
Dec 29 2017 01: +0,88.423,26,Desert Eagle | Blaze (Factory New)
Dec 30 2017 01: +0,90.093,17,Desert Eagle | Blaze (Factory New)
Dec 31 2017 01: +0,84.049,14,Desert Eagle | Blaze (Factory New)
Jan 01 2018 01: +0,85.9,14,Desert Eagle | Blaze (Factory New)
Jan 02 2018 01: +0,84.166,20,Desert Eagle | Blaze (Factory New)
Jan 03 2018 01: +0,88.601,17,Desert Eagle | Blaze (Factory New)
Jan 04 2018 01: +0,84.849,19,Desert Eagle | Blaze (Factory New)
Jan 05 2018 01: +0,81.206,30,Desert Eagle | Blaze (Factory New)
Jan 06 2018 01: +0,78.822,28,Desert Eagle | Blaze (Factory New)
Jan 07 2018 01: +0,78.054,7,Desert Eagle | Blaze (Factory New)
Jan 08 2018 01: +0,82.042,23,Desert Eagle | Blaze (Factory New)
Jan 09 2018 01: +0,90.313,17,Desert Eagle | Blaze (Factory New)
Jan 10 2018 01: +0,87.348,20,Desert Eagle | Blaze (Factory New)
Jan 11 2018 01: +0,87.312,18,Desert Eagle | Blaze (Factory New)
Jan 12 2018 01: +0,80.912,23,Desert Eagle | Blaze (Factory New)
Jan 13 2018 01: +0,77.228,27,Desert Eagle | Blaze (Factory New)
Jan 14 2018 01: +0,83.348,22,Desert Eagle | Blaze (Factory New)
Jan 15 2018 01: +0,81.614,22,Desert Eagle | Blaze (Factory New)
Jan 16 2018 01: +0,86.742,21,Desert Eagle | Blaze (Factory New)
Jan 17 2018 01: +0,84.993,10,Desert Eagle | Blaze (Factory New)
Jan 18 2018 01: +0,85.161,17,Desert Eagle | Blaze (Factory New)
Jan 19 2018 01: +0,84.108,21,Desert Eagle | Blaze (Factory New)
Jan 20 2018 01: +0,83.801,27,Desert Eagle | Blaze (Factory New)
Jan 21 2018 01: +0,81.402,18,Desert Eagle | Blaze (Factory New)
Jan 22 2018 01: +0,80.851,26,Desert Eagle | Blaze (Factory New)
Jan 23 2018 01: +0,82.492,22,Desert Eagle | Blaze (Factory New)
Jan 24 2018 01: +0,88.59,20,Desert Eagle | Blaze (Factory New)
Jan 25 2018 01: +0,91.151,13,Desert Eagle | Blaze (Factory New)
Jan 26 2018 01: +0,84.853,17,Desert Eagle | Blaze (Factory New)
Jan 27 2018 01: +0,87.808,20,Desert Eagle | Blaze (Factory New)
Jan 28 2018 01: +0,83.16,21,Desert Eagle | Blaze (Factory New)
Jan 29 2018 01: +0,81.332,18,Desert Eagle | Blaze (Factory New)
Jan 30 2018 01: +0,84.737,17,Desert Eagle | Blaze (Factory New)
Jan 31 2018 01: +0,83.979,16,Desert Eagle | Blaze (Factory New)
Feb 01 2018 01: +0,84.264,15,Desert Eagle | Blaze (Factory New)
Feb 02 2018 01: +0,90.163,10,Desert Eagle | Blaze (Factory New)
Feb 03 2018 01: +0,90.777,18,Desert Eagle | Blaze (Factory New)
Feb 04 2018 01: +0,83.589,26,Desert Eagle | Blaze (Factory New)
Feb 05 2018 01: +0,84.669,10,Desert Eagle | Blaze (Factory New)
Feb 06 2018 01: +0,90.489,19,Desert Eagle | Blaze (Factory New)
Feb 07 2018 01: +0,92.42,12,Desert Eagle | Blaze (Factory New)
Feb 08 2018 01: +0,89.013,12,Desert Eagle | Blaze (Factory New)
Feb 09 2018 01: +0,89.691,24,Desert Eagle | Blaze (Factory New)
Feb 10 2018 01: +0,91.649,14,Desert Eagle | Blaze (Factory New)
Feb 11 2018 01: +0,87.211,13,Desert Eagle | Blaze (Factory New)
Feb 12 2018 01: +0,90.607,17,Desert Eagle | Blaze (Factory New)
Feb 13 2018 01: +0,90.806,13,Desert Eagle | Blaze (Factory New)
Feb 14 2018 01: +0,91.585,11,Desert Eagle | Blaze (Factory New)
Feb 15 2018 01: +0,91.054,11,Desert Eagle | Blaze (Factory New)
Feb 16 2018 01: +0,90.646,17,Desert Eagle | Blaze (Factory New)
Feb 17 2018 01: +0,99.584,20,Desert Eagle | Blaze (Factory New)
Feb 18 2018 01: +0,88.192,27,Desert Eagle | Blaze (Factory New)
Feb 19 2018 01: +0,88.378,13,Desert Eagle | Blaze (Factory New)
Feb 20 2018 01: +0,95.648,17,Desert Eagle | Blaze (Factory New)
Feb 21 2018 01: +0,93.019,20,Desert Eagle | Blaze (Factory New)
Feb 22 2018 01: +0,89.114,21,Desert Eagle | Blaze (Factory New)
Feb 23 2018 01: +0,91.889,20,Desert Eagle | Blaze (Factory New)
Feb 24 2018 01: +0,97.185,19,Desert Eagle | Blaze (Factory New)
Feb 25 2018 01: +0,95.683,10,Desert Eagle | Blaze (Factory New)
Feb 26 2018 01: +0,92.202,19,Desert Eagle | Blaze (Factory New)
Feb 27 2018 01: +0,94.203,15,Desert Eagle | Blaze (Factory New)
Feb 28 2018 01: +0,90.214,14,Desert Eagle | Blaze (Factory New)
Mar 01 2018 01: +0,96.17,20,Desert Eagle | Blaze (Factory New)
Mar 02 2018 01: +0,96.083,18,Desert Eagle | Blaze (Factory New)
Mar 03 2018 01: +0,101.905,25,Desert Eagle | Blaze (Factory New)
Mar 04 2018 01: +0,99.599,17,Desert Eagle | Blaze (Factory New)
Mar 05 2018 01: +0,91.874,15,Desert Eagle | Blaze (Factory New)
Mar 06 2018 01: +0,95.307,17,Desert Eagle | Blaze (Factory New)
Mar 07 2018 01: +0,98.87,18,Desert Eagle | Blaze (Factory New)
Mar 08 2018 01: +0,94.861,17,Desert Eagle | Blaze (Factory New)
Mar 09 2018 01: +0,97.393,9,Desert Eagle | Blaze (Factory New)
Mar 10 2018 01: +0,91.256,15,Desert Eagle | Blaze (Factory New)
Mar 11 2018 01: +0,86.536,12,Desert Eagle | Blaze (Factory New)
Mar 12 2018 01: +0,94.52,12,Desert Eagle | Blaze (Factory New)
Mar 13 2018 01: +0,88.385,13,Desert Eagle | Blaze (Factory New)
Mar 14 2018 01: +0,91.218,20,Desert Eagle | Blaze (Factory New)
Mar 15 2018 01: +0,99.255,10,Desert Eagle | Blaze (Factory New)
Mar 16 2018 01: +0,96.079,16,Desert Eagle | Blaze (Factory New)
Mar 17 2018 01: +0,90.466,15,Desert Eagle | Blaze (Factory New)
Mar 18 2018 01: +0,88.088,18,Desert Eagle | Blaze (Factory New)
Mar 19 2018 01: +0,96.172,12,Desert Eagle | Blaze (Factory New)
Mar 20 2018 01: +0,93.688,12,Desert Eagle | Blaze (Factory New)
Mar 21 2018 01: +0,92.749,15,Desert Eagle | Blaze (Factory New)
Mar 22 2018 01: +0,94.118,13,Desert Eagle | Blaze (Factory New)
Mar 23 2018 01: +0,91.995,16,Desert Eagle | Blaze (Factory New)
Mar 24 2018 01: +0,91.678,6,Desert Eagle | Blaze (Factory New)
Mar 25 2018 01: +0,88.734,17,Desert Eagle | Blaze (Factory New)
Mar 26 2018 01: +0,89.442,18,Desert Eagle | Blaze (Factory New)
Mar 27 2018 01: +0,88.843,16,Desert Eagle | Blaze (Factory New)
Mar 28 2018 01: +0,85.474,10,Desert Eagle | Blaze (Factory New)
Mar 29 2018 01: +0,91.253,18,Desert Eagle | Blaze (Factory New)
Mar 30 2018 01: +0,74.01,43,Desert Eagle | Blaze (Factory New)
Mar 31 2018 01: +0,70.11,45,Desert Eagle | Blaze (Factory New)
Apr 01 2018 01: +0,77.342,18,Desert Eagle | Blaze (Factory New)
Apr 02 2018 01: +0,79.145,17,Desert Eagle | Blaze (Factory New)
Apr 03 2018 01: +0,79.568,18,Desert Eagle | Blaze (Factory New)
Apr 04 2018 01: +0,78.778,26,Desert Eagle | Blaze (Factory New)
Apr 05 2018 01: +0,77.171,13,Desert Eagle | Blaze (Factory New)
Apr 06 2018 01: +0,76.025,19,Desert Eagle | Blaze (Factory New)
Apr 07 2018 01: +0,81.57,20,Desert Eagle | Blaze (Factory New)
Apr 08 2018 01: +0,77.54,19,Desert Eagle | Blaze (Factory New)
Apr 09 2018 01: +0,80.599,24,Desert Eagle | Blaze (Factory New)
Apr 10 2018 01: +0,80.182,22,Desert Eagle | Blaze (Factory New)
Apr 11 2018 01: +0,82.883,20,Desert Eagle | Blaze (Factory New)
Apr 12 2018 01: +0,83.251,20,Desert Eagle | Blaze (Factory New)
Apr 13 2018 01: +0,80.325,16,Desert Eagle | Blaze (Factory New)
Apr 14 2018 01: +0,84.24,24,Desert Eagle | Blaze (Factory New)
Apr 15 2018 01: +0,78.297,22,Desert Eagle | Blaze (Factory New)
Apr 16 2018 01: +0,83.471,15,Desert Eagle | Blaze (Factory New)
Apr 17 2018 01: +0,81.96,16,Desert Eagle | Blaze (Factory New)
Apr 18 2018 01: +0,81.996,23,Desert Eagle | Blaze (Factory New)
Apr 19 2018 01: +0,82.302,17,Desert Eagle | Blaze (Factory New)
Apr 20 2018 01: +0,82.069,22,Desert Eagle | Blaze (Factory New)
Apr 21 2018 01: +0,85.954,22,Desert Eagle | Blaze (Factory New)
Apr 22 2018 01: +0,81.257,21,Desert Eagle | Blaze (Factory New)
Apr 23 2018 01: +0,84.099,18,Desert Eagle | Blaze (Factory New)
Apr 24 2018 01: +0,82.44,13,Desert Eagle | Blaze (Factory New)
Apr 25 2018 01: +0,84.458,17,Desert Eagle | Blaze (Factory New)
Apr 26 2018 01: +0,80.845,14,Desert Eagle | Blaze (Factory New)
Apr 27 2018 01: +0,83.489,22,Desert Eagle | Blaze (Factory New)
Apr 28 2018 01: +0,90.576,25,Desert Eagle | Blaze (Factory New)
Apr 29 2018 01: +0,88.012,12,Desert Eagle | Blaze (Factory New)
Apr 30 2018 01: +0,84.551,13,Desert Eagle | Blaze (Factory New)
May 01 2018 01: +0,86.566,16,Desert Eagle | Blaze (Factory New)
May 02 2018 01: +0,86.679,11,Desert Eagle | Blaze (Factory New)
May 03 2018 01: +0,85.94,21,Desert Eagle | Blaze (Factory New)
May 04 2018 01: +0,82.049,20,Desert Eagle | Blaze (Factory New)
May 05 2018 01: +0,83.889,20,Desert Eagle | Blaze (Factory New)
May 06 2018 01: +0,81.916,18,Desert Eagle | Blaze (Factory New)
May 07 2018 01: +0,82.907,13,Desert Eagle | Blaze (Factory New)
May 08 2018 01: +0,86.179,18,Desert Eagle | Blaze (Factory New)
May 09 2018 01: +0,77.885,26,Desert Eagle | Blaze (Factory New)
May 10 2018 01: +0,79.198,24,Desert Eagle | Blaze (Factory New)
May 11 2018 01: +0,78.512,16,Desert Eagle | Blaze (Factory New)
May 12 2018 01: +0,80.114,23,Desert Eagle | Blaze (Factory New)
May 13 2018 01: +0,78.736,32,Desert Eagle | Blaze (Factory New)
May 14 2018 01: +0,75.238,12,Desert Eagle | Blaze (Factory New)
May 15 2018 01: +0,81.183,9,Desert Eagle | Blaze (Factory New)
May 16 2018 01: +0,81.31,17,Desert Eagle | Blaze (Factory New)
May 17 2018 01: +0,77.242,16,Desert Eagle | Blaze (Factory New)
May 18 2018 01: +0,80.901,18,Desert Eagle | Blaze (Factory New)
May 19 2018 01: +0,79.211,22,Desert Eagle | Blaze (Factory New)
May 20 2018 01: +0,77.265,19,Desert Eagle | Blaze (Factory New)
May 21 2018 01: +0,78.331,16,Desert Eagle | Blaze (Factory New)
May 22 2018 01: +0,76.889,13,Desert Eagle | Blaze (Factory New)
May 23 2018 01: +0,81.378,14,Desert Eagle | Blaze (Factory New)
May 24 2018 01: +0,74.223,14,Desert Eagle | Blaze (Factory New)
May 25 2018 01: +0,79.425,27,Desert Eagle | Blaze (Factory New)
May 26 2018 01: +0,79.321,19,Desert Eagle | Blaze (Factory New)
May 27 2018 01: +0,76.794,21,Desert Eagle | Blaze (Factory New)
May 28 2018 01: +0,79.306,23,Desert Eagle | Blaze (Factory New)
May 29 2018 01: +0,75.087,24,Desert Eagle | Blaze (Factory New)
May 30 2018 01: +0,81.938,11,Desert Eagle | Blaze (Factory New)
May 31 2018 01: +0,77.69,16,Desert Eagle | Blaze (Factory New)
Jun 01 2018 01: +0,79.27,20,Desert Eagle | Blaze (Factory New)
Jun 02 2018 01: +0,78.77,18,Desert Eagle | Blaze (Factory New)
Jun 03 2018 01: +0,77.668,15,Desert Eagle | Blaze (Factory New)
Jun 04 2018 01: +0,78.906,17,Desert Eagle | Blaze (Factory New)
Jun 05 2018 01: +0,75.657,18,Desert Eagle | Blaze (Factory New)
Jun 06 2018 01: +0,75.601,20,Desert Eagle | Blaze (Factory New)
Jun 07 2018 01: +0,84.544,21,Desert Eagle | Blaze (Factory New)
Jun 08 2018 01: +0,77.531,18,Desert Eagle | Blaze (Factory New)
Jun 09 2018 01: +0,73.043,27,Desert Eagle | Blaze (Factory New)
Jun 10 2018 01: +0,70.772,27,Desert Eagle | Blaze (Factory New)
Jun 11 2018 01: +0,69.26,23,Desert Eagle | Blaze (Factory New)
Jun 12 2018 01: +0,69.36,25,Desert Eagle | Blaze (Factory New)
Jun 13 2018 01: +0,67.521,18,Desert Eagle | Blaze (Factory New)
Jun 14 2018 01: +0,63.274,25,Desert Eagle | Blaze (Factory New)
Jun 15 2018 01: +0,69.158,19,Desert Eagle | Blaze (Factory New)
Jun 16 2018 01: +0,66.674,24,Desert Eagle | Blaze (Factory New)
Jun 17 2018 01: +0,66.249,35,Desert Eagle | Blaze (Factory New)
Jun 18 2018 01: +0,71.269,23,Desert Eagle | Blaze (Factory New)
Jun 19 2018 01: +0,72.955,22,Desert Eagle | Blaze (Factory New)
Jun 20 2018 01: +0,73.709,20,Desert Eagle | Blaze (Factory New)
Jun 21 2018 01: +0,71.838,13,Desert Eagle | Blaze (Factory New)
Jun 22 2018 01: +0,65.978,29,Desert Eagle | Blaze (Factory New)
Jun 23 2018 01: +0,67.161,23,Desert Eagle | Blaze (Factory New)
Jun 24 2018 01: +0,63.807,24,Desert Eagle | Blaze (Factory New)
Jun 25 2018 01: +0,64.536,29,Desert Eagle | Blaze (Factory New)
Jun 26 2018 01: +0,68.94,14,Desert Eagle | Blaze (Factory New)
Jun 27 2018 01: +0,65.344,23,Desert Eagle | Blaze (Factory New)
Jun 28 2018 01: +0,64.675,14,Desert Eagle | Blaze (Factory New)
Jun 29 2018 01: +0,68.456,32,Desert Eagle | Blaze (Factory New)
Jun 30 2018 01: +0,69.511,27,Desert Eagle | Blaze (Factory New)
Jul 01 2018 01: +0,65.859,22,Desert Eagle | Blaze (Factory New)
Jul 02 2018 01: +0,71.387,16,Desert Eagle | Blaze (Factory New)
Jul 03 2018 01: +0,69.075,17,Desert Eagle | Blaze (Factory New)
Jul 04 2018 01: +0,67.533,21,Desert Eagle | Blaze (Factory New)
Jul 05 2018 01: +0,66.71,20,Desert Eagle | Blaze (Factory New)
Jul 06 2018 01: +0,71.872,26,Desert Eagle | Blaze (Factory New)
Jul 07 2018 01: +0,74.384,23,Desert Eagle | Blaze (Factory New)
Jul 08 2018 01: +0,75.837,30,Desert Eagle | Blaze (Factory New)
Jul 09 2018 01: +0,72.825,18,Desert Eagle | Blaze (Factory New)
Jul 10 2018 01: +0,75.57,18,Desert Eagle | Blaze (Factory New)
Jul 11 2018 01: +0,76.461,20,Desert Eagle | Blaze (Factory New)
Jul 12 2018 01: +0,76.654,22,Desert Eagle | Blaze (Factory New)
Jul 13 2018 01: +0,79.152,23,Desert Eagle | Blaze (Factory New)
Jul 14 2018 01: +0,73.882,17,Desert Eagle | Blaze (Factory New)
Jul 15 2018 01: +0,78.672,24,Desert Eagle | Blaze (Factory New)
Jul 16 2018 01: +0,76.615,23,Desert Eagle | Blaze (Factory New)
Jul 17 2018 01: +0,77.393,18,Desert Eagle | Blaze (Factory New)
Jul 18 2018 01: +0,80.551,21,Desert Eagle | Blaze (Factory New)
Jul 19 2018 01: +0,77.367,23,Desert Eagle | Blaze (Factory New)
Jul 20 2018 01: +0,76.915,25,Desert Eagle | Blaze (Factory New)
Jul 21 2018 01: +0,79.08,22,Desert Eagle | Blaze (Factory New)
Jul 22 2018 01: +0,79.372,20,Desert Eagle | Blaze (Factory New)
Jul 23 2018 01: +0,80.198,17,Desert Eagle | Blaze (Factory New)
Jul 24 2018 01: +0,80.93,16,Desert Eagle | Blaze (Factory New)
Jul 25 2018 01: +0,81.33,18,Desert Eagle | Blaze (Factory New)
Jul 26 2018 01: +0,84.95,23,Desert Eagle | Blaze (Factory New)
Jul 27 2018 01: +0,88.646,16,Desert Eagle | Blaze (Factory New)
Jul 28 2018 01: +0,85.491,17,Desert Eagle | Blaze (Factory New)
Jul 29 2018 01: +0,88.789,23,Desert Eagle | Blaze (Factory New)
Jul 30 2018 01: +0,84.539,15,Desert Eagle | Blaze (Factory New)
Jul 31 2018 01: +0,81.617,19,Desert Eagle | Blaze (Factory New)
Aug 01 2018 01: +0,84.576,19,Desert Eagle | Blaze (Factory New)
Aug 02 2018 01: +0,87.795,17,Desert Eagle | Blaze (Factory New)
Aug 03 2018 01: +0,80.973,24,Desert Eagle | Blaze (Factory New)
Aug 04 2018 01: +0,82.709,21,Desert Eagle | Blaze (Factory New)
Aug 05 2018 01: +0,84.365,20,Desert Eagle | Blaze (Factory New)
Aug 06 2018 01: +0,81.372,23,Desert Eagle | Blaze (Factory New)
Aug 07 2018 01: +0,81.301,19,Desert Eagle | Blaze (Factory New)
Aug 08 2018 01: +0,83.976,21,Desert Eagle | Blaze (Factory New)
Aug 09 2018 01: +0,84.902,25,Desert Eagle | Blaze (Factory New)
Aug 10 2018 01: +0,83.314,23,Desert Eagle | Blaze (Factory New)
Aug 11 2018 01: +0,81.596,19,Desert Eagle | Blaze (Factory New)
Aug 12 2018 01: +0,81.349,20,Desert Eagle | Blaze (Factory New)
Aug 13 2018 01: +0,84.505,17,Desert Eagle | Blaze (Factory New)
Aug 14 2018 01: +0,82.785,16,Desert Eagle | Blaze (Factory New)
Aug 15 2018 01: +0,75.732,18,Desert Eagle | Blaze (Factory New)
Aug 16 2018 01: +0,78.984,14,Desert Eagle | Blaze (Factory New)
Aug 17 2018 01: +0,79.172,15,Desert Eagle | Blaze (Factory New)
Aug 18 2018 01: +0,78.936,14,Desert Eagle | Blaze (Factory New)
Aug 19 2018 01: +0,79.91,24,Desert Eagle | Blaze (Factory New)
Aug 20 2018 01: +0,81.429,19,Desert Eagle | Blaze (Factory New)
Aug 21 2018 01: +0,82.689,17,Desert Eagle | Blaze (Factory New)
Aug 22 2018 01: +0,83.848,20,Desert Eagle | Blaze (Factory New)
Aug 23 2018 01: +0,79.754,21,Desert Eagle | Blaze (Factory New)
Aug 24 2018 01: +0,83.1,22,Desert Eagle | Blaze (Factory New)
Aug 25 2018 01: +0,83.921,20,Desert Eagle | Blaze (Factory New)
Aug 26 2018 01: +0,85.182,25,Desert Eagle | Blaze (Factory New)
Aug 27 2018 01: +0,85.787,15,Desert Eagle | Blaze (Factory New)
Aug 28 2018 01: +0,86.982,14,Desert Eagle | Blaze (Factory New)
Aug 29 2018 01: +0,81.428,20,Desert Eagle | Blaze (Factory New)
Aug 30 2018 01: +0,83.184,17,Desert Eagle | Blaze (Factory New)
Aug 31 2018 01: +0,87.681,29,Desert Eagle | Blaze (Factory New)
Sep 01 2018 01: +0,88.636,16,Desert Eagle | Blaze (Factory New)
Sep 02 2018 01: +0,86.243,28,Desert Eagle | Blaze (Factory New)
Sep 03 2018 01: +0,87.279,19,Desert Eagle | Blaze (Factory New)
Sep 04 2018 01: +0,85.629,17,Desert Eagle | Blaze (Factory New)
Sep 05 2018 01: +0,84.284,15,Desert Eagle | Blaze (Factory New)
Sep 06 2018 01: +0,91.515,9,Desert Eagle | Blaze (Factory New)
Sep 07 2018 01: +0,87.944,20,Desert Eagle | Blaze (Factory New)
Sep 08 2018 01: +0,85.459,20,Desert Eagle | Blaze (Factory New)
Sep 09 2018 01: +0,84.15,21,Desert Eagle | Blaze (Factory New)
Sep 10 2018 01: +0,85.25,13,Desert Eagle | Blaze (Factory New)
Sep 11 2018 01: +0,87.314,19,Desert Eagle | Blaze (Factory New)
Sep 12 2018 01: +0,82.043,20,Desert Eagle | Blaze (Factory New)
Sep 13 2018 01: +0,91.13,18,Desert Eagle | Blaze (Factory New)
Sep 14 2018 01: +0,87.742,19,Desert Eagle | Blaze (Factory New)
Sep 15 2018 01: +0,84.86,18,Desert Eagle | Blaze (Factory New)
Sep 16 2018 01: +0,83.439,19,Desert Eagle | Blaze (Factory New)
Sep 17 2018 01: +0,86.194,15,Desert Eagle | Blaze (Factory New)
Sep 18 2018 01: +0,86.791,21,Desert Eagle | Blaze (Factory New)
Sep 19 2018 01: +0,93.08,9,Desert Eagle | Blaze (Factory New)
Sep 20 2018 01: +0,84.227,19,Desert Eagle | Blaze (Factory New)
Sep 21 2018 01: +0,91.546,23,Desert Eagle | Blaze (Factory New)
Sep 22 2018 01: +0,89.743,26,Desert Eagle | Blaze (Factory New)
Sep 23 2018 01: +0,82.26,23,Desert Eagle | Blaze (Factory New)
Sep 24 2018 01: +0,81.855,22,Desert Eagle | Blaze (Factory New)
Sep 25 2018 01: +0,82.8,19,Desert Eagle | Blaze (Factory New)
Sep 26 2018 01: +0,87.58,21,Desert Eagle | Blaze (Factory New)
Sep 27 2018 01: +0,88.309,19,Desert Eagle | Blaze (Factory New)
Sep 28 2018 01: +0,92.771,17,Desert Eagle | Blaze (Factory New)
Sep 29 2018 01: +0,92.801,14,Desert Eagle | Blaze (Factory New)
Sep 30 2018 01: +0,96.185,16,Desert Eagle | Blaze (Factory New)
Oct 01 2018 01: +0,93.69,17,Desert Eagle | Blaze (Factory New)
Oct 02 2018 01: +0,94.094,18,Desert Eagle | Blaze (Factory New)
Oct 03 2018 01: +0,93.706,12,Desert Eagle | Blaze (Factory New)
Oct 04 2018 01: +0,100.789,11,Desert Eagle | Blaze (Factory New)
Oct 05 2018 01: +0,98.828,17,Desert Eagle | Blaze (Factory New)
Oct 06 2018 01: +0,92.552,17,Desert Eagle | Blaze (Factory New)
Oct 07 2018 01: +0,91.621,19,Desert Eagle | Blaze (Factory New)
Oct 08 2018 01: +0,91.887,17,Desert Eagle | Blaze (Factory New)
Oct 09 2018 01: +0,92.406,12,Desert Eagle | Blaze (Factory New)
Oct 10 2018 01: +0,90.502,10,Desert Eagle | Blaze (Factory New)
Oct 11 2018 01: +0,96.277,13,Desert Eagle | Blaze (Factory New)
Oct 12 2018 01: +0,98.082,31,Desert Eagle | Blaze (Factory New)
Oct 13 2018 01: +0,95.82,19,Desert Eagle | Blaze (Factory New)
Oct 14 2018 01: +0,92.478,18,Desert Eagle | Blaze (Factory New)
Oct 15 2018 01: +0,91.439,21,Desert Eagle | Blaze (Factory New)
Oct 16 2018 01: +0,95.415,21,Desert Eagle | Blaze (Factory New)
Oct 17 2018 01: +0,95.669,19,Desert Eagle | Blaze (Factory New)
Oct 18 2018 01: +0,98.033,11,Desert Eagle | Blaze (Factory New)
Oct 19 2018 01: +0,94.687,17,Desert Eagle | Blaze (Factory New)
Oct 20 2018 01: +0,97.597,16,Desert Eagle | Blaze (Factory New)
Oct 21 2018 01: +0,93.082,14,Desert Eagle | Blaze (Factory New)
Oct 22 2018 01: +0,91.23,16,Desert Eagle | Blaze (Factory New)
Oct 23 2018 01: +0,95.457,13,Desert Eagle | Blaze (Factory New)
Oct 24 2018 01: +0,90.161,19,Desert Eagle | Blaze (Factory New)
Oct 25 2018 01: +0,97.171,19,Desert Eagle | Blaze (Factory New)
Oct 26 2018 01: +0,92.97,20,Desert Eagle | Blaze (Factory New)
Oct 27 2018 01: +0,91.853,19,Desert Eagle | Blaze (Factory New)
Oct 28 2018 01: +0,97.37,12,Desert Eagle | Blaze (Factory New)
Oct 29 2018 01: +0,97.421,15,Desert Eagle | Blaze (Factory New)
Oct 30 2018 01: +0,86.999,8,Desert Eagle | Blaze (Factory New)
Oct 31 2018 01: +0,89.778,18,Desert Eagle | Blaze (Factory New)
Nov 01 2018 01: +0,90.373,12,Desert Eagle | Blaze (Factory New)
Nov 02 2018 01: +0,88.84,9,Desert Eagle | Blaze (Factory New)
Nov 03 2018 01: +0,92.01,14,Desert Eagle | Blaze (Factory New)
Nov 04 2018 01: +0,86.26,14,Desert Eagle | Blaze (Factory New)
Nov 05 2018 01: +0,83.441,14,Desert Eagle | Blaze (Factory New)
Nov 06 2018 01: +0,80.402,18,Desert Eagle | Blaze (Factory New)
Nov 07 2018 01: +0,84.766,12,Desert Eagle | Blaze (Factory New)
Nov 08 2018 01: +0,88.123,17,Desert Eagle | Blaze (Factory New)
Nov 09 2018 01: +0,84.919,19,Desert Eagle | Blaze (Factory New)
Nov 10 2018 01: +0,89.515,24,Desert Eagle | Blaze (Factory New)
Nov 11 2018 01: +0,88.098,9,Desert Eagle | Blaze (Factory New)
Nov 12 2018 01: +0,86.73,16,Desert Eagle | Blaze (Factory New)
Nov 13 2018 01: +0,84.248,11,Desert Eagle | Blaze (Factory New)
Nov 14 2018 01: +0,84.619,10,Desert Eagle | Blaze (Factory New)
Nov 15 2018 01: +0,88.068,11,Desert Eagle | Blaze (Factory New)
Nov 16 2018 01: +0,84.416,22,Desert Eagle | Blaze (Factory New)
Nov 17 2018 01: +0,87.357,12,Desert Eagle | Blaze (Factory New)
Nov 18 2018 01: +0,85.068,25,Desert Eagle | Blaze (Factory New)
Nov 19 2018 01: +0,79.144,17,Desert Eagle | Blaze (Factory New)
Nov 20 2018 01: +0,84.124,12,Desert Eagle | Blaze (Factory New)
Nov 21 2018 01: +0,83.15,19,Desert Eagle | Blaze (Factory New)
Nov 22 2018 01: +0,95.964,14,Desert Eagle | Blaze (Factory New)
Nov 23 2018 01: +0,87.852,19,Desert Eagle | Blaze (Factory New)
Nov 24 2018 01: +0,82.483,15,Desert Eagle | Blaze (Factory New)
Nov 25 2018 01: +0,81.311,12,Desert Eagle | Blaze (Factory New)
Nov 26 2018 01: +0,79.752,11,Desert Eagle | Blaze (Factory New)
Nov 27 2018 01: +0,83.97,10,Desert Eagle | Blaze (Factory New)
Nov 28 2018 01: +0,80.603,13,Desert Eagle | Blaze (Factory New)
Nov 29 2018 01: +0,81.217,21,Desert Eagle | Blaze (Factory New)
Nov 30 2018 01: +0,82.719,15,Desert Eagle | Blaze (Factory New)
Dec 01 2018 01: +0,89.441,18,Desert Eagle | Blaze (Factory New)
Dec 02 2018 01: +0,83.375,20,Desert Eagle | Blaze (Factory New)
Dec 03 2018 01: +0,79.946,17,Desert Eagle | Blaze (Factory New)
Dec 04 2018 01: +0,85.727,15,Desert Eagle | Blaze (Factory New)
Dec 05 2018 01: +0,85.089,14,Desert Eagle | Blaze (Factory New)
Dec 06 2018 01: +0,102.227,12,Desert Eagle | Blaze (Factory New)
Dec 07 2018 01: +0,81.519,27,Desert Eagle | Blaze (Factory New)
Dec 08 2018 01: +0,78.202,22,Desert Eagle | Blaze (Factory New)
Dec 09 2018 01: +0,79.504,21,Desert Eagle | Blaze (Factory New)
Dec 10 2018 01: +0,80.493,16,Desert Eagle | Blaze (Factory New)
Dec 11 2018 01: +0,81.984,25,Desert Eagle | Blaze (Factory New)
Dec 12 2018 01: +0,78.979,12,Desert Eagle | Blaze (Factory New)
Dec 13 2018 01: +0,83.609,19,Desert Eagle | Blaze (Factory New)
Dec 14 2018 01: +0,83.749,19,Desert Eagle | Blaze (Factory New)
Dec 15 2018 01: +0,79.775,18,Desert Eagle | Blaze (Factory New)
Dec 16 2018 01: +0,79.599,16,Desert Eagle | Blaze (Factory New)
Dec 17 2018 01: +0,85.914,15,Desert Eagle | Blaze (Factory New)
Dec 18 2018 01: +0,83.571,16,Desert Eagle | Blaze (Factory New)
Dec 19 2018 01: +0,84.93,18,Desert Eagle | Blaze (Factory New)
Dec 20 2018 01: +0,82.145,26,Desert Eagle | Blaze (Factory New)
Dec 21 2018 01: +0,82.354,18,Desert Eagle | Blaze (Factory New)
Dec 22 2018 01: +0,81.508,29,Desert Eagle | Blaze (Factory New)
Dec 23 2018 01: +0,82.379,18,Desert Eagle | Blaze (Factory New)
Dec 24 2018 01: +0,85.425,14,Desert Eagle | Blaze (Factory New)
Dec 25 2018 01: +0,87.174,21,Desert Eagle | Blaze (Factory New)
Dec 26 2018 01: +0,86.534,24,Desert Eagle | Blaze (Factory New)
Dec 27 2018 01: +0,89.806,21,Desert Eagle | Blaze (Factory New)
Dec 28 2018 01: +0,92.653,18,Desert Eagle | Blaze (Factory New)
Dec 29 2018 01: +0,81.09,13,Desert Eagle | Blaze (Factory New)
Dec 30 2018 01: +0,84.53,23,Desert Eagle | Blaze (Factory New)
Dec 31 2018 01: +0,89.781,18,Desert Eagle | Blaze (Factory New)
Jan 01 2019 01: +0,85.64,24,Desert Eagle | Blaze (Factory New)
Jan 02 2019 01: +0,89.695,16,Desert Eagle | Blaze (Factory New)
Jan 03 2019 01: +0,93.379,22,Desert Eagle | Blaze (Factory New)
Jan 04 2019 01: +0,96.444,11,Desert Eagle | Blaze (Factory New)
Jan 05 2019 01: +0,91.516,16,Desert Eagle | Blaze (Factory New)
Jan 06 2019 01: +0,89.146,18,Desert Eagle | Blaze (Factory New)
Jan 07 2019 01: +0,90.275,15,Desert Eagle | Blaze (Factory New)
Jan 08 2019 01: +0,89.602,12,Desert Eagle | Blaze (Factory New)
Jan 09 2019 01: +0,90.744,18,Desert Eagle | Blaze (Factory New)
Jan 10 2019 01: +0,94.375,15,Desert Eagle | Blaze (Factory New)
Jan 11 2019 01: +0,91.741,16,Desert Eagle | Blaze (Factory New)
Jan 12 2019 01: +0,96.405,16,Desert Eagle | Blaze (Factory New)
Jan 13 2019 01: +0,95.88,16,Desert Eagle | Blaze (Factory New)
Jan 14 2019 01: +0,89.741,19,Desert Eagle | Blaze (Factory New)
Jan 15 2019 01: +0,87.648,23,Desert Eagle | Blaze (Factory New)
Jan 16 2019 01: +0,105.024,15,Desert Eagle | Blaze (Factory New)
Jan 17 2019 01: +0,91.37,15,Desert Eagle | Blaze (Factory New)
Jan 18 2019 01: +0,92.912,16,Desert Eagle | Blaze (Factory New)
Jan 19 2019 01: +0,96.687,20,Desert Eagle | Blaze (Factory New)
Jan 20 2019 01: +0,93.394,19,Desert Eagle | Blaze (Factory New)
Jan 21 2019 01: +0,89.405,17,Desert Eagle | Blaze (Factory New)
Jan 22 2019 01: +0,96.067,23,Desert Eagle | Blaze (Factory New)
Jan 23 2019 01: +0,94.529,14,Desert Eagle | Blaze (Factory New)
Jan 24 2019 01: +0,103.994,11,Desert Eagle | Blaze (Factory New)
Jan 25 2019 01: +0,90.671,13,Desert Eagle | Blaze (Factory New)
Jan 26 2019 01: +0,93.387,13,Desert Eagle | Blaze (Factory New)
Jan 27 2019 01: +0,92.297,10,Desert Eagle | Blaze (Factory New)
Jan 28 2019 01: +0,92.175,22,Desert Eagle | Blaze (Factory New)
Jan 29 2019 01: +0,95.125,14,Desert Eagle | Blaze (Factory New)
Jan 30 2019 01: +0,95.487,17,Desert Eagle | Blaze (Factory New)
Jan 31 2019 01: +0,95.008,14,Desert Eagle | Blaze (Factory New)
Feb 01 2019 01: +0,92.818,23,Desert Eagle | Blaze (Factory New)
Feb 02 2019 01: +0,94.503,15,Desert Eagle | Blaze (Factory New)
Feb 03 2019 01: +0,99.005,14,Desert Eagle | Blaze (Factory New)
Feb 04 2019 01: +0,100.837,15,Desert Eagle | Blaze (Factory New)
Feb 05 2019 01: +0,91.992,16,Desert Eagle | Blaze (Factory New)
Feb 06 2019 01: +0,95.138,16,Desert Eagle | Blaze (Factory New)
Feb 07 2019 01: +0,90.66,22,Desert Eagle | Blaze (Factory New)
Feb 08 2019 01: +0,95.922,25,Desert Eagle | Blaze (Factory New)
Feb 09 2019 01: +0,93.962,15,Desert Eagle | Blaze (Factory New)
Feb 10 2019 01: +0,94.94,15,Desert Eagle | Blaze (Factory New)
Feb 11 2019 01: +0,95.547,12,Desert Eagle | Blaze (Factory New)
Feb 12 2019 01: +0,91.257,9,Desert Eagle | Blaze (Factory New)
Feb 13 2019 01: +0,94.549,15,Desert Eagle | Blaze (Factory New)
Feb 14 2019 01: +0,96.837,16,Desert Eagle | Blaze (Factory New)
Feb 15 2019 01: +0,98.462,14,Desert Eagle | Blaze (Factory New)
Feb 16 2019 01: +0,89.566,14,Desert Eagle | Blaze (Factory New)
Feb 17 2019 01: +0,96.098,13,Desert Eagle | Blaze (Factory New)
Feb 18 2019 01: +0,94.948,14,Desert Eagle | Blaze (Factory New)
Feb 19 2019 01: +0,98.285,9,Desert Eagle | Blaze (Factory New)
Feb 20 2019 01: +0,100.23,13,Desert Eagle | Blaze (Factory New)
Feb 21 2019 01: +0,96.48,15,Desert Eagle | Blaze (Factory New)
Feb 22 2019 01: +0,96.555,21,Desert Eagle | Blaze (Factory New)
Feb 23 2019 01: +0,100.891,14,Desert Eagle | Blaze (Factory New)
Feb 24 2019 01: +0,98.873,12,Desert Eagle | Blaze (Factory New)
Feb 25 2019 01: +0,96.638,12,Desert Eagle | Blaze (Factory New)
Feb 26 2019 01: +0,103.147,16,Desert Eagle | Blaze (Factory New)
Feb 27 2019 01: +0,106.132,12,Desert Eagle | Blaze (Factory New)
Feb 28 2019 01: +0,105.303,15,Desert Eagle | Blaze (Factory New)
Mar 01 2019 01: +0,102.777,16,Desert Eagle | Blaze (Factory New)
Mar 02 2019 01: +0,101.687,24,Desert Eagle | Blaze (Factory New)
Mar 03 2019 01: +0,97.303,19,Desert Eagle | Blaze (Factory New)
Mar 04 2019 01: +0,94.213,25,Desert Eagle | Blaze (Factory New)
Mar 05 2019 01: +0,99.207,16,Desert Eagle | Blaze (Factory New)
Mar 06 2019 01: +0,97.591,38,Desert Eagle | Blaze (Factory New)
Mar 07 2019 01: +0,100.055,20,Desert Eagle | Blaze (Factory New)
Mar 08 2019 01: +0,98.434,15,Desert Eagle | Blaze (Factory New)
Mar 09 2019 01: +0,96.63,14,Desert Eagle | Blaze (Factory New)
Mar 10 2019 01: +0,102.013,19,Desert Eagle | Blaze (Factory New)
Mar 11 2019 01: +0,95.839,19,Desert Eagle | Blaze (Factory New)
Mar 12 2019 01: +0,105.425,25,Desert Eagle | Blaze (Factory New)
Mar 13 2019 01: +0,103.227,15,Desert Eagle | Blaze (Factory New)
Mar 14 2019 01: +0,97.311,27,Desert Eagle | Blaze (Factory New)
Mar 15 2019 01: +0,98.675,13,Desert Eagle | Blaze (Factory New)
Mar 16 2019 01: +0,97.761,16,Desert Eagle | Blaze (Factory New)
Mar 17 2019 01: +0,100.334,21,Desert Eagle | Blaze (Factory New)
Mar 18 2019 01: +0,99.893,20,Desert Eagle | Blaze (Factory New)
Mar 19 2019 01: +0,116.048,15,Desert Eagle | Blaze (Factory New)
Mar 20 2019 01: +0,103.504,17,Desert Eagle | Blaze (Factory New)
Mar 21 2019 01: +0,100.842,17,Desert Eagle | Blaze (Factory New)
Mar 22 2019 01: +0,103.614,13,Desert Eagle | Blaze (Factory New)
Mar 23 2019 01: +0,101.706,19,Desert Eagle | Blaze (Factory New)
Mar 24 2019 01: +0,105.558,15,Desert Eagle | Blaze (Factory New)
Mar 25 2019 01: +0,99.512,17,Desert Eagle | Blaze (Factory New)
Mar 26 2019 01: +0,98.945,16,Desert Eagle | Blaze (Factory New)
Mar 27 2019 01: +0,97.74,17,Desert Eagle | Blaze (Factory New)
Mar 28 2019 01: +0,97.141,13,Desert Eagle | Blaze (Factory New)
Mar 29 2019 01: +0,105.127,15,Desert Eagle | Blaze (Factory New)
Mar 30 2019 01: +0,101.582,20,Desert Eagle | Blaze (Factory New)
Mar 31 2019 01: +0,106.704,18,Desert Eagle | Blaze (Factory New)
Apr 01 2019 01: +0,101.634,21,Desert Eagle | Blaze (Factory New)
Apr 02 2019 01: +0,101.011,15,Desert Eagle | Blaze (Factory New)
Apr 03 2019 01: +0,100.443,14,Desert Eagle | Blaze (Factory New)
Apr 04 2019 01: +0,103.95,16,Desert Eagle | Blaze (Factory New)
Apr 05 2019 01: +0,103.158,24,Desert Eagle | Blaze (Factory New)
Apr 06 2019 01: +0,104.292,23,Desert Eagle | Blaze (Factory New)
Apr 07 2019 01: +0,108.552,16,Desert Eagle | Blaze (Factory New)
Apr 08 2019 01: +0,106.205,16,Desert Eagle | Blaze (Factory New)
Apr 09 2019 01: +0,117.367,12,Desert Eagle | Blaze (Factory New)
Apr 10 2019 01: +0,114.292,15,Desert Eagle | Blaze (Factory New)
Apr 11 2019 01: +0,109.646,9,Desert Eagle | Blaze (Factory New)
Apr 12 2019 01: +0,109.875,24,Desert Eagle | Blaze (Factory New)
Apr 13 2019 01: +0,114.3,16,Desert Eagle | Blaze (Factory New)
Apr 14 2019 01: +0,112.468,21,Desert Eagle | Blaze (Factory New)
Apr 15 2019 01: +0,113.62,14,Desert Eagle | Blaze (Factory New)
Apr 16 2019 01: +0,105.64,7,Desert Eagle | Blaze (Factory New)
Apr 17 2019 01: +0,107.695,13,Desert Eagle | Blaze (Factory New)
Apr 18 2019 01: +0,106.824,14,Desert Eagle | Blaze (Factory New)
Apr 19 2019 01: +0,104.736,15,Desert Eagle | Blaze (Factory New)
Apr 20 2019 01: +0,115.087,10,Desert Eagle | Blaze (Factory New)
Apr 21 2019 01: +0,109.812,9,Desert Eagle | Blaze (Factory New)
Apr 22 2019 01: +0,107.215,15,Desert Eagle | Blaze (Factory New)
Apr 23 2019 01: +0,105.444,15,Desert Eagle | Blaze (Factory New)
Apr 24 2019 01: +0,106.781,11,Desert Eagle | Blaze (Factory New)
Apr 25 2019 01: +0,108.798,17,Desert Eagle | Blaze (Factory New)
Apr 26 2019 01: +0,110.129,10,Desert Eagle | Blaze (Factory New)
Apr 27 2019 01: +0,109.821,9,Desert Eagle | Blaze (Factory New)
Apr 28 2019 01: +0,115.315,13,Desert Eagle | Blaze (Factory New)
Apr 29 2019 01: +0,107.157,9,Desert Eagle | Blaze (Factory New)
Apr 30 2019 01: +0,109.449,15,Desert Eagle | Blaze (Factory New)
May 01 2019 01: +0,110.537,15,Desert Eagle | Blaze (Factory New)
May 02 2019 01: +0,113.752,18,Desert Eagle | Blaze (Factory New)
May 03 2019 01: +0,110.1,14,Desert Eagle | Blaze (Factory New)
May 04 2019 01: +0,111.464,18,Desert Eagle | Blaze (Factory New)
May 05 2019 01: +0,112.964,19,Desert Eagle | Blaze (Factory New)
May 06 2019 01: +0,116.822,10,Desert Eagle | Blaze (Factory New)
May 07 2019 01: +0,122.983,12,Desert Eagle | Blaze (Factory New)
May 08 2019 01: +0,105.752,18,Desert Eagle | Blaze (Factory New)
May 09 2019 01: +0,111.067,20,Desert Eagle | Blaze (Factory New)
May 10 2019 01: +0,108.213,17,Desert Eagle | Blaze (Factory New)
May 11 2019 01: +0,110.127,11,Desert Eagle | Blaze (Factory New)
May 12 2019 01: +0,108.218,16,Desert Eagle | Blaze (Factory New)
May 13 2019 01: +0,113.646,11,Desert Eagle | Blaze (Factory New)
May 14 2019 01: +0,112.052,12,Desert Eagle | Blaze (Factory New)
May 15 2019 01: +0,111.123,15,Desert Eagle | Blaze (Factory New)
May 16 2019 01: +0,115.185,8,Desert Eagle | Blaze (Factory New)
May 17 2019 01: +0,110.236,16,Desert Eagle | Blaze (Factory New)
May 18 2019 01: +0,112.058,18,Desert Eagle | Blaze (Factory New)
May 19 2019 01: +0,112.608,17,Desert Eagle | Blaze (Factory New)
May 20 2019 01: +0,113.84,17,Desert Eagle | Blaze (Factory New)
May 21 2019 01: +0,113.836,13,Desert Eagle | Blaze (Factory New)
May 22 2019 01: +0,113.246,19,Desert Eagle | Blaze (Factory New)
May 23 2019 01: +0,114.88,13,Desert Eagle | Blaze (Factory New)
May 24 2019 01: +0,118.342,13,Desert Eagle | Blaze (Factory New)
May 25 2019 01: +0,121.416,12,Desert Eagle | Blaze (Factory New)
May 26 2019 01: +0,122.658,16,Desert Eagle | Blaze (Factory New)
May 27 2019 01: +0,117.397,9,Desert Eagle | Blaze (Factory New)
May 28 2019 01: +0,119.447,13,Desert Eagle | Blaze (Factory New)
May 29 2019 01: +0,121.058,3,Desert Eagle | Blaze (Factory New)
May 30 2019 01: +0,105.559,13,Desert Eagle | Blaze (Factory New)
May 31 2019 01: +0,118.142,20,Desert Eagle | Blaze (Factory New)
Jun 01 2019 01: +0,124.597,10,Desert Eagle | Blaze (Factory New)
Jun 02 2019 01: +0,113.848,14,Desert Eagle | Blaze (Factory New)
Jun 03 2019 01: +0,117.806,9,Desert Eagle | Blaze (Factory New)
Jun 04 2019 01: +0,122.676,18,Desert Eagle | Blaze (Factory New)
Jun 05 2019 01: +0,123.537,18,Desert Eagle | Blaze (Factory New)
Jun 06 2019 01: +0,127.428,14,Desert Eagle | Blaze (Factory New)
Jun 07 2019 01: +0,117.901,20,Desert Eagle | Blaze (Factory New)
Jun 08 2019 01: +0,121.163,11,Desert Eagle | Blaze (Factory New)
Jun 09 2019 01: +0,124.634,19,Desert Eagle | Blaze (Factory New)
Jun 10 2019 01: +0,122.42,14,Desert Eagle | Blaze (Factory New)
Jun 11 2019 01: +0,151.485,16,Desert Eagle | Blaze (Factory New)
Jun 12 2019 01: +0,117.544,16,Desert Eagle | Blaze (Factory New)
Jun 13 2019 01: +0,117.22,13,Desert Eagle | Blaze (Factory New)
Jun 14 2019 01: +0,125.193,15,Desert Eagle | Blaze (Factory New)
Jun 15 2019 01: +0,132.084,14,Desert Eagle | Blaze (Factory New)
Jun 16 2019 01: +0,130.422,16,Desert Eagle | Blaze (Factory New)
Jun 17 2019 01: +0,122.373,9,Desert Eagle | Blaze (Factory New)
Jun 18 2019 01: +0,122.677,14,Desert Eagle | Blaze (Factory New)
Jun 19 2019 01: +0,123.591,10,Desert Eagle | Blaze (Factory New)
Jun 20 2019 01: +0,127.76,11,Desert Eagle | Blaze (Factory New)
Jun 21 2019 01: +0,120.427,11,Desert Eagle | Blaze (Factory New)
Jun 22 2019 01: +0,125.068,8,Desert Eagle | Blaze (Factory New)
Jun 23 2019 01: +0,132.462,16,Desert Eagle | Blaze (Factory New)
Jun 24 2019 01: +0,126.895,13,Desert Eagle | Blaze (Factory New)
Jun 25 2019 01: +0,126.486,13,Desert Eagle | Blaze (Factory New)
Jun 26 2019 01: +0,122.274,10,Desert Eagle | Blaze (Factory New)
Jun 27 2019 01: +0,127.863,13,Desert Eagle | Blaze (Factory New)
Jun 28 2019 01: +0,125.043,12,Desert Eagle | Blaze (Factory New)
Jun 29 2019 01: +0,128.106,17,Desert Eagle | Blaze (Factory New)
Jun 30 2019 01: +0,123.232,11,Desert Eagle | Blaze (Factory New)
Jul 01 2019 01: +0,129.472,12,Desert Eagle | Blaze (Factory New)
Jul 02 2019 01: +0,125.816,9,Desert Eagle | Blaze (Factory New)
Jul 03 2019 01: +0,128.685,13,Desert Eagle | Blaze (Factory New)
Jul 04 2019 01: +0,136.731,12,Desert Eagle | Blaze (Factory New)
Jul 05 2019 01: +0,129.441,9,Desert Eagle | Blaze (Factory New)
Jul 06 2019 01: +0,130.196,17,Desert Eagle | Blaze (Factory New)
Jul 07 2019 01: +0,132.612,17,Desert Eagle | Blaze (Factory New)
Jul 08 2019 01: +0,130.154,8,Desert Eagle | Blaze (Factory New)
Jul 09 2019 01: +0,135.999,13,Desert Eagle | Blaze (Factory New)
Jul 10 2019 01: +0,131.544,9,Desert Eagle | Blaze (Factory New)
Jul 11 2019 01: +0,131.379,6,Desert Eagle | Blaze (Factory New)
Jul 12 2019 01: +0,134.484,19,Desert Eagle | Blaze (Factory New)
Jul 13 2019 01: +0,139.639,17,Desert Eagle | Blaze (Factory New)
Jul 14 2019 01: +0,135.772,11,Desert Eagle | Blaze (Factory New)
Jul 15 2019 01: +0,131.028,16,Desert Eagle | Blaze (Factory New)
Jul 16 2019 01: +0,144.337,13,Desert Eagle | Blaze (Factory New)
Jul 17 2019 01: +0,136.998,12,Desert Eagle | Blaze (Factory New)
Jul 18 2019 01: +0,136.322,12,Desert Eagle | Blaze (Factory New)
Jul 19 2019 01: +0,140.156,15,Desert Eagle | Blaze (Factory New)
Jul 20 2019 01: +0,140.696,15,Desert Eagle | Blaze (Factory New)
Jul 21 2019 01: +0,144.585,7,Desert Eagle | Blaze (Factory New)
Jul 22 2019 01: +0,147.333,13,Desert Eagle | Blaze (Factory New)
Jul 23 2019 01: +0,152.729,9,Desert Eagle | Blaze (Factory New)
Jul 24 2019 01: +0,136.089,3,Desert Eagle | Blaze (Factory New)
Jul 25 2019 01: +0,146.206,11,Desert Eagle | Blaze (Factory New)
Jul 26 2019 01: +0,135.249,14,Desert Eagle | Blaze (Factory New)
Jul 27 2019 01: +0,142.54,9,Desert Eagle | Blaze (Factory New)
Jul 28 2019 01: +0,154.557,7,Desert Eagle | Blaze (Factory New)
Jul 29 2019 01: +0,142.125,9,Desert Eagle | Blaze (Factory New)
Jul 30 2019 01: +0,152.928,8,Desert Eagle | Blaze (Factory New)
Jul 31 2019 01: +0,140.607,14,Desert Eagle | Blaze (Factory New)
Aug 01 2019 01: +0,147.036,15,Desert Eagle | Blaze (Factory New)
Aug 02 2019 01: +0,143.397,9,Desert Eagle | Blaze (Factory New)
Aug 03 2019 01: +0,151.949,11,Desert Eagle | Blaze (Factory New)
Aug 04 2019 01: +0,145.744,4,Desert Eagle | Blaze (Factory New)
Aug 05 2019 01: +0,145.386,12,Desert Eagle | Blaze (Factory New)
Aug 06 2019 01: +0,149.182,13,Desert Eagle | Blaze (Factory New)
Aug 07 2019 01: +0,147.832,10,Desert Eagle | Blaze (Factory New)
Aug 08 2019 01: +0,148.342,12,Desert Eagle | Blaze (Factory New)
Aug 09 2019 01: +0,147.413,12,Desert Eagle | Blaze (Factory New)
Aug 10 2019 01: +0,159.692,11,Desert Eagle | Blaze (Factory New)
Aug 11 2019 01: +0,153.218,15,Desert Eagle | Blaze (Factory New)
Aug 12 2019 01: +0,146.023,16,Desert Eagle | Blaze (Factory New)
Aug 13 2019 01: +0,148.617,11,Desert Eagle | Blaze (Factory New)
Aug 14 2019 01: +0,142.771,10,Desert Eagle | Blaze (Factory New)
Aug 15 2019 01: +0,140.067,11,Desert Eagle | Blaze (Factory New)
Aug 16 2019 01: +0,151.145,13,Desert Eagle | Blaze (Factory New)
Aug 17 2019 01: +0,144.145,13,Desert Eagle | Blaze (Factory New)
Aug 18 2019 01: +0,149.754,11,Desert Eagle | Blaze (Factory New)
Aug 19 2019 01: +0,148.899,16,Desert Eagle | Blaze (Factory New)
Aug 20 2019 01: +0,153.812,12,Desert Eagle | Blaze (Factory New)
Aug 21 2019 01: +0,152.27,10,Desert Eagle | Blaze (Factory New)
Aug 22 2019 01: +0,156.697,9,Desert Eagle | Blaze (Factory New)
Aug 23 2019 01: +0,155.484,13,Desert Eagle | Blaze (Factory New)
Aug 24 2019 01: +0,151.835,9,Desert Eagle | Blaze (Factory New)
Aug 25 2019 01: +0,154.487,12,Desert Eagle | Blaze (Factory New)
Aug 26 2019 01: +0,146.197,12,Desert Eagle | Blaze (Factory New)
Aug 27 2019 01: +0,162.751,6,Desert Eagle | Blaze (Factory New)
Aug 28 2019 01: +0,168.516,13,Desert Eagle | Blaze (Factory New)
Aug 29 2019 01: +0,153.427,20,Desert Eagle | Blaze (Factory New)
Aug 30 2019 01: +0,164.74,9,Desert Eagle | Blaze (Factory New)
Aug 31 2019 01: +0,168.873,12,Desert Eagle | Blaze (Factory New)
Sep 01 2019 01: +0,180.426,13,Desert Eagle | Blaze (Factory New)
Sep 02 2019 01: +0,172.968,7,Desert Eagle | Blaze (Factory New)
Sep 03 2019 01: +0,168.143,9,Desert Eagle | Blaze (Factory New)
Sep 04 2019 01: +0,164.882,14,Desert Eagle | Blaze (Factory New)
Sep 05 2019 01: +0,165.967,9,Desert Eagle | Blaze (Factory New)
Sep 06 2019 01: +0,168.907,13,Desert Eagle | Blaze (Factory New)
Sep 07 2019 01: +0,174.574,7,Desert Eagle | Blaze (Factory New)
Sep 08 2019 01: +0,159.753,17,Desert Eagle | Blaze (Factory New)
Sep 09 2019 01: +0,145.588,17,Desert Eagle | Blaze (Factory New)
Sep 10 2019 01: +0,142.774,10,Desert Eagle | Blaze (Factory New)
Sep 11 2019 01: +0,145.17,15,Desert Eagle | Blaze (Factory New)
Sep 12 2019 01: +0,150.162,14,Desert Eagle | Blaze (Factory New)
Sep 13 2019 01: +0,153.689,8,Desert Eagle | Blaze (Factory New)
Sep 14 2019 01: +0,160.779,14,Desert Eagle | Blaze (Factory New)
Sep 15 2019 01: +0,162.086,10,Desert Eagle | Blaze (Factory New)
Sep 16 2019 01: +0,165.939,7,Desert Eagle | Blaze (Factory New)
Sep 17 2019 01: +0,162.604,8,Desert Eagle | Blaze (Factory New)
Sep 18 2019 01: +0,163.01,11,Desert Eagle | Blaze (Factory New)
Sep 19 2019 01: +0,156.063,7,Desert Eagle | Blaze (Factory New)
Sep 20 2019 01: +0,157.754,13,Desert Eagle | Blaze (Factory New)
Sep 21 2019 01: +0,167.319,10,Desert Eagle | Blaze (Factory New)
Sep 22 2019 01: +0,157.139,7,Desert Eagle | Blaze (Factory New)
Sep 23 2019 01: +0,163.391,6,Desert Eagle | Blaze (Factory New)
Sep 24 2019 01: +0,170.104,6,Desert Eagle | Blaze (Factory New)
Sep 25 2019 01: +0,172.442,6,Desert Eagle | Blaze (Factory New)
Sep 26 2019 01: +0,196.648,9,Desert Eagle | Blaze (Factory New)
Sep 27 2019 01: +0,174.326,10,Desert Eagle | Blaze (Factory New)
Sep 28 2019 01: +0,179.392,10,Desert Eagle | Blaze (Factory New)
Sep 29 2019 01: +0,160.5,6,Desert Eagle | Blaze (Factory New)
Sep 30 2019 01: +0,174.46,6,Desert Eagle | Blaze (Factory New)
Oct 01 2019 01: +0,163.452,3,Desert Eagle | Blaze (Factory New)
Oct 02 2019 01: +0,171.116,7,Desert Eagle | Blaze (Factory New)
Oct 03 2019 01: +0,162.453,9,Desert Eagle | Blaze (Factory New)
Oct 04 2019 01: +0,177.744,8,Desert Eagle | Blaze (Factory New)
Oct 05 2019 01: +0,166.842,13,Desert Eagle | Blaze (Factory New)
Oct 06 2019 01: +0,159.588,10,Desert Eagle | Blaze (Factory New)
Oct 07 2019 01: +0,163.798,7,Desert Eagle | Blaze (Factory New)
Oct 08 2019 01: +0,151.4,8,Desert Eagle | Blaze (Factory New)
Oct 09 2019 01: +0,163.899,2,Desert Eagle | Blaze (Factory New)
Oct 10 2019 01: +0,176.668,9,Desert Eagle | Blaze (Factory New)
Oct 11 2019 01: +0,167.877,15,Desert Eagle | Blaze (Factory New)
Oct 12 2019 01: +0,166.927,12,Desert Eagle | Blaze (Factory New)
Oct 13 2019 01: +0,166.882,10,Desert Eagle | Blaze (Factory New)
Oct 14 2019 01: +0,160.374,8,Desert Eagle | Blaze (Factory New)
Oct 15 2019 01: +0,168.614,12,Desert Eagle | Blaze (Factory New)
Oct 16 2019 01: +0,158.942,7,Desert Eagle | Blaze (Factory New)
Oct 17 2019 01: +0,165.739,10,Desert Eagle | Blaze (Factory New)
Oct 18 2019 01: +0,153.879,15,Desert Eagle | Blaze (Factory New)
Oct 19 2019 01: +0,143.461,17,Desert Eagle | Blaze (Factory New)
Oct 20 2019 01: +0,157.956,10,Desert Eagle | Blaze (Factory New)
Oct 21 2019 01: +0,154.033,17,Desert Eagle | Blaze (Factory New)
Oct 22 2019 01: +0,159.376,8,Desert Eagle | Blaze (Factory New)
Oct 23 2019 01: +0,153.153,8,Desert Eagle | Blaze (Factory New)
Oct 24 2019 01: +0,158.574,13,Desert Eagle | Blaze (Factory New)
Oct 25 2019 01: +0,156.19,11,Desert Eagle | Blaze (Factory New)
Oct 26 2019 01: +0,158.493,9,Desert Eagle | Blaze (Factory New)
Oct 27 2019 01: +0,163.881,14,Desert Eagle | Blaze (Factory New)
Oct 28 2019 01: +0,146.461,7,Desert Eagle | Blaze (Factory New)
Oct 29 2019 01: +0,149.045,6,Desert Eagle | Blaze (Factory New)
Oct 30 2019 01: +0,161.118,10,Desert Eagle | Blaze (Factory New)
Oct 31 2019 01: +0,166.907,5,Desert Eagle | Blaze (Factory New)
Nov 01 2019 01: +0,159.71,7,Desert Eagle | Blaze (Factory New)
Nov 02 2019 01: +0,164.587,16,Desert Eagle | Blaze (Factory New)
Nov 03 2019 01: +0,163.2,11,Desert Eagle | Blaze (Factory New)
Nov 04 2019 01: +0,165.889,11,Desert Eagle | Blaze (Factory New)
Nov 05 2019 01: +0,165.382,8,Desert Eagle | Blaze (Factory New)
Nov 06 2019 01: +0,168.143,11,Desert Eagle | Blaze (Factory New)
Nov 07 2019 01: +0,170.868,12,Desert Eagle | Blaze (Factory New)
Nov 08 2019 01: +0,167.791,10,Desert Eagle | Blaze (Factory New)
Nov 09 2019 01: +0,172.543,10,Desert Eagle | Blaze (Factory New)
Nov 10 2019 01: +0,171.564,14,Desert Eagle | Blaze (Factory New)
Nov 11 2019 01: +0,166.217,12,Desert Eagle | Blaze (Factory New)
Nov 12 2019 01: +0,162.969,6,Desert Eagle | Blaze (Factory New)
Nov 13 2019 01: +0,170.524,5,Desert Eagle | Blaze (Factory New)
Nov 14 2019 01: +0,162.577,11,Desert Eagle | Blaze (Factory New)
Nov 15 2019 01: +0,169.96,7,Desert Eagle | Blaze (Factory New)
Nov 16 2019 01: +0,171.877,12,Desert Eagle | Blaze (Factory New)
Nov 17 2019 01: +0,170.16,13,Desert Eagle | Blaze (Factory New)
Nov 18 2019 01: +0,281.997,13,Desert Eagle | Blaze (Factory New)
Nov 19 2019 01: +0,144.062,27,Desert Eagle | Blaze (Factory New)
Nov 20 2019 01: +0,139.896,13,Desert Eagle | Blaze (Factory New)
Nov 21 2019 01: +0,142.396,11,Desert Eagle | Blaze (Factory New)
Nov 22 2019 01: +0,140.994,15,Desert Eagle | Blaze (Factory New)
Nov 23 2019 01: +0,154.829,8,Desert Eagle | Blaze (Factory New)
Nov 24 2019 01: +0,141.629,11,Desert Eagle | Blaze (Factory New)
Nov 25 2019 01: +0,141.587,16,Desert Eagle | Blaze (Factory New)
Nov 26 2019 01: +0,144.618,10,Desert Eagle | Blaze (Factory New)
Nov 27 2019 01: +0,164.778,16,Desert Eagle | Blaze (Factory New)
Nov 28 2019 01: +0,145.713,7,Desert Eagle | Blaze (Factory New)
Nov 29 2019 01: +0,157.502,15,Desert Eagle | Blaze (Factory New)
Nov 30 2019 01: +0,149.932,14,Desert Eagle | Blaze (Factory New)
Dec 01 2019 01: +0,145.214,10,Desert Eagle | Blaze (Factory New)
Dec 02 2019 01: +0,148.229,8,Desert Eagle | Blaze (Factory New)
Dec 03 2019 01: +0,160.981,10,Desert Eagle | Blaze (Factory New)
Dec 04 2019 01: +0,154.252,10,Desert Eagle | Blaze (Factory New)
Dec 05 2019 01: +0,158.899,11,Desert Eagle | Blaze (Factory New)
Dec 06 2019 01: +0,157.362,11,Desert Eagle | Blaze (Factory New)
Dec 07 2019 01: +0,156.138,15,Desert Eagle | Blaze (Factory New)
Dec 08 2019 01: +0,156.953,20,Desert Eagle | Blaze (Factory New)
Dec 09 2019 01: +0,162.14,10,Desert Eagle | Blaze (Factory New)
Dec 10 2019 01: +0,156.66,11,Desert Eagle | Blaze (Factory New)
Dec 11 2019 01: +0,164.596,13,Desert Eagle | Blaze (Factory New)
Dec 12 2019 01: +0,159.249,6,Desert Eagle | Blaze (Factory New)
Dec 13 2019 01: +0,161.193,16,Desert Eagle | Blaze (Factory New)
Dec 14 2019 01: +0,174.823,9,Desert Eagle | Blaze (Factory New)
Dec 15 2019 01: +0,164.388,15,Desert Eagle | Blaze (Factory New)
Dec 16 2019 01: +0,173.72,11,Desert Eagle | Blaze (Factory New)
Dec 17 2019 01: +0,177.851,10,Desert Eagle | Blaze (Factory New)
Dec 18 2019 01: +0,165.475,7,Desert Eagle | Blaze (Factory New)
Dec 19 2019 01: +0,171.201,11,Desert Eagle | Blaze (Factory New)
Dec 20 2019 01: +0,167.01,9,Desert Eagle | Blaze (Factory New)
Dec 21 2019 01: +0,176.317,9,Desert Eagle | Blaze (Factory New)
Dec 22 2019 01: +0,167.961,12,Desert Eagle | Blaze (Factory New)
Dec 23 2019 01: +0,162.833,15,Desert Eagle | Blaze (Factory New)
Dec 24 2019 01: +0,159.325,12,Desert Eagle | Blaze (Factory New)
Dec 25 2019 01: +0,170.319,6,Desert Eagle | Blaze (Factory New)
Dec 26 2019 01: +0,166.234,15,Desert Eagle | Blaze (Factory New)
Dec 27 2019 01: +0,170.684,14,Desert Eagle | Blaze (Factory New)
Dec 28 2019 01: +0,167.422,12,Desert Eagle | Blaze (Factory New)
Dec 29 2019 01: +0,173.014,14,Desert Eagle | Blaze (Factory New)
Dec 30 2019 01: +0,177.329,7,Desert Eagle | Blaze (Factory New)
Dec 31 2019 01: +0,175.488,13,Desert Eagle | Blaze (Factory New)
Jan 01 2020 01: +0,183.491,8,Desert Eagle | Blaze (Factory New)
Jan 02 2020 01: +0,181.077,9,Desert Eagle | Blaze (Factory New)
Jan 03 2020 01: +0,192.864,10,Desert Eagle | Blaze (Factory New)
Jan 04 2020 01: +0,184.277,9,Desert Eagle | Blaze (Factory New)
Jan 05 2020 01: +0,186.382,18,Desert Eagle | Blaze (Factory New)
Jan 06 2020 01: +0,183.921,9,Desert Eagle | Blaze (Factory New)
Jan 07 2020 01: +0,183.693,4,Desert Eagle | Blaze (Factory New)
Jan 08 2020 01: +0,189.451,11,Desert Eagle | Blaze (Factory New)
Jan 09 2020 01: +0,207.173,5,Desert Eagle | Blaze (Factory New)
Jan 10 2020 01: +0,183.748,5,Desert Eagle | Blaze (Factory New)
Jan 11 2020 01: +0,197.743,16,Desert Eagle | Blaze (Factory New)
Jan 12 2020 01: +0,188.997,8,Desert Eagle | Blaze (Factory New)
Jan 13 2020 01: +0,194.325,5,Desert Eagle | Blaze (Factory New)
Jan 14 2020 01: +0,191.502,9,Desert Eagle | Blaze (Factory New)
Jan 15 2020 01: +0,207.018,12,Desert Eagle | Blaze (Factory New)
Jan 16 2020 01: +0,190.151,4,Desert Eagle | Blaze (Factory New)
Jan 17 2020 01: +0,211.016,7,Desert Eagle | Blaze (Factory New)
Jan 18 2020 01: +0,199.541,9,Desert Eagle | Blaze (Factory New)
Jan 19 2020 01: +0,188.844,8,Desert Eagle | Blaze (Factory New)
Jan 20 2020 01: +0,197.193,9,Desert Eagle | Blaze (Factory New)
Jan 21 2020 01: +0,200.77,7,Desert Eagle | Blaze (Factory New)
Jan 22 2020 01: +0,201.837,6,Desert Eagle | Blaze (Factory New)
Jan 23 2020 01: +0,187.867,9,Desert Eagle | Blaze (Factory New)
Jan 24 2020 01: +0,186.363,7,Desert Eagle | Blaze (Factory New)
Jan 25 2020 01: +0,183.081,11,Desert Eagle | Blaze (Factory New)
Jan 26 2020 01: +0,187.299,10,Desert Eagle | Blaze (Factory New)
Jan 27 2020 01: +0,183.839,8,Desert Eagle | Blaze (Factory New)
Jan 28 2020 01: +0,175.82,7,Desert Eagle | Blaze (Factory New)
Jan 29 2020 01: +0,180.005,11,Desert Eagle | Blaze (Factory New)
Jan 30 2020 01: +0,177.489,10,Desert Eagle | Blaze (Factory New)
Jan 31 2020 01: +0,179.139,10,Desert Eagle | Blaze (Factory New)
Feb 01 2020 01: +0,187.9,21,Desert Eagle | Blaze (Factory New)
Feb 02 2020 01: +0,190.147,10,Desert Eagle | Blaze (Factory New)
Feb 03 2020 01: +0,185.305,10,Desert Eagle | Blaze (Factory New)
Feb 04 2020 01: +0,182.454,13,Desert Eagle | Blaze (Factory New)
Feb 05 2020 01: +0,185.56,8,Desert Eagle | Blaze (Factory New)
Feb 06 2020 01: +0,188.379,13,Desert Eagle | Blaze (Factory New)
Feb 07 2020 01: +0,184.304,6,Desert Eagle | Blaze (Factory New)
Feb 08 2020 01: +0,194.076,10,Desert Eagle | Blaze (Factory New)
Feb 09 2020 01: +0,182.541,9,Desert Eagle | Blaze (Factory New)
Feb 10 2020 01: +0,185.408,11,Desert Eagle | Blaze (Factory New)
Feb 11 2020 01: +0,207.056,10,Desert Eagle | Blaze (Factory New)
Feb 12 2020 01: +0,203.039,4,Desert Eagle | Blaze (Factory New)
Feb 13 2020 01: +0,188.821,8,Desert Eagle | Blaze (Factory New)
Feb 14 2020 01: +0,194.403,12,Desert Eagle | Blaze (Factory New)
Feb 15 2020 01: +0,184.53,17,Desert Eagle | Blaze (Factory New)
Feb 16 2020 01: +0,183.987,5,Desert Eagle | Blaze (Factory New)
Feb 17 2020 01: +0,183.43,5,Desert Eagle | Blaze (Factory New)
Feb 18 2020 01: +0,189.807,7,Desert Eagle | Blaze (Factory New)
Feb 19 2020 01: +0,185.932,8,Desert Eagle | Blaze (Factory New)
Feb 20 2020 01: +0,196.843,7,Desert Eagle | Blaze (Factory New)
Feb 21 2020 01: +0,189.009,6,Desert Eagle | Blaze (Factory New)
Feb 22 2020 01: +0,186.034,9,Desert Eagle | Blaze (Factory New)
Feb 23 2020 01: +0,181.114,8,Desert Eagle | Blaze (Factory New)
Feb 24 2020 01: +0,181.116,9,Desert Eagle | Blaze (Factory New)
Feb 25 2020 01: +0,192.715,9,Desert Eagle | Blaze (Factory New)
Feb 26 2020 01: +0,205.724,8,Desert Eagle | Blaze (Factory New)
Feb 27 2020 01: +0,189.857,7,Desert Eagle | Blaze (Factory New)
Feb 28 2020 01: +0,191.803,13,Desert Eagle | Blaze (Factory New)
Feb 29 2020 01: +0,201.104,7,Desert Eagle | Blaze (Factory New)
Mar 01 2020 01: +0,191.562,15,Desert Eagle | Blaze (Factory New)
Mar 02 2020 01: +0,197.963,8,Desert Eagle | Blaze (Factory New)
Mar 03 2020 01: +0,210.997,11,Desert Eagle | Blaze (Factory New)
Mar 04 2020 01: +0,207.89,11,Desert Eagle | Blaze (Factory New)
Mar 05 2020 01: +0,233.39,10,Desert Eagle | Blaze (Factory New)
Mar 06 2020 01: +0,210.499,11,Desert Eagle | Blaze (Factory New)
Mar 07 2020 01: +0,217.583,10,Desert Eagle | Blaze (Factory New)
Mar 08 2020 01: +0,214.881,12,Desert Eagle | Blaze (Factory New)
Mar 09 2020 01: +0,215.526,11,Desert Eagle | Blaze (Factory New)
Mar 10 2020 01: +0,199.004,9,Desert Eagle | Blaze (Factory New)
Mar 11 2020 01: +0,190.816,6,Desert Eagle | Blaze (Factory New)
Mar 12 2020 01: +0,189.617,10,Desert Eagle | Blaze (Factory New)
Mar 13 2020 01: +0,192.516,9,Desert Eagle | Blaze (Factory New)
Mar 14 2020 01: +0,195.802,4,Desert Eagle | Blaze (Factory New)
Mar 15 2020 01: +0,196.867,8,Desert Eagle | Blaze (Factory New)
Mar 16 2020 01: +0,204.174,10,Desert Eagle | Blaze (Factory New)
Mar 17 2020 01: +0,195.52,6,Desert Eagle | Blaze (Factory New)
Mar 18 2020 01: +0,187.177,7,Desert Eagle | Blaze (Factory New)
Mar 19 2020 01: +0,177.374,12,Desert Eagle | Blaze (Factory New)
Mar 20 2020 01: +0,195.948,10,Desert Eagle | Blaze (Factory New)
Mar 21 2020 01: +0,185.362,9,Desert Eagle | Blaze (Factory New)
Mar 22 2020 01: +0,187.927,10,Desert Eagle | Blaze (Factory New)
Mar 23 2020 01: +0,185.612,10,Desert Eagle | Blaze (Factory New)
Mar 24 2020 01: +0,186.346,9,Desert Eagle | Blaze (Factory New)
Mar 25 2020 01: +0,175.409,8,Desert Eagle | Blaze (Factory New)
Mar 26 2020 01: +0,183.715,14,Desert Eagle | Blaze (Factory New)
Mar 27 2020 01: +0,189.781,9,Desert Eagle | Blaze (Factory New)
Mar 28 2020 01: +0,184.23,13,Desert Eagle | Blaze (Factory New)
Mar 29 2020 01: +0,184.933,6,Desert Eagle | Blaze (Factory New)
Mar 30 2020 01: +0,191.065,12,Desert Eagle | Blaze (Factory New)
Mar 31 2020 01: +0,191.58,13,Desert Eagle | Blaze (Factory New)
Apr 01 2020 01: +0,185.404,23,Desert Eagle | Blaze (Factory New)
Apr 02 2020 01: +0,177.939,14,Desert Eagle | Blaze (Factory New)
Apr 03 2020 01: +0,196.451,10,Desert Eagle | Blaze (Factory New)
Apr 04 2020 01: +0,199.706,13,Desert Eagle | Blaze (Factory New)
Apr 05 2020 01: +0,191.48,11,Desert Eagle | Blaze (Factory New)
Apr 06 2020 01: +0,196.706,9,Desert Eagle | Blaze (Factory New)
Apr 07 2020 01: +0,190.053,12,Desert Eagle | Blaze (Factory New)
Apr 08 2020 01: +0,195.473,14,Desert Eagle | Blaze (Factory New)
Apr 09 2020 01: +0,192.608,16,Desert Eagle | Blaze (Factory New)
Apr 10 2020 01: +0,204.36,22,Desert Eagle | Blaze (Factory New)
Apr 11 2020 01: +0,214.463,16,Desert Eagle | Blaze (Factory New)
Apr 12 2020 01: +0,218.2,11,Desert Eagle | Blaze (Factory New)
Apr 13 2020 01: +0,219.928,14,Desert Eagle | Blaze (Factory New)
Apr 14 2020 01: +0,208.887,7,Desert Eagle | Blaze (Factory New)
Apr 15 2020 01: +0,240.514,9,Desert Eagle | Blaze (Factory New)
Apr 16 2020 01: +0,224.26,15,Desert Eagle | Blaze (Factory New)
Apr 17 2020 01: +0,209.062,9,Desert Eagle | Blaze (Factory New)
Apr 18 2020 01: +0,224.508,14,Desert Eagle | Blaze (Factory New)
Apr 19 2020 01: +0,216.44,11,Desert Eagle | Blaze (Factory New)
Apr 20 2020 01: +0,214.624,10,Desert Eagle | Blaze (Factory New)
Apr 21 2020 01: +0,220.75,7,Desert Eagle | Blaze (Factory New)
Apr 22 2020 01: +0,230.993,7,Desert Eagle | Blaze (Factory New)
Apr 23 2020 01: +0,224.982,13,Desert Eagle | Blaze (Factory New)
Apr 24 2020 01: +0,227.278,9,Desert Eagle | Blaze (Factory New)
Apr 25 2020 01: +0,228.827,7,Desert Eagle | Blaze (Factory New)
Apr 26 2020 01: +0,211.93,9,Desert Eagle | Blaze (Factory New)
Apr 27 2020 01: +0,205.29,9,Desert Eagle | Blaze (Factory New)
Apr 28 2020 01: +0,236.3,10,Desert Eagle | Blaze (Factory New)
Apr 29 2020 01: +0,226.647,11,Desert Eagle | Blaze (Factory New)
Apr 30 2020 01: +0,216.964,11,Desert Eagle | Blaze (Factory New)
May 01 2020 01: +0,220.867,13,Desert Eagle | Blaze (Factory New)
May 02 2020 01: +0,234.448,11,Desert Eagle | Blaze (Factory New)
May 03 2020 01: +0,240.798,6,Desert Eagle | Blaze (Factory New)
May 04 2020 01: +0,249.169,15,Desert Eagle | Blaze (Factory New)
May 05 2020 01: +0,246.083,10,Desert Eagle | Blaze (Factory New)
May 06 2020 01: +0,242.324,10,Desert Eagle | Blaze (Factory New)
May 07 2020 01: +0,239.719,8,Desert Eagle | Blaze (Factory New)
May 08 2020 01: +0,291.797,11,Desert Eagle | Blaze (Factory New)
May 09 2020 01: +0,301.559,11,Desert Eagle | Blaze (Factory New)
May 10 2020 01: +0,234.805,12,Desert Eagle | Blaze (Factory New)
May 11 2020 01: +0,229.977,6,Desert Eagle | Blaze (Factory New)
May 12 2020 01: +0,248.544,10,Desert Eagle | Blaze (Factory New)
May 13 2020 01: +0,266.921,8,Desert Eagle | Blaze (Factory New)
May 14 2020 01: +0,253.854,4,Desert Eagle | Blaze (Factory New)
May 15 2020 01: +0,253.368,8,Desert Eagle | Blaze (Factory New)
May 16 2020 01: +0,259.822,6,Desert Eagle | Blaze (Factory New)
May 17 2020 01: +0,246.74,10,Desert Eagle | Blaze (Factory New)
May 18 2020 01: +0,284.93,4,Desert Eagle | Blaze (Factory New)
May 19 2020 01: +0,268.945,11,Desert Eagle | Blaze (Factory New)
May 20 2020 01: +0,260.268,8,Desert Eagle | Blaze (Factory New)
May 21 2020 01: +0,255.447,13,Desert Eagle | Blaze (Factory New)
May 22 2020 01: +0,250.29,7,Desert Eagle | Blaze (Factory New)
May 23 2020 01: +0,237.452,10,Desert Eagle | Blaze (Factory New)
May 24 2020 01: +0,288.506,9,Desert Eagle | Blaze (Factory New)
May 25 2020 01: +0,269.141,9,Desert Eagle | Blaze (Factory New)
May 26 2020 01: +0,229.537,12,Desert Eagle | Blaze (Factory New)
May 27 2020 01: +0,212.064,14,Desert Eagle | Blaze (Factory New)
May 28 2020 01: +0,247.046,10,Desert Eagle | Blaze (Factory New)
May 29 2020 01: +0,257.084,11,Desert Eagle | Blaze (Factory New)
May 30 2020 01: +0,250.132,10,Desert Eagle | Blaze (Factory New)
May 31 2020 01: +0,257.134,9,Desert Eagle | Blaze (Factory New)
Jun 01 2020 01: +0,259.053,9,Desert Eagle | Blaze (Factory New)
Jun 02 2020 01: +0,264.26,15,Desert Eagle | Blaze (Factory New)
Jun 03 2020 01: +0,294.132,9,Desert Eagle | Blaze (Factory New)
Jun 04 2020 01: +0,282.867,8,Desert Eagle | Blaze (Factory New)
Jun 05 2020 01: +0,320.33,12,Desert Eagle | Blaze (Factory New)
Jun 06 2020 01: +0,301.894,10,Desert Eagle | Blaze (Factory New)
Jun 07 2020 01: +0,291.95,4,Desert Eagle | Blaze (Factory New)
Jun 08 2020 01: +0,280.645,8,Desert Eagle | Blaze (Factory New)
Jun 09 2020 01: +0,282.824,8,Desert Eagle | Blaze (Factory New)
Jun 10 2020 01: +0,300.965,6,Desert Eagle | Blaze (Factory New)
Jun 11 2020 01: +0,278.875,8,Desert Eagle | Blaze (Factory New)
Jun 12 2020 01: +0,277.408,5,Desert Eagle | Blaze (Factory New)
Jun 13 2020 01: +0,277.864,6,Desert Eagle | Blaze (Factory New)
Jun 14 2020 01: +0,267.496,7,Desert Eagle | Blaze (Factory New)
Jun 15 2020 01: +0,266.019,9,Desert Eagle | Blaze (Factory New)
Jun 16 2020 01: +0,273.156,4,Desert Eagle | Blaze (Factory New)
Jun 17 2020 01: +0,296.636,3,Desert Eagle | Blaze (Factory New)
Jun 18 2020 01: +0,264.816,14,Desert Eagle | Blaze (Factory New)
Jun 19 2020 01: +0,271.317,11,Desert Eagle | Blaze (Factory New)
Jun 20 2020 01: +0,275.914,3,Desert Eagle | Blaze (Factory New)
Jun 21 2020 01: +0,302.841,6,Desert Eagle | Blaze (Factory New)
Jun 22 2020 01: +0,289.257,8,Desert Eagle | Blaze (Factory New)
Jun 23 2020 01: +0,279.146,5,Desert Eagle | Blaze (Factory New)
Jun 24 2020 01: +0,270.904,7,Desert Eagle | Blaze (Factory New)
Jun 25 2020 01: +0,275.849,5,Desert Eagle | Blaze (Factory New)
Jun 26 2020 01: +0,269.218,6,Desert Eagle | Blaze (Factory New)
Jun 27 2020 01: +0,281.394,17,Desert Eagle | Blaze (Factory New)
Jun 28 2020 01: +0,306.299,14,Desert Eagle | Blaze (Factory New)
Jun 29 2020 01: +0,324.136,12,Desert Eagle | Blaze (Factory New)
Jun 30 2020 01: +0,313.61,5,Desert Eagle | Blaze (Factory New)
Jul 01 2020 01: +0,323.432,6,Desert Eagle | Blaze (Factory New)
Jul 02 2020 01: +0,304.969,7,Desert Eagle | Blaze (Factory New)
Jul 03 2020 01: +0,307.156,8,Desert Eagle | Blaze (Factory New)
Jul 04 2020 01: +0,303.52,8,Desert Eagle | Blaze (Factory New)
Jul 05 2020 01: +0,329.996,4,Desert Eagle | Blaze (Factory New)
Jul 06 2020 01: +0,328.348,3,Desert Eagle | Blaze (Factory New)
Jul 07 2020 01: +0,316.758,2,Desert Eagle | Blaze (Factory New)
Jul 08 2020 01: +0,323.997,8,Desert Eagle | Blaze (Factory New)
Jul 09 2020 01: +0,375.103,5,Desert Eagle | Blaze (Factory New)
Jul 10 2020 01: +0,352.893,3,Desert Eagle | Blaze (Factory New)
Jul 11 2020 01: +0,326.213,6,Desert Eagle | Blaze (Factory New)
Jul 12 2020 01: +0,331.662,5,Desert Eagle | Blaze (Factory New)
Jul 13 2020 01: +0,324.493,6,Desert Eagle | Blaze (Factory New)
Jul 14 2020 01: +0,307.038,6,Desert Eagle | Blaze (Factory New)
Jul 15 2020 01: +0,321.031,9,Desert Eagle | Blaze (Factory New)
Jul 16 2020 01: +0,347.485,2,Desert Eagle | Blaze (Factory New)
Jul 17 2020 01: +0,327.751,4,Desert Eagle | Blaze (Factory New)
Jul 18 2020 01: +0,372.314,5,Desert Eagle | Blaze (Factory New)
Jul 19 2020 01: +0,342.073,6,Desert Eagle | Blaze (Factory New)
Jul 20 2020 01: +0,480.561,6,Desert Eagle | Blaze (Factory New)
Jul 21 2020 01: +0,364.682,7,Desert Eagle | Blaze (Factory New)
Jul 22 2020 01: +0,329.081,5,Desert Eagle | Blaze (Factory New)
Jul 23 2020 01: +0,342.992,6,Desert Eagle | Blaze (Factory New)
Jul 24 2020 01: +0,343.529,7,Desert Eagle | Blaze (Factory New)
Jul 25 2020 01: +0,334.842,5,Desert Eagle | Blaze (Factory New)
Jul 26 2020 01: +0,339.602,6,Desert Eagle | Blaze (Factory New)
Jul 27 2020 01: +0,341.989,8,Desert Eagle | Blaze (Factory New)
Jul 28 2020 01: +0,331.669,4,Desert Eagle | Blaze (Factory New)
Jul 29 2020 01: +0,363.541,14,Desert Eagle | Blaze (Factory New)
Jul 30 2020 01: +0,350.88,7,Desert Eagle | Blaze (Factory New)
Jul 31 2020 01: +0,365.766,5,Desert Eagle | Blaze (Factory New)
Aug 01 2020 01: +0,376.488,7,Desert Eagle | Blaze (Factory New)
Aug 02 2020 01: +0,373.951,4,Desert Eagle | Blaze (Factory New)
Aug 03 2020 01: +0,379.037,2,Desert Eagle | Blaze (Factory New)
Aug 04 2020 01: +0,376.151,8,Desert Eagle | Blaze (Factory New)
Aug 05 2020 01: +0,404.019,4,Desert Eagle | Blaze (Factory New)
Aug 06 2020 01: +0,380.233,11,Desert Eagle | Blaze (Factory New)
Aug 07 2020 01: +0,369.99,7,Desert Eagle | Blaze (Factory New)
Aug 08 2020 01: +0,379.233,5,Desert Eagle | Blaze (Factory New)
Aug 09 2020 01: +0,370.933,6,Desert Eagle | Blaze (Factory New)
Aug 10 2020 01: +0,358.193,8,Desert Eagle | Blaze (Factory New)
Aug 11 2020 01: +0,356.848,7,Desert Eagle | Blaze (Factory New)
Aug 12 2020 01: +0,341.823,5,Desert Eagle | Blaze (Factory New)
Aug 13 2020 01: +0,356.69,7,Desert Eagle | Blaze (Factory New)
Aug 14 2020 01: +0,374.031,4,Desert Eagle | Blaze (Factory New)
Aug 15 2020 01: +0,363.484,5,Desert Eagle | Blaze (Factory New)
Aug 16 2020 01: +0,372.795,3,Desert Eagle | Blaze (Factory New)
Aug 17 2020 01: +0,334.882,3,Desert Eagle | Blaze (Factory New)
Aug 18 2020 01: +0,331.941,1,Desert Eagle | Blaze (Factory New)
Aug 19 2020 01: +0,340.447,6,Desert Eagle | Blaze (Factory New)
Aug 20 2020 01: +0,327.024,5,Desert Eagle | Blaze (Factory New)
Aug 21 2020 01: +0,331.533,6,Desert Eagle | Blaze (Factory New)
Aug 22 2020 01: +0,326.788,7,Desert Eagle | Blaze (Factory New)
Aug 23 2020 01: +0,319.493,2,Desert Eagle | Blaze (Factory New)
Aug 24 2020 01: +0,317.712,4,Desert Eagle | Blaze (Factory New)
Aug 25 2020 01: +0,332.786,9,Desert Eagle | Blaze (Factory New)
Aug 26 2020 01: +0,308.24,8,Desert Eagle | Blaze (Factory New)
Aug 27 2020 01: +0,321.074,3,Desert Eagle | Blaze (Factory New)
Aug 28 2020 01: +0,329.268,7,Desert Eagle | Blaze (Factory New)
Aug 29 2020 01: +0,340.576,6,Desert Eagle | Blaze (Factory New)
Aug 30 2020 01: +0,339.087,3,Desert Eagle | Blaze (Factory New)
Aug 31 2020 01: +0,319.196,10,Desert Eagle | Blaze (Factory New)
Sep 01 2020 01: +0,334.814,4,Desert Eagle | Blaze (Factory New)
Sep 02 2020 01: +0,329.455,6,Desert Eagle | Blaze (Factory New)
Sep 03 2020 01: +0,336.016,3,Desert Eagle | Blaze (Factory New)
Sep 04 2020 01: +0,325.85,6,Desert Eagle | Blaze (Factory New)
Sep 05 2020 01: +0,318.694,6,Desert Eagle | Blaze (Factory New)
Sep 06 2020 01: +0,339.955,5,Desert Eagle | Blaze (Factory New)
Sep 07 2020 01: +0,313.357,7,Desert Eagle | Blaze (Factory New)
Sep 08 2020 01: +0,324.074,10,Desert Eagle | Blaze (Factory New)
Sep 09 2020 01: +0,349.153,4,Desert Eagle | Blaze (Factory New)
Sep 10 2020 01: +0,326.708,9,Desert Eagle | Blaze (Factory New)
Sep 11 2020 01: +0,319.407,4,Desert Eagle | Blaze (Factory New)
Sep 12 2020 01: +0,300.747,9,Desert Eagle | Blaze (Factory New)
Sep 13 2020 01: +0,332.531,6,Desert Eagle | Blaze (Factory New)
Sep 14 2020 01: +0,321.514,3,Desert Eagle | Blaze (Factory New)
Sep 15 2020 01: +0,326.895,6,Desert Eagle | Blaze (Factory New)
Sep 16 2020 01: +0,334.666,5,Desert Eagle | Blaze (Factory New)
Sep 17 2020 01: +0,324.686,5,Desert Eagle | Blaze (Factory New)
Sep 18 2020 01: +0,324.082,9,Desert Eagle | Blaze (Factory New)
Sep 19 2020 01: +0,329.991,4,Desert Eagle | Blaze (Factory New)
Sep 20 2020 01: +0,321.107,5,Desert Eagle | Blaze (Factory New)
Sep 21 2020 01: +0,317.865,7,Desert Eagle | Blaze (Factory New)
Sep 22 2020 01: +0,310.321,3,Desert Eagle | Blaze (Factory New)
Sep 23 2020 01: +0,328.275,3,Desert Eagle | Blaze (Factory New)
Sep 24 2020 01: +0,326.559,3,Desert Eagle | Blaze (Factory New)
Sep 25 2020 01: +0,314.67,9,Desert Eagle | Blaze (Factory New)
Sep 26 2020 01: +0,313.102,2,Desert Eagle | Blaze (Factory New)
Sep 27 2020 01: +0,321.841,2,Desert Eagle | Blaze (Factory New)
Sep 28 2020 01: +0,307.427,10,Desert Eagle | Blaze (Factory New)
Sep 29 2020 01: +0,317.466,8,Desert Eagle | Blaze (Factory New)
Sep 30 2020 01: +0,329.113,6,Desert Eagle | Blaze (Factory New)
Oct 01 2020 01: +0,314.982,3,Desert Eagle | Blaze (Factory New)
Oct 02 2020 01: +0,320.734,9,Desert Eagle | Blaze (Factory New)
Oct 03 2020 01: +0,327.754,5,Desert Eagle | Blaze (Factory New)
Oct 04 2020 01: +0,320.444,8,Desert Eagle | Blaze (Factory New)
Oct 05 2020 01: +0,322.4,13,Desert Eagle | Blaze (Factory New)
Oct 06 2020 01: +0,322.65,1,Desert Eagle | Blaze (Factory New)
Oct 07 2020 01: +0,318.762,8,Desert Eagle | Blaze (Factory New)
Oct 08 2020 01: +0,325.697,5,Desert Eagle | Blaze (Factory New)
Oct 09 2020 01: +0,359.358,9,Desert Eagle | Blaze (Factory New)
Oct 10 2020 01: +0,346.29,3,Desert Eagle | Blaze (Factory New)
Oct 11 2020 01: +0,325.799,6,Desert Eagle | Blaze (Factory New)
Oct 12 2020 01: +0,330.068,5,Desert Eagle | Blaze (Factory New)
Oct 13 2020 01: +0,330.859,7,Desert Eagle | Blaze (Factory New)
Oct 14 2020 01: +0,317.414,8,Desert Eagle | Blaze (Factory New)
Oct 15 2020 01: +0,314.319,3,Desert Eagle | Blaze (Factory New)
Oct 16 2020 01: +0,321.431,7,Desert Eagle | Blaze (Factory New)
Oct 17 2020 01: +0,338.456,5,Desert Eagle | Blaze (Factory New)
Oct 18 2020 01: +0,351.654,6,Desert Eagle | Blaze (Factory New)
Oct 19 2020 01: +0,332.874,8,Desert Eagle | Blaze (Factory New)
Oct 20 2020 01: +0,334.11,5,Desert Eagle | Blaze (Factory New)
Oct 21 2020 01: +0,305.999,4,Desert Eagle | Blaze (Factory New)
Oct 22 2020 01: +0,320.46,3,Desert Eagle | Blaze (Factory New)
Oct 23 2020 01: +0,316.918,4,Desert Eagle | Blaze (Factory New)
Oct 24 2020 01: +0,354.983,6,Desert Eagle | Blaze (Factory New)
Oct 25 2020 01: +0,327.111,5,Desert Eagle | Blaze (Factory New)
Oct 26 2020 01: +0,358.241,5,Desert Eagle | Blaze (Factory New)
Oct 27 2020 01: +0,330.072,6,Desert Eagle | Blaze (Factory New)
Oct 28 2020 01: +0,325.288,8,Desert Eagle | Blaze (Factory New)
Oct 29 2020 01: +0,324.264,5,Desert Eagle | Blaze (Factory New)
Oct 30 2020 01: +0,327.492,6,Desert Eagle | Blaze (Factory New)
Oct 31 2020 01: +0,317.071,6,Desert Eagle | Blaze (Factory New)
Nov 01 2020 01: +0,323.603,6,Desert Eagle | Blaze (Factory New)
Nov 02 2020 01: +0,331.516,4,Desert Eagle | Blaze (Factory New)
Nov 03 2020 01: +0,311.786,7,Desert Eagle | Blaze (Factory New)
Nov 04 2020 01: +0,309.904,5,Desert Eagle | Blaze (Factory New)
Nov 05 2020 01: +0,319.46,3,Desert Eagle | Blaze (Factory New)
Nov 06 2020 01: +0,320.991,5,Desert Eagle | Blaze (Factory New)
Nov 07 2020 01: +0,316.323,9,Desert Eagle | Blaze (Factory New)
Nov 08 2020 01: +0,307.732,3,Desert Eagle | Blaze (Factory New)
Nov 09 2020 01: +0,332.137,3,Desert Eagle | Blaze (Factory New)
Nov 10 2020 01: +0,323.914,6,Desert Eagle | Blaze (Factory New)
Nov 11 2020 01: +0,326.785,8,Desert Eagle | Blaze (Factory New)
Nov 12 2020 01: +0,312.42,6,Desert Eagle | Blaze (Factory New)
Nov 13 2020 01: +0,314.918,4,Desert Eagle | Blaze (Factory New)
Nov 14 2020 01: +0,321.725,2,Desert Eagle | Blaze (Factory New)
Nov 15 2020 01: +0,314.085,5,Desert Eagle | Blaze (Factory New)
Nov 16 2020 01: +0,309.483,6,Desert Eagle | Blaze (Factory New)
Nov 17 2020 01: +0,320.046,7,Desert Eagle | Blaze (Factory New)
Nov 18 2020 01: +0,326.274,3,Desert Eagle | Blaze (Factory New)
Nov 19 2020 01: +0,309.37,6,Desert Eagle | Blaze (Factory New)
Nov 20 2020 01: +0,311.197,3,Desert Eagle | Blaze (Factory New)
Nov 21 2020 01: +0,313.564,6,Desert Eagle | Blaze (Factory New)
Nov 22 2020 01: +0,316.172,5,Desert Eagle | Blaze (Factory New)
Nov 23 2020 01: +0,323.819,7,Desert Eagle | Blaze (Factory New)
Nov 24 2020 01: +0,311.975,6,Desert Eagle | Blaze (Factory New)
Nov 25 2020 01: +0,308.85,5,Desert Eagle | Blaze (Factory New)
Nov 26 2020 01: +0,305.646,9,Desert Eagle | Blaze (Factory New)
Nov 27 2020 01: +0,300.207,6,Desert Eagle | Blaze (Factory New)
Nov 28 2020 01: +0,298.521,12,Desert Eagle | Blaze (Factory New)
Nov 29 2020 01: +0,294.445,12,Desert Eagle | Blaze (Factory New)
Nov 30 2020 01: +0,290.822,2,Desert Eagle | Blaze (Factory New)
Dec 01 2020 01: +0,299.058,16,Desert Eagle | Blaze (Factory New)
Dec 02 2020 01: +0,304.463,6,Desert Eagle | Blaze (Factory New)
Dec 03 2020 01: +0,315.585,12,Desert Eagle | Blaze (Factory New)
Dec 04 2020 01: +0,271.79,31,Desert Eagle | Blaze (Factory New)
Dec 05 2020 01: +0,284.034,24,Desert Eagle | Blaze (Factory New)
Dec 06 2020 01: +0,281.721,14,Desert Eagle | Blaze (Factory New)
Dec 07 2020 01: +0,271.564,11,Desert Eagle | Blaze (Factory New)
Dec 08 2020 01: +0,277.344,6,Desert Eagle | Blaze (Factory New)
Dec 09 2020 01: +0,277.044,11,Desert Eagle | Blaze (Factory New)
Dec 10 2020 01: +0,299.213,9,Desert Eagle | Blaze (Factory New)
Dec 11 2020 01: +0,264.758,15,Desert Eagle | Blaze (Factory New)
Dec 12 2020 01: +0,279.903,13,Desert Eagle | Blaze (Factory New)
Dec 13 2020 01: +0,276.227,16,Desert Eagle | Blaze (Factory New)
Dec 14 2020 01: +0,294.755,16,Desert Eagle | Blaze (Factory New)
Dec 15 2020 01: +0,291.454,10,Desert Eagle | Blaze (Factory New)
Dec 16 2020 01: +0,291.597,5,Desert Eagle | Blaze (Factory New)
Dec 17 2020 01: +0,310.957,10,Desert Eagle | Blaze (Factory New)
Dec 18 2020 01: +0,295.619,9,Desert Eagle | Blaze (Factory New)
Dec 19 2020 01: +0,293.15,12,Desert Eagle | Blaze (Factory New)
Dec 20 2020 01: +0,289.648,7,Desert Eagle | Blaze (Factory New)
Dec 21 2020 01: +0,294.341,10,Desert Eagle | Blaze (Factory New)
Dec 22 2020 01: +0,299.586,11,Desert Eagle | Blaze (Factory New)
Dec 23 2020 01: +0,300.004,8,Desert Eagle | Blaze (Factory New)
Dec 24 2020 01: +0,305.59,14,Desert Eagle | Blaze (Factory New)
Dec 25 2020 01: +0,321.351,9,Desert Eagle | Blaze (Factory New)
Dec 26 2020 01: +0,315.005,13,Desert Eagle | Blaze (Factory New)
Dec 27 2020 01: +0,304.981,6,Desert Eagle | Blaze (Factory New)
Dec 28 2020 01: +0,336.256,8,Desert Eagle | Blaze (Factory New)
Dec 29 2020 01: +0,317.252,6,Desert Eagle | Blaze (Factory New)
Dec 30 2020 01: +0,311.205,8,Desert Eagle | Blaze (Factory New)
Dec 31 2020 01: +0,319.536,10,Desert Eagle | Blaze (Factory New)
Jan 01 2021 01: +0,335.263,10,Desert Eagle | Blaze (Factory New)
Jan 02 2021 01: +0,328.841,11,Desert Eagle | Blaze (Factory New)
Jan 03 2021 01: +0,323.91,12,Desert Eagle | Blaze (Factory New)
Jan 04 2021 01: +0,333.104,10,Desert Eagle | Blaze (Factory New)
Jan 05 2021 01: +0,348.75,9,Desert Eagle | Blaze (Factory New)
Jan 06 2021 01: +0,347.445,6,Desert Eagle | Blaze (Factory New)
Jan 07 2021 01: +0,357.771,5,Desert Eagle | Blaze (Factory New)
Jan 08 2021 01: +0,330.958,12,Desert Eagle | Blaze (Factory New)
Jan 09 2021 01: +0,342.739,6,Desert Eagle | Blaze (Factory New)
Jan 10 2021 01: +0,342.502,6,Desert Eagle | Blaze (Factory New)
Jan 11 2021 01: +0,366.95,6,Desert Eagle | Blaze (Factory New)
Jan 12 2021 01: +0,344.898,8,Desert Eagle | Blaze (Factory New)
Jan 13 2021 01: +0,345.253,7,Desert Eagle | Blaze (Factory New)
Jan 14 2021 01: +0,338.21,11,Desert Eagle | Blaze (Factory New)
Jan 15 2021 01: +0,336.039,6,Desert Eagle | Blaze (Factory New)
Jan 16 2021 01: +0,336.202,16,Desert Eagle | Blaze (Factory New)
Jan 17 2021 01: +0,347.331,5,Desert Eagle | Blaze (Factory New)
Jan 18 2021 01: +0,345.512,5,Desert Eagle | Blaze (Factory New)
Jan 19 2021 01: +0,331.77,10,Desert Eagle | Blaze (Factory New)
Jan 20 2021 01: +0,331.367,9,Desert Eagle | Blaze (Factory New)
Jan 21 2021 01: +0,368.636,2,Desert Eagle | Blaze (Factory New)
Jan 22 2021 01: +0,338.347,7,Desert Eagle | Blaze (Factory New)
Jan 23 2021 01: +0,377.728,8,Desert Eagle | Blaze (Factory New)
Jan 24 2021 01: +0,352.554,7,Desert Eagle | Blaze (Factory New)
Jan 25 2021 01: +0,340.496,8,Desert Eagle | Blaze (Factory New)
Jan 26 2021 01: +0,344.115,3,Desert Eagle | Blaze (Factory New)
Jan 27 2021 01: +0,335.428,7,Desert Eagle | Blaze (Factory New)
Jan 28 2021 01: +0,331.508,5,Desert Eagle | Blaze (Factory New)
Jan 29 2021 01: +0,332.248,11,Desert Eagle | Blaze (Factory New)
Jan 30 2021 01: +0,316.845,5,Desert Eagle | Blaze (Factory New)
Jan 31 2021 01: +0,335.837,6,Desert Eagle | Blaze (Factory New)
Feb 01 2021 01: +0,340.354,5,Desert Eagle | Blaze (Factory New)
Feb 02 2021 01: +0,330.527,2,Desert Eagle | Blaze (Factory New)
Feb 03 2021 01: +0,340.536,8,Desert Eagle | Blaze (Factory New)
Feb 04 2021 01: +0,330.603,5,Desert Eagle | Blaze (Factory New)
Feb 05 2021 01: +0,332.65,7,Desert Eagle | Blaze (Factory New)
Feb 06 2021 01: +0,318.001,13,Desert Eagle | Blaze (Factory New)
Feb 07 2021 01: +0,327.084,11,Desert Eagle | Blaze (Factory New)
Feb 08 2021 01: +0,358.671,4,Desert Eagle | Blaze (Factory New)
Feb 09 2021 01: +0,324.568,5,Desert Eagle | Blaze (Factory New)
Feb 10 2021 01: +0,330.364,5,Desert Eagle | Blaze (Factory New)
Feb 11 2021 01: +0,314.252,9,Desert Eagle | Blaze (Factory New)
Feb 12 2021 01: +0,328.569,12,Desert Eagle | Blaze (Factory New)
Feb 13 2021 01: +0,315.929,10,Desert Eagle | Blaze (Factory New)
Feb 14 2021 01: +0,324.403,10,Desert Eagle | Blaze (Factory New)
Feb 15 2021 01: +0,328.781,9,Desert Eagle | Blaze (Factory New)
Feb 16 2021 01: +0,310.526,9,Desert Eagle | Blaze (Factory New)
Feb 17 2021 01: +0,308.457,7,Desert Eagle | Blaze (Factory New)
Feb 18 2021 01: +0,299.644,5,Desert Eagle | Blaze (Factory New)
Feb 19 2021 01: +0,318.706,8,Desert Eagle | Blaze (Factory New)
Feb 20 2021 01: +0,317.454,7,Desert Eagle | Blaze (Factory New)
Feb 21 2021 01: +0,330.968,8,Desert Eagle | Blaze (Factory New)
Feb 22 2021 01: +0,311.129,4,Desert Eagle | Blaze (Factory New)
Feb 23 2021 01: +0,331.79,4,Desert Eagle | Blaze (Factory New)
Feb 24 2021 01: +0,311.804,10,Desert Eagle | Blaze (Factory New)
Feb 25 2021 01: +0,312.028,4,Desert Eagle | Blaze (Factory New)
Feb 26 2021 01: +0,316.659,10,Desert Eagle | Blaze (Factory New)
Feb 27 2021 01: +0,366.815,10,Desert Eagle | Blaze (Factory New)
Feb 28 2021 01: +0,318.512,10,Desert Eagle | Blaze (Factory New)
Mar 01 2021 01: +0,314.845,11,Desert Eagle | Blaze (Factory New)
Mar 02 2021 01: +0,307.234,7,Desert Eagle | Blaze (Factory New)
Mar 03 2021 01: +0,323.295,7,Desert Eagle | Blaze (Factory New)
Mar 04 2021 01: +0,332.628,9,Desert Eagle | Blaze (Factory New)
Mar 05 2021 01: +0,330.01,4,Desert Eagle | Blaze (Factory New)
Mar 06 2021 01: +0,329.977,12,Desert Eagle | Blaze (Factory New)
Mar 07 2021 01: +0,354.791,5,Desert Eagle | Blaze (Factory New)
Mar 08 2021 01: +0,334.507,6,Desert Eagle | Blaze (Factory New)
Mar 09 2021 01: +0,333.94,7,Desert Eagle | Blaze (Factory New)
Mar 10 2021 01: +0,323.863,6,Desert Eagle | Blaze (Factory New)
Mar 11 2021 01: +0,315.216,2,Desert Eagle | Blaze (Factory New)
Mar 12 2021 01: +0,331.935,5,Desert Eagle | Blaze (Factory New)
Mar 13 2021 01: +0,336.515,8,Desert Eagle | Blaze (Factory New)
Mar 14 2021 01: +0,340.947,8,Desert Eagle | Blaze (Factory New)
Mar 15 2021 01: +0,317.773,3,Desert Eagle | Blaze (Factory New)
Mar 16 2021 01: +0,330.379,12,Desert Eagle | Blaze (Factory New)
Mar 17 2021 01: +0,325.967,8,Desert Eagle | Blaze (Factory New)
Mar 18 2021 01: +0,319.144,8,Desert Eagle | Blaze (Factory New)
Mar 19 2021 01: +0,347.453,5,Desert Eagle | Blaze (Factory New)
Mar 20 2021 01: +0,334.743,12,Desert Eagle | Blaze (Factory New)
Mar 21 2021 01: +0,338.4,5,Desert Eagle | Blaze (Factory New)
Mar 22 2021 01: +0,329.977,7,Desert Eagle | Blaze (Factory New)
Mar 23 2021 01: +0,383.736,3,Desert Eagle | Blaze (Factory New)
Mar 24 2021 01: +0,345.295,12,Desert Eagle | Blaze (Factory New)
Mar 25 2021 01: +0,347.096,14,Desert Eagle | Blaze (Factory New)
Mar 26 2021 01: +0,345.307,5,Desert Eagle | Blaze (Factory New)
Mar 27 2021 01: +0,337.542,7,Desert Eagle | Blaze (Factory New)
Mar 28 2021 01: +0,348.725,9,Desert Eagle | Blaze (Factory New)
Mar 29 2021 01: +0,346.278,4,Desert Eagle | Blaze (Factory New)
Mar 30 2021 01: +0,339.118,6,Desert Eagle | Blaze (Factory New)
Mar 31 2021 01: +0,342.971,16,Desert Eagle | Blaze (Factory New)
Apr 01 2021 01: +0,349.397,13,Desert Eagle | Blaze (Factory New)
Apr 02 2021 01: +0,359.143,8,Desert Eagle | Blaze (Factory New)
Apr 03 2021 01: +0,365.595,15,Desert Eagle | Blaze (Factory New)
Apr 04 2021 01: +0,368.459,12,Desert Eagle | Blaze (Factory New)
Apr 05 2021 01: +0,393.86,4,Desert Eagle | Blaze (Factory New)
Apr 06 2021 01: +0,375.749,4,Desert Eagle | Blaze (Factory New)
Apr 07 2021 01: +0,356.234,15,Desert Eagle | Blaze (Factory New)
Apr 08 2021 01: +0,354.349,11,Desert Eagle | Blaze (Factory New)
Apr 09 2021 01: +0,343.076,16,Desert Eagle | Blaze (Factory New)
Apr 10 2021 01: +0,344.216,12,Desert Eagle | Blaze (Factory New)
Apr 11 2021 01: +0,360.515,9,Desert Eagle | Blaze (Factory New)
Apr 12 2021 01: +0,354.743,10,Desert Eagle | Blaze (Factory New)
Apr 13 2021 01: +0,347.694,12,Desert Eagle | Blaze (Factory New)
Apr 14 2021 01: +0,344.548,2,Desert Eagle | Blaze (Factory New)
Apr 15 2021 01: +0,344.878,8,Desert Eagle | Blaze (Factory New)
Apr 16 2021 01: +0,393.727,8,Desert Eagle | Blaze (Factory New)
Apr 17 2021 01: +0,356.196,7,Desert Eagle | Blaze (Factory New)
Apr 18 2021 01: +0,304.253,7,Desert Eagle | Blaze (Factory New)
Apr 19 2021 01: +0,350.904,4,Desert Eagle | Blaze (Factory New)
Apr 20 2021 01: +0,353.194,5,Desert Eagle | Blaze (Factory New)
Apr 21 2021 01: +0,347.156,9,Desert Eagle | Blaze (Factory New)
Apr 22 2021 01: +0,350.311,6,Desert Eagle | Blaze (Factory New)
Apr 23 2021 01: +0,351.69,6,Desert Eagle | Blaze (Factory New)
Apr 24 2021 01: +0,367.659,7,Desert Eagle | Blaze (Factory New)
Apr 25 2021 01: +0,346.434,11,Desert Eagle | Blaze (Factory New)
Apr 26 2021 01: +0,331.397,11,Desert Eagle | Blaze (Factory New)
Apr 27 2021 01: +0,352.371,12,Desert Eagle | Blaze (Factory New)
Apr 28 2021 01: +0,382.744,5,Desert Eagle | Blaze (Factory New)
Apr 29 2021 01: +0,379.348,5,Desert Eagle | Blaze (Factory New)
Apr 30 2021 01: +0,393.682,8,Desert Eagle | Blaze (Factory New)
May 01 2021 01: +0,451.693,2,Desert Eagle | Blaze (Factory New)
May 02 2021 01: +0,420.316,7,Desert Eagle | Blaze (Factory New)
May 03 2021 01: +0,411.154,11,Desert Eagle | Blaze (Factory New)
May 04 2021 01: +0,406.448,9,Desert Eagle | Blaze (Factory New)
May 05 2021 01: +0,384.459,15,Desert Eagle | Blaze (Factory New)
May 06 2021 01: +0,420.323,5,Desert Eagle | Blaze (Factory New)
May 07 2021 01: +0,406.316,14,Desert Eagle | Blaze (Factory New)
May 08 2021 01: +0,400.764,6,Desert Eagle | Blaze (Factory New)
May 09 2021 01: +0,415.739,6,Desert Eagle | Blaze (Factory New)
May 10 2021 01: +0,404.95,2,Desert Eagle | Blaze (Factory New)
May 11 2021 01: +0,394.617,8,Desert Eagle | Blaze (Factory New)
May 12 2021 01: +0,415.708,3,Desert Eagle | Blaze (Factory New)
May 13 2021 01: +0,403.189,3,Desert Eagle | Blaze (Factory New)
May 14 2021 01: +0,389.677,7,Desert Eagle | Blaze (Factory New)
May 15 2021 01: +0,402.626,7,Desert Eagle | Blaze (Factory New)
May 16 2021 01: +0,400.892,8,Desert Eagle | Blaze (Factory New)
May 17 2021 01: +0,408.322,2,Desert Eagle | Blaze (Factory New)
May 18 2021 01: +0,385.614,9,Desert Eagle | Blaze (Factory New)
May 19 2021 01: +0,404.31,10,Desert Eagle | Blaze (Factory New)
May 20 2021 01: +0,406.356,7,Desert Eagle | Blaze (Factory New)
May 21 2021 01: +0,419.076,8,Desert Eagle | Blaze (Factory New)
May 22 2021 01: +0,422.113,5,Desert Eagle | Blaze (Factory New)
May 23 2021 01: +0,362.997,11,Desert Eagle | Blaze (Factory New)
May 24 2021 01: +0,414.044,3,Desert Eagle | Blaze (Factory New)
May 25 2021 01: +0,413.561,6,Desert Eagle | Blaze (Factory New)
May 26 2021 01: +0,415.222,6,Desert Eagle | Blaze (Factory New)
May 27 2021 01: +0,425.553,7,Desert Eagle | Blaze (Factory New)
May 28 2021 01: +0,449.427,2,Desert Eagle | Blaze (Factory New)
May 29 2021 01: +0,428.331,17,Desert Eagle | Blaze (Factory New)
May 30 2021 01: +0,429.226,5,Desert Eagle | Blaze (Factory New)
May 31 2021 01: +0,488.17,2,Desert Eagle | Blaze (Factory New)
Jun 01 2021 01: +0,429.871,4,Desert Eagle | Blaze (Factory New)
Jun 02 2021 01: +0,442.2,8,Desert Eagle | Blaze (Factory New)
Jun 03 2021 01: +0,453.057,7,Desert Eagle | Blaze (Factory New)
Jun 04 2021 01: +0,509.43,28,Desert Eagle | Blaze (Factory New)
Jun 05 2021 01: +0,687.169,8,Desert Eagle | Blaze (Factory New)
Jun 06 2021 01: +0,550.107,8,Desert Eagle | Blaze (Factory New)
Jun 07 2021 01: +0,521.931,8,Desert Eagle | Blaze (Factory New)
Jun 08 2021 01: +0,508.809,3,Desert Eagle | Blaze (Factory New)
Jun 09 2021 01: +0,443.387,8,Desert Eagle | Blaze (Factory New)
Jun 10 2021 01: +0,561.892,5,Desert Eagle | Blaze (Factory New)
Jun 11 2021 01: +0,555.154,4,Desert Eagle | Blaze (Factory New)
Jun 12 2021 01: +0,540.186,3,Desert Eagle | Blaze (Factory New)
Jun 13 2021 01: +0,551.756,10,Desert Eagle | Blaze (Factory New)
Jun 14 2021 01: +0,546.773,2,Desert Eagle | Blaze (Factory New)
Jun 15 2021 01: +0,521.547,5,Desert Eagle | Blaze (Factory New)
Jun 16 2021 01: +0,539.921,6,Desert Eagle | Blaze (Factory New)
Jun 17 2021 01: +0,506.411,6,Desert Eagle | Blaze (Factory New)
Jun 18 2021 01: +0,560.609,3,Desert Eagle | Blaze (Factory New)
Jun 19 2021 01: +0,500.108,1,Desert Eagle | Blaze (Factory New)
Jun 20 2021 01: +0,498.282,2,Desert Eagle | Blaze (Factory New)
Jun 21 2021 01: +0,482.63,5,Desert Eagle | Blaze (Factory New)
Jun 22 2021 01: +0,502.202,2,Desert Eagle | Blaze (Factory New)
Jun 23 2021 01: +0,525.691,3,Desert Eagle | Blaze (Factory New)
Jun 24 2021 01: +0,495.276,4,Desert Eagle | Blaze (Factory New)
Jun 25 2021 01: +0,445.181,6,Desert Eagle | Blaze (Factory New)
Jun 26 2021 01: +0,460.074,6,Desert Eagle | Blaze (Factory New)
Jun 27 2021 01: +0,493.705,3,Desert Eagle | Blaze (Factory New)
Jun 28 2021 01: +0,496.969,4,Desert Eagle | Blaze (Factory New)
Jun 29 2021 01: +0,505.15,1,Desert Eagle | Blaze (Factory New)
Jun 30 2021 01: +0,465.792,6,Desert Eagle | Blaze (Factory New)
Jul 01 2021 01: +0,451.256,2,Desert Eagle | Blaze (Factory New)
Jul 02 2021 01: +0,459.711,1,Desert Eagle | Blaze (Factory New)
Jul 03 2021 01: +0,494.495,3,Desert Eagle | Blaze (Factory New)
Jul 04 2021 01: +0,437.623,9,Desert Eagle | Blaze (Factory New)
Jul 05 2021 01: +0,433.634,8,Desert Eagle | Blaze (Factory New)
Jul 06 2021 01: +0,440.229,2,Desert Eagle | Blaze (Factory New)
Jul 07 2021 01: +0,447.07,6,Desert Eagle | Blaze (Factory New)
Jul 08 2021 01: +0,425.568,3,Desert Eagle | Blaze (Factory New)
Jul 09 2021 01: +0,462.924,5,Desert Eagle | Blaze (Factory New)
Jul 10 2021 01: +0,459.269,5,Desert Eagle | Blaze (Factory New)
Jul 11 2021 01: +0,400.559,10,Desert Eagle | Blaze (Factory New)
Jul 12 2021 01: +0,394.894,5,Desert Eagle | Blaze (Factory New)
Jul 13 2021 01: +0,403.859,6,Desert Eagle | Blaze (Factory New)
Jul 14 2021 01: +0,420.355,3,Desert Eagle | Blaze (Factory New)
Jul 15 2021 01: +0,415.417,5,Desert Eagle | Blaze (Factory New)
Jul 16 2021 01: +0,394.466,3,Desert Eagle | Blaze (Factory New)
Jul 17 2021 01: +0,416.007,3,Desert Eagle | Blaze (Factory New)
Jul 18 2021 01: +0,450.623,5,Desert Eagle | Blaze (Factory New)
Jul 19 2021 01: +0,398.914,1,Desert Eagle | Blaze (Factory New)
Jul 20 2021 01: +0,427.222,6,Desert Eagle | Blaze (Factory New)
Jul 21 2021 01: +0,416.214,2,Desert Eagle | Blaze (Factory New)
Jul 22 2021 01: +0,433.874,2,Desert Eagle | Blaze (Factory New)
Jul 23 2021 01: +0,432.421,3,Desert Eagle | Blaze (Factory New)
Jul 24 2021 01: +0,431.917,5,Desert Eagle | Blaze (Factory New)
Jul 25 2021 01: +0,406.504,2,Desert Eagle | Blaze (Factory New)
Jul 26 2021 01: +0,441.727,3,Desert Eagle | Blaze (Factory New)
Jul 28 2021 01: +0,468.715,5,Desert Eagle | Blaze (Factory New)
Jul 29 2021 01: +0,427.211,6,Desert Eagle | Blaze (Factory New)
Jul 30 2021 01: +0,436.594,9,Desert Eagle | Blaze (Factory New)
Jul 31 2021 01: +0,421.725,2,Desert Eagle | Blaze (Factory New)
Aug 01 2021 01: +0,430.479,2,Desert Eagle | Blaze (Factory New)
Aug 02 2021 01: +0,462.295,7,Desert Eagle | Blaze (Factory New)
Aug 03 2021 01: +0,430.584,5,Desert Eagle | Blaze (Factory New)
Aug 04 2021 01: +0,461.68,2,Desert Eagle | Blaze (Factory New)
Aug 05 2021 01: +0,465.809,2,Desert Eagle | Blaze (Factory New)
Aug 06 2021 01: +0,463.982,1,Desert Eagle | Blaze (Factory New)
Aug 07 2021 01: +0,461.649,5,Desert Eagle | Blaze (Factory New)
Aug 08 2021 01: +0,432.395,2,Desert Eagle | Blaze (Factory New)
Aug 09 2021 01: +0,457.447,3,Desert Eagle | Blaze (Factory New)
Aug 10 2021 01: +0,426.238,1,Desert Eagle | Blaze (Factory New)
Aug 11 2021 01: +0,409.723,3,Desert Eagle | Blaze (Factory New)
Aug 13 2021 01: +0,445.982,5,Desert Eagle | Blaze (Factory New)
Aug 14 2021 01: +0,458.206,1,Desert Eagle | Blaze (Factory New)
Aug 15 2021 01: +0,408.843,2,Desert Eagle | Blaze (Factory New)
Aug 16 2021 01: +0,404.163,9,Desert Eagle | Blaze (Factory New)
Aug 17 2021 01: +0,403.834,5,Desert Eagle | Blaze (Factory New)
Aug 18 2021 01: +0,398.998,6,Desert Eagle | Blaze (Factory New)
Aug 19 2021 01: +0,352.216,8,Desert Eagle | Blaze (Factory New)
Aug 20 2021 01: +0,408.823,3,Desert Eagle | Blaze (Factory New)
Aug 21 2021 01: +0,415.669,3,Desert Eagle | Blaze (Factory New)
Aug 22 2021 01: +0,438.43,4,Desert Eagle | Blaze (Factory New)
Aug 23 2021 01: +0,401.75,1,Desert Eagle | Blaze (Factory New)
Aug 24 2021 01: +0,401.552,4,Desert Eagle | Blaze (Factory New)
Aug 25 2021 01: +0,401.762,3,Desert Eagle | Blaze (Factory New)
Aug 26 2021 01: +0,433.902,5,Desert Eagle | Blaze (Factory New)
Aug 27 2021 01: +0,463.724,5,Desert Eagle | Blaze (Factory New)
Aug 28 2021 01: +0,423.325,8,Desert Eagle | Blaze (Factory New)
Aug 29 2021 01: +0,409.263,4,Desert Eagle | Blaze (Factory New)
Aug 30 2021 01: +0,394.23,7,Desert Eagle | Blaze (Factory New)
Aug 31 2021 01: +0,412.403,6,Desert Eagle | Blaze (Factory New)
Sep 01 2021 01: +0,429.392,5,Desert Eagle | Blaze (Factory New)
Sep 02 2021 01: +0,438.989,5,Desert Eagle | Blaze (Factory New)
Sep 03 2021 01: +0,418.748,4,Desert Eagle | Blaze (Factory New)
Sep 04 2021 01: +0,422.386,5,Desert Eagle | Blaze (Factory New)
Sep 05 2021 01: +0,433.383,4,Desert Eagle | Blaze (Factory New)
Sep 06 2021 01: +0,409.129,4,Desert Eagle | Blaze (Factory New)
Sep 07 2021 01: +0,411.364,3,Desert Eagle | Blaze (Factory New)
Sep 08 2021 01: +0,398.832,4,Desert Eagle | Blaze (Factory New)
Sep 09 2021 01: +0,411.701,7,Desert Eagle | Blaze (Factory New)
Sep 10 2021 01: +0,407.134,3,Desert Eagle | Blaze (Factory New)
Sep 11 2021 01: +0,422.831,5,Desert Eagle | Blaze (Factory New)
Sep 12 2021 01: +0,398.547,4,Desert Eagle | Blaze (Factory New)
Sep 13 2021 01: +0,405.447,3,Desert Eagle | Blaze (Factory New)
Sep 14 2021 01: +0,413.353,11,Desert Eagle | Blaze (Factory New)
Sep 15 2021 01: +0,408.026,6,Desert Eagle | Blaze (Factory New)
Sep 16 2021 01: +0,405.363,7,Desert Eagle | Blaze (Factory New)
Sep 17 2021 01: +0,424.896,3,Desert Eagle | Blaze (Factory New)
Sep 18 2021 01: +0,408.249,5,Desert Eagle | Blaze (Factory New)
Sep 19 2021 01: +0,401.454,3,Desert Eagle | Blaze (Factory New)
Sep 20 2021 01: +0,404.961,3,Desert Eagle | Blaze (Factory New)
Sep 21 2021 01: +0,387.389,10,Desert Eagle | Blaze (Factory New)
Sep 22 2021 01: +0,322.104,29,Desert Eagle | Blaze (Factory New)
Sep 23 2021 01: +0,300.233,11,Desert Eagle | Blaze (Factory New)
Sep 24 2021 01: +0,326.018,10,Desert Eagle | Blaze (Factory New)
Sep 25 2021 01: +0,315.186,12,Desert Eagle | Blaze (Factory New)
Sep 26 2021 01: +0,326.296,10,Desert Eagle | Blaze (Factory New)
Sep 27 2021 01: +0,328.663,6,Desert Eagle | Blaze (Factory New)
Sep 28 2021 01: +0,346.937,6,Desert Eagle | Blaze (Factory New)
Sep 29 2021 01: +0,330.585,10,Desert Eagle | Blaze (Factory New)
Sep 30 2021 01: +0,350.879,11,Desert Eagle | Blaze (Factory New)
Oct 01 2021 01: +0,348.907,7,Desert Eagle | Blaze (Factory New)
Oct 02 2021 01: +0,365.807,6,Desert Eagle | Blaze (Factory New)
Oct 03 2021 01: +0,369.918,8,Desert Eagle | Blaze (Factory New)
Oct 04 2021 01: +0,356.295,5,Desert Eagle | Blaze (Factory New)
Oct 05 2021 01: +0,340.322,7,Desert Eagle | Blaze (Factory New)
Oct 06 2021 01: +0,339.268,8,Desert Eagle | Blaze (Factory New)
Oct 07 2021 01: +0,343.022,7,Desert Eagle | Blaze (Factory New)
Oct 08 2021 01: +0,336.197,6,Desert Eagle | Blaze (Factory New)
Oct 09 2021 01: +0,369.383,10,Desert Eagle | Blaze (Factory New)
Oct 10 2021 01: +0,337.975,5,Desert Eagle | Blaze (Factory New)
Oct 11 2021 01: +0,331.199,4,Desert Eagle | Blaze (Factory New)
Oct 12 2021 01: +0,333.239,14,Desert Eagle | Blaze (Factory New)
Oct 13 2021 01: +0,328.742,4,Desert Eagle | Blaze (Factory New)
Oct 14 2021 01: +0,323.567,6,Desert Eagle | Blaze (Factory New)
Oct 15 2021 01: +0,321.577,10,Desert Eagle | Blaze (Factory New)
Oct 16 2021 01: +0,333.507,11,Desert Eagle | Blaze (Factory New)
Oct 17 2021 01: +0,326.529,4,Desert Eagle | Blaze (Factory New)
Oct 18 2021 01: +0,304.833,6,Desert Eagle | Blaze (Factory New)
Oct 19 2021 01: +0,368.079,4,Desert Eagle | Blaze (Factory New)
Oct 20 2021 01: +0,331.594,6,Desert Eagle | Blaze (Factory New)
Oct 21 2021 01: +0,328.023,5,Desert Eagle | Blaze (Factory New)
Oct 22 2021 01: +0,322.377,10,Desert Eagle | Blaze (Factory New)
Oct 23 2021 01: +0,341.94,4,Desert Eagle | Blaze (Factory New)
Oct 24 2021 01: +0,354.91,7,Desert Eagle | Blaze (Factory New)
Oct 25 2021 01: +0,334.117,5,Desert Eagle | Blaze (Factory New)
Oct 26 2021 01: +0,315.965,5,Desert Eagle | Blaze (Factory New)
Oct 27 2021 01: +0,312.726,4,Desert Eagle | Blaze (Factory New)
Oct 28 2021 01: +0,310.16,1,Desert Eagle | Blaze (Factory New)
Oct 29 2021 01: +0,339.019,9,Desert Eagle | Blaze (Factory New)
Oct 30 2021 01: +0,324.077,5,Desert Eagle | Blaze (Factory New)
Oct 31 2021 01: +0,340.864,5,Desert Eagle | Blaze (Factory New)
Nov 01 2021 01: +0,323.285,7,Desert Eagle | Blaze (Factory New)
Nov 02 2021 01: +0,320.851,6,Desert Eagle | Blaze (Factory New)
Nov 03 2021 01: +0,330.666,10,Desert Eagle | Blaze (Factory New)
Nov 04 2021 01: +0,341.497,10,Desert Eagle | Blaze (Factory New)
Nov 05 2021 01: +0,342.949,11,Desert Eagle | Blaze (Factory New)
Nov 06 2021 01: +0,341.038,13,Desert Eagle | Blaze (Factory New)
Nov 07 2021 01: +0,348.471,13,Desert Eagle | Blaze (Factory New)
Nov 08 2021 01: +0,334.277,8,Desert Eagle | Blaze (Factory New)
Nov 09 2021 01: +0,322.864,5,Desert Eagle | Blaze (Factory New)
Nov 10 2021 01: +0,333.956,9,Desert Eagle | Blaze (Factory New)
Nov 11 2021 01: +0,305.321,8,Desert Eagle | Blaze (Factory New)
Nov 12 2021 01: +0,325.055,6,Desert Eagle | Blaze (Factory New)
Nov 13 2021 01: +0,325.57,5,Desert Eagle | Blaze (Factory New)
Nov 14 2021 01: +0,321.347,6,Desert Eagle | Blaze (Factory New)
Nov 15 2021 01: +0,348.354,6,Desert Eagle | Blaze (Factory New)
Nov 16 2021 01: +0,333.673,7,Desert Eagle | Blaze (Factory New)
Nov 17 2021 01: +0,342.041,5,Desert Eagle | Blaze (Factory New)
Nov 18 2021 01: +0,330.586,5,Desert Eagle | Blaze (Factory New)
Nov 19 2021 01: +0,346.67,5,Desert Eagle | Blaze (Factory New)
Nov 20 2021 01: +0,336.451,5,Desert Eagle | Blaze (Factory New)
Nov 21 2021 01: +0,346.084,6,Desert Eagle | Blaze (Factory New)
Nov 22 2021 01: +0,381.841,3,Desert Eagle | Blaze (Factory New)
Nov 23 2021 01: +0,345.674,3,Desert Eagle | Blaze (Factory New)
Nov 24 2021 01: +0,331.584,5,Desert Eagle | Blaze (Factory New)
Nov 25 2021 01: +0,334.193,10,Desert Eagle | Blaze (Factory New)
Nov 26 2021 01: +0,330.377,5,Desert Eagle | Blaze (Factory New)
Nov 27 2021 01: +0,321.97,6,Desert Eagle | Blaze (Factory New)
Nov 28 2021 01: +0,328.826,4,Desert Eagle | Blaze (Factory New)
Nov 29 2021 01: +0,351.738,3,Desert Eagle | Blaze (Factory New)
Nov 30 2021 01: +0,318.722,3,Desert Eagle | Blaze (Factory New)
Dec 01 2021 01: +0,325.198,7,Desert Eagle | Blaze (Factory New)
Dec 02 2021 01: +0,323.836,3,Desert Eagle | Blaze (Factory New)
Dec 03 2021 01: +0,334.216,5,Desert Eagle | Blaze (Factory New)
Dec 04 2021 01: +0,314.6,6,Desert Eagle | Blaze (Factory New)
Dec 05 2021 01: +0,351.883,7,Desert Eagle | Blaze (Factory New)
Dec 06 2021 01: +0,358.936,4,Desert Eagle | Blaze (Factory New)
Dec 07 2021 01: +0,360.658,8,Desert Eagle | Blaze (Factory New)
Dec 08 2021 01: +0,358.438,6,Desert Eagle | Blaze (Factory New)
Dec 09 2021 01: +0,391.551,2,Desert Eagle | Blaze (Factory New)
Dec 10 2021 01: +0,368.337,10,Desert Eagle | Blaze (Factory New)
Dec 11 2021 01: +0,405.355,8,Desert Eagle | Blaze (Factory New)
Dec 12 2021 01: +0,380.496,7,Desert Eagle | Blaze (Factory New)
Dec 13 2021 01: +0,338.781,4,Desert Eagle | Blaze (Factory New)
Dec 14 2021 01: +0,356.24,5,Desert Eagle | Blaze (Factory New)
Dec 15 2021 01: +0,364.862,3,Desert Eagle | Blaze (Factory New)
Dec 16 2021 01: +0,349.551,5,Desert Eagle | Blaze (Factory New)
Dec 17 2021 01: +0,339.139,2,Desert Eagle | Blaze (Factory New)
Dec 18 2021 01: +0,343.941,3,Desert Eagle | Blaze (Factory New)
Dec 19 2021 01: +0,353.853,6,Desert Eagle | Blaze (Factory New)
Dec 20 2021 01: +0,348.058,9,Desert Eagle | Blaze (Factory New)
Dec 21 2021 01: +0,375.31,3,Desert Eagle | Blaze (Factory New)
Dec 22 2021 01: +0,362.81,5,Desert Eagle | Blaze (Factory New)
Dec 23 2021 01: +0,357.658,6,Desert Eagle | Blaze (Factory New)
Dec 24 2021 01: +0,371.482,7,Desert Eagle | Blaze (Factory New)
Dec 25 2021 01: +0,371.133,5,Desert Eagle | Blaze (Factory New)
Dec 26 2021 01: +0,365.353,3,Desert Eagle | Blaze (Factory New)
Dec 27 2021 01: +0,371.944,4,Desert Eagle | Blaze (Factory New)
Dec 28 2021 01: +0,364.661,6,Desert Eagle | Blaze (Factory New)
Dec 29 2021 01: +0,362.867,4,Desert Eagle | Blaze (Factory New)
Dec 30 2021 01: +0,367.745,8,Desert Eagle | Blaze (Factory New)
Dec 31 2021 01: +0,379.807,6,Desert Eagle | Blaze (Factory New)
Jan 01 2022 01: +0,409.774,1,Desert Eagle | Blaze (Factory New)
Jan 02 2022 01: +0,405.249,5,Desert Eagle | Blaze (Factory New)
Jan 03 2022 01: +0,402.404,4,Desert Eagle | Blaze (Factory New)
Jan 04 2022 01: +0,382.595,2,Desert Eagle | Blaze (Factory New)
Jan 05 2022 01: +0,387.257,5,Desert Eagle | Blaze (Factory New)
Jan 06 2022 01: +0,407.547,1,Desert Eagle | Blaze (Factory New)
Jan 07 2022 01: +0,398.271,8,Desert Eagle | Blaze (Factory New)
Jan 08 2022 01: +0,402.927,7,Desert Eagle | Blaze (Factory New)
Jan 09 2022 01: +0,392.398,4,Desert Eagle | Blaze (Factory New)
Jan 10 2022 01: +0,400.857,5,Desert Eagle | Blaze (Factory New)
Jan 11 2022 01: +0,395.727,8,Desert Eagle | Blaze (Factory New)
Jan 12 2022 01: +0,405.382,2,Desert Eagle | Blaze (Factory New)
Jan 13 2022 01: +0,440.916,8,Desert Eagle | Blaze (Factory New)
Jan 14 2022 01: +0,392.524,6,Desert Eagle | Blaze (Factory New)
Jan 15 2022 01: +0,409.323,9,Desert Eagle | Blaze (Factory New)
Jan 16 2022 01: +0,421.651,3,Desert Eagle | Blaze (Factory New)
Jan 17 2022 01: +0,418.56,3,Desert Eagle | Blaze (Factory New)
Jan 18 2022 01: +0,406.414,7,Desert Eagle | Blaze (Factory New)
Jan 19 2022 01: +0,419.955,10,Desert Eagle | Blaze (Factory New)
Jan 20 2022 01: +0,408.974,7,Desert Eagle | Blaze (Factory New)
Jan 21 2022 01: +0,400.725,3,Desert Eagle | Blaze (Factory New)
Jan 22 2022 01: +0,382.683,5,Desert Eagle | Blaze (Factory New)
Jan 23 2022 01: +0,417.636,9,Desert Eagle | Blaze (Factory New)
Jan 24 2022 01: +0,383.576,3,Desert Eagle | Blaze (Factory New)
Jan 25 2022 01: +0,384.817,8,Desert Eagle | Blaze (Factory New)
Jan 26 2022 01: +0,397.024,5,Desert Eagle | Blaze (Factory New)
Jan 27 2022 01: +0,396.866,5,Desert Eagle | Blaze (Factory New)
Jan 28 2022 01: +0,383.037,6,Desert Eagle | Blaze (Factory New)
Jan 29 2022 01: +0,406.867,8,Desert Eagle | Blaze (Factory New)
Jan 30 2022 01: +0,390.23,6,Desert Eagle | Blaze (Factory New)
Jan 31 2022 01: +0,405.83,13,Desert Eagle | Blaze (Factory New)
Feb 01 2022 01: +0,393.189,4,Desert Eagle | Blaze (Factory New)
Feb 02 2022 01: +0,404.746,8,Desert Eagle | Blaze (Factory New)
Feb 03 2022 01: +0,391.448,8,Desert Eagle | Blaze (Factory New)
Feb 04 2022 01: +0,400.117,10,Desert Eagle | Blaze (Factory New)
Feb 05 2022 01: +0,402.869,5,Desert Eagle | Blaze (Factory New)
Feb 06 2022 01: +0,396.938,4,Desert Eagle | Blaze (Factory New)
Feb 07 2022 01: +0,392.095,6,Desert Eagle | Blaze (Factory New)
Feb 08 2022 01: +0,423.621,3,Desert Eagle | Blaze (Factory New)
Feb 09 2022 01: +0,378.986,3,Desert Eagle | Blaze (Factory New)
Feb 10 2022 01: +0,377.709,6,Desert Eagle | Blaze (Factory New)
Feb 11 2022 01: +0,378.163,2,Desert Eagle | Blaze (Factory New)
Feb 12 2022 01: +0,380.223,6,Desert Eagle | Blaze (Factory New)
Feb 13 2022 01: +0,401.761,5,Desert Eagle | Blaze (Factory New)
Feb 14 2022 01: +0,378.167,2,Desert Eagle | Blaze (Factory New)
Feb 15 2022 01: +0,382.603,6,Desert Eagle | Blaze (Factory New)
Feb 16 2022 01: +0,385.01,5,Desert Eagle | Blaze (Factory New)
Feb 17 2022 01: +0,391.268,4,Desert Eagle | Blaze (Factory New)
Feb 18 2022 01: +0,391.402,2,Desert Eagle | Blaze (Factory New)
Feb 19 2022 01: +0,394.024,4,Desert Eagle | Blaze (Factory New)
Feb 20 2022 01: +0,393.111,6,Desert Eagle | Blaze (Factory New)
Feb 21 2022 01: +0,386.514,2,Desert Eagle | Blaze (Factory New)
Feb 22 2022 01: +0,391.387,4,Desert Eagle | Blaze (Factory New)
Feb 23 2022 01: +0,392.488,8,Desert Eagle | Blaze (Factory New)
Feb 24 2022 01: +0,392.76,4,Desert Eagle | Blaze (Factory New)
Feb 25 2022 01: +0,410.013,4,Desert Eagle | Blaze (Factory New)
Feb 26 2022 01: +0,399.379,10,Desert Eagle | Blaze (Factory New)
Feb 27 2022 01: +0,403.927,4,Desert Eagle | Blaze (Factory New)
Feb 28 2022 01: +0,453.904,6,Desert Eagle | Blaze (Factory New)
Mar 01 2022 01: +0,408.912,6,Desert Eagle | Blaze (Factory New)
Mar 02 2022 01: +0,411.572,4,Desert Eagle | Blaze (Factory New)
Mar 03 2022 01: +0,399.302,6,Desert Eagle | Blaze (Factory New)
Mar 04 2022 01: +0,422.691,4,Desert Eagle | Blaze (Factory New)
Mar 05 2022 01: +0,415.003,8,Desert Eagle | Blaze (Factory New)
Mar 06 2022 01: +0,422.008,3,Desert Eagle | Blaze (Factory New)
Mar 07 2022 01: +0,399.082,6,Desert Eagle | Blaze (Factory New)
Mar 08 2022 01: +0,417.163,4,Desert Eagle | Blaze (Factory New)
Mar 09 2022 01: +0,440.21,6,Desert Eagle | Blaze (Factory New)
Mar 10 2022 01: +0,409.638,6,Desert Eagle | Blaze (Factory New)
Mar 11 2022 01: +0,412.609,5,Desert Eagle | Blaze (Factory New)
Mar 12 2022 01: +0,410.901,4,Desert Eagle | Blaze (Factory New)
Mar 13 2022 01: +0,444.237,6,Desert Eagle | Blaze (Factory New)
Mar 14 2022 01: +0,413.956,6,Desert Eagle | Blaze (Factory New)
Mar 15 2022 01: +0,422.962,6,Desert Eagle | Blaze (Factory New)
Mar 16 2022 01: +0,410.909,5,Desert Eagle | Blaze (Factory New)
Mar 17 2022 01: +0,439.131,2,Desert Eagle | Blaze (Factory New)
Mar 18 2022 01: +0,434.958,6,Desert Eagle | Blaze (Factory New)
Mar 19 2022 01: +0,423.103,8,Desert Eagle | Blaze (Factory New)
Mar 20 2022 01: +0,418.577,5,Desert Eagle | Blaze (Factory New)
Mar 21 2022 01: +0,446.788,7,Desert Eagle | Blaze (Factory New)
Mar 22 2022 01: +0,442.576,4,Desert Eagle | Blaze (Factory New)
Mar 23 2022 01: +0,430.657,4,Desert Eagle | Blaze (Factory New)
Mar 24 2022 01: +0,419.269,7,Desert Eagle | Blaze (Factory New)
Mar 25 2022 01: +0,428.966,6,Desert Eagle | Blaze (Factory New)
Mar 26 2022 01: +0,432.067,6,Desert Eagle | Blaze (Factory New)
Mar 27 2022 01: +0,413.015,5,Desert Eagle | Blaze (Factory New)
Mar 28 2022 01: +0,434.318,6,Desert Eagle | Blaze (Factory New)
Mar 29 2022 01: +0,465.376,3,Desert Eagle | Blaze (Factory New)
Mar 30 2022 01: +0,426.79,6,Desert Eagle | Blaze (Factory New)
Mar 31 2022 01: +0,456.962,5,Desert Eagle | Blaze (Factory New)
Apr 01 2022 01: +0,436.831,5,Desert Eagle | Blaze (Factory New)
Apr 02 2022 01: +0,442.973,4,Desert Eagle | Blaze (Factory New)
Apr 03 2022 01: +0,484.694,5,Desert Eagle | Blaze (Factory New)
Apr 04 2022 01: +0,473.914,2,Desert Eagle | Blaze (Factory New)
Apr 05 2022 01: +0,509.439,1,Desert Eagle | Blaze (Factory New)
Apr 06 2022 01: +0,459.765,2,Desert Eagle | Blaze (Factory New)
Apr 07 2022 01: +0,468.127,4,Desert Eagle | Blaze (Factory New)
Apr 08 2022 01: +0,448.368,5,Desert Eagle | Blaze (Factory New)
Apr 09 2022 01: +0,467.275,9,Desert Eagle | Blaze (Factory New)
Apr 10 2022 01: +0,460.127,3,Desert Eagle | Blaze (Factory New)
Apr 11 2022 01: +0,463.081,4,Desert Eagle | Blaze (Factory New)
Apr 12 2022 01: +0,448.461,1,Desert Eagle | Blaze (Factory New)
Apr 13 2022 01: +0,442.095,3,Desert Eagle | Blaze (Factory New)
Apr 14 2022 01: +0,458.711,4,Desert Eagle | Blaze (Factory New)
Apr 15 2022 01: +0,455.387,2,Desert Eagle | Blaze (Factory New)
Apr 16 2022 01: +0,451.661,5,Desert Eagle | Blaze (Factory New)
Apr 17 2022 01: +0,459.394,10,Desert Eagle | Blaze (Factory New)
Apr 18 2022 01: +0,461.461,4,Desert Eagle | Blaze (Factory New)
Apr 19 2022 01: +0,461.627,2,Desert Eagle | Blaze (Factory New)
Apr 20 2022 01: +0,448.005,6,Desert Eagle | Blaze (Factory New)
Apr 21 2022 01: +0,455.463,2,Desert Eagle | Blaze (Factory New)
Apr 22 2022 01: +0,460.032,5,Desert Eagle | Blaze (Factory New)
Apr 23 2022 01: +0,453.51,2,Desert Eagle | Blaze (Factory New)
Apr 24 2022 01: +0,473.018,4,Desert Eagle | Blaze (Factory New)
Apr 25 2022 01: +0,478.447,7,Desert Eagle | Blaze (Factory New)
Apr 26 2022 01: +0,477.695,7,Desert Eagle | Blaze (Factory New)
Apr 27 2022 01: +0,451.896,5,Desert Eagle | Blaze (Factory New)
Apr 28 2022 01: +0,444.899,4,Desert Eagle | Blaze (Factory New)
Apr 29 2022 01: +0,379.174,5,Desert Eagle | Blaze (Factory New)
Apr 30 2022 01: +0,458.719,6,Desert Eagle | Blaze (Factory New)
May 01 2022 01: +0,444.052,4,Desert Eagle | Blaze (Factory New)
May 02 2022 01: +0,451.095,7,Desert Eagle | Blaze (Factory New)
May 03 2022 01: +0,440.364,3,Desert Eagle | Blaze (Factory New)
May 04 2022 01: +0,454.198,5,Desert Eagle | Blaze (Factory New)
May 05 2022 01: +0,459.617,2,Desert Eagle | Blaze (Factory New)
May 06 2022 01: +0,453.089,5,Desert Eagle | Blaze (Factory New)
May 07 2022 01: +0,446.134,4,Desert Eagle | Blaze (Factory New)
May 08 2022 01: +0,497.891,2,Desert Eagle | Blaze (Factory New)
May 09 2022 01: +0,467.21,2,Desert Eagle | Blaze (Factory New)
May 10 2022 01: +0,461.917,2,Desert Eagle | Blaze (Factory New)
May 12 2022 01: +0,466.993,1,Desert Eagle | Blaze (Factory New)
May 13 2022 01: +0,429.076,4,Desert Eagle | Blaze (Factory New)
May 14 2022 01: +0,376.916,8,Desert Eagle | Blaze (Factory New)
May 15 2022 01: +0,440.541,3,Desert Eagle | Blaze (Factory New)
May 16 2022 01: +0,427.727,5,Desert Eagle | Blaze (Factory New)
May 17 2022 01: +0,431.491,7,Desert Eagle | Blaze (Factory New)
May 18 2022 01: +0,430.054,2,Desert Eagle | Blaze (Factory New)
May 19 2022 01: +0,427.695,5,Desert Eagle | Blaze (Factory New)
May 20 2022 01: +0,444.383,3,Desert Eagle | Blaze (Factory New)
May 21 2022 01: +0,430.194,1,Desert Eagle | Blaze (Factory New)
May 22 2022 01: +0,422.883,5,Desert Eagle | Blaze (Factory New)
May 23 2022 01: +0,432.388,4,Desert Eagle | Blaze (Factory New)
May 24 2022 01: +0,453.898,2,Desert Eagle | Blaze (Factory New)
May 25 2022 01: +0,440.546,3,Desert Eagle | Blaze (Factory New)
May 26 2022 01: +0,433.192,2,Desert Eagle | Blaze (Factory New)
May 27 2022 01: +0,436.232,5,Desert Eagle | Blaze (Factory New)
May 28 2022 01: +0,436.42,6,Desert Eagle | Blaze (Factory New)
May 29 2022 01: +0,424.639,4,Desert Eagle | Blaze (Factory New)
May 30 2022 01: +0,468.642,6,Desert Eagle | Blaze (Factory New)
May 31 2022 01: +0,416.87,5,Desert Eagle | Blaze (Factory New)
Jun 01 2022 01: +0,429.16,6,Desert Eagle | Blaze (Factory New)
Jun 02 2022 01: +0,454.065,2,Desert Eagle | Blaze (Factory New)
Jun 03 2022 01: +0,435.965,5,Desert Eagle | Blaze (Factory New)
Jun 04 2022 01: +0,435.815,3,Desert Eagle | Blaze (Factory New)
Jun 05 2022 01: +0,435.942,5,Desert Eagle | Blaze (Factory New)
Jun 06 2022 01: +0,436.724,6,Desert Eagle | Blaze (Factory New)
Jun 07 2022 01: +0,438.915,3,Desert Eagle | Blaze (Factory New)
Jun 08 2022 01: +0,447.662,4,Desert Eagle | Blaze (Factory New)
Jun 09 2022 01: +0,429.676,1,Desert Eagle | Blaze (Factory New)
Jun 10 2022 01: +0,438.479,5,Desert Eagle | Blaze (Factory New)
Jun 11 2022 01: +0,435.719,5,Desert Eagle | Blaze (Factory New)
Jun 12 2022 01: +0,421.863,3,Desert Eagle | Blaze (Factory New)
Jun 13 2022 01: +0,441.537,1,Desert Eagle | Blaze (Factory New)
Jun 14 2022 01: +0,424.517,7,Desert Eagle | Blaze (Factory New)
Jun 15 2022 01: +0,443.856,3,Desert Eagle | Blaze (Factory New)
Jun 16 2022 01: +0,423.847,5,Desert Eagle | Blaze (Factory New)
Jun 17 2022 01: +0,402.359,3,Desert Eagle | Blaze (Factory New)
Jun 18 2022 01: +0,413.128,2,Desert Eagle | Blaze (Factory New)
Jun 19 2022 01: +0,415.752,3,Desert Eagle | Blaze (Factory New)
Jun 20 2022 01: +0,410.057,3,Desert Eagle | Blaze (Factory New)
Jun 21 2022 01: +0,419.633,3,Desert Eagle | Blaze (Factory New)
Jun 22 2022 01: +0,418.773,7,Desert Eagle | Blaze (Factory New)
Jun 23 2022 01: +0,368.843,3,Desert Eagle | Blaze (Factory New)
Jun 25 2022 01: +0,411.119,1,Desert Eagle | Blaze (Factory New)
Jun 26 2022 01: +0,413.204,5,Desert Eagle | Blaze (Factory New)
Jun 27 2022 01: +0,422.447,5,Desert Eagle | Blaze (Factory New)
Jun 28 2022 01: +0,421.779,5,Desert Eagle | Blaze (Factory New)
Jun 29 2022 01: +0,408.288,1,Desert Eagle | Blaze (Factory New)
Jun 30 2022 01: +0,413.142,3,Desert Eagle | Blaze (Factory New)
Jul 01 2022 01: +0,452.598,7,Desert Eagle | Blaze (Factory New)
Jul 02 2022 01: +0,412.045,13,Desert Eagle | Blaze (Factory New)
Jul 03 2022 01: +0,418.965,8,Desert Eagle | Blaze (Factory New)
Jul 04 2022 01: +0,417.518,6,Desert Eagle | Blaze (Factory New)
Jul 05 2022 01: +0,413.905,6,Desert Eagle | Blaze (Factory New)
Jul 06 2022 01: +0,419.479,1,Desert Eagle | Blaze (Factory New)
Jul 07 2022 01: +0,423.72,8,Desert Eagle | Blaze (Factory New)
Jul 08 2022 01: +0,425.78,5,Desert Eagle | Blaze (Factory New)
Jul 09 2022 01: +0,437.843,3,Desert Eagle | Blaze (Factory New)
Jul 10 2022 01: +0,404.737,4,Desert Eagle | Blaze (Factory New)
Jul 12 2022 01: +0,415.454,4,Desert Eagle | Blaze (Factory New)
Jul 13 2022 01: +0,416.688,3,Desert Eagle | Blaze (Factory New)
Jul 14 2022 01: +0,440.493,7,Desert Eagle | Blaze (Factory New)
Jul 15 2022 01: +0,440.064,5,Desert Eagle | Blaze (Factory New)
Jul 16 2022 01: +0,450.729,2,Desert Eagle | Blaze (Factory New)
Jul 17 2022 01: +0,436.321,5,Desert Eagle | Blaze (Factory New)
Jul 18 2022 01: +0,426.506,9,Desert Eagle | Blaze (Factory New)
Jul 19 2022 01: +0,422.907,4,Desert Eagle | Blaze (Factory New)
Jul 20 2022 01: +0,427.622,1,Desert Eagle | Blaze (Factory New)
Jul 21 2022 01: +0,432.285,6,Desert Eagle | Blaze (Factory New)
Jul 22 2022 01: +0,432.385,1,Desert Eagle | Blaze (Factory New)
Jul 23 2022 01: +0,432.64,2,Desert Eagle | Blaze (Factory New)
Jul 24 2022 01: +0,437.029,4,Desert Eagle | Blaze (Factory New)
Jul 25 2022 01: +0,438.198,9,Desert Eagle | Blaze (Factory New)
Jul 26 2022 01: +0,437.881,5,Desert Eagle | Blaze (Factory New)
Jul 27 2022 01: +0,432.546,6,Desert Eagle | Blaze (Factory New)
Jul 28 2022 01: +0,468.801,2,Desert Eagle | Blaze (Factory New)
Jul 29 2022 01: +0,425.908,5,Desert Eagle | Blaze (Factory New)
Jul 30 2022 01: +0,433.054,4,Desert Eagle | Blaze (Factory New)
Jul 31 2022 01: +0,437.234,7,Desert Eagle | Blaze (Factory New)
Aug 01 2022 01: +0,461.975,3,Desert Eagle | Blaze (Factory New)
Aug 02 2022 01: +0,454.616,3,Desert Eagle | Blaze (Factory New)
Aug 03 2022 01: +0,434.492,3,Desert Eagle | Blaze (Factory New)
Aug 04 2022 01: +0,451.838,3,Desert Eagle | Blaze (Factory New)
Aug 05 2022 01: +0,492.423,1,Desert Eagle | Blaze (Factory New)
Aug 06 2022 01: +0,445.142,2,Desert Eagle | Blaze (Factory New)
Aug 07 2022 01: +0,490.779,1,Desert Eagle | Blaze (Factory New)
Aug 08 2022 01: +0,451.51,3,Desert Eagle | Blaze (Factory New)
Aug 09 2022 01: +0,447.607,4,Desert Eagle | Blaze (Factory New)
Aug 10 2022 01: +0,449.99,5,Desert Eagle | Blaze (Factory New)
Aug 11 2022 01: +0,439.254,3,Desert Eagle | Blaze (Factory New)
Aug 12 2022 01: +0,459.536,3,Desert Eagle | Blaze (Factory New)
Aug 13 2022 01: +0,474.073,7,Desert Eagle | Blaze (Factory New)
Aug 14 2022 01: +0,504.352,4,Desert Eagle | Blaze (Factory New)
Aug 15 2022 01: +0,444.917,1,Desert Eagle | Blaze (Factory New)
Aug 16 2022 01: +0,436.465,2,Desert Eagle | Blaze (Factory New)
Aug 17 2022 01: +0,444.934,3,Desert Eagle | Blaze (Factory New)
Aug 18 2022 01: +0,449.927,9,Desert Eagle | Blaze (Factory New)
Aug 19 2022 01: +0,444.469,3,Desert Eagle | Blaze (Factory New)
Aug 20 2022 01: +0,445.452,3,Desert Eagle | Blaze (Factory New)
Aug 21 2022 01: +0,470.364,3,Desert Eagle | Blaze (Factory New)
Aug 22 2022 01: +0,458.938,3,Desert Eagle | Blaze (Factory New)
Aug 23 2022 01: +0,446.238,7,Desert Eagle | Blaze (Factory New)
Aug 24 2022 01: +0,444.25,3,Desert Eagle | Blaze (Factory New)
Aug 25 2022 01: +0,475.504,2,Desert Eagle | Blaze (Factory New)
Aug 26 2022 01: +0,486.345,4,Desert Eagle | Blaze (Factory New)
Aug 27 2022 01: +0,435.143,7,Desert Eagle | Blaze (Factory New)
Aug 28 2022 01: +0,434.567,3,Desert Eagle | Blaze (Factory New)
Aug 29 2022 01: +0,434.491,1,Desert Eagle | Blaze (Factory New)
Aug 31 2022 01: +0,435.258,4,Desert Eagle | Blaze (Factory New)
Sep 01 2022 01: +0,433.533,4,Desert Eagle | Blaze (Factory New)
Sep 02 2022 01: +0,443.811,4,Desert Eagle | Blaze (Factory New)
Sep 03 2022 01: +0,437.857,6,Desert Eagle | Blaze (Factory New)
Sep 04 2022 01: +0,439.217,4,Desert Eagle | Blaze (Factory New)
Sep 05 2022 01: +0,440.395,6,Desert Eagle | Blaze (Factory New)
Sep 06 2022 01: +0,433.287,7,Desert Eagle | Blaze (Factory New)
Sep 07 2022 01: +0,434.718,6,Desert Eagle | Blaze (Factory New)
Sep 08 2022 01: +0,429.119,9,Desert Eagle | Blaze (Factory New)
Sep 09 2022 01: +0,453.576,3,Desert Eagle | Blaze (Factory New)
Sep 10 2022 01: +0,438.618,2,Desert Eagle | Blaze (Factory New)
Sep 11 2022 01: +0,390.912,3,Desert Eagle | Blaze (Factory New)
Sep 12 2022 01: +0,430.776,3,Desert Eagle | Blaze (Factory New)
Sep 13 2022 01: +0,431.16,3,Desert Eagle | Blaze (Factory New)
Sep 14 2022 01: +0,392.355,3,Desert Eagle | Blaze (Factory New)
Sep 15 2022 01: +0,428.578,3,Desert Eagle | Blaze (Factory New)
Sep 16 2022 01: +0,429.02,6,Desert Eagle | Blaze (Factory New)
Sep 17 2022 01: +0,429.13,8,Desert Eagle | Blaze (Factory New)
Sep 18 2022 01: +0,414.911,1,Desert Eagle | Blaze (Factory New)
Sep 19 2022 01: +0,413.179,3,Desert Eagle | Blaze (Factory New)
Sep 20 2022 01: +0,448.798,1,Desert Eagle | Blaze (Factory New)
Sep 21 2022 01: +0,359.092,3,Desert Eagle | Blaze (Factory New)
Sep 22 2022 01: +0,396.238,3,Desert Eagle | Blaze (Factory New)
Sep 23 2022 01: +0,395.713,5,Desert Eagle | Blaze (Factory New)
Sep 24 2022 01: +0,409.299,7,Desert Eagle | Blaze (Factory New)
Sep 25 2022 01: +0,419.907,3,Desert Eagle | Blaze (Factory New)
Sep 26 2022 01: +0,399.483,4,Desert Eagle | Blaze (Factory New)
Sep 27 2022 01: +0,401.55,3,Desert Eagle | Blaze (Factory New)
Sep 28 2022 01: +0,398.249,3,Desert Eagle | Blaze (Factory New)
Sep 29 2022 01: +0,399.674,2,Desert Eagle | Blaze (Factory New)
Sep 30 2022 01: +0,404.442,2,Desert Eagle | Blaze (Factory New)
Oct 01 2022 01: +0,406.826,11,Desert Eagle | Blaze (Factory New)
Oct 02 2022 01: +0,403.903,6,Desert Eagle | Blaze (Factory New)
Oct 03 2022 01: +0,416.556,4,Desert Eagle | Blaze (Factory New)
Oct 04 2022 01: +0,526.057,6,Desert Eagle | Blaze (Factory New)
Oct 05 2022 01: +0,424.602,4,Desert Eagle | Blaze (Factory New)
Oct 06 2022 01: +0,416.187,4,Desert Eagle | Blaze (Factory New)
Oct 07 2022 01: +0,423.541,6,Desert Eagle | Blaze (Factory New)
Oct 08 2022 01: +0,425.809,8,Desert Eagle | Blaze (Factory New)
Oct 09 2022 01: +0,430.399,3,Desert Eagle | Blaze (Factory New)
Oct 10 2022 01: +0,430.436,3,Desert Eagle | Blaze (Factory New)
Oct 11 2022 01: +0,431.659,4,Desert Eagle | Blaze (Factory New)
Oct 12 2022 01: +0,438.573,5,Desert Eagle | Blaze (Factory New)
Oct 13 2022 01: +0,432.337,5,Desert Eagle | Blaze (Factory New)
Oct 14 2022 01: +0,453.07,5,Desert Eagle | Blaze (Factory New)
Oct 15 2022 01: +0,450.78,2,Desert Eagle | Blaze (Factory New)
Oct 16 2022 01: +0,461.827,8,Desert Eagle | Blaze (Factory New)
Oct 17 2022 01: +0,456.669,4,Desert Eagle | Blaze (Factory New)
Oct 18 2022 01: +0,428.099,5,Desert Eagle | Blaze (Factory New)
Oct 19 2022 01: +0,427.46,1,Desert Eagle | Blaze (Factory New)
Oct 20 2022 01: +0,427.367,2,Desert Eagle | Blaze (Factory New)
Oct 21 2022 01: +0,427.572,8,Desert Eagle | Blaze (Factory New)
Oct 22 2022 01: +0,406.693,2,Desert Eagle | Blaze (Factory New)
Oct 23 2022 01: +0,400.267,3,Desert Eagle | Blaze (Factory New)
Oct 24 2022 01: +0,402.813,5,Desert Eagle | Blaze (Factory New)
Oct 25 2022 01: +0,412.216,8,Desert Eagle | Blaze (Factory New)
Oct 26 2022 01: +0,399.101,2,Desert Eagle | Blaze (Factory New)
Oct 27 2022 01: +0,423.14,3,Desert Eagle | Blaze (Factory New)
Oct 29 2022 01: +0,445.963,2,Desert Eagle | Blaze (Factory New)
Oct 31 2022 01: +0,404.081,5,Desert Eagle | Blaze (Factory New)
Nov 01 2022 01: +0,466.502,2,Desert Eagle | Blaze (Factory New)
Nov 02 2022 01: +0,403.124,5,Desert Eagle | Blaze (Factory New)
Nov 03 2022 01: +0,554.572,1,Desert Eagle | Blaze (Factory New)
Nov 04 2022 01: +0,452.056,2,Desert Eagle | Blaze (Factory New)
Nov 05 2022 01: +0,445.884,3,Desert Eagle | Blaze (Factory New)
Nov 06 2022 01: +0,422.357,4,Desert Eagle | Blaze (Factory New)
Nov 07 2022 01: +0,442.203,3,Desert Eagle | Blaze (Factory New)
Nov 08 2022 01: +0,431.114,3,Desert Eagle | Blaze (Factory New)
Nov 09 2022 01: +0,424.506,2,Desert Eagle | Blaze (Factory New)
Nov 10 2022 01: +0,429.509,5,Desert Eagle | Blaze (Factory New)
Nov 12 2022 01: +0,419.686,4,Desert Eagle | Blaze (Factory New)
Nov 13 2022 01: +0,418.8,1,Desert Eagle | Blaze (Factory New)
Nov 14 2022 01: +0,422.25,4,Desert Eagle | Blaze (Factory New)
Nov 15 2022 01: +0,417.823,1,Desert Eagle | Blaze (Factory New)
Nov 16 2022 01: +0,406.504,4,Desert Eagle | Blaze (Factory New)
Nov 17 2022 01: +0,423.388,4,Desert Eagle | Blaze (Factory New)
Nov 18 2022 01: +0,419.875,2,Desert Eagle | Blaze (Factory New)
Nov 19 2022 01: +0,416.04,2,Desert Eagle | Blaze (Factory New)
Nov 20 2022 01: +0,427.048,3,Desert Eagle | Blaze (Factory New)
Nov 21 2022 01: +0,387.108,5,Desert Eagle | Blaze (Factory New)
Nov 22 2022 01: +0,399.538,2,Desert Eagle | Blaze (Factory New)
Nov 23 2022 01: +0,409.227,3,Desert Eagle | Blaze (Factory New)
Nov 24 2022 01: +0,405.152,5,Desert Eagle | Blaze (Factory New)
Nov 25 2022 01: +0,477.657,4,Desert Eagle | Blaze (Factory New)
Nov 26 2022 01: +0,400.675,3,Desert Eagle | Blaze (Factory New)
Nov 27 2022 01: +0,415.718,2,Desert Eagle | Blaze (Factory New)
Nov 28 2022 01: +0,394.301,3,Desert Eagle | Blaze (Factory New)
Nov 29 2022 01: +0,407.943,5,Desert Eagle | Blaze (Factory New)
Nov 30 2022 01: +0,406.771,3,Desert Eagle | Blaze (Factory New)
Dec 01 2022 01: +0,417.199,9,Desert Eagle | Blaze (Factory New)
Dec 02 2022 01: +0,427.915,2,Desert Eagle | Blaze (Factory New)
Dec 03 2022 01: +0,423.877,3,Desert Eagle | Blaze (Factory New)
Dec 04 2022 01: +0,427.121,3,Desert Eagle | Blaze (Factory New)
Dec 05 2022 01: +0,432.674,6,Desert Eagle | Blaze (Factory New)
Dec 06 2022 01: +0,423.33,5,Desert Eagle | Blaze (Factory New)
Dec 07 2022 01: +0,433.26,5,Desert Eagle | Blaze (Factory New)
Dec 08 2022 01: +0,427.62,5,Desert Eagle | Blaze (Factory New)
Dec 09 2022 01: +0,443.698,2,Desert Eagle | Blaze (Factory New)
Dec 10 2022 01: +0,468.459,3,Desert Eagle | Blaze (Factory New)
Dec 11 2022 01: +0,430.288,1,Desert Eagle | Blaze (Factory New)
Dec 12 2022 01: +0,453.153,2,Desert Eagle | Blaze (Factory New)
Dec 13 2022 01: +0,428.167,3,Desert Eagle | Blaze (Factory New)
Dec 14 2022 01: +0,444.068,2,Desert Eagle | Blaze (Factory New)
Dec 15 2022 01: +0,429.484,3,Desert Eagle | Blaze (Factory New)
Dec 16 2022 01: +0,444.296,3,Desert Eagle | Blaze (Factory New)
Dec 17 2022 01: +0,493.858,3,Desert Eagle | Blaze (Factory New)
Dec 18 2022 01: +0,444.361,2,Desert Eagle | Blaze (Factory New)
Dec 19 2022 01: +0,472.364,4,Desert Eagle | Blaze (Factory New)
Dec 20 2022 01: +0,432.15,3,Desert Eagle | Blaze (Factory New)
Dec 21 2022 01: +0,416.547,5,Desert Eagle | Blaze (Factory New)
Dec 22 2022 01: +0,443.861,3,Desert Eagle | Blaze (Factory New)
Dec 23 2022 01: +0,438.983,6,Desert Eagle | Blaze (Factory New)
Dec 24 2022 01: +0,440.875,7,Desert Eagle | Blaze (Factory New)
Dec 25 2022 01: +0,431.196,2,Desert Eagle | Blaze (Factory New)
Dec 26 2022 01: +0,437.281,3,Desert Eagle | Blaze (Factory New)
Dec 27 2022 01: +0,485.44,4,Desert Eagle | Blaze (Factory New)
Dec 28 2022 01: +0,454.03,4,Desert Eagle | Blaze (Factory New)
Dec 29 2022 01: +0,451.595,5,Desert Eagle | Blaze (Factory New)
Dec 30 2022 01: +0,433.85,2,Desert Eagle | Blaze (Factory New)
Dec 31 2022 01: +0,426.221,1,Desert Eagle | Blaze (Factory New)
Jan 01 2023 01: +0,430.631,5,Desert Eagle | Blaze (Factory New)
Jan 02 2023 01: +0,402.001,2,Desert Eagle | Blaze (Factory New)
Jan 05 2023 01: +0,418.715,2,Desert Eagle | Blaze (Factory New)
Jan 06 2023 01: +0,450.689,5,Desert Eagle | Blaze (Factory New)
Jan 07 2023 01: +0,450.363,6,Desert Eagle | Blaze (Factory New)
Jan 08 2023 01: +0,451.126,6,Desert Eagle | Blaze (Factory New)
Jan 09 2023 01: +0,449.766,3,Desert Eagle | Blaze (Factory New)
Jan 10 2023 01: +0,474.29,1,Desert Eagle | Blaze (Factory New)
Jan 11 2023 01: +0,443.741,2,Desert Eagle | Blaze (Factory New)
Jan 12 2023 01: +0,477.297,1,Desert Eagle | Blaze (Factory New)
Jan 13 2023 01: +0,482.916,4,Desert Eagle | Blaze (Factory New)
Jan 14 2023 01: +0,510.158,2,Desert Eagle | Blaze (Factory New)
Jan 15 2023 01: +0,527.071,1,Desert Eagle | Blaze (Factory New)
Jan 18 2023 01: +0,499.665,3,Desert Eagle | Blaze (Factory New)
Jan 19 2023 01: +0,456.168,3,Desert Eagle | Blaze (Factory New)
Jan 20 2023 01: +0,461.435,3,Desert Eagle | Blaze (Factory New)
Jan 21 2023 01: +0,461.356,3,Desert Eagle | Blaze (Factory New)
Jan 22 2023 01: +0,441.498,3,Desert Eagle | Blaze (Factory New)
Jan 23 2023 01: +0,455.994,2,Desert Eagle | Blaze (Factory New)
Jan 24 2023 01: +0,440.876,4,Desert Eagle | Blaze (Factory New)
Jan 25 2023 01: +0,445.344,6,Desert Eagle | Blaze (Factory New)
Jan 26 2023 01: +0,463.9,2,Desert Eagle | Blaze (Factory New)
Jan 27 2023 01: +0,432.228,2,Desert Eagle | Blaze (Factory New)
Jan 28 2023 01: +0,448.546,4,Desert Eagle | Blaze (Factory New)
Jan 29 2023 01: +0,494.322,2,Desert Eagle | Blaze (Factory New)
Jan 30 2023 01: +0,487.892,4,Desert Eagle | Blaze (Factory New)
Feb 02 2023 01: +0,469.577,2,Desert Eagle | Blaze (Factory New)
Feb 03 2023 01: +0,455.278,1,Desert Eagle | Blaze (Factory New)
Feb 04 2023 01: +0,487.407,6,Desert Eagle | Blaze (Factory New)
Feb 05 2023 01: +0,473.734,5,Desert Eagle | Blaze (Factory New)
Feb 06 2023 01: +0,461.658,5,Desert Eagle | Blaze (Factory New)
Feb 07 2023 01: +0,458.501,4,Desert Eagle | Blaze (Factory New)
Feb 08 2023 01: +0,469.46,7,Desert Eagle | Blaze (Factory New)
Feb 09 2023 01: +0,464.047,1,Desert Eagle | Blaze (Factory New)
Feb 10 2023 01: +0,489.7,8,Desert Eagle | Blaze (Factory New)
Feb 11 2023 01: +0,478.818,3,Desert Eagle | Blaze (Factory New)
Feb 12 2023 01: +0,483.861,7,Desert Eagle | Blaze (Factory New)
Feb 13 2023 01: +0,477.637,4,Desert Eagle | Blaze (Factory New)
Feb 14 2023 01: +0,496.32,5,Desert Eagle | Blaze (Factory New)
Feb 15 2023 01: +0,497.993,2,Desert Eagle | Blaze (Factory New)
Feb 16 2023 01: +0,503.211,5,Desert Eagle | Blaze (Factory New)
Feb 17 2023 01: +0,489.293,5,Desert Eagle | Blaze (Factory New)
Feb 18 2023 01: +0,492.568,5,Desert Eagle | Blaze (Factory New)
Feb 19 2023 01: +0,483.975,1,Desert Eagle | Blaze (Factory New)
Feb 20 2023 01: +0,484.906,3,Desert Eagle | Blaze (Factory New)
Feb 21 2023 01: +0,483.71,6,Desert Eagle | Blaze (Factory New)
Feb 22 2023 01: +0,481.897,4,Desert Eagle | Blaze (Factory New)
Feb 23 2023 01: +0,497.242,6,Desert Eagle | Blaze (Factory New)
Feb 24 2023 01: +0,487.206,4,Desert Eagle | Blaze (Factory New)
Feb 25 2023 01: +0,484.018,2,Desert Eagle | Blaze (Factory New)
Feb 26 2023 01: +0,528.188,4,Desert Eagle | Blaze (Factory New)
Feb 27 2023 01: +0,507.622,1,Desert Eagle | Blaze (Factory New)
Feb 28 2023 01: +0,560.622,4,Desert Eagle | Blaze (Factory New)
Mar 01 2023 01: +0,515.053,4,Desert Eagle | Blaze (Factory New)
Mar 02 2023 01: +0,497.425,5,Desert Eagle | Blaze (Factory New)
Mar 03 2023 01: +0,517.799,3,Desert Eagle | Blaze (Factory New)
Mar 04 2023 01: +0,502.823,10,Desert Eagle | Blaze (Factory New)
Mar 05 2023 01: +0,526.315,6,Desert Eagle | Blaze (Factory New)
Mar 06 2023 01: +0,533.5,6,Desert Eagle | Blaze (Factory New)
Mar 07 2023 01: +0,539.545,7,Desert Eagle | Blaze (Factory New)
Mar 08 2023 01: +0,562.167,5,Desert Eagle | Blaze (Factory New)
Mar 09 2023 01: +0,523.415,3,Desert Eagle | Blaze (Factory New)
Mar 11 2023 01: +0,532.331,4,Desert Eagle | Blaze (Factory New)
Mar 12 2023 01: +0,528.69,5,Desert Eagle | Blaze (Factory New)
Mar 13 2023 01: +0,536.204,5,Desert Eagle | Blaze (Factory New)
Mar 14 2023 01: +0,508.482,3,Desert Eagle | Blaze (Factory New)
Mar 15 2023 01: +0,515.883,10,Desert Eagle | Blaze (Factory New)
Mar 16 2023 01: +0,561.322,4,Desert Eagle | Blaze (Factory New)
Mar 17 2023 01: +0,534.817,7,Desert Eagle | Blaze (Factory New)
Mar 18 2023 01: +0,512.428,2,Desert Eagle | Blaze (Factory New)
Mar 19 2023 01: +0,539.335,7,Desert Eagle | Blaze (Factory New)
Mar 20 2023 01: +0,531.619,5,Desert Eagle | Blaze (Factory New)
Mar 21 2023 01: +0,549.244,7,Desert Eagle | Blaze (Factory New)
Mar 22 2023 01: +0,563.628,3,Desert Eagle | Blaze (Factory New)
Mar 23 2023 01: +0,436.338,6,Desert Eagle | Blaze (Factory New)
Mar 24 2023 01: +0,544.286,7,Desert Eagle | Blaze (Factory New)
Mar 25 2023 01: +0,572.929,8,Desert Eagle | Blaze (Factory New)
Mar 26 2023 01: +0,654.043,5,Desert Eagle | Blaze (Factory New)
Mar 27 2023 01: +0,594.732,7,Desert Eagle | Blaze (Factory New)
Mar 28 2023 01: +0,607.095,3,Desert Eagle | Blaze (Factory New)
Mar 29 2023 01: +0,633.942,7,Desert Eagle | Blaze (Factory New)
Mar 30 2023 01: +0,556.571,1,Desert Eagle | Blaze (Factory New)
Mar 31 2023 01: +0,572.656,4,Desert Eagle | Blaze (Factory New)
Apr 01 2023 01: +0,583.645,4,Desert Eagle | Blaze (Factory New)
Apr 02 2023 01: +0,641.244,4,Desert Eagle | Blaze (Factory New)
Apr 03 2023 01: +0,625.975,3,Desert Eagle | Blaze (Factory New)
Apr 04 2023 01: +0,606.638,5,Desert Eagle | Blaze (Factory New)
Apr 05 2023 01: +0,643.022,5,Desert Eagle | Blaze (Factory New)
Apr 06 2023 01: +0,627.18,3,Desert Eagle | Blaze (Factory New)
Apr 07 2023 01: +0,605.113,1,Desert Eagle | Blaze (Factory New)
Apr 08 2023 01: +0,617.684,5,Desert Eagle | Blaze (Factory New)
Apr 09 2023 01: +0,662.269,6,Desert Eagle | Blaze (Factory New)
Apr 10 2023 01: +0,611.454,5,Desert Eagle | Blaze (Factory New)
Apr 11 2023 01: +0,684.385,6,Desert Eagle | Blaze (Factory New)
Apr 12 2023 01: +0,688.216,2,Desert Eagle | Blaze (Factory New)
Apr 13 2023 01: +0,639.601,6,Desert Eagle | Blaze (Factory New)
Apr 14 2023 01: +0,734.226,7,Desert Eagle | Blaze (Factory New)
Apr 15 2023 01: +0,793.055,1,Desert Eagle | Blaze (Factory New)
Apr 16 2023 01: +0,818.982,5,Desert Eagle | Blaze (Factory New)
Apr 17 2023 01: +0,773.92,3,Desert Eagle | Blaze (Factory New)
Apr 18 2023 01: +0,810.654,3,Desert Eagle | Blaze (Factory New)
Apr 19 2023 01: +0,968.572,11,Desert Eagle | Blaze (Factory New)
Apr 20 2023 01: +0,1083.122,7,Desert Eagle | Blaze (Factory New)
Apr 21 2023 01: +0,1005.573,1,Desert Eagle | Blaze (Factory New)
Apr 22 2023 01: +0,1007.492,2,Desert Eagle | Blaze (Factory New)
Apr 23 2023 01: +0,1182.023,12,Desert Eagle | Blaze (Factory New)
Apr 24 2023 01: +0,1177.434,5,Desert Eagle | Blaze (Factory New)
Apr 25 2023 01: +0,1335.212,6,Desert Eagle | Blaze (Factory New)
Apr 26 2023 01: +0,1191.309,8,Desert Eagle | Blaze (Factory New)
Apr 27 2023 01: +0,1123.568,12,Desert Eagle | Blaze (Factory New)
Apr 28 2023 01: +0,940.27,13,Desert Eagle | Blaze (Factory New)
Apr 29 2023 01: +0,966.015,20,Desert Eagle | Blaze (Factory New)
Apr 30 2023 01: +0,875.167,11,Desert Eagle | Blaze (Factory New)
May 01 2023 01: +0,852.998,6,Desert Eagle | Blaze (Factory New)
May 02 2023 01: +0,920.997,3,Desert Eagle | Blaze (Factory New)
May 03 2023 01: +0,850.709,1,Desert Eagle | Blaze (Factory New)
May 04 2023 01: +0,919.56,3,Desert Eagle | Blaze (Factory New)
May 05 2023 01: +0,881.569,4,Desert Eagle | Blaze (Factory New)
May 06 2023 01: +0,867.083,2,Desert Eagle | Blaze (Factory New)
May 07 2023 01: +0,822.94,3,Desert Eagle | Blaze (Factory New)
May 09 2023 01: +0,842.564,3,Desert Eagle | Blaze (Factory New)
May 10 2023 01: +0,1050.651,1,Desert Eagle | Blaze (Factory New)
May 11 2023 01: +0,836.906,2,Desert Eagle | Blaze (Factory New)
May 12 2023 01: +0,813.838,4,Desert Eagle | Blaze (Factory New)
May 13 2023 01: +0,667.962,5,Desert Eagle | Blaze (Factory New)
May 14 2023 01: +0,682.857,3,Desert Eagle | Blaze (Factory New)
May 15 2023 01: +0,713.245,2,Desert Eagle | Blaze (Factory New)
May 16 2023 01: +0,755.507,2,Desert Eagle | Blaze (Factory New)
May 17 2023 01: +0,724.155,3,Desert Eagle | Blaze (Factory New)
May 18 2023 01: +0,721.725,1,Desert Eagle | Blaze (Factory New)
May 19 2023 01: +0,720.311,4,Desert Eagle | Blaze (Factory New)
May 20 2023 01: +0,802.954,3,Desert Eagle | Blaze (Factory New)
May 21 2023 01: +0,835.717,2,Desert Eagle | Blaze (Factory New)
May 22 2023 01: +0,752.056,3,Desert Eagle | Blaze (Factory New)
May 23 2023 01: +0,717.226,1,Desert Eagle | Blaze (Factory New)
May 24 2023 01: +0,778.047,2,Desert Eagle | Blaze (Factory New)
May 25 2023 01: +0,784.861,6,Desert Eagle | Blaze (Factory New)
May 26 2023 01: +0,746.103,5,Desert Eagle | Blaze (Factory New)
May 27 2023 01: +0,754.919,3,Desert Eagle | Blaze (Factory New)
May 28 2023 01: +0,757.009,7,Desert Eagle | Blaze (Factory New)
May 29 2023 01: +0,816.994,2,Desert Eagle | Blaze (Factory New)
May 30 2023 01: +0,754.347,1,Desert Eagle | Blaze (Factory New)
May 31 2023 01: +0,755.199,5,Desert Eagle | Blaze (Factory New)
Jun 01 2023 01: +0,824.059,3,Desert Eagle | Blaze (Factory New)
Jun 02 2023 01: +0,846.53,2,Desert Eagle | Blaze (Factory New)
Jun 03 2023 01: +0,824.549,5,Desert Eagle | Blaze (Factory New)
Jun 04 2023 01: +0,798.287,1,Desert Eagle | Blaze (Factory New)
Jun 05 2023 01: +0,796.479,1,Desert Eagle | Blaze (Factory New)
Jun 06 2023 01: +0,825.032,3,Desert Eagle | Blaze (Factory New)
Jun 07 2023 01: +0,808.549,1,Desert Eagle | Blaze (Factory New)
Jun 08 2023 01: +0,788.366,2,Desert Eagle | Blaze (Factory New)
Jun 09 2023 01: +0,787.298,4,Desert Eagle | Blaze (Factory New)
Jun 10 2023 01: +0,761.951,4,Desert Eagle | Blaze (Factory New)
Jun 11 2023 01: +0,774.547,6,Desert Eagle | Blaze (Factory New)
Jun 12 2023 01: +0,780.972,5,Desert Eagle | Blaze (Factory New)
Jun 13 2023 01: +0,827.239,4,Desert Eagle | Blaze (Factory New)
Jun 14 2023 01: +0,826.799,1,Desert Eagle | Blaze (Factory New)
Jun 15 2023 01: +0,798.821,5,Desert Eagle | Blaze (Factory New)
Jun 16 2023 01: +0,829.975,1,Desert Eagle | Blaze (Factory New)
Jun 17 2023 01: +0,923.144,1,Desert Eagle | Blaze (Factory New)
Jun 18 2023 01: +0,888.23,2,Desert Eagle | Blaze (Factory New)
Jun 19 2023 01: +0,838.176,4,Desert Eagle | Blaze (Factory New)
Jun 20 2023 01: +0,833.06,4,Desert Eagle | Blaze (Factory New)
Jun 21 2023 01: +0,823.927,2,Desert Eagle | Blaze (Factory New)
Jun 22 2023 01: +0,894.431,3,Desert Eagle | Blaze (Factory New)
Jun 23 2023 01: +0,806.88,1,Desert Eagle | Blaze (Factory New)
Jun 24 2023 01: +0,814.902,1,Desert Eagle | Blaze (Factory New)
Jun 25 2023 01: +0,825.214,3,Desert Eagle | Blaze (Factory New)
Jun 26 2023 01: +0,821.387,4,Desert Eagle | Blaze (Factory New)
Jun 27 2023 01: +0,802.966,3,Desert Eagle | Blaze (Factory New)
Jun 28 2023 01: +0,774.432,2,Desert Eagle | Blaze (Factory New)
Jun 29 2023 01: +0,743.466,2,Desert Eagle | Blaze (Factory New)
Jun 30 2023 01: +0,767.033,7,Desert Eagle | Blaze (Factory New)
Jul 01 2023 01: +0,877.268,1,Desert Eagle | Blaze (Factory New)
Jul 04 2023 01: +0,733.568,3,Desert Eagle | Blaze (Factory New)
Jul 06 2023 01: +0,720.571,1,Desert Eagle | Blaze (Factory New)
Jul 07 2023 01: +0,667.215,2,Desert Eagle | Blaze (Factory New)
Jul 08 2023 01: +0,722.944,3,Desert Eagle | Blaze (Factory New)
Jul 09 2023 01: +0,677.276,1,Desert Eagle | Blaze (Factory New)
Jul 10 2023 01: +0,831.259,1,Desert Eagle | Blaze (Factory New)
Jul 11 2023 01: +0,676.971,1,Desert Eagle | Blaze (Factory New)
Jul 13 2023 01: +0,731.23,2,Desert Eagle | Blaze (Factory New)
Jul 14 2023 01: +0,641.827,3,Desert Eagle | Blaze (Factory New)
Jul 15 2023 01: +0,693.477,3,Desert Eagle | Blaze (Factory New)
Jul 16 2023 01: +0,663.139,2,Desert Eagle | Blaze (Factory New)
Jul 17 2023 01: +0,640.942,4,Desert Eagle | Blaze (Factory New)
Jul 19 2023 01: +0,658.195,3,Desert Eagle | Blaze (Factory New)
Jul 20 2023 01: +0,641.055,1,Desert Eagle | Blaze (Factory New)
Jul 21 2023 01: +0,617.51,2,Desert Eagle | Blaze (Factory New)
Jul 22 2023 01: +0,633.928,4,Desert Eagle | Blaze (Factory New)
Jul 23 2023 01: +0,661.861,2,Desert Eagle | Blaze (Factory New)
Jul 26 2023 01: +0,637.837,1,Desert Eagle | Blaze (Factory New)
Jul 30 2023 01: +0,692.021,1,Desert Eagle | Blaze (Factory New)
Jul 31 2023 01: +0,717.685,6,Desert Eagle | Blaze (Factory New)
Aug 01 2023 01: +0,684.358,1,Desert Eagle | Blaze (Factory New)
Aug 04 2023 01: +0,708.455,2,Desert Eagle | Blaze (Factory New)
Aug 05 2023 01: +0,732.198,1,Desert Eagle | Blaze (Factory New)
Aug 06 2023 01: +0,652.95,1,Desert Eagle | Blaze (Factory New)
Aug 07 2023 01: +0,652.038,2,Desert Eagle | Blaze (Factory New)
Aug 08 2023 01: +0,653.214,3,Desert Eagle | Blaze (Factory New)
Aug 09 2023 01: +0,657.255,1,Desert Eagle | Blaze (Factory New)
Aug 10 2023 01: +0,844.855,1,Desert Eagle | Blaze (Factory New)
Aug 11 2023 01: +0,640.056,3,Desert Eagle | Blaze (Factory New)
Aug 12 2023 01: +0,730.652,3,Desert Eagle | Blaze (Factory New)
Aug 14 2023 01: +0,704.229,2,Desert Eagle | Blaze (Factory New)
Aug 15 2023 01: +0,666.729,2,Desert Eagle | Blaze (Factory New)
Aug 16 2023 01: +0,743.981,2,Desert Eagle | Blaze (Factory New)
Aug 17 2023 01: +0,652.105,2,Desert Eagle | Blaze (Factory New)
Aug 18 2023 01: +0,672.497,1,Desert Eagle | Blaze (Factory New)
Aug 19 2023 01: +0,670.949,4,Desert Eagle | Blaze (Factory New)
Aug 20 2023 01: +0,685.147,1,Desert Eagle | Blaze (Factory New)
Aug 21 2023 01: +0,747.748,3,Desert Eagle | Blaze (Factory New)
Aug 22 2023 01: +0,729.845,3,Desert Eagle | Blaze (Factory New)
Aug 23 2023 01: +0,785.065,1,Desert Eagle | Blaze (Factory New)
Aug 26 2023 01: +0,761.015,4,Desert Eagle | Blaze (Factory New)
Aug 27 2023 01: +0,722.872,2,Desert Eagle | Blaze (Factory New)
Aug 28 2023 01: +0,728.17,1,Desert Eagle | Blaze (Factory New)
Aug 29 2023 01: +0,733.014,2,Desert Eagle | Blaze (Factory New)
Aug 30 2023 01: +0,883.31,1,Desert Eagle | Blaze (Factory New)
Aug 31 2023 01: +0,884.87,1,Desert Eagle | Blaze (Factory New)
Sep 01 2023 01: +0,758.853,2,Desert Eagle | Blaze (Factory New)
Sep 02 2023 01: +0,834.987,3,Desert Eagle | Blaze (Factory New)
Sep 03 2023 01: +0,781.662,1,Desert Eagle | Blaze (Factory New)
Sep 04 2023 01: +0,780.304,1,Desert Eagle | Blaze (Factory New)
Sep 05 2023 01: +0,782.002,1,Desert Eagle | Blaze (Factory New)
Sep 06 2023 01: +0,839.255,2,Desert Eagle | Blaze (Factory New)
Sep 07 2023 01: +0,766.829,1,Desert Eagle | Blaze (Factory New)
Sep 08 2023 01: +0,765.903,2,Desert Eagle | Blaze (Factory New)
Sep 10 2023 01: +0,770.873,3,Desert Eagle | Blaze (Factory New)
Sep 14 2023 01: +0,770.234,1,Desert Eagle | Blaze (Factory New)
Sep 16 2023 01: +0,778.979,1,Desert Eagle | Blaze (Factory New)
Sep 18 2023 01: +0,785.783,1,Desert Eagle | Blaze (Factory New)
Sep 19 2023 01: +0,792.137,2,Desert Eagle | Blaze (Factory New)
Sep 20 2023 01: +0,777.697,1,Desert Eagle | Blaze (Factory New)
Sep 21 2023 01: +0,785.097,2,Desert Eagle | Blaze (Factory New)
Sep 22 2023 01: +0,813.933,3,Desert Eagle | Blaze (Factory New)
Sep 24 2023 01: +0,778.712,5,Desert Eagle | Blaze (Factory New)
Sep 25 2023 01: +0,763.246,1,Desert Eagle | Blaze (Factory New)
Sep 27 2023 01: +0,787.13,1,Desert Eagle | Blaze (Factory New)
Sep 28 2023 01: +0,752.407,5,Desert Eagle | Blaze (Factory New)
Sep 29 2023 01: +0,807.643,2,Desert Eagle | Blaze (Factory New)
Sep 30 2023 01: +0,611.666,1,Desert Eagle | Blaze (Factory New)
Oct 01 2023 01: +0,834.929,2,Desert Eagle | Blaze (Factory New)
Oct 03 2023 01: +0,793.392,2,Desert Eagle | Blaze (Factory New)
Oct 04 2023 01: +0,885.165,1,Desert Eagle | Blaze (Factory New)
Oct 05 2023 01: +0,808.171,1,Desert Eagle | Blaze (Factory New)
Oct 06 2023 01: +0,803.518,1,Desert Eagle | Blaze (Factory New)
Oct 07 2023 01: +0,804.521,1,Desert Eagle | Blaze (Factory New)
Oct 08 2023 01: +0,755.07,1,Desert Eagle | Blaze (Factory New)
Oct 09 2023 01: +0,824.045,2,Desert Eagle | Blaze (Factory New)
Oct 10 2023 01: +0,779.39,2,Desert Eagle | Blaze (Factory New)
Oct 12 2023 01: +0,765.666,3,Desert Eagle | Blaze (Factory New)
Oct 13 2023 01: +0,807.522,2,Desert Eagle | Blaze (Factory New)
Oct 14 2023 01: +0,764.596,1,Desert Eagle | Blaze (Factory New)
Oct 15 2023 01: +0,778.198,3,Desert Eagle | Blaze (Factory New)
Oct 16 2023 01: +0,785.092,2,Desert Eagle | Blaze (Factory New)
Oct 17 2023 01: +0,768.275,2,Desert Eagle | Blaze (Factory New)
Oct 18 2023 01: +0,819.743,3,Desert Eagle | Blaze (Factory New)
Oct 19 2023 01: +0,841.345,1,Desert Eagle | Blaze (Factory New)
Oct 20 2023 01: +0,715.629,2,Desert Eagle | Blaze (Factory New)
Oct 21 2023 01: +0,734.81,1,Desert Eagle | Blaze (Factory New)
Oct 22 2023 01: +0,734.778,1,Desert Eagle | Blaze (Factory New)
Oct 23 2023 01: +0,820.01,1,Desert Eagle | Blaze (Factory New)
Oct 24 2023 01: +0,1618.031,1,Desert Eagle | Blaze (Factory New)
Oct 25 2023 01: +0,766.243,1,Desert Eagle | Blaze (Factory New)
Oct 26 2023 01: +0,733.788,1,Desert Eagle | Blaze (Factory New)
Oct 27 2023 01: +0,769.852,1,Desert Eagle | Blaze (Factory New)
Oct 28 2023 01: +0,707.184,4,Desert Eagle | Blaze (Factory New)
Oct 30 2023 01: +0,700.292,3,Desert Eagle | Blaze (Factory New)
Oct 31 2023 01: +0,679.263,1,Desert Eagle | Blaze (Factory New)
Nov 01 2023 01: +0,683.951,1,Desert Eagle | Blaze (Factory New)
Nov 02 2023 01: +0,688.076,1,Desert Eagle | Blaze (Factory New)
Nov 03 2023 01: +0,719.113,3,Desert Eagle | Blaze (Factory New)
Nov 04 2023 01: +0,720.188,4,Desert Eagle | Blaze (Factory New)
Nov 05 2023 01: +0,679.263,1,Desert Eagle | Blaze (Factory New)
Nov 06 2023 01: +0,716.489,1,Desert Eagle | Blaze (Factory New)
Nov 07 2023 01: +0,692.424,1,Desert Eagle | Blaze (Factory New)
Nov 08 2023 01: +0,728.802,4,Desert Eagle | Blaze (Factory New)
Nov 10 2023 01: +0,747.19,1,Desert Eagle | Blaze (Factory New)
Nov 11 2023 01: +0,666.375,2,Desert Eagle | Blaze (Factory New)
Nov 12 2023 01: +0,665.415,1,Desert Eagle | Blaze (Factory New)
Nov 13 2023 01: +0,627.768,3,Desert Eagle | Blaze (Factory New)
Nov 14 2023 01: +0,705.339,2,Desert Eagle | Blaze (Factory New)
Nov 15 2023 01: +0,571.433,3,Desert Eagle | Blaze (Factory New)
Nov 16 2023 01: +0,588.686,2,Desert Eagle | Blaze (Factory New)
Nov 17 2023 01: +0,573.071,3,Desert Eagle | Blaze (Factory New)
Nov 18 2023 01: +0,594.342,2,Desert Eagle | Blaze (Factory New)
Nov 19 2023 01: +0,555.23,1,Desert Eagle | Blaze (Factory New)
Nov 20 2023 01: +0,595.967,2,Desert Eagle | Blaze (Factory New)
Nov 22 2023 01: +0,583.078,3,Desert Eagle | Blaze (Factory New)
Nov 23 2023 01: +0,559.238,3,Desert Eagle | Blaze (Factory New)
Nov 24 2023 01: +0,601.682,4,Desert Eagle | Blaze (Factory New)
Nov 25 2023 01: +0,583.496,2,Desert Eagle | Blaze (Factory New)
Nov 26 2023 01: +0,602.635,2,Desert Eagle | Blaze (Factory New)
Nov 27 2023 01: +0,602.496,1,Desert Eagle | Blaze (Factory New)
Nov 28 2023 01: +0,594.357,1,Desert Eagle | Blaze (Factory New)
Nov 30 2023 01: +0,666.51,2,Desert Eagle | Blaze (Factory New)
Dec 02 2023 01: +0,649.551,3,Desert Eagle | Blaze (Factory New)
Dec 03 2023 01: +0,650.921,2,Desert Eagle | Blaze (Factory New)
Dec 04 2023 01: +0,671.266,3,Desert Eagle | Blaze (Factory New)
Dec 05 2023 01: +0,653.825,2,Desert Eagle | Blaze (Factory New)
Dec 07 2023 01: +0,730.346,2,Desert Eagle | Blaze (Factory New)
Dec 09 2023 01: +0,674.484,3,Desert Eagle | Blaze (Factory New)
Dec 11 2023 01: +0,738.715,1,Desert Eagle | Blaze (Factory New)
Dec 12 2023 01: +0,645.427,1,Desert Eagle | Blaze (Factory New)
Dec 14 2023 01: +0,732.003,2,Desert Eagle | Blaze (Factory New)
Dec 16 2023 01: +0,669.414,2,Desert Eagle | Blaze (Factory New)
Dec 17 2023 01: +0,623.377,1,Desert Eagle | Blaze (Factory New)
Dec 18 2023 01: +0,679.272,1,Desert Eagle | Blaze (Factory New)
Dec 22 2023 01: +0,701.245,1,Desert Eagle | Blaze (Factory New)
Dec 23 2023 01: +0,624.968,1,Desert Eagle | Blaze (Factory New)
Dec 26 2023 01: +0,665.397,2,Desert Eagle | Blaze (Factory New)
Dec 27 2023 01: +0,711.766,1,Desert Eagle | Blaze (Factory New)
Dec 29 2023 01: +0,720.943,2,Desert Eagle | Blaze (Factory New)
Dec 31 2023 01: +0,679.903,1,Desert Eagle | Blaze (Factory New)
Jan 01 2024 01: +0,641.87,2,Desert Eagle | Blaze (Factory New)
Jan 02 2024 01: +0,673.385,2,Desert Eagle | Blaze (Factory New)
Jan 05 2024 01: +0,645.269,1,Desert Eagle | Blaze (Factory New)
Jan 06 2024 01: +0,636.572,1,Desert Eagle | Blaze (Factory New)
Jan 08 2024 01: +0,547.359,1,Desert Eagle | Blaze (Factory New)
Jan 09 2024 01: +0,632.129,3,Desert Eagle | Blaze (Factory New)
Jan 10 2024 01: +0,642.516,2,Desert Eagle | Blaze (Factory New)
Jan 11 2024 01: +0,639.179,3,Desert Eagle | Blaze (Factory New)
Jan 12 2024 01: +0,616.563,2,Desert Eagle | Blaze (Factory New)
Jan 16 2024 01: +0,616.304,1,Desert Eagle | Blaze (Factory New)
Jan 17 2024 01: +0,639.657,2,Desert Eagle | Blaze (Factory New)
Jan 18 2024 01: +0,649.44,1,Desert Eagle | Blaze (Factory New)
Jan 19 2024 01: +0,696.246,1,Desert Eagle | Blaze (Factory New)
Jan 20 2024 01: +0,637.157,2,Desert Eagle | Blaze (Factory New)
Jan 22 2024 01: +0,571.707,3,Desert Eagle | Blaze (Factory New)
Jan 26 2024 01: +0,510.305,1,Desert Eagle | Blaze (Factory New)
Jan 27 2024 01: +0,502.124,2,Desert Eagle | Blaze (Factory New)
Jan 28 2024 01: +0,549.355,1,Desert Eagle | Blaze (Factory New)
Jan 29 2024 01: +0,564.022,2,Desert Eagle | Blaze (Factory New)
Jan 31 2024 01: +0,617.511,1,Desert Eagle | Blaze (Factory New)
Feb 03 2024 01: +0,601.933,3,Desert Eagle | Blaze (Factory New)
Feb 04 2024 01: +0,615.845,1,Desert Eagle | Blaze (Factory New)
Feb 07 2024 01: +0,619.862,1,Desert Eagle | Blaze (Factory New)
Feb 09 2024 01: +0,579.515,2,Desert Eagle | Blaze (Factory New)
Feb 10 2024 01: +0,572.312,4,Desert Eagle | Blaze (Factory New)
Feb 11 2024 01: +0,565.818,1,Desert Eagle | Blaze (Factory New)
Feb 13 2024 01: +0,563.536,4,Desert Eagle | Blaze (Factory New)
Feb 15 2024 01: +0,610.148,1,Desert Eagle | Blaze (Factory New)
Feb 16 2024 01: +0,566.336,1,Desert Eagle | Blaze (Factory New)
Feb 17 2024 01: +0,582.91,3,Desert Eagle | Blaze (Factory New)
Feb 18 2024 01: +0,629.44,1,Desert Eagle | Blaze (Factory New)
Feb 19 2024 01: +0,547.006,2,Desert Eagle | Blaze (Factory New)
Feb 21 2024 01: +0,554.449,1,Desert Eagle | Blaze (Factory New)
Feb 22 2024 01: +0,602.694,4,Desert Eagle | Blaze (Factory New)
Feb 23 2024 01: +0,585.857,1,Desert Eagle | Blaze (Factory New)
Feb 25 2024 01: +0,580.943,4,Desert Eagle | Blaze (Factory New)
Feb 28 2024 01: +0,586.332,4,Desert Eagle | Blaze (Factory New)
Feb 29 2024 01: +0,665.685,1,Desert Eagle | Blaze (Factory New)
Mar 01 2024 01: +0,584.441,1,Desert Eagle | Blaze (Factory New)
Mar 02 2024 01: +0,592.062,2,Desert Eagle | Blaze (Factory New)
Mar 03 2024 01: +0,653.453,1,Desert Eagle | Blaze (Factory New)
Mar 04 2024 01: +0,620.594,2,Desert Eagle | Blaze (Factory New)
Mar 05 2024 01: +0,584.918,3,Desert Eagle | Blaze (Factory New)
Mar 06 2024 01: +0,598.246,2,Desert Eagle | Blaze (Factory New)
Mar 07 2024 01: +0,583.052,1,Desert Eagle | Blaze (Factory New)
Mar 08 2024 01: +0,667.006,1,Desert Eagle | Blaze (Factory New)
Mar 09 2024 01: +0,667.945,1,Desert Eagle | Blaze (Factory New)
Mar 10 2024 01: +0,659.954,3,Desert Eagle | Blaze (Factory New)
Mar 13 2024 01: +0,555.739,1,Desert Eagle | Blaze (Factory New)
Mar 14 2024 01: +0,742.622,1,Desert Eagle | Blaze (Factory New)
Mar 15 2024 01: +0,604.473,2,Desert Eagle | Blaze (Factory New)
Mar 16 2024 01: +0,619.832,1,Desert Eagle | Blaze (Factory New)
Mar 17 2024 01: +0,668.128,2,Desert Eagle | Blaze (Factory New)
Mar 18 2024 01: +0,562.107,1,Desert Eagle | Blaze (Factory New)
Mar 20 2024 01: +0,652.249,1,Desert Eagle | Blaze (Factory New)
Mar 21 2024 01: +0,579.18,1,Desert Eagle | Blaze (Factory New)
Mar 22 2024 01: +0,560.396,1,Desert Eagle | Blaze (Factory New)
Mar 23 2024 01: +0,560.52,1,Desert Eagle | Blaze (Factory New)
Mar 24 2024 01: +0,612.761,1,Desert Eagle | Blaze (Factory New)
Mar 26 2024 01: +0,589.685,2,Desert Eagle | Blaze (Factory New)
Mar 27 2024 01: +0,560.324,1,Desert Eagle | Blaze (Factory New)
Mar 28 2024 01: +0,627.569,2,Desert Eagle | Blaze (Factory New)
Mar 30 2024 01: +0,601.478,3,Desert Eagle | Blaze (Factory New)
Mar 31 2024 01: +0,585.857,1,Desert Eagle | Blaze (Factory New)
Apr 01 2024 01: +0,586.196,1,Desert Eagle | Blaze (Factory New)
Apr 02 2024 01: +0,588.132,1,Desert Eagle | Blaze (Factory New)
Apr 03 2024 01: +0,607.828,1,Desert Eagle | Blaze (Factory New)
Apr 04 2024 01: +0,615.361,3,Desert Eagle | Blaze (Factory New)
Apr 05 2024 01: +0,611.458,2,Desert Eagle | Blaze (Factory New)
Apr 06 2024 01: +0,607.93,4,Desert Eagle | Blaze (Factory New)
Apr 07 2024 01: +0,608.9,1,Desert Eagle | Blaze (Factory New)
Apr 08 2024 01: +0,647.033,2,Desert Eagle | Blaze (Factory New)
Apr 09 2024 01: +0,673.172,4,Desert Eagle | Blaze (Factory New)
Apr 11 2024 01: +0,615.172,3,Desert Eagle | Blaze (Factory New)
Apr 12 2024 01: +0,616.211,1,Desert Eagle | Blaze (Factory New)
Apr 13 2024 01: +0,586.45,1,Desert Eagle | Blaze (Factory New)
Apr 15 2024 01: +0,667.075,3,Desert Eagle | Blaze (Factory New)
Apr 17 2024 01: +0,668.914,2,Desert Eagle | Blaze (Factory New)
Apr 18 2024 01: +0,721.093,2,Desert Eagle | Blaze (Factory New)
Apr 21 2024 01: +0,572.925,1,Desert Eagle | Blaze (Factory New)
Apr 22 2024 01: +0,648.643,3,Desert Eagle | Blaze (Factory New)
Apr 23 2024 01: +0,603.275,1,Desert Eagle | Blaze (Factory New)
Apr 25 2024 01: +0,649.592,1,Desert Eagle | Blaze (Factory New)
Apr 26 2024 01: +0,713.226,1,Desert Eagle | Blaze (Factory New)
Apr 27 2024 01: +0,654.869,1,Desert Eagle | Blaze (Factory New)
Apr 28 2024 01: +0,645.799,5,Desert Eagle | Blaze (Factory New)
May 01 2024 01: +0,617.164,1,Desert Eagle | Blaze (Factory New)
May 02 2024 01: +0,589.091,1,Desert Eagle | Blaze (Factory New)
May 03 2024 01: +0,626.598,1,Desert Eagle | Blaze (Factory New)
May 04 2024 01: +0,627.622,2,Desert Eagle | Blaze (Factory New)
May 07 2024 01: +0,679.263,1,Desert Eagle | Blaze (Factory New)
May 08 2024 01: +0,680.754,2,Desert Eagle | Blaze (Factory New)
May 09 2024 01: +0,679.062,1,Desert Eagle | Blaze (Factory New)
May 10 2024 01: +0,694.193,1,Desert Eagle | Blaze (Factory New)
May 11 2024 01: +0,721.95,4,Desert Eagle | Blaze (Factory New)
May 12 2024 01: +0,711.358,1,Desert Eagle | Blaze (Factory New)
May 13 2024 01: +0,733.041,3,Desert Eagle | Blaze (Factory New)
May 14 2024 01: +0,706.366,2,Desert Eagle | Blaze (Factory New)
May 15 2024 01: +0,711.197,1,Desert Eagle | Blaze (Factory New)
May 16 2024 01: +0,734.867,1,Desert Eagle | Blaze (Factory New)
May 18 2024 01: +0,711.585,1,Desert Eagle | Blaze (Factory New)
May 19 2024 01: +0,698.113,1,Desert Eagle | Blaze (Factory New)
May 22 2024 01: +0,664.278,4,Desert Eagle | Blaze (Factory New)
May 23 2024 01: +0,663.187,4,Desert Eagle | Blaze (Factory New)
May 24 2024 01: +0,670.786,1,Desert Eagle | Blaze (Factory New)
May 26 2024 01: +0,657.45,1,Desert Eagle | Blaze (Factory New)
May 27 2024 01: +0,658.043,1,Desert Eagle | Blaze (Factory New)
May 28 2024 01: +0,697.88,5,Desert Eagle | Blaze (Factory New)
May 30 2024 01: +0,632.564,1,Desert Eagle | Blaze (Factory New)
May 31 2024 01: +0,637.658,1,Desert Eagle | Blaze (Factory New)
Jun 01 2024 01: +0,653.791,1,Desert Eagle | Blaze (Factory New)
Jun 02 2024 01: +0,690.576,2,Desert Eagle | Blaze (Factory New)
Jun 03 2024 01: +0,700.923,1,Desert Eagle | Blaze (Factory New)
Jun 06 2024 01: +0,1084.834,1,Desert Eagle | Blaze (Factory New)
Jun 08 2024 01: +0,670.99,1,Desert Eagle | Blaze (Factory New)
Jun 10 2024 01: +0,649.48,3,Desert Eagle | Blaze (Factory New)
Jun 12 2024 01: +0,636.825,1,Desert Eagle | Blaze (Factory New)
Jun 13 2024 01: +0,601.64,1,Desert Eagle | Blaze (Factory New)
Jun 14 2024 01: +0,619.583,2,Desert Eagle | Blaze (Factory New)
Jun 16 2024 01: +0,611.328,1,Desert Eagle | Blaze (Factory New)
Jun 17 2024 01: +0,679.463,1,Desert Eagle | Blaze (Factory New)
Jun 18 2024 01: +0,594.304,1,Desert Eagle | Blaze (Factory New)
Jun 19 2024 01: +0,607.384,2,Desert Eagle | Blaze (Factory New)
Jun 20 2024 01: +0,579.913,2,Desert Eagle | Blaze (Factory New)
Jun 21 2024 01: +0,585.521,2,Desert Eagle | Blaze (Factory New)
Jun 22 2024 01: +0,590.11,1,Desert Eagle | Blaze (Factory New)
Jun 24 2024 01: +0,602.293,2,Desert Eagle | Blaze (Factory New)
Jun 26 2024 01: +0,632.564,2,Desert Eagle | Blaze (Factory New)
Jun 28 2024 01: +0,674.058,1,Desert Eagle | Blaze (Factory New)
Jun 29 2024 01: +0,605.843,1,Desert Eagle | Blaze (Factory New)
Jun 30 2024 01: +0,749.577,2,Desert Eagle | Blaze (Factory New)
Jul 01 2024 01: +0,644.291,1,Desert Eagle | Blaze (Factory New)
Jul 04 2024 01: +0,669.766,2,Desert Eagle | Blaze (Factory New)
Jul 08 2024 01: +0,611.719,1,Desert Eagle | Blaze (Factory New)
Jul 10 2024 01: +0,678.071,3,Desert Eagle | Blaze (Factory New)
Jul 11 2024 01: +0,691.681,2,Desert Eagle | Blaze (Factory New)
Jul 13 2024 01: +0,673.099,1,Desert Eagle | Blaze (Factory New)
Jul 14 2024 01: +0,641.82,2,Desert Eagle | Blaze (Factory New)
Jul 15 2024 01: +0,643.47,2,Desert Eagle | Blaze (Factory New)
Jul 16 2024 01: +0,613.358,2,Desert Eagle | Blaze (Factory New)
Jul 17 2024 01: +0,602.957,3,Desert Eagle | Blaze (Factory New)
Jul 18 2024 01: +0,621.524,1,Desert Eagle | Blaze (Factory New)
Jul 19 2024 01: +0,613.492,1,Desert Eagle | Blaze (Factory New)
Jul 21 2024 01: +0,624.84,3,Desert Eagle | Blaze (Factory New)
Jul 22 2024 01: +0,656.103,1,Desert Eagle | Blaze (Factory New)
Jul 23 2024 01: +0,623.475,2,Desert Eagle | Blaze (Factory New)
Jul 24 2024 01: +0,637.831,3,Desert Eagle | Blaze (Factory New)
Jul 25 2024 01: +0,629.618,1,Desert Eagle | Blaze (Factory New)
Jul 28 2024 01: +0,648.217,3,Desert Eagle | Blaze (Factory New)
Jul 29 2024 01: +0,635.113,2,Desert Eagle | Blaze (Factory New)
Jul 30 2024 01: +0,687.743,5,Desert Eagle | Blaze (Factory New)
Jul 31 2024 01: +0,675.16,5,Desert Eagle | Blaze (Factory New)
Aug 02 2024 01: +0,652.921,2,Desert Eagle | Blaze (Factory New)
Aug 04 2024 01: +0,653.706,1,Desert Eagle | Blaze (Factory New)
Aug 05 2024 01: +0,667.049,2,Desert Eagle | Blaze (Factory New)
Aug 06 2024 01: +0,671.113,2,Desert Eagle | Blaze (Factory New)
Aug 07 2024 01: +0,738.973,2,Desert Eagle | Blaze (Factory New)
Aug 08 2024 01: +0,646.166,1,Desert Eagle | Blaze (Factory New)
Aug 09 2024 01: +0,742.392,1,Desert Eagle | Blaze (Factory New)
Aug 10 2024 01: +0,650.463,1,Desert Eagle | Blaze (Factory New)
Aug 12 2024 01: +0,533.171,1,Desert Eagle | Blaze (Factory New)
Aug 15 2024 01: +0,849.091,1,Desert Eagle | Blaze (Factory New)
Aug 16 2024 01: +0,651.549,1,Desert Eagle | Blaze (Factory New)
Aug 17 2024 01: +0,635.036,1,Desert Eagle | Blaze (Factory New)
Aug 21 2024 01: +0,645.52,1,Desert Eagle | Blaze (Factory New)
Aug 22 2024 01: +0,673.791,3,Desert Eagle | Blaze (Factory New)
Aug 23 2024 01: +0,639.173,1,Desert Eagle | Blaze (Factory New)
Aug 24 2024 01: +0,598.671,1,Desert Eagle | Blaze (Factory New)
Aug 25 2024 01: +0,622.866,2,Desert Eagle | Blaze (Factory New)
Aug 30 2024 01: +0,653.593,1,Desert Eagle | Blaze (Factory New)
Aug 31 2024 01: +0,608.781,2,Desert Eagle | Blaze (Factory New)
Sep 01 2024 01: +0,673.189,3,Desert Eagle | Blaze (Factory New)
Sep 02 2024 01: +0,721.72,1,Desert Eagle | Blaze (Factory New)
Sep 04 2024 01: +0,744.94,1,Desert Eagle | Blaze (Factory New)
Sep 05 2024 01: +0,717.727,1,Desert Eagle | Blaze (Factory New)
Sep 06 2024 01: +0,717.179,2,Desert Eagle | Blaze (Factory New)
Sep 07 2024 01: +0,703.555,1,Desert Eagle | Blaze (Factory New)
Sep 11 2024 01: +0,701.127,1,Desert Eagle | Blaze (Factory New)
Sep 13 2024 01: +0,633.88,1,Desert Eagle | Blaze (Factory New)
Sep 14 2024 01: +0,641.428,1,Desert Eagle | Blaze (Factory New)
Sep 15 2024 01: +0,635.689,1,Desert Eagle | Blaze (Factory New)
Sep 17 2024 01: +0,703.897,1,Desert Eagle | Blaze (Factory New)
Sep 19 2024 01: +0,639.369,2,Desert Eagle | Blaze (Factory New)
Sep 20 2024 01: +0,622.568,2,Desert Eagle | Blaze (Factory New)
Sep 21 2024 01: +0,636.003,1,Desert Eagle | Blaze (Factory New)
Sep 27 2024 01: +0,634.423,1,Desert Eagle | Blaze (Factory New)
Sep 29 2024 01: +0,620.702,1,Desert Eagle | Blaze (Factory New)
Sep 30 2024 01: +0,649.374,4,Desert Eagle | Blaze (Factory New)
Oct 02 2024 01: +0,640.808,3,Desert Eagle | Blaze (Factory New)
Oct 03 2024 01: +0,655.604,2,Desert Eagle | Blaze (Factory New)
Oct 05 2024 01: +0,650.527,1,Desert Eagle | Blaze (Factory New)
Oct 08 2024 01: +0,628.37,1,Desert Eagle | Blaze (Factory New)
Oct 09 2024 01: +0,653.956,3,Desert Eagle | Blaze (Factory New)
Oct 11 2024 01: +0,645.297,2,Desert Eagle | Blaze (Factory New)
Oct 14 2024 01: +0,624.99,2,Desert Eagle | Blaze (Factory New)
Oct 15 2024 01: +0,649.737,1,Desert Eagle | Blaze (Factory New)
Oct 16 2024 01: +0,624.701,1,Desert Eagle | Blaze (Factory New)
Oct 17 2024 01: +0,659.656,2,Desert Eagle | Blaze (Factory New)
Oct 19 2024 01: +0,666.712,2,Desert Eagle | Blaze (Factory New)
Oct 20 2024 01: +0,667.937,2,Desert Eagle | Blaze (Factory New)
Oct 23 2024 01: +0,650.399,2,Desert Eagle | Blaze (Factory New)
Oct 24 2024 01: +0,703.035,1,Desert Eagle | Blaze (Factory New)
Oct 29 2024 01: +0,630.9,3,Desert Eagle | Blaze (Factory New)
Oct 31 2024 01: +0,671.562,1,Desert Eagle | Blaze (Factory New)
Nov 02 2024 01: +0,631.498,2,Desert Eagle | Blaze (Factory New)
Nov 03 2024 01: +0,650.198,2,Desert Eagle | Blaze (Factory New)
Nov 05 2024 01: +0,649.786,2,Desert Eagle | Blaze (Factory New)
Nov 06 2024 01: +0,635.689,1,Desert Eagle | Blaze (Factory New)
Nov 07 2024 01: +0,663.345,2,Desert Eagle | Blaze (Factory New)
Nov 08 2024 01: +0,653.79,2,Desert Eagle | Blaze (Factory New)
Nov 09 2024 01: +0,657.54,2,Desert Eagle | Blaze (Factory New)
Nov 11 2024 01: +0,639.518,1,Desert Eagle | Blaze (Factory New)
Nov 12 2024 01: +0,651.976,6,Desert Eagle | Blaze (Factory New)
Nov 13 2024 01: +0,703.633,1,Desert Eagle | Blaze (Factory New)
Nov 14 2024 01: +0,647.246,4,Desert Eagle | Blaze (Factory New)
Nov 15 2024 01: +0,649.544,4,Desert Eagle | Blaze (Factory New)
Nov 16 2024 01: +0,636.187,4,Desert Eagle | Blaze (Factory New)
Nov 17 2024 01: +0,662.477,3,Desert Eagle | Blaze (Factory New)
Nov 18 2024 01: +0,650.683,3,Desert Eagle | Blaze (Factory New)
Nov 19 2024 01: +0,664.427,1,Desert Eagle | Blaze (Factory New)
Nov 20 2024 01: +0,678.742,1,Desert Eagle | Blaze (Factory New)
Nov 21 2024 01: +0,651.167,1,Desert Eagle | Blaze (Factory New)
Nov 22 2024 01: +0,650.513,1,Desert Eagle | Blaze (Factory New)
Nov 23 2024 01: +0,665.442,1,Desert Eagle | Blaze (Factory New)
Nov 24 2024 01: +0,664.379,1,Desert Eagle | Blaze (Factory New)
Nov 25 2024 01: +0,628.319,1,Desert Eagle | Blaze (Factory New)
Nov 26 2024 01: +0,623.292,1,Desert Eagle | Blaze (Factory New)
Nov 27 2024 01: +0,633.996,5,Desert Eagle | Blaze (Factory New)
Nov 28 2024 01: +0,638.742,2,Desert Eagle | Blaze (Factory New)
Nov 30 2024 01: +0,627.13,1,Desert Eagle | Blaze (Factory New)
Dec 01 2024 01: +0,650.801,1,Desert Eagle | Blaze (Factory New)
Dec 02 2024 01: +0,657.485,3,Desert Eagle | Blaze (Factory New)
Dec 03 2024 01: +0,627.826,2,Desert Eagle | Blaze (Factory New)
Dec 04 2024 01: +0,674.721,1,Desert Eagle | Blaze (Factory New)
Dec 07 2024 01: +0,644.387,2,Desert Eagle | Blaze (Factory New)
Dec 08 2024 01: +0,639.649,2,Desert Eagle | Blaze (Factory New)
Dec 10 2024 01: +0,641.118,4,Desert Eagle | Blaze (Factory New)
Dec 11 2024 01: +0,631.104,3,Desert Eagle | Blaze (Factory New)
Dec 12 2024 01: +0,685.636,1,Desert Eagle | Blaze (Factory New)
Dec 13 2024 01: +0,649.331,1,Desert Eagle | Blaze (Factory New)
Dec 15 2024 01: +0,634.831,1,Desert Eagle | Blaze (Factory New)
Dec 16 2024 01: +0,630.923,4,Desert Eagle | Blaze (Factory New)
Dec 17 2024 01: +0,633.375,4,Desert Eagle | Blaze (Factory New)
Dec 19 2024 01: +0,657.912,1,Desert Eagle | Blaze (Factory New)
Dec 20 2024 01: +0,645.831,3,Desert Eagle | Blaze (Factory New)
Dec 21 2024 01: +0,767.513,2,Desert Eagle | Blaze (Factory New)
Dec 22 2024 01: +0,593.515,1,Desert Eagle | Blaze (Factory New)
Dec 23 2024 01: +0,600.019,1,Desert Eagle | Blaze (Factory New)
Dec 24 2024 01: +0,614.433,2,Desert Eagle | Blaze (Factory New)
Dec 25 2024 01: +0,657.989,1,Desert Eagle | Blaze (Factory New)
Dec 27 2024 01: +0,657.506,2,Desert Eagle | Blaze (Factory New)
Dec 28 2024 01: +0,640.354,3,Desert Eagle | Blaze (Factory New)
Dec 30 2024 01: +0,613.596,1,Desert Eagle | Blaze (Factory New)
Dec 31 2024 01: +0,613.332,1,Desert Eagle | Blaze (Factory New)
Jan 01 2025 01: +0,613.748,1,Desert Eagle | Blaze (Factory New)
Jan 02 2025 01: +0,626.692,2,Desert Eagle | Blaze (Factory New)
Jan 03 2025 01: +0,637.334,3,Desert Eagle | Blaze (Factory New)
Jan 05 2025 01: +0,610.819,1,Desert Eagle | Blaze (Factory New)
Jan 06 2025 01: +0,642.206,4,Desert Eagle | Blaze (Factory New)
Jan 07 2025 01: +0,628.791,2,Desert Eagle | Blaze (Factory New)
Jan 08 2025 01: +0,677.048,1,Desert Eagle | Blaze (Factory New)
Jan 09 2025 01: +0,671.319,2,Desert Eagle | Blaze (Factory New)
Jan 10 2025 01: +0,647.9,2,Desert Eagle | Blaze (Factory New)
Jan 11 2025 01: +0,611.006,1,Desert Eagle | Blaze (Factory New)
Jan 12 2025 01: +0,640.301,2,Desert Eagle | Blaze (Factory New)
Jan 13 2025 01: +0,611.252,1,Desert Eagle | Blaze (Factory New)
Jan 14 2025 01: +0,692.512,1,Desert Eagle | Blaze (Factory New)
Jan 17 2025 01: +0,644.348,2,Desert Eagle | Blaze (Factory New)
Jan 18 2025 01: +0,674.467,3,Desert Eagle | Blaze (Factory New)
Jan 20 2025 01: +0,654.357,1,Desert Eagle | Blaze (Factory New)
Jan 22 2025 01: +0,655.823,3,Desert Eagle | Blaze (Factory New)
Jan 23 2025 01: +0,619.842,1,Desert Eagle | Blaze (Factory New)
Jan 26 2025 01: +0,645.766,2,Desert Eagle | Blaze (Factory New)
Jan 27 2025 01: +0,635.176,3,Desert Eagle | Blaze (Factory New)
Jan 29 2025 01: +0,595.383,1,Desert Eagle | Blaze (Factory New)
Jan 31 2025 01: +0,603.322,1,Desert Eagle | Blaze (Factory New)
Feb 03 2025 01: +0,650.683,1,Desert Eagle | Blaze (Factory New)
Feb 04 2025 01: +0,613.57,1,Desert Eagle | Blaze (Factory New)
Feb 05 2025 01: +0,634.92,2,Desert Eagle | Blaze (Factory New)
Feb 08 2025 01: +0,644.075,2,Desert Eagle | Blaze (Factory New)
Feb 09 2025 01: +0,674.347,1,Desert Eagle | Blaze (Factory New)
Feb 10 2025 01: +0,689.878,3,Desert Eagle | Blaze (Factory New)
Feb 11 2025 01: +0,664.912,2,Desert Eagle | Blaze (Factory New)
Feb 14 2025 01: +0,721.727,1,Desert Eagle | Blaze (Factory New)
Feb 18 2025 01: +0,713.23,2,Desert Eagle | Blaze (Factory New)
Feb 19 2025 01: +0,679.26,1,Desert Eagle | Blaze (Factory New)
Feb 20 2025 01: +0,640.749,1,Desert Eagle | Blaze (Factory New)
Feb 21 2025 01: +0,679.263,1,Desert Eagle | Blaze (Factory New)
Feb 26 2025 01: +0,712.248,1,Desert Eagle | Blaze (Factory New)
Feb 27 2025 01: +0,688.78,1,Desert Eagle | Blaze (Factory New)
Feb 28 2025 01: +0,737.846,1,Desert Eagle | Blaze (Factory New)
Mar 02 2025 01: +0,738.977,1,Desert Eagle | Blaze (Factory New)
Mar 03 2025 01: +0,650.412,1,Desert Eagle | Blaze (Factory New)
Mar 04 2025 01: +0,671.121,3,Desert Eagle | Blaze (Factory New)
Mar 05 2025 01: +0,653.867,1,Desert Eagle | Blaze (Factory New)
Mar 07 2025 01: +0,682.777,1,Desert Eagle | Blaze (Factory New)
Mar 08 2025 01: +0,924.769,4,Desert Eagle | Blaze (Factory New)
Mar 09 2025 01: +0,663.92,1,Desert Eagle | Blaze (Factory New)
Mar 13 2025 01: +0,779.767,1,Desert Eagle | Blaze (Factory New)
Mar 19 2025 01: +0,778.538,1,Desert Eagle | Blaze (Factory New)
Mar 22 2025 01: +0,772.042,1,Desert Eagle | Blaze (Factory New)
Mar 23 2025 01: +0,679.271,1,Desert Eagle | Blaze (Factory New)
Mar 24 2025 01: +0,650.31,1,Desert Eagle | Blaze (Factory New)
Mar 25 2025 01: +0,634.687,1,Desert Eagle | Blaze (Factory New)
Mar 27 2025 01: +0,646.789,3,Desert Eagle | Blaze (Factory New)
Mar 28 2025 01: +0,635.676,2,Desert Eagle | Blaze (Factory New)
Mar 30 2025 01: +0,734.003,1,Desert Eagle | Blaze (Factory New)
Apr 02 2025 01: +0,680.8,1,Desert Eagle | Blaze (Factory New)
Apr 04 2025 01: +0,660.541,1,Desert Eagle | Blaze (Factory New)
Apr 05 2025 01: +0,727.503,3,Desert Eagle | Blaze (Factory New)
Apr 06 2025 01: +0,526.091,3,Desert Eagle | Blaze (Factory New)
Apr 08 2025 01: +0,646.698,2,Desert Eagle | Blaze (Factory New)
Apr 09 2025 01: +0,660.1,1,Desert Eagle | Blaze (Factory New)
Apr 10 2025 01: +0,660.694,1,Desert Eagle | Blaze (Factory New)
Apr 11 2025 01: +0,683.678,1,Desert Eagle | Blaze (Factory New)
Apr 12 2025 01: +0,703.318,1,Desert Eagle | Blaze (Factory New)
Apr 13 2025 01: +0,764.171,1,Desert Eagle | Blaze (Factory New)
Apr 16 2025 01: +0,758.423,1,Desert Eagle | Blaze (Factory New)
Apr 18 2025 01: +0,721.717,1,Desert Eagle | Blaze (Factory New)
Apr 19 2025 01: +0,723.381,1,Desert Eagle | Blaze (Factory New)
Apr 20 2025 01: +0,666.397,1,Desert Eagle | Blaze (Factory New)
Apr 21 2025 01: +0,727.126,1,Desert Eagle | Blaze (Factory New)
Apr 25 2025 01: +0,777.468,1,Desert Eagle | Blaze (Factory New)
Apr 26 2025 01: +0,812.386,1,Desert Eagle | Blaze (Factory New)
Apr 28 2025 01: +0,797.164,1,Desert Eagle | Blaze (Factory New)
Apr 29 2025 01: +0,825.188,1,Desert Eagle | Blaze (Factory New)
May 01 2025 01: +0,840.598,1,Desert Eagle | Blaze (Factory New)
May 02 2025 01: +0,892.238,3,Desert Eagle | Blaze (Factory New)
May 04 2025 01: +0,936.658,5,Desert Eagle | Blaze (Factory New)
May 06 2025 01: +0,1176.781,2,Desert Eagle | Blaze (Factory New)
May 08 2025 01: +0,1064.139,2,Desert Eagle | Blaze (Factory New)
May 09 2025 01: +0,850.352,1,Desert Eagle | Blaze (Factory New)
May 12 2025 01: +0,790.493,1,Desert Eagle | Blaze (Factory New)
May 14 2025 01: +0,758.809,2,Desert Eagle | Blaze (Factory New)
May 15 2025 01: +0,773.545,1,Desert Eagle | Blaze (Factory New)
May 21 2025 01: +0,788.328,1,Desert Eagle | Blaze (Factory New)
May 23 2025 01: +0,780.902,2,Desert Eagle | Blaze (Factory New)
May 24 2025 01: +0,875.446,1,Desert Eagle | Blaze (Factory New)
May 26 2025 01: +0,934.182,1,Desert Eagle | Blaze (Factory New)
May 28 2025 01: +0,806.124,1,Desert Eagle | Blaze (Factory New)
May 30 2025 01: +0,856.794,2,Desert Eagle | Blaze (Factory New)
Jun 01 2025 01: +0,903.339,1,Desert Eagle | Blaze (Factory New)
Jun 04 2025 01: +0,849.228,4,Desert Eagle | Blaze (Factory New)
Jun 09 2025 01: +0,814.012,1,Desert Eagle | Blaze (Factory New)
Jun 13 2025 01: +0,805.717,2,Desert Eagle | Blaze (Factory New)
Jun 17 2025 01: +0,825.233,3,Desert Eagle | Blaze (Factory New)
Jun 20 2025 01: +0,839.739,1,Desert Eagle | Blaze (Factory New)
Jun 22 2025 01: +0,805.428,1,Desert Eagle | Blaze (Factory New)
Jun 24 2025 01: +0,809.496,2,Desert Eagle | Blaze (Factory New)
Jun 25 2025 01: +0,786.757,1,Desert Eagle | Blaze (Factory New)
Jun 26 2025 01: +0,873.97,1,Desert Eagle | Blaze (Factory New)
Jun 28 2025 01: +0,891.533,1,Desert Eagle | Blaze (Factory New)
Jun 29 2025 01: +0,786.527,1,Desert Eagle | Blaze (Factory New)
Jul 01 2025 01: +0,976.44,1,Desert Eagle | Blaze (Factory New)
Jul 05 2025 01: +0,828.96,2,Desert Eagle | Blaze (Factory New)
Jul 08 2025 01: +0,896.247,1,Desert Eagle | Blaze (Factory New)
Jul 09 2025 01: +0,866.519,1,Desert Eagle | Blaze (Factory New)
Jul 10 2025 01: +0,904.75,2,Desert Eagle | Blaze (Factory New)
Jul 11 2025 01: +0,873.915,2,Desert Eagle | Blaze (Factory New)
Jul 12 2025 01: +0,956.398,3,Desert Eagle | Blaze (Factory New)
Jul 13 2025 01: +0,1092.128,1,Desert Eagle | Blaze (Factory New)
Jul 17 2025 01: +0,949.027,1,Desert Eagle | Blaze (Factory New)
Jul 18 2025 01: +0,843.169,2,Desert Eagle | Blaze (Factory New)
Jul 19 2025 01: +0,910.863,1,Desert Eagle | Blaze (Factory New)
Jul 23 2025 01: +0,853.125,4,Desert Eagle | Blaze (Factory New)
Jul 24 2025 01: +0,918.595,2,Desert Eagle | Blaze (Factory New)
Jul 26 2025 01: +0,881.171,3,Desert Eagle | Blaze (Factory New)
Jul 28 2025 01: +0,933.745,2,Desert Eagle | Blaze (Factory New)
Jul 30 2025 01: +0,935.788,3,Desert Eagle | Blaze (Factory New)
Jul 31 2025 01: +0,952.496,2,Desert Eagle | Blaze (Factory New)
Aug 04 2025 01: +0,1019.611,1,Desert Eagle | Blaze (Factory New)
Aug 05 2025 01: +0,931.211,1,Desert Eagle | Blaze (Factory New)
Aug 06 2025 01: +0,1003.662,1,Desert Eagle | Blaze (Factory New)
Aug 07 2025 01: +0,933.796,1,Desert Eagle | Blaze (Factory New)
Aug 08 2025 01: +0,1037.886,1,Desert Eagle | Blaze (Factory New)
Aug 09 2025 01: +0,1057.036,1,Desert Eagle | Blaze (Factory New)
Aug 10 2025 01: +0,1038.243,1,Desert Eagle | Blaze (Factory New)
Aug 13 2025 01: +0,1041.788,1,Desert Eagle | Blaze (Factory New)
Aug 14 2025 01: +0,1042.78,1,Desert Eagle | Blaze (Factory New)
Aug 15 2025 01: +0,1126.431,1,Desert Eagle | Blaze (Factory New)
Aug 16 2025 01: +0,939.135,1,Desert Eagle | Blaze (Factory New)
Aug 19 2025 01: +0,950.493,1,Desert Eagle | Blaze (Factory New)
Aug 23 2025 01: +0,976.817,2,Desert Eagle | Blaze (Factory New)
Aug 25 2025 01: +0,1047.964,1,Desert Eagle | Blaze (Factory New)
Aug 27 2025 01: +0,938.292,1,Desert Eagle | Blaze (Factory New)
Aug 28 2025 01: +0,1131.844,1,Desert Eagle | Blaze (Factory New)
Aug 31 2025 01: +0,1053.782,1,Desert Eagle | Blaze (Factory New)
Sep 01 2025 01: +0,1049.262,2,Desert Eagle | Blaze (Factory New)
Sep 02 2025 01: +0,1037.664,2,Desert Eagle | Blaze (Factory New)
Sep 03 2025 01: +0,1109.036,5,Desert Eagle | Blaze (Factory New)
Sep 04 2025 01: +0,1174.31,3,Desert Eagle | Blaze (Factory New)
Sep 05 2025 01: +0,1086.821,1,Desert Eagle | Blaze (Factory New)
Sep 06 2025 01: +0,1259.205,1,Desert Eagle | Blaze (Factory New)
Sep 07 2025 01: +0,1255.23,1,Desert Eagle | Blaze (Factory New)
Sep 10 2025 01: +0,1528.343,1,Desert Eagle | Blaze (Factory New)
Sep 12 2025 01: +0,1167.424,2,Desert Eagle | Blaze (Factory New)
Sep 19 2025 01: +0,580.626,2,Desert Eagle | Blaze (Factory New)
Sep 25 2025 01: +0,945.267,2,Desert Eagle | Blaze (Factory New)
Sep 29 2025 01: +0,945.308,3,Desert Eagle | Blaze (Factory New)
Oct 02 2025 01: +0,1038.804,3,Desert Eagle | Blaze (Factory New)
Oct 06 2025 01: +0,1061.349,1,Desert Eagle | Blaze (Factory New)
Oct 09 2025 01: +0,1103.808,1,Desert Eagle | Blaze (Factory New)
Oct 11 2025 01: +0,1041.251,1,Desert Eagle | Blaze (Factory New)
Oct 12 2025 01: +0,1110.642,1,Desert Eagle | Blaze (Factory New)
Oct 16 2025 01: +0,1084.69,1,Desert Eagle | Blaze (Factory New)
Oct 19 2025 01: +0,1237.879,1,Desert Eagle | Blaze (Factory New)
Oct 23 2025 01: +0,792.716,9,Desert Eagle | Blaze (Factory New)
Oct 24 2025 01: +0,679.43,12,Desert Eagle | Blaze (Factory New)
Oct 25 2025 01: +0,877.732,2,Desert Eagle | Blaze (Factory New)
Oct 26 2025 01: +0,1011.182,1,Desert Eagle | Blaze (Factory New)
Oct 27 2025 01: +0,780.346,1,Desert Eagle | Blaze (Factory New)
Oct 28 2025 01: +0,870.994,2,Desert Eagle | Blaze (Factory New)
Oct 29 2025 01: +0,861.881,3,Desert Eagle | Blaze (Factory New)
Oct 30 2025 01: +0,887.445,4,Desert Eagle | Blaze (Factory New)
Oct 31 2025 01: +0,998.487,2,Desert Eagle | Blaze (Factory New)
Nov 01 2025 01: +0,1004.052,4,Desert Eagle | Blaze (Factory New)
Nov 02 2025 01: +0,1033.293,1,Desert Eagle | Blaze (Factory New)
Nov 03 2025 01: +0,956.209,2,Desert Eagle | Blaze (Factory New)
Nov 04 2025 01: +0,1051.759,2,Desert Eagle | Blaze (Factory New)
Nov 05 2025 01: +0,906.128,2,Desert Eagle | Blaze (Factory New)
Nov 07 2025 01: +0,929.521,1,Desert Eagle | Blaze (Factory New)
Nov 08 2025 01: +0,960.356,3,Desert Eagle | Blaze (Factory New)
Nov 09 2025 01: +0,1026.63,1,Desert Eagle | Blaze (Factory New)
Nov 10 2025 01: +0,1012.971,1,Desert Eagle | Blaze (Factory New)
Nov 13 2025 01: +0,887.436,2,Desert Eagle | Blaze (Factory New)
Nov 14 2025 01: +0,848.864,1,Desert Eagle | Blaze (Factory New)
Nov 16 2025 01: +0,949.418,2,Desert Eagle | Blaze (Factory New)
Nov 20 2025 01: +0,846.86,1,Desert Eagle | Blaze (Factory New)
Nov 21 2025 01: +0,809.351,1,Desert Eagle | Blaze (Factory New)
Nov 22 2025 01: +0,850.763,2,Desert Eagle | Blaze (Factory New)
Nov 24 2025 01: +0,968.842,1,Desert Eagle | Blaze (Factory New)
Nov 25 2025 01: +0,976.28,1,Desert Eagle | Blaze (Factory New)
Nov 26 2025 01: +0,934.029,1,Desert Eagle | Blaze (Factory New)
Nov 27 2025 01: +0,946.499,1,Desert Eagle | Blaze (Factory New)
Nov 28 2025 01: +0,1000.512,4,Desert Eagle | Blaze (Factory New)
Nov 29 2025 01: +0,1011.61,3,Desert Eagle | Blaze (Factory New)
Nov 30 2025 01: +0,1120.84,2,Desert Eagle | Blaze (Factory New)
Dec 01 2025 01: +0,1159.367,1,Desert Eagle | Blaze (Factory New)
Dec 03 2025 01: +0,1248.865,5,Desert Eagle | Blaze (Factory New)
Dec 05 2025 01: +0,1201.965,1,Desert Eagle | Blaze (Factory New)
Dec 06 2025 01: +0,1201.617,2,Desert Eagle | Blaze (Factory New)
Dec 07 2025 01: +0,1189.441,2,Desert Eagle | Blaze (Factory New)
Dec 08 2025 01: +0,1196.862,1,Desert Eagle | Blaze (Factory New)
Dec 09 2025 01: +0,1192.294,1,Desert Eagle | Blaze (Factory New)
Dec 10 2025 01: +0,1218.923,3,Desert Eagle | Blaze (Factory New)
Dec 12 2025 01: +0,1196.302,5,Desert Eagle | Blaze (Factory New)
Dec 13 2025 01: +0,1144.661,1,Desert Eagle | Blaze (Factory New)
Dec 16 2025 01: +0,1139.481,1,Desert Eagle | Blaze (Factory New)
Dec 17 2025 01: +0,1208.843,1,Desert Eagle | Blaze (Factory New)
Dec 18 2025 01: +0,1359.164,1,Desert Eagle | Blaze (Factory New)
Dec 24 2025 01: +0,1223.359,2,Desert Eagle | Blaze (Factory New)
Dec 26 2025 01: +0,1218.321,1,Desert Eagle | Blaze (Factory New)
Dec 27 2025 01: +0,1269.969,1,Desert Eagle | Blaze (Factory New)
Dec 29 2025 01: +0,850.65,1,Desert Eagle | Blaze (Factory New)
Jan 01 2026 01: +0,1244.537,1,Desert Eagle | Blaze (Factory New)
Jan 04 2026 01: +0,1001.905,1,Desert Eagle | Blaze (Factory New)
Jan 11 2026 01: +0,1027.386,1,Desert Eagle | Blaze (Factory New)
Jan 13 2026 01: +0,1089.453,1,Desert Eagle | Blaze (Factory New)
Jan 15 2026 01: +0,1024.422,2,Desert Eagle | Blaze (Factory New)
Jan 16 2026 01: +0,1015.473,1,Desert Eagle | Blaze (Factory New)
Jan 19 2026 01: +0,983.688,2,Desert Eagle | Blaze (Factory New)
Jan 21 2026 01: +0,1189.568,1,Desert Eagle | Blaze (Factory New)
Feb 03 2026 01: +0,930.597,1,Desert Eagle | Blaze (Factory New)
Feb 06 2026 01: +0,1002.142,1,Desert Eagle | Blaze (Factory New)
Feb 10 2026 01: +0,1026.459,1,Desert Eagle | Blaze (Factory New)
Feb 14 2026 01: +0,958.975,1,Desert Eagle | Blaze (Factory New)
Feb 15 2026 01: +0,1036.335,1,Desert Eagle | Blaze (Factory New)
Feb 21 2026 01: +0,976.444,1,Desert Eagle | Blaze (Factory New)
Feb 24 2026 01: +0,1047.191,1,Desert Eagle | Blaze (Factory New)
Feb 25 2026 01: +0,919.06,1,Desert Eagle | Blaze (Factory New)
Mar 03 2026 01: +0,683.509,1,Desert Eagle | Blaze (Factory New)
Mar 05 2026 01: +0,1007.275,2,Desert Eagle | Blaze (Factory New)
Mar 07 2026 01: +0,975.854,1,Desert Eagle | Blaze (Factory New)
Mar 09 2026 01: +0,874.808,1,Desert Eagle | Blaze (Factory New)
Mar 13 2026 01: +0,927.976,1,Desert Eagle | Blaze (Factory New)
Mar 14 2026 01: +0,1006.379,1,Desert Eagle | Blaze (Factory New)
Mar 15 2026 01: +0,885.967,2,Desert Eagle | Blaze (Factory New)
Mar 17 2026 01: +0,913.753,1,Desert Eagle | Blaze (Factory New)
Mar 18 2026 01: +0,842.593,2,Desert Eagle | Blaze (Factory New)
Mar 19 2026 01: +0,866.396,2,Desert Eagle | Blaze (Factory New)
Mar 20 2026 01: +0,772.891,1,Desert Eagle | Blaze (Factory New)
Mar 22 2026 01: +0,925.742,1,Desert Eagle | Blaze (Factory New)
Mar 23 2026 01: +0,810.607,1,Desert Eagle | Blaze (Factory New)
Mar 25 2026 01: +0,967.934,1,Desert Eagle | Blaze (Factory New)
Mar 27 2026 01: +0,1027.362,1,Desert Eagle | Blaze (Factory New)
Mar 28 2026 01: +0,932.45,1,Desert Eagle | Blaze (Factory New)
Mar 30 2026 01: +0,961.059,2,Desert Eagle | Blaze (Factory New)
Mar 31 2026 01: +0,974.45,1,Desert Eagle | Blaze (Factory New)
Apr 01 2026 01: +0,861.409,1,Desert Eagle | Blaze (Factory New)
Apr 03 2026 01: +0,944.567,2,Desert Eagle | Blaze (Factory New)
Apr 04 2026 01: +0,929.925,1,Desert Eagle | Blaze (Factory New)
Apr 06 2026 01: +0,878.809,1,Desert Eagle | Blaze (Factory New)
Apr 08 2026 01: +0,828.2,2,Desert Eagle | Blaze (Factory New)
Apr 09 2026 01: +0,829.973,1,Desert Eagle | Blaze (Factory New)
Apr 10 2026 01: +0,853.418,1,Desert Eagle | Blaze (Factory New)
Apr 11 2026 01: +0,850.123,1,Desert Eagle | Blaze (Factory New)
Apr 13 2026 05: +0,854.403,1,Desert Eagle | Blaze (Factory New)
Apr 16 2026 08: +0,856.799,1,Desert Eagle | Blaze (Factory New)
Apr 17 2026 09: +0,860.052,1,Desert Eagle | Blaze (Factory New)
Apr 18 2026 07: +0,822.121,1,Desert Eagle | Blaze (Factory New)
Apr 19 2026 17: +0,924.528,1,Desert Eagle | Blaze (Factory New)
Apr 22 2026 06: +0,833.685,1,Desert Eagle | Blaze (Factory New)
Apr 23 2026 16: +0,731.091,1,Desert Eagle | Blaze (Factory New)
Apr 24 2026 06: +0,782.044,1,Desert Eagle | Blaze (Factory New)
Apr 24 2026 11: +0,793.694,1,Desert Eagle | Blaze (Factory New)
Apr 25 2026 04: +0,816.891,1,Desert Eagle | Blaze (Factory New)
Apr 25 2026 14: +0,848.234,1,Desert Eagle | Blaze (Factory New)
Apr 28 2026 04: +0,860.542,1,Desert Eagle | Blaze (Factory New)
Apr 28 2026 14: +0,847.836,1,Desert Eagle | Blaze (Factory New)
Apr 28 2026 17: +0,942.478,1,Desert Eagle | Blaze (Factory New)
Apr 28 2026 22: +0,945.896,1,Desert Eagle | Blaze (Factory New)
May 02 2026 17: +0,1071.55,1,Desert Eagle | Blaze (Factory New)
May 03 2026 05: +0,823.233,1,Desert Eagle | Blaze (Factory New)
May 03 2026 08: +0,825.067,1,Desert Eagle | Blaze (Factory New)
May 08 2026 23: +0,1020.05,1,Desert Eagle | Blaze (Factory New)
May 11 2026 00: +0,1023.964,1,Desert Eagle | Blaze (Factory New)
