date,price,volume,case
Jul 02 2014 01: +0,3.663,70167,Operation Breakout Weapon Case
Jul 03 2014 01: +0,2.856,44849,Operation Breakout Weapon Case
Jul 04 2014 01: +0,3.363,25137,Operation Breakout Weapon Case
Jul 05 2014 01: +0,3.407,18923,Operation Breakout Weapon Case
Jul 06 2014 01: +0,3.456,15788,Operation Breakout Weapon Case
Jul 07 2014 01: +0,3.665,12800,Operation Breakout Weapon Case
Jul 08 2014 01: +0,3.819,10284,Operation Breakout Weapon Case
Jul 09 2014 01: +0,2.561,25336,Operation Breakout Weapon Case
Jul 10 2014 01: +0,1.693,35829,Operation Breakout Weapon Case
Jul 11 2014 01: +0,1.42,35745,Operation Breakout Weapon Case
Jul 12 2014 01: +0,1.54,26017,Operation Breakout Weapon Case
Jul 13 2014 01: +0,1.608,20141,Operation Breakout Weapon Case
Jul 14 2014 01: +0,1.686,17805,Operation Breakout Weapon Case
Jul 15 2014 01: +0,1.7,17473,Operation Breakout Weapon Case
Jul 16 2014 01: +0,1.523,21039,Operation Breakout Weapon Case
Jul 17 2014 01: +0,1.105,26759,Operation Breakout Weapon Case
Jul 18 2014 01: +0,1.084,26195,Operation Breakout Weapon Case
Jul 19 2014 01: +0,1.148,23912,Operation Breakout Weapon Case
Jul 20 2014 01: +0,1.161,21608,Operation Breakout Weapon Case
Jul 21 2014 01: +0,1.171,20291,Operation Breakout Weapon Case
Jul 22 2014 01: +0,1.228,19155,Operation Breakout Weapon Case
Jul 23 2014 01: +0,1.245,20724,Operation Breakout Weapon Case
Jul 24 2014 01: +0,1.046,26551,Operation Breakout Weapon Case
Jul 25 2014 01: +0,1.042,33527,Operation Breakout Weapon Case
Jul 26 2014 01: +0,1.142,29971,Operation Breakout Weapon Case
Jul 27 2014 01: +0,1.118,27428,Operation Breakout Weapon Case
Jul 28 2014 01: +0,1.126,27553,Operation Breakout Weapon Case
Jul 29 2014 01: +0,1.226,25911,Operation Breakout Weapon Case
Jul 30 2014 01: +0,1.226,20992,Operation Breakout Weapon Case
Jul 31 2014 01: +0,1.153,25829,Operation Breakout Weapon Case
Aug 01 2014 01: +0,1.154,29718,Operation Breakout Weapon Case
Aug 02 2014 01: +0,1.172,27092,Operation Breakout Weapon Case
Aug 03 2014 01: +0,1.153,27522,Operation Breakout Weapon Case
Aug 04 2014 01: +0,1.14,26015,Operation Breakout Weapon Case
Aug 05 2014 01: +0,1.085,26988,Operation Breakout Weapon Case
Aug 06 2014 01: +0,1.115,26375,Operation Breakout Weapon Case
Aug 07 2014 01: +0,1.105,26571,Operation Breakout Weapon Case
Aug 08 2014 01: +0,1.09,27936,Operation Breakout Weapon Case
Aug 09 2014 01: +0,1.078,27268,Operation Breakout Weapon Case
Aug 10 2014 01: +0,1.05,27117,Operation Breakout Weapon Case
Aug 11 2014 01: +0,1.038,28408,Operation Breakout Weapon Case
Aug 12 2014 01: +0,1.041,26045,Operation Breakout Weapon Case
Aug 13 2014 01: +0,1.038,25808,Operation Breakout Weapon Case
Aug 14 2014 01: +0,1.03,27180,Operation Breakout Weapon Case
Aug 15 2014 01: +0,1.051,31669,Operation Breakout Weapon Case
Aug 16 2014 01: +0,1.043,32656,Operation Breakout Weapon Case
Aug 17 2014 01: +0,0.968,34418,Operation Breakout Weapon Case
Aug 18 2014 01: +0,0.956,32099,Operation Breakout Weapon Case
Aug 19 2014 01: +0,1.016,32692,Operation Breakout Weapon Case
Aug 20 2014 01: +0,1.01,31297,Operation Breakout Weapon Case
Aug 21 2014 01: +0,1.024,32256,Operation Breakout Weapon Case
Aug 22 2014 01: +0,1.036,34350,Operation Breakout Weapon Case
Aug 23 2014 01: +0,1.043,34901,Operation Breakout Weapon Case
Aug 24 2014 01: +0,1.018,35940,Operation Breakout Weapon Case
Aug 25 2014 01: +0,1.059,37629,Operation Breakout Weapon Case
Aug 26 2014 01: +0,1.077,32827,Operation Breakout Weapon Case
Aug 27 2014 01: +0,1.079,30996,Operation Breakout Weapon Case
Aug 28 2014 01: +0,1.08,31585,Operation Breakout Weapon Case
Aug 29 2014 01: +0,1.126,37044,Operation Breakout Weapon Case
Aug 30 2014 01: +0,1.122,35122,Operation Breakout Weapon Case
Aug 31 2014 01: +0,1.08,34202,Operation Breakout Weapon Case
Sep 01 2014 01: +0,1.069,34913,Operation Breakout Weapon Case
Sep 02 2014 01: +0,1.089,32527,Operation Breakout Weapon Case
Sep 03 2014 01: +0,1.081,30585,Operation Breakout Weapon Case
Sep 04 2014 01: +0,1.018,24668,Operation Breakout Weapon Case
Sep 05 2014 01: +0,0.989,32233,Operation Breakout Weapon Case
Sep 06 2014 01: +0,0.956,35741,Operation Breakout Weapon Case
Sep 07 2014 01: +0,0.904,34042,Operation Breakout Weapon Case
Sep 08 2014 01: +0,0.88,31187,Operation Breakout Weapon Case
Sep 09 2014 01: +0,0.877,30821,Operation Breakout Weapon Case
Sep 10 2014 01: +0,0.875,31580,Operation Breakout Weapon Case
Sep 11 2014 01: +0,0.843,38503,Operation Breakout Weapon Case
Sep 12 2014 01: +0,0.772,46270,Operation Breakout Weapon Case
Sep 13 2014 01: +0,0.65,57431,Operation Breakout Weapon Case
Sep 14 2014 01: +0,0.589,51822,Operation Breakout Weapon Case
Sep 15 2014 01: +0,0.614,44218,Operation Breakout Weapon Case
Sep 16 2014 01: +0,0.621,40878,Operation Breakout Weapon Case
Sep 17 2014 01: +0,0.66,42057,Operation Breakout Weapon Case
Sep 18 2014 01: +0,0.682,40321,Operation Breakout Weapon Case
Sep 19 2014 01: +0,0.63,48091,Operation Breakout Weapon Case
Sep 20 2014 01: +0,0.524,58906,Operation Breakout Weapon Case
Sep 21 2014 01: +0,0.461,52535,Operation Breakout Weapon Case
Sep 22 2014 01: +0,0.458,47857,Operation Breakout Weapon Case
Sep 23 2014 01: +0,0.465,45874,Operation Breakout Weapon Case
Sep 24 2014 01: +0,0.458,44060,Operation Breakout Weapon Case
Sep 25 2014 01: +0,0.503,50389,Operation Breakout Weapon Case
Sep 26 2014 01: +0,0.507,54625,Operation Breakout Weapon Case
Sep 27 2014 01: +0,0.461,62819,Operation Breakout Weapon Case
Sep 28 2014 01: +0,0.418,60936,Operation Breakout Weapon Case
Sep 29 2014 01: +0,0.424,52314,Operation Breakout Weapon Case
Sep 30 2014 01: +0,0.47,55948,Operation Breakout Weapon Case
Oct 01 2014 01: +0,0.517,54187,Operation Breakout Weapon Case
Oct 02 2014 01: +0,0.518,51552,Operation Breakout Weapon Case
Oct 03 2014 01: +0,0.484,57502,Operation Breakout Weapon Case
Oct 04 2014 01: +0,0.5,55192,Operation Breakout Weapon Case
Oct 05 2014 01: +0,0.495,52164,Operation Breakout Weapon Case
Oct 06 2014 01: +0,0.517,41624,Operation Breakout Weapon Case
Oct 07 2014 01: +0,0.554,40904,Operation Breakout Weapon Case
Oct 08 2014 01: +0,0.571,40011,Operation Breakout Weapon Case
Oct 09 2014 01: +0,0.587,41193,Operation Breakout Weapon Case
Oct 10 2014 01: +0,0.622,47973,Operation Breakout Weapon Case
Oct 11 2014 01: +0,0.605,50480,Operation Breakout Weapon Case
Oct 12 2014 01: +0,0.538,46522,Operation Breakout Weapon Case
Oct 13 2014 01: +0,0.526,40242,Operation Breakout Weapon Case
Oct 14 2014 01: +0,0.519,39170,Operation Breakout Weapon Case
Oct 15 2014 01: +0,0.53,40088,Operation Breakout Weapon Case
Oct 16 2014 01: +0,0.53,39208,Operation Breakout Weapon Case
Oct 17 2014 01: +0,0.542,46745,Operation Breakout Weapon Case
Oct 18 2014 01: +0,0.523,48402,Operation Breakout Weapon Case
Oct 19 2014 01: +0,0.465,44802,Operation Breakout Weapon Case
Oct 20 2014 01: +0,0.45,38618,Operation Breakout Weapon Case
Oct 21 2014 01: +0,0.452,37107,Operation Breakout Weapon Case
Oct 22 2014 01: +0,0.447,38938,Operation Breakout Weapon Case
Oct 23 2014 01: +0,0.45,41977,Operation Breakout Weapon Case
Oct 24 2014 01: +0,0.476,50610,Operation Breakout Weapon Case
Oct 25 2014 01: +0,0.456,49102,Operation Breakout Weapon Case
Oct 26 2014 01: +0,0.425,51596,Operation Breakout Weapon Case
Oct 27 2014 01: +0,0.421,40958,Operation Breakout Weapon Case
Oct 28 2014 01: +0,0.416,40991,Operation Breakout Weapon Case
Oct 29 2014 01: +0,0.42,42207,Operation Breakout Weapon Case
Oct 30 2014 01: +0,0.413,45009,Operation Breakout Weapon Case
Oct 31 2014 01: +0,0.43,54601,Operation Breakout Weapon Case
Nov 01 2014 01: +0,0.426,52595,Operation Breakout Weapon Case
Nov 02 2014 01: +0,0.396,51840,Operation Breakout Weapon Case
Nov 03 2014 01: +0,0.369,43267,Operation Breakout Weapon Case
Nov 04 2014 01: +0,0.394,44197,Operation Breakout Weapon Case
Nov 05 2014 01: +0,0.391,39678,Operation Breakout Weapon Case
Nov 06 2014 01: +0,0.383,41597,Operation Breakout Weapon Case
Nov 07 2014 01: +0,0.38,46468,Operation Breakout Weapon Case
Nov 08 2014 01: +0,0.364,50637,Operation Breakout Weapon Case
Nov 09 2014 01: +0,0.315,48066,Operation Breakout Weapon Case
Nov 10 2014 01: +0,0.316,43199,Operation Breakout Weapon Case
Nov 11 2014 01: +0,0.315,41603,Operation Breakout Weapon Case
Nov 12 2014 01: +0,0.199,53713,Operation Breakout Weapon Case
Nov 13 2014 01: +0,0.163,46535,Operation Breakout Weapon Case
Nov 14 2014 01: +0,0.204,46625,Operation Breakout Weapon Case
Nov 15 2014 01: +0,0.185,47054,Operation Breakout Weapon Case
Nov 16 2014 01: +0,0.152,44323,Operation Breakout Weapon Case
Nov 17 2014 01: +0,0.145,36221,Operation Breakout Weapon Case
Nov 18 2014 01: +0,0.151,35332,Operation Breakout Weapon Case
Nov 19 2014 01: +0,0.134,28232,Operation Breakout Weapon Case
Nov 20 2014 01: +0,0.118,30309,Operation Breakout Weapon Case
Nov 21 2014 01: +0,0.109,34252,Operation Breakout Weapon Case
Nov 22 2014 01: +0,0.101,38047,Operation Breakout Weapon Case
Nov 23 2014 01: +0,0.094,36040,Operation Breakout Weapon Case
Nov 24 2014 01: +0,0.098,31543,Operation Breakout Weapon Case
Nov 25 2014 01: +0,0.107,34098,Operation Breakout Weapon Case
Nov 26 2014 01: +0,0.105,34703,Operation Breakout Weapon Case
Nov 27 2014 01: +0,0.103,39206,Operation Breakout Weapon Case
Nov 28 2014 01: +0,0.11,46555,Operation Breakout Weapon Case
Nov 29 2014 01: +0,0.107,45724,Operation Breakout Weapon Case
Nov 30 2014 01: +0,0.094,49990,Operation Breakout Weapon Case
Dec 01 2014 01: +0,0.102,41104,Operation Breakout Weapon Case
Dec 02 2014 01: +0,0.105,38799,Operation Breakout Weapon Case
Dec 03 2014 01: +0,0.113,36887,Operation Breakout Weapon Case
Dec 04 2014 01: +0,0.115,36499,Operation Breakout Weapon Case
Dec 05 2014 01: +0,0.122,44880,Operation Breakout Weapon Case
Dec 06 2014 01: +0,0.126,53574,Operation Breakout Weapon Case
Dec 07 2014 01: +0,0.127,51041,Operation Breakout Weapon Case
Dec 08 2014 01: +0,0.128,44712,Operation Breakout Weapon Case
Dec 09 2014 01: +0,0.14,43538,Operation Breakout Weapon Case
Dec 10 2014 01: +0,0.14,42123,Operation Breakout Weapon Case
Dec 11 2014 01: +0,0.134,44199,Operation Breakout Weapon Case
Dec 12 2014 01: +0,0.13,48538,Operation Breakout Weapon Case
Dec 13 2014 01: +0,0.121,55525,Operation Breakout Weapon Case
Dec 14 2014 01: +0,0.109,52145,Operation Breakout Weapon Case
Dec 15 2014 01: +0,0.107,42912,Operation Breakout Weapon Case
Dec 16 2014 01: +0,0.111,45558,Operation Breakout Weapon Case
Dec 17 2014 01: +0,0.106,44169,Operation Breakout Weapon Case
Dec 18 2014 01: +0,0.107,45156,Operation Breakout Weapon Case
Dec 19 2014 01: +0,0.115,55570,Operation Breakout Weapon Case
Dec 20 2014 01: +0,0.108,54138,Operation Breakout Weapon Case
Dec 21 2014 01: +0,0.103,55404,Operation Breakout Weapon Case
Dec 22 2014 01: +0,0.102,56365,Operation Breakout Weapon Case
Dec 23 2014 01: +0,0.113,59950,Operation Breakout Weapon Case
Dec 24 2014 01: +0,0.13,74267,Operation Breakout Weapon Case
Dec 25 2014 01: +0,0.189,90511,Operation Breakout Weapon Case
Dec 26 2014 01: +0,0.213,79864,Operation Breakout Weapon Case
Dec 27 2014 01: +0,0.214,81553,Operation Breakout Weapon Case
Dec 28 2014 01: +0,0.172,68977,Operation Breakout Weapon Case
Dec 29 2014 01: +0,0.17,77032,Operation Breakout Weapon Case
Dec 30 2014 01: +0,0.188,82555,Operation Breakout Weapon Case
Dec 31 2014 01: +0,0.209,72664,Operation Breakout Weapon Case
Jan 01 2015 01: +0,0.216,68912,Operation Breakout Weapon Case
Jan 02 2015 01: +0,0.208,86772,Operation Breakout Weapon Case
Jan 03 2015 01: +0,0.212,80577,Operation Breakout Weapon Case
Jan 04 2015 01: +0,0.208,78949,Operation Breakout Weapon Case
Jan 05 2015 01: +0,0.199,74923,Operation Breakout Weapon Case
Jan 06 2015 01: +0,0.196,67719,Operation Breakout Weapon Case
Jan 07 2015 01: +0,0.188,65026,Operation Breakout Weapon Case
Jan 08 2015 01: +0,0.189,72462,Operation Breakout Weapon Case
Jan 09 2015 01: +0,0.176,88587,Operation Breakout Weapon Case
Jan 10 2015 01: +0,0.154,86744,Operation Breakout Weapon Case
Jan 11 2015 01: +0,0.139,85245,Operation Breakout Weapon Case
Jan 12 2015 01: +0,0.133,71127,Operation Breakout Weapon Case
Jan 13 2015 01: +0,0.139,73279,Operation Breakout Weapon Case
Jan 14 2015 01: +0,0.141,72930,Operation Breakout Weapon Case
Jan 15 2015 01: +0,0.139,68885,Operation Breakout Weapon Case
Jan 16 2015 01: +0,0.13,73716,Operation Breakout Weapon Case
Jan 17 2015 01: +0,0.121,80317,Operation Breakout Weapon Case
Jan 18 2015 01: +0,0.105,73577,Operation Breakout Weapon Case
Jan 19 2015 01: +0,0.1,65382,Operation Breakout Weapon Case
Jan 20 2015 01: +0,0.099,60940,Operation Breakout Weapon Case
Jan 21 2015 01: +0,0.097,57744,Operation Breakout Weapon Case
Jan 22 2015 01: +0,0.094,60885,Operation Breakout Weapon Case
Jan 23 2015 01: +0,0.096,74511,Operation Breakout Weapon Case
Jan 24 2015 01: +0,0.096,73608,Operation Breakout Weapon Case
Jan 25 2015 01: +0,0.086,78505,Operation Breakout Weapon Case
Jan 26 2015 01: +0,0.082,68332,Operation Breakout Weapon Case
Jan 27 2015 01: +0,0.081,63153,Operation Breakout Weapon Case
Jan 28 2015 01: +0,0.08,63052,Operation Breakout Weapon Case
Jan 29 2015 01: +0,0.079,64809,Operation Breakout Weapon Case
Jan 30 2015 01: +0,0.079,79090,Operation Breakout Weapon Case
Jan 31 2015 01: +0,0.078,86124,Operation Breakout Weapon Case
Feb 01 2015 01: +0,0.07,81015,Operation Breakout Weapon Case
Feb 02 2015 01: +0,0.066,69120,Operation Breakout Weapon Case
Feb 03 2015 01: +0,0.069,69420,Operation Breakout Weapon Case
Feb 04 2015 01: +0,0.069,65806,Operation Breakout Weapon Case
Feb 05 2015 01: +0,0.07,63403,Operation Breakout Weapon Case
Feb 06 2015 01: +0,0.069,73215,Operation Breakout Weapon Case
Feb 07 2015 01: +0,0.067,84057,Operation Breakout Weapon Case
Feb 08 2015 01: +0,0.061,80499,Operation Breakout Weapon Case
Feb 09 2015 01: +0,0.058,62231,Operation Breakout Weapon Case
Feb 10 2015 01: +0,0.059,59251,Operation Breakout Weapon Case
Feb 11 2015 01: +0,0.058,60456,Operation Breakout Weapon Case
Feb 12 2015 01: +0,0.058,65315,Operation Breakout Weapon Case
Feb 13 2015 01: +0,0.058,75088,Operation Breakout Weapon Case
Feb 14 2015 01: +0,0.057,83652,Operation Breakout Weapon Case
Feb 15 2015 01: +0,0.05,83682,Operation Breakout Weapon Case
Feb 16 2015 01: +0,0.048,78131,Operation Breakout Weapon Case
Feb 17 2015 01: +0,0.049,69235,Operation Breakout Weapon Case
Feb 18 2015 01: +0,0.048,67345,Operation Breakout Weapon Case
Feb 19 2015 01: +0,0.049,69682,Operation Breakout Weapon Case
Feb 20 2015 01: +0,0.052,78522,Operation Breakout Weapon Case
Feb 21 2015 01: +0,0.051,86902,Operation Breakout Weapon Case
Feb 22 2015 01: +0,0.047,79919,Operation Breakout Weapon Case
Feb 23 2015 01: +0,0.046,67919,Operation Breakout Weapon Case
Feb 24 2015 01: +0,0.046,66301,Operation Breakout Weapon Case
Feb 25 2015 01: +0,0.049,71018,Operation Breakout Weapon Case
Feb 26 2015 01: +0,0.048,78484,Operation Breakout Weapon Case
Feb 27 2015 01: +0,0.049,96468,Operation Breakout Weapon Case
Feb 28 2015 01: +0,0.05,98711,Operation Breakout Weapon Case
Mar 01 2015 01: +0,0.048,91872,Operation Breakout Weapon Case
Mar 02 2015 01: +0,0.046,77198,Operation Breakout Weapon Case
Mar 03 2015 01: +0,0.046,73022,Operation Breakout Weapon Case
Mar 04 2015 01: +0,0.045,78260,Operation Breakout Weapon Case
Mar 05 2015 01: +0,0.044,85267,Operation Breakout Weapon Case
Mar 06 2015 01: +0,0.044,93184,Operation Breakout Weapon Case
Mar 07 2015 01: +0,0.044,91823,Operation Breakout Weapon Case
Mar 08 2015 01: +0,0.042,79876,Operation Breakout Weapon Case
Mar 09 2015 01: +0,0.037,73618,Operation Breakout Weapon Case
Mar 10 2015 01: +0,0.039,69813,Operation Breakout Weapon Case
Mar 11 2015 01: +0,0.039,64515,Operation Breakout Weapon Case
Mar 12 2015 01: +0,0.035,64267,Operation Breakout Weapon Case
Mar 13 2015 01: +0,0.032,87099,Operation Breakout Weapon Case
Mar 14 2015 01: +0,0.035,98245,Operation Breakout Weapon Case
Mar 15 2015 01: +0,0.033,99811,Operation Breakout Weapon Case
Mar 16 2015 01: +0,0.033,75115,Operation Breakout Weapon Case
Mar 17 2015 01: +0,0.037,76153,Operation Breakout Weapon Case
Mar 18 2015 01: +0,0.034,76901,Operation Breakout Weapon Case
Mar 19 2015 01: +0,0.035,77195,Operation Breakout Weapon Case
Mar 20 2015 01: +0,0.035,84022,Operation Breakout Weapon Case
Mar 21 2015 01: +0,0.035,88650,Operation Breakout Weapon Case
Mar 22 2015 01: +0,0.032,88004,Operation Breakout Weapon Case
Mar 23 2015 01: +0,0.032,75994,Operation Breakout Weapon Case
Mar 24 2015 01: +0,0.032,71312,Operation Breakout Weapon Case
Mar 25 2015 01: +0,0.031,76324,Operation Breakout Weapon Case
Mar 26 2015 01: +0,0.034,73168,Operation Breakout Weapon Case
Mar 27 2015 01: +0,0.032,90052,Operation Breakout Weapon Case
Mar 28 2015 01: +0,0.035,97788,Operation Breakout Weapon Case
Mar 29 2015 01: +0,0.03,95363,Operation Breakout Weapon Case
Mar 30 2015 01: +0,0.03,82836,Operation Breakout Weapon Case
Mar 31 2015 01: +0,0.033,83273,Operation Breakout Weapon Case
Apr 01 2015 01: +0,0.036,99943,Operation Breakout Weapon Case
Apr 02 2015 01: +0,0.039,99306,Operation Breakout Weapon Case
Apr 03 2015 01: +0,0.036,104433,Operation Breakout Weapon Case
Apr 04 2015 01: +0,0.034,111716,Operation Breakout Weapon Case
Apr 05 2015 01: +0,0.035,106658,Operation Breakout Weapon Case
Apr 06 2015 01: +0,0.034,101866,Operation Breakout Weapon Case
Apr 07 2015 01: +0,0.037,99778,Operation Breakout Weapon Case
Apr 08 2015 01: +0,0.034,102922,Operation Breakout Weapon Case
Apr 09 2015 01: +0,0.033,103349,Operation Breakout Weapon Case
Apr 10 2015 01: +0,0.036,98169,Operation Breakout Weapon Case
Apr 11 2015 01: +0,0.035,115819,Operation Breakout Weapon Case
Apr 12 2015 01: +0,0.034,101582,Operation Breakout Weapon Case
Apr 13 2015 01: +0,0.031,89836,Operation Breakout Weapon Case
Apr 14 2015 01: +0,0.03,77368,Operation Breakout Weapon Case
Apr 15 2015 01: +0,0.032,70860,Operation Breakout Weapon Case
Apr 16 2015 01: +0,0.03,79644,Operation Breakout Weapon Case
Apr 17 2015 01: +0,0.03,83073,Operation Breakout Weapon Case
Apr 18 2015 01: +0,0.03,105237,Operation Breakout Weapon Case
Apr 19 2015 01: +0,0.03,106943,Operation Breakout Weapon Case
Apr 20 2015 01: +0,0.03,92205,Operation Breakout Weapon Case
Apr 21 2015 01: +0,0.03,91622,Operation Breakout Weapon Case
Apr 22 2015 01: +0,0.03,96344,Operation Breakout Weapon Case
Apr 23 2015 01: +0,0.03,103432,Operation Breakout Weapon Case
Apr 24 2015 01: +0,0.03,113287,Operation Breakout Weapon Case
Apr 25 2015 01: +0,0.03,133101,Operation Breakout Weapon Case
Apr 26 2015 01: +0,0.03,130161,Operation Breakout Weapon Case
Apr 27 2015 01: +0,0.03,105835,Operation Breakout Weapon Case
Apr 28 2015 01: +0,0.03,106041,Operation Breakout Weapon Case
Apr 29 2015 01: +0,0.03,99853,Operation Breakout Weapon Case
Apr 30 2015 01: +0,0.03,115526,Operation Breakout Weapon Case
May 01 2015 01: +0,0.03,119854,Operation Breakout Weapon Case
May 02 2015 01: +0,0.03,145947,Operation Breakout Weapon Case
May 03 2015 01: +0,0.03,134238,Operation Breakout Weapon Case
May 04 2015 01: +0,0.03,112682,Operation Breakout Weapon Case
May 05 2015 01: +0,0.03,114737,Operation Breakout Weapon Case
May 06 2015 01: +0,0.03,122005,Operation Breakout Weapon Case
May 07 2015 01: +0,0.03,101670,Operation Breakout Weapon Case
May 08 2015 01: +0,0.03,131863,Operation Breakout Weapon Case
May 09 2015 01: +0,0.03,139984,Operation Breakout Weapon Case
May 10 2015 01: +0,0.03,143851,Operation Breakout Weapon Case
May 11 2015 01: +0,0.03,114551,Operation Breakout Weapon Case
May 12 2015 01: +0,0.03,115849,Operation Breakout Weapon Case
May 13 2015 01: +0,0.03,122349,Operation Breakout Weapon Case
May 14 2015 01: +0,0.03,139249,Operation Breakout Weapon Case
May 15 2015 01: +0,0.03,127777,Operation Breakout Weapon Case
May 16 2015 01: +0,0.03,143514,Operation Breakout Weapon Case
May 17 2015 01: +0,0.03,131429,Operation Breakout Weapon Case
May 18 2015 01: +0,0.03,104811,Operation Breakout Weapon Case
May 19 2015 01: +0,0.03,112782,Operation Breakout Weapon Case
May 20 2015 01: +0,0.031,90702,Operation Breakout Weapon Case
May 21 2015 01: +0,0.03,100445,Operation Breakout Weapon Case
May 22 2015 01: +0,0.03,137007,Operation Breakout Weapon Case
May 23 2015 01: +0,0.03,124382,Operation Breakout Weapon Case
May 24 2015 01: +0,0.03,112959,Operation Breakout Weapon Case
May 25 2015 01: +0,0.03,100336,Operation Breakout Weapon Case
May 26 2015 01: +0,0.03,106430,Operation Breakout Weapon Case
May 27 2015 01: +0,0.03,118407,Operation Breakout Weapon Case
May 28 2015 01: +0,0.03,109122,Operation Breakout Weapon Case
May 29 2015 01: +0,0.03,136019,Operation Breakout Weapon Case
May 30 2015 01: +0,0.03,145439,Operation Breakout Weapon Case
May 31 2015 01: +0,0.03,132003,Operation Breakout Weapon Case
Jun 01 2015 01: +0,0.03,122673,Operation Breakout Weapon Case
Jun 02 2015 01: +0,0.03,114154,Operation Breakout Weapon Case
Jun 03 2015 01: +0,0.03,122401,Operation Breakout Weapon Case
Jun 04 2015 01: +0,0.03,116006,Operation Breakout Weapon Case
Jun 05 2015 01: +0,0.03,126236,Operation Breakout Weapon Case
Jun 06 2015 01: +0,0.03,111313,Operation Breakout Weapon Case
Jun 07 2015 01: +0,0.03,108371,Operation Breakout Weapon Case
Jun 08 2015 01: +0,0.03,96335,Operation Breakout Weapon Case
Jun 09 2015 01: +0,0.03,94319,Operation Breakout Weapon Case
Jun 10 2015 01: +0,0.03,105021,Operation Breakout Weapon Case
Jun 11 2015 01: +0,0.03,84331,Operation Breakout Weapon Case
Jun 12 2015 01: +0,0.03,102322,Operation Breakout Weapon Case
Jun 13 2015 01: +0,0.03,103045,Operation Breakout Weapon Case
Jun 14 2015 01: +0,0.03,103621,Operation Breakout Weapon Case
Jun 15 2015 01: +0,0.03,88834,Operation Breakout Weapon Case
Jun 16 2015 01: +0,0.03,79603,Operation Breakout Weapon Case
Jun 17 2015 01: +0,0.03,79822,Operation Breakout Weapon Case
Jun 18 2015 01: +0,0.03,73541,Operation Breakout Weapon Case
Jun 19 2015 01: +0,0.03,83781,Operation Breakout Weapon Case
Jun 20 2015 01: +0,0.03,78486,Operation Breakout Weapon Case
Jun 21 2015 01: +0,0.03,74051,Operation Breakout Weapon Case
Jun 22 2015 01: +0,0.03,74275,Operation Breakout Weapon Case
Jun 23 2015 01: +0,0.03,66320,Operation Breakout Weapon Case
Jun 24 2015 01: +0,0.03,68908,Operation Breakout Weapon Case
Jun 25 2015 01: +0,0.03,76524,Operation Breakout Weapon Case
Jun 26 2015 01: +0,0.03,79425,Operation Breakout Weapon Case
Jun 27 2015 01: +0,0.03,80394,Operation Breakout Weapon Case
Jun 28 2015 01: +0,0.03,80882,Operation Breakout Weapon Case
Jun 29 2015 01: +0,0.03,79803,Operation Breakout Weapon Case
Jun 30 2015 01: +0,0.03,82015,Operation Breakout Weapon Case
Jul 01 2015 01: +0,0.03,88949,Operation Breakout Weapon Case
Jul 02 2015 01: +0,0.03,95001,Operation Breakout Weapon Case
Jul 03 2015 01: +0,0.03,80141,Operation Breakout Weapon Case
Jul 04 2015 01: +0,0.03,68239,Operation Breakout Weapon Case
Jul 05 2015 01: +0,0.03,71246,Operation Breakout Weapon Case
Jul 06 2015 01: +0,0.03,72086,Operation Breakout Weapon Case
Jul 07 2015 01: +0,0.03,72495,Operation Breakout Weapon Case
Jul 08 2015 01: +0,0.03,69573,Operation Breakout Weapon Case
Jul 09 2015 01: +0,0.03,78542,Operation Breakout Weapon Case
Jul 10 2015 01: +0,0.03,71748,Operation Breakout Weapon Case
Jul 11 2015 01: +0,0.03,68133,Operation Breakout Weapon Case
Jul 12 2015 01: +0,0.03,67344,Operation Breakout Weapon Case
Jul 13 2015 01: +0,0.03,74614,Operation Breakout Weapon Case
Jul 14 2015 01: +0,0.03,66061,Operation Breakout Weapon Case
Jul 15 2015 01: +0,0.03,68061,Operation Breakout Weapon Case
Jul 16 2015 01: +0,0.03,67145,Operation Breakout Weapon Case
Jul 17 2015 01: +0,0.03,71105,Operation Breakout Weapon Case
Jul 18 2015 01: +0,0.03,74036,Operation Breakout Weapon Case
Jul 19 2015 01: +0,0.03,74147,Operation Breakout Weapon Case
Jul 20 2015 01: +0,0.03,78127,Operation Breakout Weapon Case
Jul 21 2015 01: +0,0.03,69351,Operation Breakout Weapon Case
Jul 22 2015 01: +0,0.03,66929,Operation Breakout Weapon Case
Jul 23 2015 01: +0,0.03,78901,Operation Breakout Weapon Case
Jul 24 2015 01: +0,0.03,73773,Operation Breakout Weapon Case
Jul 25 2015 01: +0,0.03,78267,Operation Breakout Weapon Case
Jul 26 2015 01: +0,0.03,72385,Operation Breakout Weapon Case
Jul 27 2015 01: +0,0.03,79863,Operation Breakout Weapon Case
Jul 28 2015 01: +0,0.03,73311,Operation Breakout Weapon Case
Jul 29 2015 01: +0,0.03,70134,Operation Breakout Weapon Case
Jul 30 2015 01: +0,0.03,73561,Operation Breakout Weapon Case
Jul 31 2015 01: +0,0.03,75096,Operation Breakout Weapon Case
Aug 01 2015 01: +0,0.03,78530,Operation Breakout Weapon Case
Aug 02 2015 01: +0,0.03,83505,Operation Breakout Weapon Case
Aug 03 2015 01: +0,0.03,69609,Operation Breakout Weapon Case
Aug 04 2015 01: +0,0.03,70071,Operation Breakout Weapon Case
Aug 05 2015 01: +0,0.03,80399,Operation Breakout Weapon Case
Aug 06 2015 01: +0,0.03,66166,Operation Breakout Weapon Case
Aug 07 2015 01: +0,0.03,68718,Operation Breakout Weapon Case
Aug 08 2015 01: +0,0.03,69741,Operation Breakout Weapon Case
Aug 09 2015 01: +0,0.03,72719,Operation Breakout Weapon Case
Aug 10 2015 01: +0,0.03,74828,Operation Breakout Weapon Case
Aug 11 2015 01: +0,0.03,72462,Operation Breakout Weapon Case
Aug 12 2015 01: +0,0.03,69652,Operation Breakout Weapon Case
Aug 13 2015 01: +0,0.03,68673,Operation Breakout Weapon Case
Aug 14 2015 01: +0,0.03,69744,Operation Breakout Weapon Case
Aug 15 2015 01: +0,0.03,64611,Operation Breakout Weapon Case
Aug 16 2015 01: +0,0.03,66299,Operation Breakout Weapon Case
Aug 17 2015 01: +0,0.03,64562,Operation Breakout Weapon Case
Aug 18 2015 01: +0,0.03,61195,Operation Breakout Weapon Case
Aug 19 2015 01: +0,0.03,72471,Operation Breakout Weapon Case
Aug 20 2015 01: +0,0.03,65660,Operation Breakout Weapon Case
Aug 21 2015 01: +0,0.03,77636,Operation Breakout Weapon Case
Aug 22 2015 01: +0,0.03,71223,Operation Breakout Weapon Case
Aug 23 2015 01: +0,0.03,67243,Operation Breakout Weapon Case
Aug 24 2015 01: +0,0.03,72147,Operation Breakout Weapon Case
Aug 25 2015 01: +0,0.03,69896,Operation Breakout Weapon Case
Aug 26 2015 01: +0,0.03,73031,Operation Breakout Weapon Case
Aug 27 2015 01: +0,0.03,69757,Operation Breakout Weapon Case
Aug 28 2015 01: +0,0.03,82908,Operation Breakout Weapon Case
Aug 29 2015 01: +0,0.03,79676,Operation Breakout Weapon Case
Aug 30 2015 01: +0,0.03,83165,Operation Breakout Weapon Case
Aug 31 2015 01: +0,0.03,77854,Operation Breakout Weapon Case
Sep 01 2015 01: +0,0.03,79263,Operation Breakout Weapon Case
Sep 02 2015 01: +0,0.03,80904,Operation Breakout Weapon Case
Sep 03 2015 01: +0,0.03,80167,Operation Breakout Weapon Case
Sep 04 2015 01: +0,0.03,80333,Operation Breakout Weapon Case
Sep 05 2015 01: +0,0.03,88256,Operation Breakout Weapon Case
Sep 06 2015 01: +0,0.03,83026,Operation Breakout Weapon Case
Sep 07 2015 01: +0,0.03,77826,Operation Breakout Weapon Case
Sep 08 2015 01: +0,0.03,76118,Operation Breakout Weapon Case
Sep 09 2015 01: +0,0.03,62906,Operation Breakout Weapon Case
Sep 10 2015 01: +0,0.03,76577,Operation Breakout Weapon Case
Sep 11 2015 01: +0,0.03,79957,Operation Breakout Weapon Case
Sep 12 2015 01: +0,0.03,99914,Operation Breakout Weapon Case
Sep 13 2015 01: +0,0.03,82009,Operation Breakout Weapon Case
Sep 14 2015 01: +0,0.03,63750,Operation Breakout Weapon Case
Sep 15 2015 01: +0,0.03,63504,Operation Breakout Weapon Case
Sep 16 2015 01: +0,0.03,68069,Operation Breakout Weapon Case
Sep 17 2015 01: +0,0.03,65452,Operation Breakout Weapon Case
Sep 18 2015 01: +0,0.03,93882,Operation Breakout Weapon Case
Sep 19 2015 01: +0,0.03,118686,Operation Breakout Weapon Case
Sep 20 2015 01: +0,0.03,119915,Operation Breakout Weapon Case
Sep 21 2015 01: +0,0.03,98501,Operation Breakout Weapon Case
Sep 22 2015 01: +0,0.03,103939,Operation Breakout Weapon Case
Sep 23 2015 01: +0,0.03,104031,Operation Breakout Weapon Case
Sep 24 2015 01: +0,0.03,118354,Operation Breakout Weapon Case
Sep 25 2015 01: +0,0.03,104898,Operation Breakout Weapon Case
Sep 26 2015 01: +0,0.03,93874,Operation Breakout Weapon Case
Sep 27 2015 01: +0,0.03,90851,Operation Breakout Weapon Case
Sep 28 2015 01: +0,0.03,80673,Operation Breakout Weapon Case
Sep 29 2015 01: +0,0.03,77454,Operation Breakout Weapon Case
Sep 30 2015 01: +0,0.03,81885,Operation Breakout Weapon Case
Oct 01 2015 01: +0,0.03,74704,Operation Breakout Weapon Case
Oct 02 2015 01: +0,0.03,82907,Operation Breakout Weapon Case
Oct 03 2015 01: +0,0.03,99209,Operation Breakout Weapon Case
Oct 04 2015 01: +0,0.03,80797,Operation Breakout Weapon Case
Oct 05 2015 01: +0,0.03,81129,Operation Breakout Weapon Case
Oct 06 2015 01: +0,0.03,120529,Operation Breakout Weapon Case
Oct 07 2015 01: +0,0.03,138430,Operation Breakout Weapon Case
Oct 08 2015 01: +0,0.03,118808,Operation Breakout Weapon Case
Oct 09 2015 01: +0,0.03,112486,Operation Breakout Weapon Case
Oct 10 2015 01: +0,0.03,112066,Operation Breakout Weapon Case
Oct 11 2015 01: +0,0.03,123629,Operation Breakout Weapon Case
Oct 12 2015 01: +0,0.03,119798,Operation Breakout Weapon Case
Oct 13 2015 01: +0,0.03,165220,Operation Breakout Weapon Case
Oct 14 2015 01: +0,0.03,231692,Operation Breakout Weapon Case
Oct 15 2015 01: +0,0.03,237423,Operation Breakout Weapon Case
Oct 16 2015 01: +0,0.03,196466,Operation Breakout Weapon Case
Oct 17 2015 01: +0,0.03,208750,Operation Breakout Weapon Case
Oct 18 2015 01: +0,0.03,207425,Operation Breakout Weapon Case
Oct 19 2015 01: +0,0.03,133180,Operation Breakout Weapon Case
Oct 20 2015 01: +0,0.03,220643,Operation Breakout Weapon Case
Oct 21 2015 01: +0,0.03,145104,Operation Breakout Weapon Case
Oct 22 2015 01: +0,0.03,115822,Operation Breakout Weapon Case
Oct 23 2015 01: +0,0.03,217447,Operation Breakout Weapon Case
Oct 24 2015 01: +0,0.03,137985,Operation Breakout Weapon Case
Oct 25 2015 01: +0,0.03,121230,Operation Breakout Weapon Case
Oct 26 2015 01: +0,0.03,98212,Operation Breakout Weapon Case
Oct 27 2015 01: +0,0.03,96188,Operation Breakout Weapon Case
Oct 28 2015 01: +0,0.03,86407,Operation Breakout Weapon Case
Oct 29 2015 01: +0,0.03,84185,Operation Breakout Weapon Case
Oct 30 2015 01: +0,0.03,96611,Operation Breakout Weapon Case
Oct 31 2015 01: +0,0.03,107782,Operation Breakout Weapon Case
Nov 01 2015 01: +0,0.03,123303,Operation Breakout Weapon Case
Nov 02 2015 01: +0,0.03,98206,Operation Breakout Weapon Case
Nov 03 2015 01: +0,0.03,85656,Operation Breakout Weapon Case
Nov 04 2015 01: +0,0.03,96022,Operation Breakout Weapon Case
Nov 05 2015 01: +0,0.03,93572,Operation Breakout Weapon Case
Nov 06 2015 01: +0,0.03,101294,Operation Breakout Weapon Case
Nov 07 2015 01: +0,0.03,103865,Operation Breakout Weapon Case
Nov 08 2015 01: +0,0.03,102981,Operation Breakout Weapon Case
Nov 09 2015 01: +0,0.03,79425,Operation Breakout Weapon Case
Nov 10 2015 01: +0,0.03,69200,Operation Breakout Weapon Case
Nov 11 2015 01: +0,0.03,70332,Operation Breakout Weapon Case
Nov 12 2015 01: +0,0.03,70647,Operation Breakout Weapon Case
Nov 13 2015 01: +0,0.03,88424,Operation Breakout Weapon Case
Nov 14 2015 01: +0,0.03,95429,Operation Breakout Weapon Case
Nov 15 2015 01: +0,0.03,97418,Operation Breakout Weapon Case
Nov 16 2015 01: +0,0.03,464096,Operation Breakout Weapon Case
Nov 17 2015 01: +0,0.03,323055,Operation Breakout Weapon Case
Nov 18 2015 01: +0,0.032,230489,Operation Breakout Weapon Case
Nov 19 2015 01: +0,0.031,209328,Operation Breakout Weapon Case
Nov 20 2015 01: +0,0.03,204553,Operation Breakout Weapon Case
Nov 21 2015 01: +0,0.032,281894,Operation Breakout Weapon Case
Nov 22 2015 01: +0,0.03,259784,Operation Breakout Weapon Case
Nov 23 2015 01: +0,0.03,251704,Operation Breakout Weapon Case
Nov 24 2015 01: +0,0.03,224403,Operation Breakout Weapon Case
Nov 25 2015 01: +0,0.03,225635,Operation Breakout Weapon Case
Nov 26 2015 01: +0,0.03,217321,Operation Breakout Weapon Case
Nov 27 2015 01: +0,0.03,228206,Operation Breakout Weapon Case
Nov 28 2015 01: +0,0.03,240753,Operation Breakout Weapon Case
Nov 29 2015 01: +0,0.03,183232,Operation Breakout Weapon Case
Nov 30 2015 01: +0,0.03,143548,Operation Breakout Weapon Case
Dec 01 2015 01: +0,0.03,143775,Operation Breakout Weapon Case
Dec 02 2015 01: +0,0.03,154826,Operation Breakout Weapon Case
Dec 03 2015 01: +0,0.03,157524,Operation Breakout Weapon Case
Dec 04 2015 01: +0,0.03,172721,Operation Breakout Weapon Case
Dec 05 2015 01: +0,0.03,176544,Operation Breakout Weapon Case
Dec 06 2015 01: +0,0.03,189752,Operation Breakout Weapon Case
Dec 07 2015 01: +0,0.03,204923,Operation Breakout Weapon Case
Dec 08 2015 01: +0,0.03,174885,Operation Breakout Weapon Case
Dec 09 2015 01: +0,0.03,212575,Operation Breakout Weapon Case
Dec 10 2015 01: +0,0.03,221997,Operation Breakout Weapon Case
Dec 11 2015 01: +0,0.03,209927,Operation Breakout Weapon Case
Dec 12 2015 01: +0,0.03,216369,Operation Breakout Weapon Case
Dec 13 2015 01: +0,0.03,192062,Operation Breakout Weapon Case
Dec 14 2015 01: +0,0.03,153311,Operation Breakout Weapon Case
Dec 15 2015 01: +0,0.03,173583,Operation Breakout Weapon Case
Dec 16 2015 01: +0,0.03,164416,Operation Breakout Weapon Case
Dec 17 2015 01: +0,0.03,96791,Operation Breakout Weapon Case
Dec 18 2015 01: +0,0.03,113732,Operation Breakout Weapon Case
Dec 19 2015 01: +0,0.03,121360,Operation Breakout Weapon Case
Dec 20 2015 01: +0,0.03,118130,Operation Breakout Weapon Case
Dec 21 2015 01: +0,0.03,116530,Operation Breakout Weapon Case
Dec 22 2015 01: +0,0.03,104874,Operation Breakout Weapon Case
Dec 23 2015 01: +0,0.03,117489,Operation Breakout Weapon Case
Dec 24 2015 01: +0,0.03,120494,Operation Breakout Weapon Case
Dec 25 2015 01: +0,0.03,117165,Operation Breakout Weapon Case
Dec 26 2015 01: +0,0.03,146676,Operation Breakout Weapon Case
Dec 27 2015 01: +0,0.03,137084,Operation Breakout Weapon Case
Dec 28 2015 01: +0,0.03,130211,Operation Breakout Weapon Case
Dec 29 2015 01: +0,0.03,119051,Operation Breakout Weapon Case
Dec 30 2015 01: +0,0.03,117688,Operation Breakout Weapon Case
Dec 31 2015 01: +0,0.03,111861,Operation Breakout Weapon Case
Jan 01 2016 01: +0,0.03,116895,Operation Breakout Weapon Case
Jan 02 2016 01: +0,0.03,121941,Operation Breakout Weapon Case
Jan 03 2016 01: +0,0.03,130163,Operation Breakout Weapon Case
Jan 04 2016 01: +0,0.03,116089,Operation Breakout Weapon Case
Jan 05 2016 01: +0,0.03,101811,Operation Breakout Weapon Case
Jan 06 2016 01: +0,0.03,105111,Operation Breakout Weapon Case
Jan 07 2016 01: +0,0.03,115952,Operation Breakout Weapon Case
Jan 08 2016 01: +0,0.03,106845,Operation Breakout Weapon Case
Jan 09 2016 01: +0,0.03,125984,Operation Breakout Weapon Case
Jan 10 2016 01: +0,0.03,120117,Operation Breakout Weapon Case
Jan 11 2016 01: +0,0.03,96715,Operation Breakout Weapon Case
Jan 12 2016 01: +0,0.03,112714,Operation Breakout Weapon Case
Jan 13 2016 01: +0,0.03,96406,Operation Breakout Weapon Case
Jan 14 2016 01: +0,0.03,99777,Operation Breakout Weapon Case
Jan 15 2016 01: +0,0.03,117657,Operation Breakout Weapon Case
Jan 16 2016 01: +0,0.03,144522,Operation Breakout Weapon Case
Jan 17 2016 01: +0,0.03,133150,Operation Breakout Weapon Case
Jan 18 2016 01: +0,0.03,109867,Operation Breakout Weapon Case
Jan 19 2016 01: +0,0.03,95481,Operation Breakout Weapon Case
Jan 20 2016 01: +0,0.03,95775,Operation Breakout Weapon Case
Jan 21 2016 01: +0,0.03,91907,Operation Breakout Weapon Case
Jan 22 2016 01: +0,0.03,107357,Operation Breakout Weapon Case
Jan 23 2016 01: +0,0.03,111549,Operation Breakout Weapon Case
Jan 24 2016 01: +0,0.03,105972,Operation Breakout Weapon Case
Jan 25 2016 01: +0,0.03,100416,Operation Breakout Weapon Case
Jan 26 2016 01: +0,0.03,102103,Operation Breakout Weapon Case
Jan 27 2016 01: +0,0.03,92716,Operation Breakout Weapon Case
Jan 28 2016 01: +0,0.03,102126,Operation Breakout Weapon Case
Jan 29 2016 01: +0,0.03,109598,Operation Breakout Weapon Case
Jan 30 2016 01: +0,0.03,108372,Operation Breakout Weapon Case
Jan 31 2016 01: +0,0.03,114025,Operation Breakout Weapon Case
Feb 01 2016 01: +0,0.03,91097,Operation Breakout Weapon Case
Feb 02 2016 01: +0,0.03,91310,Operation Breakout Weapon Case
Feb 03 2016 01: +0,0.03,96740,Operation Breakout Weapon Case
Feb 04 2016 01: +0,0.03,102629,Operation Breakout Weapon Case
Feb 05 2016 01: +0,0.03,124225,Operation Breakout Weapon Case
Feb 06 2016 01: +0,0.03,125798,Operation Breakout Weapon Case
Feb 07 2016 01: +0,0.03,126467,Operation Breakout Weapon Case
Feb 08 2016 01: +0,0.03,92399,Operation Breakout Weapon Case
Feb 09 2016 01: +0,0.03,85578,Operation Breakout Weapon Case
Feb 10 2016 01: +0,0.03,88752,Operation Breakout Weapon Case
Feb 11 2016 01: +0,0.03,83770,Operation Breakout Weapon Case
Feb 12 2016 01: +0,0.03,85892,Operation Breakout Weapon Case
Feb 13 2016 01: +0,0.03,94606,Operation Breakout Weapon Case
Feb 14 2016 01: +0,0.03,90676,Operation Breakout Weapon Case
Feb 15 2016 01: +0,0.03,81479,Operation Breakout Weapon Case
Feb 16 2016 01: +0,0.03,77284,Operation Breakout Weapon Case
Feb 17 2016 01: +0,0.03,79387,Operation Breakout Weapon Case
Feb 18 2016 01: +0,0.03,137400,Operation Breakout Weapon Case
Feb 19 2016 01: +0,0.03,108768,Operation Breakout Weapon Case
Feb 20 2016 01: +0,0.03,112559,Operation Breakout Weapon Case
Feb 21 2016 01: +0,0.03,103666,Operation Breakout Weapon Case
Feb 22 2016 01: +0,0.03,94084,Operation Breakout Weapon Case
Feb 23 2016 01: +0,0.03,99595,Operation Breakout Weapon Case
Feb 24 2016 01: +0,0.03,106740,Operation Breakout Weapon Case
Feb 25 2016 01: +0,0.03,107181,Operation Breakout Weapon Case
Feb 26 2016 01: +0,0.03,97088,Operation Breakout Weapon Case
Feb 27 2016 01: +0,0.03,113662,Operation Breakout Weapon Case
Feb 28 2016 01: +0,0.03,73093,Operation Breakout Weapon Case
Feb 29 2016 01: +0,0.03,94373,Operation Breakout Weapon Case
Mar 01 2016 01: +0,0.03,92100,Operation Breakout Weapon Case
Mar 02 2016 01: +0,0.03,82041,Operation Breakout Weapon Case
Mar 03 2016 01: +0,0.03,115265,Operation Breakout Weapon Case
Mar 04 2016 01: +0,0.03,104807,Operation Breakout Weapon Case
Mar 05 2016 01: +0,0.03,141158,Operation Breakout Weapon Case
Mar 06 2016 01: +0,0.03,101838,Operation Breakout Weapon Case
Mar 07 2016 01: +0,0.03,94063,Operation Breakout Weapon Case
Mar 08 2016 01: +0,0.03,91671,Operation Breakout Weapon Case
Mar 09 2016 01: +0,0.03,76071,Operation Breakout Weapon Case
Mar 10 2016 01: +0,0.03,63988,Operation Breakout Weapon Case
Mar 11 2016 01: +0,0.03,60477,Operation Breakout Weapon Case
Mar 12 2016 01: +0,0.03,81252,Operation Breakout Weapon Case
Mar 13 2016 01: +0,0.03,73734,Operation Breakout Weapon Case
Mar 14 2016 01: +0,0.03,67800,Operation Breakout Weapon Case
Mar 15 2016 01: +0,0.03,56656,Operation Breakout Weapon Case
Mar 16 2016 01: +0,0.03,58863,Operation Breakout Weapon Case
Mar 17 2016 01: +0,0.03,66206,Operation Breakout Weapon Case
Mar 18 2016 01: +0,0.03,61886,Operation Breakout Weapon Case
Mar 19 2016 01: +0,0.03,66084,Operation Breakout Weapon Case
Mar 20 2016 01: +0,0.03,65632,Operation Breakout Weapon Case
Mar 21 2016 01: +0,0.03,54649,Operation Breakout Weapon Case
Mar 22 2016 01: +0,0.03,56704,Operation Breakout Weapon Case
Mar 23 2016 01: +0,0.03,54298,Operation Breakout Weapon Case
Mar 24 2016 01: +0,0.03,61288,Operation Breakout Weapon Case
Mar 25 2016 01: +0,0.03,67445,Operation Breakout Weapon Case
Mar 26 2016 01: +0,0.03,64657,Operation Breakout Weapon Case
Mar 27 2016 01: +0,0.03,72475,Operation Breakout Weapon Case
Mar 28 2016 01: +0,0.03,69045,Operation Breakout Weapon Case
Mar 29 2016 01: +0,0.03,65957,Operation Breakout Weapon Case
Mar 30 2016 01: +0,0.03,68687,Operation Breakout Weapon Case
Mar 31 2016 01: +0,0.03,72759,Operation Breakout Weapon Case
Apr 01 2016 01: +0,0.03,77989,Operation Breakout Weapon Case
Apr 02 2016 01: +0,0.03,80018,Operation Breakout Weapon Case
Apr 03 2016 01: +0,0.03,93549,Operation Breakout Weapon Case
Apr 04 2016 01: +0,0.03,88003,Operation Breakout Weapon Case
Apr 05 2016 01: +0,0.03,76091,Operation Breakout Weapon Case
Apr 06 2016 01: +0,0.03,72556,Operation Breakout Weapon Case
Apr 07 2016 01: +0,0.03,85329,Operation Breakout Weapon Case
Apr 08 2016 01: +0,0.03,81015,Operation Breakout Weapon Case
Apr 09 2016 01: +0,0.03,89908,Operation Breakout Weapon Case
Apr 10 2016 01: +0,0.03,86553,Operation Breakout Weapon Case
Apr 11 2016 01: +0,0.03,64325,Operation Breakout Weapon Case
Apr 12 2016 01: +0,0.03,62832,Operation Breakout Weapon Case
Apr 13 2016 01: +0,0.03,61459,Operation Breakout Weapon Case
Apr 14 2016 01: +0,0.03,68069,Operation Breakout Weapon Case
Apr 15 2016 01: +0,0.03,72933,Operation Breakout Weapon Case
Apr 16 2016 01: +0,0.03,76590,Operation Breakout Weapon Case
Apr 17 2016 01: +0,0.03,77086,Operation Breakout Weapon Case
Apr 18 2016 01: +0,0.03,70005,Operation Breakout Weapon Case
Apr 19 2016 01: +0,0.03,64410,Operation Breakout Weapon Case
Apr 20 2016 01: +0,0.03,63846,Operation Breakout Weapon Case
Apr 21 2016 01: +0,0.03,64517,Operation Breakout Weapon Case
Apr 22 2016 01: +0,0.03,65153,Operation Breakout Weapon Case
Apr 23 2016 01: +0,0.03,64673,Operation Breakout Weapon Case
Apr 24 2016 01: +0,0.03,78370,Operation Breakout Weapon Case
Apr 25 2016 01: +0,0.03,65604,Operation Breakout Weapon Case
Apr 26 2016 01: +0,0.03,60364,Operation Breakout Weapon Case
Apr 27 2016 01: +0,0.03,60258,Operation Breakout Weapon Case
Apr 28 2016 01: +0,0.032,270814,Operation Breakout Weapon Case
Apr 29 2016 01: +0,0.035,230596,Operation Breakout Weapon Case
Apr 30 2016 01: +0,0.037,132666,Operation Breakout Weapon Case
May 01 2016 01: +0,0.038,136706,Operation Breakout Weapon Case
May 02 2016 01: +0,0.039,116868,Operation Breakout Weapon Case
May 03 2016 01: +0,0.04,177003,Operation Breakout Weapon Case
May 04 2016 01: +0,0.045,213043,Operation Breakout Weapon Case
May 05 2016 01: +0,0.054,239587,Operation Breakout Weapon Case
May 06 2016 01: +0,0.071,235833,Operation Breakout Weapon Case
May 07 2016 01: +0,0.062,128458,Operation Breakout Weapon Case
May 08 2016 01: +0,0.053,91139,Operation Breakout Weapon Case
May 09 2016 01: +0,0.052,89620,Operation Breakout Weapon Case
May 10 2016 01: +0,0.055,72448,Operation Breakout Weapon Case
May 11 2016 01: +0,0.051,67069,Operation Breakout Weapon Case
May 12 2016 01: +0,0.049,70848,Operation Breakout Weapon Case
May 13 2016 01: +0,0.048,67484,Operation Breakout Weapon Case
May 14 2016 01: +0,0.044,67785,Operation Breakout Weapon Case
May 15 2016 01: +0,0.041,63735,Operation Breakout Weapon Case
May 16 2016 01: +0,0.042,60613,Operation Breakout Weapon Case
May 17 2016 01: +0,0.041,60003,Operation Breakout Weapon Case
May 18 2016 01: +0,0.04,52039,Operation Breakout Weapon Case
May 19 2016 01: +0,0.04,49760,Operation Breakout Weapon Case
May 20 2016 01: +0,0.039,56902,Operation Breakout Weapon Case
May 21 2016 01: +0,0.039,53527,Operation Breakout Weapon Case
May 22 2016 01: +0,0.036,51418,Operation Breakout Weapon Case
May 23 2016 01: +0,0.036,41417,Operation Breakout Weapon Case
May 24 2016 01: +0,0.035,37214,Operation Breakout Weapon Case
May 25 2016 01: +0,0.031,39331,Operation Breakout Weapon Case
May 26 2016 01: +0,0.035,41958,Operation Breakout Weapon Case
May 27 2016 01: +0,0.032,43810,Operation Breakout Weapon Case
May 28 2016 01: +0,0.03,42811,Operation Breakout Weapon Case
May 29 2016 01: +0,0.032,38828,Operation Breakout Weapon Case
May 30 2016 01: +0,0.031,40020,Operation Breakout Weapon Case
May 31 2016 01: +0,0.033,36801,Operation Breakout Weapon Case
Jun 01 2016 01: +0,0.033,40136,Operation Breakout Weapon Case
Jun 02 2016 01: +0,0.032,40300,Operation Breakout Weapon Case
Jun 03 2016 01: +0,0.032,43489,Operation Breakout Weapon Case
Jun 04 2016 01: +0,0.032,40972,Operation Breakout Weapon Case
Jun 05 2016 01: +0,0.03,38641,Operation Breakout Weapon Case
Jun 06 2016 01: +0,0.03,40831,Operation Breakout Weapon Case
Jun 07 2016 01: +0,0.03,31966,Operation Breakout Weapon Case
Jun 08 2016 01: +0,0.03,31145,Operation Breakout Weapon Case
Jun 09 2016 01: +0,0.032,36357,Operation Breakout Weapon Case
Jun 10 2016 01: +0,0.03,31376,Operation Breakout Weapon Case
Jun 11 2016 01: +0,0.031,40739,Operation Breakout Weapon Case
Jun 12 2016 01: +0,0.035,34558,Operation Breakout Weapon Case
Jun 13 2016 01: +0,0.03,34428,Operation Breakout Weapon Case
Jun 14 2016 01: +0,0.03,35687,Operation Breakout Weapon Case
Jun 15 2016 01: +0,0.03,30169,Operation Breakout Weapon Case
Jun 16 2016 01: +0,0.033,39512,Operation Breakout Weapon Case
Jun 17 2016 01: +0,0.03,38896,Operation Breakout Weapon Case
Jun 18 2016 01: +0,0.031,42131,Operation Breakout Weapon Case
Jun 19 2016 01: +0,0.03,41510,Operation Breakout Weapon Case
Jun 20 2016 01: +0,0.03,36646,Operation Breakout Weapon Case
Jun 21 2016 01: +0,0.03,37102,Operation Breakout Weapon Case
Jun 22 2016 01: +0,0.03,30412,Operation Breakout Weapon Case
Jun 23 2016 01: +0,0.03,34181,Operation Breakout Weapon Case
Jun 24 2016 01: +0,0.03,34122,Operation Breakout Weapon Case
Jun 25 2016 01: +0,0.03,37147,Operation Breakout Weapon Case
Jun 26 2016 01: +0,0.03,53884,Operation Breakout Weapon Case
Jun 27 2016 01: +0,0.03,45784,Operation Breakout Weapon Case
Jun 28 2016 01: +0,0.03,49137,Operation Breakout Weapon Case
Jun 29 2016 01: +0,0.03,33331,Operation Breakout Weapon Case
Jun 30 2016 01: +0,0.03,35622,Operation Breakout Weapon Case
Jul 01 2016 01: +0,0.03,29149,Operation Breakout Weapon Case
Jul 02 2016 01: +0,0.03,28310,Operation Breakout Weapon Case
Jul 03 2016 01: +0,0.03,28485,Operation Breakout Weapon Case
Jul 04 2016 01: +0,0.03,31963,Operation Breakout Weapon Case
Jul 05 2016 01: +0,0.03,27890,Operation Breakout Weapon Case
Jul 06 2016 01: +0,0.03,32503,Operation Breakout Weapon Case
Jul 07 2016 01: +0,0.03,23701,Operation Breakout Weapon Case
Jul 08 2016 01: +0,0.03,26220,Operation Breakout Weapon Case
Jul 09 2016 01: +0,0.03,25806,Operation Breakout Weapon Case
Jul 10 2016 01: +0,0.03,30678,Operation Breakout Weapon Case
Jul 11 2016 01: +0,0.03,24748,Operation Breakout Weapon Case
Jul 12 2016 01: +0,0.03,24736,Operation Breakout Weapon Case
Jul 13 2016 01: +0,0.03,27203,Operation Breakout Weapon Case
Jul 14 2016 01: +0,0.03,34817,Operation Breakout Weapon Case
Jul 15 2016 01: +0,0.03,26439,Operation Breakout Weapon Case
Jul 16 2016 01: +0,0.03,27854,Operation Breakout Weapon Case
Jul 17 2016 01: +0,0.03,26552,Operation Breakout Weapon Case
Jul 18 2016 01: +0,0.03,22913,Operation Breakout Weapon Case
Jul 19 2016 01: +0,0.03,21915,Operation Breakout Weapon Case
Jul 20 2016 01: +0,0.03,19500,Operation Breakout Weapon Case
Jul 21 2016 01: +0,0.03,18258,Operation Breakout Weapon Case
Jul 22 2016 01: +0,0.03,23771,Operation Breakout Weapon Case
Jul 23 2016 01: +0,0.03,20384,Operation Breakout Weapon Case
Jul 24 2016 01: +0,0.03,18401,Operation Breakout Weapon Case
Jul 25 2016 01: +0,0.03,20122,Operation Breakout Weapon Case
Jul 26 2016 01: +0,0.03,18044,Operation Breakout Weapon Case
Jul 27 2016 01: +0,0.03,20091,Operation Breakout Weapon Case
Jul 28 2016 01: +0,0.03,21989,Operation Breakout Weapon Case
Jul 29 2016 01: +0,0.03,22958,Operation Breakout Weapon Case
Jul 30 2016 01: +0,0.03,26176,Operation Breakout Weapon Case
Jul 31 2016 01: +0,0.03,19770,Operation Breakout Weapon Case
Aug 01 2016 01: +0,0.03,24335,Operation Breakout Weapon Case
Aug 02 2016 01: +0,0.03,23463,Operation Breakout Weapon Case
Aug 03 2016 01: +0,0.03,24585,Operation Breakout Weapon Case
Aug 04 2016 01: +0,0.03,26153,Operation Breakout Weapon Case
Aug 05 2016 01: +0,0.03,21903,Operation Breakout Weapon Case
Aug 06 2016 01: +0,0.03,19728,Operation Breakout Weapon Case
Aug 07 2016 01: +0,0.03,15212,Operation Breakout Weapon Case
Aug 08 2016 01: +0,0.03,18849,Operation Breakout Weapon Case
Aug 09 2016 01: +0,0.03,16978,Operation Breakout Weapon Case
Aug 10 2016 01: +0,0.03,17689,Operation Breakout Weapon Case
Aug 11 2016 01: +0,0.03,24257,Operation Breakout Weapon Case
Aug 12 2016 01: +0,0.03,18928,Operation Breakout Weapon Case
Aug 13 2016 01: +0,0.03,14877,Operation Breakout Weapon Case
Aug 14 2016 01: +0,0.03,18953,Operation Breakout Weapon Case
Aug 15 2016 01: +0,0.03,20888,Operation Breakout Weapon Case
Aug 16 2016 01: +0,0.03,15722,Operation Breakout Weapon Case
Aug 17 2016 01: +0,0.03,18319,Operation Breakout Weapon Case
Aug 18 2016 01: +0,0.03,21264,Operation Breakout Weapon Case
Aug 19 2016 01: +0,0.03,21448,Operation Breakout Weapon Case
Aug 20 2016 01: +0,0.03,20065,Operation Breakout Weapon Case
Aug 21 2016 01: +0,0.03,23497,Operation Breakout Weapon Case
Aug 22 2016 01: +0,0.03,20371,Operation Breakout Weapon Case
Aug 23 2016 01: +0,0.03,15933,Operation Breakout Weapon Case
Aug 24 2016 01: +0,0.03,16226,Operation Breakout Weapon Case
Aug 25 2016 01: +0,0.03,15922,Operation Breakout Weapon Case
Aug 26 2016 01: +0,0.03,16629,Operation Breakout Weapon Case
Aug 27 2016 01: +0,0.03,16048,Operation Breakout Weapon Case
Aug 28 2016 01: +0,0.03,17537,Operation Breakout Weapon Case
Aug 29 2016 01: +0,0.03,13726,Operation Breakout Weapon Case
Aug 30 2016 01: +0,0.03,13946,Operation Breakout Weapon Case
Aug 31 2016 01: +0,0.03,15598,Operation Breakout Weapon Case
Sep 01 2016 01: +0,0.03,14848,Operation Breakout Weapon Case
Sep 02 2016 01: +0,0.03,16108,Operation Breakout Weapon Case
Sep 03 2016 01: +0,0.03,15720,Operation Breakout Weapon Case
Sep 04 2016 01: +0,0.03,15334,Operation Breakout Weapon Case
Sep 05 2016 01: +0,0.03,11642,Operation Breakout Weapon Case
Sep 06 2016 01: +0,0.03,16576,Operation Breakout Weapon Case
Sep 07 2016 01: +0,0.03,13434,Operation Breakout Weapon Case
Sep 08 2016 01: +0,0.03,14127,Operation Breakout Weapon Case
Sep 09 2016 01: +0,0.03,15997,Operation Breakout Weapon Case
Sep 10 2016 01: +0,0.03,15738,Operation Breakout Weapon Case
Sep 11 2016 01: +0,0.03,17552,Operation Breakout Weapon Case
Sep 12 2016 01: +0,0.03,11309,Operation Breakout Weapon Case
Sep 13 2016 01: +0,0.03,10313,Operation Breakout Weapon Case
Sep 14 2016 01: +0,0.03,12145,Operation Breakout Weapon Case
Sep 15 2016 01: +0,0.03,16077,Operation Breakout Weapon Case
Sep 16 2016 01: +0,0.03,18874,Operation Breakout Weapon Case
Sep 17 2016 01: +0,0.03,14945,Operation Breakout Weapon Case
Sep 18 2016 01: +0,0.03,14898,Operation Breakout Weapon Case
Sep 19 2016 01: +0,0.03,10938,Operation Breakout Weapon Case
Sep 20 2016 01: +0,0.03,11369,Operation Breakout Weapon Case
Sep 21 2016 01: +0,0.03,10725,Operation Breakout Weapon Case
Sep 22 2016 01: +0,0.03,13477,Operation Breakout Weapon Case
Sep 23 2016 01: +0,0.03,13430,Operation Breakout Weapon Case
Sep 24 2016 01: +0,0.03,15179,Operation Breakout Weapon Case
Sep 25 2016 01: +0,0.03,15125,Operation Breakout Weapon Case
Sep 26 2016 01: +0,0.03,10829,Operation Breakout Weapon Case
Sep 27 2016 01: +0,0.03,13562,Operation Breakout Weapon Case
Sep 28 2016 01: +0,0.03,9569,Operation Breakout Weapon Case
Sep 29 2016 01: +0,0.03,13770,Operation Breakout Weapon Case
Sep 30 2016 01: +0,0.03,12091,Operation Breakout Weapon Case
Oct 01 2016 01: +0,0.03,17935,Operation Breakout Weapon Case
Oct 02 2016 01: +0,0.03,15133,Operation Breakout Weapon Case
Oct 03 2016 01: +0,0.03,14037,Operation Breakout Weapon Case
Oct 04 2016 01: +0,0.03,11130,Operation Breakout Weapon Case
Oct 05 2016 01: +0,0.03,13396,Operation Breakout Weapon Case
Oct 06 2016 01: +0,0.03,11590,Operation Breakout Weapon Case
Oct 07 2016 01: +0,0.03,11092,Operation Breakout Weapon Case
Oct 08 2016 01: +0,0.03,16582,Operation Breakout Weapon Case
Oct 09 2016 01: +0,0.03,11467,Operation Breakout Weapon Case
Oct 10 2016 01: +0,0.03,9979,Operation Breakout Weapon Case
Oct 11 2016 01: +0,0.03,11389,Operation Breakout Weapon Case
Oct 12 2016 01: +0,0.03,10088,Operation Breakout Weapon Case
Oct 13 2016 01: +0,0.03,9332,Operation Breakout Weapon Case
Oct 14 2016 01: +0,0.03,14931,Operation Breakout Weapon Case
Oct 15 2016 01: +0,0.03,12947,Operation Breakout Weapon Case
Oct 16 2016 01: +0,0.03,12570,Operation Breakout Weapon Case
Oct 17 2016 01: +0,0.03,10281,Operation Breakout Weapon Case
Oct 18 2016 01: +0,0.03,8567,Operation Breakout Weapon Case
Oct 19 2016 01: +0,0.03,8650,Operation Breakout Weapon Case
Oct 20 2016 01: +0,0.03,10106,Operation Breakout Weapon Case
Oct 21 2016 01: +0,0.03,9040,Operation Breakout Weapon Case
Oct 22 2016 01: +0,0.03,9050,Operation Breakout Weapon Case
Oct 23 2016 01: +0,0.03,12279,Operation Breakout Weapon Case
Oct 24 2016 01: +0,0.03,9099,Operation Breakout Weapon Case
Oct 25 2016 01: +0,0.03,11419,Operation Breakout Weapon Case
Oct 26 2016 01: +0,0.03,8103,Operation Breakout Weapon Case
Oct 27 2016 01: +0,0.03,8696,Operation Breakout Weapon Case
Oct 28 2016 01: +0,0.03,9512,Operation Breakout Weapon Case
Oct 29 2016 01: +0,0.03,11300,Operation Breakout Weapon Case
Oct 30 2016 01: +0,0.03,10516,Operation Breakout Weapon Case
Oct 31 2016 01: +0,0.03,9842,Operation Breakout Weapon Case
Nov 01 2016 01: +0,0.03,12283,Operation Breakout Weapon Case
Nov 02 2016 01: +0,0.03,11300,Operation Breakout Weapon Case
Nov 03 2016 01: +0,0.03,8778,Operation Breakout Weapon Case
Nov 04 2016 01: +0,0.03,10581,Operation Breakout Weapon Case
Nov 05 2016 01: +0,0.03,14835,Operation Breakout Weapon Case
Nov 06 2016 01: +0,0.03,12964,Operation Breakout Weapon Case
Nov 07 2016 01: +0,0.03,11282,Operation Breakout Weapon Case
Nov 08 2016 01: +0,0.03,11057,Operation Breakout Weapon Case
Nov 09 2016 01: +0,0.03,11690,Operation Breakout Weapon Case
Nov 10 2016 01: +0,0.03,8952,Operation Breakout Weapon Case
Nov 11 2016 01: +0,0.03,10302,Operation Breakout Weapon Case
Nov 12 2016 01: +0,0.03,12937,Operation Breakout Weapon Case
Nov 13 2016 01: +0,0.03,12512,Operation Breakout Weapon Case
Nov 14 2016 01: +0,0.03,13226,Operation Breakout Weapon Case
Nov 15 2016 01: +0,0.03,13702,Operation Breakout Weapon Case
Nov 16 2016 01: +0,0.03,9457,Operation Breakout Weapon Case
Nov 17 2016 01: +0,0.03,12244,Operation Breakout Weapon Case
Nov 18 2016 01: +0,0.03,14660,Operation Breakout Weapon Case
Nov 19 2016 01: +0,0.03,17044,Operation Breakout Weapon Case
Nov 20 2016 01: +0,0.03,12927,Operation Breakout Weapon Case
Nov 21 2016 01: +0,0.03,9790,Operation Breakout Weapon Case
Nov 22 2016 01: +0,0.03,13297,Operation Breakout Weapon Case
Nov 23 2016 01: +0,0.03,12226,Operation Breakout Weapon Case
Nov 24 2016 01: +0,0.03,9418,Operation Breakout Weapon Case
Nov 25 2016 01: +0,0.03,12792,Operation Breakout Weapon Case
Nov 26 2016 01: +0,0.03,11613,Operation Breakout Weapon Case
Nov 27 2016 01: +0,0.03,13236,Operation Breakout Weapon Case
Nov 28 2016 01: +0,0.03,9012,Operation Breakout Weapon Case
Nov 29 2016 01: +0,0.03,31622,Operation Breakout Weapon Case
Nov 30 2016 01: +0,0.03,27378,Operation Breakout Weapon Case
Dec 01 2016 01: +0,0.03,28414,Operation Breakout Weapon Case
Dec 02 2016 01: +0,0.03,19430,Operation Breakout Weapon Case
Dec 03 2016 01: +0,0.03,14028,Operation Breakout Weapon Case
Dec 04 2016 01: +0,0.03,15494,Operation Breakout Weapon Case
Dec 05 2016 01: +0,0.03,11731,Operation Breakout Weapon Case
Dec 06 2016 01: +0,0.03,11068,Operation Breakout Weapon Case
Dec 07 2016 01: +0,0.03,15078,Operation Breakout Weapon Case
Dec 08 2016 01: +0,0.03,15636,Operation Breakout Weapon Case
Dec 09 2016 01: +0,0.03,10001,Operation Breakout Weapon Case
Dec 10 2016 01: +0,0.03,11796,Operation Breakout Weapon Case
Dec 11 2016 01: +0,0.03,12595,Operation Breakout Weapon Case
Dec 12 2016 01: +0,0.03,14310,Operation Breakout Weapon Case
Dec 13 2016 01: +0,0.03,12017,Operation Breakout Weapon Case
Dec 14 2016 01: +0,0.03,9061,Operation Breakout Weapon Case
Dec 15 2016 01: +0,0.03,10033,Operation Breakout Weapon Case
Dec 16 2016 01: +0,0.03,8516,Operation Breakout Weapon Case
Dec 17 2016 01: +0,0.03,13219,Operation Breakout Weapon Case
Dec 18 2016 01: +0,0.03,10718,Operation Breakout Weapon Case
Dec 19 2016 01: +0,0.03,15448,Operation Breakout Weapon Case
Dec 20 2016 01: +0,0.03,26975,Operation Breakout Weapon Case
Dec 21 2016 01: +0,0.03,30947,Operation Breakout Weapon Case
Dec 22 2016 01: +0,0.03,31489,Operation Breakout Weapon Case
Dec 23 2016 01: +0,0.03,19521,Operation Breakout Weapon Case
Dec 24 2016 01: +0,0.03,27101,Operation Breakout Weapon Case
Dec 25 2016 01: +0,0.03,48928,Operation Breakout Weapon Case
Dec 26 2016 01: +0,0.03,42305,Operation Breakout Weapon Case
Dec 27 2016 01: +0,0.03,33457,Operation Breakout Weapon Case
Dec 28 2016 01: +0,0.03,28802,Operation Breakout Weapon Case
Dec 29 2016 01: +0,0.03,35180,Operation Breakout Weapon Case
Dec 30 2016 01: +0,0.03,21429,Operation Breakout Weapon Case
Dec 31 2016 01: +0,0.03,34825,Operation Breakout Weapon Case
Jan 01 2017 01: +0,0.03,31323,Operation Breakout Weapon Case
Jan 02 2017 01: +0,0.03,21886,Operation Breakout Weapon Case
Jan 03 2017 01: +0,0.03,16825,Operation Breakout Weapon Case
Jan 04 2017 01: +0,0.03,33968,Operation Breakout Weapon Case
Jan 05 2017 01: +0,0.03,25722,Operation Breakout Weapon Case
Jan 06 2017 01: +0,0.03,16476,Operation Breakout Weapon Case
Jan 07 2017 01: +0,0.03,32828,Operation Breakout Weapon Case
Jan 08 2017 01: +0,0.03,36128,Operation Breakout Weapon Case
Jan 09 2017 01: +0,0.03,28786,Operation Breakout Weapon Case
Jan 10 2017 01: +0,0.03,37127,Operation Breakout Weapon Case
Jan 11 2017 01: +0,0.03,24700,Operation Breakout Weapon Case
Jan 12 2017 01: +0,0.03,23274,Operation Breakout Weapon Case
Jan 13 2017 01: +0,0.03,19100,Operation Breakout Weapon Case
Jan 14 2017 01: +0,0.03,30484,Operation Breakout Weapon Case
Jan 15 2017 01: +0,0.03,28715,Operation Breakout Weapon Case
Jan 16 2017 01: +0,0.03,26415,Operation Breakout Weapon Case
Jan 17 2017 01: +0,0.03,34124,Operation Breakout Weapon Case
Jan 18 2017 01: +0,0.03,24526,Operation Breakout Weapon Case
Jan 19 2017 01: +0,0.03,19481,Operation Breakout Weapon Case
Jan 20 2017 01: +0,0.03,21663,Operation Breakout Weapon Case
Jan 21 2017 01: +0,0.03,15510,Operation Breakout Weapon Case
Jan 22 2017 01: +0,0.03,19819,Operation Breakout Weapon Case
Jan 23 2017 01: +0,0.03,14983,Operation Breakout Weapon Case
Jan 24 2017 01: +0,0.03,20126,Operation Breakout Weapon Case
Jan 25 2017 01: +0,0.03,20855,Operation Breakout Weapon Case
Jan 26 2017 01: +0,0.03,21674,Operation Breakout Weapon Case
Jan 27 2017 01: +0,0.03,17603,Operation Breakout Weapon Case
Jan 28 2017 01: +0,0.03,21756,Operation Breakout Weapon Case
Jan 29 2017 01: +0,0.03,21206,Operation Breakout Weapon Case
Jan 30 2017 01: +0,0.03,23564,Operation Breakout Weapon Case
Jan 31 2017 01: +0,0.03,21622,Operation Breakout Weapon Case
Feb 01 2017 01: +0,0.03,15217,Operation Breakout Weapon Case
Feb 02 2017 01: +0,0.03,17981,Operation Breakout Weapon Case
Feb 03 2017 01: +0,0.03,18947,Operation Breakout Weapon Case
Feb 04 2017 01: +0,0.03,22460,Operation Breakout Weapon Case
Feb 05 2017 01: +0,0.03,25706,Operation Breakout Weapon Case
Feb 06 2017 01: +0,0.03,15769,Operation Breakout Weapon Case
Feb 07 2017 01: +0,0.03,16669,Operation Breakout Weapon Case
Feb 08 2017 01: +0,0.03,17035,Operation Breakout Weapon Case
Feb 09 2017 01: +0,0.03,17050,Operation Breakout Weapon Case
Feb 10 2017 01: +0,0.03,19975,Operation Breakout Weapon Case
Feb 11 2017 01: +0,0.03,21591,Operation Breakout Weapon Case
Feb 12 2017 01: +0,0.03,20900,Operation Breakout Weapon Case
Feb 13 2017 01: +0,0.03,18664,Operation Breakout Weapon Case
Feb 14 2017 01: +0,0.03,16215,Operation Breakout Weapon Case
Feb 15 2017 01: +0,0.03,15484,Operation Breakout Weapon Case
Feb 16 2017 01: +0,0.03,14824,Operation Breakout Weapon Case
Feb 17 2017 01: +0,0.03,16506,Operation Breakout Weapon Case
Feb 18 2017 01: +0,0.03,22273,Operation Breakout Weapon Case
Feb 19 2017 01: +0,0.03,21567,Operation Breakout Weapon Case
Feb 20 2017 01: +0,0.03,18986,Operation Breakout Weapon Case
Feb 21 2017 01: +0,0.03,14770,Operation Breakout Weapon Case
Feb 22 2017 01: +0,0.03,19319,Operation Breakout Weapon Case
Feb 23 2017 01: +0,0.03,18443,Operation Breakout Weapon Case
Feb 24 2017 01: +0,0.03,18858,Operation Breakout Weapon Case
Feb 25 2017 01: +0,0.03,18902,Operation Breakout Weapon Case
Feb 26 2017 01: +0,0.03,17018,Operation Breakout Weapon Case
Feb 27 2017 01: +0,0.03,13749,Operation Breakout Weapon Case
Feb 28 2017 01: +0,0.03,15722,Operation Breakout Weapon Case
Mar 01 2017 01: +0,0.03,15774,Operation Breakout Weapon Case
Mar 02 2017 01: +0,0.03,14198,Operation Breakout Weapon Case
Mar 03 2017 01: +0,0.03,15474,Operation Breakout Weapon Case
Mar 04 2017 01: +0,0.03,16686,Operation Breakout Weapon Case
Mar 05 2017 01: +0,0.03,18515,Operation Breakout Weapon Case
Mar 06 2017 01: +0,0.03,16906,Operation Breakout Weapon Case
Mar 07 2017 01: +0,0.03,14883,Operation Breakout Weapon Case
Mar 08 2017 01: +0,0.03,19012,Operation Breakout Weapon Case
Mar 09 2017 01: +0,0.03,17892,Operation Breakout Weapon Case
Mar 10 2017 01: +0,0.03,13721,Operation Breakout Weapon Case
Mar 11 2017 01: +0,0.03,18922,Operation Breakout Weapon Case
Mar 12 2017 01: +0,0.03,20436,Operation Breakout Weapon Case
Mar 13 2017 01: +0,0.03,11615,Operation Breakout Weapon Case
Mar 14 2017 01: +0,0.03,11804,Operation Breakout Weapon Case
Mar 15 2017 01: +0,0.03,14455,Operation Breakout Weapon Case
Mar 16 2017 01: +0,0.03,22576,Operation Breakout Weapon Case
Mar 17 2017 01: +0,0.03,19089,Operation Breakout Weapon Case
Mar 18 2017 01: +0,0.03,17877,Operation Breakout Weapon Case
Mar 19 2017 01: +0,0.03,22030,Operation Breakout Weapon Case
Mar 20 2017 01: +0,0.03,17388,Operation Breakout Weapon Case
Mar 21 2017 01: +0,0.03,16035,Operation Breakout Weapon Case
Mar 22 2017 01: +0,0.03,17976,Operation Breakout Weapon Case
Mar 23 2017 01: +0,0.03,16798,Operation Breakout Weapon Case
Mar 24 2017 01: +0,0.03,18133,Operation Breakout Weapon Case
Mar 25 2017 01: +0,0.03,19781,Operation Breakout Weapon Case
Mar 26 2017 01: +0,0.03,18977,Operation Breakout Weapon Case
Mar 27 2017 01: +0,0.03,15643,Operation Breakout Weapon Case
Mar 28 2017 01: +0,0.03,15955,Operation Breakout Weapon Case
Mar 29 2017 01: +0,0.03,13458,Operation Breakout Weapon Case
Mar 30 2017 01: +0,0.03,19442,Operation Breakout Weapon Case
Mar 31 2017 01: +0,0.03,18765,Operation Breakout Weapon Case
Apr 01 2017 01: +0,0.03,16848,Operation Breakout Weapon Case
Apr 02 2017 01: +0,0.03,17243,Operation Breakout Weapon Case
Apr 03 2017 01: +0,0.03,14458,Operation Breakout Weapon Case
Apr 04 2017 01: +0,0.03,14105,Operation Breakout Weapon Case
Apr 05 2017 01: +0,0.03,13810,Operation Breakout Weapon Case
Apr 06 2017 01: +0,0.03,11512,Operation Breakout Weapon Case
Apr 07 2017 01: +0,0.03,16575,Operation Breakout Weapon Case
Apr 08 2017 01: +0,0.03,15750,Operation Breakout Weapon Case
Apr 09 2017 01: +0,0.03,13990,Operation Breakout Weapon Case
Apr 10 2017 01: +0,0.03,15106,Operation Breakout Weapon Case
Apr 11 2017 01: +0,0.03,14747,Operation Breakout Weapon Case
Apr 12 2017 01: +0,0.03,13887,Operation Breakout Weapon Case
Apr 13 2017 01: +0,0.03,11763,Operation Breakout Weapon Case
Apr 14 2017 01: +0,0.03,12529,Operation Breakout Weapon Case
Apr 15 2017 01: +0,0.03,14235,Operation Breakout Weapon Case
Apr 16 2017 01: +0,0.03,14340,Operation Breakout Weapon Case
Apr 17 2017 01: +0,0.03,12364,Operation Breakout Weapon Case
Apr 18 2017 01: +0,0.03,11358,Operation Breakout Weapon Case
Apr 19 2017 01: +0,0.03,12263,Operation Breakout Weapon Case
Apr 20 2017 01: +0,0.03,11973,Operation Breakout Weapon Case
Apr 21 2017 01: +0,0.03,11975,Operation Breakout Weapon Case
Apr 22 2017 01: +0,0.03,12894,Operation Breakout Weapon Case
Apr 23 2017 01: +0,0.03,13489,Operation Breakout Weapon Case
Apr 24 2017 01: +0,0.03,15526,Operation Breakout Weapon Case
Apr 25 2017 01: +0,0.03,10081,Operation Breakout Weapon Case
Apr 26 2017 01: +0,0.03,10588,Operation Breakout Weapon Case
Apr 27 2017 01: +0,0.03,13402,Operation Breakout Weapon Case
Apr 28 2017 01: +0,0.03,11018,Operation Breakout Weapon Case
Apr 29 2017 01: +0,0.03,11638,Operation Breakout Weapon Case
Apr 30 2017 01: +0,0.03,11371,Operation Breakout Weapon Case
May 01 2017 01: +0,0.03,11288,Operation Breakout Weapon Case
May 02 2017 01: +0,0.03,9423,Operation Breakout Weapon Case
May 03 2017 01: +0,0.03,10691,Operation Breakout Weapon Case
May 04 2017 01: +0,0.03,9193,Operation Breakout Weapon Case
May 05 2017 01: +0,0.03,13816,Operation Breakout Weapon Case
May 06 2017 01: +0,0.03,12531,Operation Breakout Weapon Case
May 07 2017 01: +0,0.03,12070,Operation Breakout Weapon Case
May 08 2017 01: +0,0.03,13205,Operation Breakout Weapon Case
May 09 2017 01: +0,0.03,11559,Operation Breakout Weapon Case
May 10 2017 01: +0,0.03,12009,Operation Breakout Weapon Case
May 11 2017 01: +0,0.03,11147,Operation Breakout Weapon Case
May 12 2017 01: +0,0.03,11858,Operation Breakout Weapon Case
May 13 2017 01: +0,0.03,13354,Operation Breakout Weapon Case
May 14 2017 01: +0,0.03,14012,Operation Breakout Weapon Case
May 15 2017 01: +0,0.03,10872,Operation Breakout Weapon Case
May 16 2017 01: +0,0.03,11774,Operation Breakout Weapon Case
May 17 2017 01: +0,0.03,10124,Operation Breakout Weapon Case
May 18 2017 01: +0,0.03,10367,Operation Breakout Weapon Case
May 19 2017 01: +0,0.03,11918,Operation Breakout Weapon Case
May 20 2017 01: +0,0.03,11942,Operation Breakout Weapon Case
May 21 2017 01: +0,0.03,11414,Operation Breakout Weapon Case
May 22 2017 01: +0,0.03,10294,Operation Breakout Weapon Case
May 23 2017 01: +0,0.03,12473,Operation Breakout Weapon Case
May 24 2017 01: +0,0.03,13464,Operation Breakout Weapon Case
May 25 2017 01: +0,0.03,14444,Operation Breakout Weapon Case
May 26 2017 01: +0,0.03,11331,Operation Breakout Weapon Case
May 27 2017 01: +0,0.03,10929,Operation Breakout Weapon Case
May 28 2017 01: +0,0.03,11484,Operation Breakout Weapon Case
May 29 2017 01: +0,0.03,11587,Operation Breakout Weapon Case
May 30 2017 01: +0,0.03,10918,Operation Breakout Weapon Case
May 31 2017 01: +0,0.03,10251,Operation Breakout Weapon Case
Jun 01 2017 01: +0,0.03,12866,Operation Breakout Weapon Case
Jun 02 2017 01: +0,0.03,11063,Operation Breakout Weapon Case
Jun 03 2017 01: +0,0.03,11376,Operation Breakout Weapon Case
Jun 04 2017 01: +0,0.03,13979,Operation Breakout Weapon Case
Jun 05 2017 01: +0,0.03,16320,Operation Breakout Weapon Case
Jun 06 2017 01: +0,0.03,15784,Operation Breakout Weapon Case
Jun 07 2017 01: +0,0.03,11003,Operation Breakout Weapon Case
Jun 08 2017 01: +0,0.03,15016,Operation Breakout Weapon Case
Jun 09 2017 01: +0,0.03,9888,Operation Breakout Weapon Case
Jun 10 2017 01: +0,0.03,11902,Operation Breakout Weapon Case
Jun 11 2017 01: +0,0.03,11047,Operation Breakout Weapon Case
Jun 12 2017 01: +0,0.03,10398,Operation Breakout Weapon Case
Jun 13 2017 01: +0,0.03,9443,Operation Breakout Weapon Case
Jun 14 2017 01: +0,0.03,10673,Operation Breakout Weapon Case
Jun 15 2017 01: +0,0.03,10345,Operation Breakout Weapon Case
Jun 16 2017 01: +0,0.03,13462,Operation Breakout Weapon Case
Jun 17 2017 01: +0,0.03,11332,Operation Breakout Weapon Case
Jun 18 2017 01: +0,0.03,8991,Operation Breakout Weapon Case
Jun 19 2017 01: +0,0.03,9968,Operation Breakout Weapon Case
Jun 20 2017 01: +0,0.03,9339,Operation Breakout Weapon Case
Jun 21 2017 01: +0,0.03,9797,Operation Breakout Weapon Case
Jun 22 2017 01: +0,0.03,8676,Operation Breakout Weapon Case
Jun 23 2017 01: +0,0.03,12218,Operation Breakout Weapon Case
Jun 24 2017 01: +0,0.03,11002,Operation Breakout Weapon Case
Jun 25 2017 01: +0,0.03,10734,Operation Breakout Weapon Case
Jun 26 2017 01: +0,0.03,10032,Operation Breakout Weapon Case
Jun 27 2017 01: +0,0.03,9808,Operation Breakout Weapon Case
Jun 28 2017 01: +0,0.03,8067,Operation Breakout Weapon Case
Jun 29 2017 01: +0,0.03,7513,Operation Breakout Weapon Case
Jun 30 2017 01: +0,0.03,11748,Operation Breakout Weapon Case
Jul 01 2017 01: +0,0.03,8814,Operation Breakout Weapon Case
Jul 02 2017 01: +0,0.03,9195,Operation Breakout Weapon Case
Jul 03 2017 01: +0,0.03,10207,Operation Breakout Weapon Case
Jul 04 2017 01: +0,0.03,12345,Operation Breakout Weapon Case
Jul 05 2017 01: +0,0.03,8864,Operation Breakout Weapon Case
Jul 06 2017 01: +0,0.03,8048,Operation Breakout Weapon Case
Jul 07 2017 01: +0,0.03,9662,Operation Breakout Weapon Case
Jul 08 2017 01: +0,0.03,9879,Operation Breakout Weapon Case
Jul 09 2017 01: +0,0.03,8384,Operation Breakout Weapon Case
Jul 10 2017 01: +0,0.03,9723,Operation Breakout Weapon Case
Jul 11 2017 01: +0,0.03,12584,Operation Breakout Weapon Case
Jul 12 2017 01: +0,0.03,12796,Operation Breakout Weapon Case
Jul 13 2017 01: +0,0.03,9529,Operation Breakout Weapon Case
Jul 14 2017 01: +0,0.03,10330,Operation Breakout Weapon Case
Jul 15 2017 01: +0,0.03,9386,Operation Breakout Weapon Case
Jul 16 2017 01: +0,0.03,10492,Operation Breakout Weapon Case
Jul 17 2017 01: +0,0.03,11519,Operation Breakout Weapon Case
Jul 18 2017 01: +0,0.03,8481,Operation Breakout Weapon Case
Jul 19 2017 01: +0,0.03,8758,Operation Breakout Weapon Case
Jul 20 2017 01: +0,0.03,10838,Operation Breakout Weapon Case
Jul 21 2017 01: +0,0.03,10653,Operation Breakout Weapon Case
Jul 22 2017 01: +0,0.03,8417,Operation Breakout Weapon Case
Jul 23 2017 01: +0,0.03,11234,Operation Breakout Weapon Case
Jul 24 2017 01: +0,0.03,10370,Operation Breakout Weapon Case
Jul 25 2017 01: +0,0.03,10025,Operation Breakout Weapon Case
Jul 26 2017 01: +0,0.03,11811,Operation Breakout Weapon Case
Jul 27 2017 01: +0,0.03,11934,Operation Breakout Weapon Case
Jul 28 2017 01: +0,0.03,9284,Operation Breakout Weapon Case
Jul 29 2017 01: +0,0.03,12509,Operation Breakout Weapon Case
Jul 30 2017 01: +0,0.03,12160,Operation Breakout Weapon Case
Jul 31 2017 01: +0,0.03,11612,Operation Breakout Weapon Case
Aug 01 2017 01: +0,0.03,13967,Operation Breakout Weapon Case
Aug 02 2017 01: +0,0.03,13156,Operation Breakout Weapon Case
Aug 03 2017 01: +0,0.03,12505,Operation Breakout Weapon Case
Aug 04 2017 01: +0,0.03,11242,Operation Breakout Weapon Case
Aug 05 2017 01: +0,0.03,14784,Operation Breakout Weapon Case
Aug 06 2017 01: +0,0.03,12077,Operation Breakout Weapon Case
Aug 07 2017 01: +0,0.03,16555,Operation Breakout Weapon Case
Aug 08 2017 01: +0,0.03,12891,Operation Breakout Weapon Case
Aug 09 2017 01: +0,0.03,12926,Operation Breakout Weapon Case
Aug 10 2017 01: +0,0.03,13244,Operation Breakout Weapon Case
Aug 11 2017 01: +0,0.03,11992,Operation Breakout Weapon Case
Aug 12 2017 01: +0,0.03,12797,Operation Breakout Weapon Case
Aug 13 2017 01: +0,0.03,11932,Operation Breakout Weapon Case
Aug 14 2017 01: +0,0.03,11828,Operation Breakout Weapon Case
Aug 15 2017 01: +0,0.03,9751,Operation Breakout Weapon Case
Aug 16 2017 01: +0,0.03,13958,Operation Breakout Weapon Case
Aug 17 2017 01: +0,0.03,14668,Operation Breakout Weapon Case
Aug 18 2017 01: +0,0.03,10910,Operation Breakout Weapon Case
Aug 19 2017 01: +0,0.03,9721,Operation Breakout Weapon Case
Aug 20 2017 01: +0,0.03,10085,Operation Breakout Weapon Case
Aug 21 2017 01: +0,0.03,10914,Operation Breakout Weapon Case
Aug 22 2017 01: +0,0.03,10041,Operation Breakout Weapon Case
Aug 23 2017 01: +0,0.03,7911,Operation Breakout Weapon Case
Aug 24 2017 01: +0,0.03,12598,Operation Breakout Weapon Case
Aug 25 2017 01: +0,0.03,9142,Operation Breakout Weapon Case
Aug 26 2017 01: +0,0.03,9281,Operation Breakout Weapon Case
Aug 27 2017 01: +0,0.03,10897,Operation Breakout Weapon Case
Aug 28 2017 01: +0,0.03,9260,Operation Breakout Weapon Case
Aug 29 2017 01: +0,0.03,12703,Operation Breakout Weapon Case
Aug 30 2017 01: +0,0.03,14660,Operation Breakout Weapon Case
Aug 31 2017 01: +0,0.03,12033,Operation Breakout Weapon Case
Sep 01 2017 01: +0,0.03,11459,Operation Breakout Weapon Case
Sep 02 2017 01: +0,0.03,16105,Operation Breakout Weapon Case
Sep 03 2017 01: +0,0.03,13782,Operation Breakout Weapon Case
Sep 04 2017 01: +0,0.03,12253,Operation Breakout Weapon Case
Sep 05 2017 01: +0,0.03,9951,Operation Breakout Weapon Case
Sep 06 2017 01: +0,0.03,14891,Operation Breakout Weapon Case
Sep 07 2017 01: +0,0.03,13093,Operation Breakout Weapon Case
Sep 08 2017 01: +0,0.03,16711,Operation Breakout Weapon Case
Sep 09 2017 01: +0,0.03,13116,Operation Breakout Weapon Case
Sep 10 2017 01: +0,0.03,12013,Operation Breakout Weapon Case
Sep 11 2017 01: +0,0.03,7762,Operation Breakout Weapon Case
Sep 12 2017 01: +0,0.03,8621,Operation Breakout Weapon Case
Sep 13 2017 01: +0,0.03,9465,Operation Breakout Weapon Case
Sep 14 2017 01: +0,0.03,10817,Operation Breakout Weapon Case
Sep 15 2017 01: +0,0.03,10756,Operation Breakout Weapon Case
Sep 16 2017 01: +0,0.03,11282,Operation Breakout Weapon Case
Sep 17 2017 01: +0,0.03,13832,Operation Breakout Weapon Case
Sep 18 2017 01: +0,0.03,9404,Operation Breakout Weapon Case
Sep 19 2017 01: +0,0.03,8280,Operation Breakout Weapon Case
Sep 20 2017 01: +0,0.03,7968,Operation Breakout Weapon Case
Sep 21 2017 01: +0,0.03,9189,Operation Breakout Weapon Case
Sep 22 2017 01: +0,0.03,9572,Operation Breakout Weapon Case
Sep 23 2017 01: +0,0.03,10671,Operation Breakout Weapon Case
Sep 24 2017 01: +0,0.03,7528,Operation Breakout Weapon Case
Sep 25 2017 01: +0,0.03,7529,Operation Breakout Weapon Case
Sep 26 2017 01: +0,0.03,6333,Operation Breakout Weapon Case
Sep 27 2017 01: +0,0.03,6561,Operation Breakout Weapon Case
Sep 28 2017 01: +0,0.03,7466,Operation Breakout Weapon Case
Sep 29 2017 01: +0,0.03,7696,Operation Breakout Weapon Case
Sep 30 2017 01: +0,0.03,9560,Operation Breakout Weapon Case
Oct 01 2017 01: +0,0.03,8470,Operation Breakout Weapon Case
Oct 02 2017 01: +0,0.03,10584,Operation Breakout Weapon Case
Oct 03 2017 01: +0,0.03,11322,Operation Breakout Weapon Case
Oct 04 2017 01: +0,0.03,10018,Operation Breakout Weapon Case
Oct 05 2017 01: +0,0.03,8374,Operation Breakout Weapon Case
Oct 06 2017 01: +0,0.03,12085,Operation Breakout Weapon Case
Oct 07 2017 01: +0,0.03,10628,Operation Breakout Weapon Case
Oct 08 2017 01: +0,0.03,15509,Operation Breakout Weapon Case
Oct 09 2017 01: +0,0.03,11686,Operation Breakout Weapon Case
Oct 10 2017 01: +0,0.03,8337,Operation Breakout Weapon Case
Oct 11 2017 01: +0,0.03,10656,Operation Breakout Weapon Case
Oct 12 2017 01: +0,0.03,10638,Operation Breakout Weapon Case
Oct 13 2017 01: +0,0.03,9332,Operation Breakout Weapon Case
Oct 14 2017 01: +0,0.03,9885,Operation Breakout Weapon Case
Oct 15 2017 01: +0,0.03,12575,Operation Breakout Weapon Case
Oct 16 2017 01: +0,0.03,11664,Operation Breakout Weapon Case
Oct 17 2017 01: +0,0.03,17274,Operation Breakout Weapon Case
Oct 18 2017 01: +0,0.03,16219,Operation Breakout Weapon Case
Oct 19 2017 01: +0,0.03,7914,Operation Breakout Weapon Case
Oct 20 2017 01: +0,0.03,8953,Operation Breakout Weapon Case
Oct 21 2017 01: +0,0.03,10566,Operation Breakout Weapon Case
Oct 22 2017 01: +0,0.03,16140,Operation Breakout Weapon Case
Oct 23 2017 01: +0,0.03,9113,Operation Breakout Weapon Case
Oct 24 2017 01: +0,0.03,7673,Operation Breakout Weapon Case
Oct 25 2017 01: +0,0.03,10263,Operation Breakout Weapon Case
Oct 26 2017 01: +0,0.03,8153,Operation Breakout Weapon Case
Oct 27 2017 01: +0,0.03,8243,Operation Breakout Weapon Case
Oct 28 2017 01: +0,0.03,7513,Operation Breakout Weapon Case
Oct 29 2017 01: +0,0.03,7779,Operation Breakout Weapon Case
Oct 30 2017 01: +0,0.03,10538,Operation Breakout Weapon Case
Oct 31 2017 01: +0,0.03,8906,Operation Breakout Weapon Case
Nov 01 2017 01: +0,0.03,14362,Operation Breakout Weapon Case
Nov 02 2017 01: +0,0.03,9610,Operation Breakout Weapon Case
Nov 03 2017 01: +0,0.03,20388,Operation Breakout Weapon Case
Nov 04 2017 01: +0,0.03,9070,Operation Breakout Weapon Case
Nov 05 2017 01: +0,0.03,12548,Operation Breakout Weapon Case
Nov 06 2017 01: +0,0.03,12865,Operation Breakout Weapon Case
Nov 07 2017 01: +0,0.03,10219,Operation Breakout Weapon Case
Nov 08 2017 01: +0,0.03,7343,Operation Breakout Weapon Case
Nov 09 2017 01: +0,0.03,6235,Operation Breakout Weapon Case
Nov 10 2017 01: +0,0.03,6154,Operation Breakout Weapon Case
Nov 11 2017 01: +0,0.03,7201,Operation Breakout Weapon Case
Nov 12 2017 01: +0,0.03,9162,Operation Breakout Weapon Case
Nov 13 2017 01: +0,0.03,6045,Operation Breakout Weapon Case
Nov 14 2017 01: +0,0.03,7479,Operation Breakout Weapon Case
Nov 15 2017 01: +0,0.03,8555,Operation Breakout Weapon Case
Nov 16 2017 01: +0,0.03,6468,Operation Breakout Weapon Case
Nov 17 2017 01: +0,0.03,5919,Operation Breakout Weapon Case
Nov 18 2017 01: +0,0.03,8702,Operation Breakout Weapon Case
Nov 19 2017 01: +0,0.03,8292,Operation Breakout Weapon Case
Nov 20 2017 01: +0,0.03,5569,Operation Breakout Weapon Case
Nov 21 2017 01: +0,0.03,6540,Operation Breakout Weapon Case
Nov 22 2017 01: +0,0.03,5538,Operation Breakout Weapon Case
Nov 23 2017 01: +0,0.03,6725,Operation Breakout Weapon Case
Nov 24 2017 01: +0,0.03,6180,Operation Breakout Weapon Case
Nov 25 2017 01: +0,0.03,7452,Operation Breakout Weapon Case
Nov 26 2017 01: +0,0.03,6157,Operation Breakout Weapon Case
Nov 27 2017 01: +0,0.03,6656,Operation Breakout Weapon Case
Nov 28 2017 01: +0,0.03,5564,Operation Breakout Weapon Case
Nov 29 2017 01: +0,0.03,5050,Operation Breakout Weapon Case
Nov 30 2017 01: +0,0.03,4759,Operation Breakout Weapon Case
Dec 01 2017 01: +0,0.03,5232,Operation Breakout Weapon Case
Dec 02 2017 01: +0,0.03,5816,Operation Breakout Weapon Case
Dec 03 2017 01: +0,0.03,7861,Operation Breakout Weapon Case
Dec 04 2017 01: +0,0.03,6020,Operation Breakout Weapon Case
Dec 05 2017 01: +0,0.03,11564,Operation Breakout Weapon Case
Dec 06 2017 01: +0,0.03,6418,Operation Breakout Weapon Case
Dec 07 2017 01: +0,0.03,7420,Operation Breakout Weapon Case
Dec 08 2017 01: +0,0.03,5545,Operation Breakout Weapon Case
Dec 09 2017 01: +0,0.03,6394,Operation Breakout Weapon Case
Dec 10 2017 01: +0,0.03,6347,Operation Breakout Weapon Case
Dec 11 2017 01: +0,0.03,5446,Operation Breakout Weapon Case
Dec 12 2017 01: +0,0.03,5414,Operation Breakout Weapon Case
Dec 13 2017 01: +0,0.03,6209,Operation Breakout Weapon Case
Dec 14 2017 01: +0,0.03,6123,Operation Breakout Weapon Case
Dec 15 2017 01: +0,0.03,5704,Operation Breakout Weapon Case
Dec 16 2017 01: +0,0.03,6639,Operation Breakout Weapon Case
Dec 17 2017 01: +0,0.03,5387,Operation Breakout Weapon Case
Dec 18 2017 01: +0,0.03,8596,Operation Breakout Weapon Case
Dec 19 2017 01: +0,0.03,5531,Operation Breakout Weapon Case
Dec 20 2017 01: +0,0.03,7089,Operation Breakout Weapon Case
Dec 21 2017 01: +0,0.03,5237,Operation Breakout Weapon Case
Dec 22 2017 01: +0,0.03,8442,Operation Breakout Weapon Case
Dec 23 2017 01: +0,0.03,6874,Operation Breakout Weapon Case
Dec 24 2017 01: +0,0.03,7949,Operation Breakout Weapon Case
Dec 25 2017 01: +0,0.03,10294,Operation Breakout Weapon Case
Dec 26 2017 01: +0,0.03,9086,Operation Breakout Weapon Case
Dec 27 2017 01: +0,0.03,7647,Operation Breakout Weapon Case
Dec 28 2017 01: +0,0.03,7867,Operation Breakout Weapon Case
Dec 29 2017 01: +0,0.03,8356,Operation Breakout Weapon Case
Dec 30 2017 01: +0,0.03,6861,Operation Breakout Weapon Case
Dec 31 2017 01: +0,0.03,6029,Operation Breakout Weapon Case
Jan 01 2018 01: +0,0.03,6960,Operation Breakout Weapon Case
Jan 02 2018 01: +0,0.03,9217,Operation Breakout Weapon Case
Jan 03 2018 01: +0,0.03,7809,Operation Breakout Weapon Case
Jan 04 2018 01: +0,0.03,9752,Operation Breakout Weapon Case
Jan 05 2018 01: +0,0.03,8269,Operation Breakout Weapon Case
Jan 06 2018 01: +0,0.03,10373,Operation Breakout Weapon Case
Jan 07 2018 01: +0,0.03,7300,Operation Breakout Weapon Case
Jan 08 2018 01: +0,0.03,7303,Operation Breakout Weapon Case
Jan 09 2018 01: +0,0.03,7835,Operation Breakout Weapon Case
Jan 10 2018 01: +0,0.03,7444,Operation Breakout Weapon Case
Jan 11 2018 01: +0,0.03,10347,Operation Breakout Weapon Case
Jan 12 2018 01: +0,0.03,10282,Operation Breakout Weapon Case
Jan 13 2018 01: +0,0.03,8019,Operation Breakout Weapon Case
Jan 14 2018 01: +0,0.03,9774,Operation Breakout Weapon Case
Jan 15 2018 01: +0,0.03,8612,Operation Breakout Weapon Case
Jan 16 2018 01: +0,0.03,7324,Operation Breakout Weapon Case
Jan 17 2018 01: +0,0.03,5000,Operation Breakout Weapon Case
Jan 18 2018 01: +0,0.03,6056,Operation Breakout Weapon Case
Jan 19 2018 01: +0,0.03,6218,Operation Breakout Weapon Case
Jan 20 2018 01: +0,0.03,6652,Operation Breakout Weapon Case
Jan 21 2018 01: +0,0.03,7351,Operation Breakout Weapon Case
Jan 22 2018 01: +0,0.03,6859,Operation Breakout Weapon Case
Jan 23 2018 01: +0,0.03,4997,Operation Breakout Weapon Case
Jan 24 2018 01: +0,0.03,8393,Operation Breakout Weapon Case
Jan 25 2018 01: +0,0.03,5887,Operation Breakout Weapon Case
Jan 26 2018 01: +0,0.03,6984,Operation Breakout Weapon Case
Jan 27 2018 01: +0,0.03,9129,Operation Breakout Weapon Case
Jan 28 2018 01: +0,0.03,6894,Operation Breakout Weapon Case
Jan 29 2018 01: +0,0.03,8821,Operation Breakout Weapon Case
Jan 30 2018 01: +0,0.03,6363,Operation Breakout Weapon Case
Jan 31 2018 01: +0,0.03,6105,Operation Breakout Weapon Case
Feb 01 2018 01: +0,0.03,6602,Operation Breakout Weapon Case
Feb 02 2018 01: +0,0.03,7173,Operation Breakout Weapon Case
Feb 03 2018 01: +0,0.03,8620,Operation Breakout Weapon Case
Feb 04 2018 01: +0,0.03,6909,Operation Breakout Weapon Case
Feb 05 2018 01: +0,0.03,7158,Operation Breakout Weapon Case
Feb 06 2018 01: +0,0.03,10642,Operation Breakout Weapon Case
Feb 07 2018 01: +0,0.03,8708,Operation Breakout Weapon Case
Feb 08 2018 01: +0,0.03,7262,Operation Breakout Weapon Case
Feb 09 2018 01: +0,0.03,8557,Operation Breakout Weapon Case
Feb 10 2018 01: +0,0.03,9518,Operation Breakout Weapon Case
Feb 11 2018 01: +0,0.03,8574,Operation Breakout Weapon Case
Feb 12 2018 01: +0,0.03,5634,Operation Breakout Weapon Case
Feb 13 2018 01: +0,0.03,6050,Operation Breakout Weapon Case
Feb 14 2018 01: +0,0.03,5754,Operation Breakout Weapon Case
Feb 15 2018 01: +0,0.03,8673,Operation Breakout Weapon Case
Feb 16 2018 01: +0,0.03,10360,Operation Breakout Weapon Case
Feb 17 2018 01: +0,0.03,8650,Operation Breakout Weapon Case
Feb 18 2018 01: +0,0.03,9600,Operation Breakout Weapon Case
Feb 19 2018 01: +0,0.03,7448,Operation Breakout Weapon Case
Feb 20 2018 01: +0,0.03,10275,Operation Breakout Weapon Case
Feb 21 2018 01: +0,0.03,10390,Operation Breakout Weapon Case
Feb 22 2018 01: +0,0.03,10963,Operation Breakout Weapon Case
Feb 23 2018 01: +0,0.03,9702,Operation Breakout Weapon Case
Feb 24 2018 01: +0,0.03,11967,Operation Breakout Weapon Case
Feb 25 2018 01: +0,0.03,10185,Operation Breakout Weapon Case
Feb 26 2018 01: +0,0.03,8344,Operation Breakout Weapon Case
Feb 27 2018 01: +0,0.03,7149,Operation Breakout Weapon Case
Feb 28 2018 01: +0,0.03,10226,Operation Breakout Weapon Case
Mar 01 2018 01: +0,0.03,9825,Operation Breakout Weapon Case
Mar 02 2018 01: +0,0.03,11352,Operation Breakout Weapon Case
Mar 03 2018 01: +0,0.03,9170,Operation Breakout Weapon Case
Mar 04 2018 01: +0,0.03,7638,Operation Breakout Weapon Case
Mar 05 2018 01: +0,0.03,6475,Operation Breakout Weapon Case
Mar 06 2018 01: +0,0.03,6388,Operation Breakout Weapon Case
Mar 07 2018 01: +0,0.03,6274,Operation Breakout Weapon Case
Mar 08 2018 01: +0,0.03,6388,Operation Breakout Weapon Case
Mar 09 2018 01: +0,0.03,8633,Operation Breakout Weapon Case
Mar 10 2018 01: +0,0.03,7478,Operation Breakout Weapon Case
Mar 11 2018 01: +0,0.03,9301,Operation Breakout Weapon Case
Mar 12 2018 01: +0,0.03,6616,Operation Breakout Weapon Case
Mar 13 2018 01: +0,0.03,7902,Operation Breakout Weapon Case
Mar 14 2018 01: +0,0.03,7341,Operation Breakout Weapon Case
Mar 15 2018 01: +0,0.03,9031,Operation Breakout Weapon Case
Mar 16 2018 01: +0,0.03,5881,Operation Breakout Weapon Case
Mar 17 2018 01: +0,0.03,7460,Operation Breakout Weapon Case
Mar 18 2018 01: +0,0.03,6323,Operation Breakout Weapon Case
Mar 19 2018 01: +0,0.03,6100,Operation Breakout Weapon Case
Mar 20 2018 01: +0,0.03,4916,Operation Breakout Weapon Case
Mar 21 2018 01: +0,0.03,4694,Operation Breakout Weapon Case
Mar 22 2018 01: +0,0.03,7057,Operation Breakout Weapon Case
Mar 23 2018 01: +0,0.03,5788,Operation Breakout Weapon Case
Mar 24 2018 01: +0,0.03,6030,Operation Breakout Weapon Case
Mar 25 2018 01: +0,0.03,5113,Operation Breakout Weapon Case
Mar 26 2018 01: +0,0.03,5443,Operation Breakout Weapon Case
Mar 27 2018 01: +0,0.03,4934,Operation Breakout Weapon Case
Mar 28 2018 01: +0,0.03,6598,Operation Breakout Weapon Case
Mar 29 2018 01: +0,0.03,6518,Operation Breakout Weapon Case
Mar 30 2018 01: +0,0.03,7709,Operation Breakout Weapon Case
Mar 31 2018 01: +0,0.03,8602,Operation Breakout Weapon Case
Apr 01 2018 01: +0,0.03,7130,Operation Breakout Weapon Case
Apr 02 2018 01: +0,0.03,6533,Operation Breakout Weapon Case
Apr 03 2018 01: +0,0.03,5979,Operation Breakout Weapon Case
Apr 04 2018 01: +0,0.03,4669,Operation Breakout Weapon Case
Apr 05 2018 01: +0,0.03,4274,Operation Breakout Weapon Case
Apr 06 2018 01: +0,0.03,6128,Operation Breakout Weapon Case
Apr 07 2018 01: +0,0.03,5044,Operation Breakout Weapon Case
Apr 08 2018 01: +0,0.03,4874,Operation Breakout Weapon Case
Apr 09 2018 01: +0,0.03,4129,Operation Breakout Weapon Case
Apr 10 2018 01: +0,0.03,4482,Operation Breakout Weapon Case
Apr 11 2018 01: +0,0.03,5608,Operation Breakout Weapon Case
Apr 12 2018 01: +0,0.03,3777,Operation Breakout Weapon Case
Apr 13 2018 01: +0,0.03,4570,Operation Breakout Weapon Case
Apr 14 2018 01: +0,0.03,4621,Operation Breakout Weapon Case
Apr 15 2018 01: +0,0.03,4790,Operation Breakout Weapon Case
Apr 16 2018 01: +0,0.03,4724,Operation Breakout Weapon Case
Apr 17 2018 01: +0,0.03,5963,Operation Breakout Weapon Case
Apr 18 2018 01: +0,0.03,3494,Operation Breakout Weapon Case
Apr 19 2018 01: +0,0.03,4104,Operation Breakout Weapon Case
Apr 20 2018 01: +0,0.03,4254,Operation Breakout Weapon Case
Apr 21 2018 01: +0,0.03,4102,Operation Breakout Weapon Case
Apr 22 2018 01: +0,0.03,3524,Operation Breakout Weapon Case
Apr 23 2018 01: +0,0.03,4401,Operation Breakout Weapon Case
Apr 24 2018 01: +0,0.03,3454,Operation Breakout Weapon Case
Apr 25 2018 01: +0,0.03,4167,Operation Breakout Weapon Case
Apr 26 2018 01: +0,0.03,6043,Operation Breakout Weapon Case
Apr 27 2018 01: +0,0.03,4799,Operation Breakout Weapon Case
Apr 28 2018 01: +0,0.03,5159,Operation Breakout Weapon Case
Apr 29 2018 01: +0,0.03,5286,Operation Breakout Weapon Case
Apr 30 2018 01: +0,0.03,7947,Operation Breakout Weapon Case
May 01 2018 01: +0,0.03,4180,Operation Breakout Weapon Case
May 02 2018 01: +0,0.03,3980,Operation Breakout Weapon Case
May 03 2018 01: +0,0.03,4919,Operation Breakout Weapon Case
May 04 2018 01: +0,0.03,3801,Operation Breakout Weapon Case
May 05 2018 01: +0,0.03,4949,Operation Breakout Weapon Case
May 06 2018 01: +0,0.03,4455,Operation Breakout Weapon Case
May 07 2018 01: +0,0.03,3264,Operation Breakout Weapon Case
May 08 2018 01: +0,0.03,4575,Operation Breakout Weapon Case
May 09 2018 01: +0,0.03,4485,Operation Breakout Weapon Case
May 10 2018 01: +0,0.03,4221,Operation Breakout Weapon Case
May 11 2018 01: +0,0.03,4072,Operation Breakout Weapon Case
May 12 2018 01: +0,0.03,4414,Operation Breakout Weapon Case
May 13 2018 01: +0,0.03,3819,Operation Breakout Weapon Case
May 14 2018 01: +0,0.03,3119,Operation Breakout Weapon Case
May 15 2018 01: +0,0.03,2899,Operation Breakout Weapon Case
May 16 2018 01: +0,0.03,3650,Operation Breakout Weapon Case
May 17 2018 01: +0,0.03,3370,Operation Breakout Weapon Case
May 18 2018 01: +0,0.03,4009,Operation Breakout Weapon Case
May 19 2018 01: +0,0.03,4192,Operation Breakout Weapon Case
May 20 2018 01: +0,0.03,4458,Operation Breakout Weapon Case
May 21 2018 01: +0,0.03,3726,Operation Breakout Weapon Case
May 22 2018 01: +0,0.03,4801,Operation Breakout Weapon Case
May 23 2018 01: +0,0.03,4784,Operation Breakout Weapon Case
May 24 2018 01: +0,0.03,3964,Operation Breakout Weapon Case
May 25 2018 01: +0,0.03,3442,Operation Breakout Weapon Case
May 26 2018 01: +0,0.03,3658,Operation Breakout Weapon Case
May 27 2018 01: +0,0.03,3702,Operation Breakout Weapon Case
May 28 2018 01: +0,0.03,3668,Operation Breakout Weapon Case
May 29 2018 01: +0,0.03,2866,Operation Breakout Weapon Case
May 30 2018 01: +0,0.03,3998,Operation Breakout Weapon Case
May 31 2018 01: +0,0.03,3573,Operation Breakout Weapon Case
Jun 01 2018 01: +0,0.03,4502,Operation Breakout Weapon Case
Jun 02 2018 01: +0,0.03,4010,Operation Breakout Weapon Case
Jun 03 2018 01: +0,0.03,4096,Operation Breakout Weapon Case
Jun 04 2018 01: +0,0.03,3892,Operation Breakout Weapon Case
Jun 05 2018 01: +0,0.03,2958,Operation Breakout Weapon Case
Jun 06 2018 01: +0,0.03,3166,Operation Breakout Weapon Case
Jun 07 2018 01: +0,0.03,3199,Operation Breakout Weapon Case
Jun 08 2018 01: +0,0.03,3242,Operation Breakout Weapon Case
Jun 09 2018 01: +0,0.03,4142,Operation Breakout Weapon Case
Jun 10 2018 01: +0,0.03,5508,Operation Breakout Weapon Case
Jun 11 2018 01: +0,0.03,3151,Operation Breakout Weapon Case
Jun 12 2018 01: +0,0.03,3942,Operation Breakout Weapon Case
Jun 13 2018 01: +0,0.03,3789,Operation Breakout Weapon Case
Jun 14 2018 01: +0,0.03,3741,Operation Breakout Weapon Case
Jun 15 2018 01: +0,0.03,2900,Operation Breakout Weapon Case
Jun 16 2018 01: +0,0.03,3102,Operation Breakout Weapon Case
Jun 17 2018 01: +0,0.03,2538,Operation Breakout Weapon Case
Jun 18 2018 01: +0,0.03,3720,Operation Breakout Weapon Case
Jun 19 2018 01: +0,0.03,4275,Operation Breakout Weapon Case
Jun 20 2018 01: +0,0.03,4034,Operation Breakout Weapon Case
Jun 21 2018 01: +0,0.03,4113,Operation Breakout Weapon Case
Jun 22 2018 01: +0,0.03,4487,Operation Breakout Weapon Case
Jun 23 2018 01: +0,0.03,4405,Operation Breakout Weapon Case
Jun 24 2018 01: +0,0.03,4738,Operation Breakout Weapon Case
Jun 25 2018 01: +0,0.03,3363,Operation Breakout Weapon Case
Jun 26 2018 01: +0,0.03,3554,Operation Breakout Weapon Case
Jun 27 2018 01: +0,0.03,2974,Operation Breakout Weapon Case
Jun 28 2018 01: +0,0.03,3770,Operation Breakout Weapon Case
Jun 29 2018 01: +0,0.03,3160,Operation Breakout Weapon Case
Jun 30 2018 01: +0,0.03,3972,Operation Breakout Weapon Case
Jul 01 2018 01: +0,0.03,3937,Operation Breakout Weapon Case
Jul 02 2018 01: +0,0.03,3501,Operation Breakout Weapon Case
Jul 03 2018 01: +0,0.03,3180,Operation Breakout Weapon Case
Jul 04 2018 01: +0,0.03,4273,Operation Breakout Weapon Case
Jul 05 2018 01: +0,0.03,4062,Operation Breakout Weapon Case
Jul 06 2018 01: +0,0.03,3883,Operation Breakout Weapon Case
Jul 07 2018 01: +0,0.03,4471,Operation Breakout Weapon Case
Jul 08 2018 01: +0,0.03,4774,Operation Breakout Weapon Case
Jul 09 2018 01: +0,0.03,4350,Operation Breakout Weapon Case
Jul 10 2018 01: +0,0.03,4286,Operation Breakout Weapon Case
Jul 11 2018 01: +0,0.03,3433,Operation Breakout Weapon Case
Jul 12 2018 01: +0,0.03,3296,Operation Breakout Weapon Case
Jul 13 2018 01: +0,0.03,3960,Operation Breakout Weapon Case
Jul 14 2018 01: +0,0.03,4728,Operation Breakout Weapon Case
Jul 15 2018 01: +0,0.03,4146,Operation Breakout Weapon Case
Jul 16 2018 01: +0,0.03,3987,Operation Breakout Weapon Case
Jul 17 2018 01: +0,0.03,4503,Operation Breakout Weapon Case
Jul 18 2018 01: +0,0.03,4098,Operation Breakout Weapon Case
Jul 19 2018 01: +0,0.03,3463,Operation Breakout Weapon Case
Jul 20 2018 01: +0,0.03,4655,Operation Breakout Weapon Case
Jul 21 2018 01: +0,0.03,6651,Operation Breakout Weapon Case
Jul 22 2018 01: +0,0.03,4943,Operation Breakout Weapon Case
Jul 23 2018 01: +0,0.03,3536,Operation Breakout Weapon Case
Jul 24 2018 01: +0,0.03,3939,Operation Breakout Weapon Case
Jul 25 2018 01: +0,0.03,3920,Operation Breakout Weapon Case
Jul 26 2018 01: +0,0.03,4126,Operation Breakout Weapon Case
Jul 27 2018 01: +0,0.03,4068,Operation Breakout Weapon Case
Jul 28 2018 01: +0,0.03,4392,Operation Breakout Weapon Case
Jul 29 2018 01: +0,0.03,4455,Operation Breakout Weapon Case
Jul 30 2018 01: +0,0.03,5049,Operation Breakout Weapon Case
Jul 31 2018 01: +0,0.03,97052,Operation Breakout Weapon Case
Aug 01 2018 01: +0,0.03,13106,Operation Breakout Weapon Case
Aug 02 2018 01: +0,0.03,6644,Operation Breakout Weapon Case
Aug 03 2018 01: +0,0.03,17776,Operation Breakout Weapon Case
Aug 04 2018 01: +0,0.03,80363,Operation Breakout Weapon Case
Aug 05 2018 01: +0,0.03,37376,Operation Breakout Weapon Case
Aug 06 2018 01: +0,0.03,51821,Operation Breakout Weapon Case
Aug 07 2018 01: +0,0.03,58301,Operation Breakout Weapon Case
Aug 08 2018 01: +0,0.03,34739,Operation Breakout Weapon Case
Aug 09 2018 01: +0,0.03,82313,Operation Breakout Weapon Case
Aug 10 2018 01: +0,0.03,7830,Operation Breakout Weapon Case
Aug 11 2018 01: +0,0.03,5241,Operation Breakout Weapon Case
Aug 12 2018 01: +0,0.03,5054,Operation Breakout Weapon Case
Aug 13 2018 01: +0,0.03,5398,Operation Breakout Weapon Case
Aug 14 2018 01: +0,0.03,5617,Operation Breakout Weapon Case
Aug 15 2018 01: +0,0.03,7241,Operation Breakout Weapon Case
Aug 16 2018 01: +0,0.03,5072,Operation Breakout Weapon Case
Aug 17 2018 01: +0,0.03,4869,Operation Breakout Weapon Case
Aug 18 2018 01: +0,0.03,5267,Operation Breakout Weapon Case
Aug 19 2018 01: +0,0.03,5240,Operation Breakout Weapon Case
Aug 20 2018 01: +0,0.03,5609,Operation Breakout Weapon Case
Aug 21 2018 01: +0,0.03,5170,Operation Breakout Weapon Case
Aug 22 2018 01: +0,0.03,4703,Operation Breakout Weapon Case
Aug 23 2018 01: +0,0.03,3827,Operation Breakout Weapon Case
Aug 24 2018 01: +0,0.03,4475,Operation Breakout Weapon Case
Aug 25 2018 01: +0,0.03,4382,Operation Breakout Weapon Case
Aug 26 2018 01: +0,0.03,4376,Operation Breakout Weapon Case
Aug 27 2018 01: +0,0.03,4414,Operation Breakout Weapon Case
Aug 28 2018 01: +0,0.03,3714,Operation Breakout Weapon Case
Aug 29 2018 01: +0,0.03,5606,Operation Breakout Weapon Case
Aug 30 2018 01: +0,0.03,5911,Operation Breakout Weapon Case
Aug 31 2018 01: +0,0.03,6843,Operation Breakout Weapon Case
Sep 01 2018 01: +0,0.03,4101,Operation Breakout Weapon Case
Sep 02 2018 01: +0,0.03,4697,Operation Breakout Weapon Case
Sep 03 2018 01: +0,0.03,4572,Operation Breakout Weapon Case
Sep 04 2018 01: +0,0.03,5076,Operation Breakout Weapon Case
Sep 05 2018 01: +0,0.03,4411,Operation Breakout Weapon Case
Sep 06 2018 01: +0,0.03,4026,Operation Breakout Weapon Case
Sep 07 2018 01: +0,0.03,8134,Operation Breakout Weapon Case
Sep 08 2018 01: +0,0.03,6747,Operation Breakout Weapon Case
Sep 09 2018 01: +0,0.03,6588,Operation Breakout Weapon Case
Sep 10 2018 01: +0,0.03,5437,Operation Breakout Weapon Case
Sep 11 2018 01: +0,0.03,4228,Operation Breakout Weapon Case
Sep 12 2018 01: +0,0.03,4196,Operation Breakout Weapon Case
Sep 13 2018 01: +0,0.03,3933,Operation Breakout Weapon Case
Sep 14 2018 01: +0,0.03,6902,Operation Breakout Weapon Case
Sep 15 2018 01: +0,0.03,5341,Operation Breakout Weapon Case
Sep 16 2018 01: +0,0.03,6359,Operation Breakout Weapon Case
Sep 17 2018 01: +0,0.03,4379,Operation Breakout Weapon Case
Sep 18 2018 01: +0,0.03,5769,Operation Breakout Weapon Case
Sep 19 2018 01: +0,0.03,6118,Operation Breakout Weapon Case
Sep 20 2018 01: +0,0.03,5625,Operation Breakout Weapon Case
Sep 21 2018 01: +0,0.03,4532,Operation Breakout Weapon Case
Sep 22 2018 01: +0,0.03,6609,Operation Breakout Weapon Case
Sep 23 2018 01: +0,0.03,6699,Operation Breakout Weapon Case
Sep 24 2018 01: +0,0.03,5911,Operation Breakout Weapon Case
Sep 25 2018 01: +0,0.03,3825,Operation Breakout Weapon Case
Sep 26 2018 01: +0,0.03,4978,Operation Breakout Weapon Case
Sep 27 2018 01: +0,0.03,4259,Operation Breakout Weapon Case
Sep 28 2018 01: +0,0.03,7385,Operation Breakout Weapon Case
Sep 29 2018 01: +0,0.03,6470,Operation Breakout Weapon Case
Sep 30 2018 01: +0,0.03,8460,Operation Breakout Weapon Case
Oct 01 2018 01: +0,0.03,6126,Operation Breakout Weapon Case
Oct 02 2018 01: +0,0.03,6014,Operation Breakout Weapon Case
Oct 03 2018 01: +0,0.03,5025,Operation Breakout Weapon Case
Oct 04 2018 01: +0,0.03,6485,Operation Breakout Weapon Case
Oct 05 2018 01: +0,0.03,6848,Operation Breakout Weapon Case
Oct 06 2018 01: +0,0.03,6465,Operation Breakout Weapon Case
Oct 07 2018 01: +0,0.03,6516,Operation Breakout Weapon Case
Oct 08 2018 01: +0,0.03,5886,Operation Breakout Weapon Case
Oct 09 2018 01: +0,0.03,7125,Operation Breakout Weapon Case
Oct 10 2018 01: +0,0.03,6464,Operation Breakout Weapon Case
Oct 11 2018 01: +0,0.03,6997,Operation Breakout Weapon Case
Oct 12 2018 01: +0,0.03,8733,Operation Breakout Weapon Case
Oct 13 2018 01: +0,0.03,6616,Operation Breakout Weapon Case
Oct 14 2018 01: +0,0.03,6519,Operation Breakout Weapon Case
Oct 15 2018 01: +0,0.03,8191,Operation Breakout Weapon Case
Oct 16 2018 01: +0,0.03,8437,Operation Breakout Weapon Case
Oct 17 2018 01: +0,0.03,6377,Operation Breakout Weapon Case
Oct 18 2018 01: +0,0.03,6146,Operation Breakout Weapon Case
Oct 19 2018 01: +0,0.03,6274,Operation Breakout Weapon Case
Oct 20 2018 01: +0,0.03,5373,Operation Breakout Weapon Case
Oct 21 2018 01: +0,0.03,7227,Operation Breakout Weapon Case
Oct 22 2018 01: +0,0.03,4708,Operation Breakout Weapon Case
Oct 23 2018 01: +0,0.03,5042,Operation Breakout Weapon Case
Oct 24 2018 01: +0,0.03,4122,Operation Breakout Weapon Case
Oct 25 2018 01: +0,0.03,4988,Operation Breakout Weapon Case
Oct 26 2018 01: +0,0.03,4997,Operation Breakout Weapon Case
Oct 27 2018 01: +0,0.03,5364,Operation Breakout Weapon Case
Oct 28 2018 01: +0,0.03,5966,Operation Breakout Weapon Case
Oct 29 2018 01: +0,0.03,5034,Operation Breakout Weapon Case
Oct 30 2018 01: +0,0.03,5674,Operation Breakout Weapon Case
Oct 31 2018 01: +0,0.03,5483,Operation Breakout Weapon Case
Nov 01 2018 01: +0,0.03,5463,Operation Breakout Weapon Case
Nov 02 2018 01: +0,0.03,5837,Operation Breakout Weapon Case
Nov 03 2018 01: +0,0.03,5357,Operation Breakout Weapon Case
Nov 04 2018 01: +0,0.03,5007,Operation Breakout Weapon Case
Nov 05 2018 01: +0,0.03,4008,Operation Breakout Weapon Case
Nov 06 2018 01: +0,0.03,4307,Operation Breakout Weapon Case
Nov 07 2018 01: +0,0.03,3633,Operation Breakout Weapon Case
Nov 08 2018 01: +0,0.03,4192,Operation Breakout Weapon Case
Nov 09 2018 01: +0,0.03,4091,Operation Breakout Weapon Case
Nov 10 2018 01: +0,0.03,4448,Operation Breakout Weapon Case
Nov 11 2018 01: +0,0.03,4581,Operation Breakout Weapon Case
Nov 12 2018 01: +0,0.03,4038,Operation Breakout Weapon Case
Nov 13 2018 01: +0,0.03,6226,Operation Breakout Weapon Case
Nov 14 2018 01: +0,0.03,3705,Operation Breakout Weapon Case
Nov 15 2018 01: +0,0.03,3945,Operation Breakout Weapon Case
Nov 16 2018 01: +0,0.03,5441,Operation Breakout Weapon Case
Nov 17 2018 01: +0,0.03,6475,Operation Breakout Weapon Case
Nov 18 2018 01: +0,0.03,7598,Operation Breakout Weapon Case
Nov 19 2018 01: +0,0.03,5203,Operation Breakout Weapon Case
Nov 20 2018 01: +0,0.03,7119,Operation Breakout Weapon Case
Nov 21 2018 01: +0,0.03,7694,Operation Breakout Weapon Case
Nov 22 2018 01: +0,0.03,8828,Operation Breakout Weapon Case
Nov 23 2018 01: +0,0.03,7341,Operation Breakout Weapon Case
Nov 24 2018 01: +0,0.03,6362,Operation Breakout Weapon Case
Nov 25 2018 01: +0,0.03,5667,Operation Breakout Weapon Case
Nov 26 2018 01: +0,0.03,5503,Operation Breakout Weapon Case
Nov 27 2018 01: +0,0.03,3215,Operation Breakout Weapon Case
Nov 28 2018 01: +0,0.03,3701,Operation Breakout Weapon Case
Nov 29 2018 01: +0,0.03,5215,Operation Breakout Weapon Case
Nov 30 2018 01: +0,0.03,8492,Operation Breakout Weapon Case
Dec 01 2018 01: +0,0.03,4939,Operation Breakout Weapon Case
Dec 02 2018 01: +0,0.03,8812,Operation Breakout Weapon Case
Dec 03 2018 01: +0,0.03,5504,Operation Breakout Weapon Case
Dec 04 2018 01: +0,0.03,6020,Operation Breakout Weapon Case
Dec 05 2018 01: +0,0.03,5870,Operation Breakout Weapon Case
Dec 06 2018 01: +0,0.03,5433,Operation Breakout Weapon Case
Dec 07 2018 01: +0,0.03,6097,Operation Breakout Weapon Case
Dec 08 2018 01: +0,0.03,14586,Operation Breakout Weapon Case
Dec 09 2018 01: +0,0.03,11373,Operation Breakout Weapon Case
Dec 10 2018 01: +0,0.03,9558,Operation Breakout Weapon Case
Dec 11 2018 01: +0,0.03,6888,Operation Breakout Weapon Case
Dec 12 2018 01: +0,0.03,6610,Operation Breakout Weapon Case
Dec 13 2018 01: +0,0.03,8484,Operation Breakout Weapon Case
Dec 14 2018 01: +0,0.03,7175,Operation Breakout Weapon Case
Dec 15 2018 01: +0,0.03,12215,Operation Breakout Weapon Case
Dec 16 2018 01: +0,0.03,14047,Operation Breakout Weapon Case
Dec 17 2018 01: +0,0.03,13466,Operation Breakout Weapon Case
Dec 18 2018 01: +0,0.03,10468,Operation Breakout Weapon Case
Dec 19 2018 01: +0,0.03,11594,Operation Breakout Weapon Case
Dec 20 2018 01: +0,0.03,11378,Operation Breakout Weapon Case
Dec 21 2018 01: +0,0.03,10837,Operation Breakout Weapon Case
Dec 22 2018 01: +0,0.03,15117,Operation Breakout Weapon Case
Dec 23 2018 01: +0,0.03,17599,Operation Breakout Weapon Case
Dec 24 2018 01: +0,0.03,12433,Operation Breakout Weapon Case
Dec 25 2018 01: +0,0.03,15752,Operation Breakout Weapon Case
Dec 26 2018 01: +0,0.03,17679,Operation Breakout Weapon Case
Dec 27 2018 01: +0,0.03,12500,Operation Breakout Weapon Case
Dec 28 2018 01: +0,0.03,13981,Operation Breakout Weapon Case
Dec 29 2018 01: +0,0.03,13497,Operation Breakout Weapon Case
Dec 30 2018 01: +0,0.03,7912,Operation Breakout Weapon Case
Dec 31 2018 01: +0,0.03,10078,Operation Breakout Weapon Case
Jan 01 2019 01: +0,0.03,18583,Operation Breakout Weapon Case
Jan 02 2019 01: +0,0.03,7550,Operation Breakout Weapon Case
Jan 03 2019 01: +0,0.03,9818,Operation Breakout Weapon Case
Jan 04 2019 01: +0,0.03,11140,Operation Breakout Weapon Case
Jan 05 2019 01: +0,0.03,9022,Operation Breakout Weapon Case
Jan 06 2019 01: +0,0.03,13513,Operation Breakout Weapon Case
Jan 07 2019 01: +0,0.03,8176,Operation Breakout Weapon Case
Jan 08 2019 01: +0,0.03,11078,Operation Breakout Weapon Case
Jan 09 2019 01: +0,0.03,9171,Operation Breakout Weapon Case
Jan 10 2019 01: +0,0.03,8107,Operation Breakout Weapon Case
Jan 11 2019 01: +0,0.03,8963,Operation Breakout Weapon Case
Jan 12 2019 01: +0,0.03,9319,Operation Breakout Weapon Case
Jan 13 2019 01: +0,0.03,12146,Operation Breakout Weapon Case
Jan 14 2019 01: +0,0.03,11331,Operation Breakout Weapon Case
Jan 15 2019 01: +0,0.03,7712,Operation Breakout Weapon Case
Jan 16 2019 01: +0,0.03,9926,Operation Breakout Weapon Case
Jan 17 2019 01: +0,0.03,7966,Operation Breakout Weapon Case
Jan 18 2019 01: +0,0.03,6069,Operation Breakout Weapon Case
Jan 19 2019 01: +0,0.03,9127,Operation Breakout Weapon Case
Jan 20 2019 01: +0,0.03,15729,Operation Breakout Weapon Case
Jan 21 2019 01: +0,0.03,7843,Operation Breakout Weapon Case
Jan 22 2019 01: +0,0.03,11583,Operation Breakout Weapon Case
Jan 23 2019 01: +0,0.03,8609,Operation Breakout Weapon Case
Jan 24 2019 01: +0,0.03,7892,Operation Breakout Weapon Case
Jan 25 2019 01: +0,0.03,11172,Operation Breakout Weapon Case
Jan 26 2019 01: +0,0.03,11319,Operation Breakout Weapon Case
Jan 27 2019 01: +0,0.03,8164,Operation Breakout Weapon Case
Jan 28 2019 01: +0,0.03,11433,Operation Breakout Weapon Case
Jan 29 2019 01: +0,0.03,9427,Operation Breakout Weapon Case
Jan 30 2019 01: +0,0.03,13337,Operation Breakout Weapon Case
Jan 31 2019 01: +0,0.03,9929,Operation Breakout Weapon Case
Feb 01 2019 01: +0,0.03,8393,Operation Breakout Weapon Case
Feb 02 2019 01: +0,0.03,18382,Operation Breakout Weapon Case
Feb 03 2019 01: +0,0.03,21915,Operation Breakout Weapon Case
Feb 04 2019 01: +0,0.03,9796,Operation Breakout Weapon Case
Feb 05 2019 01: +0,0.03,25715,Operation Breakout Weapon Case
Feb 06 2019 01: +0,0.03,30052,Operation Breakout Weapon Case
Feb 07 2019 01: +0,0.03,21018,Operation Breakout Weapon Case
Feb 08 2019 01: +0,0.03,26443,Operation Breakout Weapon Case
Feb 09 2019 01: +0,0.03,27683,Operation Breakout Weapon Case
Feb 10 2019 01: +0,0.03,44116,Operation Breakout Weapon Case
Feb 11 2019 01: +0,0.03,12744,Operation Breakout Weapon Case
Feb 12 2019 01: +0,0.03,7352,Operation Breakout Weapon Case
Feb 13 2019 01: +0,0.03,6573,Operation Breakout Weapon Case
Feb 14 2019 01: +0,0.03,10118,Operation Breakout Weapon Case
Feb 15 2019 01: +0,0.03,7620,Operation Breakout Weapon Case
Feb 16 2019 01: +0,0.03,9596,Operation Breakout Weapon Case
Feb 17 2019 01: +0,0.03,8446,Operation Breakout Weapon Case
Feb 18 2019 01: +0,0.03,7250,Operation Breakout Weapon Case
Feb 19 2019 01: +0,0.03,8993,Operation Breakout Weapon Case
Feb 20 2019 01: +0,0.03,6802,Operation Breakout Weapon Case
Feb 21 2019 01: +0,0.03,6544,Operation Breakout Weapon Case
Feb 22 2019 01: +0,0.03,8372,Operation Breakout Weapon Case
Feb 23 2019 01: +0,0.03,18026,Operation Breakout Weapon Case
Feb 24 2019 01: +0,0.03,10602,Operation Breakout Weapon Case
Feb 25 2019 01: +0,0.03,9550,Operation Breakout Weapon Case
Feb 26 2019 01: +0,0.03,8500,Operation Breakout Weapon Case
Feb 27 2019 01: +0,0.03,8258,Operation Breakout Weapon Case
Feb 28 2019 01: +0,0.03,7799,Operation Breakout Weapon Case
Mar 01 2019 01: +0,0.03,9928,Operation Breakout Weapon Case
Mar 02 2019 01: +0,0.03,13185,Operation Breakout Weapon Case
Mar 03 2019 01: +0,0.03,14964,Operation Breakout Weapon Case
Mar 04 2019 01: +0,0.03,10471,Operation Breakout Weapon Case
Mar 05 2019 01: +0,0.03,7451,Operation Breakout Weapon Case
Mar 06 2019 01: +0,0.03,7623,Operation Breakout Weapon Case
Mar 07 2019 01: +0,0.03,6473,Operation Breakout Weapon Case
Mar 08 2019 01: +0,0.03,8572,Operation Breakout Weapon Case
Mar 09 2019 01: +0,0.03,10333,Operation Breakout Weapon Case
Mar 10 2019 01: +0,0.03,13175,Operation Breakout Weapon Case
Mar 11 2019 01: +0,0.03,8266,Operation Breakout Weapon Case
Mar 12 2019 01: +0,0.03,8539,Operation Breakout Weapon Case
Mar 13 2019 01: +0,0.03,6538,Operation Breakout Weapon Case
Mar 14 2019 01: +0,0.03,9487,Operation Breakout Weapon Case
Mar 15 2019 01: +0,0.03,26237,Operation Breakout Weapon Case
Mar 16 2019 01: +0,0.03,35356,Operation Breakout Weapon Case
Mar 17 2019 01: +0,0.03,15807,Operation Breakout Weapon Case
Mar 18 2019 01: +0,0.031,17464,Operation Breakout Weapon Case
Mar 19 2019 01: +0,0.03,16228,Operation Breakout Weapon Case
Mar 20 2019 01: +0,0.032,14243,Operation Breakout Weapon Case
Mar 21 2019 01: +0,0.031,13147,Operation Breakout Weapon Case
Mar 22 2019 01: +0,0.032,10972,Operation Breakout Weapon Case
Mar 23 2019 01: +0,0.032,14440,Operation Breakout Weapon Case
Mar 24 2019 01: +0,0.034,14705,Operation Breakout Weapon Case
Mar 25 2019 01: +0,0.034,12484,Operation Breakout Weapon Case
Mar 26 2019 01: +0,0.036,18562,Operation Breakout Weapon Case
Mar 27 2019 01: +0,0.04,16674,Operation Breakout Weapon Case
Mar 28 2019 01: +0,0.045,24111,Operation Breakout Weapon Case
Mar 29 2019 01: +0,0.06,29314,Operation Breakout Weapon Case
Mar 30 2019 01: +0,0.056,17294,Operation Breakout Weapon Case
Mar 31 2019 01: +0,0.047,16355,Operation Breakout Weapon Case
Apr 01 2019 01: +0,0.044,14942,Operation Breakout Weapon Case
Apr 02 2019 01: +0,0.042,12804,Operation Breakout Weapon Case
Apr 03 2019 01: +0,0.036,12310,Operation Breakout Weapon Case
Apr 04 2019 01: +0,0.038,12510,Operation Breakout Weapon Case
Apr 05 2019 01: +0,0.042,12113,Operation Breakout Weapon Case
Apr 06 2019 01: +0,0.049,15907,Operation Breakout Weapon Case
Apr 07 2019 01: +0,0.046,14472,Operation Breakout Weapon Case
Apr 08 2019 01: +0,0.049,14213,Operation Breakout Weapon Case
Apr 09 2019 01: +0,0.049,12698,Operation Breakout Weapon Case
Apr 10 2019 01: +0,0.048,14747,Operation Breakout Weapon Case
Apr 11 2019 01: +0,0.046,11429,Operation Breakout Weapon Case
Apr 12 2019 01: +0,0.052,12390,Operation Breakout Weapon Case
Apr 13 2019 01: +0,0.056,33198,Operation Breakout Weapon Case
Apr 14 2019 01: +0,0.059,29627,Operation Breakout Weapon Case
Apr 15 2019 01: +0,0.059,20788,Operation Breakout Weapon Case
Apr 16 2019 01: +0,0.061,14914,Operation Breakout Weapon Case
Apr 17 2019 01: +0,0.06,15182,Operation Breakout Weapon Case
Apr 18 2019 01: +0,0.06,13768,Operation Breakout Weapon Case
Apr 19 2019 01: +0,0.06,11391,Operation Breakout Weapon Case
Apr 20 2019 01: +0,0.058,16341,Operation Breakout Weapon Case
Apr 21 2019 01: +0,0.057,12655,Operation Breakout Weapon Case
Apr 22 2019 01: +0,0.059,13315,Operation Breakout Weapon Case
Apr 23 2019 01: +0,0.057,12526,Operation Breakout Weapon Case
Apr 24 2019 01: +0,0.054,11140,Operation Breakout Weapon Case
Apr 25 2019 01: +0,0.056,11960,Operation Breakout Weapon Case
Apr 26 2019 01: +0,0.059,13052,Operation Breakout Weapon Case
Apr 27 2019 01: +0,0.055,10514,Operation Breakout Weapon Case
Apr 28 2019 01: +0,0.054,12334,Operation Breakout Weapon Case
Apr 29 2019 01: +0,0.052,10518,Operation Breakout Weapon Case
Apr 30 2019 01: +0,0.056,11426,Operation Breakout Weapon Case
May 01 2019 01: +0,0.052,10136,Operation Breakout Weapon Case
May 02 2019 01: +0,0.049,11631,Operation Breakout Weapon Case
May 03 2019 01: +0,0.052,10706,Operation Breakout Weapon Case
May 04 2019 01: +0,0.053,9869,Operation Breakout Weapon Case
May 05 2019 01: +0,0.055,12318,Operation Breakout Weapon Case
May 06 2019 01: +0,0.05,9068,Operation Breakout Weapon Case
May 07 2019 01: +0,0.044,12404,Operation Breakout Weapon Case
May 08 2019 01: +0,0.04,14767,Operation Breakout Weapon Case
May 09 2019 01: +0,0.042,15746,Operation Breakout Weapon Case
May 10 2019 01: +0,0.045,13215,Operation Breakout Weapon Case
May 11 2019 01: +0,0.042,11926,Operation Breakout Weapon Case
May 12 2019 01: +0,0.046,10581,Operation Breakout Weapon Case
May 13 2019 01: +0,0.043,10261,Operation Breakout Weapon Case
May 14 2019 01: +0,0.052,19961,Operation Breakout Weapon Case
May 15 2019 01: +0,0.052,17710,Operation Breakout Weapon Case
May 16 2019 01: +0,0.052,12325,Operation Breakout Weapon Case
May 17 2019 01: +0,0.054,14254,Operation Breakout Weapon Case
May 18 2019 01: +0,0.054,14772,Operation Breakout Weapon Case
May 19 2019 01: +0,0.054,16730,Operation Breakout Weapon Case
May 20 2019 01: +0,0.052,15879,Operation Breakout Weapon Case
May 21 2019 01: +0,0.05,14809,Operation Breakout Weapon Case
May 22 2019 01: +0,0.05,14599,Operation Breakout Weapon Case
May 23 2019 01: +0,0.05,16285,Operation Breakout Weapon Case
May 24 2019 01: +0,0.05,17880,Operation Breakout Weapon Case
May 25 2019 01: +0,0.051,15011,Operation Breakout Weapon Case
May 26 2019 01: +0,0.052,15094,Operation Breakout Weapon Case
May 27 2019 01: +0,0.051,15990,Operation Breakout Weapon Case
May 28 2019 01: +0,0.051,14660,Operation Breakout Weapon Case
May 29 2019 01: +0,0.05,14673,Operation Breakout Weapon Case
May 30 2019 01: +0,0.05,19023,Operation Breakout Weapon Case
May 31 2019 01: +0,0.052,23517,Operation Breakout Weapon Case
Jun 01 2019 01: +0,0.061,22072,Operation Breakout Weapon Case
Jun 02 2019 01: +0,0.064,19552,Operation Breakout Weapon Case
Jun 03 2019 01: +0,0.067,34063,Operation Breakout Weapon Case
Jun 04 2019 01: +0,0.072,22325,Operation Breakout Weapon Case
Jun 05 2019 01: +0,0.075,30513,Operation Breakout Weapon Case
Jun 06 2019 01: +0,0.077,31022,Operation Breakout Weapon Case
Jun 07 2019 01: +0,0.085,35118,Operation Breakout Weapon Case
Jun 08 2019 01: +0,0.103,41049,Operation Breakout Weapon Case
Jun 09 2019 01: +0,0.102,25039,Operation Breakout Weapon Case
Jun 10 2019 01: +0,0.098,24676,Operation Breakout Weapon Case
Jun 11 2019 01: +0,0.1,20291,Operation Breakout Weapon Case
Jun 12 2019 01: +0,0.102,20159,Operation Breakout Weapon Case
Jun 13 2019 01: +0,0.103,21768,Operation Breakout Weapon Case
Jun 14 2019 01: +0,0.105,21417,Operation Breakout Weapon Case
Jun 15 2019 01: +0,0.106,25917,Operation Breakout Weapon Case
Jun 16 2019 01: +0,0.106,25225,Operation Breakout Weapon Case
Jun 17 2019 01: +0,0.108,19909,Operation Breakout Weapon Case
Jun 18 2019 01: +0,0.113,26251,Operation Breakout Weapon Case
Jun 19 2019 01: +0,0.118,30401,Operation Breakout Weapon Case
Jun 20 2019 01: +0,0.15,62928,Operation Breakout Weapon Case
Jun 21 2019 01: +0,0.16,36372,Operation Breakout Weapon Case
Jun 22 2019 01: +0,0.157,31978,Operation Breakout Weapon Case
Jun 23 2019 01: +0,0.135,30879,Operation Breakout Weapon Case
Jun 24 2019 01: +0,0.115,28663,Operation Breakout Weapon Case
Jun 25 2019 01: +0,0.118,22066,Operation Breakout Weapon Case
Jun 26 2019 01: +0,0.116,23753,Operation Breakout Weapon Case
Jun 27 2019 01: +0,0.113,20358,Operation Breakout Weapon Case
Jun 28 2019 01: +0,0.113,18158,Operation Breakout Weapon Case
Jun 29 2019 01: +0,0.119,22921,Operation Breakout Weapon Case
Jun 30 2019 01: +0,0.118,21696,Operation Breakout Weapon Case
Jul 01 2019 01: +0,0.113,19993,Operation Breakout Weapon Case
Jul 02 2019 01: +0,0.113,18155,Operation Breakout Weapon Case
Jul 03 2019 01: +0,0.115,18717,Operation Breakout Weapon Case
Jul 04 2019 01: +0,0.113,20959,Operation Breakout Weapon Case
Jul 05 2019 01: +0,0.118,21157,Operation Breakout Weapon Case
Jul 06 2019 01: +0,0.117,19412,Operation Breakout Weapon Case
Jul 07 2019 01: +0,0.12,19166,Operation Breakout Weapon Case
Jul 08 2019 01: +0,0.12,20476,Operation Breakout Weapon Case
Jul 09 2019 01: +0,0.122,18751,Operation Breakout Weapon Case
Jul 10 2019 01: +0,0.127,17695,Operation Breakout Weapon Case
Jul 11 2019 01: +0,0.133,20745,Operation Breakout Weapon Case
Jul 12 2019 01: +0,0.142,23799,Operation Breakout Weapon Case
Jul 13 2019 01: +0,0.147,20530,Operation Breakout Weapon Case
Jul 14 2019 01: +0,0.142,21775,Operation Breakout Weapon Case
Jul 15 2019 01: +0,0.137,19763,Operation Breakout Weapon Case
Jul 16 2019 01: +0,0.133,20067,Operation Breakout Weapon Case
Jul 17 2019 01: +0,0.137,19454,Operation Breakout Weapon Case
Jul 18 2019 01: +0,0.141,23724,Operation Breakout Weapon Case
Jul 19 2019 01: +0,0.15,20822,Operation Breakout Weapon Case
Jul 20 2019 01: +0,0.148,25628,Operation Breakout Weapon Case
Jul 21 2019 01: +0,0.143,21968,Operation Breakout Weapon Case
Jul 22 2019 01: +0,0.142,25990,Operation Breakout Weapon Case
Jul 23 2019 01: +0,0.141,19065,Operation Breakout Weapon Case
Jul 24 2019 01: +0,0.137,21909,Operation Breakout Weapon Case
Jul 25 2019 01: +0,0.141,23512,Operation Breakout Weapon Case
Jul 26 2019 01: +0,0.137,18861,Operation Breakout Weapon Case
Jul 27 2019 01: +0,0.133,21656,Operation Breakout Weapon Case
Jul 28 2019 01: +0,0.126,19186,Operation Breakout Weapon Case
Jul 29 2019 01: +0,0.122,22679,Operation Breakout Weapon Case
Jul 30 2019 01: +0,0.13,22556,Operation Breakout Weapon Case
Jul 31 2019 01: +0,0.134,24648,Operation Breakout Weapon Case
Aug 01 2019 01: +0,0.134,26615,Operation Breakout Weapon Case
Aug 02 2019 01: +0,0.144,31233,Operation Breakout Weapon Case
Aug 03 2019 01: +0,0.144,26198,Operation Breakout Weapon Case
Aug 04 2019 01: +0,0.144,31622,Operation Breakout Weapon Case
Aug 05 2019 01: +0,0.149,27681,Operation Breakout Weapon Case
Aug 06 2019 01: +0,0.151,27474,Operation Breakout Weapon Case
Aug 07 2019 01: +0,0.155,29362,Operation Breakout Weapon Case
Aug 08 2019 01: +0,0.151,27251,Operation Breakout Weapon Case
Aug 09 2019 01: +0,0.154,25603,Operation Breakout Weapon Case
Aug 10 2019 01: +0,0.155,27006,Operation Breakout Weapon Case
Aug 11 2019 01: +0,0.151,26827,Operation Breakout Weapon Case
Aug 12 2019 01: +0,0.15,25537,Operation Breakout Weapon Case
Aug 13 2019 01: +0,0.15,21282,Operation Breakout Weapon Case
Aug 14 2019 01: +0,0.15,24128,Operation Breakout Weapon Case
Aug 15 2019 01: +0,0.141,23621,Operation Breakout Weapon Case
Aug 16 2019 01: +0,0.145,24217,Operation Breakout Weapon Case
Aug 17 2019 01: +0,0.146,24293,Operation Breakout Weapon Case
Aug 18 2019 01: +0,0.148,26589,Operation Breakout Weapon Case
Aug 19 2019 01: +0,0.144,24896,Operation Breakout Weapon Case
Aug 20 2019 01: +0,0.135,17846,Operation Breakout Weapon Case
Aug 21 2019 01: +0,0.139,22614,Operation Breakout Weapon Case
Aug 22 2019 01: +0,0.139,22003,Operation Breakout Weapon Case
Aug 23 2019 01: +0,0.141,24440,Operation Breakout Weapon Case
Aug 24 2019 01: +0,0.142,23089,Operation Breakout Weapon Case
Aug 25 2019 01: +0,0.142,25711,Operation Breakout Weapon Case
Aug 26 2019 01: +0,0.139,20872,Operation Breakout Weapon Case
Aug 27 2019 01: +0,0.135,17283,Operation Breakout Weapon Case
Aug 28 2019 01: +0,0.14,17764,Operation Breakout Weapon Case
Aug 29 2019 01: +0,0.145,23550,Operation Breakout Weapon Case
Aug 30 2019 01: +0,0.156,44479,Operation Breakout Weapon Case
Aug 31 2019 01: +0,0.159,39820,Operation Breakout Weapon Case
Sep 01 2019 01: +0,0.164,37714,Operation Breakout Weapon Case
Sep 02 2019 01: +0,0.157,24615,Operation Breakout Weapon Case
Sep 03 2019 01: +0,0.166,28232,Operation Breakout Weapon Case
Sep 04 2019 01: +0,0.174,31509,Operation Breakout Weapon Case
Sep 05 2019 01: +0,0.183,27867,Operation Breakout Weapon Case
Sep 06 2019 01: +0,0.191,31362,Operation Breakout Weapon Case
Sep 07 2019 01: +0,0.201,45056,Operation Breakout Weapon Case
Sep 08 2019 01: +0,0.18,31735,Operation Breakout Weapon Case
Sep 09 2019 01: +0,0.19,19929,Operation Breakout Weapon Case
Sep 10 2019 01: +0,0.199,24869,Operation Breakout Weapon Case
Sep 11 2019 01: +0,0.205,26564,Operation Breakout Weapon Case
Sep 12 2019 01: +0,0.206,28954,Operation Breakout Weapon Case
Sep 13 2019 01: +0,0.227,41463,Operation Breakout Weapon Case
Sep 14 2019 01: +0,0.253,43049,Operation Breakout Weapon Case
Sep 15 2019 01: +0,0.274,47964,Operation Breakout Weapon Case
Sep 16 2019 01: +0,0.26,31141,Operation Breakout Weapon Case
Sep 17 2019 01: +0,0.268,27018,Operation Breakout Weapon Case
Sep 18 2019 01: +0,0.28,29820,Operation Breakout Weapon Case
Sep 19 2019 01: +0,0.32,42457,Operation Breakout Weapon Case
Sep 20 2019 01: +0,0.359,35944,Operation Breakout Weapon Case
Sep 21 2019 01: +0,0.363,39182,Operation Breakout Weapon Case
Sep 22 2019 01: +0,0.349,34063,Operation Breakout Weapon Case
Sep 23 2019 01: +0,0.353,30065,Operation Breakout Weapon Case
Sep 24 2019 01: +0,0.353,28692,Operation Breakout Weapon Case
Sep 25 2019 01: +0,0.333,24132,Operation Breakout Weapon Case
Sep 26 2019 01: +0,0.324,27600,Operation Breakout Weapon Case
Sep 27 2019 01: +0,0.308,27050,Operation Breakout Weapon Case
Sep 28 2019 01: +0,0.3,26582,Operation Breakout Weapon Case
Sep 29 2019 01: +0,0.278,27704,Operation Breakout Weapon Case
Sep 30 2019 01: +0,0.249,28707,Operation Breakout Weapon Case
Oct 01 2019 01: +0,0.277,27779,Operation Breakout Weapon Case
Oct 02 2019 01: +0,0.291,25151,Operation Breakout Weapon Case
Oct 03 2019 01: +0,0.292,31491,Operation Breakout Weapon Case
Oct 04 2019 01: +0,0.292,26962,Operation Breakout Weapon Case
Oct 05 2019 01: +0,0.303,29560,Operation Breakout Weapon Case
Oct 06 2019 01: +0,0.302,29900,Operation Breakout Weapon Case
Oct 07 2019 01: +0,0.313,31345,Operation Breakout Weapon Case
Oct 08 2019 01: +0,0.337,33639,Operation Breakout Weapon Case
Oct 09 2019 01: +0,0.345,29398,Operation Breakout Weapon Case
Oct 10 2019 01: +0,0.347,28303,Operation Breakout Weapon Case
Oct 11 2019 01: +0,0.354,32328,Operation Breakout Weapon Case
Oct 12 2019 01: +0,0.349,31804,Operation Breakout Weapon Case
Oct 13 2019 01: +0,0.35,30615,Operation Breakout Weapon Case
Oct 14 2019 01: +0,0.353,30309,Operation Breakout Weapon Case
Oct 15 2019 01: +0,0.356,26090,Operation Breakout Weapon Case
Oct 16 2019 01: +0,0.359,27403,Operation Breakout Weapon Case
Oct 17 2019 01: +0,0.351,28834,Operation Breakout Weapon Case
Oct 18 2019 01: +0,0.352,29900,Operation Breakout Weapon Case
Oct 19 2019 01: +0,0.32,28977,Operation Breakout Weapon Case
Oct 20 2019 01: +0,0.318,30764,Operation Breakout Weapon Case
Oct 21 2019 01: +0,0.319,24805,Operation Breakout Weapon Case
Oct 22 2019 01: +0,0.326,27239,Operation Breakout Weapon Case
Oct 23 2019 01: +0,0.324,23138,Operation Breakout Weapon Case
Oct 24 2019 01: +0,0.329,22747,Operation Breakout Weapon Case
Oct 25 2019 01: +0,0.335,25361,Operation Breakout Weapon Case
Oct 26 2019 01: +0,0.33,22537,Operation Breakout Weapon Case
Oct 27 2019 01: +0,0.324,24204,Operation Breakout Weapon Case
Oct 28 2019 01: +0,0.321,16549,Operation Breakout Weapon Case
Oct 29 2019 01: +0,0.29,21226,Operation Breakout Weapon Case
Oct 30 2019 01: +0,0.264,21057,Operation Breakout Weapon Case
Oct 31 2019 01: +0,0.248,20742,Operation Breakout Weapon Case
Nov 01 2019 01: +0,0.261,18945,Operation Breakout Weapon Case
Nov 02 2019 01: +0,0.294,19364,Operation Breakout Weapon Case
Nov 03 2019 01: +0,0.291,16297,Operation Breakout Weapon Case
Nov 04 2019 01: +0,0.271,14347,Operation Breakout Weapon Case
Nov 05 2019 01: +0,0.265,15283,Operation Breakout Weapon Case
Nov 06 2019 01: +0,0.264,13726,Operation Breakout Weapon Case
Nov 07 2019 01: +0,0.278,16249,Operation Breakout Weapon Case
Nov 08 2019 01: +0,0.291,16484,Operation Breakout Weapon Case
Nov 09 2019 01: +0,0.29,17142,Operation Breakout Weapon Case
Nov 10 2019 01: +0,0.291,17923,Operation Breakout Weapon Case
Nov 11 2019 01: +0,0.286,19828,Operation Breakout Weapon Case
Nov 12 2019 01: +0,0.287,16618,Operation Breakout Weapon Case
Nov 13 2019 01: +0,0.292,15644,Operation Breakout Weapon Case
Nov 14 2019 01: +0,0.286,18435,Operation Breakout Weapon Case
Nov 15 2019 01: +0,0.284,16085,Operation Breakout Weapon Case
Nov 16 2019 01: +0,0.285,18346,Operation Breakout Weapon Case
Nov 17 2019 01: +0,0.279,18648,Operation Breakout Weapon Case
Nov 18 2019 01: +0,0.276,14902,Operation Breakout Weapon Case
Nov 19 2019 01: +0,0.2,34881,Operation Breakout Weapon Case
Nov 20 2019 01: +0,0.215,14413,Operation Breakout Weapon Case
Nov 21 2019 01: +0,0.218,13229,Operation Breakout Weapon Case
Nov 22 2019 01: +0,0.228,11871,Operation Breakout Weapon Case
Nov 23 2019 01: +0,0.224,12873,Operation Breakout Weapon Case
Nov 24 2019 01: +0,0.209,13370,Operation Breakout Weapon Case
Nov 25 2019 01: +0,0.217,16259,Operation Breakout Weapon Case
Nov 26 2019 01: +0,0.223,13564,Operation Breakout Weapon Case
Nov 27 2019 01: +0,0.196,14931,Operation Breakout Weapon Case
Nov 28 2019 01: +0,0.186,15060,Operation Breakout Weapon Case
Nov 29 2019 01: +0,0.198,13152,Operation Breakout Weapon Case
Nov 30 2019 01: +0,0.205,15445,Operation Breakout Weapon Case
Dec 01 2019 01: +0,0.212,17493,Operation Breakout Weapon Case
Dec 02 2019 01: +0,0.211,17408,Operation Breakout Weapon Case
Dec 03 2019 01: +0,0.212,15586,Operation Breakout Weapon Case
Dec 04 2019 01: +0,0.218,13026,Operation Breakout Weapon Case
Dec 05 2019 01: +0,0.215,13999,Operation Breakout Weapon Case
Dec 06 2019 01: +0,0.217,17702,Operation Breakout Weapon Case
Dec 07 2019 01: +0,0.228,21270,Operation Breakout Weapon Case
Dec 08 2019 01: +0,0.228,21371,Operation Breakout Weapon Case
Dec 09 2019 01: +0,0.242,19629,Operation Breakout Weapon Case
Dec 10 2019 01: +0,0.261,19372,Operation Breakout Weapon Case
Dec 11 2019 01: +0,0.263,15621,Operation Breakout Weapon Case
Dec 12 2019 01: +0,0.263,14011,Operation Breakout Weapon Case
Dec 13 2019 01: +0,0.269,15045,Operation Breakout Weapon Case
Dec 14 2019 01: +0,0.27,16886,Operation Breakout Weapon Case
Dec 15 2019 01: +0,0.267,18603,Operation Breakout Weapon Case
Dec 16 2019 01: +0,0.266,15627,Operation Breakout Weapon Case
Dec 17 2019 01: +0,0.266,14986,Operation Breakout Weapon Case
Dec 18 2019 01: +0,0.262,18469,Operation Breakout Weapon Case
Dec 19 2019 01: +0,0.249,15438,Operation Breakout Weapon Case
Dec 20 2019 01: +0,0.246,17869,Operation Breakout Weapon Case
Dec 21 2019 01: +0,0.248,19020,Operation Breakout Weapon Case
Dec 22 2019 01: +0,0.241,18639,Operation Breakout Weapon Case
Dec 23 2019 01: +0,0.245,20388,Operation Breakout Weapon Case
Dec 24 2019 01: +0,0.247,18287,Operation Breakout Weapon Case
Dec 25 2019 01: +0,0.256,24921,Operation Breakout Weapon Case
Dec 26 2019 01: +0,0.261,19203,Operation Breakout Weapon Case
Dec 27 2019 01: +0,0.26,21177,Operation Breakout Weapon Case
Dec 28 2019 01: +0,0.259,19298,Operation Breakout Weapon Case
Dec 29 2019 01: +0,0.252,20626,Operation Breakout Weapon Case
Dec 30 2019 01: +0,0.251,21112,Operation Breakout Weapon Case
Dec 31 2019 01: +0,0.254,20927,Operation Breakout Weapon Case
Jan 01 2020 01: +0,0.26,18233,Operation Breakout Weapon Case
Jan 02 2020 01: +0,0.247,22004,Operation Breakout Weapon Case
Jan 03 2020 01: +0,0.25,21243,Operation Breakout Weapon Case
Jan 04 2020 01: +0,0.256,22313,Operation Breakout Weapon Case
Jan 05 2020 01: +0,0.259,17873,Operation Breakout Weapon Case
Jan 06 2020 01: +0,0.26,18179,Operation Breakout Weapon Case
Jan 07 2020 01: +0,0.257,18132,Operation Breakout Weapon Case
Jan 08 2020 01: +0,0.264,15841,Operation Breakout Weapon Case
Jan 09 2020 01: +0,0.265,19553,Operation Breakout Weapon Case
Jan 10 2020 01: +0,0.267,23006,Operation Breakout Weapon Case
Jan 11 2020 01: +0,0.274,29171,Operation Breakout Weapon Case
Jan 12 2020 01: +0,0.282,41627,Operation Breakout Weapon Case
Jan 13 2020 01: +0,0.282,16859,Operation Breakout Weapon Case
Jan 14 2020 01: +0,0.283,19714,Operation Breakout Weapon Case
Jan 15 2020 01: +0,0.285,18543,Operation Breakout Weapon Case
Jan 16 2020 01: +0,0.291,25913,Operation Breakout Weapon Case
Jan 17 2020 01: +0,0.303,24172,Operation Breakout Weapon Case
Jan 18 2020 01: +0,0.311,27854,Operation Breakout Weapon Case
Jan 19 2020 01: +0,0.314,24850,Operation Breakout Weapon Case
Jan 20 2020 01: +0,0.318,18364,Operation Breakout Weapon Case
Jan 21 2020 01: +0,0.322,18660,Operation Breakout Weapon Case
Jan 22 2020 01: +0,0.318,24795,Operation Breakout Weapon Case
Jan 23 2020 01: +0,0.318,25051,Operation Breakout Weapon Case
Jan 24 2020 01: +0,0.32,25163,Operation Breakout Weapon Case
Jan 25 2020 01: +0,0.323,32337,Operation Breakout Weapon Case
Jan 26 2020 01: +0,0.326,32964,Operation Breakout Weapon Case
Jan 27 2020 01: +0,0.323,22766,Operation Breakout Weapon Case
Jan 28 2020 01: +0,0.327,26721,Operation Breakout Weapon Case
Jan 29 2020 01: +0,0.341,35197,Operation Breakout Weapon Case
Jan 30 2020 01: +0,0.356,27076,Operation Breakout Weapon Case
Jan 31 2020 01: +0,0.366,40460,Operation Breakout Weapon Case
Feb 01 2020 01: +0,0.374,32723,Operation Breakout Weapon Case
Feb 02 2020 01: +0,0.375,32003,Operation Breakout Weapon Case
Feb 03 2020 01: +0,0.373,22839,Operation Breakout Weapon Case
Feb 04 2020 01: +0,0.372,26626,Operation Breakout Weapon Case
Feb 05 2020 01: +0,0.37,21921,Operation Breakout Weapon Case
Feb 06 2020 01: +0,0.373,27939,Operation Breakout Weapon Case
Feb 07 2020 01: +0,0.371,29048,Operation Breakout Weapon Case
Feb 08 2020 01: +0,0.372,32725,Operation Breakout Weapon Case
Feb 09 2020 01: +0,0.377,28062,Operation Breakout Weapon Case
Feb 10 2020 01: +0,0.375,24096,Operation Breakout Weapon Case
Feb 11 2020 01: +0,0.378,25592,Operation Breakout Weapon Case
Feb 12 2020 01: +0,0.385,25922,Operation Breakout Weapon Case
Feb 13 2020 01: +0,0.393,33226,Operation Breakout Weapon Case
Feb 14 2020 01: +0,0.411,44746,Operation Breakout Weapon Case
Feb 15 2020 01: +0,0.446,46752,Operation Breakout Weapon Case
Feb 16 2020 01: +0,0.465,32191,Operation Breakout Weapon Case
Feb 17 2020 01: +0,0.462,27544,Operation Breakout Weapon Case
Feb 18 2020 01: +0,0.458,28347,Operation Breakout Weapon Case
Feb 19 2020 01: +0,0.461,27824,Operation Breakout Weapon Case
Feb 20 2020 01: +0,0.508,36953,Operation Breakout Weapon Case
Feb 21 2020 01: +0,0.554,46280,Operation Breakout Weapon Case
Feb 22 2020 01: +0,0.62,47667,Operation Breakout Weapon Case
Feb 23 2020 01: +0,0.572,26943,Operation Breakout Weapon Case
Feb 24 2020 01: +0,0.518,23630,Operation Breakout Weapon Case
Feb 25 2020 01: +0,0.491,27453,Operation Breakout Weapon Case
Feb 26 2020 01: +0,0.522,25879,Operation Breakout Weapon Case
Feb 27 2020 01: +0,0.562,23122,Operation Breakout Weapon Case
Feb 28 2020 01: +0,0.578,25128,Operation Breakout Weapon Case
Feb 29 2020 01: +0,0.574,28219,Operation Breakout Weapon Case
Mar 01 2020 01: +0,0.547,22273,Operation Breakout Weapon Case
Mar 02 2020 01: +0,0.526,22210,Operation Breakout Weapon Case
Mar 03 2020 01: +0,0.518,22782,Operation Breakout Weapon Case
Mar 04 2020 01: +0,0.511,23230,Operation Breakout Weapon Case
Mar 05 2020 01: +0,0.516,22332,Operation Breakout Weapon Case
Mar 06 2020 01: +0,0.513,23712,Operation Breakout Weapon Case
Mar 07 2020 01: +0,0.518,24637,Operation Breakout Weapon Case
Mar 08 2020 01: +0,0.507,25669,Operation Breakout Weapon Case
Mar 09 2020 01: +0,0.487,24750,Operation Breakout Weapon Case
Mar 10 2020 01: +0,0.466,21915,Operation Breakout Weapon Case
Mar 11 2020 01: +0,0.478,18004,Operation Breakout Weapon Case
Mar 12 2020 01: +0,0.472,22253,Operation Breakout Weapon Case
Mar 13 2020 01: +0,0.462,27451,Operation Breakout Weapon Case
Mar 14 2020 01: +0,0.481,25630,Operation Breakout Weapon Case
Mar 15 2020 01: +0,0.471,22446,Operation Breakout Weapon Case
Mar 16 2020 01: +0,0.463,22894,Operation Breakout Weapon Case
Mar 17 2020 01: +0,0.457,23344,Operation Breakout Weapon Case
Mar 18 2020 01: +0,0.45,25510,Operation Breakout Weapon Case
Mar 19 2020 01: +0,0.441,25194,Operation Breakout Weapon Case
Mar 20 2020 01: +0,0.419,29414,Operation Breakout Weapon Case
Mar 21 2020 01: +0,0.412,25024,Operation Breakout Weapon Case
Mar 22 2020 01: +0,0.396,25239,Operation Breakout Weapon Case
Mar 23 2020 01: +0,0.386,23269,Operation Breakout Weapon Case
Mar 24 2020 01: +0,0.366,23009,Operation Breakout Weapon Case
Mar 25 2020 01: +0,0.364,27522,Operation Breakout Weapon Case
Mar 26 2020 01: +0,0.382,24987,Operation Breakout Weapon Case
Mar 27 2020 01: +0,0.393,25373,Operation Breakout Weapon Case
Mar 28 2020 01: +0,0.394,29780,Operation Breakout Weapon Case
Mar 29 2020 01: +0,0.406,25627,Operation Breakout Weapon Case
Mar 30 2020 01: +0,0.383,27005,Operation Breakout Weapon Case
Mar 31 2020 01: +0,0.379,30976,Operation Breakout Weapon Case
Apr 01 2020 01: +0,0.405,37476,Operation Breakout Weapon Case
Apr 02 2020 01: +0,0.406,31285,Operation Breakout Weapon Case
Apr 03 2020 01: +0,0.407,36867,Operation Breakout Weapon Case
Apr 04 2020 01: +0,0.411,36728,Operation Breakout Weapon Case
Apr 05 2020 01: +0,0.418,33309,Operation Breakout Weapon Case
Apr 06 2020 01: +0,0.415,30607,Operation Breakout Weapon Case
Apr 07 2020 01: +0,0.417,30323,Operation Breakout Weapon Case
Apr 08 2020 01: +0,0.42,27108,Operation Breakout Weapon Case
Apr 09 2020 01: +0,0.427,33048,Operation Breakout Weapon Case
Apr 10 2020 01: +0,0.421,29867,Operation Breakout Weapon Case
Apr 11 2020 01: +0,0.421,31347,Operation Breakout Weapon Case
Apr 12 2020 01: +0,0.422,28448,Operation Breakout Weapon Case
Apr 13 2020 01: +0,0.413,30080,Operation Breakout Weapon Case
Apr 14 2020 01: +0,0.421,28329,Operation Breakout Weapon Case
Apr 15 2020 01: +0,0.426,28754,Operation Breakout Weapon Case
Apr 16 2020 01: +0,0.429,29304,Operation Breakout Weapon Case
Apr 17 2020 01: +0,0.438,31699,Operation Breakout Weapon Case
Apr 18 2020 01: +0,0.435,27311,Operation Breakout Weapon Case
Apr 19 2020 01: +0,0.429,27087,Operation Breakout Weapon Case
Apr 20 2020 01: +0,0.433,25084,Operation Breakout Weapon Case
Apr 21 2020 01: +0,0.421,24766,Operation Breakout Weapon Case
Apr 22 2020 01: +0,0.415,23901,Operation Breakout Weapon Case
Apr 23 2020 01: +0,0.414,25038,Operation Breakout Weapon Case
Apr 24 2020 01: +0,0.418,28670,Operation Breakout Weapon Case
Apr 25 2020 01: +0,0.424,27889,Operation Breakout Weapon Case
Apr 26 2020 01: +0,0.42,28794,Operation Breakout Weapon Case
Apr 27 2020 01: +0,0.418,27260,Operation Breakout Weapon Case
Apr 28 2020 01: +0,0.421,27838,Operation Breakout Weapon Case
Apr 29 2020 01: +0,0.431,28997,Operation Breakout Weapon Case
Apr 30 2020 01: +0,0.442,35514,Operation Breakout Weapon Case
May 01 2020 01: +0,0.451,33167,Operation Breakout Weapon Case
May 02 2020 01: +0,0.459,32369,Operation Breakout Weapon Case
May 03 2020 01: +0,0.46,32001,Operation Breakout Weapon Case
May 04 2020 01: +0,0.472,32756,Operation Breakout Weapon Case
May 05 2020 01: +0,0.49,30025,Operation Breakout Weapon Case
May 06 2020 01: +0,0.505,28050,Operation Breakout Weapon Case
May 07 2020 01: +0,0.505,25961,Operation Breakout Weapon Case
May 08 2020 01: +0,0.513,30487,Operation Breakout Weapon Case
May 09 2020 01: +0,0.522,29263,Operation Breakout Weapon Case
May 10 2020 01: +0,0.528,24997,Operation Breakout Weapon Case
May 11 2020 01: +0,0.548,27753,Operation Breakout Weapon Case
May 12 2020 01: +0,0.549,25785,Operation Breakout Weapon Case
May 13 2020 01: +0,0.563,29339,Operation Breakout Weapon Case
May 14 2020 01: +0,0.571,28056,Operation Breakout Weapon Case
May 15 2020 01: +0,0.588,28821,Operation Breakout Weapon Case
May 16 2020 01: +0,0.619,36431,Operation Breakout Weapon Case
May 17 2020 01: +0,0.645,43835,Operation Breakout Weapon Case
May 18 2020 01: +0,0.665,30927,Operation Breakout Weapon Case
May 19 2020 01: +0,0.643,25012,Operation Breakout Weapon Case
May 20 2020 01: +0,0.614,21953,Operation Breakout Weapon Case
May 21 2020 01: +0,0.638,21629,Operation Breakout Weapon Case
May 22 2020 01: +0,0.641,20159,Operation Breakout Weapon Case
May 23 2020 01: +0,0.643,20534,Operation Breakout Weapon Case
May 24 2020 01: +0,0.611,19613,Operation Breakout Weapon Case
May 25 2020 01: +0,0.581,18883,Operation Breakout Weapon Case
May 26 2020 01: +0,0.545,22876,Operation Breakout Weapon Case
May 27 2020 01: +0,0.566,19351,Operation Breakout Weapon Case
May 28 2020 01: +0,0.591,18423,Operation Breakout Weapon Case
May 29 2020 01: +0,0.601,19132,Operation Breakout Weapon Case
May 30 2020 01: +0,0.621,19850,Operation Breakout Weapon Case
May 31 2020 01: +0,0.614,19690,Operation Breakout Weapon Case
Jun 01 2020 01: +0,0.618,19792,Operation Breakout Weapon Case
Jun 02 2020 01: +0,0.623,16007,Operation Breakout Weapon Case
Jun 03 2020 01: +0,0.626,16135,Operation Breakout Weapon Case
Jun 04 2020 01: +0,0.621,15715,Operation Breakout Weapon Case
Jun 05 2020 01: +0,0.631,19312,Operation Breakout Weapon Case
Jun 06 2020 01: +0,0.637,18675,Operation Breakout Weapon Case
Jun 07 2020 01: +0,0.626,16639,Operation Breakout Weapon Case
Jun 08 2020 01: +0,0.625,15796,Operation Breakout Weapon Case
Jun 09 2020 01: +0,0.627,14641,Operation Breakout Weapon Case
Jun 10 2020 01: +0,0.632,15231,Operation Breakout Weapon Case
Jun 11 2020 01: +0,0.626,15090,Operation Breakout Weapon Case
Jun 12 2020 01: +0,0.628,16076,Operation Breakout Weapon Case
Jun 13 2020 01: +0,0.628,15034,Operation Breakout Weapon Case
Jun 14 2020 01: +0,0.635,17329,Operation Breakout Weapon Case
Jun 15 2020 01: +0,0.633,15200,Operation Breakout Weapon Case
Jun 16 2020 01: +0,0.629,14131,Operation Breakout Weapon Case
Jun 17 2020 01: +0,0.63,18066,Operation Breakout Weapon Case
Jun 18 2020 01: +0,0.63,19486,Operation Breakout Weapon Case
Jun 19 2020 01: +0,0.621,18947,Operation Breakout Weapon Case
Jun 20 2020 01: +0,0.622,16648,Operation Breakout Weapon Case
Jun 21 2020 01: +0,0.62,17695,Operation Breakout Weapon Case
Jun 22 2020 01: +0,0.63,15618,Operation Breakout Weapon Case
Jun 23 2020 01: +0,0.634,16784,Operation Breakout Weapon Case
Jun 24 2020 01: +0,0.631,15347,Operation Breakout Weapon Case
Jun 25 2020 01: +0,0.603,18738,Operation Breakout Weapon Case
Jun 26 2020 01: +0,0.599,23935,Operation Breakout Weapon Case
Jun 27 2020 01: +0,0.615,21912,Operation Breakout Weapon Case
Jun 28 2020 01: +0,0.606,18351,Operation Breakout Weapon Case
Jun 29 2020 01: +0,0.608,18491,Operation Breakout Weapon Case
Jun 30 2020 01: +0,0.622,21151,Operation Breakout Weapon Case
Jul 01 2020 01: +0,0.624,18078,Operation Breakout Weapon Case
Jul 02 2020 01: +0,0.618,20257,Operation Breakout Weapon Case
Jul 03 2020 01: +0,0.631,25723,Operation Breakout Weapon Case
Jul 04 2020 01: +0,0.639,22855,Operation Breakout Weapon Case
Jul 05 2020 01: +0,0.636,18619,Operation Breakout Weapon Case
Jul 06 2020 01: +0,0.631,16984,Operation Breakout Weapon Case
Jul 07 2020 01: +0,0.639,17261,Operation Breakout Weapon Case
Jul 08 2020 01: +0,0.643,19663,Operation Breakout Weapon Case
Jul 09 2020 01: +0,0.65,20336,Operation Breakout Weapon Case
Jul 10 2020 01: +0,0.664,18445,Operation Breakout Weapon Case
Jul 11 2020 01: +0,0.677,24483,Operation Breakout Weapon Case
Jul 12 2020 01: +0,0.682,18150,Operation Breakout Weapon Case
Jul 13 2020 01: +0,0.694,17230,Operation Breakout Weapon Case
Jul 14 2020 01: +0,0.703,19963,Operation Breakout Weapon Case
Jul 15 2020 01: +0,0.715,18672,Operation Breakout Weapon Case
Jul 16 2020 01: +0,0.724,19640,Operation Breakout Weapon Case
Jul 17 2020 01: +0,0.736,18525,Operation Breakout Weapon Case
Jul 18 2020 01: +0,0.739,15868,Operation Breakout Weapon Case
Jul 19 2020 01: +0,0.752,17424,Operation Breakout Weapon Case
Jul 20 2020 01: +0,0.772,24342,Operation Breakout Weapon Case
Jul 21 2020 01: +0,0.818,18901,Operation Breakout Weapon Case
Jul 22 2020 01: +0,0.85,22837,Operation Breakout Weapon Case
Jul 23 2020 01: +0,0.894,21166,Operation Breakout Weapon Case
Jul 24 2020 01: +0,0.924,17822,Operation Breakout Weapon Case
Jul 25 2020 01: +0,0.925,14202,Operation Breakout Weapon Case
Jul 26 2020 01: +0,0.893,14968,Operation Breakout Weapon Case
Jul 27 2020 01: +0,0.842,13531,Operation Breakout Weapon Case
Jul 28 2020 01: +0,0.838,12881,Operation Breakout Weapon Case
Jul 29 2020 01: +0,0.823,13156,Operation Breakout Weapon Case
Jul 30 2020 01: +0,0.816,13526,Operation Breakout Weapon Case
Jul 31 2020 01: +0,0.859,15050,Operation Breakout Weapon Case
Aug 01 2020 01: +0,0.875,13740,Operation Breakout Weapon Case
Aug 02 2020 01: +0,0.881,15265,Operation Breakout Weapon Case
Aug 03 2020 01: +0,0.857,10760,Operation Breakout Weapon Case
Aug 04 2020 01: +0,0.799,17766,Operation Breakout Weapon Case
Aug 05 2020 01: +0,0.819,11770,Operation Breakout Weapon Case
Aug 06 2020 01: +0,0.821,12001,Operation Breakout Weapon Case
Aug 07 2020 01: +0,0.853,13805,Operation Breakout Weapon Case
Aug 08 2020 01: +0,0.872,13412,Operation Breakout Weapon Case
Aug 09 2020 01: +0,0.849,13855,Operation Breakout Weapon Case
Aug 10 2020 01: +0,0.852,11615,Operation Breakout Weapon Case
Aug 11 2020 01: +0,0.841,11232,Operation Breakout Weapon Case
Aug 12 2020 01: +0,0.838,12360,Operation Breakout Weapon Case
Aug 13 2020 01: +0,0.85,12512,Operation Breakout Weapon Case
Aug 14 2020 01: +0,0.842,11602,Operation Breakout Weapon Case
Aug 15 2020 01: +0,0.83,13877,Operation Breakout Weapon Case
Aug 16 2020 01: +0,0.829,11866,Operation Breakout Weapon Case
Aug 17 2020 01: +0,0.803,10587,Operation Breakout Weapon Case
Aug 18 2020 01: +0,0.808,10810,Operation Breakout Weapon Case
Aug 19 2020 01: +0,0.804,11189,Operation Breakout Weapon Case
Aug 20 2020 01: +0,0.804,11979,Operation Breakout Weapon Case
Aug 21 2020 01: +0,0.815,10914,Operation Breakout Weapon Case
Aug 22 2020 01: +0,0.813,13322,Operation Breakout Weapon Case
Aug 23 2020 01: +0,0.798,10689,Operation Breakout Weapon Case
Aug 24 2020 01: +0,0.81,11795,Operation Breakout Weapon Case
Aug 25 2020 01: +0,0.795,11724,Operation Breakout Weapon Case
Aug 26 2020 01: +0,0.812,11791,Operation Breakout Weapon Case
Aug 27 2020 01: +0,0.802,12709,Operation Breakout Weapon Case
Aug 28 2020 01: +0,0.818,12760,Operation Breakout Weapon Case
Aug 29 2020 01: +0,0.826,12020,Operation Breakout Weapon Case
Aug 30 2020 01: +0,0.828,12014,Operation Breakout Weapon Case
Aug 31 2020 01: +0,0.826,12704,Operation Breakout Weapon Case
Sep 01 2020 01: +0,0.815,10433,Operation Breakout Weapon Case
Sep 02 2020 01: +0,0.791,11422,Operation Breakout Weapon Case
Sep 03 2020 01: +0,0.809,10611,Operation Breakout Weapon Case
Sep 04 2020 01: +0,0.81,13423,Operation Breakout Weapon Case
Sep 05 2020 01: +0,0.815,13730,Operation Breakout Weapon Case
Sep 06 2020 01: +0,0.809,12193,Operation Breakout Weapon Case
Sep 07 2020 01: +0,0.797,10106,Operation Breakout Weapon Case
Sep 08 2020 01: +0,0.793,9327,Operation Breakout Weapon Case
Sep 09 2020 01: +0,0.8,11199,Operation Breakout Weapon Case
Sep 10 2020 01: +0,0.81,11823,Operation Breakout Weapon Case
Sep 11 2020 01: +0,0.83,13182,Operation Breakout Weapon Case
Sep 12 2020 01: +0,0.836,15958,Operation Breakout Weapon Case
Sep 13 2020 01: +0,0.826,12821,Operation Breakout Weapon Case
Sep 14 2020 01: +0,0.831,11659,Operation Breakout Weapon Case
Sep 15 2020 01: +0,0.836,12633,Operation Breakout Weapon Case
Sep 16 2020 01: +0,0.815,10337,Operation Breakout Weapon Case
Sep 17 2020 01: +0,0.799,10104,Operation Breakout Weapon Case
Sep 18 2020 01: +0,0.799,11155,Operation Breakout Weapon Case
Sep 19 2020 01: +0,0.786,12278,Operation Breakout Weapon Case
Sep 20 2020 01: +0,0.782,12468,Operation Breakout Weapon Case
Sep 21 2020 01: +0,0.778,11014,Operation Breakout Weapon Case
Sep 22 2020 01: +0,0.772,9786,Operation Breakout Weapon Case
Sep 23 2020 01: +0,0.773,11882,Operation Breakout Weapon Case
Sep 24 2020 01: +0,0.775,13173,Operation Breakout Weapon Case
Sep 25 2020 01: +0,0.785,15631,Operation Breakout Weapon Case
Sep 26 2020 01: +0,0.782,15534,Operation Breakout Weapon Case
Sep 27 2020 01: +0,0.772,10908,Operation Breakout Weapon Case
Sep 28 2020 01: +0,0.777,11239,Operation Breakout Weapon Case
Sep 29 2020 01: +0,0.768,11983,Operation Breakout Weapon Case
Sep 30 2020 01: +0,0.769,11213,Operation Breakout Weapon Case
Oct 01 2020 01: +0,0.777,11112,Operation Breakout Weapon Case
Oct 02 2020 01: +0,0.767,10946,Operation Breakout Weapon Case
Oct 03 2020 01: +0,0.768,13217,Operation Breakout Weapon Case
Oct 04 2020 01: +0,0.776,11588,Operation Breakout Weapon Case
Oct 05 2020 01: +0,0.773,11163,Operation Breakout Weapon Case
Oct 06 2020 01: +0,0.772,11279,Operation Breakout Weapon Case
Oct 07 2020 01: +0,0.769,12768,Operation Breakout Weapon Case
Oct 08 2020 01: +0,0.766,11149,Operation Breakout Weapon Case
Oct 09 2020 01: +0,0.775,12719,Operation Breakout Weapon Case
Oct 10 2020 01: +0,0.79,12800,Operation Breakout Weapon Case
Oct 11 2020 01: +0,0.777,12415,Operation Breakout Weapon Case
Oct 12 2020 01: +0,0.771,11629,Operation Breakout Weapon Case
Oct 13 2020 01: +0,0.77,9808,Operation Breakout Weapon Case
Oct 14 2020 01: +0,0.768,8880,Operation Breakout Weapon Case
Oct 15 2020 01: +0,0.774,10292,Operation Breakout Weapon Case
Oct 16 2020 01: +0,0.764,13013,Operation Breakout Weapon Case
Oct 17 2020 01: +0,0.772,14593,Operation Breakout Weapon Case
Oct 18 2020 01: +0,0.778,13688,Operation Breakout Weapon Case
Oct 19 2020 01: +0,0.776,10342,Operation Breakout Weapon Case
Oct 20 2020 01: +0,0.786,10871,Operation Breakout Weapon Case
Oct 21 2020 01: +0,0.783,12675,Operation Breakout Weapon Case
Oct 22 2020 01: +0,0.786,11648,Operation Breakout Weapon Case
Oct 23 2020 01: +0,0.787,13684,Operation Breakout Weapon Case
Oct 24 2020 01: +0,0.799,13984,Operation Breakout Weapon Case
Oct 25 2020 01: +0,0.789,11645,Operation Breakout Weapon Case
Oct 26 2020 01: +0,0.792,11855,Operation Breakout Weapon Case
Oct 27 2020 01: +0,0.789,12172,Operation Breakout Weapon Case
Oct 28 2020 01: +0,0.788,10693,Operation Breakout Weapon Case
Oct 29 2020 01: +0,0.792,14938,Operation Breakout Weapon Case
Oct 30 2020 01: +0,0.788,14030,Operation Breakout Weapon Case
Oct 31 2020 01: +0,0.785,14743,Operation Breakout Weapon Case
Nov 01 2020 01: +0,0.79,13667,Operation Breakout Weapon Case
Nov 02 2020 01: +0,0.799,11503,Operation Breakout Weapon Case
Nov 03 2020 01: +0,0.799,16525,Operation Breakout Weapon Case
Nov 04 2020 01: +0,0.807,13616,Operation Breakout Weapon Case
Nov 05 2020 01: +0,0.8,12621,Operation Breakout Weapon Case
Nov 06 2020 01: +0,0.825,14203,Operation Breakout Weapon Case
Nov 07 2020 01: +0,0.832,14277,Operation Breakout Weapon Case
Nov 08 2020 01: +0,0.817,12941,Operation Breakout Weapon Case
Nov 09 2020 01: +0,0.802,10754,Operation Breakout Weapon Case
Nov 10 2020 01: +0,0.819,11681,Operation Breakout Weapon Case
Nov 11 2020 01: +0,0.807,11870,Operation Breakout Weapon Case
Nov 12 2020 01: +0,0.812,11744,Operation Breakout Weapon Case
Nov 13 2020 01: +0,0.81,12467,Operation Breakout Weapon Case
Nov 14 2020 01: +0,0.819,12881,Operation Breakout Weapon Case
Nov 15 2020 01: +0,0.803,13478,Operation Breakout Weapon Case
Nov 16 2020 01: +0,0.796,10851,Operation Breakout Weapon Case
Nov 17 2020 01: +0,0.798,12103,Operation Breakout Weapon Case
Nov 18 2020 01: +0,0.793,11517,Operation Breakout Weapon Case
Nov 19 2020 01: +0,0.802,13442,Operation Breakout Weapon Case
Nov 20 2020 01: +0,0.806,12555,Operation Breakout Weapon Case
Nov 21 2020 01: +0,0.806,13393,Operation Breakout Weapon Case
Nov 22 2020 01: +0,0.796,12499,Operation Breakout Weapon Case
Nov 23 2020 01: +0,0.795,11082,Operation Breakout Weapon Case
Nov 24 2020 01: +0,0.803,11433,Operation Breakout Weapon Case
Nov 25 2020 01: +0,0.788,12320,Operation Breakout Weapon Case
Nov 26 2020 01: +0,0.764,14066,Operation Breakout Weapon Case
Nov 27 2020 01: +0,0.767,15778,Operation Breakout Weapon Case
Nov 28 2020 01: +0,0.751,14671,Operation Breakout Weapon Case
Nov 29 2020 01: +0,0.749,12473,Operation Breakout Weapon Case
Nov 30 2020 01: +0,0.753,12174,Operation Breakout Weapon Case
Dec 01 2020 01: +0,0.763,11657,Operation Breakout Weapon Case
Dec 02 2020 01: +0,0.779,12424,Operation Breakout Weapon Case
Dec 03 2020 01: +0,0.784,14472,Operation Breakout Weapon Case
Dec 04 2020 01: +0,0.663,20102,Operation Breakout Weapon Case
Dec 05 2020 01: +0,0.675,11946,Operation Breakout Weapon Case
Dec 06 2020 01: +0,0.653,14626,Operation Breakout Weapon Case
Dec 07 2020 01: +0,0.658,11538,Operation Breakout Weapon Case
Dec 08 2020 01: +0,0.653,11084,Operation Breakout Weapon Case
Dec 09 2020 01: +0,0.65,13576,Operation Breakout Weapon Case
Dec 10 2020 01: +0,0.615,14227,Operation Breakout Weapon Case
Dec 11 2020 01: +0,0.669,13371,Operation Breakout Weapon Case
Dec 12 2020 01: +0,0.71,13738,Operation Breakout Weapon Case
Dec 13 2020 01: +0,0.717,11348,Operation Breakout Weapon Case
Dec 14 2020 01: +0,0.713,12239,Operation Breakout Weapon Case
Dec 15 2020 01: +0,0.74,11497,Operation Breakout Weapon Case
Dec 16 2020 01: +0,0.751,11333,Operation Breakout Weapon Case
Dec 17 2020 01: +0,0.751,12251,Operation Breakout Weapon Case
Dec 18 2020 01: +0,0.768,13280,Operation Breakout Weapon Case
Dec 19 2020 01: +0,0.78,13533,Operation Breakout Weapon Case
Dec 20 2020 01: +0,0.773,13083,Operation Breakout Weapon Case
Dec 21 2020 01: +0,0.781,13462,Operation Breakout Weapon Case
Dec 22 2020 01: +0,0.774,13563,Operation Breakout Weapon Case
Dec 23 2020 01: +0,0.759,15972,Operation Breakout Weapon Case
Dec 24 2020 01: +0,0.791,19597,Operation Breakout Weapon Case
Dec 25 2020 01: +0,0.812,19318,Operation Breakout Weapon Case
Dec 26 2020 01: +0,0.82,17842,Operation Breakout Weapon Case
Dec 27 2020 01: +0,0.825,14535,Operation Breakout Weapon Case
Dec 28 2020 01: +0,0.822,17257,Operation Breakout Weapon Case
Dec 29 2020 01: +0,0.818,14902,Operation Breakout Weapon Case
Dec 30 2020 01: +0,0.819,16586,Operation Breakout Weapon Case
Dec 31 2020 01: +0,0.836,17319,Operation Breakout Weapon Case
Jan 01 2021 01: +0,0.855,18966,Operation Breakout Weapon Case
Jan 02 2021 01: +0,0.858,17357,Operation Breakout Weapon Case
Jan 03 2021 01: +0,0.863,18773,Operation Breakout Weapon Case
Jan 04 2021 01: +0,0.863,18163,Operation Breakout Weapon Case
Jan 05 2021 01: +0,0.868,17478,Operation Breakout Weapon Case
Jan 06 2021 01: +0,0.877,16335,Operation Breakout Weapon Case
Jan 07 2021 01: +0,0.887,18165,Operation Breakout Weapon Case
Jan 08 2021 01: +0,0.9,26425,Operation Breakout Weapon Case
Jan 09 2021 01: +0,0.937,31373,Operation Breakout Weapon Case
Jan 10 2021 01: +0,0.975,27499,Operation Breakout Weapon Case
Jan 11 2021 01: +0,1.011,22526,Operation Breakout Weapon Case
Jan 12 2021 01: +0,1.021,18927,Operation Breakout Weapon Case
Jan 13 2021 01: +0,1.014,18775,Operation Breakout Weapon Case
Jan 14 2021 01: +0,1.021,22273,Operation Breakout Weapon Case
Jan 15 2021 01: +0,1.027,21667,Operation Breakout Weapon Case
Jan 16 2021 01: +0,1.028,21025,Operation Breakout Weapon Case
Jan 17 2021 01: +0,1.032,19883,Operation Breakout Weapon Case
Jan 18 2021 01: +0,1.045,14867,Operation Breakout Weapon Case
Jan 19 2021 01: +0,1.053,15954,Operation Breakout Weapon Case
Jan 20 2021 01: +0,1.121,21779,Operation Breakout Weapon Case
Jan 21 2021 01: +0,1.153,16280,Operation Breakout Weapon Case
Jan 22 2021 01: +0,1.151,17681,Operation Breakout Weapon Case
Jan 23 2021 01: +0,1.175,19641,Operation Breakout Weapon Case
Jan 24 2021 01: +0,1.177,15989,Operation Breakout Weapon Case
Jan 25 2021 01: +0,1.176,16837,Operation Breakout Weapon Case
Jan 26 2021 01: +0,1.179,15703,Operation Breakout Weapon Case
Jan 27 2021 01: +0,1.214,17061,Operation Breakout Weapon Case
Jan 28 2021 01: +0,1.162,15628,Operation Breakout Weapon Case
Jan 29 2021 01: +0,1.222,17692,Operation Breakout Weapon Case
Jan 30 2021 01: +0,1.229,16889,Operation Breakout Weapon Case
Jan 31 2021 01: +0,1.225,16805,Operation Breakout Weapon Case
Feb 01 2021 01: +0,1.229,13452,Operation Breakout Weapon Case
Feb 02 2021 01: +0,1.229,15354,Operation Breakout Weapon Case
Feb 03 2021 01: +0,1.276,18804,Operation Breakout Weapon Case
Feb 04 2021 01: +0,1.313,18797,Operation Breakout Weapon Case
Feb 05 2021 01: +0,1.462,20280,Operation Breakout Weapon Case
Feb 06 2021 01: +0,1.488,16534,Operation Breakout Weapon Case
Feb 07 2021 01: +0,1.469,14431,Operation Breakout Weapon Case
Feb 08 2021 01: +0,1.414,13046,Operation Breakout Weapon Case
Feb 09 2021 01: +0,1.417,12684,Operation Breakout Weapon Case
Feb 10 2021 01: +0,1.341,14551,Operation Breakout Weapon Case
Feb 11 2021 01: +0,1.359,14232,Operation Breakout Weapon Case
Feb 12 2021 01: +0,1.311,13504,Operation Breakout Weapon Case
Feb 13 2021 01: +0,1.297,15262,Operation Breakout Weapon Case
Feb 14 2021 01: +0,1.264,13202,Operation Breakout Weapon Case
Feb 15 2021 01: +0,1.257,14503,Operation Breakout Weapon Case
Feb 16 2021 01: +0,1.285,12895,Operation Breakout Weapon Case
Feb 17 2021 01: +0,1.292,11141,Operation Breakout Weapon Case
Feb 18 2021 01: +0,1.302,11902,Operation Breakout Weapon Case
Feb 19 2021 01: +0,1.333,13784,Operation Breakout Weapon Case
Feb 20 2021 01: +0,1.366,15018,Operation Breakout Weapon Case
Feb 21 2021 01: +0,1.354,13017,Operation Breakout Weapon Case
Feb 22 2021 01: +0,1.341,11849,Operation Breakout Weapon Case
Feb 23 2021 01: +0,1.378,15877,Operation Breakout Weapon Case
Feb 24 2021 01: +0,1.396,15935,Operation Breakout Weapon Case
Feb 25 2021 01: +0,1.431,17351,Operation Breakout Weapon Case
Feb 26 2021 01: +0,1.465,20559,Operation Breakout Weapon Case
Feb 27 2021 01: +0,1.486,21577,Operation Breakout Weapon Case
Feb 28 2021 01: +0,1.488,18759,Operation Breakout Weapon Case
Mar 01 2021 01: +0,1.511,17068,Operation Breakout Weapon Case
Mar 02 2021 01: +0,1.517,20902,Operation Breakout Weapon Case
Mar 03 2021 01: +0,1.546,15516,Operation Breakout Weapon Case
Mar 04 2021 01: +0,1.567,14925,Operation Breakout Weapon Case
Mar 05 2021 01: +0,1.593,18138,Operation Breakout Weapon Case
Mar 06 2021 01: +0,1.604,16638,Operation Breakout Weapon Case
Mar 07 2021 01: +0,1.631,14410,Operation Breakout Weapon Case
Mar 08 2021 01: +0,1.621,13778,Operation Breakout Weapon Case
Mar 09 2021 01: +0,1.589,12177,Operation Breakout Weapon Case
Mar 10 2021 01: +0,1.542,12273,Operation Breakout Weapon Case
Mar 11 2021 01: +0,1.54,12544,Operation Breakout Weapon Case
Mar 12 2021 01: +0,1.556,14443,Operation Breakout Weapon Case
Mar 13 2021 01: +0,1.556,15982,Operation Breakout Weapon Case
Mar 14 2021 01: +0,1.541,14136,Operation Breakout Weapon Case
Mar 15 2021 01: +0,1.538,14103,Operation Breakout Weapon Case
Mar 16 2021 01: +0,1.506,13091,Operation Breakout Weapon Case
Mar 17 2021 01: +0,1.484,13524,Operation Breakout Weapon Case
Mar 18 2021 01: +0,1.528,14285,Operation Breakout Weapon Case
Mar 19 2021 01: +0,1.539,14002,Operation Breakout Weapon Case
Mar 20 2021 01: +0,1.553,17097,Operation Breakout Weapon Case
Mar 21 2021 01: +0,1.548,13930,Operation Breakout Weapon Case
Mar 22 2021 01: +0,1.55,14213,Operation Breakout Weapon Case
Mar 23 2021 01: +0,1.557,12293,Operation Breakout Weapon Case
Mar 24 2021 01: +0,1.545,12337,Operation Breakout Weapon Case
Mar 25 2021 01: +0,1.564,15949,Operation Breakout Weapon Case
Mar 26 2021 01: +0,1.573,16248,Operation Breakout Weapon Case
Mar 27 2021 01: +0,1.586,18062,Operation Breakout Weapon Case
Mar 28 2021 01: +0,1.599,15578,Operation Breakout Weapon Case
Mar 29 2021 01: +0,1.623,14299,Operation Breakout Weapon Case
Mar 30 2021 01: +0,1.635,14367,Operation Breakout Weapon Case
Mar 31 2021 01: +0,1.639,14622,Operation Breakout Weapon Case
Apr 01 2021 01: +0,1.668,18988,Operation Breakout Weapon Case
Apr 02 2021 01: +0,1.699,15233,Operation Breakout Weapon Case
Apr 03 2021 01: +0,1.704,17324,Operation Breakout Weapon Case
Apr 04 2021 01: +0,1.728,14484,Operation Breakout Weapon Case
Apr 05 2021 01: +0,1.756,12976,Operation Breakout Weapon Case
Apr 06 2021 01: +0,1.745,12742,Operation Breakout Weapon Case
Apr 07 2021 01: +0,1.647,10480,Operation Breakout Weapon Case
Apr 08 2021 01: +0,1.54,9875,Operation Breakout Weapon Case
Apr 09 2021 01: +0,1.569,15966,Operation Breakout Weapon Case
Apr 10 2021 01: +0,1.603,12960,Operation Breakout Weapon Case
Apr 11 2021 01: +0,1.563,11894,Operation Breakout Weapon Case
Apr 12 2021 01: +0,1.575,13434,Operation Breakout Weapon Case
Apr 13 2021 01: +0,1.585,11996,Operation Breakout Weapon Case
Apr 14 2021 01: +0,1.592,5620,Operation Breakout Weapon Case
Apr 15 2021 01: +0,1.6,13670,Operation Breakout Weapon Case
Apr 16 2021 01: +0,1.597,15642,Operation Breakout Weapon Case
Apr 17 2021 01: +0,1.617,15100,Operation Breakout Weapon Case
Apr 18 2021 01: +0,1.599,11858,Operation Breakout Weapon Case
Apr 19 2021 01: +0,1.598,12841,Operation Breakout Weapon Case
Apr 20 2021 01: +0,1.595,11501,Operation Breakout Weapon Case
Apr 21 2021 01: +0,1.612,13252,Operation Breakout Weapon Case
Apr 22 2021 01: +0,1.598,13186,Operation Breakout Weapon Case
Apr 23 2021 01: +0,1.612,14473,Operation Breakout Weapon Case
Apr 24 2021 01: +0,1.617,13607,Operation Breakout Weapon Case
Apr 25 2021 01: +0,1.648,12593,Operation Breakout Weapon Case
Apr 26 2021 01: +0,1.68,12829,Operation Breakout Weapon Case
Apr 27 2021 01: +0,1.634,9555,Operation Breakout Weapon Case
Apr 28 2021 01: +0,1.657,11964,Operation Breakout Weapon Case
Apr 29 2021 01: +0,1.654,12949,Operation Breakout Weapon Case
Apr 30 2021 01: +0,1.65,12945,Operation Breakout Weapon Case
May 01 2021 01: +0,1.657,13104,Operation Breakout Weapon Case
May 02 2021 01: +0,1.659,13387,Operation Breakout Weapon Case
May 03 2021 01: +0,1.662,10802,Operation Breakout Weapon Case
May 04 2021 01: +0,1.664,12990,Operation Breakout Weapon Case
May 05 2021 01: +0,1.66,10719,Operation Breakout Weapon Case
May 06 2021 01: +0,1.653,12525,Operation Breakout Weapon Case
May 07 2021 01: +0,1.677,13449,Operation Breakout Weapon Case
May 08 2021 01: +0,1.703,19395,Operation Breakout Weapon Case
May 09 2021 01: +0,1.746,17813,Operation Breakout Weapon Case
May 10 2021 01: +0,1.757,15058,Operation Breakout Weapon Case
May 11 2021 01: +0,1.776,16330,Operation Breakout Weapon Case
May 12 2021 01: +0,1.8,15290,Operation Breakout Weapon Case
May 13 2021 01: +0,1.824,15345,Operation Breakout Weapon Case
May 14 2021 01: +0,1.863,17239,Operation Breakout Weapon Case
May 15 2021 01: +0,1.934,19073,Operation Breakout Weapon Case
May 16 2021 01: +0,1.944,13773,Operation Breakout Weapon Case
May 17 2021 01: +0,1.946,12108,Operation Breakout Weapon Case
May 18 2021 01: +0,1.924,11017,Operation Breakout Weapon Case
May 19 2021 01: +0,1.963,11191,Operation Breakout Weapon Case
May 20 2021 01: +0,1.938,10285,Operation Breakout Weapon Case
May 21 2021 01: +0,1.94,11723,Operation Breakout Weapon Case
May 22 2021 01: +0,1.938,13403,Operation Breakout Weapon Case
May 23 2021 01: +0,1.946,13405,Operation Breakout Weapon Case
May 24 2021 01: +0,1.93,11507,Operation Breakout Weapon Case
May 25 2021 01: +0,1.974,10795,Operation Breakout Weapon Case
May 26 2021 01: +0,1.971,11508,Operation Breakout Weapon Case
May 27 2021 01: +0,1.964,10743,Operation Breakout Weapon Case
May 28 2021 01: +0,1.981,15988,Operation Breakout Weapon Case
May 29 2021 01: +0,2.0,16614,Operation Breakout Weapon Case
May 30 2021 01: +0,2.001,10791,Operation Breakout Weapon Case
May 31 2021 01: +0,2.012,12877,Operation Breakout Weapon Case
Jun 01 2021 01: +0,2.044,10360,Operation Breakout Weapon Case
Jun 02 2021 01: +0,2.073,17214,Operation Breakout Weapon Case
Jun 03 2021 01: +0,2.279,20871,Operation Breakout Weapon Case
Jun 04 2021 01: +0,2.543,31541,Operation Breakout Weapon Case
Jun 05 2021 01: +0,2.534,14940,Operation Breakout Weapon Case
Jun 06 2021 01: +0,2.433,10682,Operation Breakout Weapon Case
Jun 07 2021 01: +0,2.443,10017,Operation Breakout Weapon Case
Jun 08 2021 01: +0,2.56,13594,Operation Breakout Weapon Case
Jun 09 2021 01: +0,2.743,12530,Operation Breakout Weapon Case
Jun 10 2021 01: +0,2.793,9704,Operation Breakout Weapon Case
Jun 11 2021 01: +0,2.786,9458,Operation Breakout Weapon Case
Jun 12 2021 01: +0,2.749,9357,Operation Breakout Weapon Case
Jun 13 2021 01: +0,2.597,9687,Operation Breakout Weapon Case
Jun 14 2021 01: +0,2.418,8236,Operation Breakout Weapon Case
Jun 15 2021 01: +0,2.394,8050,Operation Breakout Weapon Case
Jun 16 2021 01: +0,2.49,6909,Operation Breakout Weapon Case
Jun 17 2021 01: +0,2.432,8963,Operation Breakout Weapon Case
Jun 18 2021 01: +0,2.4,8260,Operation Breakout Weapon Case
Jun 19 2021 01: +0,2.381,8144,Operation Breakout Weapon Case
Jun 20 2021 01: +0,2.325,8120,Operation Breakout Weapon Case
Jun 21 2021 01: +0,2.163,8064,Operation Breakout Weapon Case
Jun 22 2021 01: +0,2.226,8558,Operation Breakout Weapon Case
Jun 23 2021 01: +0,2.239,7255,Operation Breakout Weapon Case
Jun 24 2021 01: +0,2.182,10854,Operation Breakout Weapon Case
Jun 25 2021 01: +0,2.141,12087,Operation Breakout Weapon Case
Jun 26 2021 01: +0,2.178,10766,Operation Breakout Weapon Case
Jun 27 2021 01: +0,2.182,9018,Operation Breakout Weapon Case
Jun 28 2021 01: +0,2.182,9803,Operation Breakout Weapon Case
Jun 29 2021 01: +0,2.175,9086,Operation Breakout Weapon Case
Jun 30 2021 01: +0,2.168,8468,Operation Breakout Weapon Case
Jul 01 2021 01: +0,2.081,7837,Operation Breakout Weapon Case
Jul 02 2021 01: +0,2.083,9465,Operation Breakout Weapon Case
Jul 03 2021 01: +0,2.051,8593,Operation Breakout Weapon Case
Jul 04 2021 01: +0,2.046,7961,Operation Breakout Weapon Case
Jul 05 2021 01: +0,2.007,8099,Operation Breakout Weapon Case
Jul 06 2021 01: +0,1.935,9051,Operation Breakout Weapon Case
Jul 07 2021 01: +0,1.928,9068,Operation Breakout Weapon Case
Jul 08 2021 01: +0,1.86,9123,Operation Breakout Weapon Case
Jul 09 2021 01: +0,1.98,8779,Operation Breakout Weapon Case
Jul 10 2021 01: +0,2.038,8556,Operation Breakout Weapon Case
Jul 11 2021 01: +0,2.002,6962,Operation Breakout Weapon Case
Jul 12 2021 01: +0,2.039,6716,Operation Breakout Weapon Case
Jul 13 2021 01: +0,2.043,6409,Operation Breakout Weapon Case
Jul 14 2021 01: +0,2.004,8504,Operation Breakout Weapon Case
Jul 15 2021 01: +0,2.006,7985,Operation Breakout Weapon Case
Jul 16 2021 01: +0,1.977,7071,Operation Breakout Weapon Case
Jul 17 2021 01: +0,2.064,9662,Operation Breakout Weapon Case
Jul 18 2021 01: +0,2.032,8108,Operation Breakout Weapon Case
Jul 19 2021 01: +0,2.01,7878,Operation Breakout Weapon Case
Jul 20 2021 01: +0,2.044,10273,Operation Breakout Weapon Case
Jul 21 2021 01: +0,2.063,9119,Operation Breakout Weapon Case
Jul 22 2021 01: +0,2.08,9145,Operation Breakout Weapon Case
Jul 23 2021 01: +0,2.108,10476,Operation Breakout Weapon Case
Jul 24 2021 01: +0,2.124,8197,Operation Breakout Weapon Case
Jul 25 2021 01: +0,2.139,9163,Operation Breakout Weapon Case
Jul 26 2021 01: +0,2.153,6506,Operation Breakout Weapon Case
Jul 27 2021 01: +0,2.186,5320,Operation Breakout Weapon Case
Jul 28 2021 01: +0,2.173,7075,Operation Breakout Weapon Case
Jul 29 2021 01: +0,2.183,7921,Operation Breakout Weapon Case
Jul 30 2021 01: +0,2.215,7921,Operation Breakout Weapon Case
Jul 31 2021 01: +0,2.191,8014,Operation Breakout Weapon Case
Aug 01 2021 01: +0,2.192,7291,Operation Breakout Weapon Case
Aug 02 2021 01: +0,2.212,8365,Operation Breakout Weapon Case
Aug 03 2021 01: +0,2.205,8321,Operation Breakout Weapon Case
Aug 04 2021 01: +0,2.235,6953,Operation Breakout Weapon Case
Aug 05 2021 01: +0,2.257,6375,Operation Breakout Weapon Case
Aug 06 2021 01: +0,2.194,7209,Operation Breakout Weapon Case
Aug 07 2021 01: +0,2.258,8948,Operation Breakout Weapon Case
Aug 08 2021 01: +0,2.206,7098,Operation Breakout Weapon Case
Aug 09 2021 01: +0,2.136,6159,Operation Breakout Weapon Case
Aug 10 2021 01: +0,2.178,7143,Operation Breakout Weapon Case
Aug 11 2021 01: +0,2.183,6812,Operation Breakout Weapon Case
Aug 12 2021 01: +0,2.145,6604,Operation Breakout Weapon Case
Aug 13 2021 01: +0,2.149,8132,Operation Breakout Weapon Case
Aug 14 2021 01: +0,2.185,7353,Operation Breakout Weapon Case
Aug 15 2021 01: +0,2.165,6803,Operation Breakout Weapon Case
Aug 16 2021 01: +0,2.142,7264,Operation Breakout Weapon Case
Aug 17 2021 01: +0,2.125,6573,Operation Breakout Weapon Case
Aug 18 2021 01: +0,2.137,6652,Operation Breakout Weapon Case
Aug 19 2021 01: +0,2.103,5706,Operation Breakout Weapon Case
Aug 20 2021 01: +0,2.114,7647,Operation Breakout Weapon Case
Aug 21 2021 01: +0,2.125,7086,Operation Breakout Weapon Case
Aug 22 2021 01: +0,2.119,6333,Operation Breakout Weapon Case
Aug 23 2021 01: +0,2.122,6691,Operation Breakout Weapon Case
Aug 24 2021 01: +0,2.129,7088,Operation Breakout Weapon Case
Aug 25 2021 01: +0,2.137,6654,Operation Breakout Weapon Case
Aug 26 2021 01: +0,2.169,6933,Operation Breakout Weapon Case
Aug 27 2021 01: +0,2.162,7199,Operation Breakout Weapon Case
Aug 28 2021 01: +0,2.166,8249,Operation Breakout Weapon Case
Aug 29 2021 01: +0,2.171,8208,Operation Breakout Weapon Case
Aug 30 2021 01: +0,2.141,7037,Operation Breakout Weapon Case
Aug 31 2021 01: +0,2.172,8087,Operation Breakout Weapon Case
Sep 01 2021 01: +0,2.206,6896,Operation Breakout Weapon Case
Sep 02 2021 01: +0,2.213,7267,Operation Breakout Weapon Case
Sep 03 2021 01: +0,2.239,8284,Operation Breakout Weapon Case
Sep 04 2021 01: +0,2.262,8284,Operation Breakout Weapon Case
Sep 05 2021 01: +0,2.235,7498,Operation Breakout Weapon Case
Sep 06 2021 01: +0,2.25,8369,Operation Breakout Weapon Case
Sep 07 2021 01: +0,2.249,6723,Operation Breakout Weapon Case
Sep 08 2021 01: +0,2.273,10494,Operation Breakout Weapon Case
Sep 09 2021 01: +0,2.236,7989,Operation Breakout Weapon Case
Sep 10 2021 01: +0,2.285,13993,Operation Breakout Weapon Case
Sep 11 2021 01: +0,2.324,9225,Operation Breakout Weapon Case
Sep 12 2021 01: +0,2.307,7405,Operation Breakout Weapon Case
Sep 13 2021 01: +0,2.301,8756,Operation Breakout Weapon Case
Sep 14 2021 01: +0,2.271,8097,Operation Breakout Weapon Case
Sep 15 2021 01: +0,2.288,6575,Operation Breakout Weapon Case
Sep 16 2021 01: +0,2.286,8693,Operation Breakout Weapon Case
Sep 17 2021 01: +0,2.287,7390,Operation Breakout Weapon Case
Sep 18 2021 01: +0,2.296,10289,Operation Breakout Weapon Case
Sep 19 2021 01: +0,2.245,7954,Operation Breakout Weapon Case
Sep 20 2021 01: +0,2.223,7402,Operation Breakout Weapon Case
Sep 21 2021 01: +0,2.214,9357,Operation Breakout Weapon Case
Sep 22 2021 01: +0,1.808,20723,Operation Breakout Weapon Case
Sep 23 2021 01: +0,1.792,9567,Operation Breakout Weapon Case
Sep 24 2021 01: +0,1.814,9493,Operation Breakout Weapon Case
Sep 25 2021 01: +0,1.813,8281,Operation Breakout Weapon Case
Sep 26 2021 01: +0,1.798,8676,Operation Breakout Weapon Case
Sep 27 2021 01: +0,1.728,7628,Operation Breakout Weapon Case
Sep 28 2021 01: +0,1.713,8536,Operation Breakout Weapon Case
Sep 29 2021 01: +0,1.699,8425,Operation Breakout Weapon Case
Sep 30 2021 01: +0,1.668,5798,Operation Breakout Weapon Case
Oct 01 2021 01: +0,1.667,6837,Operation Breakout Weapon Case
Oct 02 2021 01: +0,1.655,7243,Operation Breakout Weapon Case
Oct 03 2021 01: +0,1.681,7348,Operation Breakout Weapon Case
Oct 04 2021 01: +0,1.648,5622,Operation Breakout Weapon Case
Oct 05 2021 01: +0,1.647,5790,Operation Breakout Weapon Case
Oct 06 2021 01: +0,1.618,6291,Operation Breakout Weapon Case
Oct 07 2021 01: +0,1.641,6297,Operation Breakout Weapon Case
Oct 08 2021 01: +0,1.681,5808,Operation Breakout Weapon Case
Oct 09 2021 01: +0,1.713,6167,Operation Breakout Weapon Case
Oct 10 2021 01: +0,1.726,5909,Operation Breakout Weapon Case
Oct 11 2021 01: +0,1.709,5578,Operation Breakout Weapon Case
Oct 12 2021 01: +0,1.716,5657,Operation Breakout Weapon Case
Oct 13 2021 01: +0,1.732,5891,Operation Breakout Weapon Case
Oct 14 2021 01: +0,1.741,7067,Operation Breakout Weapon Case
Oct 15 2021 01: +0,1.779,8083,Operation Breakout Weapon Case
Oct 16 2021 01: +0,1.815,7156,Operation Breakout Weapon Case
Oct 17 2021 01: +0,1.893,6625,Operation Breakout Weapon Case
Oct 18 2021 01: +0,1.9,5242,Operation Breakout Weapon Case
Oct 19 2021 01: +0,1.843,4984,Operation Breakout Weapon Case
Oct 20 2021 01: +0,1.812,6586,Operation Breakout Weapon Case
Oct 21 2021 01: +0,1.804,5981,Operation Breakout Weapon Case
Oct 22 2021 01: +0,1.679,8262,Operation Breakout Weapon Case
Oct 23 2021 01: +0,1.732,6673,Operation Breakout Weapon Case
Oct 24 2021 01: +0,1.766,5610,Operation Breakout Weapon Case
Oct 25 2021 01: +0,1.7,6558,Operation Breakout Weapon Case
Oct 26 2021 01: +0,1.678,5973,Operation Breakout Weapon Case
Oct 27 2021 01: +0,1.682,7190,Operation Breakout Weapon Case
Oct 28 2021 01: +0,1.635,6747,Operation Breakout Weapon Case
Oct 29 2021 01: +0,1.612,8947,Operation Breakout Weapon Case
Oct 30 2021 01: +0,1.643,8154,Operation Breakout Weapon Case
Oct 31 2021 01: +0,1.622,8207,Operation Breakout Weapon Case
Nov 01 2021 01: +0,1.629,6061,Operation Breakout Weapon Case
Nov 02 2021 01: +0,1.657,7232,Operation Breakout Weapon Case
Nov 03 2021 01: +0,1.669,7342,Operation Breakout Weapon Case
Nov 04 2021 01: +0,1.677,6982,Operation Breakout Weapon Case
Nov 05 2021 01: +0,1.687,7777,Operation Breakout Weapon Case
Nov 06 2021 01: +0,1.698,8059,Operation Breakout Weapon Case
Nov 07 2021 01: +0,1.664,9097,Operation Breakout Weapon Case
Nov 08 2021 01: +0,1.632,7275,Operation Breakout Weapon Case
Nov 09 2021 01: +0,1.622,5771,Operation Breakout Weapon Case
Nov 10 2021 01: +0,1.551,6908,Operation Breakout Weapon Case
Nov 11 2021 01: +0,1.571,6565,Operation Breakout Weapon Case
Nov 12 2021 01: +0,1.613,7833,Operation Breakout Weapon Case
Nov 13 2021 01: +0,1.595,7042,Operation Breakout Weapon Case
Nov 14 2021 01: +0,1.607,7848,Operation Breakout Weapon Case
Nov 15 2021 01: +0,1.604,7623,Operation Breakout Weapon Case
Nov 16 2021 01: +0,1.624,6736,Operation Breakout Weapon Case
Nov 17 2021 01: +0,1.62,6627,Operation Breakout Weapon Case
Nov 18 2021 01: +0,1.612,6930,Operation Breakout Weapon Case
Nov 19 2021 01: +0,1.627,6803,Operation Breakout Weapon Case
Nov 20 2021 01: +0,1.647,7245,Operation Breakout Weapon Case
Nov 21 2021 01: +0,1.648,7301,Operation Breakout Weapon Case
Nov 22 2021 01: +0,1.667,6619,Operation Breakout Weapon Case
Nov 23 2021 01: +0,1.651,5947,Operation Breakout Weapon Case
Nov 24 2021 01: +0,1.636,7018,Operation Breakout Weapon Case
Nov 25 2021 01: +0,1.613,8416,Operation Breakout Weapon Case
Nov 26 2021 01: +0,1.643,7914,Operation Breakout Weapon Case
Nov 27 2021 01: +0,1.62,8200,Operation Breakout Weapon Case
Nov 28 2021 01: +0,1.632,7160,Operation Breakout Weapon Case
Nov 29 2021 01: +0,1.628,6591,Operation Breakout Weapon Case
Nov 30 2021 01: +0,1.593,8645,Operation Breakout Weapon Case
Dec 01 2021 01: +0,1.595,7468,Operation Breakout Weapon Case
Dec 02 2021 01: +0,1.598,7027,Operation Breakout Weapon Case
Dec 03 2021 01: +0,1.647,8508,Operation Breakout Weapon Case
Dec 04 2021 01: +0,1.695,8771,Operation Breakout Weapon Case
Dec 05 2021 01: +0,1.694,6974,Operation Breakout Weapon Case
Dec 06 2021 01: +0,1.696,5995,Operation Breakout Weapon Case
Dec 07 2021 01: +0,1.689,6538,Operation Breakout Weapon Case
Dec 08 2021 01: +0,1.69,6957,Operation Breakout Weapon Case
Dec 09 2021 01: +0,1.726,7115,Operation Breakout Weapon Case
Dec 10 2021 01: +0,1.739,8459,Operation Breakout Weapon Case
Dec 11 2021 01: +0,1.779,7962,Operation Breakout Weapon Case
Dec 12 2021 01: +0,1.816,7585,Operation Breakout Weapon Case
Dec 13 2021 01: +0,1.758,5482,Operation Breakout Weapon Case
Dec 14 2021 01: +0,1.809,6195,Operation Breakout Weapon Case
Dec 15 2021 01: +0,1.724,5931,Operation Breakout Weapon Case
Dec 16 2021 01: +0,1.776,5447,Operation Breakout Weapon Case
Dec 17 2021 01: +0,1.804,6596,Operation Breakout Weapon Case
Dec 18 2021 01: +0,1.829,6840,Operation Breakout Weapon Case
Dec 19 2021 01: +0,1.81,6356,Operation Breakout Weapon Case
Dec 20 2021 01: +0,1.788,6618,Operation Breakout Weapon Case
Dec 21 2021 01: +0,1.742,6439,Operation Breakout Weapon Case
Dec 22 2021 01: +0,1.811,6860,Operation Breakout Weapon Case
Dec 23 2021 01: +0,1.823,7852,Operation Breakout Weapon Case
Dec 24 2021 01: +0,1.87,7824,Operation Breakout Weapon Case
Dec 25 2021 01: +0,1.913,8852,Operation Breakout Weapon Case
Dec 26 2021 01: +0,1.935,10102,Operation Breakout Weapon Case
Dec 27 2021 01: +0,1.933,8052,Operation Breakout Weapon Case
Dec 28 2021 01: +0,1.942,6865,Operation Breakout Weapon Case
Dec 29 2021 01: +0,1.986,7325,Operation Breakout Weapon Case
Dec 30 2021 01: +0,2.023,8486,Operation Breakout Weapon Case
Dec 31 2021 01: +0,2.058,7661,Operation Breakout Weapon Case
Jan 01 2022 01: +0,2.116,8782,Operation Breakout Weapon Case
Jan 02 2022 01: +0,2.112,7837,Operation Breakout Weapon Case
Jan 03 2022 01: +0,2.09,7547,Operation Breakout Weapon Case
Jan 04 2022 01: +0,2.059,7205,Operation Breakout Weapon Case
Jan 05 2022 01: +0,2.096,6823,Operation Breakout Weapon Case
Jan 06 2022 01: +0,2.09,7033,Operation Breakout Weapon Case
Jan 07 2022 01: +0,2.084,6812,Operation Breakout Weapon Case
Jan 08 2022 01: +0,2.088,7698,Operation Breakout Weapon Case
Jan 09 2022 01: +0,2.065,7408,Operation Breakout Weapon Case
Jan 10 2022 01: +0,2.083,7537,Operation Breakout Weapon Case
Jan 11 2022 01: +0,2.085,6709,Operation Breakout Weapon Case
Jan 12 2022 01: +0,2.084,6675,Operation Breakout Weapon Case
Jan 13 2022 01: +0,2.112,8486,Operation Breakout Weapon Case
Jan 14 2022 01: +0,2.139,6952,Operation Breakout Weapon Case
Jan 15 2022 01: +0,2.134,8970,Operation Breakout Weapon Case
Jan 16 2022 01: +0,2.138,8143,Operation Breakout Weapon Case
Jan 17 2022 01: +0,2.137,5916,Operation Breakout Weapon Case
Jan 18 2022 01: +0,2.107,5943,Operation Breakout Weapon Case
Jan 19 2022 01: +0,2.101,7979,Operation Breakout Weapon Case
Jan 20 2022 01: +0,2.114,6464,Operation Breakout Weapon Case
Jan 21 2022 01: +0,2.053,7055,Operation Breakout Weapon Case
Jan 22 2022 01: +0,2.075,8017,Operation Breakout Weapon Case
Jan 23 2022 01: +0,2.025,6966,Operation Breakout Weapon Case
Jan 24 2022 01: +0,1.997,5780,Operation Breakout Weapon Case
Jan 25 2022 01: +0,2.0,6547,Operation Breakout Weapon Case
Jan 26 2022 01: +0,2.016,5860,Operation Breakout Weapon Case
Jan 27 2022 01: +0,1.987,5756,Operation Breakout Weapon Case
Jan 28 2022 01: +0,1.967,6915,Operation Breakout Weapon Case
Jan 29 2022 01: +0,2.007,7388,Operation Breakout Weapon Case
Jan 30 2022 01: +0,1.984,8024,Operation Breakout Weapon Case
Jan 31 2022 01: +0,2.028,6965,Operation Breakout Weapon Case
Feb 01 2022 01: +0,2.001,7987,Operation Breakout Weapon Case
Feb 02 2022 01: +0,1.948,6578,Operation Breakout Weapon Case
Feb 03 2022 01: +0,1.953,6808,Operation Breakout Weapon Case
Feb 04 2022 01: +0,1.977,7851,Operation Breakout Weapon Case
Feb 05 2022 01: +0,2.03,8370,Operation Breakout Weapon Case
Feb 06 2022 01: +0,2.037,7954,Operation Breakout Weapon Case
Feb 07 2022 01: +0,2.008,6111,Operation Breakout Weapon Case
Feb 08 2022 01: +0,2.011,6490,Operation Breakout Weapon Case
Feb 09 2022 01: +0,2.007,6353,Operation Breakout Weapon Case
Feb 10 2022 01: +0,2.005,6226,Operation Breakout Weapon Case
Feb 11 2022 01: +0,2.044,6182,Operation Breakout Weapon Case
Feb 12 2022 01: +0,2.069,6858,Operation Breakout Weapon Case
Feb 13 2022 01: +0,2.052,8084,Operation Breakout Weapon Case
Feb 14 2022 01: +0,2.072,6627,Operation Breakout Weapon Case
Feb 15 2022 01: +0,2.09,7645,Operation Breakout Weapon Case
Feb 16 2022 01: +0,2.086,7011,Operation Breakout Weapon Case
Feb 17 2022 01: +0,2.073,6936,Operation Breakout Weapon Case
Feb 18 2022 01: +0,2.078,6318,Operation Breakout Weapon Case
Feb 19 2022 01: +0,2.079,6870,Operation Breakout Weapon Case
Feb 20 2022 01: +0,2.07,7561,Operation Breakout Weapon Case
Feb 21 2022 01: +0,2.088,7691,Operation Breakout Weapon Case
Feb 22 2022 01: +0,2.085,6978,Operation Breakout Weapon Case
Feb 23 2022 01: +0,2.058,7082,Operation Breakout Weapon Case
Feb 24 2022 01: +0,2.013,7332,Operation Breakout Weapon Case
Feb 25 2022 01: +0,2.044,8205,Operation Breakout Weapon Case
Feb 26 2022 01: +0,2.031,8677,Operation Breakout Weapon Case
Feb 27 2022 01: +0,2.057,8501,Operation Breakout Weapon Case
Feb 28 2022 01: +0,2.058,8695,Operation Breakout Weapon Case
Mar 01 2022 01: +0,2.035,7921,Operation Breakout Weapon Case
Mar 02 2022 01: +0,2.03,8315,Operation Breakout Weapon Case
Mar 03 2022 01: +0,2.053,9993,Operation Breakout Weapon Case
Mar 04 2022 01: +0,2.088,13433,Operation Breakout Weapon Case
Mar 05 2022 01: +0,2.104,13621,Operation Breakout Weapon Case
Mar 06 2022 01: +0,2.123,24129,Operation Breakout Weapon Case
Mar 07 2022 01: +0,2.147,11496,Operation Breakout Weapon Case
Mar 08 2022 01: +0,2.116,9195,Operation Breakout Weapon Case
Mar 09 2022 01: +0,2.099,8114,Operation Breakout Weapon Case
Mar 10 2022 01: +0,2.117,8087,Operation Breakout Weapon Case
Mar 11 2022 01: +0,2.143,8813,Operation Breakout Weapon Case
Mar 12 2022 01: +0,2.167,9141,Operation Breakout Weapon Case
Mar 13 2022 01: +0,2.149,8030,Operation Breakout Weapon Case
Mar 14 2022 01: +0,2.148,7279,Operation Breakout Weapon Case
Mar 15 2022 01: +0,2.164,9199,Operation Breakout Weapon Case
Mar 16 2022 01: +0,2.154,8365,Operation Breakout Weapon Case
Mar 17 2022 01: +0,2.178,8757,Operation Breakout Weapon Case
Mar 18 2022 01: +0,2.198,8563,Operation Breakout Weapon Case
Mar 19 2022 01: +0,2.187,8672,Operation Breakout Weapon Case
Mar 20 2022 01: +0,2.18,8279,Operation Breakout Weapon Case
Mar 21 2022 01: +0,2.215,7270,Operation Breakout Weapon Case
Mar 22 2022 01: +0,2.212,6188,Operation Breakout Weapon Case
Mar 23 2022 01: +0,2.186,6342,Operation Breakout Weapon Case
Mar 24 2022 01: +0,2.166,8047,Operation Breakout Weapon Case
Mar 25 2022 01: +0,2.207,7622,Operation Breakout Weapon Case
Mar 26 2022 01: +0,2.213,7695,Operation Breakout Weapon Case
Mar 27 2022 01: +0,2.246,7049,Operation Breakout Weapon Case
Mar 28 2022 01: +0,2.255,7259,Operation Breakout Weapon Case
Mar 29 2022 01: +0,2.251,7509,Operation Breakout Weapon Case
Mar 30 2022 01: +0,2.272,6996,Operation Breakout Weapon Case
Mar 31 2022 01: +0,2.336,7803,Operation Breakout Weapon Case
Apr 01 2022 01: +0,2.32,8601,Operation Breakout Weapon Case
Apr 02 2022 01: +0,2.338,8811,Operation Breakout Weapon Case
Apr 03 2022 01: +0,2.347,8644,Operation Breakout Weapon Case
Apr 04 2022 01: +0,2.406,7335,Operation Breakout Weapon Case
Apr 05 2022 01: +0,2.418,7851,Operation Breakout Weapon Case
Apr 06 2022 01: +0,2.441,9294,Operation Breakout Weapon Case
Apr 07 2022 01: +0,2.489,10600,Operation Breakout Weapon Case
Apr 08 2022 01: +0,2.54,9385,Operation Breakout Weapon Case
Apr 09 2022 01: +0,2.573,8160,Operation Breakout Weapon Case
Apr 10 2022 01: +0,2.554,7928,Operation Breakout Weapon Case
Apr 11 2022 01: +0,2.568,7668,Operation Breakout Weapon Case
Apr 12 2022 01: +0,2.58,7570,Operation Breakout Weapon Case
Apr 13 2022 01: +0,2.581,8240,Operation Breakout Weapon Case
Apr 14 2022 01: +0,2.566,7154,Operation Breakout Weapon Case
Apr 15 2022 01: +0,2.564,7656,Operation Breakout Weapon Case
Apr 16 2022 01: +0,2.591,7142,Operation Breakout Weapon Case
Apr 17 2022 01: +0,2.545,7085,Operation Breakout Weapon Case
Apr 18 2022 01: +0,2.551,6876,Operation Breakout Weapon Case
Apr 19 2022 01: +0,2.549,6357,Operation Breakout Weapon Case
Apr 20 2022 01: +0,2.56,7910,Operation Breakout Weapon Case
Apr 21 2022 01: +0,2.557,7751,Operation Breakout Weapon Case
Apr 22 2022 01: +0,2.6,7374,Operation Breakout Weapon Case
Apr 23 2022 01: +0,2.579,7083,Operation Breakout Weapon Case
Apr 24 2022 01: +0,2.596,8261,Operation Breakout Weapon Case
Apr 25 2022 01: +0,2.589,5995,Operation Breakout Weapon Case
Apr 26 2022 01: +0,2.574,5902,Operation Breakout Weapon Case
Apr 27 2022 01: +0,2.58,8188,Operation Breakout Weapon Case
Apr 28 2022 01: +0,2.574,9036,Operation Breakout Weapon Case
Apr 29 2022 01: +0,2.605,7274,Operation Breakout Weapon Case
Apr 30 2022 01: +0,2.669,9061,Operation Breakout Weapon Case
May 01 2022 01: +0,2.733,7280,Operation Breakout Weapon Case
May 02 2022 01: +0,2.767,7077,Operation Breakout Weapon Case
May 03 2022 01: +0,2.654,5832,Operation Breakout Weapon Case
May 04 2022 01: +0,2.573,7770,Operation Breakout Weapon Case
May 05 2022 01: +0,2.648,6872,Operation Breakout Weapon Case
May 06 2022 01: +0,2.717,6946,Operation Breakout Weapon Case
May 07 2022 01: +0,2.763,7723,Operation Breakout Weapon Case
May 08 2022 01: +0,2.76,7531,Operation Breakout Weapon Case
May 09 2022 01: +0,2.748,6448,Operation Breakout Weapon Case
May 10 2022 01: +0,2.743,5963,Operation Breakout Weapon Case
May 11 2022 01: +0,2.804,7253,Operation Breakout Weapon Case
May 12 2022 01: +0,2.8,6927,Operation Breakout Weapon Case
May 13 2022 01: +0,2.804,6939,Operation Breakout Weapon Case
May 14 2022 01: +0,2.818,6838,Operation Breakout Weapon Case
May 15 2022 01: +0,2.818,6987,Operation Breakout Weapon Case
May 16 2022 01: +0,2.787,7156,Operation Breakout Weapon Case
May 17 2022 01: +0,2.826,5170,Operation Breakout Weapon Case
May 18 2022 01: +0,2.869,7182,Operation Breakout Weapon Case
May 19 2022 01: +0,2.833,6964,Operation Breakout Weapon Case
May 20 2022 01: +0,2.853,6470,Operation Breakout Weapon Case
May 21 2022 01: +0,2.843,6882,Operation Breakout Weapon Case
May 22 2022 01: +0,2.84,7679,Operation Breakout Weapon Case
May 23 2022 01: +0,2.839,6409,Operation Breakout Weapon Case
May 24 2022 01: +0,2.792,6639,Operation Breakout Weapon Case
May 25 2022 01: +0,2.801,7678,Operation Breakout Weapon Case
May 26 2022 01: +0,2.824,6306,Operation Breakout Weapon Case
May 27 2022 01: +0,2.862,6688,Operation Breakout Weapon Case
May 28 2022 01: +0,2.863,6382,Operation Breakout Weapon Case
May 29 2022 01: +0,2.874,6632,Operation Breakout Weapon Case
May 30 2022 01: +0,2.925,8173,Operation Breakout Weapon Case
May 31 2022 01: +0,2.924,6739,Operation Breakout Weapon Case
Jun 01 2022 01: +0,2.915,6601,Operation Breakout Weapon Case
Jun 02 2022 01: +0,2.918,6863,Operation Breakout Weapon Case
Jun 03 2022 01: +0,2.909,8094,Operation Breakout Weapon Case
Jun 04 2022 01: +0,2.945,7831,Operation Breakout Weapon Case
Jun 05 2022 01: +0,2.928,7264,Operation Breakout Weapon Case
Jun 06 2022 01: +0,2.926,6911,Operation Breakout Weapon Case
Jun 07 2022 01: +0,2.922,7440,Operation Breakout Weapon Case
Jun 08 2022 01: +0,2.906,7250,Operation Breakout Weapon Case
Jun 09 2022 01: +0,2.922,6172,Operation Breakout Weapon Case
Jun 10 2022 01: +0,2.944,6307,Operation Breakout Weapon Case
Jun 11 2022 01: +0,2.883,7402,Operation Breakout Weapon Case
Jun 12 2022 01: +0,2.871,6776,Operation Breakout Weapon Case
Jun 13 2022 01: +0,2.851,5640,Operation Breakout Weapon Case
Jun 14 2022 01: +0,2.836,6251,Operation Breakout Weapon Case
Jun 15 2022 01: +0,2.84,7614,Operation Breakout Weapon Case
Jun 16 2022 01: +0,2.798,6481,Operation Breakout Weapon Case
Jun 17 2022 01: +0,2.802,6391,Operation Breakout Weapon Case
Jun 18 2022 01: +0,2.787,6397,Operation Breakout Weapon Case
Jun 19 2022 01: +0,2.762,5969,Operation Breakout Weapon Case
Jun 20 2022 01: +0,2.77,6492,Operation Breakout Weapon Case
Jun 21 2022 01: +0,2.732,5954,Operation Breakout Weapon Case
Jun 22 2022 01: +0,2.68,5897,Operation Breakout Weapon Case
Jun 23 2022 01: +0,2.709,6493,Operation Breakout Weapon Case
Jun 24 2022 01: +0,2.659,8398,Operation Breakout Weapon Case
Jun 25 2022 01: +0,2.663,7774,Operation Breakout Weapon Case
Jun 26 2022 01: +0,2.625,6861,Operation Breakout Weapon Case
Jun 27 2022 01: +0,2.644,6110,Operation Breakout Weapon Case
Jun 28 2022 01: +0,2.65,5676,Operation Breakout Weapon Case
Jun 29 2022 01: +0,2.695,8022,Operation Breakout Weapon Case
Jun 30 2022 01: +0,2.77,7041,Operation Breakout Weapon Case
Jul 01 2022 01: +0,2.777,10461,Operation Breakout Weapon Case
Jul 02 2022 01: +0,2.824,9559,Operation Breakout Weapon Case
Jul 03 2022 01: +0,2.847,7598,Operation Breakout Weapon Case
Jul 04 2022 01: +0,2.883,7684,Operation Breakout Weapon Case
Jul 05 2022 01: +0,2.868,9282,Operation Breakout Weapon Case
Jul 06 2022 01: +0,2.863,7644,Operation Breakout Weapon Case
Jul 07 2022 01: +0,2.856,8261,Operation Breakout Weapon Case
Jul 08 2022 01: +0,2.933,7845,Operation Breakout Weapon Case
Jul 09 2022 01: +0,2.956,8602,Operation Breakout Weapon Case
Jul 10 2022 01: +0,2.967,8600,Operation Breakout Weapon Case
Jul 11 2022 01: +0,2.982,6603,Operation Breakout Weapon Case
Jul 12 2022 01: +0,3.014,7454,Operation Breakout Weapon Case
Jul 13 2022 01: +0,3.094,5611,Operation Breakout Weapon Case
Jul 14 2022 01: +0,3.068,5931,Operation Breakout Weapon Case
Jul 15 2022 01: +0,3.101,6208,Operation Breakout Weapon Case
Jul 16 2022 01: +0,3.133,6855,Operation Breakout Weapon Case
Jul 17 2022 01: +0,3.122,5874,Operation Breakout Weapon Case
Jul 18 2022 01: +0,3.178,6160,Operation Breakout Weapon Case
Jul 19 2022 01: +0,3.191,5438,Operation Breakout Weapon Case
Jul 20 2022 01: +0,3.312,4608,Operation Breakout Weapon Case
Jul 21 2022 01: +0,3.217,5957,Operation Breakout Weapon Case
Jul 22 2022 01: +0,3.314,7831,Operation Breakout Weapon Case
Jul 23 2022 01: +0,3.342,6967,Operation Breakout Weapon Case
Jul 24 2022 01: +0,3.18,6917,Operation Breakout Weapon Case
Jul 25 2022 01: +0,3.198,6156,Operation Breakout Weapon Case
Jul 26 2022 01: +0,3.261,5960,Operation Breakout Weapon Case
Jul 27 2022 01: +0,3.255,4849,Operation Breakout Weapon Case
Jul 28 2022 01: +0,3.235,5647,Operation Breakout Weapon Case
Jul 29 2022 01: +0,3.258,7538,Operation Breakout Weapon Case
Jul 30 2022 01: +0,3.28,5613,Operation Breakout Weapon Case
Jul 31 2022 01: +0,3.303,6739,Operation Breakout Weapon Case
Aug 01 2022 01: +0,3.322,6738,Operation Breakout Weapon Case
Aug 02 2022 01: +0,3.391,5921,Operation Breakout Weapon Case
Aug 03 2022 01: +0,3.383,7015,Operation Breakout Weapon Case
Aug 04 2022 01: +0,3.359,6531,Operation Breakout Weapon Case
Aug 05 2022 01: +0,3.383,6057,Operation Breakout Weapon Case
Aug 06 2022 01: +0,3.41,7751,Operation Breakout Weapon Case
Aug 07 2022 01: +0,3.382,5994,Operation Breakout Weapon Case
Aug 08 2022 01: +0,3.398,5879,Operation Breakout Weapon Case
Aug 09 2022 01: +0,3.263,3819,Operation Breakout Weapon Case
Aug 10 2022 01: +0,3.429,6405,Operation Breakout Weapon Case
Aug 11 2022 01: +0,3.442,5628,Operation Breakout Weapon Case
Aug 12 2022 01: +0,3.465,6498,Operation Breakout Weapon Case
Aug 13 2022 01: +0,3.459,6460,Operation Breakout Weapon Case
Aug 14 2022 01: +0,3.445,6050,Operation Breakout Weapon Case
Aug 15 2022 01: +0,3.438,6279,Operation Breakout Weapon Case
Aug 16 2022 01: +0,3.46,7237,Operation Breakout Weapon Case
Aug 17 2022 01: +0,3.503,7426,Operation Breakout Weapon Case
Aug 18 2022 01: +0,3.519,6512,Operation Breakout Weapon Case
Aug 19 2022 01: +0,3.484,6576,Operation Breakout Weapon Case
Aug 20 2022 01: +0,3.47,7813,Operation Breakout Weapon Case
Aug 21 2022 01: +0,3.435,6444,Operation Breakout Weapon Case
Aug 22 2022 01: +0,3.44,6824,Operation Breakout Weapon Case
Aug 23 2022 01: +0,3.413,4967,Operation Breakout Weapon Case
Aug 24 2022 01: +0,3.374,6218,Operation Breakout Weapon Case
Aug 25 2022 01: +0,3.371,6563,Operation Breakout Weapon Case
Aug 26 2022 01: +0,3.397,6589,Operation Breakout Weapon Case
Aug 27 2022 01: +0,3.463,6270,Operation Breakout Weapon Case
Aug 28 2022 01: +0,3.471,6551,Operation Breakout Weapon Case
Aug 29 2022 01: +0,3.474,6606,Operation Breakout Weapon Case
Aug 30 2022 01: +0,3.506,6606,Operation Breakout Weapon Case
Aug 31 2022 01: +0,3.559,6733,Operation Breakout Weapon Case
Sep 01 2022 01: +0,3.647,8904,Operation Breakout Weapon Case
Sep 02 2022 01: +0,3.712,10110,Operation Breakout Weapon Case
Sep 03 2022 01: +0,3.891,10012,Operation Breakout Weapon Case
Sep 04 2022 01: +0,4.008,7491,Operation Breakout Weapon Case
Sep 05 2022 01: +0,3.998,6718,Operation Breakout Weapon Case
Sep 06 2022 01: +0,3.952,6163,Operation Breakout Weapon Case
Sep 07 2022 01: +0,3.866,5852,Operation Breakout Weapon Case
Sep 08 2022 01: +0,3.848,6233,Operation Breakout Weapon Case
Sep 09 2022 01: +0,3.839,5436,Operation Breakout Weapon Case
Sep 10 2022 01: +0,3.791,5926,Operation Breakout Weapon Case
Sep 11 2022 01: +0,3.747,4932,Operation Breakout Weapon Case
Sep 12 2022 01: +0,3.665,4256,Operation Breakout Weapon Case
Sep 13 2022 01: +0,3.653,4570,Operation Breakout Weapon Case
Sep 14 2022 01: +0,3.617,5498,Operation Breakout Weapon Case
Sep 15 2022 01: +0,3.658,5563,Operation Breakout Weapon Case
Sep 16 2022 01: +0,3.562,4630,Operation Breakout Weapon Case
Sep 17 2022 01: +0,3.494,4916,Operation Breakout Weapon Case
Sep 18 2022 01: +0,3.464,5943,Operation Breakout Weapon Case
Sep 19 2022 01: +0,3.403,4396,Operation Breakout Weapon Case
Sep 20 2022 01: +0,3.354,5809,Operation Breakout Weapon Case
Sep 21 2022 01: +0,3.356,5439,Operation Breakout Weapon Case
Sep 22 2022 01: +0,3.335,5309,Operation Breakout Weapon Case
Sep 23 2022 01: +0,3.406,5342,Operation Breakout Weapon Case
Sep 24 2022 01: +0,3.483,5657,Operation Breakout Weapon Case
Sep 25 2022 01: +0,3.488,6050,Operation Breakout Weapon Case
Sep 26 2022 01: +0,3.502,5718,Operation Breakout Weapon Case
Sep 27 2022 01: +0,3.419,4842,Operation Breakout Weapon Case
Sep 28 2022 01: +0,3.426,6047,Operation Breakout Weapon Case
Sep 29 2022 01: +0,3.42,5936,Operation Breakout Weapon Case
Sep 30 2022 01: +0,3.388,6769,Operation Breakout Weapon Case
Oct 01 2022 01: +0,3.433,7265,Operation Breakout Weapon Case
Oct 02 2022 01: +0,3.457,6219,Operation Breakout Weapon Case
Oct 03 2022 01: +0,3.391,5264,Operation Breakout Weapon Case
Oct 04 2022 01: +0,3.402,4861,Operation Breakout Weapon Case
Oct 05 2022 01: +0,3.403,5099,Operation Breakout Weapon Case
Oct 06 2022 01: +0,3.445,4564,Operation Breakout Weapon Case
Oct 07 2022 01: +0,3.429,5790,Operation Breakout Weapon Case
Oct 08 2022 01: +0,3.448,6838,Operation Breakout Weapon Case
Oct 09 2022 01: +0,3.468,5949,Operation Breakout Weapon Case
Oct 10 2022 01: +0,3.475,4905,Operation Breakout Weapon Case
Oct 11 2022 01: +0,3.496,4450,Operation Breakout Weapon Case
Oct 12 2022 01: +0,3.48,4283,Operation Breakout Weapon Case
Oct 13 2022 01: +0,3.461,5092,Operation Breakout Weapon Case
Oct 14 2022 01: +0,3.425,3790,Operation Breakout Weapon Case
Oct 15 2022 01: +0,3.481,6792,Operation Breakout Weapon Case
Oct 16 2022 01: +0,3.507,5553,Operation Breakout Weapon Case
Oct 17 2022 01: +0,3.484,4595,Operation Breakout Weapon Case
Oct 18 2022 01: +0,3.534,4935,Operation Breakout Weapon Case
Oct 19 2022 01: +0,3.55,4637,Operation Breakout Weapon Case
Oct 20 2022 01: +0,3.572,4590,Operation Breakout Weapon Case
Oct 21 2022 01: +0,3.614,6257,Operation Breakout Weapon Case
Oct 22 2022 01: +0,3.558,5891,Operation Breakout Weapon Case
Oct 23 2022 01: +0,3.532,4933,Operation Breakout Weapon Case
Oct 24 2022 01: +0,3.444,4328,Operation Breakout Weapon Case
Oct 25 2022 01: +0,3.436,4692,Operation Breakout Weapon Case
Oct 26 2022 01: +0,3.442,5411,Operation Breakout Weapon Case
Oct 27 2022 01: +0,3.405,5833,Operation Breakout Weapon Case
Oct 28 2022 01: +0,3.402,6578,Operation Breakout Weapon Case
Oct 29 2022 01: +0,3.374,5782,Operation Breakout Weapon Case
Oct 30 2022 01: +0,3.374,6247,Operation Breakout Weapon Case
Oct 31 2022 01: +0,3.339,5663,Operation Breakout Weapon Case
Nov 01 2022 01: +0,3.356,5682,Operation Breakout Weapon Case
Nov 02 2022 01: +0,3.381,4890,Operation Breakout Weapon Case
Nov 03 2022 01: +0,3.352,5000,Operation Breakout Weapon Case
Nov 04 2022 01: +0,3.399,5618,Operation Breakout Weapon Case
Nov 05 2022 01: +0,3.406,5203,Operation Breakout Weapon Case
Nov 06 2022 01: +0,3.42,5414,Operation Breakout Weapon Case
Nov 07 2022 01: +0,3.424,4844,Operation Breakout Weapon Case
Nov 08 2022 01: +0,3.404,3873,Operation Breakout Weapon Case
Nov 09 2022 01: +0,3.389,3795,Operation Breakout Weapon Case
Nov 10 2022 01: +0,3.406,4332,Operation Breakout Weapon Case
Nov 11 2022 01: +0,3.427,5212,Operation Breakout Weapon Case
Nov 12 2022 01: +0,3.446,4532,Operation Breakout Weapon Case
Nov 13 2022 01: +0,3.435,5605,Operation Breakout Weapon Case
Nov 14 2022 01: +0,3.39,4711,Operation Breakout Weapon Case
Nov 15 2022 01: +0,3.36,4374,Operation Breakout Weapon Case
Nov 16 2022 01: +0,3.356,3775,Operation Breakout Weapon Case
Nov 17 2022 01: +0,3.313,3940,Operation Breakout Weapon Case
Nov 18 2022 01: +0,3.277,4209,Operation Breakout Weapon Case
Nov 19 2022 01: +0,3.216,4030,Operation Breakout Weapon Case
Nov 20 2022 01: +0,3.143,4633,Operation Breakout Weapon Case
Nov 21 2022 01: +0,3.134,3414,Operation Breakout Weapon Case
Nov 22 2022 01: +0,3.002,5006,Operation Breakout Weapon Case
Nov 23 2022 01: +0,2.79,8075,Operation Breakout Weapon Case
Nov 24 2022 01: +0,2.942,5709,Operation Breakout Weapon Case
Nov 25 2022 01: +0,2.958,5258,Operation Breakout Weapon Case
Nov 26 2022 01: +0,2.978,5588,Operation Breakout Weapon Case
Nov 27 2022 01: +0,2.953,4809,Operation Breakout Weapon Case
Nov 28 2022 01: +0,2.98,4622,Operation Breakout Weapon Case
Nov 29 2022 01: +0,2.963,4163,Operation Breakout Weapon Case
Nov 30 2022 01: +0,3.162,4451,Operation Breakout Weapon Case
Dec 01 2022 01: +0,3.218,4680,Operation Breakout Weapon Case
Dec 02 2022 01: +0,3.301,5437,Operation Breakout Weapon Case
Dec 03 2022 01: +0,3.307,5624,Operation Breakout Weapon Case
Dec 04 2022 01: +0,3.265,4393,Operation Breakout Weapon Case
Dec 05 2022 01: +0,3.291,4820,Operation Breakout Weapon Case
Dec 06 2022 01: +0,3.299,4757,Operation Breakout Weapon Case
Dec 07 2022 01: +0,3.28,4788,Operation Breakout Weapon Case
Dec 08 2022 01: +0,3.314,4752,Operation Breakout Weapon Case
Dec 09 2022 01: +0,3.26,4727,Operation Breakout Weapon Case
Dec 10 2022 01: +0,3.301,5188,Operation Breakout Weapon Case
Dec 11 2022 01: +0,3.309,5481,Operation Breakout Weapon Case
Dec 12 2022 01: +0,3.334,4644,Operation Breakout Weapon Case
Dec 13 2022 01: +0,3.244,4263,Operation Breakout Weapon Case
Dec 14 2022 01: +0,3.291,4444,Operation Breakout Weapon Case
Dec 15 2022 01: +0,3.278,4508,Operation Breakout Weapon Case
Dec 16 2022 01: +0,3.228,4653,Operation Breakout Weapon Case
Dec 17 2022 01: +0,3.253,5269,Operation Breakout Weapon Case
Dec 18 2022 01: +0,3.211,4684,Operation Breakout Weapon Case
Dec 19 2022 01: +0,3.212,4758,Operation Breakout Weapon Case
Dec 20 2022 01: +0,3.2,4892,Operation Breakout Weapon Case
Dec 21 2022 01: +0,3.242,4946,Operation Breakout Weapon Case
Dec 22 2022 01: +0,3.298,6760,Operation Breakout Weapon Case
Dec 23 2022 01: +0,3.263,7093,Operation Breakout Weapon Case
Dec 24 2022 01: +0,3.266,6139,Operation Breakout Weapon Case
Dec 25 2022 01: +0,3.301,7396,Operation Breakout Weapon Case
Dec 26 2022 01: +0,3.273,6360,Operation Breakout Weapon Case
Dec 27 2022 01: +0,3.287,5760,Operation Breakout Weapon Case
Dec 28 2022 01: +0,3.28,5963,Operation Breakout Weapon Case
Dec 29 2022 01: +0,3.321,6311,Operation Breakout Weapon Case
Dec 30 2022 01: +0,3.333,6388,Operation Breakout Weapon Case
Dec 31 2022 01: +0,3.355,6056,Operation Breakout Weapon Case
Jan 01 2023 01: +0,3.336,5554,Operation Breakout Weapon Case
Jan 02 2023 01: +0,3.294,5609,Operation Breakout Weapon Case
Jan 03 2023 01: +0,3.243,5032,Operation Breakout Weapon Case
Jan 04 2023 01: +0,3.263,5493,Operation Breakout Weapon Case
Jan 05 2023 01: +0,3.216,5880,Operation Breakout Weapon Case
Jan 06 2023 01: +0,3.282,5255,Operation Breakout Weapon Case
Jan 07 2023 01: +0,3.29,5744,Operation Breakout Weapon Case
Jan 08 2023 01: +0,3.29,6643,Operation Breakout Weapon Case
Jan 09 2023 01: +0,3.298,5303,Operation Breakout Weapon Case
Jan 10 2023 01: +0,3.353,5492,Operation Breakout Weapon Case
Jan 11 2023 01: +0,3.275,5311,Operation Breakout Weapon Case
Jan 12 2023 01: +0,3.406,5559,Operation Breakout Weapon Case
Jan 13 2023 01: +0,3.476,5681,Operation Breakout Weapon Case
Jan 14 2023 01: +0,3.48,5779,Operation Breakout Weapon Case
Jan 15 2023 01: +0,3.481,5483,Operation Breakout Weapon Case
Jan 16 2023 01: +0,3.528,4792,Operation Breakout Weapon Case
Jan 17 2023 01: +0,3.568,4931,Operation Breakout Weapon Case
Jan 18 2023 01: +0,3.59,5877,Operation Breakout Weapon Case
Jan 19 2023 01: +0,3.623,5189,Operation Breakout Weapon Case
Jan 20 2023 01: +0,3.623,5975,Operation Breakout Weapon Case
Jan 21 2023 01: +0,3.643,7640,Operation Breakout Weapon Case
Jan 22 2023 01: +0,3.669,6005,Operation Breakout Weapon Case
Jan 23 2023 01: +0,3.665,5100,Operation Breakout Weapon Case
Jan 24 2023 01: +0,3.656,5729,Operation Breakout Weapon Case
Jan 25 2023 01: +0,3.726,5820,Operation Breakout Weapon Case
Jan 26 2023 01: +0,3.701,4855,Operation Breakout Weapon Case
Jan 27 2023 01: +0,3.752,5638,Operation Breakout Weapon Case
Jan 28 2023 01: +0,3.73,5817,Operation Breakout Weapon Case
Jan 29 2023 01: +0,3.729,5547,Operation Breakout Weapon Case
Jan 30 2023 01: +0,3.734,5014,Operation Breakout Weapon Case
Jan 31 2023 01: +0,3.757,4610,Operation Breakout Weapon Case
Feb 01 2023 01: +0,3.796,4762,Operation Breakout Weapon Case
Feb 02 2023 01: +0,3.725,4360,Operation Breakout Weapon Case
Feb 03 2023 01: +0,3.768,4741,Operation Breakout Weapon Case
Feb 04 2023 01: +0,3.78,4901,Operation Breakout Weapon Case
Feb 05 2023 01: +0,3.725,5307,Operation Breakout Weapon Case
Feb 06 2023 01: +0,3.73,4748,Operation Breakout Weapon Case
Feb 07 2023 01: +0,3.654,4804,Operation Breakout Weapon Case
Feb 08 2023 01: +0,3.592,4798,Operation Breakout Weapon Case
Feb 09 2023 01: +0,3.643,4997,Operation Breakout Weapon Case
Feb 10 2023 01: +0,3.625,6134,Operation Breakout Weapon Case
Feb 11 2023 01: +0,3.645,6258,Operation Breakout Weapon Case
Feb 12 2023 01: +0,3.571,5835,Operation Breakout Weapon Case
Feb 13 2023 01: +0,3.655,5513,Operation Breakout Weapon Case
Feb 14 2023 01: +0,3.681,5351,Operation Breakout Weapon Case
Feb 15 2023 01: +0,3.671,4901,Operation Breakout Weapon Case
Feb 16 2023 01: +0,3.669,4984,Operation Breakout Weapon Case
Feb 17 2023 01: +0,3.687,5721,Operation Breakout Weapon Case
Feb 18 2023 01: +0,3.701,6858,Operation Breakout Weapon Case
Feb 19 2023 01: +0,3.636,6324,Operation Breakout Weapon Case
Feb 20 2023 01: +0,3.604,5332,Operation Breakout Weapon Case
Feb 21 2023 01: +0,3.624,4820,Operation Breakout Weapon Case
Feb 22 2023 01: +0,3.642,4766,Operation Breakout Weapon Case
Feb 23 2023 01: +0,3.641,7805,Operation Breakout Weapon Case
Feb 24 2023 01: +0,3.662,8153,Operation Breakout Weapon Case
Feb 25 2023 01: +0,3.696,7091,Operation Breakout Weapon Case
Feb 26 2023 01: +0,3.696,7536,Operation Breakout Weapon Case
Feb 27 2023 01: +0,3.74,6347,Operation Breakout Weapon Case
Feb 28 2023 01: +0,3.777,6734,Operation Breakout Weapon Case
Mar 01 2023 01: +0,3.852,7868,Operation Breakout Weapon Case
Mar 02 2023 01: +0,3.898,8996,Operation Breakout Weapon Case
Mar 03 2023 01: +0,3.934,10525,Operation Breakout Weapon Case
Mar 04 2023 01: +0,4.03,8462,Operation Breakout Weapon Case
Mar 05 2023 01: +0,3.975,11092,Operation Breakout Weapon Case
Mar 06 2023 01: +0,4.0,11039,Operation Breakout Weapon Case
Mar 07 2023 01: +0,4.086,10386,Operation Breakout Weapon Case
Mar 08 2023 01: +0,4.112,11056,Operation Breakout Weapon Case
Mar 09 2023 01: +0,4.12,13455,Operation Breakout Weapon Case
Mar 10 2023 01: +0,4.22,10902,Operation Breakout Weapon Case
Mar 11 2023 01: +0,4.381,10520,Operation Breakout Weapon Case
Mar 12 2023 01: +0,4.477,9387,Operation Breakout Weapon Case
Mar 13 2023 01: +0,4.465,7901,Operation Breakout Weapon Case
Mar 14 2023 01: +0,4.457,6971,Operation Breakout Weapon Case
Mar 15 2023 01: +0,4.458,8275,Operation Breakout Weapon Case
Mar 16 2023 01: +0,4.385,9057,Operation Breakout Weapon Case
Mar 17 2023 01: +0,4.236,10128,Operation Breakout Weapon Case
Mar 18 2023 01: +0,4.254,9627,Operation Breakout Weapon Case
Mar 19 2023 01: +0,4.296,10166,Operation Breakout Weapon Case
Mar 20 2023 01: +0,4.3,9068,Operation Breakout Weapon Case
Mar 21 2023 01: +0,4.288,8146,Operation Breakout Weapon Case
Mar 22 2023 01: +0,4.209,14005,Operation Breakout Weapon Case
Mar 23 2023 01: +0,4.232,16064,Operation Breakout Weapon Case
Mar 24 2023 01: +0,4.462,13965,Operation Breakout Weapon Case
Mar 25 2023 01: +0,4.621,14182,Operation Breakout Weapon Case
Mar 26 2023 01: +0,4.716,13316,Operation Breakout Weapon Case
Mar 27 2023 01: +0,4.671,10825,Operation Breakout Weapon Case
Mar 28 2023 01: +0,4.859,12880,Operation Breakout Weapon Case
Mar 29 2023 01: +0,5.022,10982,Operation Breakout Weapon Case
Mar 30 2023 01: +0,5.209,10673,Operation Breakout Weapon Case
Mar 31 2023 01: +0,5.415,12333,Operation Breakout Weapon Case
Apr 01 2023 01: +0,6.18,11705,Operation Breakout Weapon Case
Apr 02 2023 01: +0,5.702,10972,Operation Breakout Weapon Case
Apr 03 2023 01: +0,5.574,10560,Operation Breakout Weapon Case
Apr 04 2023 01: +0,5.815,9724,Operation Breakout Weapon Case
Apr 05 2023 01: +0,5.819,10047,Operation Breakout Weapon Case
Apr 06 2023 01: +0,5.766,10774,Operation Breakout Weapon Case
Apr 07 2023 01: +0,5.832,12255,Operation Breakout Weapon Case
Apr 08 2023 01: +0,6.095,9852,Operation Breakout Weapon Case
Apr 09 2023 01: +0,5.969,10839,Operation Breakout Weapon Case
Apr 10 2023 01: +0,5.891,12735,Operation Breakout Weapon Case
Apr 11 2023 01: +0,5.932,10075,Operation Breakout Weapon Case
Apr 12 2023 01: +0,5.98,11518,Operation Breakout Weapon Case
Apr 13 2023 01: +0,6.277,15301,Operation Breakout Weapon Case
Apr 14 2023 01: +0,6.845,13217,Operation Breakout Weapon Case
Apr 15 2023 01: +0,7.384,9650,Operation Breakout Weapon Case
Apr 16 2023 01: +0,7.518,8636,Operation Breakout Weapon Case
Apr 17 2023 01: +0,7.068,10234,Operation Breakout Weapon Case
Apr 18 2023 01: +0,6.932,8975,Operation Breakout Weapon Case
Apr 19 2023 01: +0,6.95,9126,Operation Breakout Weapon Case
Apr 20 2023 01: +0,6.765,11168,Operation Breakout Weapon Case
Apr 21 2023 01: +0,6.34,11631,Operation Breakout Weapon Case
Apr 22 2023 01: +0,6.206,11262,Operation Breakout Weapon Case
Apr 23 2023 01: +0,5.989,11156,Operation Breakout Weapon Case
Apr 24 2023 01: +0,5.802,11173,Operation Breakout Weapon Case
Apr 25 2023 01: +0,5.604,12015,Operation Breakout Weapon Case
Apr 26 2023 01: +0,5.568,10428,Operation Breakout Weapon Case
Apr 27 2023 01: +0,5.834,10797,Operation Breakout Weapon Case
Apr 28 2023 01: +0,5.891,10847,Operation Breakout Weapon Case
Apr 29 2023 01: +0,6.113,10494,Operation Breakout Weapon Case
Apr 30 2023 01: +0,6.185,9437,Operation Breakout Weapon Case
May 01 2023 01: +0,6.034,7628,Operation Breakout Weapon Case
May 02 2023 01: +0,6.025,8027,Operation Breakout Weapon Case
May 03 2023 01: +0,6.056,7457,Operation Breakout Weapon Case
May 04 2023 01: +0,6.099,7041,Operation Breakout Weapon Case
May 05 2023 01: +0,5.875,9132,Operation Breakout Weapon Case
May 06 2023 01: +0,5.929,9096,Operation Breakout Weapon Case
May 07 2023 01: +0,5.924,9179,Operation Breakout Weapon Case
May 08 2023 01: +0,5.824,9103,Operation Breakout Weapon Case
May 09 2023 01: +0,5.743,7964,Operation Breakout Weapon Case
May 10 2023 01: +0,5.755,8835,Operation Breakout Weapon Case
May 11 2023 01: +0,5.79,8162,Operation Breakout Weapon Case
May 12 2023 01: +0,5.898,7698,Operation Breakout Weapon Case
May 13 2023 01: +0,5.868,8626,Operation Breakout Weapon Case
May 14 2023 01: +0,5.894,8097,Operation Breakout Weapon Case
May 15 2023 01: +0,5.792,6861,Operation Breakout Weapon Case
May 16 2023 01: +0,5.834,6348,Operation Breakout Weapon Case
May 17 2023 01: +0,5.76,6497,Operation Breakout Weapon Case
May 18 2023 01: +0,5.677,6832,Operation Breakout Weapon Case
May 19 2023 01: +0,5.712,7262,Operation Breakout Weapon Case
May 20 2023 01: +0,5.8,8235,Operation Breakout Weapon Case
May 21 2023 01: +0,5.8,8660,Operation Breakout Weapon Case
May 22 2023 01: +0,5.787,7065,Operation Breakout Weapon Case
May 23 2023 01: +0,5.792,6366,Operation Breakout Weapon Case
May 24 2023 01: +0,5.81,6396,Operation Breakout Weapon Case
May 25 2023 01: +0,5.899,7289,Operation Breakout Weapon Case
May 26 2023 01: +0,6.02,7931,Operation Breakout Weapon Case
May 27 2023 01: +0,6.125,7086,Operation Breakout Weapon Case
May 28 2023 01: +0,6.11,6944,Operation Breakout Weapon Case
May 29 2023 01: +0,6.078,7338,Operation Breakout Weapon Case
May 30 2023 01: +0,6.112,5976,Operation Breakout Weapon Case
May 31 2023 01: +0,6.021,5574,Operation Breakout Weapon Case
Jun 01 2023 01: +0,6.046,5607,Operation Breakout Weapon Case
Jun 02 2023 01: +0,6.195,6660,Operation Breakout Weapon Case
Jun 03 2023 01: +0,6.259,7365,Operation Breakout Weapon Case
Jun 04 2023 01: +0,6.215,5607,Operation Breakout Weapon Case
Jun 05 2023 01: +0,6.243,5701,Operation Breakout Weapon Case
Jun 06 2023 01: +0,6.229,5788,Operation Breakout Weapon Case
Jun 07 2023 01: +0,6.215,5832,Operation Breakout Weapon Case
Jun 08 2023 01: +0,6.366,6752,Operation Breakout Weapon Case
Jun 09 2023 01: +0,6.382,6318,Operation Breakout Weapon Case
Jun 10 2023 01: +0,6.345,6512,Operation Breakout Weapon Case
Jun 11 2023 01: +0,6.404,5701,Operation Breakout Weapon Case
Jun 12 2023 01: +0,6.256,4763,Operation Breakout Weapon Case
Jun 13 2023 01: +0,6.317,5434,Operation Breakout Weapon Case
Jun 14 2023 01: +0,6.354,4645,Operation Breakout Weapon Case
Jun 15 2023 01: +0,6.286,5300,Operation Breakout Weapon Case
Jun 16 2023 01: +0,6.375,5215,Operation Breakout Weapon Case
Jun 17 2023 01: +0,6.401,5477,Operation Breakout Weapon Case
Jun 18 2023 01: +0,6.357,4668,Operation Breakout Weapon Case
Jun 19 2023 01: +0,6.285,4330,Operation Breakout Weapon Case
Jun 20 2023 01: +0,6.157,4017,Operation Breakout Weapon Case
Jun 21 2023 01: +0,6.149,4253,Operation Breakout Weapon Case
Jun 22 2023 01: +0,6.088,4921,Operation Breakout Weapon Case
Jun 23 2023 01: +0,6.018,5694,Operation Breakout Weapon Case
Jun 24 2023 01: +0,6.02,5581,Operation Breakout Weapon Case
Jun 25 2023 01: +0,5.952,5940,Operation Breakout Weapon Case
Jun 26 2023 01: +0,5.981,4215,Operation Breakout Weapon Case
Jun 27 2023 01: +0,5.892,4183,Operation Breakout Weapon Case
Jun 28 2023 01: +0,5.898,4135,Operation Breakout Weapon Case
Jun 29 2023 01: +0,5.755,5530,Operation Breakout Weapon Case
Jun 30 2023 01: +0,5.479,6665,Operation Breakout Weapon Case
Jul 01 2023 01: +0,5.511,6786,Operation Breakout Weapon Case
Jul 02 2023 01: +0,5.453,5887,Operation Breakout Weapon Case
Jul 03 2023 01: +0,5.417,5588,Operation Breakout Weapon Case
Jul 04 2023 01: +0,5.389,5435,Operation Breakout Weapon Case
Jul 05 2023 01: +0,5.448,5067,Operation Breakout Weapon Case
Jul 06 2023 01: +0,5.499,4791,Operation Breakout Weapon Case
Jul 07 2023 01: +0,5.514,5793,Operation Breakout Weapon Case
Jul 08 2023 01: +0,5.587,5708,Operation Breakout Weapon Case
Jul 09 2023 01: +0,5.406,5191,Operation Breakout Weapon Case
Jul 10 2023 01: +0,5.395,5807,Operation Breakout Weapon Case
Jul 11 2023 01: +0,5.424,4603,Operation Breakout Weapon Case
Jul 12 2023 01: +0,5.462,5949,Operation Breakout Weapon Case
Jul 13 2023 01: +0,5.488,7232,Operation Breakout Weapon Case
Jul 14 2023 01: +0,5.919,7354,Operation Breakout Weapon Case
Jul 15 2023 01: +0,6.067,6520,Operation Breakout Weapon Case
Jul 16 2023 01: +0,5.992,5103,Operation Breakout Weapon Case
Jul 17 2023 01: +0,6.01,4745,Operation Breakout Weapon Case
Jul 18 2023 01: +0,6.111,4685,Operation Breakout Weapon Case
Jul 19 2023 01: +0,6.175,5214,Operation Breakout Weapon Case
Jul 20 2023 01: +0,6.222,5657,Operation Breakout Weapon Case
Jul 21 2023 01: +0,6.231,5448,Operation Breakout Weapon Case
Jul 22 2023 01: +0,6.357,5961,Operation Breakout Weapon Case
Jul 23 2023 01: +0,6.147,5144,Operation Breakout Weapon Case
Jul 24 2023 01: +0,6.11,4662,Operation Breakout Weapon Case
Jul 25 2023 01: +0,6.182,4796,Operation Breakout Weapon Case
Jul 26 2023 01: +0,6.114,4450,Operation Breakout Weapon Case
Jul 27 2023 01: +0,6.222,4887,Operation Breakout Weapon Case
Jul 28 2023 01: +0,6.309,5094,Operation Breakout Weapon Case
Jul 29 2023 01: +0,6.366,5458,Operation Breakout Weapon Case
Jul 30 2023 01: +0,6.159,5088,Operation Breakout Weapon Case
Jul 31 2023 01: +0,6.137,5086,Operation Breakout Weapon Case
Aug 01 2023 01: +0,6.186,4252,Operation Breakout Weapon Case
Aug 02 2023 01: +0,6.27,4601,Operation Breakout Weapon Case
Aug 03 2023 01: +0,6.215,4608,Operation Breakout Weapon Case
Aug 04 2023 01: +0,6.282,4945,Operation Breakout Weapon Case
Aug 05 2023 01: +0,6.285,4553,Operation Breakout Weapon Case
Aug 06 2023 01: +0,6.049,4788,Operation Breakout Weapon Case
Aug 07 2023 01: +0,6.023,4646,Operation Breakout Weapon Case
Aug 08 2023 01: +0,6.141,4060,Operation Breakout Weapon Case
Aug 09 2023 01: +0,6.053,4285,Operation Breakout Weapon Case
Aug 10 2023 01: +0,5.989,4299,Operation Breakout Weapon Case
Aug 11 2023 01: +0,6.053,3866,Operation Breakout Weapon Case
Aug 12 2023 01: +0,6.067,4152,Operation Breakout Weapon Case
Aug 13 2023 01: +0,6.035,4414,Operation Breakout Weapon Case
Aug 14 2023 01: +0,5.908,3538,Operation Breakout Weapon Case
Aug 15 2023 01: +0,5.963,4132,Operation Breakout Weapon Case
Aug 16 2023 01: +0,5.808,3090,Operation Breakout Weapon Case
Aug 17 2023 01: +0,5.889,3429,Operation Breakout Weapon Case
Aug 18 2023 01: +0,5.935,3561,Operation Breakout Weapon Case
Aug 19 2023 01: +0,5.94,4326,Operation Breakout Weapon Case
Aug 20 2023 01: +0,5.843,3599,Operation Breakout Weapon Case
Aug 21 2023 01: +0,5.702,3021,Operation Breakout Weapon Case
Aug 22 2023 01: +0,5.75,3892,Operation Breakout Weapon Case
Aug 23 2023 01: +0,5.746,4076,Operation Breakout Weapon Case
Aug 24 2023 01: +0,5.721,3734,Operation Breakout Weapon Case
Aug 25 2023 01: +0,5.928,5262,Operation Breakout Weapon Case
Aug 26 2023 01: +0,5.939,3801,Operation Breakout Weapon Case
Aug 27 2023 01: +0,5.917,4155,Operation Breakout Weapon Case
Aug 28 2023 01: +0,5.774,3078,Operation Breakout Weapon Case
Aug 29 2023 01: +0,5.788,3998,Operation Breakout Weapon Case
Aug 30 2023 01: +0,5.856,4678,Operation Breakout Weapon Case
Aug 31 2023 01: +0,5.934,5099,Operation Breakout Weapon Case
Sep 01 2023 01: +0,5.91,4712,Operation Breakout Weapon Case
Sep 02 2023 01: +0,5.873,4652,Operation Breakout Weapon Case
Sep 03 2023 01: +0,5.992,4716,Operation Breakout Weapon Case
Sep 04 2023 01: +0,5.971,4494,Operation Breakout Weapon Case
Sep 05 2023 01: +0,5.934,3728,Operation Breakout Weapon Case
Sep 06 2023 01: +0,5.992,3991,Operation Breakout Weapon Case
Sep 07 2023 01: +0,5.882,3588,Operation Breakout Weapon Case
Sep 08 2023 01: +0,5.932,4313,Operation Breakout Weapon Case
Sep 09 2023 01: +0,5.92,4647,Operation Breakout Weapon Case
Sep 10 2023 01: +0,5.981,4732,Operation Breakout Weapon Case
Sep 11 2023 01: +0,5.936,4300,Operation Breakout Weapon Case
Sep 12 2023 01: +0,6.03,4117,Operation Breakout Weapon Case
Sep 13 2023 01: +0,6.024,3920,Operation Breakout Weapon Case
Sep 14 2023 01: +0,5.933,3502,Operation Breakout Weapon Case
Sep 15 2023 01: +0,6.158,5975,Operation Breakout Weapon Case
Sep 16 2023 01: +0,6.06,4459,Operation Breakout Weapon Case
Sep 17 2023 01: +0,6.065,5368,Operation Breakout Weapon Case
Sep 18 2023 01: +0,6.038,4423,Operation Breakout Weapon Case
Sep 19 2023 01: +0,5.983,3796,Operation Breakout Weapon Case
Sep 20 2023 01: +0,5.938,4190,Operation Breakout Weapon Case
Sep 21 2023 01: +0,5.879,3803,Operation Breakout Weapon Case
Sep 22 2023 01: +0,5.906,4452,Operation Breakout Weapon Case
Sep 23 2023 01: +0,5.945,4030,Operation Breakout Weapon Case
Sep 24 2023 01: +0,5.912,4034,Operation Breakout Weapon Case
Sep 25 2023 01: +0,5.94,4328,Operation Breakout Weapon Case
Sep 26 2023 01: +0,5.934,3751,Operation Breakout Weapon Case
Sep 27 2023 01: +0,5.967,6683,Operation Breakout Weapon Case
Sep 28 2023 01: +0,5.931,9251,Operation Breakout Weapon Case
Sep 29 2023 01: +0,5.89,8979,Operation Breakout Weapon Case
Sep 30 2023 01: +0,5.952,9693,Operation Breakout Weapon Case
Oct 01 2023 01: +0,5.809,9548,Operation Breakout Weapon Case
Oct 02 2023 01: +0,5.933,7725,Operation Breakout Weapon Case
Oct 03 2023 01: +0,6.039,8459,Operation Breakout Weapon Case
Oct 04 2023 01: +0,6.1,8530,Operation Breakout Weapon Case
Oct 05 2023 01: +0,6.073,6839,Operation Breakout Weapon Case
Oct 06 2023 01: +0,6.064,8281,Operation Breakout Weapon Case
Oct 07 2023 01: +0,6.12,8773,Operation Breakout Weapon Case
Oct 08 2023 01: +0,6.163,9136,Operation Breakout Weapon Case
Oct 09 2023 01: +0,6.134,7457,Operation Breakout Weapon Case
Oct 10 2023 01: +0,6.128,7257,Operation Breakout Weapon Case
Oct 11 2023 01: +0,6.098,6693,Operation Breakout Weapon Case
Oct 12 2023 01: +0,6.153,7577,Operation Breakout Weapon Case
Oct 13 2023 01: +0,6.162,8943,Operation Breakout Weapon Case
Oct 14 2023 01: +0,6.21,8938,Operation Breakout Weapon Case
Oct 15 2023 01: +0,6.203,8407,Operation Breakout Weapon Case
Oct 16 2023 01: +0,6.06,6369,Operation Breakout Weapon Case
Oct 17 2023 01: +0,6.129,7205,Operation Breakout Weapon Case
Oct 18 2023 01: +0,6.028,6169,Operation Breakout Weapon Case
Oct 19 2023 01: +0,5.976,6906,Operation Breakout Weapon Case
Oct 20 2023 01: +0,6.023,6823,Operation Breakout Weapon Case
Oct 21 2023 01: +0,6.064,6877,Operation Breakout Weapon Case
Oct 22 2023 01: +0,6.074,5814,Operation Breakout Weapon Case
Oct 23 2023 01: +0,6.104,6330,Operation Breakout Weapon Case
Oct 24 2023 01: +0,6.036,5299,Operation Breakout Weapon Case
Oct 25 2023 01: +0,5.965,4853,Operation Breakout Weapon Case
Oct 26 2023 01: +0,5.896,5159,Operation Breakout Weapon Case
Oct 27 2023 01: +0,5.866,5405,Operation Breakout Weapon Case
Oct 28 2023 01: +0,5.85,6424,Operation Breakout Weapon Case
Oct 29 2023 01: +0,5.856,6296,Operation Breakout Weapon Case
Oct 30 2023 01: +0,5.778,4709,Operation Breakout Weapon Case
Oct 31 2023 01: +0,5.818,5151,Operation Breakout Weapon Case
Nov 01 2023 01: +0,5.81,7836,Operation Breakout Weapon Case
Nov 02 2023 01: +0,5.775,6528,Operation Breakout Weapon Case
Nov 03 2023 01: +0,5.84,5819,Operation Breakout Weapon Case
Nov 04 2023 01: +0,5.858,6412,Operation Breakout Weapon Case
Nov 05 2023 01: +0,5.855,6488,Operation Breakout Weapon Case
Nov 06 2023 01: +0,5.817,4754,Operation Breakout Weapon Case
Nov 07 2023 01: +0,5.876,4628,Operation Breakout Weapon Case
Nov 08 2023 01: +0,5.828,5294,Operation Breakout Weapon Case
Nov 09 2023 01: +0,5.843,5049,Operation Breakout Weapon Case
Nov 10 2023 01: +0,5.755,5776,Operation Breakout Weapon Case
Nov 11 2023 01: +0,5.748,6137,Operation Breakout Weapon Case
Nov 12 2023 01: +0,5.594,4676,Operation Breakout Weapon Case
Nov 13 2023 01: +0,5.445,4056,Operation Breakout Weapon Case
Nov 14 2023 01: +0,5.424,4150,Operation Breakout Weapon Case
Nov 15 2023 01: +0,5.28,5310,Operation Breakout Weapon Case
Nov 16 2023 01: +0,5.073,6062,Operation Breakout Weapon Case
Nov 17 2023 01: +0,5.054,5689,Operation Breakout Weapon Case
Nov 18 2023 01: +0,5.241,5820,Operation Breakout Weapon Case
Nov 19 2023 01: +0,5.113,5134,Operation Breakout Weapon Case
Nov 20 2023 01: +0,5.126,4599,Operation Breakout Weapon Case
Nov 21 2023 01: +0,5.197,4454,Operation Breakout Weapon Case
Nov 22 2023 01: +0,5.042,6597,Operation Breakout Weapon Case
Nov 23 2023 01: +0,5.075,5388,Operation Breakout Weapon Case
Nov 24 2023 01: +0,5.117,5037,Operation Breakout Weapon Case
Nov 25 2023 01: +0,5.047,5382,Operation Breakout Weapon Case
Nov 26 2023 01: +0,4.941,5106,Operation Breakout Weapon Case
Nov 27 2023 01: +0,4.937,4530,Operation Breakout Weapon Case
Nov 28 2023 01: +0,5.066,4817,Operation Breakout Weapon Case
Nov 29 2023 01: +0,5.265,3808,Operation Breakout Weapon Case
Nov 30 2023 01: +0,5.417,4448,Operation Breakout Weapon Case
Dec 01 2023 01: +0,5.501,4673,Operation Breakout Weapon Case
Dec 02 2023 01: +0,5.566,3967,Operation Breakout Weapon Case
Dec 03 2023 01: +0,5.657,4833,Operation Breakout Weapon Case
Dec 04 2023 01: +0,5.594,3491,Operation Breakout Weapon Case
Dec 05 2023 01: +0,5.512,3819,Operation Breakout Weapon Case
Dec 06 2023 01: +0,5.579,3927,Operation Breakout Weapon Case
Dec 07 2023 01: +0,5.474,3691,Operation Breakout Weapon Case
Dec 08 2023 01: +0,5.35,2957,Operation Breakout Weapon Case
Dec 09 2023 01: +0,5.435,4176,Operation Breakout Weapon Case
Dec 10 2023 01: +0,5.416,3859,Operation Breakout Weapon Case
Dec 11 2023 01: +0,5.399,3708,Operation Breakout Weapon Case
Dec 12 2023 01: +0,5.507,3357,Operation Breakout Weapon Case
Dec 13 2023 01: +0,5.546,3731,Operation Breakout Weapon Case
Dec 14 2023 01: +0,5.359,3161,Operation Breakout Weapon Case
Dec 15 2023 01: +0,5.559,4498,Operation Breakout Weapon Case
Dec 16 2023 01: +0,5.564,4466,Operation Breakout Weapon Case
Dec 17 2023 01: +0,5.479,3452,Operation Breakout Weapon Case
Dec 18 2023 01: +0,5.47,3087,Operation Breakout Weapon Case
Dec 19 2023 01: +0,5.446,2585,Operation Breakout Weapon Case
Dec 20 2023 01: +0,5.407,3292,Operation Breakout Weapon Case
Dec 21 2023 01: +0,5.369,3738,Operation Breakout Weapon Case
Dec 22 2023 01: +0,5.293,4936,Operation Breakout Weapon Case
Dec 23 2023 01: +0,5.285,4241,Operation Breakout Weapon Case
Dec 24 2023 01: +0,5.32,4057,Operation Breakout Weapon Case
Dec 25 2023 01: +0,5.454,4369,Operation Breakout Weapon Case
Dec 26 2023 01: +0,5.415,3967,Operation Breakout Weapon Case
Dec 27 2023 01: +0,5.338,4280,Operation Breakout Weapon Case
Dec 28 2023 01: +0,5.444,4216,Operation Breakout Weapon Case
Dec 29 2023 01: +0,5.441,3928,Operation Breakout Weapon Case
Dec 30 2023 01: +0,5.516,4165,Operation Breakout Weapon Case
Dec 31 2023 01: +0,5.477,4598,Operation Breakout Weapon Case
Jan 01 2024 01: +0,5.436,3829,Operation Breakout Weapon Case
Jan 02 2024 01: +0,5.475,3435,Operation Breakout Weapon Case
Jan 03 2024 01: +0,5.395,3830,Operation Breakout Weapon Case
Jan 04 2024 01: +0,5.353,4212,Operation Breakout Weapon Case
Jan 05 2024 01: +0,5.529,3477,Operation Breakout Weapon Case
Jan 06 2024 01: +0,5.594,3555,Operation Breakout Weapon Case
Jan 07 2024 01: +0,5.536,3555,Operation Breakout Weapon Case
Jan 08 2024 01: +0,5.51,2686,Operation Breakout Weapon Case
Jan 09 2024 01: +0,5.544,3333,Operation Breakout Weapon Case
Jan 10 2024 01: +0,5.583,4045,Operation Breakout Weapon Case
Jan 11 2024 01: +0,5.541,3143,Operation Breakout Weapon Case
Jan 12 2024 01: +0,5.704,5881,Operation Breakout Weapon Case
Jan 13 2024 01: +0,5.618,3368,Operation Breakout Weapon Case
Jan 14 2024 01: +0,5.605,2990,Operation Breakout Weapon Case
Jan 15 2024 01: +0,5.619,2670,Operation Breakout Weapon Case
Jan 16 2024 01: +0,5.703,2969,Operation Breakout Weapon Case
Jan 17 2024 01: +0,5.541,2953,Operation Breakout Weapon Case
Jan 18 2024 01: +0,5.599,3310,Operation Breakout Weapon Case
Jan 19 2024 01: +0,5.476,3737,Operation Breakout Weapon Case
Jan 20 2024 01: +0,5.477,4537,Operation Breakout Weapon Case
Jan 21 2024 01: +0,5.381,3652,Operation Breakout Weapon Case
Jan 22 2024 01: +0,5.25,3137,Operation Breakout Weapon Case
Jan 23 2024 01: +0,5.221,2856,Operation Breakout Weapon Case
Jan 24 2024 01: +0,5.215,3237,Operation Breakout Weapon Case
Jan 25 2024 01: +0,5.222,3541,Operation Breakout Weapon Case
Jan 26 2024 01: +0,5.202,3201,Operation Breakout Weapon Case
Jan 27 2024 01: +0,5.293,4436,Operation Breakout Weapon Case
Jan 28 2024 01: +0,5.141,2761,Operation Breakout Weapon Case
Jan 29 2024 01: +0,5.131,3331,Operation Breakout Weapon Case
Jan 30 2024 01: +0,5.223,3483,Operation Breakout Weapon Case
Jan 31 2024 01: +0,5.32,3260,Operation Breakout Weapon Case
Feb 01 2024 01: +0,5.229,3151,Operation Breakout Weapon Case
Feb 02 2024 01: +0,5.317,3323,Operation Breakout Weapon Case
Feb 03 2024 01: +0,5.308,3494,Operation Breakout Weapon Case
Feb 04 2024 01: +0,5.353,3374,Operation Breakout Weapon Case
Feb 05 2024 01: +0,5.308,2830,Operation Breakout Weapon Case
Feb 06 2024 01: +0,5.31,3283,Operation Breakout Weapon Case
Feb 07 2024 01: +0,5.2,3874,Operation Breakout Weapon Case
Feb 08 2024 01: +0,5.118,3131,Operation Breakout Weapon Case
Feb 09 2024 01: +0,5.219,4436,Operation Breakout Weapon Case
Feb 10 2024 01: +0,5.253,4159,Operation Breakout Weapon Case
Feb 11 2024 01: +0,5.352,4553,Operation Breakout Weapon Case
Feb 12 2024 01: +0,5.332,3114,Operation Breakout Weapon Case
Feb 13 2024 01: +0,5.344,3777,Operation Breakout Weapon Case
Feb 14 2024 01: +0,5.293,3732,Operation Breakout Weapon Case
Feb 15 2024 01: +0,5.239,3690,Operation Breakout Weapon Case
Feb 16 2024 01: +0,5.274,3912,Operation Breakout Weapon Case
Feb 17 2024 01: +0,5.376,4922,Operation Breakout Weapon Case
Feb 18 2024 01: +0,5.266,3849,Operation Breakout Weapon Case
Feb 19 2024 01: +0,5.255,3689,Operation Breakout Weapon Case
Feb 20 2024 01: +0,5.278,3672,Operation Breakout Weapon Case
Feb 21 2024 01: +0,5.209,3487,Operation Breakout Weapon Case
Feb 22 2024 01: +0,5.273,3420,Operation Breakout Weapon Case
Feb 23 2024 01: +0,5.348,4015,Operation Breakout Weapon Case
Feb 24 2024 01: +0,5.438,4595,Operation Breakout Weapon Case
Feb 25 2024 01: +0,5.386,3809,Operation Breakout Weapon Case
Feb 26 2024 01: +0,5.407,3389,Operation Breakout Weapon Case
Feb 27 2024 01: +0,5.478,3655,Operation Breakout Weapon Case
Feb 28 2024 01: +0,5.538,4003,Operation Breakout Weapon Case
Feb 29 2024 01: +0,5.586,3900,Operation Breakout Weapon Case
Mar 01 2024 01: +0,5.712,4267,Operation Breakout Weapon Case
Mar 02 2024 01: +0,5.764,4581,Operation Breakout Weapon Case
Mar 03 2024 01: +0,5.709,3951,Operation Breakout Weapon Case
Mar 04 2024 01: +0,5.684,3336,Operation Breakout Weapon Case
Mar 05 2024 01: +0,5.744,3727,Operation Breakout Weapon Case
Mar 06 2024 01: +0,5.777,3609,Operation Breakout Weapon Case
Mar 07 2024 01: +0,5.764,3516,Operation Breakout Weapon Case
Mar 08 2024 01: +0,5.858,4176,Operation Breakout Weapon Case
Mar 09 2024 01: +0,5.891,4220,Operation Breakout Weapon Case
Mar 10 2024 01: +0,5.79,3306,Operation Breakout Weapon Case
Mar 11 2024 01: +0,5.772,3284,Operation Breakout Weapon Case
Mar 12 2024 01: +0,5.794,2924,Operation Breakout Weapon Case
Mar 13 2024 01: +0,5.751,3364,Operation Breakout Weapon Case
Mar 14 2024 01: +0,5.493,4095,Operation Breakout Weapon Case
Mar 15 2024 01: +0,5.446,4213,Operation Breakout Weapon Case
Mar 16 2024 01: +0,5.419,4312,Operation Breakout Weapon Case
Mar 17 2024 01: +0,5.455,3676,Operation Breakout Weapon Case
Mar 18 2024 01: +0,5.422,2910,Operation Breakout Weapon Case
Mar 19 2024 01: +0,5.544,3109,Operation Breakout Weapon Case
Mar 20 2024 01: +0,5.555,3246,Operation Breakout Weapon Case
Mar 21 2024 01: +0,5.469,3412,Operation Breakout Weapon Case
Mar 22 2024 01: +0,5.713,3267,Operation Breakout Weapon Case
Mar 23 2024 01: +0,5.769,4335,Operation Breakout Weapon Case
Mar 24 2024 01: +0,5.714,3252,Operation Breakout Weapon Case
Mar 25 2024 01: +0,5.786,3317,Operation Breakout Weapon Case
Mar 26 2024 01: +0,5.689,2952,Operation Breakout Weapon Case
Mar 27 2024 01: +0,5.683,2692,Operation Breakout Weapon Case
Mar 28 2024 01: +0,5.824,3450,Operation Breakout Weapon Case
Mar 29 2024 01: +0,5.845,4216,Operation Breakout Weapon Case
Mar 30 2024 01: +0,5.866,4303,Operation Breakout Weapon Case
Mar 31 2024 01: +0,5.896,4222,Operation Breakout Weapon Case
Apr 01 2024 01: +0,5.847,3871,Operation Breakout Weapon Case
Apr 02 2024 01: +0,5.904,3416,Operation Breakout Weapon Case
Apr 03 2024 01: +0,5.987,3618,Operation Breakout Weapon Case
Apr 04 2024 01: +0,6.061,3959,Operation Breakout Weapon Case
Apr 05 2024 01: +0,6.137,3560,Operation Breakout Weapon Case
Apr 06 2024 01: +0,6.193,4179,Operation Breakout Weapon Case
Apr 07 2024 01: +0,6.097,3282,Operation Breakout Weapon Case
Apr 08 2024 01: +0,6.242,3267,Operation Breakout Weapon Case
Apr 09 2024 01: +0,6.249,2794,Operation Breakout Weapon Case
Apr 10 2024 01: +0,6.153,2939,Operation Breakout Weapon Case
Apr 11 2024 01: +0,6.17,3353,Operation Breakout Weapon Case
Apr 12 2024 01: +0,6.182,4374,Operation Breakout Weapon Case
Apr 13 2024 01: +0,6.261,4184,Operation Breakout Weapon Case
Apr 14 2024 01: +0,6.27,3904,Operation Breakout Weapon Case
Apr 15 2024 01: +0,6.136,2804,Operation Breakout Weapon Case
Apr 16 2024 01: +0,6.212,2765,Operation Breakout Weapon Case
Apr 17 2024 01: +0,6.293,3426,Operation Breakout Weapon Case
Apr 18 2024 01: +0,6.256,2876,Operation Breakout Weapon Case
Apr 19 2024 01: +0,6.244,3367,Operation Breakout Weapon Case
Apr 20 2024 01: +0,6.336,4046,Operation Breakout Weapon Case
Apr 21 2024 01: +0,6.375,3453,Operation Breakout Weapon Case
Apr 22 2024 01: +0,6.27,2908,Operation Breakout Weapon Case
Apr 23 2024 01: +0,6.194,2391,Operation Breakout Weapon Case
Apr 24 2024 01: +0,6.267,2234,Operation Breakout Weapon Case
Apr 25 2024 01: +0,6.361,2435,Operation Breakout Weapon Case
Apr 26 2024 01: +0,6.207,3228,Operation Breakout Weapon Case
Apr 27 2024 01: +0,6.357,3234,Operation Breakout Weapon Case
Apr 28 2024 01: +0,6.352,2802,Operation Breakout Weapon Case
Apr 29 2024 01: +0,6.259,2755,Operation Breakout Weapon Case
Apr 30 2024 01: +0,6.293,3057,Operation Breakout Weapon Case
May 01 2024 01: +0,6.25,2443,Operation Breakout Weapon Case
May 02 2024 01: +0,6.348,2817,Operation Breakout Weapon Case
May 03 2024 01: +0,6.46,2907,Operation Breakout Weapon Case
May 04 2024 01: +0,6.511,3281,Operation Breakout Weapon Case
May 05 2024 01: +0,6.599,3215,Operation Breakout Weapon Case
May 06 2024 01: +0,6.555,2805,Operation Breakout Weapon Case
May 07 2024 01: +0,6.556,2308,Operation Breakout Weapon Case
May 08 2024 01: +0,6.517,3015,Operation Breakout Weapon Case
May 09 2024 01: +0,6.602,3173,Operation Breakout Weapon Case
May 10 2024 01: +0,6.63,3045,Operation Breakout Weapon Case
May 11 2024 01: +0,6.623,2630,Operation Breakout Weapon Case
May 12 2024 01: +0,6.673,2903,Operation Breakout Weapon Case
May 13 2024 01: +0,6.709,2433,Operation Breakout Weapon Case
May 14 2024 01: +0,6.745,2770,Operation Breakout Weapon Case
May 15 2024 01: +0,6.687,2686,Operation Breakout Weapon Case
May 16 2024 01: +0,6.648,2850,Operation Breakout Weapon Case
May 17 2024 01: +0,6.645,2810,Operation Breakout Weapon Case
May 18 2024 01: +0,6.65,2838,Operation Breakout Weapon Case
May 19 2024 01: +0,6.521,2363,Operation Breakout Weapon Case
May 20 2024 01: +0,6.499,2001,Operation Breakout Weapon Case
May 21 2024 01: +0,6.504,2023,Operation Breakout Weapon Case
May 22 2024 01: +0,6.522,2267,Operation Breakout Weapon Case
May 23 2024 01: +0,6.493,2968,Operation Breakout Weapon Case
May 24 2024 01: +0,6.637,3734,Operation Breakout Weapon Case
May 25 2024 01: +0,6.617,2786,Operation Breakout Weapon Case
May 26 2024 01: +0,6.684,2664,Operation Breakout Weapon Case
May 27 2024 01: +0,6.733,3099,Operation Breakout Weapon Case
May 28 2024 01: +0,6.73,3149,Operation Breakout Weapon Case
May 29 2024 01: +0,6.693,2212,Operation Breakout Weapon Case
May 30 2024 01: +0,6.598,2362,Operation Breakout Weapon Case
May 31 2024 01: +0,6.701,2630,Operation Breakout Weapon Case
Jun 01 2024 01: +0,6.723,2951,Operation Breakout Weapon Case
Jun 02 2024 01: +0,6.784,2915,Operation Breakout Weapon Case
Jun 03 2024 01: +0,6.789,2770,Operation Breakout Weapon Case
Jun 04 2024 01: +0,6.821,3151,Operation Breakout Weapon Case
Jun 05 2024 01: +0,6.762,2897,Operation Breakout Weapon Case
Jun 06 2024 01: +0,6.775,2080,Operation Breakout Weapon Case
Jun 07 2024 01: +0,6.792,2243,Operation Breakout Weapon Case
Jun 08 2024 01: +0,6.671,2327,Operation Breakout Weapon Case
Jun 09 2024 01: +0,6.63,2853,Operation Breakout Weapon Case
Jun 10 2024 01: +0,6.616,2480,Operation Breakout Weapon Case
Jun 11 2024 01: +0,6.66,2226,Operation Breakout Weapon Case
Jun 12 2024 01: +0,6.665,2885,Operation Breakout Weapon Case
Jun 13 2024 01: +0,6.708,2820,Operation Breakout Weapon Case
Jun 14 2024 01: +0,6.658,3126,Operation Breakout Weapon Case
Jun 15 2024 01: +0,6.687,3350,Operation Breakout Weapon Case
Jun 16 2024 01: +0,6.705,2437,Operation Breakout Weapon Case
Jun 17 2024 01: +0,6.626,2289,Operation Breakout Weapon Case
Jun 18 2024 01: +0,6.599,3073,Operation Breakout Weapon Case
Jun 19 2024 01: +0,6.553,3089,Operation Breakout Weapon Case
Jun 20 2024 01: +0,6.472,2432,Operation Breakout Weapon Case
Jun 21 2024 01: +0,6.382,3175,Operation Breakout Weapon Case
Jun 22 2024 01: +0,6.381,2957,Operation Breakout Weapon Case
Jun 23 2024 01: +0,6.399,2980,Operation Breakout Weapon Case
Jun 24 2024 01: +0,6.418,2105,Operation Breakout Weapon Case
Jun 25 2024 01: +0,6.481,2408,Operation Breakout Weapon Case
Jun 26 2024 01: +0,6.418,2418,Operation Breakout Weapon Case
Jun 27 2024 01: +0,6.239,2601,Operation Breakout Weapon Case
Jun 28 2024 01: +0,6.225,3709,Operation Breakout Weapon Case
Jun 29 2024 01: +0,6.284,4109,Operation Breakout Weapon Case
Jun 30 2024 01: +0,6.329,3493,Operation Breakout Weapon Case
Jul 01 2024 01: +0,6.412,3807,Operation Breakout Weapon Case
Jul 02 2024 01: +0,6.53,4066,Operation Breakout Weapon Case
Jul 03 2024 01: +0,6.567,3839,Operation Breakout Weapon Case
Jul 04 2024 01: +0,6.576,2952,Operation Breakout Weapon Case
Jul 05 2024 01: +0,6.601,3021,Operation Breakout Weapon Case
Jul 06 2024 01: +0,6.654,3319,Operation Breakout Weapon Case
Jul 07 2024 01: +0,6.631,3837,Operation Breakout Weapon Case
Jul 08 2024 01: +0,6.537,2723,Operation Breakout Weapon Case
Jul 09 2024 01: +0,6.512,2637,Operation Breakout Weapon Case
Jul 10 2024 01: +0,6.302,3334,Operation Breakout Weapon Case
Jul 11 2024 01: +0,6.293,3189,Operation Breakout Weapon Case
Jul 12 2024 01: +0,6.448,3357,Operation Breakout Weapon Case
Jul 13 2024 01: +0,6.514,3114,Operation Breakout Weapon Case
Jul 14 2024 01: +0,6.604,3120,Operation Breakout Weapon Case
Jul 15 2024 01: +0,6.501,2314,Operation Breakout Weapon Case
Jul 16 2024 01: +0,6.548,2640,Operation Breakout Weapon Case
Jul 17 2024 01: +0,6.563,2809,Operation Breakout Weapon Case
Jul 18 2024 01: +0,6.584,2400,Operation Breakout Weapon Case
Jul 19 2024 01: +0,6.706,2945,Operation Breakout Weapon Case
Jul 20 2024 01: +0,6.679,3381,Operation Breakout Weapon Case
Jul 21 2024 01: +0,6.678,2596,Operation Breakout Weapon Case
Jul 22 2024 01: +0,6.605,2273,Operation Breakout Weapon Case
Jul 23 2024 01: +0,6.616,2664,Operation Breakout Weapon Case
Jul 24 2024 01: +0,6.596,2463,Operation Breakout Weapon Case
Jul 25 2024 01: +0,6.582,2947,Operation Breakout Weapon Case
Jul 26 2024 01: +0,6.643,2755,Operation Breakout Weapon Case
Jul 27 2024 01: +0,6.641,2905,Operation Breakout Weapon Case
Jul 28 2024 01: +0,6.625,2451,Operation Breakout Weapon Case
Jul 29 2024 01: +0,6.575,2233,Operation Breakout Weapon Case
Jul 30 2024 01: +0,6.677,2650,Operation Breakout Weapon Case
Jul 31 2024 01: +0,6.699,2544,Operation Breakout Weapon Case
Aug 01 2024 01: +0,6.784,3011,Operation Breakout Weapon Case
Aug 02 2024 01: +0,6.803,3071,Operation Breakout Weapon Case
Aug 03 2024 01: +0,6.822,3097,Operation Breakout Weapon Case
Aug 04 2024 01: +0,6.829,2838,Operation Breakout Weapon Case
Aug 05 2024 01: +0,6.863,2836,Operation Breakout Weapon Case
Aug 06 2024 01: +0,6.875,2633,Operation Breakout Weapon Case
Aug 07 2024 01: +0,6.915,2666,Operation Breakout Weapon Case
Aug 08 2024 01: +0,6.856,2402,Operation Breakout Weapon Case
Aug 09 2024 01: +0,6.858,3860,Operation Breakout Weapon Case
Aug 10 2024 01: +0,6.913,4045,Operation Breakout Weapon Case
Aug 11 2024 01: +0,6.866,2739,Operation Breakout Weapon Case
Aug 12 2024 01: +0,6.845,2026,Operation Breakout Weapon Case
Aug 13 2024 01: +0,6.838,2320,Operation Breakout Weapon Case
Aug 14 2024 01: +0,6.889,2499,Operation Breakout Weapon Case
Aug 15 2024 01: +0,6.867,2724,Operation Breakout Weapon Case
Aug 16 2024 01: +0,6.889,2840,Operation Breakout Weapon Case
Aug 17 2024 01: +0,6.941,2868,Operation Breakout Weapon Case
Aug 18 2024 01: +0,6.796,3491,Operation Breakout Weapon Case
Aug 19 2024 01: +0,6.72,2800,Operation Breakout Weapon Case
Aug 20 2024 01: +0,6.653,3019,Operation Breakout Weapon Case
Aug 21 2024 01: +0,6.661,2209,Operation Breakout Weapon Case
Aug 22 2024 01: +0,6.659,2935,Operation Breakout Weapon Case
Aug 23 2024 01: +0,6.609,3449,Operation Breakout Weapon Case
Aug 24 2024 01: +0,6.707,3597,Operation Breakout Weapon Case
Aug 25 2024 01: +0,6.729,2804,Operation Breakout Weapon Case
Aug 26 2024 01: +0,6.745,2267,Operation Breakout Weapon Case
Aug 27 2024 01: +0,6.817,3042,Operation Breakout Weapon Case
Aug 28 2024 01: +0,6.771,2551,Operation Breakout Weapon Case
Aug 29 2024 01: +0,6.796,3203,Operation Breakout Weapon Case
Aug 30 2024 01: +0,6.846,3466,Operation Breakout Weapon Case
Aug 31 2024 01: +0,6.933,3842,Operation Breakout Weapon Case
Sep 01 2024 01: +0,6.914,2771,Operation Breakout Weapon Case
Sep 02 2024 01: +0,6.966,2822,Operation Breakout Weapon Case
Sep 03 2024 01: +0,6.938,2525,Operation Breakout Weapon Case
Sep 04 2024 01: +0,6.949,3039,Operation Breakout Weapon Case
Sep 05 2024 01: +0,6.967,2970,Operation Breakout Weapon Case
Sep 06 2024 01: +0,7.026,3448,Operation Breakout Weapon Case
Sep 07 2024 01: +0,7.148,3498,Operation Breakout Weapon Case
Sep 08 2024 01: +0,7.107,2620,Operation Breakout Weapon Case
Sep 09 2024 01: +0,7.113,3095,Operation Breakout Weapon Case
Sep 10 2024 01: +0,7.047,2236,Operation Breakout Weapon Case
Sep 11 2024 01: +0,7.087,2943,Operation Breakout Weapon Case
Sep 12 2024 01: +0,7.081,2854,Operation Breakout Weapon Case
Sep 13 2024 01: +0,7.12,3417,Operation Breakout Weapon Case
Sep 14 2024 01: +0,7.179,2968,Operation Breakout Weapon Case
Sep 15 2024 01: +0,7.148,2596,Operation Breakout Weapon Case
Sep 16 2024 01: +0,7.048,1952,Operation Breakout Weapon Case
Sep 17 2024 01: +0,7.015,2163,Operation Breakout Weapon Case
Sep 18 2024 01: +0,7.006,2560,Operation Breakout Weapon Case
Sep 19 2024 01: +0,7.06,2862,Operation Breakout Weapon Case
Sep 20 2024 01: +0,7.031,2842,Operation Breakout Weapon Case
Sep 21 2024 01: +0,7.12,2567,Operation Breakout Weapon Case
Sep 22 2024 01: +0,7.031,2351,Operation Breakout Weapon Case
Sep 23 2024 01: +0,7.09,2691,Operation Breakout Weapon Case
Sep 24 2024 01: +0,6.839,1977,Operation Breakout Weapon Case
Sep 25 2024 01: +0,6.877,2693,Operation Breakout Weapon Case
Sep 26 2024 01: +0,6.945,3015,Operation Breakout Weapon Case
Sep 27 2024 01: +0,6.93,2775,Operation Breakout Weapon Case
Sep 28 2024 01: +0,7.063,3190,Operation Breakout Weapon Case
Sep 29 2024 01: +0,7.011,2481,Operation Breakout Weapon Case
Sep 30 2024 01: +0,7.086,2701,Operation Breakout Weapon Case
Oct 01 2024 01: +0,7.065,2249,Operation Breakout Weapon Case
Oct 02 2024 01: +0,7.006,2486,Operation Breakout Weapon Case
Oct 03 2024 01: +0,6.567,4300,Operation Breakout Weapon Case
Oct 04 2024 01: +0,6.737,2970,Operation Breakout Weapon Case
Oct 05 2024 01: +0,6.853,2676,Operation Breakout Weapon Case
Oct 06 2024 01: +0,6.876,2564,Operation Breakout Weapon Case
Oct 07 2024 01: +0,6.854,2063,Operation Breakout Weapon Case
Oct 08 2024 01: +0,6.865,2100,Operation Breakout Weapon Case
Oct 09 2024 01: +0,6.94,2094,Operation Breakout Weapon Case
Oct 10 2024 01: +0,6.818,2787,Operation Breakout Weapon Case
Oct 11 2024 01: +0,6.721,2999,Operation Breakout Weapon Case
Oct 12 2024 01: +0,6.828,2979,Operation Breakout Weapon Case
Oct 13 2024 01: +0,6.841,2545,Operation Breakout Weapon Case
Oct 14 2024 01: +0,6.948,2371,Operation Breakout Weapon Case
Oct 15 2024 01: +0,6.919,2134,Operation Breakout Weapon Case
Oct 16 2024 01: +0,6.943,2285,Operation Breakout Weapon Case
Oct 17 2024 01: +0,6.964,2302,Operation Breakout Weapon Case
Oct 18 2024 01: +0,6.919,2781,Operation Breakout Weapon Case
Oct 19 2024 01: +0,6.984,3101,Operation Breakout Weapon Case
Oct 20 2024 01: +0,7.026,2866,Operation Breakout Weapon Case
Oct 21 2024 01: +0,6.966,2776,Operation Breakout Weapon Case
Oct 22 2024 01: +0,6.992,2534,Operation Breakout Weapon Case
Oct 23 2024 01: +0,6.931,2306,Operation Breakout Weapon Case
Oct 24 2024 01: +0,7.04,2608,Operation Breakout Weapon Case
Oct 25 2024 01: +0,6.953,3013,Operation Breakout Weapon Case
Oct 26 2024 01: +0,7.044,3172,Operation Breakout Weapon Case
Oct 27 2024 01: +0,7.19,3206,Operation Breakout Weapon Case
Oct 28 2024 01: +0,7.191,2189,Operation Breakout Weapon Case
Oct 29 2024 01: +0,7.12,2398,Operation Breakout Weapon Case
Oct 30 2024 01: +0,7.129,2299,Operation Breakout Weapon Case
Oct 31 2024 01: +0,7.135,2527,Operation Breakout Weapon Case
Nov 01 2024 01: +0,7.211,2891,Operation Breakout Weapon Case
Nov 02 2024 01: +0,7.167,2644,Operation Breakout Weapon Case
Nov 03 2024 01: +0,7.197,2845,Operation Breakout Weapon Case
Nov 04 2024 01: +0,7.133,2165,Operation Breakout Weapon Case
Nov 05 2024 01: +0,7.291,2094,Operation Breakout Weapon Case
Nov 06 2024 01: +0,7.144,2132,Operation Breakout Weapon Case
Nov 07 2024 01: +0,7.168,1908,Operation Breakout Weapon Case
Nov 08 2024 01: +0,7.24,2250,Operation Breakout Weapon Case
Nov 09 2024 01: +0,7.24,3281,Operation Breakout Weapon Case
Nov 10 2024 01: +0,7.283,2956,Operation Breakout Weapon Case
Nov 11 2024 01: +0,7.248,2267,Operation Breakout Weapon Case
Nov 12 2024 01: +0,7.204,1987,Operation Breakout Weapon Case
Nov 13 2024 01: +0,7.197,2341,Operation Breakout Weapon Case
Nov 14 2024 01: +0,7.195,2620,Operation Breakout Weapon Case
Nov 15 2024 01: +0,7.15,2860,Operation Breakout Weapon Case
Nov 16 2024 01: +0,7.15,2842,Operation Breakout Weapon Case
Nov 17 2024 01: +0,7.162,2387,Operation Breakout Weapon Case
Nov 18 2024 01: +0,7.179,2675,Operation Breakout Weapon Case
Nov 19 2024 01: +0,7.228,2427,Operation Breakout Weapon Case
Nov 20 2024 01: +0,7.244,2659,Operation Breakout Weapon Case
Nov 21 2024 01: +0,7.253,2633,Operation Breakout Weapon Case
Nov 22 2024 01: +0,7.278,2958,Operation Breakout Weapon Case
Nov 23 2024 01: +0,7.253,3442,Operation Breakout Weapon Case
Nov 24 2024 01: +0,7.278,3430,Operation Breakout Weapon Case
Nov 25 2024 01: +0,7.277,2037,Operation Breakout Weapon Case
Nov 26 2024 01: +0,7.34,2213,Operation Breakout Weapon Case
Nov 27 2024 01: +0,7.285,2412,Operation Breakout Weapon Case
Nov 28 2024 01: +0,7.06,2261,Operation Breakout Weapon Case
Nov 29 2024 01: +0,7.14,3133,Operation Breakout Weapon Case
Nov 30 2024 01: +0,7.079,2024,Operation Breakout Weapon Case
Dec 01 2024 01: +0,7.019,2758,Operation Breakout Weapon Case
Dec 02 2024 01: +0,6.967,1932,Operation Breakout Weapon Case
Dec 03 2024 01: +0,6.956,2127,Operation Breakout Weapon Case
Dec 04 2024 01: +0,7.015,2393,Operation Breakout Weapon Case
Dec 05 2024 01: +0,7.098,2169,Operation Breakout Weapon Case
Dec 06 2024 01: +0,7.184,2998,Operation Breakout Weapon Case
Dec 07 2024 01: +0,7.135,2601,Operation Breakout Weapon Case
Dec 08 2024 01: +0,7.112,1961,Operation Breakout Weapon Case
Dec 09 2024 01: +0,7.202,2052,Operation Breakout Weapon Case
Dec 10 2024 01: +0,7.216,1882,Operation Breakout Weapon Case
Dec 11 2024 01: +0,7.215,2236,Operation Breakout Weapon Case
Dec 12 2024 01: +0,7.153,1900,Operation Breakout Weapon Case
Dec 13 2024 01: +0,7.19,2659,Operation Breakout Weapon Case
Dec 14 2024 01: +0,7.179,2078,Operation Breakout Weapon Case
Dec 15 2024 01: +0,7.175,2582,Operation Breakout Weapon Case
Dec 16 2024 01: +0,7.174,2182,Operation Breakout Weapon Case
Dec 17 2024 01: +0,7.132,1703,Operation Breakout Weapon Case
Dec 18 2024 01: +0,7.033,1653,Operation Breakout Weapon Case
Dec 19 2024 01: +0,6.96,2184,Operation Breakout Weapon Case
Dec 20 2024 01: +0,6.957,2417,Operation Breakout Weapon Case
Dec 21 2024 01: +0,6.96,2717,Operation Breakout Weapon Case
Dec 22 2024 01: +0,6.887,2729,Operation Breakout Weapon Case
Dec 23 2024 01: +0,7.064,2561,Operation Breakout Weapon Case
Dec 24 2024 01: +0,7.095,2789,Operation Breakout Weapon Case
Dec 25 2024 01: +0,7.102,2710,Operation Breakout Weapon Case
Dec 26 2024 01: +0,7.045,2466,Operation Breakout Weapon Case
Dec 27 2024 01: +0,7.1,3314,Operation Breakout Weapon Case
Dec 28 2024 01: +0,7.031,2693,Operation Breakout Weapon Case
Dec 29 2024 01: +0,6.854,2363,Operation Breakout Weapon Case
Dec 30 2024 01: +0,6.753,2574,Operation Breakout Weapon Case
Dec 31 2024 01: +0,6.882,3395,Operation Breakout Weapon Case
Jan 01 2025 01: +0,6.999,3924,Operation Breakout Weapon Case
Jan 02 2025 01: +0,6.896,2409,Operation Breakout Weapon Case
Jan 03 2025 01: +0,6.891,2571,Operation Breakout Weapon Case
Jan 04 2025 01: +0,6.966,2652,Operation Breakout Weapon Case
Jan 05 2025 01: +0,6.947,2987,Operation Breakout Weapon Case
Jan 06 2025 01: +0,7.013,2610,Operation Breakout Weapon Case
Jan 07 2025 01: +0,7.08,1934,Operation Breakout Weapon Case
Jan 08 2025 01: +0,7.095,2081,Operation Breakout Weapon Case
Jan 09 2025 01: +0,7.087,2503,Operation Breakout Weapon Case
Jan 10 2025 01: +0,7.194,3394,Operation Breakout Weapon Case
Jan 11 2025 01: +0,7.174,3424,Operation Breakout Weapon Case
Jan 12 2025 01: +0,7.152,2785,Operation Breakout Weapon Case
Jan 13 2025 01: +0,7.181,2646,Operation Breakout Weapon Case
Jan 14 2025 01: +0,7.122,2367,Operation Breakout Weapon Case
Jan 15 2025 01: +0,7.09,2851,Operation Breakout Weapon Case
Jan 16 2025 01: +0,7.036,2211,Operation Breakout Weapon Case
Jan 17 2025 01: +0,7.182,2913,Operation Breakout Weapon Case
Jan 18 2025 01: +0,7.246,3074,Operation Breakout Weapon Case
Jan 19 2025 01: +0,7.313,3262,Operation Breakout Weapon Case
Jan 20 2025 01: +0,7.266,2461,Operation Breakout Weapon Case
Jan 21 2025 01: +0,7.172,2091,Operation Breakout Weapon Case
Jan 22 2025 01: +0,7.174,2261,Operation Breakout Weapon Case
Jan 23 2025 01: +0,7.328,2299,Operation Breakout Weapon Case
Jan 24 2025 01: +0,7.391,3601,Operation Breakout Weapon Case
Jan 25 2025 01: +0,7.286,2236,Operation Breakout Weapon Case
Jan 26 2025 01: +0,7.204,2560,Operation Breakout Weapon Case
Jan 27 2025 01: +0,7.088,1683,Operation Breakout Weapon Case
Jan 28 2025 01: +0,7.242,1841,Operation Breakout Weapon Case
Jan 29 2025 01: +0,7.206,1922,Operation Breakout Weapon Case
Jan 30 2025 01: +0,7.172,1837,Operation Breakout Weapon Case
Jan 31 2025 01: +0,7.217,2707,Operation Breakout Weapon Case
Feb 01 2025 01: +0,7.136,2460,Operation Breakout Weapon Case
Feb 02 2025 01: +0,7.177,2653,Operation Breakout Weapon Case
Feb 03 2025 01: +0,7.166,1886,Operation Breakout Weapon Case
Feb 04 2025 01: +0,7.228,3030,Operation Breakout Weapon Case
Feb 05 2025 01: +0,7.162,2037,Operation Breakout Weapon Case
Feb 06 2025 01: +0,7.266,2251,Operation Breakout Weapon Case
Feb 07 2025 01: +0,7.362,2365,Operation Breakout Weapon Case
Feb 08 2025 01: +0,7.352,2313,Operation Breakout Weapon Case
Feb 09 2025 01: +0,7.296,2467,Operation Breakout Weapon Case
Feb 10 2025 01: +0,7.344,1773,Operation Breakout Weapon Case
Feb 11 2025 01: +0,7.378,1809,Operation Breakout Weapon Case
Feb 12 2025 01: +0,7.391,2223,Operation Breakout Weapon Case
Feb 13 2025 01: +0,7.372,2298,Operation Breakout Weapon Case
Feb 14 2025 01: +0,7.459,2423,Operation Breakout Weapon Case
Feb 15 2025 01: +0,7.506,2637,Operation Breakout Weapon Case
Feb 16 2025 01: +0,7.512,2654,Operation Breakout Weapon Case
Feb 17 2025 01: +0,7.493,2494,Operation Breakout Weapon Case
Feb 18 2025 01: +0,7.543,2118,Operation Breakout Weapon Case
Feb 19 2025 01: +0,7.532,2028,Operation Breakout Weapon Case
Feb 20 2025 01: +0,7.612,2069,Operation Breakout Weapon Case
Feb 21 2025 01: +0,7.641,2649,Operation Breakout Weapon Case
Feb 22 2025 01: +0,7.694,2673,Operation Breakout Weapon Case
Feb 23 2025 01: +0,7.674,2233,Operation Breakout Weapon Case
Feb 24 2025 01: +0,7.624,1845,Operation Breakout Weapon Case
Feb 25 2025 01: +0,7.588,2402,Operation Breakout Weapon Case
Feb 26 2025 01: +0,7.562,2025,Operation Breakout Weapon Case
Feb 27 2025 01: +0,7.647,2278,Operation Breakout Weapon Case
Feb 28 2025 01: +0,7.684,2659,Operation Breakout Weapon Case
Mar 01 2025 01: +0,7.769,2650,Operation Breakout Weapon Case
Mar 02 2025 01: +0,7.809,2635,Operation Breakout Weapon Case
Mar 03 2025 01: +0,7.802,2218,Operation Breakout Weapon Case
Mar 04 2025 01: +0,7.956,2135,Operation Breakout Weapon Case
Mar 05 2025 01: +0,7.985,1948,Operation Breakout Weapon Case
Mar 06 2025 01: +0,8.048,2183,Operation Breakout Weapon Case
Mar 07 2025 01: +0,7.901,2105,Operation Breakout Weapon Case
Mar 08 2025 01: +0,7.964,2029,Operation Breakout Weapon Case
Mar 09 2025 01: +0,8.057,2140,Operation Breakout Weapon Case
Mar 10 2025 01: +0,7.93,1872,Operation Breakout Weapon Case
Mar 11 2025 01: +0,8.047,1670,Operation Breakout Weapon Case
Mar 12 2025 01: +0,8.115,1973,Operation Breakout Weapon Case
Mar 13 2025 01: +0,8.064,2270,Operation Breakout Weapon Case
Mar 14 2025 01: +0,7.968,2753,Operation Breakout Weapon Case
Mar 15 2025 01: +0,7.988,2893,Operation Breakout Weapon Case
Mar 16 2025 01: +0,7.837,2041,Operation Breakout Weapon Case
Mar 17 2025 01: +0,7.943,1980,Operation Breakout Weapon Case
Mar 18 2025 01: +0,7.993,2158,Operation Breakout Weapon Case
Mar 19 2025 01: +0,7.949,1937,Operation Breakout Weapon Case
Mar 20 2025 01: +0,7.765,2020,Operation Breakout Weapon Case
Mar 21 2025 01: +0,7.959,2198,Operation Breakout Weapon Case
Mar 22 2025 01: +0,8.072,2537,Operation Breakout Weapon Case
Mar 23 2025 01: +0,8.058,2723,Operation Breakout Weapon Case
Mar 24 2025 01: +0,8.153,2022,Operation Breakout Weapon Case
Mar 25 2025 01: +0,8.12,1888,Operation Breakout Weapon Case
Mar 26 2025 01: +0,8.111,1842,Operation Breakout Weapon Case
Mar 27 2025 01: +0,8.044,1723,Operation Breakout Weapon Case
Mar 28 2025 01: +0,8.032,2248,Operation Breakout Weapon Case
Mar 29 2025 01: +0,8.211,2447,Operation Breakout Weapon Case
Mar 30 2025 01: +0,8.006,1941,Operation Breakout Weapon Case
Mar 31 2025 01: +0,8.022,1829,Operation Breakout Weapon Case
Apr 01 2025 01: +0,7.794,1890,Operation Breakout Weapon Case
Apr 02 2025 01: +0,7.82,1709,Operation Breakout Weapon Case
Apr 03 2025 01: +0,7.864,2169,Operation Breakout Weapon Case
Apr 04 2025 01: +0,7.992,2198,Operation Breakout Weapon Case
Apr 05 2025 01: +0,8.106,2067,Operation Breakout Weapon Case
Apr 06 2025 01: +0,8.021,1965,Operation Breakout Weapon Case
Apr 07 2025 01: +0,8.235,1795,Operation Breakout Weapon Case
Apr 08 2025 01: +0,8.06,1164,Operation Breakout Weapon Case
Apr 09 2025 01: +0,7.851,1471,Operation Breakout Weapon Case
Apr 10 2025 01: +0,7.867,1669,Operation Breakout Weapon Case
Apr 11 2025 01: +0,8.071,1635,Operation Breakout Weapon Case
Apr 12 2025 01: +0,8.005,1817,Operation Breakout Weapon Case
Apr 13 2025 01: +0,8.115,1551,Operation Breakout Weapon Case
Apr 14 2025 01: +0,7.972,1753,Operation Breakout Weapon Case
Apr 15 2025 01: +0,7.98,1933,Operation Breakout Weapon Case
Apr 16 2025 01: +0,8.105,2480,Operation Breakout Weapon Case
Apr 17 2025 01: +0,8.142,2331,Operation Breakout Weapon Case
Apr 18 2025 01: +0,8.101,2594,Operation Breakout Weapon Case
Apr 19 2025 01: +0,8.195,2098,Operation Breakout Weapon Case
Apr 20 2025 01: +0,8.199,2345,Operation Breakout Weapon Case
Apr 21 2025 01: +0,8.239,2028,Operation Breakout Weapon Case
Apr 22 2025 01: +0,8.262,1909,Operation Breakout Weapon Case
Apr 23 2025 01: +0,8.142,1842,Operation Breakout Weapon Case
Apr 24 2025 01: +0,8.242,1940,Operation Breakout Weapon Case
Apr 25 2025 01: +0,8.358,2173,Operation Breakout Weapon Case
Apr 26 2025 01: +0,8.418,2638,Operation Breakout Weapon Case
Apr 27 2025 01: +0,8.463,1974,Operation Breakout Weapon Case
Apr 28 2025 01: +0,8.48,1953,Operation Breakout Weapon Case
Apr 29 2025 01: +0,8.689,3995,Operation Breakout Weapon Case
Apr 30 2025 01: +0,9.157,4178,Operation Breakout Weapon Case
May 01 2025 01: +0,9.395,3190,Operation Breakout Weapon Case
May 02 2025 01: +0,10.418,4200,Operation Breakout Weapon Case
May 03 2025 01: +0,10.514,2431,Operation Breakout Weapon Case
May 04 2025 01: +0,10.791,3683,Operation Breakout Weapon Case
May 05 2025 01: +0,10.373,1991,Operation Breakout Weapon Case
May 06 2025 01: +0,10.613,2117,Operation Breakout Weapon Case
May 07 2025 01: +0,10.358,1726,Operation Breakout Weapon Case
May 08 2025 01: +0,10.095,1950,Operation Breakout Weapon Case
May 09 2025 01: +0,9.675,1901,Operation Breakout Weapon Case
May 10 2025 01: +0,9.76,2251,Operation Breakout Weapon Case
May 11 2025 01: +0,9.622,1873,Operation Breakout Weapon Case
May 12 2025 01: +0,9.315,1251,Operation Breakout Weapon Case
May 13 2025 01: +0,9.29,1312,Operation Breakout Weapon Case
May 14 2025 01: +0,9.233,1444,Operation Breakout Weapon Case
May 15 2025 01: +0,9.184,1515,Operation Breakout Weapon Case
May 16 2025 01: +0,9.394,1920,Operation Breakout Weapon Case
May 17 2025 01: +0,9.391,1613,Operation Breakout Weapon Case
May 18 2025 01: +0,9.372,1715,Operation Breakout Weapon Case
May 19 2025 01: +0,9.297,1760,Operation Breakout Weapon Case
May 20 2025 01: +0,9.423,1862,Operation Breakout Weapon Case
May 21 2025 01: +0,9.309,2093,Operation Breakout Weapon Case
May 22 2025 01: +0,9.558,1995,Operation Breakout Weapon Case
May 23 2025 01: +0,9.505,1762,Operation Breakout Weapon Case
May 24 2025 01: +0,9.586,2486,Operation Breakout Weapon Case
May 25 2025 01: +0,9.708,2759,Operation Breakout Weapon Case
May 26 2025 01: +0,9.606,2069,Operation Breakout Weapon Case
May 27 2025 01: +0,9.75,2019,Operation Breakout Weapon Case
May 28 2025 01: +0,9.945,2733,Operation Breakout Weapon Case
May 29 2025 01: +0,10.155,2601,Operation Breakout Weapon Case
May 30 2025 01: +0,10.23,2198,Operation Breakout Weapon Case
May 31 2025 01: +0,10.454,2140,Operation Breakout Weapon Case
Jun 01 2025 01: +0,10.339,1930,Operation Breakout Weapon Case
Jun 02 2025 01: +0,10.409,1621,Operation Breakout Weapon Case
Jun 03 2025 01: +0,10.601,2029,Operation Breakout Weapon Case
Jun 04 2025 01: +0,10.872,2255,Operation Breakout Weapon Case
Jun 05 2025 01: +0,10.941,2703,Operation Breakout Weapon Case
Jun 06 2025 01: +0,10.988,2636,Operation Breakout Weapon Case
Jun 07 2025 01: +0,11.05,3092,Operation Breakout Weapon Case
Jun 08 2025 01: +0,10.894,2076,Operation Breakout Weapon Case
Jun 09 2025 01: +0,10.52,1841,Operation Breakout Weapon Case
Jun 10 2025 01: +0,10.731,1825,Operation Breakout Weapon Case
Jun 11 2025 01: +0,10.701,1726,Operation Breakout Weapon Case
Jun 12 2025 01: +0,10.811,1728,Operation Breakout Weapon Case
Jun 13 2025 01: +0,11.062,1857,Operation Breakout Weapon Case
Jun 14 2025 01: +0,11.198,2514,Operation Breakout Weapon Case
Jun 15 2025 01: +0,10.922,1606,Operation Breakout Weapon Case
Jun 16 2025 01: +0,10.92,1645,Operation Breakout Weapon Case
Jun 17 2025 01: +0,10.78,1387,Operation Breakout Weapon Case
Jun 18 2025 01: +0,10.692,1879,Operation Breakout Weapon Case
Jun 19 2025 01: +0,10.776,1611,Operation Breakout Weapon Case
Jun 20 2025 01: +0,10.752,1726,Operation Breakout Weapon Case
Jun 21 2025 01: +0,10.824,1974,Operation Breakout Weapon Case
Jun 22 2025 01: +0,10.633,1717,Operation Breakout Weapon Case
Jun 23 2025 01: +0,10.335,1443,Operation Breakout Weapon Case
Jun 24 2025 01: +0,10.47,1741,Operation Breakout Weapon Case
Jun 25 2025 01: +0,10.402,1724,Operation Breakout Weapon Case
Jun 26 2025 01: +0,10.374,2007,Operation Breakout Weapon Case
Jun 27 2025 01: +0,10.501,2493,Operation Breakout Weapon Case
Jun 28 2025 01: +0,10.756,3397,Operation Breakout Weapon Case
Jun 29 2025 01: +0,10.725,2291,Operation Breakout Weapon Case
Jun 30 2025 01: +0,11.096,2313,Operation Breakout Weapon Case
Jul 01 2025 01: +0,10.966,1785,Operation Breakout Weapon Case
Jul 02 2025 01: +0,11.111,2190,Operation Breakout Weapon Case
Jul 03 2025 01: +0,11.038,2595,Operation Breakout Weapon Case
Jul 04 2025 01: +0,11.308,2681,Operation Breakout Weapon Case
Jul 05 2025 01: +0,11.061,2080,Operation Breakout Weapon Case
Jul 06 2025 01: +0,11.037,2345,Operation Breakout Weapon Case
Jul 07 2025 01: +0,10.988,2335,Operation Breakout Weapon Case
Jul 08 2025 01: +0,11.058,2219,Operation Breakout Weapon Case
Jul 09 2025 01: +0,11.225,2611,Operation Breakout Weapon Case
Jul 10 2025 01: +0,11.169,2190,Operation Breakout Weapon Case
Jul 11 2025 01: +0,11.302,2707,Operation Breakout Weapon Case
Jul 12 2025 01: +0,11.621,3166,Operation Breakout Weapon Case
Jul 13 2025 01: +0,11.585,2408,Operation Breakout Weapon Case
Jul 14 2025 01: +0,11.638,2114,Operation Breakout Weapon Case
Jul 15 2025 01: +0,11.823,2075,Operation Breakout Weapon Case
Jul 16 2025 01: +0,11.998,2811,Operation Breakout Weapon Case
Jul 17 2025 01: +0,11.779,1891,Operation Breakout Weapon Case
Jul 18 2025 01: +0,11.989,1995,Operation Breakout Weapon Case
Jul 19 2025 01: +0,11.967,2151,Operation Breakout Weapon Case
Jul 20 2025 01: +0,11.976,1781,Operation Breakout Weapon Case
Jul 21 2025 01: +0,11.628,1499,Operation Breakout Weapon Case
Jul 22 2025 01: +0,11.43,1480,Operation Breakout Weapon Case
Jul 23 2025 01: +0,11.6,1622,Operation Breakout Weapon Case
Jul 24 2025 01: +0,11.422,1345,Operation Breakout Weapon Case
Jul 25 2025 01: +0,11.637,1699,Operation Breakout Weapon Case
Jul 26 2025 01: +0,11.495,1757,Operation Breakout Weapon Case
Jul 27 2025 01: +0,11.481,1645,Operation Breakout Weapon Case
Jul 28 2025 01: +0,11.436,1840,Operation Breakout Weapon Case
Jul 29 2025 01: +0,11.425,1736,Operation Breakout Weapon Case
Jul 30 2025 01: +0,11.51,1969,Operation Breakout Weapon Case
Jul 31 2025 01: +0,11.59,1935,Operation Breakout Weapon Case
Aug 01 2025 01: +0,11.401,1829,Operation Breakout Weapon Case
Aug 02 2025 01: +0,12.008,2759,Operation Breakout Weapon Case
Aug 03 2025 01: +0,11.749,1713,Operation Breakout Weapon Case
Aug 04 2025 01: +0,11.676,1576,Operation Breakout Weapon Case
Aug 05 2025 01: +0,11.617,1346,Operation Breakout Weapon Case
Aug 06 2025 01: +0,11.577,1268,Operation Breakout Weapon Case
Aug 07 2025 01: +0,11.269,1565,Operation Breakout Weapon Case
Aug 08 2025 01: +0,10.85,1627,Operation Breakout Weapon Case
Aug 09 2025 01: +0,11.334,1627,Operation Breakout Weapon Case
Aug 10 2025 01: +0,11.284,1942,Operation Breakout Weapon Case
Aug 11 2025 01: +0,11.328,1534,Operation Breakout Weapon Case
Aug 12 2025 01: +0,11.279,1656,Operation Breakout Weapon Case
Aug 13 2025 01: +0,11.201,1533,Operation Breakout Weapon Case
Aug 14 2025 01: +0,11.117,1599,Operation Breakout Weapon Case
Aug 15 2025 01: +0,11.107,1604,Operation Breakout Weapon Case
Aug 16 2025 01: +0,11.229,2046,Operation Breakout Weapon Case
Aug 17 2025 01: +0,11.068,1766,Operation Breakout Weapon Case
Aug 18 2025 01: +0,11.159,1455,Operation Breakout Weapon Case
Aug 19 2025 01: +0,10.935,1330,Operation Breakout Weapon Case
Aug 20 2025 01: +0,11.043,1748,Operation Breakout Weapon Case
Aug 21 2025 01: +0,10.938,1949,Operation Breakout Weapon Case
Aug 22 2025 01: +0,11.24,2726,Operation Breakout Weapon Case
Aug 23 2025 01: +0,10.938,2161,Operation Breakout Weapon Case
Aug 24 2025 01: +0,10.82,1664,Operation Breakout Weapon Case
Aug 25 2025 01: +0,10.882,1784,Operation Breakout Weapon Case
Aug 26 2025 01: +0,10.893,1391,Operation Breakout Weapon Case
Aug 27 2025 01: +0,10.727,2131,Operation Breakout Weapon Case
Aug 28 2025 01: +0,10.67,1611,Operation Breakout Weapon Case
Aug 29 2025 01: +0,10.84,2659,Operation Breakout Weapon Case
Aug 30 2025 01: +0,10.925,2384,Operation Breakout Weapon Case
Aug 31 2025 01: +0,10.901,2055,Operation Breakout Weapon Case
Sep 01 2025 01: +0,10.883,1958,Operation Breakout Weapon Case
Sep 02 2025 01: +0,10.598,1609,Operation Breakout Weapon Case
Sep 03 2025 01: +0,10.562,1670,Operation Breakout Weapon Case
Sep 04 2025 01: +0,10.525,1862,Operation Breakout Weapon Case
Sep 05 2025 01: +0,10.769,1941,Operation Breakout Weapon Case
Sep 06 2025 01: +0,10.87,1938,Operation Breakout Weapon Case
Sep 07 2025 01: +0,10.774,2007,Operation Breakout Weapon Case
Sep 08 2025 01: +0,10.667,1624,Operation Breakout Weapon Case
Sep 09 2025 01: +0,10.408,1475,Operation Breakout Weapon Case
Sep 10 2025 01: +0,10.385,1716,Operation Breakout Weapon Case
Sep 11 2025 01: +0,10.069,2266,Operation Breakout Weapon Case
Sep 12 2025 01: +0,10.06,2029,Operation Breakout Weapon Case
Sep 13 2025 01: +0,9.979,2157,Operation Breakout Weapon Case
Sep 14 2025 01: +0,9.971,1947,Operation Breakout Weapon Case
Sep 15 2025 01: +0,9.849,1565,Operation Breakout Weapon Case
Sep 16 2025 01: +0,9.917,1679,Operation Breakout Weapon Case
Sep 17 2025 01: +0,9.777,2303,Operation Breakout Weapon Case
Sep 18 2025 01: +0,9.732,2332,Operation Breakout Weapon Case
Sep 19 2025 01: +0,9.568,2256,Operation Breakout Weapon Case
Sep 20 2025 01: +0,9.505,1907,Operation Breakout Weapon Case
Sep 21 2025 01: +0,9.4,1950,Operation Breakout Weapon Case
Sep 22 2025 01: +0,9.37,1978,Operation Breakout Weapon Case
Sep 23 2025 01: +0,9.274,1964,Operation Breakout Weapon Case
Sep 24 2025 01: +0,9.229,2059,Operation Breakout Weapon Case
Sep 25 2025 01: +0,9.334,3148,Operation Breakout Weapon Case
Sep 26 2025 01: +0,9.256,2745,Operation Breakout Weapon Case
Sep 27 2025 01: +0,9.153,3054,Operation Breakout Weapon Case
Sep 28 2025 01: +0,9.157,2866,Operation Breakout Weapon Case
Sep 29 2025 01: +0,8.905,2444,Operation Breakout Weapon Case
Sep 30 2025 01: +0,8.831,2722,Operation Breakout Weapon Case
Oct 01 2025 01: +0,8.866,2248,Operation Breakout Weapon Case
Oct 02 2025 01: +0,8.835,2676,Operation Breakout Weapon Case
Oct 03 2025 01: +0,8.986,3176,Operation Breakout Weapon Case
Oct 04 2025 01: +0,9.183,2865,Operation Breakout Weapon Case
Oct 05 2025 01: +0,9.032,2467,Operation Breakout Weapon Case
Oct 06 2025 01: +0,8.869,2100,Operation Breakout Weapon Case
Oct 07 2025 01: +0,8.872,1850,Operation Breakout Weapon Case
Oct 08 2025 01: +0,8.905,2159,Operation Breakout Weapon Case
Oct 09 2025 01: +0,8.83,2291,Operation Breakout Weapon Case
Oct 10 2025 01: +0,8.735,3522,Operation Breakout Weapon Case
Oct 11 2025 01: +0,8.708,3091,Operation Breakout Weapon Case
Oct 12 2025 01: +0,8.788,2483,Operation Breakout Weapon Case
Oct 13 2025 01: +0,8.779,1799,Operation Breakout Weapon Case
Oct 14 2025 01: +0,8.893,2529,Operation Breakout Weapon Case
Oct 15 2025 01: +0,8.988,2514,Operation Breakout Weapon Case
Oct 16 2025 01: +0,9.034,2235,Operation Breakout Weapon Case
Oct 17 2025 01: +0,9.405,2801,Operation Breakout Weapon Case
Oct 18 2025 01: +0,9.421,2163,Operation Breakout Weapon Case
Oct 19 2025 01: +0,9.617,2956,Operation Breakout Weapon Case
Oct 20 2025 01: +0,9.582,2489,Operation Breakout Weapon Case
Oct 21 2025 01: +0,9.609,2103,Operation Breakout Weapon Case
Oct 22 2025 01: +0,9.368,2040,Operation Breakout Weapon Case
Oct 23 2025 01: +0,8.978,20061,Operation Breakout Weapon Case
Oct 24 2025 01: +0,7.476,13929,Operation Breakout Weapon Case
Oct 25 2025 01: +0,8.84,7970,Operation Breakout Weapon Case
Oct 26 2025 01: +0,9.553,5054,Operation Breakout Weapon Case
Oct 27 2025 01: +0,9.361,3830,Operation Breakout Weapon Case
Oct 28 2025 01: +0,8.654,3622,Operation Breakout Weapon Case
Oct 29 2025 01: +0,8.184,3426,Operation Breakout Weapon Case
Oct 30 2025 01: +0,8.631,5841,Operation Breakout Weapon Case
Oct 31 2025 01: +0,9.652,7303,Operation Breakout Weapon Case
Nov 01 2025 01: +0,10.704,7234,Operation Breakout Weapon Case
Nov 02 2025 01: +0,11.596,6892,Operation Breakout Weapon Case
Nov 03 2025 01: +0,11.57,3991,Operation Breakout Weapon Case
Nov 04 2025 01: +0,11.406,3188,Operation Breakout Weapon Case
Nov 05 2025 01: +0,11.256,2910,Operation Breakout Weapon Case
Nov 06 2025 01: +0,11.245,2956,Operation Breakout Weapon Case
Nov 07 2025 01: +0,11.086,3273,Operation Breakout Weapon Case
Nov 08 2025 01: +0,10.696,3537,Operation Breakout Weapon Case
Nov 09 2025 01: +0,10.395,2888,Operation Breakout Weapon Case
Nov 10 2025 01: +0,9.917,2899,Operation Breakout Weapon Case
Nov 11 2025 01: +0,9.884,3086,Operation Breakout Weapon Case
Nov 12 2025 01: +0,9.652,2780,Operation Breakout Weapon Case
Nov 13 2025 01: +0,9.243,3156,Operation Breakout Weapon Case
Nov 14 2025 01: +0,9.23,2422,Operation Breakout Weapon Case
Nov 15 2025 01: +0,9.192,2481,Operation Breakout Weapon Case
Nov 16 2025 01: +0,9.142,2230,Operation Breakout Weapon Case
Nov 17 2025 01: +0,9.077,2106,Operation Breakout Weapon Case
Nov 18 2025 01: +0,8.864,1919,Operation Breakout Weapon Case
Nov 19 2025 01: +0,8.942,2344,Operation Breakout Weapon Case
Nov 20 2025 01: +0,9.123,2581,Operation Breakout Weapon Case
Nov 21 2025 01: +0,9.039,2024,Operation Breakout Weapon Case
Nov 22 2025 01: +0,9.212,2707,Operation Breakout Weapon Case
Nov 23 2025 01: +0,9.055,2256,Operation Breakout Weapon Case
Nov 24 2025 01: +0,9.003,2064,Operation Breakout Weapon Case
Nov 25 2025 01: +0,9.144,2270,Operation Breakout Weapon Case
Nov 26 2025 01: +0,9.148,2404,Operation Breakout Weapon Case
Nov 27 2025 01: +0,9.346,3005,Operation Breakout Weapon Case
Nov 28 2025 01: +0,9.766,4048,Operation Breakout Weapon Case
Nov 29 2025 01: +0,10.268,3238,Operation Breakout Weapon Case
Nov 30 2025 01: +0,10.143,3011,Operation Breakout Weapon Case
Dec 01 2025 01: +0,10.154,2175,Operation Breakout Weapon Case
Dec 02 2025 01: +0,10.77,5768,Operation Breakout Weapon Case
Dec 03 2025 01: +0,10.909,2558,Operation Breakout Weapon Case
Dec 04 2025 01: +0,10.842,1611,Operation Breakout Weapon Case
Dec 05 2025 01: +0,10.664,1731,Operation Breakout Weapon Case
Dec 06 2025 01: +0,10.372,1688,Operation Breakout Weapon Case
Dec 07 2025 01: +0,9.944,1641,Operation Breakout Weapon Case
Dec 08 2025 01: +0,9.998,1887,Operation Breakout Weapon Case
Dec 09 2025 01: +0,10.033,1532,Operation Breakout Weapon Case
Dec 10 2025 01: +0,9.961,1707,Operation Breakout Weapon Case
Dec 11 2025 01: +0,9.746,1612,Operation Breakout Weapon Case
Dec 12 2025 01: +0,9.818,1626,Operation Breakout Weapon Case
Dec 13 2025 01: +0,9.863,2023,Operation Breakout Weapon Case
Dec 14 2025 01: +0,10.09,2275,Operation Breakout Weapon Case
Dec 15 2025 01: +0,9.977,1408,Operation Breakout Weapon Case
Dec 16 2025 01: +0,9.698,1306,Operation Breakout Weapon Case
Dec 17 2025 01: +0,9.819,1791,Operation Breakout Weapon Case
Dec 18 2025 01: +0,9.683,2425,Operation Breakout Weapon Case
Dec 19 2025 01: +0,10.583,4307,Operation Breakout Weapon Case
Dec 20 2025 01: +0,10.139,1973,Operation Breakout Weapon Case
Dec 21 2025 01: +0,10.009,2004,Operation Breakout Weapon Case
Dec 22 2025 01: +0,10.208,2130,Operation Breakout Weapon Case
Dec 23 2025 01: +0,10.698,3137,Operation Breakout Weapon Case
Dec 24 2025 01: +0,10.69,1697,Operation Breakout Weapon Case
Dec 25 2025 01: +0,10.759,2244,Operation Breakout Weapon Case
Dec 26 2025 01: +0,10.738,2136,Operation Breakout Weapon Case
Dec 27 2025 01: +0,10.366,1840,Operation Breakout Weapon Case
Dec 28 2025 01: +0,10.078,2029,Operation Breakout Weapon Case
Dec 29 2025 01: +0,10.206,1883,Operation Breakout Weapon Case
Dec 30 2025 01: +0,10.114,1705,Operation Breakout Weapon Case
Dec 31 2025 01: +0,10.51,2127,Operation Breakout Weapon Case
Jan 01 2026 01: +0,10.381,2001,Operation Breakout Weapon Case
Jan 02 2026 01: +0,10.263,1862,Operation Breakout Weapon Case
Jan 03 2026 01: +0,10.307,1994,Operation Breakout Weapon Case
Jan 04 2026 01: +0,10.206,2044,Operation Breakout Weapon Case
Jan 05 2026 01: +0,10.036,1868,Operation Breakout Weapon Case
Jan 06 2026 01: +0,10.307,1441,Operation Breakout Weapon Case
Jan 07 2026 01: +0,10.379,1840,Operation Breakout Weapon Case
Jan 08 2026 01: +0,10.458,1567,Operation Breakout Weapon Case
Jan 09 2026 01: +0,10.353,1621,Operation Breakout Weapon Case
Jan 10 2026 01: +0,10.208,1898,Operation Breakout Weapon Case
Jan 11 2026 01: +0,10.283,1627,Operation Breakout Weapon Case
Jan 12 2026 01: +0,10.193,1545,Operation Breakout Weapon Case
Jan 13 2026 01: +0,10.044,1236,Operation Breakout Weapon Case
Jan 14 2026 01: +0,10.231,2055,Operation Breakout Weapon Case
Jan 15 2026 01: +0,10.295,1730,Operation Breakout Weapon Case
Jan 16 2026 01: +0,10.424,2021,Operation Breakout Weapon Case
Jan 17 2026 01: +0,10.56,2124,Operation Breakout Weapon Case
Jan 18 2026 01: +0,10.296,1522,Operation Breakout Weapon Case
Jan 19 2026 01: +0,10.261,1705,Operation Breakout Weapon Case
Jan 20 2026 01: +0,10.315,1358,Operation Breakout Weapon Case
Jan 21 2026 01: +0,10.445,1619,Operation Breakout Weapon Case
Jan 22 2026 01: +0,10.309,2098,Operation Breakout Weapon Case
Jan 23 2026 01: +0,10.374,1606,Operation Breakout Weapon Case
Jan 24 2026 01: +0,10.238,2100,Operation Breakout Weapon Case
Jan 25 2026 01: +0,10.089,1498,Operation Breakout Weapon Case
Jan 26 2026 01: +0,10.096,1456,Operation Breakout Weapon Case
Jan 27 2026 01: +0,10.13,1726,Operation Breakout Weapon Case
Jan 28 2026 01: +0,10.315,1726,Operation Breakout Weapon Case
Jan 29 2026 01: +0,10.392,1885,Operation Breakout Weapon Case
Jan 30 2026 01: +0,10.423,2264,Operation Breakout Weapon Case
Jan 31 2026 01: +0,10.406,2810,Operation Breakout Weapon Case
Feb 01 2026 01: +0,10.375,2012,Operation Breakout Weapon Case
Feb 02 2026 01: +0,10.516,2200,Operation Breakout Weapon Case
Feb 03 2026 01: +0,10.645,2074,Operation Breakout Weapon Case
Feb 04 2026 01: +0,10.691,2243,Operation Breakout Weapon Case
Feb 05 2026 01: +0,10.419,1762,Operation Breakout Weapon Case
Feb 06 2026 01: +0,10.457,1644,Operation Breakout Weapon Case
Feb 07 2026 01: +0,10.633,2430,Operation Breakout Weapon Case
Feb 08 2026 01: +0,10.31,1961,Operation Breakout Weapon Case
Feb 09 2026 01: +0,10.103,1480,Operation Breakout Weapon Case
Feb 10 2026 01: +0,10.328,1580,Operation Breakout Weapon Case
Feb 11 2026 01: +0,10.105,1622,Operation Breakout Weapon Case
Feb 12 2026 01: +0,10.21,2113,Operation Breakout Weapon Case
Feb 13 2026 01: +0,10.336,2190,Operation Breakout Weapon Case
Feb 14 2026 01: +0,10.389,2324,Operation Breakout Weapon Case
Feb 15 2026 01: +0,10.42,2356,Operation Breakout Weapon Case
Feb 16 2026 01: +0,10.339,2270,Operation Breakout Weapon Case
Feb 17 2026 01: +0,10.395,1747,Operation Breakout Weapon Case
Feb 18 2026 01: +0,10.447,1697,Operation Breakout Weapon Case
Feb 19 2026 01: +0,10.457,2032,Operation Breakout Weapon Case
Feb 20 2026 01: +0,10.503,1787,Operation Breakout Weapon Case
Feb 21 2026 01: +0,10.494,2324,Operation Breakout Weapon Case
Feb 22 2026 01: +0,10.451,2669,Operation Breakout Weapon Case
Feb 23 2026 01: +0,10.76,2503,Operation Breakout Weapon Case
Feb 24 2026 01: +0,10.675,1743,Operation Breakout Weapon Case
Feb 25 2026 01: +0,10.702,2036,Operation Breakout Weapon Case
Feb 26 2026 01: +0,10.715,1993,Operation Breakout Weapon Case
Feb 27 2026 01: +0,10.981,3432,Operation Breakout Weapon Case
Feb 28 2026 01: +0,11.242,2653,Operation Breakout Weapon Case
Mar 01 2026 01: +0,11.063,2024,Operation Breakout Weapon Case
Mar 02 2026 01: +0,10.922,1712,Operation Breakout Weapon Case
Mar 03 2026 01: +0,10.926,1629,Operation Breakout Weapon Case
Mar 04 2026 01: +0,11.114,1662,Operation Breakout Weapon Case
Mar 05 2026 01: +0,10.758,1534,Operation Breakout Weapon Case
Mar 06 2026 01: +0,10.912,1987,Operation Breakout Weapon Case
Mar 07 2026 01: +0,10.663,2816,Operation Breakout Weapon Case
Mar 08 2026 01: +0,11.086,2840,Operation Breakout Weapon Case
Mar 09 2026 01: +0,10.832,1966,Operation Breakout Weapon Case
Mar 10 2026 01: +0,10.957,1950,Operation Breakout Weapon Case
Mar 11 2026 01: +0,10.605,1925,Operation Breakout Weapon Case
Mar 12 2026 01: +0,10.836,3123,Operation Breakout Weapon Case
Mar 13 2026 01: +0,10.957,2257,Operation Breakout Weapon Case
Mar 14 2026 01: +0,10.767,2745,Operation Breakout Weapon Case
Mar 15 2026 01: +0,10.85,2388,Operation Breakout Weapon Case
Mar 16 2026 01: +0,10.816,2097,Operation Breakout Weapon Case
Mar 17 2026 01: +0,10.619,2320,Operation Breakout Weapon Case
Mar 18 2026 01: +0,10.848,2383,Operation Breakout Weapon Case
Mar 19 2026 01: +0,10.896,2592,Operation Breakout Weapon Case
Mar 20 2026 01: +0,10.611,2457,Operation Breakout Weapon Case
Mar 21 2026 01: +0,10.507,2626,Operation Breakout Weapon Case
Mar 22 2026 01: +0,10.458,2519,Operation Breakout Weapon Case
Mar 23 2026 01: +0,10.263,1967,Operation Breakout Weapon Case
Mar 24 2026 01: +0,10.277,2154,Operation Breakout Weapon Case
Mar 25 2026 01: +0,10.395,2361,Operation Breakout Weapon Case
Mar 26 2026 01: +0,10.288,2434,Operation Breakout Weapon Case
Mar 27 2026 01: +0,10.552,2621,Operation Breakout Weapon Case
Mar 28 2026 01: +0,10.629,2739,Operation Breakout Weapon Case
Mar 29 2026 01: +0,10.741,2631,Operation Breakout Weapon Case
Mar 30 2026 01: +0,10.783,2422,Operation Breakout Weapon Case
Mar 31 2026 01: +0,10.925,2877,Operation Breakout Weapon Case
Apr 01 2026 01: +0,11.01,2554,Operation Breakout Weapon Case
Apr 02 2026 01: +0,11.226,2627,Operation Breakout Weapon Case
Apr 03 2026 01: +0,11.153,3195,Operation Breakout Weapon Case
Apr 04 2026 01: +0,11.116,2680,Operation Breakout Weapon Case
Apr 05 2026 01: +0,11.099,2608,Operation Breakout Weapon Case
Apr 06 2026 01: +0,10.922,2421,Operation Breakout Weapon Case
Apr 07 2026 01: +0,11.111,2052,Operation Breakout Weapon Case
Apr 08 2026 01: +0,11.005,2359,Operation Breakout Weapon Case
Apr 09 2026 01: +0,11.13,2127,Operation Breakout Weapon Case
Apr 10 2026 01: +0,11.189,2920,Operation Breakout Weapon Case
Apr 11 2026 01: +0,11.265,3237,Operation Breakout Weapon Case
Apr 12 2026 01: +0,11.248,1227,Operation Breakout Weapon Case
Apr 12 2026 14: +0,11.369,104,Operation Breakout Weapon Case
Apr 12 2026 15: +0,11.38,91,Operation Breakout Weapon Case
Apr 12 2026 16: +0,10.912,71,Operation Breakout Weapon Case
Apr 12 2026 17: +0,11.361,141,Operation Breakout Weapon Case
Apr 12 2026 18: +0,11.37,93,Operation Breakout Weapon Case
Apr 12 2026 19: +0,10.885,120,Operation Breakout Weapon Case
Apr 12 2026 20: +0,11.424,167,Operation Breakout Weapon Case
Apr 12 2026 21: +0,11.378,135,Operation Breakout Weapon Case
Apr 12 2026 22: +0,11.426,77,Operation Breakout Weapon Case
Apr 12 2026 23: +0,11.409,94,Operation Breakout Weapon Case
Apr 13 2026 00: +0,11.351,73,Operation Breakout Weapon Case
Apr 13 2026 01: +0,11.402,75,Operation Breakout Weapon Case
Apr 13 2026 02: +0,11.428,72,Operation Breakout Weapon Case
Apr 13 2026 03: +0,11.429,58,Operation Breakout Weapon Case
Apr 13 2026 04: +0,11.429,83,Operation Breakout Weapon Case
Apr 13 2026 05: +0,11.426,70,Operation Breakout Weapon Case
Apr 13 2026 06: +0,11.429,47,Operation Breakout Weapon Case
Apr 13 2026 07: +0,11.429,36,Operation Breakout Weapon Case
Apr 13 2026 08: +0,11.149,67,Operation Breakout Weapon Case
Apr 13 2026 09: +0,11.399,36,Operation Breakout Weapon Case
Apr 13 2026 10: +0,11.318,37,Operation Breakout Weapon Case
Apr 13 2026 11: +0,10.104,50,Operation Breakout Weapon Case
Apr 13 2026 12: +0,9.947,62,Operation Breakout Weapon Case
Apr 13 2026 13: +0,10.942,32,Operation Breakout Weapon Case
Apr 13 2026 14: +0,10.962,82,Operation Breakout Weapon Case
Apr 13 2026 15: +0,10.962,71,Operation Breakout Weapon Case
Apr 13 2026 16: +0,11.061,105,Operation Breakout Weapon Case
Apr 13 2026 17: +0,11.131,103,Operation Breakout Weapon Case
Apr 13 2026 18: +0,11.001,125,Operation Breakout Weapon Case
Apr 13 2026 19: +0,11.085,110,Operation Breakout Weapon Case
Apr 13 2026 20: +0,11.31,159,Operation Breakout Weapon Case
Apr 13 2026 21: +0,11.28,140,Operation Breakout Weapon Case
Apr 13 2026 22: +0,11.038,84,Operation Breakout Weapon Case
Apr 13 2026 23: +0,11.378,134,Operation Breakout Weapon Case
Apr 14 2026 00: +0,11.378,53,Operation Breakout Weapon Case
Apr 14 2026 01: +0,11.361,95,Operation Breakout Weapon Case
Apr 14 2026 02: +0,11.378,96,Operation Breakout Weapon Case
Apr 14 2026 03: +0,11.369,42,Operation Breakout Weapon Case
Apr 14 2026 04: +0,11.379,51,Operation Breakout Weapon Case
Apr 14 2026 05: +0,11.395,90,Operation Breakout Weapon Case
Apr 14 2026 06: +0,11.376,44,Operation Breakout Weapon Case
Apr 14 2026 07: +0,11.366,39,Operation Breakout Weapon Case
Apr 14 2026 08: +0,11.363,28,Operation Breakout Weapon Case
Apr 14 2026 09: +0,11.041,30,Operation Breakout Weapon Case
Apr 14 2026 10: +0,11.274,37,Operation Breakout Weapon Case
Apr 14 2026 11: +0,11.276,69,Operation Breakout Weapon Case
Apr 14 2026 12: +0,11.26,51,Operation Breakout Weapon Case
Apr 14 2026 13: +0,11.182,77,Operation Breakout Weapon Case
Apr 14 2026 14: +0,11.174,80,Operation Breakout Weapon Case
Apr 14 2026 15: +0,11.253,96,Operation Breakout Weapon Case
Apr 14 2026 16: +0,11.092,74,Operation Breakout Weapon Case
Apr 14 2026 17: +0,11.141,99,Operation Breakout Weapon Case
Apr 14 2026 18: +0,11.127,72,Operation Breakout Weapon Case
Apr 14 2026 19: +0,11.301,83,Operation Breakout Weapon Case
Apr 14 2026 20: +0,11.121,81,Operation Breakout Weapon Case
Apr 14 2026 21: +0,11.322,211,Operation Breakout Weapon Case
Apr 14 2026 22: +0,11.369,127,Operation Breakout Weapon Case
Apr 14 2026 23: +0,11.429,52,Operation Breakout Weapon Case
Apr 15 2026 00: +0,11.441,92,Operation Breakout Weapon Case
Apr 15 2026 01: +0,11.463,122,Operation Breakout Weapon Case
Apr 15 2026 02: +0,11.454,71,Operation Breakout Weapon Case
Apr 15 2026 03: +0,11.463,70,Operation Breakout Weapon Case
Apr 15 2026 04: +0,11.494,61,Operation Breakout Weapon Case
Apr 15 2026 05: +0,11.497,79,Operation Breakout Weapon Case
Apr 15 2026 06: +0,11.488,96,Operation Breakout Weapon Case
Apr 15 2026 07: +0,11.488,50,Operation Breakout Weapon Case
Apr 15 2026 08: +0,11.038,62,Operation Breakout Weapon Case
Apr 15 2026 09: +0,11.371,56,Operation Breakout Weapon Case
Apr 15 2026 10: +0,11.227,41,Operation Breakout Weapon Case
Apr 15 2026 11: +0,11.208,88,Operation Breakout Weapon Case
Apr 15 2026 12: +0,11.174,31,Operation Breakout Weapon Case
Apr 15 2026 13: +0,11.028,53,Operation Breakout Weapon Case
Apr 15 2026 14: +0,10.693,54,Operation Breakout Weapon Case
Apr 15 2026 15: +0,10.937,58,Operation Breakout Weapon Case
Apr 15 2026 16: +0,11.185,26,Operation Breakout Weapon Case
Apr 15 2026 17: +0,11.173,96,Operation Breakout Weapon Case
Apr 15 2026 18: +0,10.995,66,Operation Breakout Weapon Case
Apr 15 2026 19: +0,11.058,119,Operation Breakout Weapon Case
Apr 15 2026 20: +0,11.191,149,Operation Breakout Weapon Case
Apr 15 2026 21: +0,11.182,101,Operation Breakout Weapon Case
Apr 15 2026 22: +0,11.213,165,Operation Breakout Weapon Case
Apr 15 2026 23: +0,11.276,80,Operation Breakout Weapon Case
Apr 16 2026 00: +0,11.276,100,Operation Breakout Weapon Case
Apr 16 2026 01: +0,11.276,80,Operation Breakout Weapon Case
Apr 16 2026 02: +0,11.293,91,Operation Breakout Weapon Case
Apr 16 2026 03: +0,11.378,152,Operation Breakout Weapon Case
Apr 16 2026 04: +0,11.42,88,Operation Breakout Weapon Case
Apr 16 2026 05: +0,11.403,69,Operation Breakout Weapon Case
Apr 16 2026 06: +0,11.389,44,Operation Breakout Weapon Case
Apr 16 2026 07: +0,11.386,52,Operation Breakout Weapon Case
Apr 16 2026 08: +0,11.194,46,Operation Breakout Weapon Case
Apr 16 2026 09: +0,11.106,37,Operation Breakout Weapon Case
Apr 16 2026 10: +0,11.02,37,Operation Breakout Weapon Case
Apr 16 2026 11: +0,11.153,112,Operation Breakout Weapon Case
Apr 16 2026 12: +0,11.21,67,Operation Breakout Weapon Case
Apr 16 2026 13: +0,11.052,63,Operation Breakout Weapon Case
Apr 16 2026 14: +0,10.8,74,Operation Breakout Weapon Case
Apr 16 2026 15: +0,11.06,94,Operation Breakout Weapon Case
Apr 16 2026 16: +0,11.172,154,Operation Breakout Weapon Case
Apr 16 2026 17: +0,11.181,124,Operation Breakout Weapon Case
Apr 16 2026 18: +0,11.31,158,Operation Breakout Weapon Case
Apr 16 2026 19: +0,11.349,126,Operation Breakout Weapon Case
Apr 16 2026 20: +0,11.351,184,Operation Breakout Weapon Case
Apr 16 2026 21: +0,11.361,186,Operation Breakout Weapon Case
Apr 16 2026 22: +0,11.33,138,Operation Breakout Weapon Case
Apr 16 2026 23: +0,11.32,105,Operation Breakout Weapon Case
Apr 17 2026 00: +0,11.352,79,Operation Breakout Weapon Case
Apr 17 2026 01: +0,11.369,293,Operation Breakout Weapon Case
Apr 17 2026 02: +0,11.378,117,Operation Breakout Weapon Case
Apr 17 2026 03: +0,11.395,120,Operation Breakout Weapon Case
Apr 17 2026 04: +0,11.4,31,Operation Breakout Weapon Case
Apr 17 2026 05: +0,11.386,49,Operation Breakout Weapon Case
Apr 17 2026 06: +0,11.25,69,Operation Breakout Weapon Case
Apr 17 2026 07: +0,11.25,45,Operation Breakout Weapon Case
Apr 17 2026 08: +0,10.94,46,Operation Breakout Weapon Case
Apr 17 2026 09: +0,10.86,28,Operation Breakout Weapon Case
Apr 17 2026 10: +0,9.73,49,Operation Breakout Weapon Case
Apr 17 2026 11: +0,10.299,81,Operation Breakout Weapon Case
Apr 17 2026 12: +0,10.746,45,Operation Breakout Weapon Case
Apr 17 2026 13: +0,11.08,187,Operation Breakout Weapon Case
Apr 17 2026 14: +0,11.013,71,Operation Breakout Weapon Case
Apr 17 2026 15: +0,10.655,66,Operation Breakout Weapon Case
Apr 17 2026 16: +0,11.13,83,Operation Breakout Weapon Case
Apr 17 2026 17: +0,11.106,95,Operation Breakout Weapon Case
Apr 17 2026 18: +0,11.14,98,Operation Breakout Weapon Case
Apr 17 2026 19: +0,11.042,112,Operation Breakout Weapon Case
Apr 17 2026 20: +0,11.2,99,Operation Breakout Weapon Case
Apr 17 2026 21: +0,11.185,115,Operation Breakout Weapon Case
Apr 17 2026 22: +0,11.225,135,Operation Breakout Weapon Case
Apr 17 2026 23: +0,11.284,132,Operation Breakout Weapon Case
Apr 18 2026 00: +0,11.267,112,Operation Breakout Weapon Case
Apr 18 2026 01: +0,11.301,132,Operation Breakout Weapon Case
Apr 18 2026 02: +0,11.327,81,Operation Breakout Weapon Case
Apr 18 2026 03: +0,11.148,108,Operation Breakout Weapon Case
Apr 18 2026 04: +0,11.327,99,Operation Breakout Weapon Case
Apr 18 2026 05: +0,11.318,87,Operation Breakout Weapon Case
Apr 18 2026 06: +0,11.293,51,Operation Breakout Weapon Case
Apr 18 2026 07: +0,11.327,158,Operation Breakout Weapon Case
Apr 18 2026 08: +0,11.254,93,Operation Breakout Weapon Case
Apr 18 2026 09: +0,11.03,69,Operation Breakout Weapon Case
Apr 18 2026 10: +0,11.081,95,Operation Breakout Weapon Case
Apr 18 2026 11: +0,11.255,113,Operation Breakout Weapon Case
Apr 18 2026 12: +0,11.273,105,Operation Breakout Weapon Case
Apr 18 2026 13: +0,11.269,118,Operation Breakout Weapon Case
Apr 18 2026 14: +0,10.898,72,Operation Breakout Weapon Case
Apr 18 2026 15: +0,10.741,86,Operation Breakout Weapon Case
Apr 18 2026 16: +0,11.131,39,Operation Breakout Weapon Case
Apr 18 2026 17: +0,11.067,58,Operation Breakout Weapon Case
Apr 18 2026 18: +0,11.191,117,Operation Breakout Weapon Case
Apr 18 2026 19: +0,11.199,104,Operation Breakout Weapon Case
Apr 18 2026 20: +0,11.242,113,Operation Breakout Weapon Case
Apr 18 2026 21: +0,11.245,137,Operation Breakout Weapon Case
Apr 18 2026 22: +0,11.276,152,Operation Breakout Weapon Case
Apr 18 2026 23: +0,11.275,81,Operation Breakout Weapon Case
Apr 19 2026 00: +0,11.275,106,Operation Breakout Weapon Case
Apr 19 2026 01: +0,11.296,113,Operation Breakout Weapon Case
Apr 19 2026 02: +0,11.293,110,Operation Breakout Weapon Case
Apr 19 2026 03: +0,11.301,91,Operation Breakout Weapon Case
Apr 19 2026 04: +0,11.335,65,Operation Breakout Weapon Case
Apr 19 2026 05: +0,11.344,88,Operation Breakout Weapon Case
Apr 19 2026 06: +0,11.349,85,Operation Breakout Weapon Case
Apr 19 2026 07: +0,11.347,57,Operation Breakout Weapon Case
Apr 19 2026 08: +0,11.089,71,Operation Breakout Weapon Case
Apr 19 2026 09: +0,11.335,128,Operation Breakout Weapon Case
Apr 19 2026 10: +0,11.047,78,Operation Breakout Weapon Case
Apr 19 2026 11: +0,11.205,89,Operation Breakout Weapon Case
Apr 19 2026 12: +0,11.173,56,Operation Breakout Weapon Case
Apr 19 2026 13: +0,11.089,75,Operation Breakout Weapon Case
Apr 19 2026 14: +0,11.18,80,Operation Breakout Weapon Case
Apr 19 2026 15: +0,11.225,83,Operation Breakout Weapon Case
Apr 19 2026 16: +0,11.263,85,Operation Breakout Weapon Case
Apr 19 2026 17: +0,11.155,60,Operation Breakout Weapon Case
Apr 19 2026 18: +0,11.325,154,Operation Breakout Weapon Case
Apr 19 2026 19: +0,11.327,143,Operation Breakout Weapon Case
Apr 19 2026 20: +0,11.369,122,Operation Breakout Weapon Case
Apr 19 2026 21: +0,11.341,96,Operation Breakout Weapon Case
Apr 19 2026 22: +0,11.386,84,Operation Breakout Weapon Case
Apr 19 2026 23: +0,11.395,108,Operation Breakout Weapon Case
Apr 20 2026 00: +0,11.396,124,Operation Breakout Weapon Case
Apr 20 2026 01: +0,11.361,53,Operation Breakout Weapon Case
Apr 20 2026 02: +0,11.361,59,Operation Breakout Weapon Case
Apr 20 2026 03: +0,11.356,86,Operation Breakout Weapon Case
Apr 20 2026 04: +0,11.369,67,Operation Breakout Weapon Case
Apr 20 2026 05: +0,11.398,95,Operation Breakout Weapon Case
Apr 20 2026 06: +0,11.404,81,Operation Breakout Weapon Case
Apr 20 2026 07: +0,11.409,87,Operation Breakout Weapon Case
Apr 20 2026 08: +0,11.208,60,Operation Breakout Weapon Case
Apr 20 2026 09: +0,11.089,18,Operation Breakout Weapon Case
Apr 20 2026 10: +0,11.199,33,Operation Breakout Weapon Case
Apr 20 2026 11: +0,9.941,31,Operation Breakout Weapon Case
Apr 20 2026 12: +0,11.131,44,Operation Breakout Weapon Case
Apr 20 2026 13: +0,11.212,71,Operation Breakout Weapon Case
Apr 20 2026 14: +0,11.225,78,Operation Breakout Weapon Case
Apr 20 2026 15: +0,11.234,121,Operation Breakout Weapon Case
Apr 20 2026 16: +0,11.265,99,Operation Breakout Weapon Case
Apr 20 2026 17: +0,11.182,98,Operation Breakout Weapon Case
Apr 20 2026 18: +0,11.182,122,Operation Breakout Weapon Case
Apr 20 2026 19: +0,11.136,84,Operation Breakout Weapon Case
Apr 20 2026 20: +0,11.054,91,Operation Breakout Weapon Case
Apr 20 2026 21: +0,11.146,169,Operation Breakout Weapon Case
Apr 20 2026 22: +0,11.259,299,Operation Breakout Weapon Case
Apr 20 2026 23: +0,11.276,117,Operation Breakout Weapon Case
Apr 21 2026 00: +0,11.276,116,Operation Breakout Weapon Case
Apr 21 2026 01: +0,11.284,359,Operation Breakout Weapon Case
Apr 21 2026 02: +0,11.327,126,Operation Breakout Weapon Case
Apr 21 2026 03: +0,11.352,80,Operation Breakout Weapon Case
Apr 21 2026 04: +0,11.343,63,Operation Breakout Weapon Case
Apr 21 2026 05: +0,11.064,43,Operation Breakout Weapon Case
Apr 21 2026 06: +0,11.064,34,Operation Breakout Weapon Case
Apr 21 2026 07: +0,11.047,51,Operation Breakout Weapon Case
Apr 21 2026 08: +0,11.064,60,Operation Breakout Weapon Case
Apr 21 2026 09: +0,11.055,54,Operation Breakout Weapon Case
Apr 21 2026 10: +0,11.071,55,Operation Breakout Weapon Case
Apr 21 2026 11: +0,11.21,35,Operation Breakout Weapon Case
Apr 21 2026 12: +0,11.203,133,Operation Breakout Weapon Case
Apr 21 2026 13: +0,11.296,69,Operation Breakout Weapon Case
Apr 21 2026 14: +0,11.249,78,Operation Breakout Weapon Case
Apr 21 2026 15: +0,11.21,56,Operation Breakout Weapon Case
Apr 21 2026 16: +0,11.22,104,Operation Breakout Weapon Case
Apr 21 2026 17: +0,11.235,73,Operation Breakout Weapon Case
Apr 21 2026 18: +0,11.202,73,Operation Breakout Weapon Case
Apr 21 2026 19: +0,10.991,93,Operation Breakout Weapon Case
Apr 21 2026 20: +0,11.3,114,Operation Breakout Weapon Case
Apr 21 2026 21: +0,11.318,77,Operation Breakout Weapon Case
Apr 21 2026 22: +0,11.32,89,Operation Breakout Weapon Case
Apr 21 2026 23: +0,11.306,165,Operation Breakout Weapon Case
Apr 22 2026 00: +0,11.335,163,Operation Breakout Weapon Case
Apr 22 2026 01: +0,11.335,109,Operation Breakout Weapon Case
Apr 22 2026 02: +0,11.369,116,Operation Breakout Weapon Case
Apr 22 2026 03: +0,11.386,165,Operation Breakout Weapon Case
Apr 22 2026 04: +0,11.386,162,Operation Breakout Weapon Case
Apr 22 2026 05: +0,11.386,115,Operation Breakout Weapon Case
Apr 22 2026 06: +0,11.378,82,Operation Breakout Weapon Case
Apr 22 2026 07: +0,11.363,38,Operation Breakout Weapon Case
Apr 22 2026 08: +0,11.361,53,Operation Breakout Weapon Case
Apr 22 2026 09: +0,10.813,48,Operation Breakout Weapon Case
Apr 22 2026 10: +0,10.775,41,Operation Breakout Weapon Case
Apr 22 2026 11: +0,10.345,30,Operation Breakout Weapon Case
Apr 22 2026 12: +0,10.335,28,Operation Breakout Weapon Case
Apr 22 2026 13: +0,10.501,66,Operation Breakout Weapon Case
Apr 22 2026 14: +0,10.74,41,Operation Breakout Weapon Case
Apr 22 2026 15: +0,10.571,27,Operation Breakout Weapon Case
Apr 22 2026 16: +0,10.741,65,Operation Breakout Weapon Case
Apr 22 2026 17: +0,10.741,122,Operation Breakout Weapon Case
Apr 22 2026 18: +0,10.744,167,Operation Breakout Weapon Case
Apr 22 2026 19: +0,10.891,152,Operation Breakout Weapon Case
Apr 22 2026 20: +0,11.07,180,Operation Breakout Weapon Case
Apr 22 2026 21: +0,11.238,142,Operation Breakout Weapon Case
Apr 22 2026 22: +0,11.259,82,Operation Breakout Weapon Case
Apr 22 2026 23: +0,11.318,113,Operation Breakout Weapon Case
Apr 23 2026 00: +0,11.327,106,Operation Breakout Weapon Case
Apr 23 2026 01: +0,11.301,113,Operation Breakout Weapon Case
Apr 23 2026 02: +0,11.301,114,Operation Breakout Weapon Case
Apr 23 2026 03: +0,11.327,63,Operation Breakout Weapon Case
Apr 23 2026 04: +0,11.301,119,Operation Breakout Weapon Case
Apr 23 2026 05: +0,11.131,34,Operation Breakout Weapon Case
Apr 23 2026 06: +0,11.276,32,Operation Breakout Weapon Case
Apr 23 2026 07: +0,11.225,63,Operation Breakout Weapon Case
Apr 23 2026 08: +0,10.943,19,Operation Breakout Weapon Case
Apr 23 2026 09: +0,10.919,34,Operation Breakout Weapon Case
Apr 23 2026 10: +0,10.368,34,Operation Breakout Weapon Case
Apr 23 2026 11: +0,10.189,77,Operation Breakout Weapon Case
Apr 23 2026 12: +0,9.861,55,Operation Breakout Weapon Case
Apr 23 2026 13: +0,10.988,35,Operation Breakout Weapon Case
Apr 23 2026 14: +0,10.987,84,Operation Breakout Weapon Case
Apr 23 2026 15: +0,10.384,47,Operation Breakout Weapon Case
Apr 23 2026 16: +0,10.596,54,Operation Breakout Weapon Case
Apr 23 2026 17: +0,10.877,106,Operation Breakout Weapon Case
Apr 23 2026 18: +0,10.972,146,Operation Breakout Weapon Case
Apr 23 2026 19: +0,10.953,83,Operation Breakout Weapon Case
Apr 23 2026 20: +0,10.944,93,Operation Breakout Weapon Case
Apr 23 2026 21: +0,10.939,155,Operation Breakout Weapon Case
Apr 23 2026 22: +0,11.012,212,Operation Breakout Weapon Case
Apr 23 2026 23: +0,11.055,123,Operation Breakout Weapon Case
Apr 24 2026 00: +0,11.131,69,Operation Breakout Weapon Case
Apr 24 2026 01: +0,11.144,89,Operation Breakout Weapon Case
Apr 24 2026 02: +0,11.157,92,Operation Breakout Weapon Case
Apr 24 2026 03: +0,11.174,69,Operation Breakout Weapon Case
Apr 24 2026 04: +0,11.191,73,Operation Breakout Weapon Case
Apr 24 2026 05: +0,11.185,60,Operation Breakout Weapon Case
Apr 24 2026 06: +0,11.174,66,Operation Breakout Weapon Case
Apr 24 2026 07: +0,11.174,76,Operation Breakout Weapon Case
Apr 24 2026 08: +0,11.139,91,Operation Breakout Weapon Case
Apr 24 2026 09: +0,11.151,68,Operation Breakout Weapon Case
Apr 24 2026 10: +0,11.157,91,Operation Breakout Weapon Case
Apr 24 2026 11: +0,11.119,80,Operation Breakout Weapon Case
Apr 24 2026 12: +0,11.139,79,Operation Breakout Weapon Case
Apr 24 2026 13: +0,10.827,57,Operation Breakout Weapon Case
Apr 24 2026 14: +0,10.699,62,Operation Breakout Weapon Case
Apr 24 2026 15: +0,10.619,48,Operation Breakout Weapon Case
Apr 24 2026 16: +0,10.913,120,Operation Breakout Weapon Case
Apr 24 2026 17: +0,10.994,93,Operation Breakout Weapon Case
Apr 24 2026 18: +0,10.93,87,Operation Breakout Weapon Case
Apr 24 2026 19: +0,11.122,188,Operation Breakout Weapon Case
Apr 24 2026 20: +0,11.122,141,Operation Breakout Weapon Case
Apr 24 2026 21: +0,11.146,172,Operation Breakout Weapon Case
Apr 24 2026 22: +0,11.147,133,Operation Breakout Weapon Case
Apr 24 2026 23: +0,11.148,103,Operation Breakout Weapon Case
Apr 25 2026 00: +0,11.165,168,Operation Breakout Weapon Case
Apr 25 2026 01: +0,11.173,184,Operation Breakout Weapon Case
Apr 25 2026 02: +0,11.174,124,Operation Breakout Weapon Case
Apr 25 2026 03: +0,11.174,64,Operation Breakout Weapon Case
Apr 25 2026 04: +0,11.182,71,Operation Breakout Weapon Case
Apr 25 2026 05: +0,11.191,117,Operation Breakout Weapon Case
Apr 25 2026 06: +0,11.199,64,Operation Breakout Weapon Case
Apr 25 2026 07: +0,11.191,74,Operation Breakout Weapon Case
Apr 25 2026 08: +0,11.175,60,Operation Breakout Weapon Case
Apr 25 2026 09: +0,11.157,86,Operation Breakout Weapon Case
Apr 25 2026 10: +0,10.936,45,Operation Breakout Weapon Case
Apr 25 2026 11: +0,10.854,80,Operation Breakout Weapon Case
Apr 25 2026 12: +0,11.089,46,Operation Breakout Weapon Case
Apr 25 2026 13: +0,11.001,58,Operation Breakout Weapon Case
Apr 25 2026 14: +0,11.099,74,Operation Breakout Weapon Case
Apr 25 2026 15: +0,11.072,67,Operation Breakout Weapon Case
Apr 25 2026 16: +0,11.057,68,Operation Breakout Weapon Case
Apr 25 2026 17: +0,11.118,105,Operation Breakout Weapon Case
Apr 25 2026 18: +0,11.106,85,Operation Breakout Weapon Case
Apr 25 2026 19: +0,11.14,126,Operation Breakout Weapon Case
Apr 25 2026 20: +0,11.131,119,Operation Breakout Weapon Case
Apr 25 2026 21: +0,11.128,88,Operation Breakout Weapon Case
Apr 25 2026 22: +0,11.182,145,Operation Breakout Weapon Case
Apr 25 2026 23: +0,11.191,115,Operation Breakout Weapon Case
Apr 26 2026 00: +0,11.191,104,Operation Breakout Weapon Case
Apr 26 2026 01: +0,11.083,58,Operation Breakout Weapon Case
Apr 26 2026 02: +0,11.191,146,Operation Breakout Weapon Case
Apr 26 2026 03: +0,11.191,143,Operation Breakout Weapon Case
Apr 26 2026 04: +0,11.199,101,Operation Breakout Weapon Case
Apr 26 2026 05: +0,11.199,150,Operation Breakout Weapon Case
Apr 26 2026 06: +0,11.225,87,Operation Breakout Weapon Case
Apr 26 2026 07: +0,11.182,49,Operation Breakout Weapon Case
Apr 26 2026 08: +0,11.143,58,Operation Breakout Weapon Case
Apr 26 2026 09: +0,10.979,27,Operation Breakout Weapon Case
Apr 26 2026 10: +0,10.868,70,Operation Breakout Weapon Case
Apr 26 2026 11: +0,10.945,85,Operation Breakout Weapon Case
Apr 26 2026 12: +0,11.03,68,Operation Breakout Weapon Case
Apr 26 2026 13: +0,11.044,117,Operation Breakout Weapon Case
Apr 26 2026 14: +0,11.057,87,Operation Breakout Weapon Case
Apr 26 2026 15: +0,11.074,106,Operation Breakout Weapon Case
Apr 26 2026 16: +0,11.088,133,Operation Breakout Weapon Case
Apr 26 2026 17: +0,11.03,103,Operation Breakout Weapon Case
Apr 26 2026 18: +0,10.809,101,Operation Breakout Weapon Case
Apr 26 2026 19: +0,11.106,118,Operation Breakout Weapon Case
Apr 26 2026 20: +0,11.131,88,Operation Breakout Weapon Case
Apr 26 2026 21: +0,11.153,70,Operation Breakout Weapon Case
Apr 26 2026 22: +0,11.157,113,Operation Breakout Weapon Case
Apr 26 2026 23: +0,11.182,135,Operation Breakout Weapon Case
Apr 27 2026 00: +0,11.216,99,Operation Breakout Weapon Case
Apr 27 2026 01: +0,11.208,62,Operation Breakout Weapon Case
Apr 27 2026 02: +0,11.004,65,Operation Breakout Weapon Case
Apr 27 2026 03: +0,11.208,108,Operation Breakout Weapon Case
Apr 27 2026 04: +0,11.199,25,Operation Breakout Weapon Case
Apr 27 2026 05: +0,11.165,29,Operation Breakout Weapon Case
Apr 27 2026 06: +0,11.167,40,Operation Breakout Weapon Case
Apr 27 2026 07: +0,11.03,47,Operation Breakout Weapon Case
Apr 27 2026 08: +0,10.987,78,Operation Breakout Weapon Case
Apr 27 2026 09: +0,11.027,38,Operation Breakout Weapon Case
Apr 27 2026 10: +0,10.949,47,Operation Breakout Weapon Case
Apr 27 2026 11: +0,11.088,56,Operation Breakout Weapon Case
Apr 27 2026 12: +0,11.157,67,Operation Breakout Weapon Case
Apr 27 2026 13: +0,11.169,75,Operation Breakout Weapon Case
Apr 27 2026 14: +0,11.121,79,Operation Breakout Weapon Case
Apr 27 2026 15: +0,11.121,75,Operation Breakout Weapon Case
Apr 27 2026 16: +0,11.108,78,Operation Breakout Weapon Case
Apr 27 2026 17: +0,11.162,62,Operation Breakout Weapon Case
Apr 27 2026 18: +0,10.933,119,Operation Breakout Weapon Case
Apr 27 2026 19: +0,10.745,93,Operation Breakout Weapon Case
Apr 27 2026 20: +0,10.936,123,Operation Breakout Weapon Case
Apr 27 2026 21: +0,10.945,120,Operation Breakout Weapon Case
Apr 27 2026 22: +0,11.174,148,Operation Breakout Weapon Case
Apr 27 2026 23: +0,11.165,97,Operation Breakout Weapon Case
Apr 28 2026 00: +0,11.208,136,Operation Breakout Weapon Case
Apr 28 2026 01: +0,11.208,117,Operation Breakout Weapon Case
Apr 28 2026 02: +0,11.208,89,Operation Breakout Weapon Case
Apr 28 2026 03: +0,11.199,84,Operation Breakout Weapon Case
Apr 28 2026 04: +0,11.165,35,Operation Breakout Weapon Case
Apr 28 2026 05: +0,11.165,47,Operation Breakout Weapon Case
Apr 28 2026 06: +0,11.141,23,Operation Breakout Weapon Case
Apr 28 2026 07: +0,11.151,32,Operation Breakout Weapon Case
Apr 28 2026 08: +0,10.444,41,Operation Breakout Weapon Case
Apr 28 2026 09: +0,10.47,56,Operation Breakout Weapon Case
Apr 28 2026 10: +0,10.349,70,Operation Breakout Weapon Case
Apr 28 2026 11: +0,11.092,97,Operation Breakout Weapon Case
Apr 28 2026 12: +0,11.14,121,Operation Breakout Weapon Case
Apr 28 2026 13: +0,11.171,120,Operation Breakout Weapon Case
Apr 28 2026 14: +0,10.953,62,Operation Breakout Weapon Case
Apr 28 2026 15: +0,11.168,128,Operation Breakout Weapon Case
Apr 28 2026 16: +0,11.181,111,Operation Breakout Weapon Case
Apr 28 2026 17: +0,11.181,122,Operation Breakout Weapon Case
Apr 28 2026 18: +0,11.181,71,Operation Breakout Weapon Case
Apr 28 2026 19: +0,11.106,102,Operation Breakout Weapon Case
Apr 28 2026 20: +0,11.191,135,Operation Breakout Weapon Case
Apr 28 2026 21: +0,11.138,101,Operation Breakout Weapon Case
Apr 28 2026 22: +0,11.042,105,Operation Breakout Weapon Case
Apr 28 2026 23: +0,11.106,98,Operation Breakout Weapon Case
Apr 29 2026 00: +0,11.148,78,Operation Breakout Weapon Case
Apr 29 2026 01: +0,11.148,116,Operation Breakout Weapon Case
Apr 29 2026 02: +0,11.148,102,Operation Breakout Weapon Case
Apr 29 2026 03: +0,11.14,92,Operation Breakout Weapon Case
Apr 29 2026 04: +0,11.148,92,Operation Breakout Weapon Case
Apr 29 2026 05: +0,11.154,36,Operation Breakout Weapon Case
Apr 29 2026 06: +0,11.165,65,Operation Breakout Weapon Case
Apr 29 2026 07: +0,11.174,40,Operation Breakout Weapon Case
Apr 29 2026 08: +0,10.911,39,Operation Breakout Weapon Case
Apr 29 2026 09: +0,10.902,49,Operation Breakout Weapon Case
Apr 29 2026 10: +0,10.732,20,Operation Breakout Weapon Case
Apr 29 2026 11: +0,10.638,42,Operation Breakout Weapon Case
Apr 29 2026 12: +0,10.626,44,Operation Breakout Weapon Case
Apr 29 2026 13: +0,10.662,59,Operation Breakout Weapon Case
Apr 29 2026 14: +0,10.75,49,Operation Breakout Weapon Case
Apr 29 2026 15: +0,10.857,51,Operation Breakout Weapon Case
Apr 29 2026 16: +0,10.74,68,Operation Breakout Weapon Case
Apr 29 2026 17: +0,10.843,117,Operation Breakout Weapon Case
Apr 29 2026 18: +0,10.925,212,Operation Breakout Weapon Case
Apr 29 2026 19: +0,10.926,157,Operation Breakout Weapon Case
Apr 29 2026 20: +0,10.917,138,Operation Breakout Weapon Case
Apr 29 2026 21: +0,10.707,69,Operation Breakout Weapon Case
Apr 29 2026 22: +0,10.834,102,Operation Breakout Weapon Case
Apr 29 2026 23: +0,10.834,57,Operation Breakout Weapon Case
Apr 30 2026 00: +0,10.834,108,Operation Breakout Weapon Case
Apr 30 2026 01: +0,10.834,87,Operation Breakout Weapon Case
Apr 30 2026 02: +0,10.843,75,Operation Breakout Weapon Case
Apr 30 2026 03: +0,10.936,90,Operation Breakout Weapon Case
Apr 30 2026 04: +0,10.945,98,Operation Breakout Weapon Case
Apr 30 2026 05: +0,10.817,75,Operation Breakout Weapon Case
Apr 30 2026 06: +0,10.945,68,Operation Breakout Weapon Case
Apr 30 2026 07: +0,10.947,114,Operation Breakout Weapon Case
Apr 30 2026 08: +0,10.612,55,Operation Breakout Weapon Case
Apr 30 2026 09: +0,10.86,35,Operation Breakout Weapon Case
Apr 30 2026 10: +0,10.84,34,Operation Breakout Weapon Case
Apr 30 2026 11: +0,10.834,88,Operation Breakout Weapon Case
Apr 30 2026 12: +0,10.916,113,Operation Breakout Weapon Case
Apr 30 2026 13: +0,10.936,52,Operation Breakout Weapon Case
Apr 30 2026 14: +0,10.921,82,Operation Breakout Weapon Case
Apr 30 2026 15: +0,10.622,57,Operation Breakout Weapon Case
Apr 30 2026 16: +0,10.931,98,Operation Breakout Weapon Case
Apr 30 2026 17: +0,10.916,148,Operation Breakout Weapon Case
Apr 30 2026 18: +0,10.916,133,Operation Breakout Weapon Case
Apr 30 2026 19: +0,10.916,134,Operation Breakout Weapon Case
Apr 30 2026 20: +0,10.916,140,Operation Breakout Weapon Case
Apr 30 2026 21: +0,10.918,166,Operation Breakout Weapon Case
Apr 30 2026 22: +0,10.962,168,Operation Breakout Weapon Case
Apr 30 2026 23: +0,11.046,135,Operation Breakout Weapon Case
May 01 2026 00: +0,11.089,109,Operation Breakout Weapon Case
May 01 2026 01: +0,11.097,83,Operation Breakout Weapon Case
May 01 2026 02: +0,11.089,159,Operation Breakout Weapon Case
May 01 2026 03: +0,11.083,138,Operation Breakout Weapon Case
May 01 2026 04: +0,11.089,178,Operation Breakout Weapon Case
May 01 2026 05: +0,11.097,131,Operation Breakout Weapon Case
May 01 2026 06: +0,11.105,123,Operation Breakout Weapon Case
May 01 2026 07: +0,11.148,74,Operation Breakout Weapon Case
May 01 2026 08: +0,11.072,54,Operation Breakout Weapon Case
May 01 2026 09: +0,11.131,73,Operation Breakout Weapon Case
May 01 2026 10: +0,11.137,86,Operation Breakout Weapon Case
May 01 2026 11: +0,11.117,53,Operation Breakout Weapon Case
May 01 2026 12: +0,10.988,83,Operation Breakout Weapon Case
May 01 2026 13: +0,10.926,86,Operation Breakout Weapon Case
May 01 2026 14: +0,11.117,57,Operation Breakout Weapon Case
May 01 2026 15: +0,11.143,98,Operation Breakout Weapon Case
May 01 2026 16: +0,10.936,71,Operation Breakout Weapon Case
May 01 2026 17: +0,10.903,43,Operation Breakout Weapon Case
May 01 2026 18: +0,10.839,71,Operation Breakout Weapon Case
May 01 2026 19: +0,11.038,111,Operation Breakout Weapon Case
May 01 2026 20: +0,11.066,114,Operation Breakout Weapon Case
May 01 2026 21: +0,11.157,137,Operation Breakout Weapon Case
May 01 2026 22: +0,11.155,106,Operation Breakout Weapon Case
May 01 2026 23: +0,11.157,125,Operation Breakout Weapon Case
May 02 2026 00: +0,11.131,194,Operation Breakout Weapon Case
May 02 2026 01: +0,11.157,126,Operation Breakout Weapon Case
May 02 2026 02: +0,11.191,173,Operation Breakout Weapon Case
May 02 2026 03: +0,11.191,118,Operation Breakout Weapon Case
May 02 2026 04: +0,11.208,149,Operation Breakout Weapon Case
May 02 2026 05: +0,11.225,112,Operation Breakout Weapon Case
May 02 2026 06: +0,11.24,122,Operation Breakout Weapon Case
May 02 2026 07: +0,11.242,107,Operation Breakout Weapon Case
May 02 2026 08: +0,11.207,98,Operation Breakout Weapon Case
May 02 2026 09: +0,11.229,88,Operation Breakout Weapon Case
May 02 2026 10: +0,11.19,66,Operation Breakout Weapon Case
May 02 2026 11: +0,11.188,70,Operation Breakout Weapon Case
May 02 2026 12: +0,10.741,41,Operation Breakout Weapon Case
May 02 2026 13: +0,11.179,162,Operation Breakout Weapon Case
May 02 2026 14: +0,10.911,103,Operation Breakout Weapon Case
May 02 2026 15: +0,10.927,147,Operation Breakout Weapon Case
May 02 2026 16: +0,11.233,239,Operation Breakout Weapon Case
May 02 2026 17: +0,11.233,148,Operation Breakout Weapon Case
May 02 2026 18: +0,11.215,114,Operation Breakout Weapon Case
May 02 2026 19: +0,11.157,135,Operation Breakout Weapon Case
May 02 2026 20: +0,11.242,138,Operation Breakout Weapon Case
May 02 2026 21: +0,11.242,123,Operation Breakout Weapon Case
May 02 2026 22: +0,11.245,109,Operation Breakout Weapon Case
May 02 2026 23: +0,11.242,96,Operation Breakout Weapon Case
May 03 2026 00: +0,11.259,134,Operation Breakout Weapon Case
May 03 2026 01: +0,11.259,95,Operation Breakout Weapon Case
May 03 2026 02: +0,11.262,124,Operation Breakout Weapon Case
May 03 2026 03: +0,11.275,91,Operation Breakout Weapon Case
May 03 2026 04: +0,11.278,63,Operation Breakout Weapon Case
May 03 2026 05: +0,11.284,108,Operation Breakout Weapon Case
May 03 2026 06: +0,11.301,113,Operation Breakout Weapon Case
May 03 2026 07: +0,11.301,63,Operation Breakout Weapon Case
May 03 2026 08: +0,11.301,87,Operation Breakout Weapon Case
May 03 2026 09: +0,10.691,42,Operation Breakout Weapon Case
May 03 2026 10: +0,10.746,48,Operation Breakout Weapon Case
May 03 2026 11: +0,10.754,96,Operation Breakout Weapon Case
May 03 2026 12: +0,11.122,108,Operation Breakout Weapon Case
May 03 2026 13: +0,11.265,102,Operation Breakout Weapon Case
May 03 2026 14: +0,11.25,89,Operation Breakout Weapon Case
May 03 2026 15: +0,11.191,106,Operation Breakout Weapon Case
May 03 2026 16: +0,11.125,78,Operation Breakout Weapon Case
May 03 2026 17: +0,11.25,126,Operation Breakout Weapon Case
May 03 2026 18: +0,11.148,132,Operation Breakout Weapon Case
May 03 2026 19: +0,11.225,107,Operation Breakout Weapon Case
May 03 2026 20: +0,10.775,87,Operation Breakout Weapon Case
May 03 2026 21: +0,10.953,73,Operation Breakout Weapon Case
May 03 2026 22: +0,10.979,81,Operation Breakout Weapon Case
May 03 2026 23: +0,11.244,87,Operation Breakout Weapon Case
May 04 2026 00: +0,11.229,103,Operation Breakout Weapon Case
May 04 2026 01: +0,11.225,89,Operation Breakout Weapon Case
May 04 2026 02: +0,11.242,76,Operation Breakout Weapon Case
May 04 2026 03: +0,11.25,125,Operation Breakout Weapon Case
May 04 2026 04: +0,11.25,152,Operation Breakout Weapon Case
May 04 2026 05: +0,11.25,143,Operation Breakout Weapon Case
May 04 2026 06: +0,11.259,126,Operation Breakout Weapon Case
May 04 2026 07: +0,11.267,49,Operation Breakout Weapon Case
May 04 2026 08: +0,11.259,37,Operation Breakout Weapon Case
May 04 2026 09: +0,11.035,32,Operation Breakout Weapon Case
May 04 2026 10: +0,11.056,30,Operation Breakout Weapon Case
May 04 2026 11: +0,10.746,76,Operation Breakout Weapon Case
May 04 2026 12: +0,11.165,72,Operation Breakout Weapon Case
May 04 2026 13: +0,11.106,89,Operation Breakout Weapon Case
May 04 2026 14: +0,11.095,55,Operation Breakout Weapon Case
May 04 2026 15: +0,11.105,65,Operation Breakout Weapon Case
May 04 2026 16: +0,11.119,101,Operation Breakout Weapon Case
May 04 2026 17: +0,10.976,73,Operation Breakout Weapon Case
May 04 2026 18: +0,11.083,54,Operation Breakout Weapon Case
May 04 2026 19: +0,11.019,90,Operation Breakout Weapon Case
May 04 2026 20: +0,11.084,119,Operation Breakout Weapon Case
May 04 2026 21: +0,11.03,177,Operation Breakout Weapon Case
May 04 2026 22: +0,11.089,106,Operation Breakout Weapon Case
May 04 2026 23: +0,11.08,100,Operation Breakout Weapon Case
May 05 2026 00: +0,11.131,79,Operation Breakout Weapon Case
May 05 2026 01: +0,11.131,79,Operation Breakout Weapon Case
May 05 2026 02: +0,11.135,94,Operation Breakout Weapon Case
May 05 2026 03: +0,11.148,87,Operation Breakout Weapon Case
May 05 2026 04: +0,11.14,75,Operation Breakout Weapon Case
May 05 2026 05: +0,11.14,68,Operation Breakout Weapon Case
May 05 2026 06: +0,11.11,24,Operation Breakout Weapon Case
May 05 2026 07: +0,11.106,60,Operation Breakout Weapon Case
May 05 2026 08: +0,11.02,46,Operation Breakout Weapon Case
May 05 2026 09: +0,9.775,84,Operation Breakout Weapon Case
May 05 2026 10: +0,10.34,59,Operation Breakout Weapon Case
May 05 2026 11: +0,10.878,31,Operation Breakout Weapon Case
May 05 2026 12: +0,10.71,75,Operation Breakout Weapon Case
May 05 2026 13: +0,10.624,61,Operation Breakout Weapon Case
May 05 2026 14: +0,10.711,72,Operation Breakout Weapon Case
May 05 2026 15: +0,10.833,54,Operation Breakout Weapon Case
May 05 2026 16: +0,10.85,72,Operation Breakout Weapon Case
May 05 2026 17: +0,10.324,55,Operation Breakout Weapon Case
May 05 2026 18: +0,10.953,126,Operation Breakout Weapon Case
May 05 2026 19: +0,10.974,128,Operation Breakout Weapon Case
May 05 2026 20: +0,11.044,101,Operation Breakout Weapon Case
May 05 2026 21: +0,11.052,110,Operation Breakout Weapon Case
May 05 2026 22: +0,11.051,93,Operation Breakout Weapon Case
May 05 2026 23: +0,10.817,43,Operation Breakout Weapon Case
May 06 2026 00: +0,11.057,83,Operation Breakout Weapon Case
May 06 2026 01: +0,11.08,81,Operation Breakout Weapon Case
May 06 2026 02: +0,11.089,125,Operation Breakout Weapon Case
May 06 2026 03: +0,11.097,139,Operation Breakout Weapon Case
May 06 2026 04: +0,11.097,46,Operation Breakout Weapon Case
May 06 2026 05: +0,10.627,55,Operation Breakout Weapon Case
May 06 2026 06: +0,10.605,76,Operation Breakout Weapon Case
May 06 2026 07: +0,9.697,72,Operation Breakout Weapon Case
May 06 2026 08: +0,10.44,37,Operation Breakout Weapon Case
May 06 2026 09: +0,10.627,52,Operation Breakout Weapon Case
May 06 2026 10: +0,10.359,30,Operation Breakout Weapon Case
May 06 2026 11: +0,10.317,34,Operation Breakout Weapon Case
May 06 2026 12: +0,10.985,103,Operation Breakout Weapon Case
May 06 2026 13: +0,11.025,84,Operation Breakout Weapon Case
May 06 2026 14: +0,11.064,118,Operation Breakout Weapon Case
May 06 2026 15: +0,11.089,153,Operation Breakout Weapon Case
May 06 2026 16: +0,11.074,96,Operation Breakout Weapon Case
May 06 2026 17: +0,11.114,93,Operation Breakout Weapon Case
May 06 2026 18: +0,11.03,58,Operation Breakout Weapon Case
May 06 2026 19: +0,11.072,104,Operation Breakout Weapon Case
May 06 2026 20: +0,10.944,128,Operation Breakout Weapon Case
May 06 2026 21: +0,10.945,128,Operation Breakout Weapon Case
May 06 2026 22: +0,10.937,125,Operation Breakout Weapon Case
May 06 2026 23: +0,11.136,121,Operation Breakout Weapon Case
May 07 2026 00: +0,11.14,130,Operation Breakout Weapon Case
May 07 2026 01: +0,11.14,68,Operation Breakout Weapon Case
May 07 2026 02: +0,11.097,72,Operation Breakout Weapon Case
May 07 2026 03: +0,11.097,107,Operation Breakout Weapon Case
May 07 2026 04: +0,11.131,72,Operation Breakout Weapon Case
May 07 2026 05: +0,11.131,91,Operation Breakout Weapon Case
May 07 2026 06: +0,11.106,27,Operation Breakout Weapon Case
May 07 2026 07: +0,10.905,17,Operation Breakout Weapon Case
May 07 2026 08: +0,10.894,30,Operation Breakout Weapon Case
May 07 2026 09: +0,10.859,34,Operation Breakout Weapon Case
May 07 2026 10: +0,11.03,76,Operation Breakout Weapon Case
May 07 2026 11: +0,11.029,59,Operation Breakout Weapon Case
May 07 2026 12: +0,11.03,54,Operation Breakout Weapon Case
May 07 2026 13: +0,11.03,57,Operation Breakout Weapon Case
May 07 2026 14: +0,11.033,62,Operation Breakout Weapon Case
May 07 2026 15: +0,11.033,76,Operation Breakout Weapon Case
May 07 2026 16: +0,10.978,107,Operation Breakout Weapon Case
May 07 2026 17: +0,11.014,84,Operation Breakout Weapon Case
May 07 2026 18: +0,11.013,87,Operation Breakout Weapon Case
May 07 2026 19: +0,11.018,97,Operation Breakout Weapon Case
May 07 2026 20: +0,11.023,89,Operation Breakout Weapon Case
May 07 2026 21: +0,11.044,69,Operation Breakout Weapon Case
May 07 2026 22: +0,11.013,75,Operation Breakout Weapon Case
May 07 2026 23: +0,11.033,122,Operation Breakout Weapon Case
May 08 2026 00: +0,11.047,120,Operation Breakout Weapon Case
May 08 2026 01: +0,11.038,98,Operation Breakout Weapon Case
May 08 2026 02: +0,11.072,89,Operation Breakout Weapon Case
May 08 2026 03: +0,11.072,106,Operation Breakout Weapon Case
May 08 2026 04: +0,11.071,72,Operation Breakout Weapon Case
May 08 2026 05: +0,11.093,77,Operation Breakout Weapon Case
May 08 2026 06: +0,11.08,42,Operation Breakout Weapon Case
May 08 2026 07: +0,11.097,42,Operation Breakout Weapon Case
May 08 2026 08: +0,11.072,63,Operation Breakout Weapon Case
May 08 2026 09: +0,10.984,54,Operation Breakout Weapon Case
May 08 2026 10: +0,11.031,82,Operation Breakout Weapon Case
May 08 2026 11: +0,10.914,46,Operation Breakout Weapon Case
May 08 2026 12: +0,11.026,80,Operation Breakout Weapon Case
May 08 2026 13: +0,11.003,69,Operation Breakout Weapon Case
May 08 2026 14: +0,11.027,80,Operation Breakout Weapon Case
May 08 2026 15: +0,11.0,65,Operation Breakout Weapon Case
May 08 2026 16: +0,10.987,68,Operation Breakout Weapon Case
May 08 2026 17: +0,11.046,120,Operation Breakout Weapon Case
May 08 2026 18: +0,10.993,73,Operation Breakout Weapon Case
May 08 2026 19: +0,9.994,103,Operation Breakout Weapon Case
May 08 2026 20: +0,11.021,148,Operation Breakout Weapon Case
May 08 2026 21: +0,11.072,121,Operation Breakout Weapon Case
May 08 2026 22: +0,11.072,131,Operation Breakout Weapon Case
May 08 2026 23: +0,11.075,177,Operation Breakout Weapon Case
May 09 2026 00: +0,11.095,112,Operation Breakout Weapon Case
May 09 2026 01: +0,11.106,152,Operation Breakout Weapon Case
May 09 2026 02: +0,11.106,121,Operation Breakout Weapon Case
May 09 2026 03: +0,11.106,172,Operation Breakout Weapon Case
May 09 2026 04: +0,11.106,130,Operation Breakout Weapon Case
May 09 2026 05: +0,11.097,67,Operation Breakout Weapon Case
May 09 2026 06: +0,11.1,58,Operation Breakout Weapon Case
May 09 2026 07: +0,10.991,32,Operation Breakout Weapon Case
May 09 2026 08: +0,11.01,98,Operation Breakout Weapon Case
May 09 2026 09: +0,10.86,37,Operation Breakout Weapon Case
May 09 2026 10: +0,10.656,49,Operation Breakout Weapon Case
May 09 2026 11: +0,10.902,46,Operation Breakout Weapon Case
May 09 2026 12: +0,11.038,81,Operation Breakout Weapon Case
May 09 2026 13: +0,10.995,66,Operation Breakout Weapon Case
May 09 2026 14: +0,10.915,70,Operation Breakout Weapon Case
May 09 2026 15: +0,11.012,77,Operation Breakout Weapon Case
May 09 2026 16: +0,11.085,138,Operation Breakout Weapon Case
May 09 2026 17: +0,11.106,153,Operation Breakout Weapon Case
May 09 2026 18: +0,11.124,200,Operation Breakout Weapon Case
May 09 2026 19: +0,11.115,130,Operation Breakout Weapon Case
May 09 2026 20: +0,11.12,126,Operation Breakout Weapon Case
May 09 2026 21: +0,11.147,78,Operation Breakout Weapon Case
May 09 2026 22: +0,11.148,102,Operation Breakout Weapon Case
May 09 2026 23: +0,11.148,121,Operation Breakout Weapon Case
May 10 2026 00: +0,11.145,86,Operation Breakout Weapon Case
May 10 2026 01: +0,11.14,85,Operation Breakout Weapon Case
May 10 2026 02: +0,11.131,148,Operation Breakout Weapon Case
May 10 2026 03: +0,11.14,72,Operation Breakout Weapon Case
May 10 2026 04: +0,11.14,102,Operation Breakout Weapon Case
May 10 2026 05: +0,11.14,87,Operation Breakout Weapon Case
May 10 2026 06: +0,11.157,105,Operation Breakout Weapon Case
May 10 2026 07: +0,11.157,125,Operation Breakout Weapon Case
May 10 2026 08: +0,11.157,100,Operation Breakout Weapon Case
May 10 2026 09: +0,11.11,76,Operation Breakout Weapon Case
May 10 2026 10: +0,11.004,25,Operation Breakout Weapon Case
May 10 2026 11: +0,10.86,79,Operation Breakout Weapon Case
May 10 2026 12: +0,11.051,101,Operation Breakout Weapon Case
May 10 2026 13: +0,11.113,92,Operation Breakout Weapon Case
May 10 2026 14: +0,10.755,59,Operation Breakout Weapon Case
May 10 2026 15: +0,10.988,58,Operation Breakout Weapon Case
May 10 2026 16: +0,10.896,48,Operation Breakout Weapon Case
May 10 2026 17: +0,10.899,106,Operation Breakout Weapon Case
May 10 2026 18: +0,11.038,78,Operation Breakout Weapon Case
May 10 2026 19: +0,11.065,118,Operation Breakout Weapon Case
May 10 2026 20: +0,11.1,81,Operation Breakout Weapon Case
May 10 2026 21: +0,11.07,78,Operation Breakout Weapon Case
May 10 2026 22: +0,11.004,73,Operation Breakout Weapon Case
May 10 2026 23: +0,11.106,68,Operation Breakout Weapon Case
May 11 2026 00: +0,11.106,56,Operation Breakout Weapon Case
May 11 2026 01: +0,11.097,82,Operation Breakout Weapon Case
May 11 2026 02: +0,11.097,113,Operation Breakout Weapon Case
May 11 2026 03: +0,11.106,82,Operation Breakout Weapon Case
May 11 2026 04: +0,11.097,68,Operation Breakout Weapon Case
May 11 2026 05: +0,11.106,67,Operation Breakout Weapon Case
May 11 2026 06: +0,11.106,66,Operation Breakout Weapon Case
May 11 2026 07: +0,11.106,83,Operation Breakout Weapon Case
May 11 2026 08: +0,11.021,36,Operation Breakout Weapon Case
May 11 2026 09: +0,11.038,39,Operation Breakout Weapon Case
May 11 2026 10: +0,10.77,65,Operation Breakout Weapon Case
May 11 2026 11: +0,10.962,48,Operation Breakout Weapon Case
May 11 2026 12: +0,11.013,51,Operation Breakout Weapon Case
May 11 2026 13: +0,11.004,59,Operation Breakout Weapon Case
May 11 2026 14: +0,10.961,51,Operation Breakout Weapon Case
May 11 2026 15: +0,10.995,80,Operation Breakout Weapon Case
May 11 2026 16: +0,10.859,66,Operation Breakout Weapon Case
May 11 2026 17: +0,10.971,94,Operation Breakout Weapon Case
May 11 2026 18: +0,10.995,63,Operation Breakout Weapon Case
May 11 2026 19: +0,10.79,78,Operation Breakout Weapon Case
May 11 2026 20: +0,10.987,95,Operation Breakout Weapon Case
May 11 2026 21: +0,10.917,96,Operation Breakout Weapon Case
May 11 2026 22: +0,10.996,192,Operation Breakout Weapon Case
May 11 2026 23: +0,11.026,90,Operation Breakout Weapon Case
May 12 2026 00: +0,11.03,95,Operation Breakout Weapon Case
May 12 2026 01: +0,10.979,101,Operation Breakout Weapon Case
May 12 2026 02: +0,11.013,57,Operation Breakout Weapon Case
May 12 2026 03: +0,11.013,55,Operation Breakout Weapon Case
May 12 2026 04: +0,10.962,35,Operation Breakout Weapon Case
May 12 2026 05: +0,10.962,60,Operation Breakout Weapon Case
May 12 2026 06: +0,10.952,68,Operation Breakout Weapon Case
May 12 2026 07: +0,10.962,40,Operation Breakout Weapon Case
May 12 2026 08: +0,10.941,44,Operation Breakout Weapon Case
May 12 2026 09: +0,10.931,22,Operation Breakout Weapon Case
May 12 2026 10: +0,10.83,62,Operation Breakout Weapon Case
May 12 2026 11: +0,10.95,135,Operation Breakout Weapon Case
May 12 2026 12: +0,11.013,106,Operation Breakout Weapon Case
Jan 09 2015 01: +0,8.601,74129,Chroma Case
Jan 10 2015 01: +0,5.055,87686,Chroma Case
Jan 11 2015 01: +0,3.858,86192,Chroma Case
Jan 12 2015 01: +0,3.619,65737,Chroma Case
Jan 13 2015 01: +0,3.364,64090,Chroma Case
Jan 14 2015 01: +0,2.926,67710,Chroma Case
Jan 15 2015 01: +0,2.803,63915,Chroma Case
Jan 16 2015 01: +0,2.487,73142,Chroma Case
Jan 17 2015 01: +0,2.124,86983,Chroma Case
Jan 18 2015 01: +0,1.698,90765,Chroma Case
Jan 19 2015 01: +0,1.784,73073,Chroma Case
Jan 20 2015 01: +0,1.749,67436,Chroma Case
Jan 21 2015 01: +0,1.628,65931,Chroma Case
Jan 22 2015 01: +0,1.539,73193,Chroma Case
Jan 23 2015 01: +0,1.633,81161,Chroma Case
Jan 24 2015 01: +0,1.5,84206,Chroma Case
Jan 25 2015 01: +0,1.259,95932,Chroma Case
Jan 26 2015 01: +0,1.264,79298,Chroma Case
Jan 27 2015 01: +0,1.272,77197,Chroma Case
Jan 28 2015 01: +0,1.239,72583,Chroma Case
Jan 29 2015 01: +0,1.165,79614,Chroma Case
Jan 30 2015 01: +0,1.132,96233,Chroma Case
Jan 31 2015 01: +0,1.093,106019,Chroma Case
Feb 01 2015 01: +0,0.925,104071,Chroma Case
Feb 02 2015 01: +0,0.932,89433,Chroma Case
Feb 03 2015 01: +0,0.981,84973,Chroma Case
Feb 04 2015 01: +0,1.014,81762,Chroma Case
Feb 05 2015 01: +0,1.018,78297,Chroma Case
Feb 06 2015 01: +0,0.989,85512,Chroma Case
Feb 07 2015 01: +0,0.901,97339,Chroma Case
Feb 08 2015 01: +0,0.806,101036,Chroma Case
Feb 09 2015 01: +0,0.766,82523,Chroma Case
Feb 10 2015 01: +0,0.758,79492,Chroma Case
Feb 11 2015 01: +0,0.743,79570,Chroma Case
Feb 12 2015 01: +0,0.747,87289,Chroma Case
Feb 13 2015 01: +0,0.773,95512,Chroma Case
Feb 14 2015 01: +0,0.763,100599,Chroma Case
Feb 15 2015 01: +0,0.695,99018,Chroma Case
Feb 16 2015 01: +0,0.624,87867,Chroma Case
Feb 17 2015 01: +0,0.605,85932,Chroma Case
Feb 18 2015 01: +0,0.625,87819,Chroma Case
Feb 19 2015 01: +0,0.647,85550,Chroma Case
Feb 20 2015 01: +0,0.677,95582,Chroma Case
Feb 21 2015 01: +0,0.655,97533,Chroma Case
Feb 22 2015 01: +0,0.551,99335,Chroma Case
Feb 23 2015 01: +0,0.53,90372,Chroma Case
Feb 24 2015 01: +0,0.585,91087,Chroma Case
Feb 25 2015 01: +0,0.645,94915,Chroma Case
Feb 26 2015 01: +0,0.695,87212,Chroma Case
Feb 27 2015 01: +0,0.73,107615,Chroma Case
Feb 28 2015 01: +0,0.695,107988,Chroma Case
Mar 01 2015 01: +0,0.635,103956,Chroma Case
Mar 02 2015 01: +0,0.63,86938,Chroma Case
Mar 03 2015 01: +0,0.653,85271,Chroma Case
Mar 04 2015 01: +0,0.665,78965,Chroma Case
Mar 05 2015 01: +0,0.639,81170,Chroma Case
Mar 06 2015 01: +0,0.608,94547,Chroma Case
Mar 07 2015 01: +0,0.553,105774,Chroma Case
Mar 08 2015 01: +0,0.506,101855,Chroma Case
Mar 09 2015 01: +0,0.465,85613,Chroma Case
Mar 10 2015 01: +0,0.497,82941,Chroma Case
Mar 11 2015 01: +0,0.508,73926,Chroma Case
Mar 12 2015 01: +0,0.443,82693,Chroma Case
Mar 13 2015 01: +0,0.477,97582,Chroma Case
Mar 14 2015 01: +0,0.447,114896,Chroma Case
Mar 15 2015 01: +0,0.377,115346,Chroma Case
Mar 16 2015 01: +0,0.342,95124,Chroma Case
Mar 17 2015 01: +0,0.366,88471,Chroma Case
Mar 18 2015 01: +0,0.366,85070,Chroma Case
Mar 19 2015 01: +0,0.377,91613,Chroma Case
Mar 20 2015 01: +0,0.391,103536,Chroma Case
Mar 21 2015 01: +0,0.369,112947,Chroma Case
Mar 22 2015 01: +0,0.323,109970,Chroma Case
Mar 23 2015 01: +0,0.308,97483,Chroma Case
Mar 24 2015 01: +0,0.312,97454,Chroma Case
Mar 25 2015 01: +0,0.343,106436,Chroma Case
Mar 26 2015 01: +0,0.375,100462,Chroma Case
Mar 27 2015 01: +0,0.386,115380,Chroma Case
Mar 28 2015 01: +0,0.381,123943,Chroma Case
Mar 29 2015 01: +0,0.349,117241,Chroma Case
Mar 30 2015 01: +0,0.342,109534,Chroma Case
Mar 31 2015 01: +0,0.362,112262,Chroma Case
Apr 01 2015 01: +0,0.395,127063,Chroma Case
Apr 02 2015 01: +0,0.407,110801,Chroma Case
Apr 03 2015 01: +0,0.403,113899,Chroma Case
Apr 04 2015 01: +0,0.381,117739,Chroma Case
Apr 05 2015 01: +0,0.368,121149,Chroma Case
Apr 06 2015 01: +0,0.385,111708,Chroma Case
Apr 07 2015 01: +0,0.373,106270,Chroma Case
Apr 08 2015 01: +0,0.374,108838,Chroma Case
Apr 09 2015 01: +0,0.387,108132,Chroma Case
Apr 10 2015 01: +0,0.385,107617,Chroma Case
Apr 11 2015 01: +0,0.383,129525,Chroma Case
Apr 12 2015 01: +0,0.361,114412,Chroma Case
Apr 13 2015 01: +0,0.356,96417,Chroma Case
Apr 14 2015 01: +0,0.334,85543,Chroma Case
Apr 15 2015 01: +0,0.3,91353,Chroma Case
Apr 16 2015 01: +0,0.224,125764,Chroma Case
Apr 17 2015 01: +0,0.176,119586,Chroma Case
Apr 18 2015 01: +0,0.158,139038,Chroma Case
Apr 19 2015 01: +0,0.133,112362,Chroma Case
Apr 20 2015 01: +0,0.137,111936,Chroma Case
Apr 21 2015 01: +0,0.135,97553,Chroma Case
Apr 22 2015 01: +0,0.132,94291,Chroma Case
Apr 23 2015 01: +0,0.132,101250,Chroma Case
Apr 24 2015 01: +0,0.137,114779,Chroma Case
Apr 25 2015 01: +0,0.132,123638,Chroma Case
Apr 26 2015 01: +0,0.116,108597,Chroma Case
Apr 27 2015 01: +0,0.109,96070,Chroma Case
Apr 28 2015 01: +0,0.109,93680,Chroma Case
Apr 29 2015 01: +0,0.115,96990,Chroma Case
Apr 30 2015 01: +0,0.115,113738,Chroma Case
May 01 2015 01: +0,0.109,140549,Chroma Case
May 02 2015 01: +0,0.118,121723,Chroma Case
May 03 2015 01: +0,0.098,102435,Chroma Case
May 04 2015 01: +0,0.09,96830,Chroma Case
May 05 2015 01: +0,0.089,88723,Chroma Case
May 06 2015 01: +0,0.089,85254,Chroma Case
May 07 2015 01: +0,0.088,84765,Chroma Case
May 08 2015 01: +0,0.088,106355,Chroma Case
May 09 2015 01: +0,0.086,112383,Chroma Case
May 10 2015 01: +0,0.077,97481,Chroma Case
May 11 2015 01: +0,0.069,84184,Chroma Case
May 12 2015 01: +0,0.069,81381,Chroma Case
May 13 2015 01: +0,0.069,85830,Chroma Case
May 14 2015 01: +0,0.07,90318,Chroma Case
May 15 2015 01: +0,0.076,102606,Chroma Case
May 16 2015 01: +0,0.071,109916,Chroma Case
May 17 2015 01: +0,0.066,105035,Chroma Case
May 18 2015 01: +0,0.06,80908,Chroma Case
May 19 2015 01: +0,0.057,91937,Chroma Case
May 20 2015 01: +0,0.056,82150,Chroma Case
May 21 2015 01: +0,0.055,86136,Chroma Case
May 22 2015 01: +0,0.053,103310,Chroma Case
May 23 2015 01: +0,0.052,107622,Chroma Case
May 24 2015 01: +0,0.044,106586,Chroma Case
May 25 2015 01: +0,0.047,97663,Chroma Case
May 26 2015 01: +0,0.049,97977,Chroma Case
May 27 2015 01: +0,0.031,91803,Chroma Case
May 28 2015 01: +0,0.03,91867,Chroma Case
May 29 2015 01: +0,0.035,101753,Chroma Case
May 30 2015 01: +0,0.038,110340,Chroma Case
May 31 2015 01: +0,0.036,110245,Chroma Case
Jun 01 2015 01: +0,0.039,109124,Chroma Case
Jun 02 2015 01: +0,0.037,107592,Chroma Case
Jun 03 2015 01: +0,0.033,100587,Chroma Case
Jun 04 2015 01: +0,0.031,102959,Chroma Case
Jun 05 2015 01: +0,0.03,101697,Chroma Case
Jun 06 2015 01: +0,0.033,93102,Chroma Case
Jun 07 2015 01: +0,0.033,86822,Chroma Case
Jun 08 2015 01: +0,0.032,81799,Chroma Case
Jun 09 2015 01: +0,0.03,81892,Chroma Case
Jun 10 2015 01: +0,0.03,88942,Chroma Case
Jun 11 2015 01: +0,0.03,75422,Chroma Case
Jun 12 2015 01: +0,0.03,92665,Chroma Case
Jun 13 2015 01: +0,0.03,86942,Chroma Case
Jun 14 2015 01: +0,0.03,87948,Chroma Case
Jun 15 2015 01: +0,0.03,71338,Chroma Case
Jun 16 2015 01: +0,0.03,72383,Chroma Case
Jun 17 2015 01: +0,0.03,69315,Chroma Case
Jun 18 2015 01: +0,0.03,68252,Chroma Case
Jun 19 2015 01: +0,0.03,66410,Chroma Case
Jun 20 2015 01: +0,0.03,69167,Chroma Case
Jun 21 2015 01: +0,0.03,63549,Chroma Case
Jun 22 2015 01: +0,0.03,60445,Chroma Case
Jun 23 2015 01: +0,0.03,55952,Chroma Case
Jun 24 2015 01: +0,0.03,62471,Chroma Case
Jun 25 2015 01: +0,0.03,63908,Chroma Case
Jun 26 2015 01: +0,0.03,67835,Chroma Case
Jun 27 2015 01: +0,0.03,68250,Chroma Case
Jun 28 2015 01: +0,0.03,66352,Chroma Case
Jun 29 2015 01: +0,0.03,66821,Chroma Case
Jun 30 2015 01: +0,0.03,75965,Chroma Case
Jul 01 2015 01: +0,0.03,76036,Chroma Case
Jul 02 2015 01: +0,0.03,74451,Chroma Case
Jul 03 2015 01: +0,0.03,74878,Chroma Case
Jul 04 2015 01: +0,0.03,65848,Chroma Case
Jul 05 2015 01: +0,0.03,60233,Chroma Case
Jul 06 2015 01: +0,0.03,70069,Chroma Case
Jul 07 2015 01: +0,0.03,65839,Chroma Case
Jul 08 2015 01: +0,0.03,61662,Chroma Case
Jul 09 2015 01: +0,0.03,65571,Chroma Case
Jul 10 2015 01: +0,0.03,67290,Chroma Case
Jul 11 2015 01: +0,0.03,73722,Chroma Case
Jul 12 2015 01: +0,0.03,71548,Chroma Case
Jul 13 2015 01: +0,0.03,68556,Chroma Case
Jul 14 2015 01: +0,0.03,67135,Chroma Case
Jul 15 2015 01: +0,0.03,69881,Chroma Case
Jul 16 2015 01: +0,0.03,70163,Chroma Case
Jul 17 2015 01: +0,0.03,72024,Chroma Case
Jul 18 2015 01: +0,0.03,70206,Chroma Case
Jul 19 2015 01: +0,0.03,69525,Chroma Case
Jul 20 2015 01: +0,0.03,71515,Chroma Case
Jul 21 2015 01: +0,0.03,75191,Chroma Case
Jul 22 2015 01: +0,0.03,62795,Chroma Case
Jul 23 2015 01: +0,0.03,69408,Chroma Case
Jul 24 2015 01: +0,0.03,72848,Chroma Case
Jul 25 2015 01: +0,0.03,71608,Chroma Case
Jul 26 2015 01: +0,0.03,62465,Chroma Case
Jul 27 2015 01: +0,0.03,69929,Chroma Case
Jul 28 2015 01: +0,0.03,66575,Chroma Case
Jul 29 2015 01: +0,0.03,65589,Chroma Case
Jul 30 2015 01: +0,0.03,65430,Chroma Case
Jul 31 2015 01: +0,0.03,68485,Chroma Case
Aug 01 2015 01: +0,0.03,71711,Chroma Case
Aug 02 2015 01: +0,0.03,74523,Chroma Case
Aug 03 2015 01: +0,0.03,65100,Chroma Case
Aug 04 2015 01: +0,0.03,66546,Chroma Case
Aug 05 2015 01: +0,0.03,67344,Chroma Case
Aug 06 2015 01: +0,0.03,66487,Chroma Case
Aug 07 2015 01: +0,0.03,69446,Chroma Case
Aug 08 2015 01: +0,0.03,71051,Chroma Case
Aug 09 2015 01: +0,0.03,65163,Chroma Case
Aug 10 2015 01: +0,0.03,71875,Chroma Case
Aug 11 2015 01: +0,0.03,61375,Chroma Case
Aug 12 2015 01: +0,0.03,68117,Chroma Case
Aug 13 2015 01: +0,0.03,61408,Chroma Case
Aug 14 2015 01: +0,0.03,63278,Chroma Case
Aug 15 2015 01: +0,0.03,58427,Chroma Case
Aug 16 2015 01: +0,0.03,57861,Chroma Case
Aug 17 2015 01: +0,0.03,54504,Chroma Case
Aug 18 2015 01: +0,0.03,53844,Chroma Case
Aug 19 2015 01: +0,0.03,67889,Chroma Case
Aug 20 2015 01: +0,0.03,64668,Chroma Case
Aug 21 2015 01: +0,0.03,70445,Chroma Case
Aug 22 2015 01: +0,0.03,61971,Chroma Case
Aug 23 2015 01: +0,0.03,60754,Chroma Case
Aug 24 2015 01: +0,0.03,67673,Chroma Case
Aug 25 2015 01: +0,0.03,62692,Chroma Case
Aug 26 2015 01: +0,0.03,65489,Chroma Case
Aug 27 2015 01: +0,0.03,67708,Chroma Case
Aug 28 2015 01: +0,0.03,70835,Chroma Case
Aug 29 2015 01: +0,0.03,70350,Chroma Case
Aug 30 2015 01: +0,0.03,74974,Chroma Case
Aug 31 2015 01: +0,0.03,67217,Chroma Case
Sep 01 2015 01: +0,0.03,73737,Chroma Case
Sep 02 2015 01: +0,0.03,68672,Chroma Case
Sep 03 2015 01: +0,0.03,74944,Chroma Case
Sep 04 2015 01: +0,0.03,74390,Chroma Case
Sep 05 2015 01: +0,0.03,80744,Chroma Case
Sep 06 2015 01: +0,0.03,73110,Chroma Case
Sep 07 2015 01: +0,0.03,73035,Chroma Case
Sep 08 2015 01: +0,0.03,86441,Chroma Case
Sep 09 2015 01: +0,0.03,57446,Chroma Case
Sep 10 2015 01: +0,0.03,74220,Chroma Case
Sep 11 2015 01: +0,0.03,71522,Chroma Case
Sep 12 2015 01: +0,0.03,77601,Chroma Case
Sep 13 2015 01: +0,0.03,80378,Chroma Case
Sep 14 2015 01: +0,0.03,64413,Chroma Case
Sep 15 2015 01: +0,0.03,60444,Chroma Case
Sep 16 2015 01: +0,0.03,77071,Chroma Case
Sep 17 2015 01: +0,0.03,77552,Chroma Case
Sep 18 2015 01: +0,0.03,152595,Chroma Case
Sep 19 2015 01: +0,0.03,151635,Chroma Case
Sep 20 2015 01: +0,0.03,128117,Chroma Case
Sep 21 2015 01: +0,0.03,109600,Chroma Case
Sep 22 2015 01: +0,0.03,95045,Chroma Case
Sep 23 2015 01: +0,0.03,87208,Chroma Case
Sep 24 2015 01: +0,0.03,80629,Chroma Case
Sep 25 2015 01: +0,0.03,89070,Chroma Case
Sep 26 2015 01: +0,0.03,78555,Chroma Case
Sep 27 2015 01: +0,0.03,68169,Chroma Case
Sep 28 2015 01: +0,0.03,65924,Chroma Case
Sep 29 2015 01: +0,0.03,58249,Chroma Case
Sep 30 2015 01: +0,0.03,55835,Chroma Case
Oct 01 2015 01: +0,0.03,52381,Chroma Case
Oct 02 2015 01: +0,0.03,65820,Chroma Case
Oct 03 2015 01: +0,0.03,72520,Chroma Case
Oct 04 2015 01: +0,0.03,64921,Chroma Case
Oct 05 2015 01: +0,0.03,64446,Chroma Case
Oct 06 2015 01: +0,0.03,70005,Chroma Case
Oct 07 2015 01: +0,0.03,80480,Chroma Case
Oct 08 2015 01: +0,0.03,183590,Chroma Case
Oct 09 2015 01: +0,0.03,144475,Chroma Case
Oct 10 2015 01: +0,0.03,119137,Chroma Case
Oct 11 2015 01: +0,0.03,113881,Chroma Case
Oct 12 2015 01: +0,0.03,292085,Chroma Case
Oct 13 2015 01: +0,0.03,294339,Chroma Case
Oct 14 2015 01: +0,0.036,158872,Chroma Case
Oct 15 2015 01: +0,0.035,118899,Chroma Case
Oct 16 2015 01: +0,0.035,65717,Chroma Case
Oct 17 2015 01: +0,0.032,76070,Chroma Case
Oct 18 2015 01: +0,0.03,63529,Chroma Case
Oct 19 2015 01: +0,0.03,51039,Chroma Case
Oct 20 2015 01: +0,0.03,54406,Chroma Case
Oct 21 2015 01: +0,0.03,66605,Chroma Case
Oct 22 2015 01: +0,0.03,46277,Chroma Case
Oct 23 2015 01: +0,0.03,63021,Chroma Case
Oct 24 2015 01: +0,0.03,64324,Chroma Case
Oct 25 2015 01: +0,0.03,65161,Chroma Case
Oct 26 2015 01: +0,0.03,51328,Chroma Case
Oct 27 2015 01: +0,0.03,51611,Chroma Case
Oct 28 2015 01: +0,0.03,53222,Chroma Case
Oct 29 2015 01: +0,0.03,53002,Chroma Case
Oct 30 2015 01: +0,0.03,55659,Chroma Case
Oct 31 2015 01: +0,0.03,66730,Chroma Case
Nov 01 2015 01: +0,0.03,78425,Chroma Case
Nov 02 2015 01: +0,0.03,56324,Chroma Case
Nov 03 2015 01: +0,0.03,38862,Chroma Case
Nov 04 2015 01: +0,0.03,42254,Chroma Case
Nov 05 2015 01: +0,0.03,40733,Chroma Case
Nov 06 2015 01: +0,0.03,39479,Chroma Case
Nov 07 2015 01: +0,0.03,45094,Chroma Case
Nov 08 2015 01: +0,0.03,42020,Chroma Case
Nov 09 2015 01: +0,0.03,35526,Chroma Case
Nov 10 2015 01: +0,0.03,31841,Chroma Case
Nov 11 2015 01: +0,0.03,28421,Chroma Case
Nov 12 2015 01: +0,0.03,31008,Chroma Case
Nov 13 2015 01: +0,0.03,48223,Chroma Case
Nov 14 2015 01: +0,0.03,45880,Chroma Case
Nov 15 2015 01: +0,0.03,46644,Chroma Case
Nov 16 2015 01: +0,0.03,61945,Chroma Case
Nov 17 2015 01: +0,0.03,99011,Chroma Case
Nov 18 2015 01: +0,0.031,72163,Chroma Case
Nov 19 2015 01: +0,0.03,59506,Chroma Case
Nov 20 2015 01: +0,0.031,65609,Chroma Case
Nov 21 2015 01: +0,0.031,65855,Chroma Case
Nov 22 2015 01: +0,0.03,57665,Chroma Case
Nov 23 2015 01: +0,0.031,44217,Chroma Case
Nov 24 2015 01: +0,0.034,45287,Chroma Case
Nov 25 2015 01: +0,0.031,48395,Chroma Case
Nov 26 2015 01: +0,0.03,61111,Chroma Case
Nov 27 2015 01: +0,0.03,66273,Chroma Case
Nov 28 2015 01: +0,0.03,61967,Chroma Case
Nov 29 2015 01: +0,0.03,57509,Chroma Case
Nov 30 2015 01: +0,0.03,46843,Chroma Case
Dec 01 2015 01: +0,0.03,53579,Chroma Case
Dec 02 2015 01: +0,0.03,50489,Chroma Case
Dec 03 2015 01: +0,0.03,40601,Chroma Case
Dec 04 2015 01: +0,0.03,50041,Chroma Case
Dec 05 2015 01: +0,0.03,46572,Chroma Case
Dec 06 2015 01: +0,0.03,46260,Chroma Case
Dec 07 2015 01: +0,0.031,43145,Chroma Case
Dec 08 2015 01: +0,0.03,38480,Chroma Case
Dec 09 2015 01: +0,0.03,47185,Chroma Case
Dec 10 2015 01: +0,0.031,50106,Chroma Case
Dec 11 2015 01: +0,0.033,44144,Chroma Case
Dec 12 2015 01: +0,0.031,46760,Chroma Case
Dec 13 2015 01: +0,0.031,45173,Chroma Case
Dec 14 2015 01: +0,0.033,34952,Chroma Case
Dec 15 2015 01: +0,0.032,36627,Chroma Case
Dec 16 2015 01: +0,0.032,36911,Chroma Case
Dec 17 2015 01: +0,0.036,27517,Chroma Case
Dec 18 2015 01: +0,0.037,31515,Chroma Case
Dec 19 2015 01: +0,0.033,36291,Chroma Case
Dec 20 2015 01: +0,0.031,34296,Chroma Case
Dec 21 2015 01: +0,0.037,31276,Chroma Case
Dec 22 2015 01: +0,0.036,33116,Chroma Case
Dec 23 2015 01: +0,0.032,40226,Chroma Case
Dec 24 2015 01: +0,0.036,38276,Chroma Case
Dec 25 2015 01: +0,0.039,41402,Chroma Case
Dec 26 2015 01: +0,0.035,53271,Chroma Case
Dec 27 2015 01: +0,0.033,45442,Chroma Case
Dec 28 2015 01: +0,0.034,40564,Chroma Case
Dec 29 2015 01: +0,0.035,37573,Chroma Case
Dec 30 2015 01: +0,0.035,36441,Chroma Case
Dec 31 2015 01: +0,0.03,52900,Chroma Case
Jan 01 2016 01: +0,0.031,65344,Chroma Case
Jan 02 2016 01: +0,0.033,46759,Chroma Case
Jan 03 2016 01: +0,0.034,42976,Chroma Case
Jan 04 2016 01: +0,0.032,39366,Chroma Case
Jan 05 2016 01: +0,0.037,33897,Chroma Case
Jan 06 2016 01: +0,0.037,32144,Chroma Case
Jan 07 2016 01: +0,0.036,40498,Chroma Case
Jan 08 2016 01: +0,0.036,47633,Chroma Case
Jan 09 2016 01: +0,0.036,60611,Chroma Case
Jan 10 2016 01: +0,0.044,37719,Chroma Case
Jan 11 2016 01: +0,0.043,31855,Chroma Case
Jan 12 2016 01: +0,0.044,40567,Chroma Case
Jan 13 2016 01: +0,0.045,44553,Chroma Case
Jan 14 2016 01: +0,0.047,36510,Chroma Case
Jan 15 2016 01: +0,0.047,43292,Chroma Case
Jan 16 2016 01: +0,0.047,49798,Chroma Case
Jan 17 2016 01: +0,0.048,42042,Chroma Case
Jan 18 2016 01: +0,0.046,34367,Chroma Case
Jan 19 2016 01: +0,0.049,30935,Chroma Case
Jan 20 2016 01: +0,0.049,28906,Chroma Case
Jan 21 2016 01: +0,0.048,29728,Chroma Case
Jan 22 2016 01: +0,0.05,29534,Chroma Case
Jan 23 2016 01: +0,0.054,31194,Chroma Case
Jan 24 2016 01: +0,0.05,31351,Chroma Case
Jan 25 2016 01: +0,0.053,33454,Chroma Case
Jan 26 2016 01: +0,0.053,32137,Chroma Case
Jan 27 2016 01: +0,0.054,30450,Chroma Case
Jan 28 2016 01: +0,0.052,25736,Chroma Case
Jan 29 2016 01: +0,0.052,32153,Chroma Case
Jan 30 2016 01: +0,0.054,35460,Chroma Case
Jan 31 2016 01: +0,0.053,33441,Chroma Case
Feb 01 2016 01: +0,0.052,31922,Chroma Case
Feb 02 2016 01: +0,0.051,28713,Chroma Case
Feb 03 2016 01: +0,0.052,25243,Chroma Case
Feb 04 2016 01: +0,0.054,27144,Chroma Case
Feb 05 2016 01: +0,0.054,33699,Chroma Case
Feb 06 2016 01: +0,0.05,36893,Chroma Case
Feb 07 2016 01: +0,0.048,33042,Chroma Case
Feb 08 2016 01: +0,0.048,26295,Chroma Case
Feb 09 2016 01: +0,0.048,25321,Chroma Case
Feb 10 2016 01: +0,0.047,24433,Chroma Case
Feb 11 2016 01: +0,0.048,24730,Chroma Case
Feb 12 2016 01: +0,0.047,25255,Chroma Case
Feb 13 2016 01: +0,0.049,26446,Chroma Case
Feb 14 2016 01: +0,0.05,31185,Chroma Case
Feb 15 2016 01: +0,0.052,21964,Chroma Case
Feb 16 2016 01: +0,0.055,22726,Chroma Case
Feb 17 2016 01: +0,0.053,22640,Chroma Case
Feb 18 2016 01: +0,0.051,47550,Chroma Case
Feb 19 2016 01: +0,0.051,28045,Chroma Case
Feb 20 2016 01: +0,0.049,30451,Chroma Case
Feb 21 2016 01: +0,0.048,28856,Chroma Case
Feb 22 2016 01: +0,0.048,27389,Chroma Case
Feb 23 2016 01: +0,0.051,22254,Chroma Case
Feb 24 2016 01: +0,0.055,25412,Chroma Case
Feb 25 2016 01: +0,0.053,28391,Chroma Case
Feb 26 2016 01: +0,0.055,25248,Chroma Case
Feb 27 2016 01: +0,0.057,33858,Chroma Case
Feb 28 2016 01: +0,0.057,23669,Chroma Case
Feb 29 2016 01: +0,0.056,30319,Chroma Case
Mar 01 2016 01: +0,0.057,25665,Chroma Case
Mar 02 2016 01: +0,0.055,28224,Chroma Case
Mar 03 2016 01: +0,0.054,29040,Chroma Case
Mar 04 2016 01: +0,0.054,26407,Chroma Case
Mar 05 2016 01: +0,0.057,28810,Chroma Case
Mar 06 2016 01: +0,0.055,24861,Chroma Case
Mar 07 2016 01: +0,0.056,21294,Chroma Case
Mar 08 2016 01: +0,0.055,21357,Chroma Case
Mar 09 2016 01: +0,0.054,16815,Chroma Case
Mar 10 2016 01: +0,0.06,17893,Chroma Case
Mar 11 2016 01: +0,0.066,18181,Chroma Case
Mar 12 2016 01: +0,0.068,27113,Chroma Case
Mar 13 2016 01: +0,0.066,25081,Chroma Case
Mar 14 2016 01: +0,0.075,115500,Chroma Case
Mar 15 2016 01: +0,0.098,52393,Chroma Case
Mar 16 2016 01: +0,0.094,26737,Chroma Case
Mar 17 2016 01: +0,0.097,23496,Chroma Case
Mar 18 2016 01: +0,0.097,22007,Chroma Case
Mar 19 2016 01: +0,0.097,21541,Chroma Case
Mar 20 2016 01: +0,0.096,19997,Chroma Case
Mar 21 2016 01: +0,0.094,16253,Chroma Case
Mar 22 2016 01: +0,0.093,16019,Chroma Case
Mar 23 2016 01: +0,0.09,15545,Chroma Case
Mar 24 2016 01: +0,0.092,19439,Chroma Case
Mar 25 2016 01: +0,0.091,17953,Chroma Case
Mar 26 2016 01: +0,0.092,16905,Chroma Case
Mar 27 2016 01: +0,0.087,18336,Chroma Case
Mar 28 2016 01: +0,0.085,14600,Chroma Case
Mar 29 2016 01: +0,0.085,15775,Chroma Case
Mar 30 2016 01: +0,0.083,15597,Chroma Case
Mar 31 2016 01: +0,0.084,17751,Chroma Case
Apr 01 2016 01: +0,0.089,21081,Chroma Case
Apr 02 2016 01: +0,0.091,19345,Chroma Case
Apr 03 2016 01: +0,0.083,28956,Chroma Case
Apr 04 2016 01: +0,0.091,22226,Chroma Case
Apr 05 2016 01: +0,0.095,18316,Chroma Case
Apr 06 2016 01: +0,0.097,16016,Chroma Case
Apr 07 2016 01: +0,0.096,15378,Chroma Case
Apr 08 2016 01: +0,0.1,18896,Chroma Case
Apr 09 2016 01: +0,0.097,17867,Chroma Case
Apr 10 2016 01: +0,0.096,19353,Chroma Case
Apr 11 2016 01: +0,0.094,14893,Chroma Case
Apr 12 2016 01: +0,0.099,15710,Chroma Case
Apr 13 2016 01: +0,0.096,12794,Chroma Case
Apr 14 2016 01: +0,0.098,13758,Chroma Case
Apr 15 2016 01: +0,0.099,16213,Chroma Case
Apr 16 2016 01: +0,0.097,16593,Chroma Case
Apr 17 2016 01: +0,0.092,15349,Chroma Case
Apr 18 2016 01: +0,0.093,14315,Chroma Case
Apr 19 2016 01: +0,0.092,12728,Chroma Case
Apr 20 2016 01: +0,0.094,12068,Chroma Case
Apr 21 2016 01: +0,0.093,12199,Chroma Case
Apr 22 2016 01: +0,0.092,13117,Chroma Case
Apr 23 2016 01: +0,0.094,14327,Chroma Case
Apr 24 2016 01: +0,0.09,14513,Chroma Case
Apr 25 2016 01: +0,0.092,14732,Chroma Case
Apr 26 2016 01: +0,0.091,12411,Chroma Case
Apr 27 2016 01: +0,0.094,13897,Chroma Case
Apr 28 2016 01: +0,0.088,16057,Chroma Case
Apr 29 2016 01: +0,0.094,21522,Chroma Case
Apr 30 2016 01: +0,0.095,19004,Chroma Case
May 01 2016 01: +0,0.09,17104,Chroma Case
May 02 2016 01: +0,0.09,15186,Chroma Case
May 03 2016 01: +0,0.092,14049,Chroma Case
May 04 2016 01: +0,0.09,13919,Chroma Case
May 05 2016 01: +0,0.091,13807,Chroma Case
May 06 2016 01: +0,0.091,14507,Chroma Case
May 07 2016 01: +0,0.088,13891,Chroma Case
May 08 2016 01: +0,0.089,14464,Chroma Case
May 09 2016 01: +0,0.084,11487,Chroma Case
May 10 2016 01: +0,0.088,11325,Chroma Case
May 11 2016 01: +0,0.085,11791,Chroma Case
May 12 2016 01: +0,0.085,12076,Chroma Case
May 13 2016 01: +0,0.086,12517,Chroma Case
May 14 2016 01: +0,0.083,16113,Chroma Case
May 15 2016 01: +0,0.08,13517,Chroma Case
May 16 2016 01: +0,0.078,11219,Chroma Case
May 17 2016 01: +0,0.075,11483,Chroma Case
May 18 2016 01: +0,0.075,9425,Chroma Case
May 19 2016 01: +0,0.076,11074,Chroma Case
May 20 2016 01: +0,0.075,10710,Chroma Case
May 21 2016 01: +0,0.073,11363,Chroma Case
May 22 2016 01: +0,0.074,9524,Chroma Case
May 23 2016 01: +0,0.072,8301,Chroma Case
May 24 2016 01: +0,0.073,9624,Chroma Case
May 25 2016 01: +0,0.075,8915,Chroma Case
May 26 2016 01: +0,0.073,8086,Chroma Case
May 27 2016 01: +0,0.076,9935,Chroma Case
May 28 2016 01: +0,0.076,9739,Chroma Case
May 29 2016 01: +0,0.074,9321,Chroma Case
May 30 2016 01: +0,0.072,8891,Chroma Case
May 31 2016 01: +0,0.072,9064,Chroma Case
Jun 01 2016 01: +0,0.074,11297,Chroma Case
Jun 02 2016 01: +0,0.071,9897,Chroma Case
Jun 03 2016 01: +0,0.072,10500,Chroma Case
Jun 04 2016 01: +0,0.074,11180,Chroma Case
Jun 05 2016 01: +0,0.072,9767,Chroma Case
Jun 06 2016 01: +0,0.068,9285,Chroma Case
Jun 07 2016 01: +0,0.066,6872,Chroma Case
Jun 08 2016 01: +0,0.067,8491,Chroma Case
Jun 09 2016 01: +0,0.068,10351,Chroma Case
Jun 10 2016 01: +0,0.068,8911,Chroma Case
Jun 11 2016 01: +0,0.068,8744,Chroma Case
Jun 12 2016 01: +0,0.069,7792,Chroma Case
Jun 13 2016 01: +0,0.066,8123,Chroma Case
Jun 14 2016 01: +0,0.067,7618,Chroma Case
Jun 15 2016 01: +0,0.064,7864,Chroma Case
Jun 16 2016 01: +0,0.067,9262,Chroma Case
Jun 17 2016 01: +0,0.065,10687,Chroma Case
Jun 18 2016 01: +0,0.068,10039,Chroma Case
Jun 19 2016 01: +0,0.067,9364,Chroma Case
Jun 20 2016 01: +0,0.066,9156,Chroma Case
Jun 21 2016 01: +0,0.065,8533,Chroma Case
Jun 22 2016 01: +0,0.066,8658,Chroma Case
Jun 23 2016 01: +0,0.06,10035,Chroma Case
Jun 24 2016 01: +0,0.057,10393,Chroma Case
Jun 25 2016 01: +0,0.056,9294,Chroma Case
Jun 26 2016 01: +0,0.057,9112,Chroma Case
Jun 27 2016 01: +0,0.056,9201,Chroma Case
Jun 28 2016 01: +0,0.053,9363,Chroma Case
Jun 29 2016 01: +0,0.054,8021,Chroma Case
Jun 30 2016 01: +0,0.05,10321,Chroma Case
Jul 01 2016 01: +0,0.055,9284,Chroma Case
Jul 02 2016 01: +0,0.056,8430,Chroma Case
Jul 03 2016 01: +0,0.051,7254,Chroma Case
Jul 04 2016 01: +0,0.05,8884,Chroma Case
Jul 05 2016 01: +0,0.052,7458,Chroma Case
Jul 06 2016 01: +0,0.054,7007,Chroma Case
Jul 07 2016 01: +0,0.054,6885,Chroma Case
Jul 08 2016 01: +0,0.055,7394,Chroma Case
Jul 09 2016 01: +0,0.055,8424,Chroma Case
Jul 10 2016 01: +0,0.052,9325,Chroma Case
Jul 11 2016 01: +0,0.056,7736,Chroma Case
Jul 12 2016 01: +0,0.057,7498,Chroma Case
Jul 13 2016 01: +0,0.057,7031,Chroma Case
Jul 14 2016 01: +0,0.054,7856,Chroma Case
Jul 15 2016 01: +0,0.059,8819,Chroma Case
Jul 16 2016 01: +0,0.063,11006,Chroma Case
Jul 17 2016 01: +0,0.064,6365,Chroma Case
Jul 18 2016 01: +0,0.062,6042,Chroma Case
Jul 19 2016 01: +0,0.059,6017,Chroma Case
Jul 20 2016 01: +0,0.057,5878,Chroma Case
Jul 21 2016 01: +0,0.06,5275,Chroma Case
Jul 22 2016 01: +0,0.06,5288,Chroma Case
Jul 23 2016 01: +0,0.06,5493,Chroma Case
Jul 24 2016 01: +0,0.061,7528,Chroma Case
Jul 25 2016 01: +0,0.063,6146,Chroma Case
Jul 26 2016 01: +0,0.063,5969,Chroma Case
Jul 27 2016 01: +0,0.06,6910,Chroma Case
Jul 28 2016 01: +0,0.061,14750,Chroma Case
Jul 29 2016 01: +0,0.062,7234,Chroma Case
Jul 30 2016 01: +0,0.061,6518,Chroma Case
Jul 31 2016 01: +0,0.064,6051,Chroma Case
Aug 01 2016 01: +0,0.062,7636,Chroma Case
Aug 02 2016 01: +0,0.064,5830,Chroma Case
Aug 03 2016 01: +0,0.063,5850,Chroma Case
Aug 04 2016 01: +0,0.065,6271,Chroma Case
Aug 05 2016 01: +0,0.065,5150,Chroma Case
Aug 06 2016 01: +0,0.063,6066,Chroma Case
Aug 07 2016 01: +0,0.061,5917,Chroma Case
Aug 08 2016 01: +0,0.059,7129,Chroma Case
Aug 09 2016 01: +0,0.06,6662,Chroma Case
Aug 10 2016 01: +0,0.058,6887,Chroma Case
Aug 11 2016 01: +0,0.059,5871,Chroma Case
Aug 12 2016 01: +0,0.06,5426,Chroma Case
Aug 13 2016 01: +0,0.063,5923,Chroma Case
Aug 14 2016 01: +0,0.058,5865,Chroma Case
Aug 15 2016 01: +0,0.059,5051,Chroma Case
Aug 16 2016 01: +0,0.059,5333,Chroma Case
Aug 17 2016 01: +0,0.057,4981,Chroma Case
Aug 18 2016 01: +0,0.056,4764,Chroma Case
Aug 19 2016 01: +0,0.053,6398,Chroma Case
Aug 20 2016 01: +0,0.054,7513,Chroma Case
Aug 21 2016 01: +0,0.055,5927,Chroma Case
Aug 22 2016 01: +0,0.051,5973,Chroma Case
Aug 23 2016 01: +0,0.052,5509,Chroma Case
Aug 24 2016 01: +0,0.053,5808,Chroma Case
Aug 25 2016 01: +0,0.053,6889,Chroma Case
Aug 26 2016 01: +0,0.052,5994,Chroma Case
Aug 27 2016 01: +0,0.054,5790,Chroma Case
Aug 28 2016 01: +0,0.051,6845,Chroma Case
Aug 29 2016 01: +0,0.05,6430,Chroma Case
Aug 30 2016 01: +0,0.051,5840,Chroma Case
Aug 31 2016 01: +0,0.05,4991,Chroma Case
Sep 01 2016 01: +0,0.05,6084,Chroma Case
Sep 02 2016 01: +0,0.048,5928,Chroma Case
Sep 03 2016 01: +0,0.049,7782,Chroma Case
Sep 04 2016 01: +0,0.048,5854,Chroma Case
Sep 05 2016 01: +0,0.049,5752,Chroma Case
Sep 06 2016 01: +0,0.049,5658,Chroma Case
Sep 07 2016 01: +0,0.045,4987,Chroma Case
Sep 08 2016 01: +0,0.044,4770,Chroma Case
Sep 09 2016 01: +0,0.047,5231,Chroma Case
Sep 10 2016 01: +0,0.048,6470,Chroma Case
Sep 11 2016 01: +0,0.044,5884,Chroma Case
Sep 12 2016 01: +0,0.043,5061,Chroma Case
Sep 13 2016 01: +0,0.045,4248,Chroma Case
Sep 14 2016 01: +0,0.043,4192,Chroma Case
Sep 15 2016 01: +0,0.045,4636,Chroma Case
Sep 16 2016 01: +0,0.047,4945,Chroma Case
Sep 17 2016 01: +0,0.044,5309,Chroma Case
Sep 18 2016 01: +0,0.043,5428,Chroma Case
Sep 19 2016 01: +0,0.044,4844,Chroma Case
Sep 20 2016 01: +0,0.043,7649,Chroma Case
Sep 21 2016 01: +0,0.043,6343,Chroma Case
Sep 22 2016 01: +0,0.041,5453,Chroma Case
Sep 23 2016 01: +0,0.045,5957,Chroma Case
Sep 24 2016 01: +0,0.046,5373,Chroma Case
Sep 25 2016 01: +0,0.042,6440,Chroma Case
Sep 26 2016 01: +0,0.044,5363,Chroma Case
Sep 27 2016 01: +0,0.044,4787,Chroma Case
Sep 28 2016 01: +0,0.045,4333,Chroma Case
Sep 29 2016 01: +0,0.045,7316,Chroma Case
Sep 30 2016 01: +0,0.045,5310,Chroma Case
Oct 01 2016 01: +0,0.046,4969,Chroma Case
Oct 02 2016 01: +0,0.043,5383,Chroma Case
Oct 03 2016 01: +0,0.044,4395,Chroma Case
Oct 04 2016 01: +0,0.043,4940,Chroma Case
Oct 05 2016 01: +0,0.046,3541,Chroma Case
Oct 06 2016 01: +0,0.039,4227,Chroma Case
Oct 07 2016 01: +0,0.043,5411,Chroma Case
Oct 08 2016 01: +0,0.044,5124,Chroma Case
Oct 09 2016 01: +0,0.045,5103,Chroma Case
Oct 10 2016 01: +0,0.043,4143,Chroma Case
Oct 11 2016 01: +0,0.048,3767,Chroma Case
Oct 12 2016 01: +0,0.044,3443,Chroma Case
Oct 13 2016 01: +0,0.046,3365,Chroma Case
Oct 14 2016 01: +0,0.042,3940,Chroma Case
Oct 15 2016 01: +0,0.046,4202,Chroma Case
Oct 16 2016 01: +0,0.044,4762,Chroma Case
Oct 17 2016 01: +0,0.043,3912,Chroma Case
Oct 18 2016 01: +0,0.046,4668,Chroma Case
Oct 19 2016 01: +0,0.04,7793,Chroma Case
Oct 20 2016 01: +0,0.047,23657,Chroma Case
Oct 21 2016 01: +0,0.055,18807,Chroma Case
Oct 22 2016 01: +0,0.066,23371,Chroma Case
Oct 23 2016 01: +0,0.073,20286,Chroma Case
Oct 24 2016 01: +0,0.061,8208,Chroma Case
Oct 25 2016 01: +0,0.069,14927,Chroma Case
Oct 26 2016 01: +0,0.077,9887,Chroma Case
Oct 27 2016 01: +0,0.077,12721,Chroma Case
Oct 28 2016 01: +0,0.074,12523,Chroma Case
Oct 29 2016 01: +0,0.069,13929,Chroma Case
Oct 30 2016 01: +0,0.068,18045,Chroma Case
Oct 31 2016 01: +0,0.067,20815,Chroma Case
Nov 01 2016 01: +0,0.095,71990,Chroma Case
Nov 02 2016 01: +0,0.082,26259,Chroma Case
Nov 03 2016 01: +0,0.099,25449,Chroma Case
Nov 04 2016 01: +0,0.101,24590,Chroma Case
Nov 05 2016 01: +0,0.098,25940,Chroma Case
Nov 06 2016 01: +0,0.093,18627,Chroma Case
Nov 07 2016 01: +0,0.079,35374,Chroma Case
Nov 08 2016 01: +0,0.071,28740,Chroma Case
Nov 09 2016 01: +0,0.082,58973,Chroma Case
Nov 10 2016 01: +0,0.102,33962,Chroma Case
Nov 11 2016 01: +0,0.101,50746,Chroma Case
Nov 12 2016 01: +0,0.121,58485,Chroma Case
Nov 13 2016 01: +0,0.124,33664,Chroma Case
Nov 14 2016 01: +0,0.124,27115,Chroma Case
Nov 15 2016 01: +0,0.117,22283,Chroma Case
Nov 16 2016 01: +0,0.115,15468,Chroma Case
Nov 17 2016 01: +0,0.105,17325,Chroma Case
Nov 18 2016 01: +0,0.095,12874,Chroma Case
Nov 19 2016 01: +0,0.086,14378,Chroma Case
Nov 20 2016 01: +0,0.083,13131,Chroma Case
Nov 21 2016 01: +0,0.086,7491,Chroma Case
Nov 22 2016 01: +0,0.087,9980,Chroma Case
Nov 23 2016 01: +0,0.076,9144,Chroma Case
Nov 24 2016 01: +0,0.067,14016,Chroma Case
Nov 25 2016 01: +0,0.068,10051,Chroma Case
Nov 26 2016 01: +0,0.073,11623,Chroma Case
Nov 27 2016 01: +0,0.074,10331,Chroma Case
Nov 28 2016 01: +0,0.071,10369,Chroma Case
Nov 29 2016 01: +0,0.076,10625,Chroma Case
Nov 30 2016 01: +0,0.075,7800,Chroma Case
Dec 01 2016 01: +0,0.078,9934,Chroma Case
Dec 02 2016 01: +0,0.081,7965,Chroma Case
Dec 03 2016 01: +0,0.078,7641,Chroma Case
Dec 04 2016 01: +0,0.075,9857,Chroma Case
Dec 05 2016 01: +0,0.075,8119,Chroma Case
Dec 06 2016 01: +0,0.072,5870,Chroma Case
Dec 07 2016 01: +0,0.071,7521,Chroma Case
Dec 08 2016 01: +0,0.071,6026,Chroma Case
Dec 09 2016 01: +0,0.074,5377,Chroma Case
Dec 10 2016 01: +0,0.07,5919,Chroma Case
Dec 11 2016 01: +0,0.074,7378,Chroma Case
Dec 12 2016 01: +0,0.071,5580,Chroma Case
Dec 13 2016 01: +0,0.072,13220,Chroma Case
Dec 14 2016 01: +0,0.068,5908,Chroma Case
Dec 15 2016 01: +0,0.067,6082,Chroma Case
Dec 16 2016 01: +0,0.065,7110,Chroma Case
Dec 17 2016 01: +0,0.064,7214,Chroma Case
Dec 18 2016 01: +0,0.06,10324,Chroma Case
Dec 19 2016 01: +0,0.061,6791,Chroma Case
Dec 20 2016 01: +0,0.062,5749,Chroma Case
Dec 21 2016 01: +0,0.059,5396,Chroma Case
Dec 22 2016 01: +0,0.055,6554,Chroma Case
Dec 23 2016 01: +0,0.05,6823,Chroma Case
Dec 24 2016 01: +0,0.051,7959,Chroma Case
Dec 25 2016 01: +0,0.055,9294,Chroma Case
Dec 26 2016 01: +0,0.059,7099,Chroma Case
Dec 27 2016 01: +0,0.058,7676,Chroma Case
Dec 28 2016 01: +0,0.053,7000,Chroma Case
Dec 29 2016 01: +0,0.055,8559,Chroma Case
Dec 30 2016 01: +0,0.063,7481,Chroma Case
Dec 31 2016 01: +0,0.065,12545,Chroma Case
Jan 01 2017 01: +0,0.068,10424,Chroma Case
Jan 02 2017 01: +0,0.067,11865,Chroma Case
Jan 03 2017 01: +0,0.074,7369,Chroma Case
Jan 04 2017 01: +0,0.071,6607,Chroma Case
Jan 05 2017 01: +0,0.068,5703,Chroma Case
Jan 06 2017 01: +0,0.068,6492,Chroma Case
Jan 07 2017 01: +0,0.072,8159,Chroma Case
Jan 08 2017 01: +0,0.071,7258,Chroma Case
Jan 09 2017 01: +0,0.066,7506,Chroma Case
Jan 10 2017 01: +0,0.069,6426,Chroma Case
Jan 11 2017 01: +0,0.069,8204,Chroma Case
Jan 12 2017 01: +0,0.066,5642,Chroma Case
Jan 13 2017 01: +0,0.068,6182,Chroma Case
Jan 14 2017 01: +0,0.066,7085,Chroma Case
Jan 15 2017 01: +0,0.061,7052,Chroma Case
Jan 16 2017 01: +0,0.065,6353,Chroma Case
Jan 17 2017 01: +0,0.066,5833,Chroma Case
Jan 18 2017 01: +0,0.064,4842,Chroma Case
Jan 19 2017 01: +0,0.062,5655,Chroma Case
Jan 20 2017 01: +0,0.061,5254,Chroma Case
Jan 21 2017 01: +0,0.061,5861,Chroma Case
Jan 22 2017 01: +0,0.061,6972,Chroma Case
Jan 23 2017 01: +0,0.058,6234,Chroma Case
Jan 24 2017 01: +0,0.057,6191,Chroma Case
Jan 25 2017 01: +0,0.057,5096,Chroma Case
Jan 26 2017 01: +0,0.056,5812,Chroma Case
Jan 27 2017 01: +0,0.053,6329,Chroma Case
Jan 28 2017 01: +0,0.058,6162,Chroma Case
Jan 29 2017 01: +0,0.054,7262,Chroma Case
Jan 30 2017 01: +0,0.056,6413,Chroma Case
Jan 31 2017 01: +0,0.059,5579,Chroma Case
Feb 01 2017 01: +0,0.059,4890,Chroma Case
Feb 02 2017 01: +0,0.062,5376,Chroma Case
Feb 03 2017 01: +0,0.062,6206,Chroma Case
Feb 04 2017 01: +0,0.065,6178,Chroma Case
Feb 05 2017 01: +0,0.06,6379,Chroma Case
Feb 06 2017 01: +0,0.058,5006,Chroma Case
Feb 07 2017 01: +0,0.063,5104,Chroma Case
Feb 08 2017 01: +0,0.061,4819,Chroma Case
Feb 09 2017 01: +0,0.061,5060,Chroma Case
Feb 10 2017 01: +0,0.057,6924,Chroma Case
Feb 11 2017 01: +0,0.055,7837,Chroma Case
Feb 12 2017 01: +0,0.054,5351,Chroma Case
Feb 13 2017 01: +0,0.055,5143,Chroma Case
Feb 14 2017 01: +0,0.057,4844,Chroma Case
Feb 15 2017 01: +0,0.054,4476,Chroma Case
Feb 16 2017 01: +0,0.053,6238,Chroma Case
Feb 17 2017 01: +0,0.053,4939,Chroma Case
Feb 18 2017 01: +0,0.052,6508,Chroma Case
Feb 19 2017 01: +0,0.054,5747,Chroma Case
Feb 20 2017 01: +0,0.054,6059,Chroma Case
Feb 21 2017 01: +0,0.053,5554,Chroma Case
Feb 22 2017 01: +0,0.056,6422,Chroma Case
Feb 23 2017 01: +0,0.055,5867,Chroma Case
Feb 24 2017 01: +0,0.055,6142,Chroma Case
Feb 25 2017 01: +0,0.053,7634,Chroma Case
Feb 26 2017 01: +0,0.056,11958,Chroma Case
Feb 27 2017 01: +0,0.061,19558,Chroma Case
Feb 28 2017 01: +0,0.072,12382,Chroma Case
Mar 01 2017 01: +0,0.08,15315,Chroma Case
Mar 02 2017 01: +0,0.084,10370,Chroma Case
Mar 03 2017 01: +0,0.081,8197,Chroma Case
Mar 04 2017 01: +0,0.082,7346,Chroma Case
Mar 05 2017 01: +0,0.078,6823,Chroma Case
Mar 06 2017 01: +0,0.075,4798,Chroma Case
Mar 07 2017 01: +0,0.076,5033,Chroma Case
Mar 08 2017 01: +0,0.075,4568,Chroma Case
Mar 09 2017 01: +0,0.069,4061,Chroma Case
Mar 10 2017 01: +0,0.073,6716,Chroma Case
Mar 11 2017 01: +0,0.073,7385,Chroma Case
Mar 12 2017 01: +0,0.072,4749,Chroma Case
Mar 13 2017 01: +0,0.072,4670,Chroma Case
Mar 14 2017 01: +0,0.072,4643,Chroma Case
Mar 15 2017 01: +0,0.071,4497,Chroma Case
Mar 16 2017 01: +0,0.072,4787,Chroma Case
Mar 17 2017 01: +0,0.076,5483,Chroma Case
Mar 18 2017 01: +0,0.075,7189,Chroma Case
Mar 19 2017 01: +0,0.071,7097,Chroma Case
Mar 20 2017 01: +0,0.063,7575,Chroma Case
Mar 21 2017 01: +0,0.068,5683,Chroma Case
Mar 22 2017 01: +0,0.067,7558,Chroma Case
Mar 23 2017 01: +0,0.07,5876,Chroma Case
Mar 24 2017 01: +0,0.066,6940,Chroma Case
Mar 25 2017 01: +0,0.07,6527,Chroma Case
Mar 26 2017 01: +0,0.067,5976,Chroma Case
Mar 27 2017 01: +0,0.064,6682,Chroma Case
Mar 28 2017 01: +0,0.067,6269,Chroma Case
Mar 29 2017 01: +0,0.067,5144,Chroma Case
Mar 30 2017 01: +0,0.068,6083,Chroma Case
Mar 31 2017 01: +0,0.065,6133,Chroma Case
Apr 01 2017 01: +0,0.067,7150,Chroma Case
Apr 02 2017 01: +0,0.065,6059,Chroma Case
Apr 03 2017 01: +0,0.059,5653,Chroma Case
Apr 04 2017 01: +0,0.064,4856,Chroma Case
Apr 05 2017 01: +0,0.063,4524,Chroma Case
Apr 06 2017 01: +0,0.063,5381,Chroma Case
Apr 07 2017 01: +0,0.065,4489,Chroma Case
Apr 08 2017 01: +0,0.065,5281,Chroma Case
Apr 09 2017 01: +0,0.065,4565,Chroma Case
Apr 10 2017 01: +0,0.066,5285,Chroma Case
Apr 11 2017 01: +0,0.067,4278,Chroma Case
Apr 12 2017 01: +0,0.065,4662,Chroma Case
Apr 13 2017 01: +0,0.066,5236,Chroma Case
Apr 14 2017 01: +0,0.062,4865,Chroma Case
Apr 15 2017 01: +0,0.06,5131,Chroma Case
Apr 16 2017 01: +0,0.06,5474,Chroma Case
Apr 17 2017 01: +0,0.059,5691,Chroma Case
Apr 18 2017 01: +0,0.057,5251,Chroma Case
Apr 19 2017 01: +0,0.056,4887,Chroma Case
Apr 20 2017 01: +0,0.056,5078,Chroma Case
Apr 21 2017 01: +0,0.06,5339,Chroma Case
Apr 22 2017 01: +0,0.06,5703,Chroma Case
Apr 23 2017 01: +0,0.059,5561,Chroma Case
Apr 24 2017 01: +0,0.057,5053,Chroma Case
Apr 25 2017 01: +0,0.055,5537,Chroma Case
Apr 26 2017 01: +0,0.058,4734,Chroma Case
Apr 27 2017 01: +0,0.059,4501,Chroma Case
Apr 28 2017 01: +0,0.06,5600,Chroma Case
Apr 29 2017 01: +0,0.058,6138,Chroma Case
Apr 30 2017 01: +0,0.059,5473,Chroma Case
May 01 2017 01: +0,0.057,5707,Chroma Case
May 02 2017 01: +0,0.057,4352,Chroma Case
May 03 2017 01: +0,0.057,4813,Chroma Case
May 04 2017 01: +0,0.057,4129,Chroma Case
May 05 2017 01: +0,0.056,5179,Chroma Case
May 06 2017 01: +0,0.054,5510,Chroma Case
May 07 2017 01: +0,0.055,5481,Chroma Case
May 08 2017 01: +0,0.054,4075,Chroma Case
May 09 2017 01: +0,0.053,4402,Chroma Case
May 10 2017 01: +0,0.053,4522,Chroma Case
May 11 2017 01: +0,0.053,5485,Chroma Case
May 12 2017 01: +0,0.055,4350,Chroma Case
May 13 2017 01: +0,0.056,5687,Chroma Case
May 14 2017 01: +0,0.055,5108,Chroma Case
May 15 2017 01: +0,0.056,6031,Chroma Case
May 16 2017 01: +0,0.057,4296,Chroma Case
May 17 2017 01: +0,0.055,4432,Chroma Case
May 18 2017 01: +0,0.058,4255,Chroma Case
May 19 2017 01: +0,0.057,4117,Chroma Case
May 20 2017 01: +0,0.057,5814,Chroma Case
May 21 2017 01: +0,0.055,5099,Chroma Case
May 22 2017 01: +0,0.055,4885,Chroma Case
May 23 2017 01: +0,0.056,3803,Chroma Case
May 24 2017 01: +0,0.047,7180,Chroma Case
May 25 2017 01: +0,0.049,5179,Chroma Case
May 26 2017 01: +0,0.05,4865,Chroma Case
May 27 2017 01: +0,0.052,3958,Chroma Case
May 28 2017 01: +0,0.051,5202,Chroma Case
May 29 2017 01: +0,0.05,4351,Chroma Case
May 30 2017 01: +0,0.052,4055,Chroma Case
May 31 2017 01: +0,0.056,6579,Chroma Case
Jun 01 2017 01: +0,0.054,4824,Chroma Case
Jun 02 2017 01: +0,0.057,6262,Chroma Case
Jun 03 2017 01: +0,0.058,4790,Chroma Case
Jun 04 2017 01: +0,0.056,4205,Chroma Case
Jun 05 2017 01: +0,0.058,4766,Chroma Case
Jun 06 2017 01: +0,0.062,3964,Chroma Case
Jun 07 2017 01: +0,0.06,3325,Chroma Case
Jun 08 2017 01: +0,0.057,4386,Chroma Case
Jun 09 2017 01: +0,0.058,3607,Chroma Case
Jun 10 2017 01: +0,0.055,6413,Chroma Case
Jun 11 2017 01: +0,0.059,3944,Chroma Case
Jun 12 2017 01: +0,0.057,5056,Chroma Case
Jun 13 2017 01: +0,0.058,5440,Chroma Case
Jun 14 2017 01: +0,0.054,3785,Chroma Case
Jun 15 2017 01: +0,0.051,11578,Chroma Case
Jun 16 2017 01: +0,0.057,4569,Chroma Case
Jun 17 2017 01: +0,0.05,3766,Chroma Case
Jun 18 2017 01: +0,0.051,3781,Chroma Case
Jun 19 2017 01: +0,0.049,3763,Chroma Case
Jun 20 2017 01: +0,0.05,3311,Chroma Case
Jun 21 2017 01: +0,0.05,3165,Chroma Case
Jun 22 2017 01: +0,0.045,4175,Chroma Case
Jun 23 2017 01: +0,0.04,8446,Chroma Case
Jun 24 2017 01: +0,0.045,4088,Chroma Case
Jun 25 2017 01: +0,0.044,4085,Chroma Case
Jun 26 2017 01: +0,0.044,4315,Chroma Case
Jun 27 2017 01: +0,0.046,3419,Chroma Case
Jun 28 2017 01: +0,0.043,3466,Chroma Case
Jun 29 2017 01: +0,0.044,4306,Chroma Case
Jun 30 2017 01: +0,0.05,4375,Chroma Case
Jul 01 2017 01: +0,0.047,4400,Chroma Case
Jul 02 2017 01: +0,0.043,3495,Chroma Case
Jul 03 2017 01: +0,0.044,3404,Chroma Case
Jul 04 2017 01: +0,0.042,4211,Chroma Case
Jul 05 2017 01: +0,0.041,3557,Chroma Case
Jul 06 2017 01: +0,0.046,4079,Chroma Case
Jul 07 2017 01: +0,0.05,3652,Chroma Case
Jul 08 2017 01: +0,0.047,3521,Chroma Case
Jul 09 2017 01: +0,0.047,3179,Chroma Case
Jul 10 2017 01: +0,0.044,4908,Chroma Case
Jul 11 2017 01: +0,0.049,3742,Chroma Case
Jul 12 2017 01: +0,0.047,3240,Chroma Case
Jul 13 2017 01: +0,0.048,2740,Chroma Case
Jul 14 2017 01: +0,0.051,3257,Chroma Case
Jul 15 2017 01: +0,0.049,3865,Chroma Case
Jul 16 2017 01: +0,0.045,3843,Chroma Case
Jul 17 2017 01: +0,0.051,3999,Chroma Case
Jul 18 2017 01: +0,0.051,3985,Chroma Case
Jul 19 2017 01: +0,0.048,3679,Chroma Case
Jul 20 2017 01: +0,0.048,4292,Chroma Case
Jul 21 2017 01: +0,0.048,4537,Chroma Case
Jul 22 2017 01: +0,0.05,4135,Chroma Case
Jul 23 2017 01: +0,0.043,5917,Chroma Case
Jul 24 2017 01: +0,0.044,4252,Chroma Case
Jul 25 2017 01: +0,0.047,4120,Chroma Case
Jul 26 2017 01: +0,0.048,3748,Chroma Case
Jul 27 2017 01: +0,0.049,4666,Chroma Case
Jul 28 2017 01: +0,0.051,3543,Chroma Case
Jul 29 2017 01: +0,0.046,4434,Chroma Case
Jul 30 2017 01: +0,0.05,4064,Chroma Case
Jul 31 2017 01: +0,0.051,3687,Chroma Case
Aug 01 2017 01: +0,0.053,4422,Chroma Case
Aug 02 2017 01: +0,0.052,5291,Chroma Case
Aug 03 2017 01: +0,0.051,4347,Chroma Case
Aug 04 2017 01: +0,0.054,4592,Chroma Case
Aug 05 2017 01: +0,0.054,4610,Chroma Case
Aug 06 2017 01: +0,0.052,4201,Chroma Case
Aug 07 2017 01: +0,0.045,5550,Chroma Case
Aug 08 2017 01: +0,0.048,3951,Chroma Case
Aug 09 2017 01: +0,0.046,4093,Chroma Case
Aug 10 2017 01: +0,0.043,4615,Chroma Case
Aug 11 2017 01: +0,0.044,3592,Chroma Case
Aug 12 2017 01: +0,0.048,3449,Chroma Case
Aug 13 2017 01: +0,0.045,3668,Chroma Case
Aug 14 2017 01: +0,0.046,5233,Chroma Case
Aug 15 2017 01: +0,0.049,3785,Chroma Case
Aug 16 2017 01: +0,0.045,2811,Chroma Case
Aug 17 2017 01: +0,0.046,3209,Chroma Case
Aug 18 2017 01: +0,0.044,4054,Chroma Case
Aug 19 2017 01: +0,0.043,3977,Chroma Case
Aug 20 2017 01: +0,0.045,4511,Chroma Case
Aug 21 2017 01: +0,0.045,3008,Chroma Case
Aug 22 2017 01: +0,0.045,3896,Chroma Case
Aug 23 2017 01: +0,0.046,3005,Chroma Case
Aug 24 2017 01: +0,0.039,3501,Chroma Case
Aug 25 2017 01: +0,0.042,4218,Chroma Case
Aug 26 2017 01: +0,0.043,3670,Chroma Case
Aug 27 2017 01: +0,0.041,3820,Chroma Case
Aug 28 2017 01: +0,0.039,3610,Chroma Case
Aug 29 2017 01: +0,0.037,3734,Chroma Case
Aug 30 2017 01: +0,0.037,3380,Chroma Case
Aug 31 2017 01: +0,0.042,2887,Chroma Case
Sep 01 2017 01: +0,0.044,3713,Chroma Case
Sep 02 2017 01: +0,0.044,2771,Chroma Case
Sep 03 2017 01: +0,0.042,3133,Chroma Case
Sep 04 2017 01: +0,0.041,3231,Chroma Case
Sep 05 2017 01: +0,0.043,3404,Chroma Case
Sep 06 2017 01: +0,0.045,3382,Chroma Case
Sep 07 2017 01: +0,0.047,2716,Chroma Case
Sep 08 2017 01: +0,0.045,4021,Chroma Case
Sep 09 2017 01: +0,0.048,3260,Chroma Case
Sep 10 2017 01: +0,0.048,3152,Chroma Case
Sep 11 2017 01: +0,0.047,3512,Chroma Case
Sep 12 2017 01: +0,0.044,2715,Chroma Case
Sep 13 2017 01: +0,0.046,3196,Chroma Case
Sep 14 2017 01: +0,0.04,4447,Chroma Case
Sep 15 2017 01: +0,0.044,4083,Chroma Case
Sep 16 2017 01: +0,0.043,6744,Chroma Case
Sep 17 2017 01: +0,0.044,5267,Chroma Case
Sep 18 2017 01: +0,0.043,4104,Chroma Case
Sep 19 2017 01: +0,0.045,2713,Chroma Case
Sep 20 2017 01: +0,0.044,2513,Chroma Case
Sep 21 2017 01: +0,0.043,2716,Chroma Case
Sep 22 2017 01: +0,0.041,4307,Chroma Case
Sep 23 2017 01: +0,0.041,5139,Chroma Case
Sep 24 2017 01: +0,0.044,4637,Chroma Case
Sep 25 2017 01: +0,0.042,3523,Chroma Case
Sep 26 2017 01: +0,0.044,2773,Chroma Case
Sep 27 2017 01: +0,0.044,3243,Chroma Case
Sep 28 2017 01: +0,0.039,2672,Chroma Case
Sep 29 2017 01: +0,0.043,3187,Chroma Case
Sep 30 2017 01: +0,0.043,3397,Chroma Case
Oct 01 2017 01: +0,0.041,3583,Chroma Case
Oct 02 2017 01: +0,0.036,3554,Chroma Case
Oct 03 2017 01: +0,0.036,3053,Chroma Case
Oct 04 2017 01: +0,0.04,3436,Chroma Case
Oct 05 2017 01: +0,0.046,2952,Chroma Case
Oct 06 2017 01: +0,0.046,4622,Chroma Case
Oct 07 2017 01: +0,0.045,3623,Chroma Case
Oct 08 2017 01: +0,0.046,2516,Chroma Case
Oct 09 2017 01: +0,0.046,3393,Chroma Case
Oct 10 2017 01: +0,0.041,3196,Chroma Case
Oct 11 2017 01: +0,0.043,3005,Chroma Case
Oct 12 2017 01: +0,0.042,2689,Chroma Case
Oct 13 2017 01: +0,0.049,3487,Chroma Case
Oct 14 2017 01: +0,0.046,3330,Chroma Case
Oct 15 2017 01: +0,0.044,3308,Chroma Case
Oct 16 2017 01: +0,0.04,2470,Chroma Case
Oct 17 2017 01: +0,0.04,2347,Chroma Case
Oct 18 2017 01: +0,0.039,2575,Chroma Case
Oct 19 2017 01: +0,0.046,2725,Chroma Case
Oct 20 2017 01: +0,0.045,2726,Chroma Case
Oct 21 2017 01: +0,0.042,3042,Chroma Case
Oct 22 2017 01: +0,0.041,2779,Chroma Case
Oct 23 2017 01: +0,0.043,2741,Chroma Case
Oct 24 2017 01: +0,0.042,2295,Chroma Case
Oct 25 2017 01: +0,0.038,2925,Chroma Case
Oct 26 2017 01: +0,0.043,2755,Chroma Case
Oct 27 2017 01: +0,0.041,2699,Chroma Case
Oct 28 2017 01: +0,0.037,4418,Chroma Case
Oct 29 2017 01: +0,0.037,2964,Chroma Case
Oct 30 2017 01: +0,0.035,3199,Chroma Case
Oct 31 2017 01: +0,0.038,17841,Chroma Case
Nov 01 2017 01: +0,0.039,8093,Chroma Case
Nov 02 2017 01: +0,0.042,4061,Chroma Case
Nov 03 2017 01: +0,0.038,3135,Chroma Case
Nov 04 2017 01: +0,0.038,2634,Chroma Case
Nov 05 2017 01: +0,0.04,3052,Chroma Case
Nov 06 2017 01: +0,0.037,2182,Chroma Case
Nov 07 2017 01: +0,0.034,2746,Chroma Case
Nov 08 2017 01: +0,0.038,2101,Chroma Case
Nov 09 2017 01: +0,0.038,2534,Chroma Case
Nov 10 2017 01: +0,0.039,3419,Chroma Case
Nov 11 2017 01: +0,0.042,2501,Chroma Case
Nov 12 2017 01: +0,0.039,2794,Chroma Case
Nov 13 2017 01: +0,0.039,2945,Chroma Case
Nov 14 2017 01: +0,0.032,2452,Chroma Case
Nov 15 2017 01: +0,0.037,2614,Chroma Case
Nov 16 2017 01: +0,0.037,2100,Chroma Case
Nov 17 2017 01: +0,0.038,1970,Chroma Case
Nov 18 2017 01: +0,0.04,2512,Chroma Case
Nov 19 2017 01: +0,0.034,3722,Chroma Case
Nov 20 2017 01: +0,0.036,2780,Chroma Case
Nov 21 2017 01: +0,0.038,2253,Chroma Case
Nov 22 2017 01: +0,0.037,1725,Chroma Case
Nov 23 2017 01: +0,0.032,2569,Chroma Case
Nov 24 2017 01: +0,0.035,2343,Chroma Case
Nov 25 2017 01: +0,0.036,2461,Chroma Case
Nov 26 2017 01: +0,0.035,3216,Chroma Case
Nov 27 2017 01: +0,0.034,1885,Chroma Case
Nov 28 2017 01: +0,0.04,1852,Chroma Case
Nov 29 2017 01: +0,0.038,3217,Chroma Case
Nov 30 2017 01: +0,0.038,2767,Chroma Case
Dec 01 2017 01: +0,0.042,2599,Chroma Case
Dec 02 2017 01: +0,0.041,3852,Chroma Case
Dec 03 2017 01: +0,0.039,2648,Chroma Case
Dec 04 2017 01: +0,0.04,3189,Chroma Case
Dec 05 2017 01: +0,0.045,2477,Chroma Case
Dec 06 2017 01: +0,0.048,2724,Chroma Case
Dec 07 2017 01: +0,0.041,2992,Chroma Case
Dec 08 2017 01: +0,0.04,3053,Chroma Case
Dec 09 2017 01: +0,0.038,2555,Chroma Case
Dec 10 2017 01: +0,0.038,2808,Chroma Case
Dec 11 2017 01: +0,0.039,2135,Chroma Case
Dec 12 2017 01: +0,0.036,2312,Chroma Case
Dec 13 2017 01: +0,0.039,2175,Chroma Case
Dec 14 2017 01: +0,0.034,3366,Chroma Case
Dec 15 2017 01: +0,0.038,2643,Chroma Case
Dec 16 2017 01: +0,0.035,4502,Chroma Case
Dec 17 2017 01: +0,0.036,2875,Chroma Case
Dec 18 2017 01: +0,0.036,4240,Chroma Case
Dec 19 2017 01: +0,0.033,4318,Chroma Case
Dec 20 2017 01: +0,0.036,2841,Chroma Case
Dec 21 2017 01: +0,0.032,2813,Chroma Case
Dec 22 2017 01: +0,0.031,2981,Chroma Case
Dec 23 2017 01: +0,0.037,3846,Chroma Case
Dec 24 2017 01: +0,0.034,4078,Chroma Case
Dec 25 2017 01: +0,0.041,4132,Chroma Case
Dec 26 2017 01: +0,0.041,4383,Chroma Case
Dec 27 2017 01: +0,0.04,3347,Chroma Case
Dec 28 2017 01: +0,0.036,3658,Chroma Case
Dec 29 2017 01: +0,0.043,4781,Chroma Case
Dec 30 2017 01: +0,0.039,3543,Chroma Case
Dec 31 2017 01: +0,0.041,3022,Chroma Case
Jan 01 2018 01: +0,0.042,2884,Chroma Case
Jan 02 2018 01: +0,0.039,2629,Chroma Case
Jan 03 2018 01: +0,0.043,4345,Chroma Case
Jan 04 2018 01: +0,0.042,4028,Chroma Case
Jan 05 2018 01: +0,0.045,3926,Chroma Case
Jan 06 2018 01: +0,0.041,4604,Chroma Case
Jan 07 2018 01: +0,0.047,3563,Chroma Case
Jan 08 2018 01: +0,0.038,4489,Chroma Case
Jan 09 2018 01: +0,0.038,4165,Chroma Case
Jan 10 2018 01: +0,0.037,3897,Chroma Case
Jan 11 2018 01: +0,0.042,3326,Chroma Case
Jan 12 2018 01: +0,0.041,3293,Chroma Case
Jan 13 2018 01: +0,0.042,4219,Chroma Case
Jan 14 2018 01: +0,0.041,4176,Chroma Case
Jan 15 2018 01: +0,0.04,3276,Chroma Case
Jan 16 2018 01: +0,0.041,2935,Chroma Case
Jan 17 2018 01: +0,0.041,3585,Chroma Case
Jan 18 2018 01: +0,0.037,2670,Chroma Case
Jan 19 2018 01: +0,0.041,3545,Chroma Case
Jan 20 2018 01: +0,0.044,3173,Chroma Case
Jan 21 2018 01: +0,0.04,3313,Chroma Case
Jan 22 2018 01: +0,0.036,3816,Chroma Case
Jan 23 2018 01: +0,0.036,3695,Chroma Case
Jan 24 2018 01: +0,0.042,3475,Chroma Case
Jan 25 2018 01: +0,0.041,2830,Chroma Case
Jan 26 2018 01: +0,0.042,3124,Chroma Case
Jan 27 2018 01: +0,0.038,4717,Chroma Case
Jan 28 2018 01: +0,0.04,4169,Chroma Case
Jan 29 2018 01: +0,0.037,3697,Chroma Case
Jan 30 2018 01: +0,0.04,3617,Chroma Case
Jan 31 2018 01: +0,0.042,2966,Chroma Case
Feb 01 2018 01: +0,0.042,3231,Chroma Case
Feb 02 2018 01: +0,0.042,3425,Chroma Case
Feb 03 2018 01: +0,0.033,7116,Chroma Case
Feb 04 2018 01: +0,0.039,3240,Chroma Case
Feb 05 2018 01: +0,0.04,2972,Chroma Case
Feb 06 2018 01: +0,0.043,3648,Chroma Case
Feb 07 2018 01: +0,0.038,2978,Chroma Case
Feb 08 2018 01: +0,0.041,2722,Chroma Case
Feb 09 2018 01: +0,0.042,3379,Chroma Case
Feb 10 2018 01: +0,0.041,3523,Chroma Case
Feb 11 2018 01: +0,0.044,3215,Chroma Case
Feb 12 2018 01: +0,0.043,2918,Chroma Case
Feb 13 2018 01: +0,0.041,2807,Chroma Case
Feb 14 2018 01: +0,0.045,2734,Chroma Case
Feb 15 2018 01: +0,0.041,2884,Chroma Case
Feb 16 2018 01: +0,0.042,4042,Chroma Case
Feb 17 2018 01: +0,0.041,3394,Chroma Case
Feb 18 2018 01: +0,0.041,3589,Chroma Case
Feb 19 2018 01: +0,0.044,3359,Chroma Case
Feb 20 2018 01: +0,0.042,3373,Chroma Case
Feb 21 2018 01: +0,0.043,3380,Chroma Case
Feb 22 2018 01: +0,0.042,2996,Chroma Case
Feb 23 2018 01: +0,0.042,4151,Chroma Case
Feb 24 2018 01: +0,0.047,4487,Chroma Case
Feb 25 2018 01: +0,0.047,3961,Chroma Case
Feb 26 2018 01: +0,0.046,3831,Chroma Case
Feb 27 2018 01: +0,0.046,3408,Chroma Case
Feb 28 2018 01: +0,0.04,6690,Chroma Case
Mar 01 2018 01: +0,0.039,5057,Chroma Case
Mar 02 2018 01: +0,0.045,3739,Chroma Case
Mar 03 2018 01: +0,0.041,4016,Chroma Case
Mar 04 2018 01: +0,0.041,3307,Chroma Case
Mar 05 2018 01: +0,0.036,3715,Chroma Case
Mar 06 2018 01: +0,0.041,3552,Chroma Case
Mar 07 2018 01: +0,0.044,3148,Chroma Case
Mar 08 2018 01: +0,0.042,3277,Chroma Case
Mar 09 2018 01: +0,0.042,3068,Chroma Case
Mar 10 2018 01: +0,0.039,4004,Chroma Case
Mar 11 2018 01: +0,0.041,6577,Chroma Case
Mar 12 2018 01: +0,0.039,3423,Chroma Case
Mar 13 2018 01: +0,0.037,3952,Chroma Case
Mar 14 2018 01: +0,0.039,4185,Chroma Case
Mar 15 2018 01: +0,0.04,3354,Chroma Case
Mar 16 2018 01: +0,0.04,3493,Chroma Case
Mar 17 2018 01: +0,0.039,5012,Chroma Case
Mar 18 2018 01: +0,0.038,4929,Chroma Case
Mar 19 2018 01: +0,0.039,3602,Chroma Case
Mar 20 2018 01: +0,0.036,3856,Chroma Case
Mar 21 2018 01: +0,0.036,5470,Chroma Case
Mar 22 2018 01: +0,0.035,2152,Chroma Case
Mar 23 2018 01: +0,0.039,4053,Chroma Case
Mar 24 2018 01: +0,0.041,3138,Chroma Case
Mar 25 2018 01: +0,0.037,3490,Chroma Case
Mar 26 2018 01: +0,0.038,2376,Chroma Case
Mar 27 2018 01: +0,0.039,2782,Chroma Case
Mar 28 2018 01: +0,0.04,3254,Chroma Case
Mar 29 2018 01: +0,0.045,2111,Chroma Case
Mar 30 2018 01: +0,0.037,3698,Chroma Case
Mar 31 2018 01: +0,0.039,3543,Chroma Case
Apr 01 2018 01: +0,0.044,3138,Chroma Case
Apr 02 2018 01: +0,0.042,2345,Chroma Case
Apr 03 2018 01: +0,0.041,3483,Chroma Case
Apr 04 2018 01: +0,0.037,5190,Chroma Case
Apr 05 2018 01: +0,0.043,3450,Chroma Case
Apr 06 2018 01: +0,0.04,3329,Chroma Case
Apr 07 2018 01: +0,0.044,2043,Chroma Case
Apr 08 2018 01: +0,0.04,3650,Chroma Case
Apr 09 2018 01: +0,0.039,2807,Chroma Case
Apr 10 2018 01: +0,0.043,3202,Chroma Case
Apr 11 2018 01: +0,0.04,3688,Chroma Case
Apr 12 2018 01: +0,0.041,3442,Chroma Case
Apr 13 2018 01: +0,0.045,2035,Chroma Case
Apr 14 2018 01: +0,0.045,3110,Chroma Case
Apr 15 2018 01: +0,0.037,3626,Chroma Case
Apr 16 2018 01: +0,0.048,2572,Chroma Case
Apr 17 2018 01: +0,0.043,1675,Chroma Case
Apr 18 2018 01: +0,0.041,5432,Chroma Case
Apr 19 2018 01: +0,0.039,2564,Chroma Case
Apr 20 2018 01: +0,0.038,2769,Chroma Case
Apr 21 2018 01: +0,0.044,2764,Chroma Case
Apr 22 2018 01: +0,0.044,1842,Chroma Case
Apr 23 2018 01: +0,0.044,1811,Chroma Case
Apr 24 2018 01: +0,0.045,2243,Chroma Case
Apr 25 2018 01: +0,0.045,2069,Chroma Case
Apr 26 2018 01: +0,0.046,2109,Chroma Case
Apr 27 2018 01: +0,0.048,2840,Chroma Case
Apr 28 2018 01: +0,0.041,5712,Chroma Case
Apr 29 2018 01: +0,0.04,2785,Chroma Case
Apr 30 2018 01: +0,0.043,2093,Chroma Case
May 01 2018 01: +0,0.042,2156,Chroma Case
May 02 2018 01: +0,0.044,1759,Chroma Case
May 03 2018 01: +0,0.047,2500,Chroma Case
May 04 2018 01: +0,0.049,3220,Chroma Case
May 05 2018 01: +0,0.042,2626,Chroma Case
May 06 2018 01: +0,0.043,2447,Chroma Case
May 07 2018 01: +0,0.046,2158,Chroma Case
May 08 2018 01: +0,0.042,2074,Chroma Case
May 09 2018 01: +0,0.043,2967,Chroma Case
May 10 2018 01: +0,0.042,2483,Chroma Case
May 11 2018 01: +0,0.044,2178,Chroma Case
May 12 2018 01: +0,0.046,2321,Chroma Case
May 13 2018 01: +0,0.046,2436,Chroma Case
May 14 2018 01: +0,0.046,2412,Chroma Case
May 15 2018 01: +0,0.047,1836,Chroma Case
May 16 2018 01: +0,0.046,1805,Chroma Case
May 17 2018 01: +0,0.045,1596,Chroma Case
May 18 2018 01: +0,0.045,2452,Chroma Case
May 19 2018 01: +0,0.047,2126,Chroma Case
May 20 2018 01: +0,0.048,2092,Chroma Case
May 21 2018 01: +0,0.051,2396,Chroma Case
May 22 2018 01: +0,0.055,2374,Chroma Case
May 23 2018 01: +0,0.05,2113,Chroma Case
May 24 2018 01: +0,0.051,2308,Chroma Case
May 25 2018 01: +0,0.053,2597,Chroma Case
May 26 2018 01: +0,0.052,11833,Chroma Case
May 27 2018 01: +0,0.055,13877,Chroma Case
May 28 2018 01: +0,0.065,2873,Chroma Case
May 29 2018 01: +0,0.068,4732,Chroma Case
May 30 2018 01: +0,0.068,1612,Chroma Case
May 31 2018 01: +0,0.069,2285,Chroma Case
Jun 01 2018 01: +0,0.069,2587,Chroma Case
Jun 02 2018 01: +0,0.08,2970,Chroma Case
Jun 03 2018 01: +0,0.082,2811,Chroma Case
Jun 04 2018 01: +0,0.081,2237,Chroma Case
Jun 05 2018 01: +0,0.081,2714,Chroma Case
Jun 06 2018 01: +0,0.078,2198,Chroma Case
Jun 07 2018 01: +0,0.076,2249,Chroma Case
Jun 08 2018 01: +0,0.073,2013,Chroma Case
Jun 09 2018 01: +0,0.076,1880,Chroma Case
Jun 10 2018 01: +0,0.071,2492,Chroma Case
Jun 11 2018 01: +0,0.068,2490,Chroma Case
Jun 12 2018 01: +0,0.065,1979,Chroma Case
Jun 13 2018 01: +0,0.063,1803,Chroma Case
Jun 14 2018 01: +0,0.062,1591,Chroma Case
Jun 15 2018 01: +0,0.057,2729,Chroma Case
Jun 16 2018 01: +0,0.061,2023,Chroma Case
Jun 17 2018 01: +0,0.055,1518,Chroma Case
Jun 18 2018 01: +0,0.059,2025,Chroma Case
Jun 19 2018 01: +0,0.061,1451,Chroma Case
Jun 20 2018 01: +0,0.052,1970,Chroma Case
Jun 21 2018 01: +0,0.056,2461,Chroma Case
Jun 22 2018 01: +0,0.046,2252,Chroma Case
Jun 23 2018 01: +0,0.049,2368,Chroma Case
Jun 24 2018 01: +0,0.049,1502,Chroma Case
Jun 25 2018 01: +0,0.043,1930,Chroma Case
Jun 26 2018 01: +0,0.046,1515,Chroma Case
Jun 27 2018 01: +0,0.05,1863,Chroma Case
Jun 28 2018 01: +0,0.049,1588,Chroma Case
Jun 29 2018 01: +0,0.05,2155,Chroma Case
Jun 30 2018 01: +0,0.05,1929,Chroma Case
Jul 01 2018 01: +0,0.044,2297,Chroma Case
Jul 02 2018 01: +0,0.043,1712,Chroma Case
Jul 03 2018 01: +0,0.048,1691,Chroma Case
Jul 04 2018 01: +0,0.047,2018,Chroma Case
Jul 05 2018 01: +0,0.046,1881,Chroma Case
Jul 06 2018 01: +0,0.057,1389,Chroma Case
Jul 07 2018 01: +0,0.059,3247,Chroma Case
Jul 08 2018 01: +0,0.061,2047,Chroma Case
Jul 09 2018 01: +0,0.057,1975,Chroma Case
Jul 10 2018 01: +0,0.061,1546,Chroma Case
Jul 11 2018 01: +0,0.059,1891,Chroma Case
Jul 12 2018 01: +0,0.062,1877,Chroma Case
Jul 13 2018 01: +0,0.058,2545,Chroma Case
Jul 14 2018 01: +0,0.058,2175,Chroma Case
Jul 15 2018 01: +0,0.059,1742,Chroma Case
Jul 16 2018 01: +0,0.059,1957,Chroma Case
Jul 17 2018 01: +0,0.054,2118,Chroma Case
Jul 18 2018 01: +0,0.056,1728,Chroma Case
Jul 19 2018 01: +0,0.054,1776,Chroma Case
Jul 20 2018 01: +0,0.057,2611,Chroma Case
Jul 21 2018 01: +0,0.057,2313,Chroma Case
Jul 22 2018 01: +0,0.058,2007,Chroma Case
Jul 23 2018 01: +0,0.054,2136,Chroma Case
Jul 24 2018 01: +0,0.056,2059,Chroma Case
Jul 25 2018 01: +0,0.06,1765,Chroma Case
Jul 26 2018 01: +0,0.065,1801,Chroma Case
Jul 27 2018 01: +0,0.064,1910,Chroma Case
Jul 28 2018 01: +0,0.062,2878,Chroma Case
Jul 29 2018 01: +0,0.064,2069,Chroma Case
Jul 30 2018 01: +0,0.064,2072,Chroma Case
Jul 31 2018 01: +0,0.07,2227,Chroma Case
Aug 01 2018 01: +0,0.071,2222,Chroma Case
Aug 02 2018 01: +0,0.068,2168,Chroma Case
Aug 03 2018 01: +0,0.071,2259,Chroma Case
Aug 04 2018 01: +0,0.072,2941,Chroma Case
Aug 05 2018 01: +0,0.07,2350,Chroma Case
Aug 06 2018 01: +0,0.065,2818,Chroma Case
Aug 07 2018 01: +0,0.063,2107,Chroma Case
Aug 08 2018 01: +0,0.069,2233,Chroma Case
Aug 09 2018 01: +0,0.066,2318,Chroma Case
Aug 10 2018 01: +0,0.066,1726,Chroma Case
Aug 11 2018 01: +0,0.064,2434,Chroma Case
Aug 12 2018 01: +0,0.064,2220,Chroma Case
Aug 13 2018 01: +0,0.061,2088,Chroma Case
Aug 14 2018 01: +0,0.061,2770,Chroma Case
Aug 15 2018 01: +0,0.058,2878,Chroma Case
Aug 16 2018 01: +0,0.06,2202,Chroma Case
Aug 17 2018 01: +0,0.059,2331,Chroma Case
Aug 18 2018 01: +0,0.06,2193,Chroma Case
Aug 19 2018 01: +0,0.061,1817,Chroma Case
Aug 20 2018 01: +0,0.059,1956,Chroma Case
Aug 21 2018 01: +0,0.062,2185,Chroma Case
Aug 22 2018 01: +0,0.06,1813,Chroma Case
Aug 23 2018 01: +0,0.06,1779,Chroma Case
Aug 24 2018 01: +0,0.06,2144,Chroma Case
Aug 25 2018 01: +0,0.062,1871,Chroma Case
Aug 26 2018 01: +0,0.065,1983,Chroma Case
Aug 27 2018 01: +0,0.061,1903,Chroma Case
Aug 28 2018 01: +0,0.059,2145,Chroma Case
Aug 29 2018 01: +0,0.054,2172,Chroma Case
Aug 30 2018 01: +0,0.052,1843,Chroma Case
Aug 31 2018 01: +0,0.054,2808,Chroma Case
Sep 01 2018 01: +0,0.053,2406,Chroma Case
Sep 02 2018 01: +0,0.054,2022,Chroma Case
Sep 03 2018 01: +0,0.053,2123,Chroma Case
Sep 04 2018 01: +0,0.059,1884,Chroma Case
Sep 05 2018 01: +0,0.058,1998,Chroma Case
Sep 06 2018 01: +0,0.057,1754,Chroma Case
Sep 07 2018 01: +0,0.056,2072,Chroma Case
Sep 08 2018 01: +0,0.056,2711,Chroma Case
Sep 09 2018 01: +0,0.058,1828,Chroma Case
Sep 10 2018 01: +0,0.058,1623,Chroma Case
Sep 11 2018 01: +0,0.058,1532,Chroma Case
Sep 12 2018 01: +0,0.062,1878,Chroma Case
Sep 13 2018 01: +0,0.064,1555,Chroma Case
Sep 14 2018 01: +0,0.064,2072,Chroma Case
Sep 15 2018 01: +0,0.065,2343,Chroma Case
Sep 16 2018 01: +0,0.064,1954,Chroma Case
Sep 17 2018 01: +0,0.062,1799,Chroma Case
Sep 18 2018 01: +0,0.065,1753,Chroma Case
Sep 19 2018 01: +0,0.066,2123,Chroma Case
Sep 20 2018 01: +0,0.066,1554,Chroma Case
Sep 21 2018 01: +0,0.067,1652,Chroma Case
Sep 22 2018 01: +0,0.068,2027,Chroma Case
Sep 23 2018 01: +0,0.065,2098,Chroma Case
Sep 24 2018 01: +0,0.066,1754,Chroma Case
Sep 25 2018 01: +0,0.07,2197,Chroma Case
Sep 26 2018 01: +0,0.069,1800,Chroma Case
Sep 27 2018 01: +0,0.075,2089,Chroma Case
Sep 28 2018 01: +0,0.074,2811,Chroma Case
Sep 29 2018 01: +0,0.064,2412,Chroma Case
Sep 30 2018 01: +0,0.072,2300,Chroma Case
Oct 01 2018 01: +0,0.075,1834,Chroma Case
Oct 02 2018 01: +0,0.077,2538,Chroma Case
Oct 03 2018 01: +0,0.075,2436,Chroma Case
Oct 04 2018 01: +0,0.072,2063,Chroma Case
Oct 05 2018 01: +0,0.074,2125,Chroma Case
Oct 06 2018 01: +0,0.073,2569,Chroma Case
Oct 07 2018 01: +0,0.072,2098,Chroma Case
Oct 08 2018 01: +0,0.071,1796,Chroma Case
Oct 09 2018 01: +0,0.071,1591,Chroma Case
Oct 10 2018 01: +0,0.069,2403,Chroma Case
Oct 11 2018 01: +0,0.071,2100,Chroma Case
Oct 12 2018 01: +0,0.071,1875,Chroma Case
Oct 13 2018 01: +0,0.069,2650,Chroma Case
Oct 14 2018 01: +0,0.072,2870,Chroma Case
Oct 15 2018 01: +0,0.073,1636,Chroma Case
Oct 16 2018 01: +0,0.068,2745,Chroma Case
Oct 17 2018 01: +0,0.067,2059,Chroma Case
Oct 18 2018 01: +0,0.073,1952,Chroma Case
Oct 19 2018 01: +0,0.069,2336,Chroma Case
Oct 20 2018 01: +0,0.071,1696,Chroma Case
Oct 21 2018 01: +0,0.071,1761,Chroma Case
Oct 22 2018 01: +0,0.068,1785,Chroma Case
Oct 23 2018 01: +0,0.066,1713,Chroma Case
Oct 24 2018 01: +0,0.069,1964,Chroma Case
Oct 25 2018 01: +0,0.072,1977,Chroma Case
Oct 26 2018 01: +0,0.073,1960,Chroma Case
Oct 27 2018 01: +0,0.071,1730,Chroma Case
Oct 28 2018 01: +0,0.068,1535,Chroma Case
Oct 29 2018 01: +0,0.064,1419,Chroma Case
Oct 30 2018 01: +0,0.065,1780,Chroma Case
Oct 31 2018 01: +0,0.065,1871,Chroma Case
Nov 01 2018 01: +0,0.064,1625,Chroma Case
Nov 02 2018 01: +0,0.067,1514,Chroma Case
Nov 03 2018 01: +0,0.069,1585,Chroma Case
Nov 04 2018 01: +0,0.069,1740,Chroma Case
Nov 05 2018 01: +0,0.07,1615,Chroma Case
Nov 06 2018 01: +0,0.063,1358,Chroma Case
Nov 07 2018 01: +0,0.07,1686,Chroma Case
Nov 08 2018 01: +0,0.072,1328,Chroma Case
Nov 09 2018 01: +0,0.069,1564,Chroma Case
Nov 10 2018 01: +0,0.071,1523,Chroma Case
Nov 11 2018 01: +0,0.066,1660,Chroma Case
Nov 12 2018 01: +0,0.071,1513,Chroma Case
Nov 13 2018 01: +0,0.068,1456,Chroma Case
Nov 14 2018 01: +0,0.064,1867,Chroma Case
Nov 15 2018 01: +0,0.064,1366,Chroma Case
Nov 16 2018 01: +0,0.066,1458,Chroma Case
Nov 17 2018 01: +0,0.064,1756,Chroma Case
Nov 18 2018 01: +0,0.065,2040,Chroma Case
Nov 19 2018 01: +0,0.062,2627,Chroma Case
Nov 20 2018 01: +0,0.061,2532,Chroma Case
Nov 21 2018 01: +0,0.059,1688,Chroma Case
Nov 22 2018 01: +0,0.055,2336,Chroma Case
Nov 23 2018 01: +0,0.056,1911,Chroma Case
Nov 24 2018 01: +0,0.052,1808,Chroma Case
Nov 25 2018 01: +0,0.052,1767,Chroma Case
Nov 26 2018 01: +0,0.051,2403,Chroma Case
Nov 27 2018 01: +0,0.053,1582,Chroma Case
Nov 28 2018 01: +0,0.055,1506,Chroma Case
Nov 29 2018 01: +0,0.055,1890,Chroma Case
Nov 30 2018 01: +0,0.056,1578,Chroma Case
Dec 01 2018 01: +0,0.054,2070,Chroma Case
Dec 02 2018 01: +0,0.059,1892,Chroma Case
Dec 03 2018 01: +0,0.058,1459,Chroma Case
Dec 04 2018 01: +0,0.055,1661,Chroma Case
Dec 05 2018 01: +0,0.058,1614,Chroma Case
Dec 06 2018 01: +0,0.059,2071,Chroma Case
Dec 07 2018 01: +0,0.059,1808,Chroma Case
Dec 08 2018 01: +0,0.064,2087,Chroma Case
Dec 09 2018 01: +0,0.061,2197,Chroma Case
Dec 10 2018 01: +0,0.061,1913,Chroma Case
Dec 11 2018 01: +0,0.064,1981,Chroma Case
Dec 12 2018 01: +0,0.063,1915,Chroma Case
Dec 13 2018 01: +0,0.061,1809,Chroma Case
Dec 14 2018 01: +0,0.063,2346,Chroma Case
Dec 15 2018 01: +0,0.064,3262,Chroma Case
Dec 16 2018 01: +0,0.066,1942,Chroma Case
Dec 17 2018 01: +0,0.061,2479,Chroma Case
Dec 18 2018 01: +0,0.066,2173,Chroma Case
Dec 19 2018 01: +0,0.064,1536,Chroma Case
Dec 20 2018 01: +0,0.059,2626,Chroma Case
Dec 21 2018 01: +0,0.06,2431,Chroma Case
Dec 22 2018 01: +0,0.059,2703,Chroma Case
Dec 23 2018 01: +0,0.058,2493,Chroma Case
Dec 24 2018 01: +0,0.057,2470,Chroma Case
Dec 25 2018 01: +0,0.062,2553,Chroma Case
Dec 26 2018 01: +0,0.065,3290,Chroma Case
Dec 27 2018 01: +0,0.068,2957,Chroma Case
Dec 28 2018 01: +0,0.069,2949,Chroma Case
Dec 29 2018 01: +0,0.065,2496,Chroma Case
Dec 30 2018 01: +0,0.061,2016,Chroma Case
Dec 31 2018 01: +0,0.063,2701,Chroma Case
Jan 01 2019 01: +0,0.067,2167,Chroma Case
Jan 02 2019 01: +0,0.069,2668,Chroma Case
Jan 03 2019 01: +0,0.064,2495,Chroma Case
Jan 04 2019 01: +0,0.067,2469,Chroma Case
Jan 05 2019 01: +0,0.071,3078,Chroma Case
Jan 06 2019 01: +0,0.069,3565,Chroma Case
Jan 07 2019 01: +0,0.075,3074,Chroma Case
Jan 08 2019 01: +0,0.068,2061,Chroma Case
Jan 09 2019 01: +0,0.066,3050,Chroma Case
Jan 10 2019 01: +0,0.063,2651,Chroma Case
Jan 11 2019 01: +0,0.063,2946,Chroma Case
Jan 12 2019 01: +0,0.064,3293,Chroma Case
Jan 13 2019 01: +0,0.065,3279,Chroma Case
Jan 14 2019 01: +0,0.07,2471,Chroma Case
Jan 15 2019 01: +0,0.067,2515,Chroma Case
Jan 16 2019 01: +0,0.067,2385,Chroma Case
Jan 17 2019 01: +0,0.071,2247,Chroma Case
Jan 18 2019 01: +0,0.07,2564,Chroma Case
Jan 19 2019 01: +0,0.074,2547,Chroma Case
Jan 20 2019 01: +0,0.074,2777,Chroma Case
Jan 21 2019 01: +0,0.071,1939,Chroma Case
Jan 22 2019 01: +0,0.071,1934,Chroma Case
Jan 23 2019 01: +0,0.072,1994,Chroma Case
Jan 24 2019 01: +0,0.075,3101,Chroma Case
Jan 25 2019 01: +0,0.075,2359,Chroma Case
Jan 26 2019 01: +0,0.072,2638,Chroma Case
Jan 27 2019 01: +0,0.07,3096,Chroma Case
Jan 28 2019 01: +0,0.074,2360,Chroma Case
Jan 29 2019 01: +0,0.077,2562,Chroma Case
Jan 30 2019 01: +0,0.071,2828,Chroma Case
Jan 31 2019 01: +0,0.075,2380,Chroma Case
Feb 01 2019 01: +0,0.077,4209,Chroma Case
Feb 02 2019 01: +0,0.076,3977,Chroma Case
Feb 03 2019 01: +0,0.072,2959,Chroma Case
Feb 04 2019 01: +0,0.072,2765,Chroma Case
Feb 05 2019 01: +0,0.072,2543,Chroma Case
Feb 06 2019 01: +0,0.072,2797,Chroma Case
Feb 07 2019 01: +0,0.074,2389,Chroma Case
Feb 08 2019 01: +0,0.076,2832,Chroma Case
Feb 09 2019 01: +0,0.074,2555,Chroma Case
Feb 10 2019 01: +0,0.071,3085,Chroma Case
Feb 11 2019 01: +0,0.07,2142,Chroma Case
Feb 12 2019 01: +0,0.074,1844,Chroma Case
Feb 13 2019 01: +0,0.072,2744,Chroma Case
Feb 14 2019 01: +0,0.074,2330,Chroma Case
Feb 15 2019 01: +0,0.074,1804,Chroma Case
Feb 16 2019 01: +0,0.071,3246,Chroma Case
Feb 17 2019 01: +0,0.073,2254,Chroma Case
Feb 18 2019 01: +0,0.073,2307,Chroma Case
Feb 19 2019 01: +0,0.073,1833,Chroma Case
Feb 20 2019 01: +0,0.075,1580,Chroma Case
Feb 21 2019 01: +0,0.074,3215,Chroma Case
Feb 22 2019 01: +0,0.077,3111,Chroma Case
Feb 23 2019 01: +0,0.076,2642,Chroma Case
Feb 24 2019 01: +0,0.074,2818,Chroma Case
Feb 25 2019 01: +0,0.073,2297,Chroma Case
Feb 26 2019 01: +0,0.076,2664,Chroma Case
Feb 27 2019 01: +0,0.074,2897,Chroma Case
Feb 28 2019 01: +0,0.077,2537,Chroma Case
Mar 01 2019 01: +0,0.075,2318,Chroma Case
Mar 02 2019 01: +0,0.076,3321,Chroma Case
Mar 03 2019 01: +0,0.071,3151,Chroma Case
Mar 04 2019 01: +0,0.074,2291,Chroma Case
Mar 05 2019 01: +0,0.076,2340,Chroma Case
Mar 06 2019 01: +0,0.072,2732,Chroma Case
Mar 07 2019 01: +0,0.073,2247,Chroma Case
Mar 08 2019 01: +0,0.07,3119,Chroma Case
Mar 09 2019 01: +0,0.076,2520,Chroma Case
Mar 10 2019 01: +0,0.075,2869,Chroma Case
Mar 11 2019 01: +0,0.072,2057,Chroma Case
Mar 12 2019 01: +0,0.075,2126,Chroma Case
Mar 13 2019 01: +0,0.077,2028,Chroma Case
Mar 14 2019 01: +0,0.078,2577,Chroma Case
Mar 15 2019 01: +0,0.076,3697,Chroma Case
Mar 16 2019 01: +0,0.079,4869,Chroma Case
Mar 17 2019 01: +0,0.08,3605,Chroma Case
Mar 18 2019 01: +0,0.08,3489,Chroma Case
Mar 19 2019 01: +0,0.081,3257,Chroma Case
Mar 20 2019 01: +0,0.082,2811,Chroma Case
Mar 21 2019 01: +0,0.086,4982,Chroma Case
Mar 22 2019 01: +0,0.087,3144,Chroma Case
Mar 23 2019 01: +0,0.089,3798,Chroma Case
Mar 24 2019 01: +0,0.082,3038,Chroma Case
Mar 25 2019 01: +0,0.085,2895,Chroma Case
Mar 26 2019 01: +0,0.087,2948,Chroma Case
Mar 27 2019 01: +0,0.089,5853,Chroma Case
Mar 28 2019 01: +0,0.094,2873,Chroma Case
Mar 29 2019 01: +0,0.093,6645,Chroma Case
Mar 30 2019 01: +0,0.1,3477,Chroma Case
Mar 31 2019 01: +0,0.104,3152,Chroma Case
Apr 01 2019 01: +0,0.099,2652,Chroma Case
Apr 02 2019 01: +0,0.097,3150,Chroma Case
Apr 03 2019 01: +0,0.104,2901,Chroma Case
Apr 04 2019 01: +0,0.099,2220,Chroma Case
Apr 05 2019 01: +0,0.103,2210,Chroma Case
Apr 06 2019 01: +0,0.101,2528,Chroma Case
Apr 07 2019 01: +0,0.099,4094,Chroma Case
Apr 08 2019 01: +0,0.104,3988,Chroma Case
Apr 09 2019 01: +0,0.105,4648,Chroma Case
Apr 10 2019 01: +0,0.105,3522,Chroma Case
Apr 11 2019 01: +0,0.103,3753,Chroma Case
Apr 12 2019 01: +0,0.105,3871,Chroma Case
Apr 13 2019 01: +0,0.108,5756,Chroma Case
Apr 14 2019 01: +0,0.111,6023,Chroma Case
Apr 15 2019 01: +0,0.123,7545,Chroma Case
Apr 16 2019 01: +0,0.136,3946,Chroma Case
Apr 17 2019 01: +0,0.143,2852,Chroma Case
Apr 18 2019 01: +0,0.138,2855,Chroma Case
Apr 19 2019 01: +0,0.139,2813,Chroma Case
Apr 20 2019 01: +0,0.137,2624,Chroma Case
Apr 21 2019 01: +0,0.133,2999,Chroma Case
Apr 22 2019 01: +0,0.125,3457,Chroma Case
Apr 23 2019 01: +0,0.118,2898,Chroma Case
Apr 24 2019 01: +0,0.13,2686,Chroma Case
Apr 25 2019 01: +0,0.129,1826,Chroma Case
Apr 26 2019 01: +0,0.127,3330,Chroma Case
Apr 27 2019 01: +0,0.119,2885,Chroma Case
Apr 28 2019 01: +0,0.123,2954,Chroma Case
Apr 29 2019 01: +0,0.129,3441,Chroma Case
Apr 30 2019 01: +0,0.127,2972,Chroma Case
May 01 2019 01: +0,0.119,2248,Chroma Case
May 02 2019 01: +0,0.126,2983,Chroma Case
May 03 2019 01: +0,0.125,3196,Chroma Case
May 04 2019 01: +0,0.125,2389,Chroma Case
May 05 2019 01: +0,0.122,2162,Chroma Case
May 06 2019 01: +0,0.122,2562,Chroma Case
May 07 2019 01: +0,0.116,3019,Chroma Case
May 08 2019 01: +0,0.111,4193,Chroma Case
May 09 2019 01: +0,0.11,3512,Chroma Case
May 10 2019 01: +0,0.109,2850,Chroma Case
May 11 2019 01: +0,0.111,2408,Chroma Case
May 12 2019 01: +0,0.109,3663,Chroma Case
May 13 2019 01: +0,0.111,2006,Chroma Case
May 14 2019 01: +0,0.116,2377,Chroma Case
May 15 2019 01: +0,0.118,2793,Chroma Case
May 16 2019 01: +0,0.118,2596,Chroma Case
May 17 2019 01: +0,0.122,2950,Chroma Case
May 18 2019 01: +0,0.12,3318,Chroma Case
May 19 2019 01: +0,0.124,2887,Chroma Case
May 20 2019 01: +0,0.124,2143,Chroma Case
May 21 2019 01: +0,0.125,2486,Chroma Case
May 22 2019 01: +0,0.123,2332,Chroma Case
May 23 2019 01: +0,0.125,3084,Chroma Case
May 24 2019 01: +0,0.127,3106,Chroma Case
May 25 2019 01: +0,0.13,3666,Chroma Case
May 26 2019 01: +0,0.132,3328,Chroma Case
May 27 2019 01: +0,0.136,3327,Chroma Case
May 28 2019 01: +0,0.134,3947,Chroma Case
May 29 2019 01: +0,0.136,3004,Chroma Case
May 30 2019 01: +0,0.138,4375,Chroma Case
May 31 2019 01: +0,0.144,10047,Chroma Case
Jun 01 2019 01: +0,0.162,4688,Chroma Case
Jun 02 2019 01: +0,0.171,4864,Chroma Case
Jun 03 2019 01: +0,0.173,3998,Chroma Case
Jun 04 2019 01: +0,0.173,3802,Chroma Case
Jun 05 2019 01: +0,0.169,2377,Chroma Case
Jun 06 2019 01: +0,0.179,5718,Chroma Case
Jun 07 2019 01: +0,0.184,3366,Chroma Case
Jun 08 2019 01: +0,0.176,3377,Chroma Case
Jun 09 2019 01: +0,0.175,3929,Chroma Case
Jun 10 2019 01: +0,0.17,3845,Chroma Case
Jun 11 2019 01: +0,0.165,2346,Chroma Case
Jun 12 2019 01: +0,0.159,2260,Chroma Case
Jun 13 2019 01: +0,0.156,3194,Chroma Case
Jun 14 2019 01: +0,0.157,2492,Chroma Case
Jun 15 2019 01: +0,0.151,3039,Chroma Case
Jun 16 2019 01: +0,0.15,2907,Chroma Case
Jun 17 2019 01: +0,0.15,2971,Chroma Case
Jun 18 2019 01: +0,0.15,2860,Chroma Case
Jun 19 2019 01: +0,0.158,3042,Chroma Case
Jun 20 2019 01: +0,0.145,2969,Chroma Case
Jun 21 2019 01: +0,0.156,3113,Chroma Case
Jun 22 2019 01: +0,0.165,3215,Chroma Case
Jun 23 2019 01: +0,0.166,2945,Chroma Case
Jun 24 2019 01: +0,0.164,2385,Chroma Case
Jun 25 2019 01: +0,0.17,5631,Chroma Case
Jun 26 2019 01: +0,0.157,3395,Chroma Case
Jun 27 2019 01: +0,0.146,2703,Chroma Case
Jun 28 2019 01: +0,0.153,2665,Chroma Case
Jun 29 2019 01: +0,0.157,2955,Chroma Case
Jun 30 2019 01: +0,0.15,3398,Chroma Case
Jul 01 2019 01: +0,0.152,3736,Chroma Case
Jul 02 2019 01: +0,0.149,3149,Chroma Case
Jul 03 2019 01: +0,0.151,4076,Chroma Case
Jul 04 2019 01: +0,0.148,3412,Chroma Case
Jul 05 2019 01: +0,0.154,3941,Chroma Case
Jul 06 2019 01: +0,0.16,3028,Chroma Case
Jul 07 2019 01: +0,0.155,4022,Chroma Case
Jul 08 2019 01: +0,0.15,3135,Chroma Case
Jul 09 2019 01: +0,0.155,3614,Chroma Case
Jul 10 2019 01: +0,0.157,3226,Chroma Case
Jul 11 2019 01: +0,0.161,3293,Chroma Case
Jul 12 2019 01: +0,0.165,2731,Chroma Case
Jul 13 2019 01: +0,0.166,3979,Chroma Case
Jul 14 2019 01: +0,0.165,2715,Chroma Case
Jul 15 2019 01: +0,0.16,2556,Chroma Case
Jul 16 2019 01: +0,0.161,3155,Chroma Case
Jul 17 2019 01: +0,0.156,2529,Chroma Case
Jul 18 2019 01: +0,0.164,2678,Chroma Case
Jul 19 2019 01: +0,0.164,2341,Chroma Case
Jul 20 2019 01: +0,0.161,2867,Chroma Case
Jul 21 2019 01: +0,0.16,2949,Chroma Case
Jul 22 2019 01: +0,0.153,3105,Chroma Case
Jul 23 2019 01: +0,0.15,4477,Chroma Case
Jul 24 2019 01: +0,0.149,2834,Chroma Case
Jul 25 2019 01: +0,0.156,3641,Chroma Case
Jul 26 2019 01: +0,0.153,2662,Chroma Case
Jul 27 2019 01: +0,0.157,2897,Chroma Case
Jul 28 2019 01: +0,0.152,2509,Chroma Case
Jul 29 2019 01: +0,0.154,2735,Chroma Case
Jul 30 2019 01: +0,0.154,2472,Chroma Case
Jul 31 2019 01: +0,0.155,3572,Chroma Case
Aug 01 2019 01: +0,0.16,4354,Chroma Case
Aug 02 2019 01: +0,0.162,4358,Chroma Case
Aug 03 2019 01: +0,0.167,3593,Chroma Case
Aug 04 2019 01: +0,0.17,3091,Chroma Case
Aug 05 2019 01: +0,0.171,3928,Chroma Case
Aug 06 2019 01: +0,0.174,2907,Chroma Case
Aug 07 2019 01: +0,0.173,3221,Chroma Case
Aug 08 2019 01: +0,0.173,3805,Chroma Case
Aug 09 2019 01: +0,0.176,3105,Chroma Case
Aug 10 2019 01: +0,0.177,2672,Chroma Case
Aug 11 2019 01: +0,0.171,4281,Chroma Case
Aug 12 2019 01: +0,0.173,3746,Chroma Case
Aug 13 2019 01: +0,0.171,3301,Chroma Case
Aug 14 2019 01: +0,0.17,2935,Chroma Case
Aug 15 2019 01: +0,0.166,3236,Chroma Case
Aug 16 2019 01: +0,0.165,2907,Chroma Case
Aug 17 2019 01: +0,0.166,3092,Chroma Case
Aug 18 2019 01: +0,0.163,3827,Chroma Case
Aug 19 2019 01: +0,0.163,3382,Chroma Case
Aug 20 2019 01: +0,0.161,3219,Chroma Case
Aug 21 2019 01: +0,0.157,2485,Chroma Case
Aug 22 2019 01: +0,0.162,5727,Chroma Case
Aug 23 2019 01: +0,0.165,2723,Chroma Case
Aug 24 2019 01: +0,0.162,3574,Chroma Case
Aug 25 2019 01: +0,0.157,3160,Chroma Case
Aug 26 2019 01: +0,0.151,3187,Chroma Case
Aug 27 2019 01: +0,0.155,2657,Chroma Case
Aug 28 2019 01: +0,0.16,2389,Chroma Case
Aug 29 2019 01: +0,0.153,2904,Chroma Case
Aug 30 2019 01: +0,0.152,2670,Chroma Case
Aug 31 2019 01: +0,0.152,5296,Chroma Case
Sep 01 2019 01: +0,0.152,3580,Chroma Case
Sep 02 2019 01: +0,0.151,2871,Chroma Case
Sep 03 2019 01: +0,0.15,2954,Chroma Case
Sep 04 2019 01: +0,0.155,3400,Chroma Case
Sep 05 2019 01: +0,0.155,3284,Chroma Case
Sep 06 2019 01: +0,0.157,4859,Chroma Case
Sep 07 2019 01: +0,0.152,7766,Chroma Case
Sep 08 2019 01: +0,0.143,5219,Chroma Case
Sep 09 2019 01: +0,0.146,2960,Chroma Case
Sep 10 2019 01: +0,0.151,3627,Chroma Case
Sep 11 2019 01: +0,0.152,3907,Chroma Case
Sep 12 2019 01: +0,0.154,3685,Chroma Case
Sep 13 2019 01: +0,0.15,3173,Chroma Case
Sep 14 2019 01: +0,0.154,4161,Chroma Case
Sep 15 2019 01: +0,0.153,5230,Chroma Case
Sep 16 2019 01: +0,0.159,3028,Chroma Case
Sep 17 2019 01: +0,0.161,3643,Chroma Case
Sep 18 2019 01: +0,0.157,2414,Chroma Case
Sep 19 2019 01: +0,0.164,2836,Chroma Case
Sep 20 2019 01: +0,0.164,3308,Chroma Case
Sep 21 2019 01: +0,0.166,3363,Chroma Case
Sep 22 2019 01: +0,0.162,3068,Chroma Case
Sep 23 2019 01: +0,0.159,3648,Chroma Case
Sep 24 2019 01: +0,0.159,3380,Chroma Case
Sep 25 2019 01: +0,0.164,3025,Chroma Case
Sep 26 2019 01: +0,0.165,3561,Chroma Case
Sep 27 2019 01: +0,0.169,3729,Chroma Case
Sep 28 2019 01: +0,0.17,4741,Chroma Case
Sep 29 2019 01: +0,0.171,4031,Chroma Case
Sep 30 2019 01: +0,0.175,3102,Chroma Case
Oct 01 2019 01: +0,0.178,4600,Chroma Case
Oct 02 2019 01: +0,0.175,3041,Chroma Case
Oct 03 2019 01: +0,0.181,5235,Chroma Case
Oct 04 2019 01: +0,0.178,3189,Chroma Case
Oct 05 2019 01: +0,0.18,3198,Chroma Case
Oct 06 2019 01: +0,0.182,4102,Chroma Case
Oct 07 2019 01: +0,0.183,3471,Chroma Case
Oct 08 2019 01: +0,0.173,7008,Chroma Case
Oct 09 2019 01: +0,0.178,3061,Chroma Case
Oct 10 2019 01: +0,0.173,3777,Chroma Case
Oct 11 2019 01: +0,0.18,9151,Chroma Case
Oct 12 2019 01: +0,0.182,4460,Chroma Case
Oct 13 2019 01: +0,0.178,5283,Chroma Case
Oct 14 2019 01: +0,0.182,4641,Chroma Case
Oct 15 2019 01: +0,0.18,3228,Chroma Case
Oct 16 2019 01: +0,0.179,3981,Chroma Case
Oct 17 2019 01: +0,0.173,2884,Chroma Case
Oct 18 2019 01: +0,0.164,4486,Chroma Case
Oct 19 2019 01: +0,0.159,4365,Chroma Case
Oct 20 2019 01: +0,0.159,4938,Chroma Case
Oct 21 2019 01: +0,0.165,3062,Chroma Case
Oct 22 2019 01: +0,0.175,5150,Chroma Case
Oct 23 2019 01: +0,0.16,2444,Chroma Case
Oct 24 2019 01: +0,0.16,2936,Chroma Case
Oct 25 2019 01: +0,0.174,3962,Chroma Case
Oct 26 2019 01: +0,0.169,3073,Chroma Case
Oct 27 2019 01: +0,0.154,2819,Chroma Case
Oct 28 2019 01: +0,0.16,3515,Chroma Case
Oct 29 2019 01: +0,0.159,5547,Chroma Case
Oct 30 2019 01: +0,0.139,2784,Chroma Case
Oct 31 2019 01: +0,0.141,3332,Chroma Case
Nov 01 2019 01: +0,0.15,3389,Chroma Case
Nov 02 2019 01: +0,0.159,2975,Chroma Case
Nov 03 2019 01: +0,0.156,2917,Chroma Case
Nov 04 2019 01: +0,0.152,2562,Chroma Case
Nov 05 2019 01: +0,0.156,3109,Chroma Case
Nov 06 2019 01: +0,0.157,2270,Chroma Case
Nov 07 2019 01: +0,0.158,2726,Chroma Case
Nov 08 2019 01: +0,0.151,2450,Chroma Case
Nov 09 2019 01: +0,0.15,2854,Chroma Case
Nov 10 2019 01: +0,0.158,3634,Chroma Case
Nov 11 2019 01: +0,0.152,2492,Chroma Case
Nov 12 2019 01: +0,0.144,2548,Chroma Case
Nov 13 2019 01: +0,0.153,1960,Chroma Case
Nov 14 2019 01: +0,0.159,2179,Chroma Case
Nov 15 2019 01: +0,0.165,3139,Chroma Case
Nov 16 2019 01: +0,0.161,2941,Chroma Case
Nov 17 2019 01: +0,0.167,3195,Chroma Case
Nov 18 2019 01: +0,0.167,2147,Chroma Case
Nov 19 2019 01: +0,0.132,4722,Chroma Case
Nov 20 2019 01: +0,0.132,1990,Chroma Case
Nov 21 2019 01: +0,0.139,2349,Chroma Case
Nov 22 2019 01: +0,0.146,2529,Chroma Case
Nov 23 2019 01: +0,0.155,3358,Chroma Case
Nov 24 2019 01: +0,0.152,2506,Chroma Case
Nov 25 2019 01: +0,0.151,2563,Chroma Case
Nov 26 2019 01: +0,0.147,3219,Chroma Case
Nov 27 2019 01: +0,0.151,3009,Chroma Case
Nov 28 2019 01: +0,0.15,3014,Chroma Case
Nov 29 2019 01: +0,0.15,2926,Chroma Case
Nov 30 2019 01: +0,0.145,4397,Chroma Case
Dec 01 2019 01: +0,0.143,3979,Chroma Case
Dec 02 2019 01: +0,0.146,2657,Chroma Case
Dec 03 2019 01: +0,0.143,2329,Chroma Case
Dec 04 2019 01: +0,0.151,2805,Chroma Case
Dec 05 2019 01: +0,0.152,3218,Chroma Case
Dec 06 2019 01: +0,0.156,2702,Chroma Case
Dec 07 2019 01: +0,0.153,3598,Chroma Case
Dec 08 2019 01: +0,0.15,3363,Chroma Case
Dec 09 2019 01: +0,0.148,2484,Chroma Case
Dec 10 2019 01: +0,0.154,3153,Chroma Case
Dec 11 2019 01: +0,0.154,2997,Chroma Case
Dec 12 2019 01: +0,0.156,2776,Chroma Case
Dec 13 2019 01: +0,0.161,4055,Chroma Case
Dec 14 2019 01: +0,0.168,2859,Chroma Case
Dec 15 2019 01: +0,0.165,2980,Chroma Case
Dec 16 2019 01: +0,0.17,3373,Chroma Case
Dec 17 2019 01: +0,0.174,3407,Chroma Case
Dec 18 2019 01: +0,0.184,3580,Chroma Case
Dec 19 2019 01: +0,0.188,4596,Chroma Case
Dec 20 2019 01: +0,0.179,4038,Chroma Case
Dec 21 2019 01: +0,0.183,3354,Chroma Case
Dec 22 2019 01: +0,0.176,4323,Chroma Case
Dec 23 2019 01: +0,0.187,3765,Chroma Case
Dec 24 2019 01: +0,0.192,4701,Chroma Case
Dec 25 2019 01: +0,0.198,4475,Chroma Case
Dec 26 2019 01: +0,0.199,5373,Chroma Case
Dec 27 2019 01: +0,0.194,3737,Chroma Case
Dec 28 2019 01: +0,0.206,5085,Chroma Case
Dec 29 2019 01: +0,0.202,4188,Chroma Case
Dec 30 2019 01: +0,0.199,3310,Chroma Case
Dec 31 2019 01: +0,0.204,3359,Chroma Case
Jan 01 2020 01: +0,0.211,4614,Chroma Case
Jan 02 2020 01: +0,0.205,4892,Chroma Case
Jan 03 2020 01: +0,0.223,6236,Chroma Case
Jan 04 2020 01: +0,0.246,6783,Chroma Case
Jan 05 2020 01: +0,0.27,5456,Chroma Case
Jan 06 2020 01: +0,0.279,4478,Chroma Case
Jan 07 2020 01: +0,0.284,4935,Chroma Case
Jan 08 2020 01: +0,0.282,6251,Chroma Case
Jan 09 2020 01: +0,0.274,4950,Chroma Case
Jan 10 2020 01: +0,0.28,4251,Chroma Case
Jan 11 2020 01: +0,0.274,3459,Chroma Case
Jan 12 2020 01: +0,0.27,3703,Chroma Case
Jan 13 2020 01: +0,0.272,2941,Chroma Case
Jan 14 2020 01: +0,0.264,2532,Chroma Case
Jan 15 2020 01: +0,0.262,3517,Chroma Case
Jan 16 2020 01: +0,0.275,6618,Chroma Case
Jan 17 2020 01: +0,0.276,3431,Chroma Case
Jan 18 2020 01: +0,0.301,8969,Chroma Case
Jan 19 2020 01: +0,0.351,8845,Chroma Case
Jan 20 2020 01: +0,0.359,4607,Chroma Case
Jan 21 2020 01: +0,0.34,4464,Chroma Case
Jan 22 2020 01: +0,0.341,4983,Chroma Case
Jan 23 2020 01: +0,0.349,5259,Chroma Case
Jan 24 2020 01: +0,0.346,4817,Chroma Case
Jan 25 2020 01: +0,0.336,4656,Chroma Case
Jan 26 2020 01: +0,0.323,5054,Chroma Case
Jan 27 2020 01: +0,0.31,3374,Chroma Case
Jan 28 2020 01: +0,0.317,3931,Chroma Case
Jan 29 2020 01: +0,0.311,5079,Chroma Case
Jan 30 2020 01: +0,0.313,4448,Chroma Case
Jan 31 2020 01: +0,0.322,4489,Chroma Case
Feb 01 2020 01: +0,0.326,5238,Chroma Case
Feb 02 2020 01: +0,0.328,4507,Chroma Case
Feb 03 2020 01: +0,0.317,4551,Chroma Case
Feb 04 2020 01: +0,0.323,3601,Chroma Case
Feb 05 2020 01: +0,0.33,4166,Chroma Case
Feb 06 2020 01: +0,0.322,3712,Chroma Case
Feb 07 2020 01: +0,0.324,4106,Chroma Case
Feb 08 2020 01: +0,0.311,5911,Chroma Case
Feb 09 2020 01: +0,0.294,4349,Chroma Case
Feb 10 2020 01: +0,0.279,3700,Chroma Case
Feb 11 2020 01: +0,0.287,3643,Chroma Case
Feb 12 2020 01: +0,0.302,3289,Chroma Case
Feb 13 2020 01: +0,0.301,3706,Chroma Case
Feb 14 2020 01: +0,0.308,4467,Chroma Case
Feb 15 2020 01: +0,0.307,4372,Chroma Case
Feb 16 2020 01: +0,0.296,4799,Chroma Case
Feb 17 2020 01: +0,0.292,4739,Chroma Case
Feb 18 2020 01: +0,0.294,3760,Chroma Case
Feb 19 2020 01: +0,0.301,3675,Chroma Case
Feb 20 2020 01: +0,0.29,8278,Chroma Case
Feb 21 2020 01: +0,0.295,6228,Chroma Case
Feb 22 2020 01: +0,0.297,3682,Chroma Case
Feb 23 2020 01: +0,0.295,4119,Chroma Case
Feb 24 2020 01: +0,0.298,3897,Chroma Case
Feb 25 2020 01: +0,0.292,4372,Chroma Case
Feb 26 2020 01: +0,0.298,4189,Chroma Case
Feb 27 2020 01: +0,0.303,4236,Chroma Case
Feb 28 2020 01: +0,0.299,3773,Chroma Case
Feb 29 2020 01: +0,0.303,4001,Chroma Case
Mar 01 2020 01: +0,0.297,5235,Chroma Case
Mar 02 2020 01: +0,0.293,4134,Chroma Case
Mar 03 2020 01: +0,0.3,3567,Chroma Case
Mar 04 2020 01: +0,0.311,4129,Chroma Case
Mar 05 2020 01: +0,0.313,3896,Chroma Case
Mar 06 2020 01: +0,0.311,3761,Chroma Case
Mar 07 2020 01: +0,0.326,4672,Chroma Case
Mar 08 2020 01: +0,0.325,3386,Chroma Case
Mar 09 2020 01: +0,0.32,4405,Chroma Case
Mar 10 2020 01: +0,0.306,3845,Chroma Case
Mar 11 2020 01: +0,0.322,3188,Chroma Case
Mar 12 2020 01: +0,0.309,3500,Chroma Case
Mar 13 2020 01: +0,0.318,3661,Chroma Case
Mar 14 2020 01: +0,0.326,4701,Chroma Case
Mar 15 2020 01: +0,0.318,5326,Chroma Case
Mar 16 2020 01: +0,0.31,4266,Chroma Case
Mar 17 2020 01: +0,0.309,3946,Chroma Case
Mar 18 2020 01: +0,0.302,3169,Chroma Case
Mar 19 2020 01: +0,0.297,3830,Chroma Case
Mar 20 2020 01: +0,0.293,4330,Chroma Case
Mar 21 2020 01: +0,0.28,4029,Chroma Case
Mar 22 2020 01: +0,0.28,4070,Chroma Case
Mar 23 2020 01: +0,0.269,3922,Chroma Case
Mar 24 2020 01: +0,0.259,3957,Chroma Case
Mar 25 2020 01: +0,0.267,5103,Chroma Case
Mar 26 2020 01: +0,0.279,4826,Chroma Case
Mar 27 2020 01: +0,0.284,4459,Chroma Case
Mar 28 2020 01: +0,0.281,5287,Chroma Case
Mar 29 2020 01: +0,0.274,5131,Chroma Case
Mar 30 2020 01: +0,0.268,4955,Chroma Case
Mar 31 2020 01: +0,0.283,5507,Chroma Case
Apr 01 2020 01: +0,0.265,5363,Chroma Case
Apr 02 2020 01: +0,0.264,5708,Chroma Case
Apr 03 2020 01: +0,0.26,5047,Chroma Case
Apr 04 2020 01: +0,0.259,5631,Chroma Case
Apr 05 2020 01: +0,0.255,5127,Chroma Case
Apr 06 2020 01: +0,0.248,5566,Chroma Case
Apr 07 2020 01: +0,0.25,4641,Chroma Case
Apr 08 2020 01: +0,0.258,5440,Chroma Case
Apr 09 2020 01: +0,0.247,4824,Chroma Case
Apr 10 2020 01: +0,0.269,5693,Chroma Case
Apr 11 2020 01: +0,0.251,5914,Chroma Case
Apr 12 2020 01: +0,0.251,5544,Chroma Case
Apr 13 2020 01: +0,0.243,5897,Chroma Case
Apr 14 2020 01: +0,0.246,6028,Chroma Case
Apr 15 2020 01: +0,0.259,6013,Chroma Case
Apr 16 2020 01: +0,0.26,5329,Chroma Case
Apr 17 2020 01: +0,0.276,5301,Chroma Case
Apr 18 2020 01: +0,0.275,5060,Chroma Case
Apr 19 2020 01: +0,0.267,5394,Chroma Case
Apr 20 2020 01: +0,0.257,5311,Chroma Case
Apr 21 2020 01: +0,0.265,4619,Chroma Case
Apr 22 2020 01: +0,0.257,4514,Chroma Case
Apr 23 2020 01: +0,0.253,4461,Chroma Case
Apr 24 2020 01: +0,0.259,4489,Chroma Case
Apr 25 2020 01: +0,0.262,4524,Chroma Case
Apr 26 2020 01: +0,0.255,4217,Chroma Case
Apr 27 2020 01: +0,0.256,4473,Chroma Case
Apr 28 2020 01: +0,0.255,3995,Chroma Case
Apr 29 2020 01: +0,0.267,5952,Chroma Case
Apr 30 2020 01: +0,0.269,6542,Chroma Case
May 01 2020 01: +0,0.265,6033,Chroma Case
May 02 2020 01: +0,0.264,6505,Chroma Case
May 03 2020 01: +0,0.276,5936,Chroma Case
May 04 2020 01: +0,0.282,5635,Chroma Case
May 05 2020 01: +0,0.285,5106,Chroma Case
May 06 2020 01: +0,0.29,6151,Chroma Case
May 07 2020 01: +0,0.3,6531,Chroma Case
May 08 2020 01: +0,0.313,6812,Chroma Case
May 09 2020 01: +0,0.315,5378,Chroma Case
May 10 2020 01: +0,0.312,4332,Chroma Case
May 11 2020 01: +0,0.301,4413,Chroma Case
May 12 2020 01: +0,0.306,4950,Chroma Case
May 13 2020 01: +0,0.312,4956,Chroma Case
May 14 2020 01: +0,0.317,5168,Chroma Case
May 15 2020 01: +0,0.311,5469,Chroma Case
May 16 2020 01: +0,0.311,5632,Chroma Case
May 17 2020 01: +0,0.306,5274,Chroma Case
May 18 2020 01: +0,0.302,3827,Chroma Case
May 19 2020 01: +0,0.301,5203,Chroma Case
May 20 2020 01: +0,0.306,4733,Chroma Case
May 21 2020 01: +0,0.302,4195,Chroma Case
May 22 2020 01: +0,0.305,3088,Chroma Case
May 23 2020 01: +0,0.304,4037,Chroma Case
May 24 2020 01: +0,0.31,4247,Chroma Case
May 25 2020 01: +0,0.302,3807,Chroma Case
May 26 2020 01: +0,0.281,4430,Chroma Case
May 27 2020 01: +0,0.281,4083,Chroma Case
May 28 2020 01: +0,0.285,4712,Chroma Case
May 29 2020 01: +0,0.3,5041,Chroma Case
May 30 2020 01: +0,0.307,4945,Chroma Case
May 31 2020 01: +0,0.302,3594,Chroma Case
Jun 01 2020 01: +0,0.315,3862,Chroma Case
Jun 02 2020 01: +0,0.311,3184,Chroma Case
Jun 03 2020 01: +0,0.308,3776,Chroma Case
Jun 04 2020 01: +0,0.323,5259,Chroma Case
Jun 05 2020 01: +0,0.321,4647,Chroma Case
Jun 06 2020 01: +0,0.327,5368,Chroma Case
Jun 07 2020 01: +0,0.317,3649,Chroma Case
Jun 08 2020 01: +0,0.323,4075,Chroma Case
Jun 09 2020 01: +0,0.319,3203,Chroma Case
Jun 10 2020 01: +0,0.316,3171,Chroma Case
Jun 11 2020 01: +0,0.315,3064,Chroma Case
Jun 12 2020 01: +0,0.313,3806,Chroma Case
Jun 13 2020 01: +0,0.311,3668,Chroma Case
Jun 14 2020 01: +0,0.311,3755,Chroma Case
Jun 15 2020 01: +0,0.311,3004,Chroma Case
Jun 16 2020 01: +0,0.302,3319,Chroma Case
Jun 17 2020 01: +0,0.311,4385,Chroma Case
Jun 18 2020 01: +0,0.311,3774,Chroma Case
Jun 19 2020 01: +0,0.313,3562,Chroma Case
Jun 20 2020 01: +0,0.314,4436,Chroma Case
Jun 21 2020 01: +0,0.312,4542,Chroma Case
Jun 22 2020 01: +0,0.316,5498,Chroma Case
Jun 23 2020 01: +0,0.318,5073,Chroma Case
Jun 24 2020 01: +0,0.316,5691,Chroma Case
Jun 25 2020 01: +0,0.3,4670,Chroma Case
Jun 26 2020 01: +0,0.295,5069,Chroma Case
Jun 27 2020 01: +0,0.29,4325,Chroma Case
Jun 28 2020 01: +0,0.297,4285,Chroma Case
Jun 29 2020 01: +0,0.298,3830,Chroma Case
Jun 30 2020 01: +0,0.301,4295,Chroma Case
Jul 01 2020 01: +0,0.304,4503,Chroma Case
Jul 02 2020 01: +0,0.31,4694,Chroma Case
Jul 03 2020 01: +0,0.313,5570,Chroma Case
Jul 04 2020 01: +0,0.312,4482,Chroma Case
Jul 05 2020 01: +0,0.313,4743,Chroma Case
Jul 06 2020 01: +0,0.312,3405,Chroma Case
Jul 07 2020 01: +0,0.31,3711,Chroma Case
Jul 08 2020 01: +0,0.31,4481,Chroma Case
Jul 09 2020 01: +0,0.32,4119,Chroma Case
Jul 10 2020 01: +0,0.323,4916,Chroma Case
Jul 11 2020 01: +0,0.323,4060,Chroma Case
Jul 12 2020 01: +0,0.327,3921,Chroma Case
Jul 13 2020 01: +0,0.328,3587,Chroma Case
Jul 14 2020 01: +0,0.329,3871,Chroma Case
Jul 15 2020 01: +0,0.336,4590,Chroma Case
Jul 16 2020 01: +0,0.338,4137,Chroma Case
Jul 17 2020 01: +0,0.337,3458,Chroma Case
Jul 18 2020 01: +0,0.347,4602,Chroma Case
Jul 19 2020 01: +0,0.349,4075,Chroma Case
Jul 20 2020 01: +0,0.355,4983,Chroma Case
Jul 21 2020 01: +0,0.353,3235,Chroma Case
Jul 22 2020 01: +0,0.355,2980,Chroma Case
Jul 23 2020 01: +0,0.367,4680,Chroma Case
Jul 24 2020 01: +0,0.368,4362,Chroma Case
Jul 25 2020 01: +0,0.376,4117,Chroma Case
Jul 26 2020 01: +0,0.382,2953,Chroma Case
Jul 27 2020 01: +0,0.387,3052,Chroma Case
Jul 28 2020 01: +0,0.385,3383,Chroma Case
Jul 29 2020 01: +0,0.387,4885,Chroma Case
Jul 30 2020 01: +0,0.383,3541,Chroma Case
Jul 31 2020 01: +0,0.385,4370,Chroma Case
Aug 01 2020 01: +0,0.396,5996,Chroma Case
Aug 02 2020 01: +0,0.416,4409,Chroma Case
Aug 03 2020 01: +0,0.46,7277,Chroma Case
Aug 04 2020 01: +0,0.468,3991,Chroma Case
Aug 05 2020 01: +0,0.467,3232,Chroma Case
Aug 06 2020 01: +0,0.457,3823,Chroma Case
Aug 07 2020 01: +0,0.458,3477,Chroma Case
Aug 08 2020 01: +0,0.447,3292,Chroma Case
Aug 09 2020 01: +0,0.436,2276,Chroma Case
Aug 10 2020 01: +0,0.436,2395,Chroma Case
Aug 11 2020 01: +0,0.445,4751,Chroma Case
Aug 12 2020 01: +0,0.449,2952,Chroma Case
Aug 13 2020 01: +0,0.435,4460,Chroma Case
Aug 14 2020 01: +0,0.42,4264,Chroma Case
Aug 15 2020 01: +0,0.415,3902,Chroma Case
Aug 16 2020 01: +0,0.398,2616,Chroma Case
Aug 17 2020 01: +0,0.399,3073,Chroma Case
Aug 18 2020 01: +0,0.405,2810,Chroma Case
Aug 19 2020 01: +0,0.403,3065,Chroma Case
Aug 20 2020 01: +0,0.409,2654,Chroma Case
Aug 21 2020 01: +0,0.391,2325,Chroma Case
Aug 22 2020 01: +0,0.368,5885,Chroma Case
Aug 23 2020 01: +0,0.373,2567,Chroma Case
Aug 24 2020 01: +0,0.356,2500,Chroma Case
Aug 25 2020 01: +0,0.376,2600,Chroma Case
Aug 26 2020 01: +0,0.396,3492,Chroma Case
Aug 27 2020 01: +0,0.394,3417,Chroma Case
Aug 28 2020 01: +0,0.415,3814,Chroma Case
Aug 29 2020 01: +0,0.407,2829,Chroma Case
Aug 30 2020 01: +0,0.393,3161,Chroma Case
Aug 31 2020 01: +0,0.399,2114,Chroma Case
Sep 01 2020 01: +0,0.41,3407,Chroma Case
Sep 02 2020 01: +0,0.411,2819,Chroma Case
Sep 03 2020 01: +0,0.412,3266,Chroma Case
Sep 04 2020 01: +0,0.411,3337,Chroma Case
Sep 05 2020 01: +0,0.408,2918,Chroma Case
Sep 06 2020 01: +0,0.408,2376,Chroma Case
Sep 07 2020 01: +0,0.4,2754,Chroma Case
Sep 08 2020 01: +0,0.405,2292,Chroma Case
Sep 09 2020 01: +0,0.403,2510,Chroma Case
Sep 10 2020 01: +0,0.405,2440,Chroma Case
Sep 11 2020 01: +0,0.416,3627,Chroma Case
Sep 12 2020 01: +0,0.415,2734,Chroma Case
Sep 13 2020 01: +0,0.421,2456,Chroma Case
Sep 14 2020 01: +0,0.423,2708,Chroma Case
Sep 15 2020 01: +0,0.418,1992,Chroma Case
Sep 16 2020 01: +0,0.416,2527,Chroma Case
Sep 17 2020 01: +0,0.42,2886,Chroma Case
Sep 18 2020 01: +0,0.417,2232,Chroma Case
Sep 19 2020 01: +0,0.41,2889,Chroma Case
Sep 20 2020 01: +0,0.408,3102,Chroma Case
Sep 21 2020 01: +0,0.406,2358,Chroma Case
Sep 22 2020 01: +0,0.413,2137,Chroma Case
Sep 23 2020 01: +0,0.41,2175,Chroma Case
Sep 24 2020 01: +0,0.418,3474,Chroma Case
Sep 25 2020 01: +0,0.417,4140,Chroma Case
Sep 26 2020 01: +0,0.418,2845,Chroma Case
Sep 27 2020 01: +0,0.422,3360,Chroma Case
Sep 28 2020 01: +0,0.402,2584,Chroma Case
Sep 29 2020 01: +0,0.418,2466,Chroma Case
Sep 30 2020 01: +0,0.427,3000,Chroma Case
Oct 01 2020 01: +0,0.422,2476,Chroma Case
Oct 02 2020 01: +0,0.425,2648,Chroma Case
Oct 03 2020 01: +0,0.424,3112,Chroma Case
Oct 04 2020 01: +0,0.423,2678,Chroma Case
Oct 05 2020 01: +0,0.418,3895,Chroma Case
Oct 06 2020 01: +0,0.418,2308,Chroma Case
Oct 07 2020 01: +0,0.422,3288,Chroma Case
Oct 08 2020 01: +0,0.42,2300,Chroma Case
Oct 09 2020 01: +0,0.424,4568,Chroma Case
Oct 10 2020 01: +0,0.414,2686,Chroma Case
Oct 11 2020 01: +0,0.409,2703,Chroma Case
Oct 12 2020 01: +0,0.411,2964,Chroma Case
Oct 13 2020 01: +0,0.408,2046,Chroma Case
Oct 14 2020 01: +0,0.404,2122,Chroma Case
Oct 15 2020 01: +0,0.39,1662,Chroma Case
Oct 16 2020 01: +0,0.394,2201,Chroma Case
Oct 17 2020 01: +0,0.396,2852,Chroma Case
Oct 18 2020 01: +0,0.399,2438,Chroma Case
Oct 19 2020 01: +0,0.406,2553,Chroma Case
Oct 20 2020 01: +0,0.407,1984,Chroma Case
Oct 21 2020 01: +0,0.402,2064,Chroma Case
Oct 22 2020 01: +0,0.4,2424,Chroma Case
Oct 23 2020 01: +0,0.387,2461,Chroma Case
Oct 24 2020 01: +0,0.398,2670,Chroma Case
Oct 25 2020 01: +0,0.389,2234,Chroma Case
Oct 26 2020 01: +0,0.383,1772,Chroma Case
Oct 27 2020 01: +0,0.365,2397,Chroma Case
Oct 28 2020 01: +0,0.373,1748,Chroma Case
Oct 29 2020 01: +0,0.368,2414,Chroma Case
Oct 30 2020 01: +0,0.388,3554,Chroma Case
Oct 31 2020 01: +0,0.402,3030,Chroma Case
Nov 01 2020 01: +0,0.387,3442,Chroma Case
Nov 02 2020 01: +0,0.395,1823,Chroma Case
Nov 03 2020 01: +0,0.4,2903,Chroma Case
Nov 04 2020 01: +0,0.407,2797,Chroma Case
Nov 05 2020 01: +0,0.404,2728,Chroma Case
Nov 06 2020 01: +0,0.415,2964,Chroma Case
Nov 07 2020 01: +0,0.399,2857,Chroma Case
Nov 08 2020 01: +0,0.402,2758,Chroma Case
Nov 09 2020 01: +0,0.398,2336,Chroma Case
Nov 10 2020 01: +0,0.405,3363,Chroma Case
Nov 11 2020 01: +0,0.402,2492,Chroma Case
Nov 12 2020 01: +0,0.407,2950,Chroma Case
Nov 13 2020 01: +0,0.414,2556,Chroma Case
Nov 14 2020 01: +0,0.418,3131,Chroma Case
Nov 15 2020 01: +0,0.404,2642,Chroma Case
Nov 16 2020 01: +0,0.412,2565,Chroma Case
Nov 17 2020 01: +0,0.398,2992,Chroma Case
Nov 18 2020 01: +0,0.399,2059,Chroma Case
Nov 19 2020 01: +0,0.396,2872,Chroma Case
Nov 20 2020 01: +0,0.406,3839,Chroma Case
Nov 21 2020 01: +0,0.408,2894,Chroma Case
Nov 22 2020 01: +0,0.407,2609,Chroma Case
Nov 23 2020 01: +0,0.407,2092,Chroma Case
Nov 24 2020 01: +0,0.411,2352,Chroma Case
Nov 25 2020 01: +0,0.395,3057,Chroma Case
Nov 26 2020 01: +0,0.376,3060,Chroma Case
Nov 27 2020 01: +0,0.369,3238,Chroma Case
Nov 28 2020 01: +0,0.368,3100,Chroma Case
Nov 29 2020 01: +0,0.355,2540,Chroma Case
Nov 30 2020 01: +0,0.361,2513,Chroma Case
Dec 01 2020 01: +0,0.362,3268,Chroma Case
Dec 02 2020 01: +0,0.402,4421,Chroma Case
Dec 03 2020 01: +0,0.393,7592,Chroma Case
Dec 04 2020 01: +0,0.334,4597,Chroma Case
Dec 05 2020 01: +0,0.346,2074,Chroma Case
Dec 06 2020 01: +0,0.357,2554,Chroma Case
Dec 07 2020 01: +0,0.323,2433,Chroma Case
Dec 08 2020 01: +0,0.314,2480,Chroma Case
Dec 09 2020 01: +0,0.339,3079,Chroma Case
Dec 10 2020 01: +0,0.314,2518,Chroma Case
Dec 11 2020 01: +0,0.34,2260,Chroma Case
Dec 12 2020 01: +0,0.356,3004,Chroma Case
Dec 13 2020 01: +0,0.332,2211,Chroma Case
Dec 14 2020 01: +0,0.337,2231,Chroma Case
Dec 15 2020 01: +0,0.353,2067,Chroma Case
Dec 16 2020 01: +0,0.344,2324,Chroma Case
Dec 17 2020 01: +0,0.361,2626,Chroma Case
Dec 18 2020 01: +0,0.37,3346,Chroma Case
Dec 19 2020 01: +0,0.362,3225,Chroma Case
Dec 20 2020 01: +0,0.374,2911,Chroma Case
Dec 21 2020 01: +0,0.412,5112,Chroma Case
Dec 22 2020 01: +0,0.387,2099,Chroma Case
Dec 23 2020 01: +0,0.386,3361,Chroma Case
Dec 24 2020 01: +0,0.38,3727,Chroma Case
Dec 25 2020 01: +0,0.418,3929,Chroma Case
Dec 26 2020 01: +0,0.428,3049,Chroma Case
Dec 27 2020 01: +0,0.408,2383,Chroma Case
Dec 28 2020 01: +0,0.413,3165,Chroma Case
Dec 29 2020 01: +0,0.412,2757,Chroma Case
Dec 30 2020 01: +0,0.422,3080,Chroma Case
Dec 31 2020 01: +0,0.438,3400,Chroma Case
Jan 01 2021 01: +0,0.427,2544,Chroma Case
Jan 02 2021 01: +0,0.427,3234,Chroma Case
Jan 03 2021 01: +0,0.426,3609,Chroma Case
Jan 04 2021 01: +0,0.422,3635,Chroma Case
Jan 05 2021 01: +0,0.426,4566,Chroma Case
Jan 06 2021 01: +0,0.416,2943,Chroma Case
Jan 07 2021 01: +0,0.42,2663,Chroma Case
Jan 08 2021 01: +0,0.431,4418,Chroma Case
Jan 09 2021 01: +0,0.442,3760,Chroma Case
Jan 10 2021 01: +0,0.437,3045,Chroma Case
Jan 11 2021 01: +0,0.435,2466,Chroma Case
Jan 12 2021 01: +0,0.43,2314,Chroma Case
Jan 13 2021 01: +0,0.42,3580,Chroma Case
Jan 14 2021 01: +0,0.43,2841,Chroma Case
Jan 15 2021 01: +0,0.438,4170,Chroma Case
Jan 16 2021 01: +0,0.439,3815,Chroma Case
Jan 17 2021 01: +0,0.442,3515,Chroma Case
Jan 18 2021 01: +0,0.444,3384,Chroma Case
Jan 19 2021 01: +0,0.442,3224,Chroma Case
Jan 20 2021 01: +0,0.444,3585,Chroma Case
Jan 21 2021 01: +0,0.449,4073,Chroma Case
Jan 22 2021 01: +0,0.447,5817,Chroma Case
Jan 23 2021 01: +0,0.448,3741,Chroma Case
Jan 24 2021 01: +0,0.454,3579,Chroma Case
Jan 25 2021 01: +0,0.459,3220,Chroma Case
Jan 26 2021 01: +0,0.46,2884,Chroma Case
Jan 27 2021 01: +0,0.47,2898,Chroma Case
Jan 28 2021 01: +0,0.448,3904,Chroma Case
Jan 29 2021 01: +0,0.472,3953,Chroma Case
Jan 30 2021 01: +0,0.475,3301,Chroma Case
Jan 31 2021 01: +0,0.485,3475,Chroma Case
Feb 01 2021 01: +0,0.495,3920,Chroma Case
Feb 02 2021 01: +0,0.505,4724,Chroma Case
Feb 03 2021 01: +0,0.517,7327,Chroma Case
Feb 04 2021 01: +0,0.615,4088,Chroma Case
Feb 05 2021 01: +0,0.587,2817,Chroma Case
Feb 06 2021 01: +0,0.584,3284,Chroma Case
Feb 07 2021 01: +0,0.577,2878,Chroma Case
Feb 08 2021 01: +0,0.576,2428,Chroma Case
Feb 09 2021 01: +0,0.565,3224,Chroma Case
Feb 10 2021 01: +0,0.558,2372,Chroma Case
Feb 11 2021 01: +0,0.58,5081,Chroma Case
Feb 12 2021 01: +0,0.556,3935,Chroma Case
Feb 13 2021 01: +0,0.528,3049,Chroma Case
Feb 14 2021 01: +0,0.527,3754,Chroma Case
Feb 15 2021 01: +0,0.551,3753,Chroma Case
Feb 16 2021 01: +0,0.545,2732,Chroma Case
Feb 17 2021 01: +0,0.538,3022,Chroma Case
Feb 18 2021 01: +0,0.527,2510,Chroma Case
Feb 19 2021 01: +0,0.546,3030,Chroma Case
Feb 20 2021 01: +0,0.577,3643,Chroma Case
Feb 21 2021 01: +0,0.581,3316,Chroma Case
Feb 22 2021 01: +0,0.579,3592,Chroma Case
Feb 23 2021 01: +0,0.593,5608,Chroma Case
Feb 24 2021 01: +0,0.642,7075,Chroma Case
Feb 25 2021 01: +0,0.716,4652,Chroma Case
Feb 26 2021 01: +0,0.756,4337,Chroma Case
Feb 27 2021 01: +0,0.751,3956,Chroma Case
Feb 28 2021 01: +0,0.735,5405,Chroma Case
Mar 01 2021 01: +0,0.75,5296,Chroma Case
Mar 02 2021 01: +0,0.747,3483,Chroma Case
Mar 03 2021 01: +0,0.725,3851,Chroma Case
Mar 04 2021 01: +0,0.69,3257,Chroma Case
Mar 05 2021 01: +0,0.681,5225,Chroma Case
Mar 06 2021 01: +0,0.69,4005,Chroma Case
Mar 07 2021 01: +0,0.671,2659,Chroma Case
Mar 08 2021 01: +0,0.673,3300,Chroma Case
Mar 09 2021 01: +0,0.688,3746,Chroma Case
Mar 10 2021 01: +0,0.677,3004,Chroma Case
Mar 11 2021 01: +0,0.673,3103,Chroma Case
Mar 12 2021 01: +0,0.682,4015,Chroma Case
Mar 13 2021 01: +0,0.678,3549,Chroma Case
Mar 14 2021 01: +0,0.667,3185,Chroma Case
Mar 15 2021 01: +0,0.645,3140,Chroma Case
Mar 16 2021 01: +0,0.663,3006,Chroma Case
Mar 17 2021 01: +0,0.658,3302,Chroma Case
Mar 18 2021 01: +0,0.667,5793,Chroma Case
Mar 19 2021 01: +0,0.66,3550,Chroma Case
Mar 20 2021 01: +0,0.675,3923,Chroma Case
Mar 21 2021 01: +0,0.687,3569,Chroma Case
Mar 22 2021 01: +0,0.682,3621,Chroma Case
Mar 23 2021 01: +0,0.646,2510,Chroma Case
Mar 24 2021 01: +0,0.645,3968,Chroma Case
Mar 25 2021 01: +0,0.664,2812,Chroma Case
Mar 26 2021 01: +0,0.681,3953,Chroma Case
Mar 27 2021 01: +0,0.701,4310,Chroma Case
Mar 28 2021 01: +0,0.703,3334,Chroma Case
Mar 29 2021 01: +0,0.717,3595,Chroma Case
Mar 30 2021 01: +0,0.711,3455,Chroma Case
Mar 31 2021 01: +0,0.715,3404,Chroma Case
Apr 01 2021 01: +0,0.738,3518,Chroma Case
Apr 02 2021 01: +0,0.738,4004,Chroma Case
Apr 03 2021 01: +0,0.731,3583,Chroma Case
Apr 04 2021 01: +0,0.734,5485,Chroma Case
Apr 05 2021 01: +0,0.732,4219,Chroma Case
Apr 06 2021 01: +0,0.728,5455,Chroma Case
Apr 07 2021 01: +0,0.707,2220,Chroma Case
Apr 08 2021 01: +0,0.67,2972,Chroma Case
Apr 09 2021 01: +0,0.645,6404,Chroma Case
Apr 10 2021 01: +0,0.647,4373,Chroma Case
Apr 11 2021 01: +0,0.693,3303,Chroma Case
Apr 12 2021 01: +0,0.706,3861,Chroma Case
Apr 13 2021 01: +0,0.704,3777,Chroma Case
Apr 14 2021 01: +0,0.738,1966,Chroma Case
Apr 15 2021 01: +0,0.732,3499,Chroma Case
Apr 16 2021 01: +0,0.723,3367,Chroma Case
Apr 17 2021 01: +0,0.72,2920,Chroma Case
Apr 18 2021 01: +0,0.723,2673,Chroma Case
Apr 19 2021 01: +0,0.703,2280,Chroma Case
Apr 20 2021 01: +0,0.687,2033,Chroma Case
Apr 21 2021 01: +0,0.693,2565,Chroma Case
Apr 22 2021 01: +0,0.703,2181,Chroma Case
Apr 23 2021 01: +0,0.719,2515,Chroma Case
Apr 24 2021 01: +0,0.727,3328,Chroma Case
Apr 25 2021 01: +0,0.727,2587,Chroma Case
Apr 26 2021 01: +0,0.709,1731,Chroma Case
Apr 27 2021 01: +0,0.713,2388,Chroma Case
Apr 28 2021 01: +0,0.717,2248,Chroma Case
Apr 29 2021 01: +0,0.735,3316,Chroma Case
Apr 30 2021 01: +0,0.741,2935,Chroma Case
May 01 2021 01: +0,0.738,2625,Chroma Case
May 02 2021 01: +0,0.722,2465,Chroma Case
May 03 2021 01: +0,0.702,1949,Chroma Case
May 04 2021 01: +0,0.704,2714,Chroma Case
May 05 2021 01: +0,0.713,3178,Chroma Case
May 06 2021 01: +0,0.713,3880,Chroma Case
May 07 2021 01: +0,0.734,2861,Chroma Case
May 08 2021 01: +0,0.752,3545,Chroma Case
May 09 2021 01: +0,0.761,5006,Chroma Case
May 10 2021 01: +0,0.771,4311,Chroma Case
May 11 2021 01: +0,0.78,5436,Chroma Case
May 12 2021 01: +0,0.793,2621,Chroma Case
May 13 2021 01: +0,0.783,2951,Chroma Case
May 14 2021 01: +0,0.774,2972,Chroma Case
May 15 2021 01: +0,0.788,2781,Chroma Case
May 16 2021 01: +0,0.795,3156,Chroma Case
May 17 2021 01: +0,0.774,2422,Chroma Case
May 18 2021 01: +0,0.77,2135,Chroma Case
May 19 2021 01: +0,0.782,2724,Chroma Case
May 20 2021 01: +0,0.769,2229,Chroma Case
May 21 2021 01: +0,0.763,2314,Chroma Case
May 22 2021 01: +0,0.766,2510,Chroma Case
May 23 2021 01: +0,0.762,2564,Chroma Case
May 24 2021 01: +0,0.768,2924,Chroma Case
May 25 2021 01: +0,0.758,2675,Chroma Case
May 26 2021 01: +0,0.774,2312,Chroma Case
May 27 2021 01: +0,0.78,2621,Chroma Case
May 28 2021 01: +0,0.789,3217,Chroma Case
May 29 2021 01: +0,0.788,3196,Chroma Case
May 30 2021 01: +0,0.801,3737,Chroma Case
May 31 2021 01: +0,0.809,2982,Chroma Case
Jun 01 2021 01: +0,0.816,2807,Chroma Case
Jun 02 2021 01: +0,0.819,3017,Chroma Case
Jun 03 2021 01: +0,0.833,3280,Chroma Case
Jun 04 2021 01: +0,0.86,5389,Chroma Case
Jun 05 2021 01: +0,0.902,3883,Chroma Case
Jun 06 2021 01: +0,0.906,3054,Chroma Case
Jun 07 2021 01: +0,0.914,3295,Chroma Case
Jun 08 2021 01: +0,0.903,2760,Chroma Case
Jun 09 2021 01: +0,0.923,3043,Chroma Case
Jun 10 2021 01: +0,0.942,2688,Chroma Case
Jun 11 2021 01: +0,0.959,2153,Chroma Case
Jun 12 2021 01: +0,0.939,2871,Chroma Case
Jun 13 2021 01: +0,0.856,3372,Chroma Case
Jun 14 2021 01: +0,0.85,2560,Chroma Case
Jun 15 2021 01: +0,0.852,3019,Chroma Case
Jun 16 2021 01: +0,0.866,2337,Chroma Case
Jun 17 2021 01: +0,0.849,2300,Chroma Case
Jun 18 2021 01: +0,0.875,3786,Chroma Case
Jun 19 2021 01: +0,0.837,2023,Chroma Case
Jun 20 2021 01: +0,0.829,2817,Chroma Case
Jun 21 2021 01: +0,0.824,3093,Chroma Case
Jun 22 2021 01: +0,0.828,3064,Chroma Case
Jun 23 2021 01: +0,0.817,2032,Chroma Case
Jun 24 2021 01: +0,0.769,3726,Chroma Case
Jun 25 2021 01: +0,0.72,3013,Chroma Case
Jun 26 2021 01: +0,0.761,2415,Chroma Case
Jun 27 2021 01: +0,0.748,1844,Chroma Case
Jun 28 2021 01: +0,0.77,3271,Chroma Case
Jun 29 2021 01: +0,0.815,3876,Chroma Case
Jun 30 2021 01: +0,0.867,3373,Chroma Case
Jul 01 2021 01: +0,0.864,2544,Chroma Case
Jul 02 2021 01: +0,0.855,2197,Chroma Case
Jul 03 2021 01: +0,0.85,3403,Chroma Case
Jul 04 2021 01: +0,0.824,2187,Chroma Case
Jul 05 2021 01: +0,0.806,2112,Chroma Case
Jul 06 2021 01: +0,0.792,1666,Chroma Case
Jul 07 2021 01: +0,0.816,3189,Chroma Case
Jul 08 2021 01: +0,0.79,2180,Chroma Case
Jul 09 2021 01: +0,0.822,3408,Chroma Case
Jul 10 2021 01: +0,0.808,1859,Chroma Case
Jul 11 2021 01: +0,0.795,1508,Chroma Case
Jul 12 2021 01: +0,0.794,2125,Chroma Case
Jul 13 2021 01: +0,0.78,2802,Chroma Case
Jul 14 2021 01: +0,0.757,2160,Chroma Case
Jul 15 2021 01: +0,0.739,2225,Chroma Case
Jul 16 2021 01: +0,0.746,1892,Chroma Case
Jul 17 2021 01: +0,0.738,2250,Chroma Case
Jul 18 2021 01: +0,0.732,1820,Chroma Case
Jul 19 2021 01: +0,0.732,2062,Chroma Case
Jul 20 2021 01: +0,0.715,2086,Chroma Case
Jul 21 2021 01: +0,0.73,2359,Chroma Case
Jul 22 2021 01: +0,0.702,1641,Chroma Case
Jul 23 2021 01: +0,0.719,1903,Chroma Case
Jul 24 2021 01: +0,0.758,2161,Chroma Case
Jul 25 2021 01: +0,0.755,1652,Chroma Case
Jul 26 2021 01: +0,0.717,2050,Chroma Case
Jul 27 2021 01: +0,0.769,1475,Chroma Case
Jul 28 2021 01: +0,0.787,2066,Chroma Case
Jul 29 2021 01: +0,0.768,2585,Chroma Case
Jul 30 2021 01: +0,0.788,2144,Chroma Case
Jul 31 2021 01: +0,0.803,2160,Chroma Case
Aug 01 2021 01: +0,0.809,1963,Chroma Case
Aug 02 2021 01: +0,0.813,1848,Chroma Case
Aug 03 2021 01: +0,0.811,2647,Chroma Case
Aug 04 2021 01: +0,0.816,2609,Chroma Case
Aug 05 2021 01: +0,0.872,1825,Chroma Case
Aug 06 2021 01: +0,0.804,2181,Chroma Case
Aug 07 2021 01: +0,0.83,1927,Chroma Case
Aug 08 2021 01: +0,0.802,2037,Chroma Case
Aug 09 2021 01: +0,0.797,1654,Chroma Case
Aug 10 2021 01: +0,0.796,1491,Chroma Case
Aug 11 2021 01: +0,0.797,1735,Chroma Case
Aug 12 2021 01: +0,0.779,2038,Chroma Case
Aug 13 2021 01: +0,0.778,1929,Chroma Case
Aug 14 2021 01: +0,0.734,2763,Chroma Case
Aug 15 2021 01: +0,0.753,1839,Chroma Case
Aug 16 2021 01: +0,0.721,1700,Chroma Case
Aug 17 2021 01: +0,0.751,2348,Chroma Case
Aug 18 2021 01: +0,0.774,2409,Chroma Case
Aug 19 2021 01: +0,0.761,2075,Chroma Case
Aug 20 2021 01: +0,0.745,3053,Chroma Case
Aug 21 2021 01: +0,0.772,2093,Chroma Case
Aug 22 2021 01: +0,0.792,1760,Chroma Case
Aug 23 2021 01: +0,0.782,1796,Chroma Case
Aug 24 2021 01: +0,0.777,2007,Chroma Case
Aug 25 2021 01: +0,0.78,1895,Chroma Case
Aug 26 2021 01: +0,0.773,1921,Chroma Case
Aug 27 2021 01: +0,0.773,2324,Chroma Case
Aug 28 2021 01: +0,0.759,1469,Chroma Case
Aug 29 2021 01: +0,0.729,1445,Chroma Case
Aug 30 2021 01: +0,0.754,2102,Chroma Case
Aug 31 2021 01: +0,0.762,2285,Chroma Case
Sep 01 2021 01: +0,0.782,1618,Chroma Case
Sep 02 2021 01: +0,0.796,2212,Chroma Case
Sep 03 2021 01: +0,0.806,1802,Chroma Case
Sep 04 2021 01: +0,0.819,2672,Chroma Case
Sep 05 2021 01: +0,0.81,2087,Chroma Case
Sep 06 2021 01: +0,0.813,2306,Chroma Case
Sep 07 2021 01: +0,0.821,2328,Chroma Case
Sep 08 2021 01: +0,0.815,2181,Chroma Case
Sep 09 2021 01: +0,0.835,3295,Chroma Case
Sep 10 2021 01: +0,0.859,3547,Chroma Case
Sep 11 2021 01: +0,0.875,2090,Chroma Case
Sep 12 2021 01: +0,0.841,2778,Chroma Case
Sep 13 2021 01: +0,0.832,1665,Chroma Case
Sep 14 2021 01: +0,0.857,1595,Chroma Case
Sep 15 2021 01: +0,0.831,1556,Chroma Case
Sep 16 2021 01: +0,0.836,2034,Chroma Case
Sep 17 2021 01: +0,0.839,1854,Chroma Case
Sep 18 2021 01: +0,0.831,1966,Chroma Case
Sep 19 2021 01: +0,0.78,1861,Chroma Case
Sep 20 2021 01: +0,0.768,2018,Chroma Case
Sep 21 2021 01: +0,0.757,1563,Chroma Case
Sep 22 2021 01: +0,0.656,2635,Chroma Case
Sep 23 2021 01: +0,0.634,1510,Chroma Case
Sep 24 2021 01: +0,0.664,1425,Chroma Case
Sep 25 2021 01: +0,0.632,1402,Chroma Case
Sep 26 2021 01: +0,0.604,1351,Chroma Case
Sep 27 2021 01: +0,0.613,1770,Chroma Case
Sep 28 2021 01: +0,0.587,1222,Chroma Case
Sep 29 2021 01: +0,0.572,1742,Chroma Case
Sep 30 2021 01: +0,0.614,2148,Chroma Case
Oct 01 2021 01: +0,0.641,1169,Chroma Case
Oct 02 2021 01: +0,0.635,1623,Chroma Case
Oct 03 2021 01: +0,0.628,2459,Chroma Case
Oct 04 2021 01: +0,0.606,1420,Chroma Case
Oct 05 2021 01: +0,0.604,1814,Chroma Case
Oct 06 2021 01: +0,0.599,1713,Chroma Case
Oct 07 2021 01: +0,0.619,1851,Chroma Case
Oct 08 2021 01: +0,0.636,2025,Chroma Case
Oct 09 2021 01: +0,0.626,1582,Chroma Case
Oct 10 2021 01: +0,0.612,1847,Chroma Case
Oct 11 2021 01: +0,0.617,1299,Chroma Case
Oct 12 2021 01: +0,0.593,1724,Chroma Case
Oct 13 2021 01: +0,0.618,1180,Chroma Case
Oct 14 2021 01: +0,0.615,1586,Chroma Case
Oct 15 2021 01: +0,0.65,1649,Chroma Case
Oct 16 2021 01: +0,0.667,1737,Chroma Case
Oct 17 2021 01: +0,0.688,1574,Chroma Case
Oct 18 2021 01: +0,0.665,1253,Chroma Case
Oct 19 2021 01: +0,0.65,1166,Chroma Case
Oct 20 2021 01: +0,0.643,1591,Chroma Case
Oct 21 2021 01: +0,0.704,4478,Chroma Case
Oct 22 2021 01: +0,0.652,1889,Chroma Case
Oct 23 2021 01: +0,0.665,3006,Chroma Case
Oct 24 2021 01: +0,0.702,2154,Chroma Case
Oct 25 2021 01: +0,0.662,1899,Chroma Case
Oct 26 2021 01: +0,0.619,1787,Chroma Case
Oct 27 2021 01: +0,0.599,1418,Chroma Case
Oct 28 2021 01: +0,0.613,1978,Chroma Case
Oct 29 2021 01: +0,0.618,2047,Chroma Case
Oct 30 2021 01: +0,0.611,2424,Chroma Case
Oct 31 2021 01: +0,0.599,2033,Chroma Case
Nov 01 2021 01: +0,0.605,2183,Chroma Case
Nov 02 2021 01: +0,0.608,1790,Chroma Case
Nov 03 2021 01: +0,0.622,2056,Chroma Case
Nov 04 2021 01: +0,0.632,1906,Chroma Case
Nov 05 2021 01: +0,0.649,2474,Chroma Case
Nov 06 2021 01: +0,0.664,4491,Chroma Case
Nov 07 2021 01: +0,0.654,1818,Chroma Case
Nov 08 2021 01: +0,0.609,1581,Chroma Case
Nov 09 2021 01: +0,0.571,1690,Chroma Case
Nov 10 2021 01: +0,0.597,2312,Chroma Case
Nov 11 2021 01: +0,0.593,1538,Chroma Case
Nov 12 2021 01: +0,0.598,1532,Chroma Case
Nov 13 2021 01: +0,0.587,2236,Chroma Case
Nov 14 2021 01: +0,0.562,1756,Chroma Case
Nov 15 2021 01: +0,0.565,1306,Chroma Case
Nov 16 2021 01: +0,0.568,1947,Chroma Case
Nov 17 2021 01: +0,0.555,1821,Chroma Case
Nov 18 2021 01: +0,0.542,1784,Chroma Case
Nov 19 2021 01: +0,0.522,1554,Chroma Case
Nov 20 2021 01: +0,0.559,1787,Chroma Case
Nov 21 2021 01: +0,0.561,1538,Chroma Case
Nov 22 2021 01: +0,0.547,1785,Chroma Case
Nov 23 2021 01: +0,0.533,1454,Chroma Case
Nov 24 2021 01: +0,0.534,1874,Chroma Case
Nov 25 2021 01: +0,0.517,2577,Chroma Case
Nov 26 2021 01: +0,0.576,2721,Chroma Case
Nov 27 2021 01: +0,0.552,2720,Chroma Case
Nov 28 2021 01: +0,0.513,1974,Chroma Case
Nov 29 2021 01: +0,0.521,1816,Chroma Case
Nov 30 2021 01: +0,0.562,3147,Chroma Case
Dec 01 2021 01: +0,0.539,1605,Chroma Case
Dec 02 2021 01: +0,0.592,2200,Chroma Case
Dec 03 2021 01: +0,0.596,3966,Chroma Case
Dec 04 2021 01: +0,0.6,1609,Chroma Case
Dec 05 2021 01: +0,0.6,1969,Chroma Case
Dec 06 2021 01: +0,0.586,1720,Chroma Case
Dec 07 2021 01: +0,0.581,1459,Chroma Case
Dec 08 2021 01: +0,0.582,1772,Chroma Case
Dec 09 2021 01: +0,0.595,1839,Chroma Case
Dec 10 2021 01: +0,0.611,1925,Chroma Case
Dec 11 2021 01: +0,0.602,1428,Chroma Case
Dec 12 2021 01: +0,0.591,1643,Chroma Case
Dec 13 2021 01: +0,0.608,1398,Chroma Case
Dec 14 2021 01: +0,0.635,1923,Chroma Case
Dec 15 2021 01: +0,0.586,1142,Chroma Case
Dec 16 2021 01: +0,0.593,1617,Chroma Case
Dec 17 2021 01: +0,0.619,1234,Chroma Case
Dec 18 2021 01: +0,0.609,1475,Chroma Case
Dec 19 2021 01: +0,0.624,1491,Chroma Case
Dec 20 2021 01: +0,0.607,1654,Chroma Case
Dec 21 2021 01: +0,0.582,1961,Chroma Case
Dec 22 2021 01: +0,0.569,2127,Chroma Case
Dec 23 2021 01: +0,0.576,2083,Chroma Case
Dec 24 2021 01: +0,0.619,1932,Chroma Case
Dec 25 2021 01: +0,0.617,1816,Chroma Case
Dec 26 2021 01: +0,0.589,1938,Chroma Case
Dec 27 2021 01: +0,0.604,1948,Chroma Case
Dec 28 2021 01: +0,0.645,2028,Chroma Case
Dec 29 2021 01: +0,0.639,2505,Chroma Case
Dec 30 2021 01: +0,0.619,2066,Chroma Case
Dec 31 2021 01: +0,0.649,2120,Chroma Case
Jan 01 2022 01: +0,0.666,1830,Chroma Case
Jan 02 2022 01: +0,0.635,1778,Chroma Case
Jan 03 2022 01: +0,0.659,1997,Chroma Case
Jan 04 2022 01: +0,0.674,2254,Chroma Case
Jan 05 2022 01: +0,0.67,1505,Chroma Case
Jan 06 2022 01: +0,0.678,1831,Chroma Case
Jan 07 2022 01: +0,0.688,1370,Chroma Case
Jan 08 2022 01: +0,0.721,1899,Chroma Case
Jan 09 2022 01: +0,0.702,1501,Chroma Case
Jan 10 2022 01: +0,0.699,1424,Chroma Case
Jan 11 2022 01: +0,0.7,1479,Chroma Case
Jan 12 2022 01: +0,0.712,1652,Chroma Case
Jan 13 2022 01: +0,0.71,1787,Chroma Case
Jan 14 2022 01: +0,0.744,2147,Chroma Case
Jan 15 2022 01: +0,0.744,2405,Chroma Case
Jan 16 2022 01: +0,0.722,1491,Chroma Case
Jan 17 2022 01: +0,0.756,1853,Chroma Case
Jan 18 2022 01: +0,0.732,1632,Chroma Case
Jan 19 2022 01: +0,0.748,2341,Chroma Case
Jan 20 2022 01: +0,0.777,2636,Chroma Case
Jan 21 2022 01: +0,0.792,2052,Chroma Case
Jan 22 2022 01: +0,0.776,1962,Chroma Case
Jan 23 2022 01: +0,0.77,2129,Chroma Case
Jan 24 2022 01: +0,0.745,1568,Chroma Case
Jan 25 2022 01: +0,0.748,1416,Chroma Case
Jan 26 2022 01: +0,0.734,1740,Chroma Case
Jan 27 2022 01: +0,0.739,1752,Chroma Case
Jan 28 2022 01: +0,0.716,2400,Chroma Case
Jan 29 2022 01: +0,0.708,2012,Chroma Case
Jan 30 2022 01: +0,0.707,1738,Chroma Case
Jan 31 2022 01: +0,0.75,2445,Chroma Case
Feb 01 2022 01: +0,0.712,1403,Chroma Case
Feb 02 2022 01: +0,0.709,2190,Chroma Case
Feb 03 2022 01: +0,0.72,1806,Chroma Case
Feb 04 2022 01: +0,0.708,1902,Chroma Case
Feb 05 2022 01: +0,0.735,2247,Chroma Case
Feb 06 2022 01: +0,0.714,2298,Chroma Case
Feb 07 2022 01: +0,0.73,2065,Chroma Case
Feb 08 2022 01: +0,0.706,1501,Chroma Case
Feb 09 2022 01: +0,0.703,1626,Chroma Case
Feb 10 2022 01: +0,0.701,1559,Chroma Case
Feb 11 2022 01: +0,0.715,1832,Chroma Case
Feb 12 2022 01: +0,0.716,2084,Chroma Case
Feb 13 2022 01: +0,0.694,1891,Chroma Case
Feb 14 2022 01: +0,0.691,1525,Chroma Case
Feb 15 2022 01: +0,0.715,1676,Chroma Case
Feb 16 2022 01: +0,0.706,1785,Chroma Case
Feb 17 2022 01: +0,0.7,1827,Chroma Case
Feb 18 2022 01: +0,0.724,2258,Chroma Case
Feb 19 2022 01: +0,0.716,2607,Chroma Case
Feb 20 2022 01: +0,0.721,1996,Chroma Case
Feb 21 2022 01: +0,0.726,1871,Chroma Case
Feb 22 2022 01: +0,0.706,1893,Chroma Case
Feb 23 2022 01: +0,0.703,2051,Chroma Case
Feb 24 2022 01: +0,0.701,1958,Chroma Case
Feb 25 2022 01: +0,0.707,2298,Chroma Case
Feb 26 2022 01: +0,0.684,2322,Chroma Case
Feb 27 2022 01: +0,0.69,2015,Chroma Case
Feb 28 2022 01: +0,0.696,2731,Chroma Case
Mar 01 2022 01: +0,0.681,2123,Chroma Case
Mar 02 2022 01: +0,0.675,1909,Chroma Case
Mar 03 2022 01: +0,0.691,2085,Chroma Case
Mar 04 2022 01: +0,0.697,2192,Chroma Case
Mar 05 2022 01: +0,0.713,2147,Chroma Case
Mar 06 2022 01: +0,0.71,1916,Chroma Case
Mar 07 2022 01: +0,0.706,2339,Chroma Case
Mar 08 2022 01: +0,0.694,3112,Chroma Case
Mar 09 2022 01: +0,0.707,2299,Chroma Case
Mar 10 2022 01: +0,0.713,1786,Chroma Case
Mar 11 2022 01: +0,0.719,2290,Chroma Case
Mar 12 2022 01: +0,0.729,2398,Chroma Case
Mar 13 2022 01: +0,0.732,2183,Chroma Case
Mar 14 2022 01: +0,0.75,1702,Chroma Case
Mar 15 2022 01: +0,0.731,1629,Chroma Case
Mar 16 2022 01: +0,0.749,2002,Chroma Case
Mar 17 2022 01: +0,0.746,1432,Chroma Case
Mar 18 2022 01: +0,0.761,1744,Chroma Case
Mar 19 2022 01: +0,0.742,1620,Chroma Case
Mar 20 2022 01: +0,0.753,1738,Chroma Case
Mar 21 2022 01: +0,0.769,1915,Chroma Case
Mar 22 2022 01: +0,0.756,1569,Chroma Case
Mar 23 2022 01: +0,0.767,1942,Chroma Case
Mar 24 2022 01: +0,0.763,1804,Chroma Case
Mar 25 2022 01: +0,0.759,3114,Chroma Case
Mar 26 2022 01: +0,0.785,1873,Chroma Case
Mar 27 2022 01: +0,0.755,1669,Chroma Case
Mar 28 2022 01: +0,0.778,1552,Chroma Case
Mar 29 2022 01: +0,0.745,1811,Chroma Case
Mar 30 2022 01: +0,0.807,1732,Chroma Case
Mar 31 2022 01: +0,0.77,1536,Chroma Case
Apr 01 2022 01: +0,0.782,2364,Chroma Case
Apr 02 2022 01: +0,0.816,2304,Chroma Case
Apr 03 2022 01: +0,0.829,2534,Chroma Case
Apr 04 2022 01: +0,0.864,1682,Chroma Case
Apr 05 2022 01: +0,0.876,2046,Chroma Case
Apr 06 2022 01: +0,0.865,1400,Chroma Case
Apr 07 2022 01: +0,0.886,2692,Chroma Case
Apr 08 2022 01: +0,0.945,4026,Chroma Case
Apr 09 2022 01: +0,1.0,3122,Chroma Case
Apr 10 2022 01: +0,0.967,3373,Chroma Case
Apr 11 2022 01: +0,0.933,1675,Chroma Case
Apr 12 2022 01: +0,0.889,1330,Chroma Case
Apr 13 2022 01: +0,0.876,1454,Chroma Case
Apr 14 2022 01: +0,0.921,2520,Chroma Case
Apr 15 2022 01: +0,0.878,1413,Chroma Case
Apr 16 2022 01: +0,0.92,1429,Chroma Case
Apr 17 2022 01: +0,0.891,1870,Chroma Case
Apr 18 2022 01: +0,0.865,1662,Chroma Case
Apr 19 2022 01: +0,0.882,1214,Chroma Case
Apr 20 2022 01: +0,0.892,1640,Chroma Case
Apr 21 2022 01: +0,0.864,1346,Chroma Case
Apr 22 2022 01: +0,0.89,2257,Chroma Case
Apr 23 2022 01: +0,0.918,2434,Chroma Case
Apr 24 2022 01: +0,0.942,1574,Chroma Case
Apr 25 2022 01: +0,0.917,1661,Chroma Case
Apr 26 2022 01: +0,0.91,1900,Chroma Case
Apr 27 2022 01: +0,0.91,2010,Chroma Case
Apr 28 2022 01: +0,0.891,2114,Chroma Case
Apr 29 2022 01: +0,0.888,1606,Chroma Case
Apr 30 2022 01: +0,0.891,1996,Chroma Case
May 01 2022 01: +0,0.888,2030,Chroma Case
May 02 2022 01: +0,0.897,2025,Chroma Case
May 03 2022 01: +0,0.874,2163,Chroma Case
May 04 2022 01: +0,0.876,1967,Chroma Case
May 05 2022 01: +0,0.888,2028,Chroma Case
May 06 2022 01: +0,0.901,2452,Chroma Case
May 07 2022 01: +0,0.903,2109,Chroma Case
May 08 2022 01: +0,0.899,2031,Chroma Case
May 09 2022 01: +0,0.894,1805,Chroma Case
May 10 2022 01: +0,0.874,2780,Chroma Case
May 11 2022 01: +0,0.878,2189,Chroma Case
May 12 2022 01: +0,0.884,2485,Chroma Case
May 13 2022 01: +0,0.881,3204,Chroma Case
May 14 2022 01: +0,0.902,1844,Chroma Case
May 15 2022 01: +0,0.906,2234,Chroma Case
May 16 2022 01: +0,0.905,2782,Chroma Case
May 17 2022 01: +0,0.927,1580,Chroma Case
May 18 2022 01: +0,0.925,1491,Chroma Case
May 19 2022 01: +0,0.91,1742,Chroma Case
May 20 2022 01: +0,0.929,2673,Chroma Case
May 21 2022 01: +0,0.921,1847,Chroma Case
May 22 2022 01: +0,0.862,4016,Chroma Case
May 23 2022 01: +0,0.87,2776,Chroma Case
May 24 2022 01: +0,0.878,2231,Chroma Case
May 25 2022 01: +0,0.895,2410,Chroma Case
May 26 2022 01: +0,0.894,2267,Chroma Case
May 27 2022 01: +0,0.912,2065,Chroma Case
May 28 2022 01: +0,0.942,2043,Chroma Case
May 29 2022 01: +0,0.956,2017,Chroma Case
May 30 2022 01: +0,0.949,1769,Chroma Case
May 31 2022 01: +0,0.953,1541,Chroma Case
Jun 01 2022 01: +0,0.967,1996,Chroma Case
Jun 02 2022 01: +0,0.986,1959,Chroma Case
Jun 03 2022 01: +0,0.971,2258,Chroma Case
Jun 04 2022 01: +0,0.97,2042,Chroma Case
Jun 05 2022 01: +0,0.966,1887,Chroma Case
Jun 06 2022 01: +0,0.941,1931,Chroma Case
Jun 07 2022 01: +0,0.919,2081,Chroma Case
Jun 08 2022 01: +0,0.956,1450,Chroma Case
Jun 09 2022 01: +0,0.932,1943,Chroma Case
Jun 10 2022 01: +0,0.942,1640,Chroma Case
Jun 11 2022 01: +0,0.936,2354,Chroma Case
Jun 12 2022 01: +0,0.958,1725,Chroma Case
Jun 13 2022 01: +0,0.935,1777,Chroma Case
Jun 14 2022 01: +0,0.938,1813,Chroma Case
Jun 15 2022 01: +0,0.952,2052,Chroma Case
Jun 16 2022 01: +0,0.941,1813,Chroma Case
Jun 17 2022 01: +0,0.972,2345,Chroma Case
Jun 18 2022 01: +0,0.923,2076,Chroma Case
Jun 19 2022 01: +0,0.929,1896,Chroma Case
Jun 20 2022 01: +0,0.931,2130,Chroma Case
Jun 21 2022 01: +0,0.942,1823,Chroma Case
Jun 22 2022 01: +0,0.914,1940,Chroma Case
Jun 23 2022 01: +0,0.906,1574,Chroma Case
Jun 24 2022 01: +0,0.883,1890,Chroma Case
Jun 25 2022 01: +0,0.917,2109,Chroma Case
Jun 26 2022 01: +0,0.895,2788,Chroma Case
Jun 27 2022 01: +0,0.896,1959,Chroma Case
Jun 28 2022 01: +0,0.883,2273,Chroma Case
Jun 29 2022 01: +0,0.908,2187,Chroma Case
Jun 30 2022 01: +0,0.915,1979,Chroma Case
Jul 01 2022 01: +0,0.925,2276,Chroma Case
Jul 02 2022 01: +0,0.945,2669,Chroma Case
Jul 03 2022 01: +0,0.95,2296,Chroma Case
Jul 04 2022 01: +0,0.955,2218,Chroma Case
Jul 05 2022 01: +0,0.94,1818,Chroma Case
Jul 06 2022 01: +0,0.902,1835,Chroma Case
Jul 07 2022 01: +0,0.936,1969,Chroma Case
Jul 08 2022 01: +0,0.947,1974,Chroma Case
Jul 09 2022 01: +0,0.94,1528,Chroma Case
Jul 10 2022 01: +0,0.944,1777,Chroma Case
Jul 11 2022 01: +0,0.955,1775,Chroma Case
Jul 12 2022 01: +0,0.957,1793,Chroma Case
Jul 13 2022 01: +0,0.967,2172,Chroma Case
Jul 14 2022 01: +0,0.948,1530,Chroma Case
Jul 15 2022 01: +0,0.956,2336,Chroma Case
Jul 16 2022 01: +0,0.989,3336,Chroma Case
Jul 17 2022 01: +0,0.987,2049,Chroma Case
Jul 18 2022 01: +0,1.002,1648,Chroma Case
Jul 19 2022 01: +0,1.031,1576,Chroma Case
Jul 20 2022 01: +0,1.071,1127,Chroma Case
Jul 21 2022 01: +0,1.036,1703,Chroma Case
Jul 22 2022 01: +0,1.173,2476,Chroma Case
Jul 23 2022 01: +0,1.161,1715,Chroma Case
Jul 24 2022 01: +0,1.074,2525,Chroma Case
Jul 25 2022 01: +0,1.109,1519,Chroma Case
Jul 26 2022 01: +0,1.092,2132,Chroma Case
Jul 27 2022 01: +0,1.109,1584,Chroma Case
Jul 28 2022 01: +0,1.104,1575,Chroma Case
Jul 29 2022 01: +0,1.124,1800,Chroma Case
Jul 30 2022 01: +0,1.142,1729,Chroma Case
Jul 31 2022 01: +0,1.139,2013,Chroma Case
Aug 01 2022 01: +0,1.125,1850,Chroma Case
Aug 02 2022 01: +0,1.094,1119,Chroma Case
Aug 03 2022 01: +0,1.127,2023,Chroma Case
Aug 04 2022 01: +0,1.085,1676,Chroma Case
Aug 05 2022 01: +0,1.129,2260,Chroma Case
Aug 06 2022 01: +0,1.115,1989,Chroma Case
Aug 07 2022 01: +0,1.096,1883,Chroma Case
Aug 08 2022 01: +0,1.101,2264,Chroma Case
Aug 09 2022 01: +0,1.069,1168,Chroma Case
Aug 10 2022 01: +0,1.118,1566,Chroma Case
Aug 11 2022 01: +0,1.137,1965,Chroma Case
Aug 12 2022 01: +0,1.157,1705,Chroma Case
Aug 13 2022 01: +0,1.154,2120,Chroma Case
Aug 14 2022 01: +0,1.135,2021,Chroma Case
Aug 15 2022 01: +0,1.134,1394,Chroma Case
Aug 16 2022 01: +0,1.126,1989,Chroma Case
Aug 17 2022 01: +0,1.154,2339,Chroma Case
Aug 18 2022 01: +0,1.108,1325,Chroma Case
Aug 19 2022 01: +0,1.086,1679,Chroma Case
Aug 20 2022 01: +0,1.108,2333,Chroma Case
Aug 21 2022 01: +0,1.109,1632,Chroma Case
Aug 22 2022 01: +0,1.117,1358,Chroma Case
Aug 23 2022 01: +0,1.091,1715,Chroma Case
Aug 24 2022 01: +0,1.054,1876,Chroma Case
Aug 25 2022 01: +0,1.012,1778,Chroma Case
Aug 26 2022 01: +0,1.067,2124,Chroma Case
Aug 27 2022 01: +0,1.053,1850,Chroma Case
Aug 28 2022 01: +0,1.03,1230,Chroma Case
Aug 29 2022 01: +0,1.025,1400,Chroma Case
Aug 30 2022 01: +0,1.068,3626,Chroma Case
Aug 31 2022 01: +0,1.179,4360,Chroma Case
Sep 01 2022 01: +0,1.22,3447,Chroma Case
Sep 02 2022 01: +0,1.126,2946,Chroma Case
Sep 03 2022 01: +0,1.177,2748,Chroma Case
Sep 04 2022 01: +0,1.156,1870,Chroma Case
Sep 05 2022 01: +0,1.198,2155,Chroma Case
Sep 06 2022 01: +0,1.176,2192,Chroma Case
Sep 07 2022 01: +0,1.187,1831,Chroma Case
Sep 08 2022 01: +0,1.168,1347,Chroma Case
Sep 09 2022 01: +0,1.169,1815,Chroma Case
Sep 10 2022 01: +0,1.168,1810,Chroma Case
Sep 11 2022 01: +0,1.189,2069,Chroma Case
Sep 12 2022 01: +0,1.172,1499,Chroma Case
Sep 13 2022 01: +0,1.169,2103,Chroma Case
Sep 14 2022 01: +0,1.19,2635,Chroma Case
Sep 15 2022 01: +0,1.163,1847,Chroma Case
Sep 16 2022 01: +0,1.119,1733,Chroma Case
Sep 17 2022 01: +0,1.137,2389,Chroma Case
Sep 18 2022 01: +0,1.139,2223,Chroma Case
Sep 19 2022 01: +0,1.107,1780,Chroma Case
Sep 20 2022 01: +0,1.074,1415,Chroma Case
Sep 21 2022 01: +0,1.051,1585,Chroma Case
Sep 22 2022 01: +0,1.02,1998,Chroma Case
Sep 23 2022 01: +0,1.021,1522,Chroma Case
Sep 24 2022 01: +0,1.064,2245,Chroma Case
Sep 25 2022 01: +0,1.038,1635,Chroma Case
Sep 26 2022 01: +0,1.02,1402,Chroma Case
Sep 27 2022 01: +0,0.98,1523,Chroma Case
Sep 28 2022 01: +0,1.011,1856,Chroma Case
Sep 29 2022 01: +0,1.059,2082,Chroma Case
Sep 30 2022 01: +0,1.052,1237,Chroma Case
Oct 01 2022 01: +0,1.049,2153,Chroma Case
Oct 02 2022 01: +0,1.04,1512,Chroma Case
Oct 03 2022 01: +0,1.034,1055,Chroma Case
Oct 04 2022 01: +0,1.017,1997,Chroma Case
Oct 05 2022 01: +0,1.029,1714,Chroma Case
Oct 06 2022 01: +0,1.007,1312,Chroma Case
Oct 07 2022 01: +0,1.02,2999,Chroma Case
Oct 08 2022 01: +0,1.026,1778,Chroma Case
Oct 09 2022 01: +0,1.005,1818,Chroma Case
Oct 10 2022 01: +0,1.055,1602,Chroma Case
Oct 11 2022 01: +0,1.063,1708,Chroma Case
Oct 12 2022 01: +0,1.007,934,Chroma Case
Oct 13 2022 01: +0,1.025,1657,Chroma Case
Oct 14 2022 01: +0,0.989,1084,Chroma Case
Oct 15 2022 01: +0,1.04,1739,Chroma Case
Oct 16 2022 01: +0,1.027,1497,Chroma Case
Oct 17 2022 01: +0,1.034,1513,Chroma Case
Oct 18 2022 01: +0,1.035,1343,Chroma Case
Oct 19 2022 01: +0,1.059,1535,Chroma Case
Oct 20 2022 01: +0,1.032,1202,Chroma Case
Oct 21 2022 01: +0,1.02,1582,Chroma Case
Oct 22 2022 01: +0,1.004,1603,Chroma Case
Oct 23 2022 01: +0,0.983,1747,Chroma Case
Oct 24 2022 01: +0,1.011,1425,Chroma Case
Oct 25 2022 01: +0,1.029,1774,Chroma Case
Oct 26 2022 01: +0,1.018,1461,Chroma Case
Oct 27 2022 01: +0,0.98,1571,Chroma Case
Oct 28 2022 01: +0,0.985,1635,Chroma Case
Oct 29 2022 01: +0,0.992,2106,Chroma Case
Oct 30 2022 01: +0,0.983,1745,Chroma Case
Oct 31 2022 01: +0,0.96,1917,Chroma Case
Nov 01 2022 01: +0,0.935,2240,Chroma Case
Nov 02 2022 01: +0,0.967,1947,Chroma Case
Nov 03 2022 01: +0,1.018,2519,Chroma Case
Nov 04 2022 01: +0,1.062,1657,Chroma Case
Nov 05 2022 01: +0,1.05,1700,Chroma Case
Nov 06 2022 01: +0,1.015,1620,Chroma Case
Nov 07 2022 01: +0,1.017,1395,Chroma Case
Nov 08 2022 01: +0,1.039,1184,Chroma Case
Nov 09 2022 01: +0,1.027,1067,Chroma Case
Nov 10 2022 01: +0,1.015,1150,Chroma Case
Nov 11 2022 01: +0,1.066,1670,Chroma Case
Nov 12 2022 01: +0,1.036,1347,Chroma Case
Nov 13 2022 01: +0,1.049,1310,Chroma Case
Nov 14 2022 01: +0,1.032,1316,Chroma Case
Nov 15 2022 01: +0,1.048,1594,Chroma Case
Nov 16 2022 01: +0,1.028,1657,Chroma Case
Nov 17 2022 01: +0,0.971,1025,Chroma Case
Nov 18 2022 01: +0,0.991,1529,Chroma Case
Nov 19 2022 01: +0,0.95,1637,Chroma Case
Nov 20 2022 01: +0,0.947,1117,Chroma Case
Nov 21 2022 01: +0,0.984,1732,Chroma Case
Nov 22 2022 01: +0,0.928,1550,Chroma Case
Nov 23 2022 01: +0,0.848,1673,Chroma Case
Nov 24 2022 01: +0,0.832,1993,Chroma Case
Nov 25 2022 01: +0,0.861,1599,Chroma Case
Nov 26 2022 01: +0,0.862,1673,Chroma Case
Nov 27 2022 01: +0,0.88,1554,Chroma Case
Nov 28 2022 01: +0,0.885,1434,Chroma Case
Nov 29 2022 01: +0,0.878,1235,Chroma Case
Nov 30 2022 01: +0,0.926,1256,Chroma Case
Dec 01 2022 01: +0,0.971,1272,Chroma Case
Dec 02 2022 01: +0,0.969,1372,Chroma Case
Dec 03 2022 01: +0,0.953,1600,Chroma Case
Dec 04 2022 01: +0,0.974,2301,Chroma Case
Dec 05 2022 01: +0,0.988,2354,Chroma Case
Dec 06 2022 01: +0,0.995,1458,Chroma Case
Dec 07 2022 01: +0,0.976,1270,Chroma Case
Dec 08 2022 01: +0,0.975,1477,Chroma Case
Dec 09 2022 01: +0,0.96,2698,Chroma Case
Dec 10 2022 01: +0,0.954,1551,Chroma Case
Dec 11 2022 01: +0,0.939,1434,Chroma Case
Dec 12 2022 01: +0,0.961,1161,Chroma Case
Dec 13 2022 01: +0,0.979,1868,Chroma Case
Dec 14 2022 01: +0,0.946,1360,Chroma Case
Dec 15 2022 01: +0,0.978,1639,Chroma Case
Dec 16 2022 01: +0,1.009,1828,Chroma Case
Dec 17 2022 01: +0,1.008,2053,Chroma Case
Dec 18 2022 01: +0,0.997,2355,Chroma Case
Dec 19 2022 01: +0,0.98,1279,Chroma Case
Dec 20 2022 01: +0,0.954,2324,Chroma Case
Dec 21 2022 01: +0,0.959,2550,Chroma Case
Dec 22 2022 01: +0,0.967,2378,Chroma Case
Dec 23 2022 01: +0,0.975,2416,Chroma Case
Dec 24 2022 01: +0,1.011,1814,Chroma Case
Dec 25 2022 01: +0,1.036,2072,Chroma Case
Dec 26 2022 01: +0,1.018,2053,Chroma Case
Dec 27 2022 01: +0,1.005,1882,Chroma Case
Dec 28 2022 01: +0,1.008,2546,Chroma Case
Dec 29 2022 01: +0,1.002,2122,Chroma Case
Dec 30 2022 01: +0,0.999,2770,Chroma Case
Dec 31 2022 01: +0,0.988,1610,Chroma Case
Jan 01 2023 01: +0,0.985,2047,Chroma Case
Jan 02 2023 01: +0,1.001,2578,Chroma Case
Jan 03 2023 01: +0,0.995,2722,Chroma Case
Jan 04 2023 01: +0,1.007,2498,Chroma Case
Jan 05 2023 01: +0,1.006,1721,Chroma Case
Jan 06 2023 01: +0,1.041,2285,Chroma Case
Jan 07 2023 01: +0,1.036,2406,Chroma Case
Jan 08 2023 01: +0,1.016,1526,Chroma Case
Jan 09 2023 01: +0,1.048,1651,Chroma Case
Jan 10 2023 01: +0,1.035,1547,Chroma Case
Jan 11 2023 01: +0,1.065,1663,Chroma Case
Jan 12 2023 01: +0,1.071,1519,Chroma Case
Jan 13 2023 01: +0,1.147,2065,Chroma Case
Jan 14 2023 01: +0,1.1,1714,Chroma Case
Jan 15 2023 01: +0,1.1,1678,Chroma Case
Jan 16 2023 01: +0,1.118,1565,Chroma Case
Jan 17 2023 01: +0,1.106,1789,Chroma Case
Jan 18 2023 01: +0,1.125,2185,Chroma Case
Jan 19 2023 01: +0,1.125,1561,Chroma Case
Jan 20 2023 01: +0,1.148,1757,Chroma Case
Jan 21 2023 01: +0,1.167,2001,Chroma Case
Jan 22 2023 01: +0,1.174,2168,Chroma Case
Jan 23 2023 01: +0,1.219,2277,Chroma Case
Jan 24 2023 01: +0,1.186,1599,Chroma Case
Jan 25 2023 01: +0,1.204,1758,Chroma Case
Jan 26 2023 01: +0,1.208,1504,Chroma Case
Jan 27 2023 01: +0,1.215,1439,Chroma Case
Jan 28 2023 01: +0,1.206,2041,Chroma Case
Jan 29 2023 01: +0,1.165,1642,Chroma Case
Jan 30 2023 01: +0,1.208,1904,Chroma Case
Jan 31 2023 01: +0,1.24,2329,Chroma Case
Feb 01 2023 01: +0,1.266,2346,Chroma Case
Feb 02 2023 01: +0,1.233,1862,Chroma Case
Feb 03 2023 01: +0,1.306,2434,Chroma Case
Feb 04 2023 01: +0,1.349,2257,Chroma Case
Feb 05 2023 01: +0,1.327,2528,Chroma Case
Feb 06 2023 01: +0,1.359,1807,Chroma Case
Feb 07 2023 01: +0,1.312,1974,Chroma Case
Feb 08 2023 01: +0,1.3,1733,Chroma Case
Feb 09 2023 01: +0,1.321,2390,Chroma Case
Feb 10 2023 01: +0,1.36,1973,Chroma Case
Feb 11 2023 01: +0,1.372,2097,Chroma Case
Feb 12 2023 01: +0,1.369,2400,Chroma Case
Feb 13 2023 01: +0,1.41,1908,Chroma Case
Feb 14 2023 01: +0,1.42,1473,Chroma Case
Feb 15 2023 01: +0,1.424,1965,Chroma Case
Feb 16 2023 01: +0,1.454,2490,Chroma Case
Feb 17 2023 01: +0,1.498,2124,Chroma Case
Feb 18 2023 01: +0,1.472,2274,Chroma Case
Feb 19 2023 01: +0,1.5,2442,Chroma Case
Feb 20 2023 01: +0,1.446,1653,Chroma Case
Feb 21 2023 01: +0,1.411,1954,Chroma Case
Feb 22 2023 01: +0,1.416,2202,Chroma Case
Feb 23 2023 01: +0,1.339,2979,Chroma Case
Feb 24 2023 01: +0,1.354,2233,Chroma Case
Feb 25 2023 01: +0,1.392,2686,Chroma Case
Feb 26 2023 01: +0,1.413,2576,Chroma Case
Feb 27 2023 01: +0,1.37,2315,Chroma Case
Feb 28 2023 01: +0,1.372,1896,Chroma Case
Mar 01 2023 01: +0,1.388,2246,Chroma Case
Mar 02 2023 01: +0,1.449,3208,Chroma Case
Mar 03 2023 01: +0,1.454,3035,Chroma Case
Mar 04 2023 01: +0,1.503,3046,Chroma Case
Mar 05 2023 01: +0,1.462,2914,Chroma Case
Mar 06 2023 01: +0,1.411,2582,Chroma Case
Mar 07 2023 01: +0,1.398,2695,Chroma Case
Mar 08 2023 01: +0,1.367,5501,Chroma Case
Mar 09 2023 01: +0,1.44,3477,Chroma Case
Mar 10 2023 01: +0,1.473,3821,Chroma Case
Mar 11 2023 01: +0,1.527,3203,Chroma Case
Mar 12 2023 01: +0,1.528,2994,Chroma Case
Mar 13 2023 01: +0,1.535,2665,Chroma Case
Mar 14 2023 01: +0,1.555,2673,Chroma Case
Mar 15 2023 01: +0,1.589,2475,Chroma Case
Mar 16 2023 01: +0,1.611,2840,Chroma Case
Mar 17 2023 01: +0,1.574,3706,Chroma Case
Mar 18 2023 01: +0,1.558,3208,Chroma Case
Mar 19 2023 01: +0,1.54,2820,Chroma Case
Mar 20 2023 01: +0,1.524,3352,Chroma Case
Mar 21 2023 01: +0,1.537,2729,Chroma Case
Mar 22 2023 01: +0,1.525,4922,Chroma Case
Mar 23 2023 01: +0,1.589,7280,Chroma Case
Mar 24 2023 01: +0,1.843,6103,Chroma Case
Mar 25 2023 01: +0,2.142,4310,Chroma Case
Mar 26 2023 01: +0,2.085,4809,Chroma Case
Mar 27 2023 01: +0,2.059,4677,Chroma Case
Mar 28 2023 01: +0,2.062,3803,Chroma Case
Mar 29 2023 01: +0,1.999,4321,Chroma Case
Mar 30 2023 01: +0,2.096,4642,Chroma Case
Mar 31 2023 01: +0,2.335,5112,Chroma Case
Apr 01 2023 01: +0,2.564,4271,Chroma Case
Apr 02 2023 01: +0,2.447,3840,Chroma Case
Apr 03 2023 01: +0,2.386,4830,Chroma Case
Apr 04 2023 01: +0,2.471,5117,Chroma Case
Apr 05 2023 01: +0,2.661,5710,Chroma Case
Apr 06 2023 01: +0,2.687,5040,Chroma Case
Apr 07 2023 01: +0,2.961,5128,Chroma Case
Apr 08 2023 01: +0,2.955,4147,Chroma Case
Apr 09 2023 01: +0,2.875,4736,Chroma Case
Apr 10 2023 01: +0,2.829,4674,Chroma Case
Apr 11 2023 01: +0,2.75,4306,Chroma Case
Apr 12 2023 01: +0,2.753,4774,Chroma Case
Apr 13 2023 01: +0,2.86,4425,Chroma Case
Apr 14 2023 01: +0,2.944,3922,Chroma Case
Apr 15 2023 01: +0,3.065,4035,Chroma Case
Apr 16 2023 01: +0,3.143,4341,Chroma Case
Apr 17 2023 01: +0,3.077,4727,Chroma Case
Apr 18 2023 01: +0,3.018,3754,Chroma Case
Apr 19 2023 01: +0,3.023,4640,Chroma Case
Apr 20 2023 01: +0,2.9,4830,Chroma Case
Apr 21 2023 01: +0,2.884,5427,Chroma Case
Apr 22 2023 01: +0,2.764,4112,Chroma Case
Apr 23 2023 01: +0,2.634,4352,Chroma Case
Apr 24 2023 01: +0,2.612,4052,Chroma Case
Apr 25 2023 01: +0,2.54,4798,Chroma Case
Apr 26 2023 01: +0,2.494,4184,Chroma Case
Apr 27 2023 01: +0,2.508,3848,Chroma Case
Apr 28 2023 01: +0,2.495,4544,Chroma Case
Apr 29 2023 01: +0,2.576,4028,Chroma Case
Apr 30 2023 01: +0,2.693,4930,Chroma Case
May 01 2023 01: +0,2.686,3609,Chroma Case
May 02 2023 01: +0,2.585,3662,Chroma Case
May 03 2023 01: +0,2.699,3310,Chroma Case
May 04 2023 01: +0,2.647,3356,Chroma Case
May 05 2023 01: +0,2.669,4487,Chroma Case
May 06 2023 01: +0,2.584,3850,Chroma Case
May 07 2023 01: +0,2.587,3468,Chroma Case
May 08 2023 01: +0,2.452,2655,Chroma Case
May 09 2023 01: +0,2.443,2861,Chroma Case
May 10 2023 01: +0,2.539,2771,Chroma Case
May 11 2023 01: +0,2.419,3199,Chroma Case
May 12 2023 01: +0,2.506,3543,Chroma Case
May 13 2023 01: +0,2.497,2981,Chroma Case
May 14 2023 01: +0,2.487,2892,Chroma Case
May 15 2023 01: +0,2.6,2647,Chroma Case
May 16 2023 01: +0,2.506,2340,Chroma Case
May 17 2023 01: +0,2.551,2942,Chroma Case
May 18 2023 01: +0,2.592,2981,Chroma Case
May 19 2023 01: +0,2.622,3199,Chroma Case
May 20 2023 01: +0,2.642,2812,Chroma Case
May 21 2023 01: +0,2.652,2838,Chroma Case
May 22 2023 01: +0,2.596,2482,Chroma Case
May 23 2023 01: +0,2.603,2225,Chroma Case
May 24 2023 01: +0,2.551,2868,Chroma Case
May 25 2023 01: +0,2.624,2469,Chroma Case
May 26 2023 01: +0,2.604,2505,Chroma Case
May 27 2023 01: +0,2.691,3248,Chroma Case
May 28 2023 01: +0,2.677,2528,Chroma Case
May 29 2023 01: +0,2.647,2886,Chroma Case
May 30 2023 01: +0,2.64,2355,Chroma Case
May 31 2023 01: +0,2.69,2227,Chroma Case
Jun 01 2023 01: +0,2.706,2458,Chroma Case
Jun 02 2023 01: +0,2.747,2382,Chroma Case
Jun 03 2023 01: +0,2.744,2196,Chroma Case
Jun 04 2023 01: +0,2.799,2113,Chroma Case
Jun 05 2023 01: +0,2.775,2261,Chroma Case
Jun 06 2023 01: +0,2.836,2124,Chroma Case
Jun 07 2023 01: +0,2.812,2419,Chroma Case
Jun 08 2023 01: +0,2.812,2397,Chroma Case
Jun 09 2023 01: +0,2.828,1965,Chroma Case
Jun 10 2023 01: +0,2.855,2260,Chroma Case
Jun 11 2023 01: +0,2.873,2348,Chroma Case
Jun 12 2023 01: +0,2.901,2176,Chroma Case
Jun 13 2023 01: +0,2.935,2255,Chroma Case
Jun 14 2023 01: +0,2.711,2494,Chroma Case
Jun 15 2023 01: +0,2.876,1962,Chroma Case
Jun 16 2023 01: +0,2.889,2295,Chroma Case
Jun 17 2023 01: +0,2.935,2001,Chroma Case
Jun 18 2023 01: +0,3.006,2391,Chroma Case
Jun 19 2023 01: +0,2.945,1579,Chroma Case
Jun 20 2023 01: +0,2.894,1632,Chroma Case
Jun 21 2023 01: +0,2.823,1409,Chroma Case
Jun 22 2023 01: +0,2.758,1560,Chroma Case
Jun 23 2023 01: +0,2.741,2699,Chroma Case
Jun 24 2023 01: +0,2.693,2103,Chroma Case
Jun 25 2023 01: +0,2.669,1844,Chroma Case
Jun 26 2023 01: +0,2.681,1842,Chroma Case
Jun 27 2023 01: +0,2.641,1401,Chroma Case
Jun 28 2023 01: +0,2.646,1896,Chroma Case
Jun 29 2023 01: +0,2.574,2008,Chroma Case
Jun 30 2023 01: +0,2.496,2274,Chroma Case
Jul 01 2023 01: +0,2.499,2185,Chroma Case
Jul 02 2023 01: +0,2.497,2439,Chroma Case
Jul 03 2023 01: +0,2.539,1926,Chroma Case
Jul 04 2023 01: +0,2.582,1496,Chroma Case
Jul 05 2023 01: +0,2.525,1632,Chroma Case
Jul 06 2023 01: +0,2.467,1428,Chroma Case
Jul 07 2023 01: +0,2.497,1864,Chroma Case
Jul 08 2023 01: +0,2.554,2120,Chroma Case
Jul 09 2023 01: +0,2.547,1937,Chroma Case
Jul 10 2023 01: +0,2.52,2043,Chroma Case
Jul 11 2023 01: +0,2.428,1859,Chroma Case
Jul 12 2023 01: +0,2.411,1832,Chroma Case
Jul 13 2023 01: +0,2.438,2285,Chroma Case
Jul 14 2023 01: +0,2.612,2093,Chroma Case
Jul 15 2023 01: +0,2.676,2638,Chroma Case
Jul 16 2023 01: +0,2.657,3223,Chroma Case
Jul 17 2023 01: +0,2.653,2225,Chroma Case
Jul 18 2023 01: +0,2.706,2240,Chroma Case
Jul 19 2023 01: +0,2.678,1674,Chroma Case
Jul 20 2023 01: +0,2.807,2864,Chroma Case
Jul 21 2023 01: +0,2.768,1943,Chroma Case
Jul 22 2023 01: +0,2.872,2968,Chroma Case
Jul 23 2023 01: +0,2.882,2585,Chroma Case
Jul 24 2023 01: +0,2.847,1823,Chroma Case
Jul 25 2023 01: +0,2.896,2694,Chroma Case
Jul 26 2023 01: +0,2.966,2302,Chroma Case
Jul 27 2023 01: +0,3.041,2437,Chroma Case
Jul 28 2023 01: +0,2.983,1661,Chroma Case
Jul 29 2023 01: +0,2.992,1865,Chroma Case
Jul 30 2023 01: +0,3.035,2392,Chroma Case
Jul 31 2023 01: +0,3.004,1733,Chroma Case
Aug 01 2023 01: +0,3.077,1912,Chroma Case
Aug 02 2023 01: +0,2.976,1917,Chroma Case
Aug 03 2023 01: +0,3.049,2466,Chroma Case
Aug 04 2023 01: +0,2.948,1972,Chroma Case
Aug 05 2023 01: +0,3.046,2314,Chroma Case
Aug 06 2023 01: +0,2.932,2120,Chroma Case
Aug 07 2023 01: +0,2.868,2067,Chroma Case
Aug 08 2023 01: +0,2.88,1554,Chroma Case
Aug 09 2023 01: +0,2.875,1645,Chroma Case
Aug 10 2023 01: +0,2.83,1305,Chroma Case
Aug 11 2023 01: +0,2.872,1446,Chroma Case
Aug 12 2023 01: +0,2.833,1552,Chroma Case
Aug 13 2023 01: +0,2.738,1391,Chroma Case
Aug 14 2023 01: +0,2.785,1192,Chroma Case
Aug 15 2023 01: +0,2.784,1274,Chroma Case
Aug 16 2023 01: +0,2.749,1471,Chroma Case
Aug 17 2023 01: +0,2.777,1252,Chroma Case
Aug 18 2023 01: +0,2.747,2152,Chroma Case
Aug 19 2023 01: +0,2.865,2048,Chroma Case
Aug 20 2023 01: +0,2.781,1324,Chroma Case
Aug 21 2023 01: +0,2.747,1127,Chroma Case
Aug 22 2023 01: +0,2.705,1367,Chroma Case
Aug 23 2023 01: +0,2.759,1921,Chroma Case
Aug 24 2023 01: +0,2.725,1454,Chroma Case
Aug 25 2023 01: +0,2.728,1679,Chroma Case
Aug 26 2023 01: +0,2.768,1907,Chroma Case
Aug 27 2023 01: +0,2.758,1618,Chroma Case
Aug 28 2023 01: +0,2.638,1251,Chroma Case
Aug 29 2023 01: +0,2.755,1852,Chroma Case
Aug 30 2023 01: +0,2.722,1834,Chroma Case
Aug 31 2023 01: +0,2.709,1661,Chroma Case
Sep 01 2023 01: +0,2.769,1421,Chroma Case
Sep 02 2023 01: +0,2.632,1307,Chroma Case
Sep 03 2023 01: +0,2.733,1487,Chroma Case
Sep 04 2023 01: +0,2.619,1424,Chroma Case
Sep 05 2023 01: +0,2.689,2038,Chroma Case
Sep 06 2023 01: +0,2.707,1625,Chroma Case
Sep 07 2023 01: +0,2.725,1737,Chroma Case
Sep 08 2023 01: +0,2.677,1671,Chroma Case
Sep 09 2023 01: +0,2.684,2183,Chroma Case
Sep 10 2023 01: +0,2.619,1196,Chroma Case
Sep 11 2023 01: +0,2.671,2017,Chroma Case
Sep 12 2023 01: +0,2.756,1632,Chroma Case
Sep 13 2023 01: +0,2.729,1622,Chroma Case
Sep 14 2023 01: +0,2.718,1697,Chroma Case
Sep 15 2023 01: +0,2.801,2153,Chroma Case
Sep 16 2023 01: +0,2.788,1767,Chroma Case
Sep 17 2023 01: +0,2.8,1915,Chroma Case
Sep 18 2023 01: +0,2.804,2061,Chroma Case
Sep 19 2023 01: +0,2.803,1666,Chroma Case
Sep 20 2023 01: +0,2.78,1490,Chroma Case
Sep 21 2023 01: +0,2.729,1607,Chroma Case
Sep 22 2023 01: +0,2.744,1511,Chroma Case
Sep 23 2023 01: +0,2.8,1876,Chroma Case
Sep 24 2023 01: +0,2.765,1966,Chroma Case
Sep 25 2023 01: +0,2.76,1952,Chroma Case
Sep 26 2023 01: +0,2.752,3061,Chroma Case
Sep 27 2023 01: +0,2.733,3052,Chroma Case
Sep 28 2023 01: +0,2.892,4110,Chroma Case
Sep 29 2023 01: +0,2.912,3480,Chroma Case
Sep 30 2023 01: +0,2.954,3993,Chroma Case
Oct 01 2023 01: +0,2.86,3606,Chroma Case
Oct 02 2023 01: +0,2.996,3189,Chroma Case
Oct 03 2023 01: +0,2.953,2813,Chroma Case
Oct 04 2023 01: +0,2.932,2895,Chroma Case
Oct 05 2023 01: +0,2.974,3553,Chroma Case
Oct 06 2023 01: +0,2.969,2936,Chroma Case
Oct 07 2023 01: +0,2.955,3685,Chroma Case
Oct 08 2023 01: +0,2.935,3398,Chroma Case
Oct 09 2023 01: +0,2.925,2778,Chroma Case
Oct 10 2023 01: +0,2.933,2825,Chroma Case
Oct 11 2023 01: +0,2.942,2443,Chroma Case
Oct 12 2023 01: +0,2.952,2616,Chroma Case
Oct 13 2023 01: +0,2.983,3666,Chroma Case
Oct 14 2023 01: +0,2.926,3807,Chroma Case
Oct 15 2023 01: +0,2.942,3049,Chroma Case
Oct 16 2023 01: +0,2.938,2376,Chroma Case
Oct 17 2023 01: +0,2.973,2780,Chroma Case
Oct 18 2023 01: +0,2.961,2629,Chroma Case
Oct 19 2023 01: +0,2.98,2728,Chroma Case
Oct 20 2023 01: +0,3.025,2883,Chroma Case
Oct 21 2023 01: +0,3.048,3196,Chroma Case
Oct 22 2023 01: +0,3.035,2854,Chroma Case
Oct 23 2023 01: +0,3.039,2143,Chroma Case
Oct 24 2023 01: +0,3.106,2450,Chroma Case
Oct 25 2023 01: +0,3.058,2382,Chroma Case
Oct 26 2023 01: +0,3.035,1935,Chroma Case
Oct 27 2023 01: +0,3.034,2634,Chroma Case
Oct 28 2023 01: +0,2.993,2460,Chroma Case
Oct 29 2023 01: +0,2.92,2324,Chroma Case
Oct 30 2023 01: +0,2.873,2308,Chroma Case
Oct 31 2023 01: +0,2.976,1806,Chroma Case
Nov 01 2023 01: +0,2.872,1733,Chroma Case
Nov 02 2023 01: +0,2.893,2446,Chroma Case
Nov 03 2023 01: +0,2.898,2259,Chroma Case
Nov 04 2023 01: +0,2.912,2606,Chroma Case
Nov 05 2023 01: +0,2.878,1397,Chroma Case
Nov 06 2023 01: +0,2.895,1543,Chroma Case
Nov 07 2023 01: +0,2.884,1555,Chroma Case
Nov 08 2023 01: +0,2.837,1965,Chroma Case
Nov 09 2023 01: +0,2.882,1927,Chroma Case
Nov 10 2023 01: +0,2.834,1836,Chroma Case
Nov 11 2023 01: +0,2.832,1909,Chroma Case
Nov 12 2023 01: +0,2.773,1697,Chroma Case
Nov 13 2023 01: +0,2.725,1479,Chroma Case
Nov 14 2023 01: +0,2.733,1610,Chroma Case
Nov 15 2023 01: +0,2.593,2034,Chroma Case
Nov 16 2023 01: +0,2.614,2766,Chroma Case
Nov 17 2023 01: +0,2.51,1881,Chroma Case
Nov 18 2023 01: +0,2.497,2060,Chroma Case
Nov 19 2023 01: +0,2.516,1819,Chroma Case
Nov 20 2023 01: +0,2.497,1567,Chroma Case
Nov 21 2023 01: +0,2.48,1534,Chroma Case
Nov 22 2023 01: +0,2.343,2339,Chroma Case
Nov 23 2023 01: +0,2.299,1698,Chroma Case
Nov 24 2023 01: +0,2.394,1761,Chroma Case
Nov 25 2023 01: +0,2.421,1984,Chroma Case
Nov 26 2023 01: +0,2.387,1862,Chroma Case
Nov 27 2023 01: +0,2.372,1537,Chroma Case
Nov 28 2023 01: +0,2.332,1382,Chroma Case
Nov 29 2023 01: +0,2.421,1497,Chroma Case
Nov 30 2023 01: +0,2.518,1620,Chroma Case
Dec 01 2023 01: +0,2.552,1516,Chroma Case
Dec 02 2023 01: +0,2.562,1697,Chroma Case
Dec 03 2023 01: +0,2.577,1779,Chroma Case
Dec 04 2023 01: +0,2.597,1392,Chroma Case
Dec 05 2023 01: +0,2.608,1199,Chroma Case
Dec 06 2023 01: +0,2.528,1015,Chroma Case
Dec 07 2023 01: +0,2.525,1336,Chroma Case
Dec 08 2023 01: +0,2.538,1456,Chroma Case
Dec 09 2023 01: +0,2.586,1683,Chroma Case
Dec 10 2023 01: +0,2.573,1377,Chroma Case
Dec 11 2023 01: +0,2.532,1061,Chroma Case
Dec 12 2023 01: +0,2.602,1238,Chroma Case
Dec 13 2023 01: +0,2.559,1631,Chroma Case
Dec 14 2023 01: +0,2.515,1769,Chroma Case
Dec 15 2023 01: +0,2.599,1777,Chroma Case
Dec 16 2023 01: +0,2.601,1395,Chroma Case
Dec 17 2023 01: +0,2.597,1508,Chroma Case
Dec 18 2023 01: +0,2.517,1221,Chroma Case
Dec 19 2023 01: +0,2.566,959,Chroma Case
Dec 20 2023 01: +0,2.517,1205,Chroma Case
Dec 21 2023 01: +0,2.493,1512,Chroma Case
Dec 22 2023 01: +0,2.46,2035,Chroma Case
Dec 23 2023 01: +0,2.486,1473,Chroma Case
Dec 24 2023 01: +0,2.523,1581,Chroma Case
Dec 25 2023 01: +0,2.564,1877,Chroma Case
Dec 26 2023 01: +0,2.616,1778,Chroma Case
Dec 27 2023 01: +0,2.56,1491,Chroma Case
Dec 28 2023 01: +0,2.506,1286,Chroma Case
Dec 29 2023 01: +0,2.573,1434,Chroma Case
Dec 30 2023 01: +0,2.604,1604,Chroma Case
Dec 31 2023 01: +0,2.598,1320,Chroma Case
Jan 01 2024 01: +0,2.58,1440,Chroma Case
Jan 02 2024 01: +0,2.482,1338,Chroma Case
Jan 03 2024 01: +0,2.499,1534,Chroma Case
Jan 04 2024 01: +0,2.489,1488,Chroma Case
Jan 05 2024 01: +0,2.539,1168,Chroma Case
Jan 06 2024 01: +0,2.621,1179,Chroma Case
Jan 07 2024 01: +0,2.611,1364,Chroma Case
Jan 08 2024 01: +0,2.637,1614,Chroma Case
Jan 09 2024 01: +0,2.647,888,Chroma Case
Jan 10 2024 01: +0,2.633,1050,Chroma Case
Jan 11 2024 01: +0,2.666,1025,Chroma Case
Jan 12 2024 01: +0,2.684,1359,Chroma Case
Jan 13 2024 01: +0,2.641,1345,Chroma Case
Jan 14 2024 01: +0,2.643,1088,Chroma Case
Jan 15 2024 01: +0,2.682,1096,Chroma Case
Jan 16 2024 01: +0,2.567,796,Chroma Case
Jan 17 2024 01: +0,2.518,1033,Chroma Case
Jan 18 2024 01: +0,2.537,1283,Chroma Case
Jan 19 2024 01: +0,2.543,1597,Chroma Case
Jan 20 2024 01: +0,2.551,1545,Chroma Case
Jan 21 2024 01: +0,2.526,1326,Chroma Case
Jan 22 2024 01: +0,2.45,1680,Chroma Case
Jan 23 2024 01: +0,2.416,1134,Chroma Case
Jan 24 2024 01: +0,2.333,1007,Chroma Case
Jan 25 2024 01: +0,2.325,1097,Chroma Case
Jan 26 2024 01: +0,2.339,1263,Chroma Case
Jan 27 2024 01: +0,2.381,1379,Chroma Case
Jan 28 2024 01: +0,2.32,968,Chroma Case
Jan 29 2024 01: +0,2.215,1010,Chroma Case
Jan 30 2024 01: +0,2.313,1226,Chroma Case
Jan 31 2024 01: +0,2.292,1089,Chroma Case
Feb 01 2024 01: +0,2.303,1209,Chroma Case
Feb 02 2024 01: +0,2.438,1993,Chroma Case
Feb 03 2024 01: +0,2.479,1335,Chroma Case
Feb 04 2024 01: +0,2.469,1367,Chroma Case
Feb 05 2024 01: +0,2.502,1180,Chroma Case
Feb 06 2024 01: +0,2.495,929,Chroma Case
Feb 07 2024 01: +0,2.36,1306,Chroma Case
Feb 08 2024 01: +0,2.326,1371,Chroma Case
Feb 09 2024 01: +0,2.296,1999,Chroma Case
Feb 10 2024 01: +0,2.315,2342,Chroma Case
Feb 11 2024 01: +0,2.252,1533,Chroma Case
Feb 12 2024 01: +0,2.28,1445,Chroma Case
Feb 13 2024 01: +0,2.374,1352,Chroma Case
Feb 14 2024 01: +0,2.341,1421,Chroma Case
Feb 15 2024 01: +0,2.352,1201,Chroma Case
Feb 16 2024 01: +0,2.336,1114,Chroma Case
Feb 17 2024 01: +0,2.346,1843,Chroma Case
Feb 18 2024 01: +0,2.309,1468,Chroma Case
Feb 19 2024 01: +0,2.224,1129,Chroma Case
Feb 20 2024 01: +0,2.213,1522,Chroma Case
Feb 21 2024 01: +0,2.199,1174,Chroma Case
Feb 22 2024 01: +0,2.204,1208,Chroma Case
Feb 23 2024 01: +0,2.194,1607,Chroma Case
Feb 24 2024 01: +0,2.328,1628,Chroma Case
Feb 25 2024 01: +0,2.284,1460,Chroma Case
Feb 26 2024 01: +0,2.303,1281,Chroma Case
Feb 27 2024 01: +0,2.289,1190,Chroma Case
Feb 28 2024 01: +0,2.31,1089,Chroma Case
Feb 29 2024 01: +0,2.34,1540,Chroma Case
Mar 01 2024 01: +0,2.39,1724,Chroma Case
Mar 02 2024 01: +0,2.396,1468,Chroma Case
Mar 03 2024 01: +0,2.406,1780,Chroma Case
Mar 04 2024 01: +0,2.459,1354,Chroma Case
Mar 05 2024 01: +0,2.466,1231,Chroma Case
Mar 06 2024 01: +0,2.481,1388,Chroma Case
Mar 07 2024 01: +0,2.488,1543,Chroma Case
Mar 08 2024 01: +0,2.513,1263,Chroma Case
Mar 09 2024 01: +0,2.544,1955,Chroma Case
Mar 10 2024 01: +0,2.505,1422,Chroma Case
Mar 11 2024 01: +0,2.488,1027,Chroma Case
Mar 12 2024 01: +0,2.464,1323,Chroma Case
Mar 13 2024 01: +0,2.359,885,Chroma Case
Mar 14 2024 01: +0,2.355,1816,Chroma Case
Mar 15 2024 01: +0,2.272,1522,Chroma Case
Mar 16 2024 01: +0,2.302,1600,Chroma Case
Mar 17 2024 01: +0,2.317,1381,Chroma Case
Mar 18 2024 01: +0,2.31,895,Chroma Case
Mar 19 2024 01: +0,2.306,999,Chroma Case
Mar 20 2024 01: +0,2.291,1180,Chroma Case
Mar 21 2024 01: +0,2.21,1016,Chroma Case
Mar 22 2024 01: +0,2.376,1612,Chroma Case
Mar 23 2024 01: +0,2.414,1301,Chroma Case
Mar 24 2024 01: +0,2.428,1203,Chroma Case
Mar 25 2024 01: +0,2.432,1308,Chroma Case
Mar 26 2024 01: +0,2.417,792,Chroma Case
Mar 27 2024 01: +0,2.45,1343,Chroma Case
Mar 28 2024 01: +0,2.463,1173,Chroma Case
Mar 29 2024 01: +0,2.442,1136,Chroma Case
Mar 30 2024 01: +0,2.514,1578,Chroma Case
Mar 31 2024 01: +0,2.505,1131,Chroma Case
Apr 01 2024 01: +0,2.554,1456,Chroma Case
Apr 02 2024 01: +0,2.549,839,Chroma Case
Apr 03 2024 01: +0,2.568,1319,Chroma Case
Apr 04 2024 01: +0,2.599,1093,Chroma Case
Apr 05 2024 01: +0,2.624,2009,Chroma Case
Apr 06 2024 01: +0,2.659,1816,Chroma Case
Apr 07 2024 01: +0,2.705,1577,Chroma Case
Apr 08 2024 01: +0,2.726,1352,Chroma Case
Apr 09 2024 01: +0,2.725,1131,Chroma Case
Apr 10 2024 01: +0,2.655,1489,Chroma Case
Apr 11 2024 01: +0,2.636,1284,Chroma Case
Apr 12 2024 01: +0,2.75,1200,Chroma Case
Apr 13 2024 01: +0,2.792,1623,Chroma Case
Apr 14 2024 01: +0,2.785,1539,Chroma Case
Apr 15 2024 01: +0,2.819,1174,Chroma Case
Apr 16 2024 01: +0,2.724,841,Chroma Case
Apr 17 2024 01: +0,2.768,1383,Chroma Case
Apr 18 2024 01: +0,2.721,1164,Chroma Case
Apr 19 2024 01: +0,2.691,1536,Chroma Case
Apr 20 2024 01: +0,2.717,1983,Chroma Case
Apr 21 2024 01: +0,2.734,994,Chroma Case
Apr 22 2024 01: +0,2.639,980,Chroma Case
Apr 23 2024 01: +0,2.693,727,Chroma Case
Apr 24 2024 01: +0,2.614,740,Chroma Case
Apr 25 2024 01: +0,2.704,1019,Chroma Case
Apr 26 2024 01: +0,2.622,1102,Chroma Case
Apr 27 2024 01: +0,2.66,1152,Chroma Case
Apr 28 2024 01: +0,2.678,990,Chroma Case
Apr 29 2024 01: +0,2.63,1418,Chroma Case
Apr 30 2024 01: +0,2.639,1243,Chroma Case
May 01 2024 01: +0,2.623,1534,Chroma Case
May 02 2024 01: +0,2.653,1222,Chroma Case
May 03 2024 01: +0,2.634,1223,Chroma Case
May 04 2024 01: +0,2.752,1710,Chroma Case
May 05 2024 01: +0,2.759,1223,Chroma Case
May 06 2024 01: +0,2.798,830,Chroma Case
May 07 2024 01: +0,2.779,894,Chroma Case
May 08 2024 01: +0,2.799,1138,Chroma Case
May 09 2024 01: +0,2.81,1270,Chroma Case
May 10 2024 01: +0,2.807,942,Chroma Case
May 11 2024 01: +0,2.794,1175,Chroma Case
May 12 2024 01: +0,2.876,1211,Chroma Case
May 13 2024 01: +0,2.874,899,Chroma Case
May 14 2024 01: +0,2.86,777,Chroma Case
May 15 2024 01: +0,2.791,1044,Chroma Case
May 16 2024 01: +0,2.899,1104,Chroma Case
May 17 2024 01: +0,2.789,960,Chroma Case
May 18 2024 01: +0,2.797,1362,Chroma Case
May 19 2024 01: +0,2.718,952,Chroma Case
May 20 2024 01: +0,2.712,1026,Chroma Case
May 21 2024 01: +0,2.744,620,Chroma Case
May 22 2024 01: +0,2.67,703,Chroma Case
May 23 2024 01: +0,2.69,969,Chroma Case
May 24 2024 01: +0,2.706,983,Chroma Case
May 25 2024 01: +0,2.758,1014,Chroma Case
May 26 2024 01: +0,2.825,1326,Chroma Case
May 27 2024 01: +0,2.795,948,Chroma Case
May 28 2024 01: +0,2.841,1286,Chroma Case
May 29 2024 01: +0,2.751,814,Chroma Case
May 30 2024 01: +0,2.83,921,Chroma Case
May 31 2024 01: +0,2.934,1425,Chroma Case
Jun 01 2024 01: +0,2.954,1463,Chroma Case
Jun 02 2024 01: +0,2.866,828,Chroma Case
Jun 03 2024 01: +0,2.935,998,Chroma Case
Jun 04 2024 01: +0,2.916,892,Chroma Case
Jun 05 2024 01: +0,2.881,1183,Chroma Case
Jun 06 2024 01: +0,2.942,1019,Chroma Case
Jun 07 2024 01: +0,2.947,866,Chroma Case
Jun 08 2024 01: +0,2.881,1122,Chroma Case
Jun 09 2024 01: +0,2.893,937,Chroma Case
Jun 10 2024 01: +0,2.898,1090,Chroma Case
Jun 11 2024 01: +0,2.857,700,Chroma Case
Jun 12 2024 01: +0,2.924,1010,Chroma Case
Jun 13 2024 01: +0,3.042,1837,Chroma Case
Jun 14 2024 01: +0,2.995,804,Chroma Case
Jun 15 2024 01: +0,3.023,1564,Chroma Case
Jun 16 2024 01: +0,3.004,939,Chroma Case
Jun 17 2024 01: +0,2.855,645,Chroma Case
Jun 18 2024 01: +0,2.862,724,Chroma Case
Jun 19 2024 01: +0,3.001,1376,Chroma Case
Jun 20 2024 01: +0,2.817,615,Chroma Case
Jun 21 2024 01: +0,2.813,909,Chroma Case
Jun 22 2024 01: +0,2.856,843,Chroma Case
Jun 23 2024 01: +0,2.88,779,Chroma Case
Jun 24 2024 01: +0,2.815,494,Chroma Case
Jun 25 2024 01: +0,2.85,523,Chroma Case
Jun 26 2024 01: +0,2.894,1105,Chroma Case
Jun 27 2024 01: +0,2.818,960,Chroma Case
Jun 28 2024 01: +0,2.78,1238,Chroma Case
Jun 29 2024 01: +0,2.848,1389,Chroma Case
Jun 30 2024 01: +0,2.795,1076,Chroma Case
Jul 01 2024 01: +0,2.832,1092,Chroma Case
Jul 02 2024 01: +0,2.818,740,Chroma Case
Jul 03 2024 01: +0,2.793,1180,Chroma Case
Jul 04 2024 01: +0,2.844,1143,Chroma Case
Jul 05 2024 01: +0,2.855,1389,Chroma Case
Jul 06 2024 01: +0,2.856,1044,Chroma Case
Jul 07 2024 01: +0,2.865,1244,Chroma Case
Jul 08 2024 01: +0,2.88,1079,Chroma Case
Jul 09 2024 01: +0,2.819,792,Chroma Case
Jul 10 2024 01: +0,2.789,1159,Chroma Case
Jul 11 2024 01: +0,2.752,935,Chroma Case
Jul 12 2024 01: +0,2.866,1227,Chroma Case
Jul 13 2024 01: +0,2.9,1146,Chroma Case
Jul 14 2024 01: +0,2.867,860,Chroma Case
Jul 15 2024 01: +0,2.87,670,Chroma Case
Jul 16 2024 01: +0,2.906,819,Chroma Case
Jul 17 2024 01: +0,2.89,1098,Chroma Case
Jul 18 2024 01: +0,2.924,708,Chroma Case
Jul 19 2024 01: +0,2.926,1020,Chroma Case
Jul 20 2024 01: +0,2.929,1696,Chroma Case
Jul 21 2024 01: +0,2.931,967,Chroma Case
Jul 22 2024 01: +0,2.892,744,Chroma Case
Jul 23 2024 01: +0,2.953,697,Chroma Case
Jul 24 2024 01: +0,2.929,811,Chroma Case
Jul 25 2024 01: +0,2.941,1318,Chroma Case
Jul 26 2024 01: +0,3.014,1343,Chroma Case
Jul 27 2024 01: +0,2.972,1197,Chroma Case
Jul 28 2024 01: +0,2.954,854,Chroma Case
Jul 29 2024 01: +0,2.949,994,Chroma Case
Jul 30 2024 01: +0,2.976,720,Chroma Case
Jul 31 2024 01: +0,2.905,604,Chroma Case
Aug 01 2024 01: +0,2.99,985,Chroma Case
Aug 02 2024 01: +0,3.033,1386,Chroma Case
Aug 03 2024 01: +0,3.027,1024,Chroma Case
Aug 04 2024 01: +0,3.039,1129,Chroma Case
Aug 05 2024 01: +0,3.092,850,Chroma Case
Aug 06 2024 01: +0,3.132,1293,Chroma Case
Aug 07 2024 01: +0,3.114,1189,Chroma Case
Aug 08 2024 01: +0,3.052,903,Chroma Case
Aug 09 2024 01: +0,3.067,972,Chroma Case
Aug 10 2024 01: +0,3.056,830,Chroma Case
Aug 11 2024 01: +0,3.072,850,Chroma Case
Aug 12 2024 01: +0,3.163,938,Chroma Case
Aug 13 2024 01: +0,3.15,1019,Chroma Case
Aug 14 2024 01: +0,3.146,987,Chroma Case
Aug 15 2024 01: +0,3.161,854,Chroma Case
Aug 16 2024 01: +0,3.23,1259,Chroma Case
Aug 17 2024 01: +0,3.246,859,Chroma Case
Aug 18 2024 01: +0,3.229,924,Chroma Case
Aug 19 2024 01: +0,3.05,1006,Chroma Case
Aug 20 2024 01: +0,3.06,1192,Chroma Case
Aug 21 2024 01: +0,3.089,912,Chroma Case
Aug 22 2024 01: +0,3.14,1089,Chroma Case
Aug 23 2024 01: +0,3.09,885,Chroma Case
Aug 24 2024 01: +0,3.075,771,Chroma Case
Aug 25 2024 01: +0,3.232,933,Chroma Case
Aug 26 2024 01: +0,3.257,1018,Chroma Case
Aug 27 2024 01: +0,3.137,731,Chroma Case
Aug 28 2024 01: +0,3.102,704,Chroma Case
Aug 29 2024 01: +0,3.227,1188,Chroma Case
Aug 30 2024 01: +0,3.198,953,Chroma Case
Aug 31 2024 01: +0,3.167,1162,Chroma Case
Sep 01 2024 01: +0,3.213,1104,Chroma Case
Sep 02 2024 01: +0,3.254,1179,Chroma Case
Sep 03 2024 01: +0,3.246,753,Chroma Case
Sep 04 2024 01: +0,3.191,815,Chroma Case
Sep 05 2024 01: +0,3.25,999,Chroma Case
Sep 06 2024 01: +0,3.302,895,Chroma Case
Sep 07 2024 01: +0,3.331,935,Chroma Case
Sep 08 2024 01: +0,3.312,708,Chroma Case
Sep 09 2024 01: +0,3.344,812,Chroma Case
Sep 10 2024 01: +0,3.332,821,Chroma Case
Sep 11 2024 01: +0,3.336,904,Chroma Case
Sep 12 2024 01: +0,3.314,930,Chroma Case
Sep 13 2024 01: +0,3.358,1001,Chroma Case
Sep 14 2024 01: +0,3.367,1826,Chroma Case
Sep 15 2024 01: +0,3.35,678,Chroma Case
Sep 16 2024 01: +0,3.28,970,Chroma Case
Sep 17 2024 01: +0,3.274,839,Chroma Case
Sep 18 2024 01: +0,3.275,946,Chroma Case
Sep 19 2024 01: +0,3.221,955,Chroma Case
Sep 20 2024 01: +0,3.212,1211,Chroma Case
Sep 21 2024 01: +0,3.291,1289,Chroma Case
Sep 22 2024 01: +0,3.257,827,Chroma Case
Sep 23 2024 01: +0,3.252,756,Chroma Case
Sep 24 2024 01: +0,3.249,623,Chroma Case
Sep 25 2024 01: +0,3.175,1077,Chroma Case
Sep 26 2024 01: +0,3.19,1783,Chroma Case
Sep 27 2024 01: +0,3.24,1029,Chroma Case
Sep 28 2024 01: +0,3.287,890,Chroma Case
Sep 29 2024 01: +0,3.366,1275,Chroma Case
Sep 30 2024 01: +0,3.317,831,Chroma Case
Oct 01 2024 01: +0,3.359,824,Chroma Case
Oct 02 2024 01: +0,3.218,938,Chroma Case
Oct 03 2024 01: +0,2.997,1257,Chroma Case
Oct 04 2024 01: +0,2.978,679,Chroma Case
Oct 05 2024 01: +0,3.007,878,Chroma Case
Oct 06 2024 01: +0,2.976,643,Chroma Case
Oct 07 2024 01: +0,2.996,693,Chroma Case
Oct 08 2024 01: +0,3.017,611,Chroma Case
Oct 09 2024 01: +0,3.055,654,Chroma Case
Oct 10 2024 01: +0,3.028,632,Chroma Case
Oct 11 2024 01: +0,3.005,742,Chroma Case
Oct 12 2024 01: +0,3.046,787,Chroma Case
Oct 13 2024 01: +0,3.047,953,Chroma Case
Oct 14 2024 01: +0,3.158,1049,Chroma Case
Oct 15 2024 01: +0,3.216,948,Chroma Case
Oct 16 2024 01: +0,3.135,883,Chroma Case
Oct 17 2024 01: +0,3.213,950,Chroma Case
Oct 18 2024 01: +0,3.184,955,Chroma Case
Oct 19 2024 01: +0,3.187,784,Chroma Case
Oct 20 2024 01: +0,3.194,959,Chroma Case
Oct 21 2024 01: +0,3.15,896,Chroma Case
Oct 22 2024 01: +0,3.167,1015,Chroma Case
Oct 23 2024 01: +0,3.153,895,Chroma Case
Oct 24 2024 01: +0,3.248,1325,Chroma Case
Oct 25 2024 01: +0,3.167,875,Chroma Case
Oct 26 2024 01: +0,3.208,841,Chroma Case
Oct 27 2024 01: +0,3.163,861,Chroma Case
Oct 28 2024 01: +0,3.206,691,Chroma Case
Oct 29 2024 01: +0,3.24,659,Chroma Case
Oct 30 2024 01: +0,3.171,658,Chroma Case
Oct 31 2024 01: +0,3.208,868,Chroma Case
Nov 01 2024 01: +0,3.274,1031,Chroma Case
Nov 02 2024 01: +0,3.223,797,Chroma Case
Nov 03 2024 01: +0,3.198,839,Chroma Case
Nov 04 2024 01: +0,3.188,613,Chroma Case
Nov 05 2024 01: +0,3.204,672,Chroma Case
Nov 06 2024 01: +0,3.171,599,Chroma Case
Nov 07 2024 01: +0,3.131,592,Chroma Case
Nov 08 2024 01: +0,3.274,1282,Chroma Case
Nov 09 2024 01: +0,3.227,1099,Chroma Case
Nov 10 2024 01: +0,3.214,851,Chroma Case
Nov 11 2024 01: +0,3.154,721,Chroma Case
Nov 12 2024 01: +0,3.135,686,Chroma Case
Nov 13 2024 01: +0,3.168,691,Chroma Case
Nov 14 2024 01: +0,3.184,773,Chroma Case
Nov 15 2024 01: +0,3.201,734,Chroma Case
Nov 16 2024 01: +0,3.193,911,Chroma Case
Nov 17 2024 01: +0,3.171,839,Chroma Case
Nov 18 2024 01: +0,3.146,826,Chroma Case
Nov 19 2024 01: +0,3.165,921,Chroma Case
Nov 20 2024 01: +0,3.177,962,Chroma Case
Nov 21 2024 01: +0,3.136,741,Chroma Case
Nov 22 2024 01: +0,3.171,1286,Chroma Case
Nov 23 2024 01: +0,3.117,956,Chroma Case
Nov 24 2024 01: +0,3.108,810,Chroma Case
Nov 25 2024 01: +0,3.123,533,Chroma Case
Nov 26 2024 01: +0,3.067,883,Chroma Case
Nov 27 2024 01: +0,3.096,1204,Chroma Case
Nov 28 2024 01: +0,3.08,1197,Chroma Case
Nov 29 2024 01: +0,3.108,1063,Chroma Case
Nov 30 2024 01: +0,3.073,874,Chroma Case
Dec 01 2024 01: +0,3.006,1323,Chroma Case
Dec 02 2024 01: +0,2.996,585,Chroma Case
Dec 03 2024 01: +0,3.029,1066,Chroma Case
Dec 04 2024 01: +0,3.051,1040,Chroma Case
Dec 05 2024 01: +0,3.113,969,Chroma Case
Dec 06 2024 01: +0,3.144,1085,Chroma Case
Dec 07 2024 01: +0,3.154,980,Chroma Case
Dec 08 2024 01: +0,3.186,1254,Chroma Case
Dec 09 2024 01: +0,3.151,726,Chroma Case
Dec 10 2024 01: +0,3.105,848,Chroma Case
Dec 11 2024 01: +0,3.093,702,Chroma Case
Dec 12 2024 01: +0,3.116,1134,Chroma Case
Dec 13 2024 01: +0,3.135,1467,Chroma Case
Dec 14 2024 01: +0,3.141,1202,Chroma Case
Dec 15 2024 01: +0,3.157,1280,Chroma Case
Dec 16 2024 01: +0,3.093,734,Chroma Case
Dec 17 2024 01: +0,3.157,749,Chroma Case
Dec 18 2024 01: +0,3.149,888,Chroma Case
Dec 19 2024 01: +0,3.07,736,Chroma Case
Dec 20 2024 01: +0,3.115,1077,Chroma Case
Dec 21 2024 01: +0,3.08,1113,Chroma Case
Dec 22 2024 01: +0,3.138,970,Chroma Case
Dec 23 2024 01: +0,3.122,987,Chroma Case
Dec 24 2024 01: +0,3.218,1384,Chroma Case
Dec 25 2024 01: +0,3.264,1497,Chroma Case
Dec 26 2024 01: +0,3.269,1737,Chroma Case
Dec 27 2024 01: +0,3.166,1227,Chroma Case
Dec 28 2024 01: +0,3.313,1232,Chroma Case
Dec 29 2024 01: +0,3.257,1124,Chroma Case
Dec 30 2024 01: +0,3.226,970,Chroma Case
Dec 31 2024 01: +0,3.352,1369,Chroma Case
Jan 01 2025 01: +0,3.328,1521,Chroma Case
Jan 02 2025 01: +0,3.346,1568,Chroma Case
Jan 03 2025 01: +0,3.426,1007,Chroma Case
Jan 04 2025 01: +0,3.443,1064,Chroma Case
Jan 05 2025 01: +0,3.473,1357,Chroma Case
Jan 06 2025 01: +0,3.498,1396,Chroma Case
Jan 07 2025 01: +0,3.472,794,Chroma Case
Jan 08 2025 01: +0,3.566,1187,Chroma Case
Jan 09 2025 01: +0,3.594,1095,Chroma Case
Jan 10 2025 01: +0,3.69,1301,Chroma Case
Jan 11 2025 01: +0,3.887,1507,Chroma Case
Jan 12 2025 01: +0,3.774,872,Chroma Case
Jan 13 2025 01: +0,3.661,479,Chroma Case
Jan 14 2025 01: +0,3.76,716,Chroma Case
Jan 15 2025 01: +0,3.682,922,Chroma Case
Jan 16 2025 01: +0,3.64,824,Chroma Case
Jan 17 2025 01: +0,3.55,1194,Chroma Case
Jan 18 2025 01: +0,3.548,976,Chroma Case
Jan 19 2025 01: +0,3.579,1323,Chroma Case
Jan 20 2025 01: +0,3.42,685,Chroma Case
Jan 21 2025 01: +0,3.496,706,Chroma Case
Jan 22 2025 01: +0,3.454,699,Chroma Case
Jan 23 2025 01: +0,3.465,1109,Chroma Case
Jan 24 2025 01: +0,3.529,1342,Chroma Case
Jan 25 2025 01: +0,3.743,2103,Chroma Case
Jan 26 2025 01: +0,3.993,1618,Chroma Case
Jan 27 2025 01: +0,3.986,961,Chroma Case
Jan 28 2025 01: +0,4.087,854,Chroma Case
Jan 29 2025 01: +0,3.936,890,Chroma Case
Jan 30 2025 01: +0,4.053,1080,Chroma Case
Jan 31 2025 01: +0,4.112,1468,Chroma Case
Feb 01 2025 01: +0,4.202,1252,Chroma Case
Feb 02 2025 01: +0,4.223,1840,Chroma Case
Feb 03 2025 01: +0,4.209,912,Chroma Case
Feb 04 2025 01: +0,4.249,1400,Chroma Case
Feb 05 2025 01: +0,4.357,975,Chroma Case
Feb 06 2025 01: +0,4.492,1261,Chroma Case
Feb 07 2025 01: +0,4.397,1132,Chroma Case
Feb 08 2025 01: +0,4.557,1093,Chroma Case
Feb 09 2025 01: +0,4.866,1085,Chroma Case
Feb 10 2025 01: +0,4.899,757,Chroma Case
Feb 11 2025 01: +0,4.61,890,Chroma Case
Feb 12 2025 01: +0,4.86,1490,Chroma Case
Feb 13 2025 01: +0,4.77,1095,Chroma Case
Feb 14 2025 01: +0,4.665,1042,Chroma Case
Feb 15 2025 01: +0,4.732,1222,Chroma Case
Feb 16 2025 01: +0,4.662,997,Chroma Case
Feb 17 2025 01: +0,4.693,1352,Chroma Case
Feb 18 2025 01: +0,4.778,1243,Chroma Case
Feb 19 2025 01: +0,4.84,1197,Chroma Case
Feb 20 2025 01: +0,4.951,1055,Chroma Case
Feb 21 2025 01: +0,4.937,1041,Chroma Case
Feb 22 2025 01: +0,4.956,1231,Chroma Case
Feb 23 2025 01: +0,4.764,1153,Chroma Case
Feb 24 2025 01: +0,4.94,1140,Chroma Case
Feb 25 2025 01: +0,4.923,1075,Chroma Case
Feb 26 2025 01: +0,4.998,1018,Chroma Case
Feb 27 2025 01: +0,4.962,1136,Chroma Case
Feb 28 2025 01: +0,4.981,1157,Chroma Case
Mar 01 2025 01: +0,4.915,1303,Chroma Case
Mar 02 2025 01: +0,4.934,1100,Chroma Case
Mar 03 2025 01: +0,4.923,1067,Chroma Case
Mar 04 2025 01: +0,4.935,843,Chroma Case
Mar 05 2025 01: +0,4.951,1024,Chroma Case
Mar 06 2025 01: +0,5.05,1277,Chroma Case
Mar 07 2025 01: +0,5.315,1369,Chroma Case
Mar 08 2025 01: +0,5.487,1328,Chroma Case
Mar 09 2025 01: +0,5.411,977,Chroma Case
Mar 10 2025 01: +0,5.329,839,Chroma Case
Mar 11 2025 01: +0,5.551,679,Chroma Case
Mar 12 2025 01: +0,5.375,877,Chroma Case
Mar 13 2025 01: +0,5.274,932,Chroma Case
Mar 14 2025 01: +0,5.164,1128,Chroma Case
Mar 15 2025 01: +0,5.043,1026,Chroma Case
Mar 16 2025 01: +0,5.042,859,Chroma Case
Mar 17 2025 01: +0,4.886,713,Chroma Case
Mar 18 2025 01: +0,4.998,953,Chroma Case
Mar 19 2025 01: +0,4.901,1124,Chroma Case
Mar 20 2025 01: +0,4.924,1061,Chroma Case
Mar 21 2025 01: +0,5.106,1007,Chroma Case
Mar 22 2025 01: +0,5.029,1048,Chroma Case
Mar 23 2025 01: +0,5.193,1182,Chroma Case
Mar 24 2025 01: +0,5.343,796,Chroma Case
Mar 25 2025 01: +0,5.225,721,Chroma Case
Mar 26 2025 01: +0,5.211,732,Chroma Case
Mar 27 2025 01: +0,5.389,1006,Chroma Case
Mar 28 2025 01: +0,5.475,923,Chroma Case
Mar 29 2025 01: +0,5.42,921,Chroma Case
Mar 30 2025 01: +0,5.561,867,Chroma Case
Mar 31 2025 01: +0,5.401,658,Chroma Case
Apr 01 2025 01: +0,5.312,819,Chroma Case
Apr 02 2025 01: +0,5.443,904,Chroma Case
Apr 03 2025 01: +0,5.345,839,Chroma Case
Apr 04 2025 01: +0,5.529,842,Chroma Case
Apr 05 2025 01: +0,5.597,1247,Chroma Case
Apr 06 2025 01: +0,5.465,833,Chroma Case
Apr 07 2025 01: +0,5.285,656,Chroma Case
Apr 08 2025 01: +0,5.233,690,Chroma Case
Apr 09 2025 01: +0,5.068,706,Chroma Case
Apr 10 2025 01: +0,5.031,740,Chroma Case
Apr 11 2025 01: +0,5.067,877,Chroma Case
Apr 12 2025 01: +0,5.167,868,Chroma Case
Apr 13 2025 01: +0,5.224,954,Chroma Case
Apr 14 2025 01: +0,5.175,628,Chroma Case
Apr 15 2025 01: +0,5.151,757,Chroma Case
Apr 16 2025 01: +0,5.052,789,Chroma Case
Apr 17 2025 01: +0,5.103,897,Chroma Case
Apr 18 2025 01: +0,5.091,799,Chroma Case
Apr 19 2025 01: +0,5.179,867,Chroma Case
Apr 20 2025 01: +0,5.177,847,Chroma Case
Apr 21 2025 01: +0,5.15,1089,Chroma Case
Apr 22 2025 01: +0,5.215,846,Chroma Case
Apr 23 2025 01: +0,5.028,935,Chroma Case
Apr 24 2025 01: +0,5.19,784,Chroma Case
Apr 25 2025 01: +0,5.317,1039,Chroma Case
Apr 26 2025 01: +0,5.2,683,Chroma Case
Apr 27 2025 01: +0,5.186,746,Chroma Case
Apr 28 2025 01: +0,5.17,764,Chroma Case
Apr 29 2025 01: +0,5.381,983,Chroma Case
Apr 30 2025 01: +0,5.376,863,Chroma Case
May 01 2025 01: +0,5.334,1190,Chroma Case
May 02 2025 01: +0,5.379,1425,Chroma Case
May 03 2025 01: +0,5.467,1257,Chroma Case
May 04 2025 01: +0,5.739,2363,Chroma Case
May 05 2025 01: +0,5.869,1015,Chroma Case
May 06 2025 01: +0,5.996,965,Chroma Case
May 07 2025 01: +0,5.958,1221,Chroma Case
May 08 2025 01: +0,5.717,773,Chroma Case
May 09 2025 01: +0,5.618,827,Chroma Case
May 10 2025 01: +0,5.584,784,Chroma Case
May 11 2025 01: +0,5.491,896,Chroma Case
May 12 2025 01: +0,5.399,676,Chroma Case
May 13 2025 01: +0,5.312,904,Chroma Case
May 14 2025 01: +0,5.468,910,Chroma Case
May 15 2025 01: +0,5.712,722,Chroma Case
May 16 2025 01: +0,5.803,886,Chroma Case
May 17 2025 01: +0,5.701,767,Chroma Case
May 18 2025 01: +0,5.696,896,Chroma Case
May 19 2025 01: +0,5.533,811,Chroma Case
May 20 2025 01: +0,5.745,698,Chroma Case
May 21 2025 01: +0,5.669,627,Chroma Case
May 22 2025 01: +0,5.748,912,Chroma Case
May 23 2025 01: +0,5.767,1132,Chroma Case
May 24 2025 01: +0,5.677,728,Chroma Case
May 25 2025 01: +0,5.531,755,Chroma Case
May 26 2025 01: +0,5.53,621,Chroma Case
May 27 2025 01: +0,5.499,621,Chroma Case
May 28 2025 01: +0,5.509,518,Chroma Case
May 29 2025 01: +0,5.54,782,Chroma Case
May 30 2025 01: +0,5.549,701,Chroma Case
May 31 2025 01: +0,5.625,898,Chroma Case
Jun 01 2025 01: +0,5.691,958,Chroma Case
Jun 02 2025 01: +0,5.691,690,Chroma Case
Jun 03 2025 01: +0,5.732,783,Chroma Case
Jun 04 2025 01: +0,5.587,681,Chroma Case
Jun 05 2025 01: +0,5.683,779,Chroma Case
Jun 06 2025 01: +0,5.625,697,Chroma Case
Jun 07 2025 01: +0,5.612,724,Chroma Case
Jun 08 2025 01: +0,5.587,646,Chroma Case
Jun 09 2025 01: +0,5.495,677,Chroma Case
Jun 10 2025 01: +0,5.392,435,Chroma Case
Jun 11 2025 01: +0,5.436,721,Chroma Case
Jun 12 2025 01: +0,5.371,643,Chroma Case
Jun 13 2025 01: +0,5.544,560,Chroma Case
Jun 14 2025 01: +0,5.529,958,Chroma Case
Jun 15 2025 01: +0,5.642,796,Chroma Case
Jun 16 2025 01: +0,5.586,512,Chroma Case
Jun 17 2025 01: +0,5.462,635,Chroma Case
Jun 18 2025 01: +0,5.315,579,Chroma Case
Jun 19 2025 01: +0,5.379,604,Chroma Case
Jun 20 2025 01: +0,5.566,1033,Chroma Case
Jun 21 2025 01: +0,5.482,587,Chroma Case
Jun 22 2025 01: +0,5.333,552,Chroma Case
Jun 23 2025 01: +0,5.415,485,Chroma Case
Jun 24 2025 01: +0,5.333,434,Chroma Case
Jun 25 2025 01: +0,5.335,739,Chroma Case
Jun 26 2025 01: +0,5.352,903,Chroma Case
Jun 27 2025 01: +0,5.352,892,Chroma Case
Jun 28 2025 01: +0,5.364,917,Chroma Case
Jun 29 2025 01: +0,5.523,958,Chroma Case
Jun 30 2025 01: +0,5.527,851,Chroma Case
Jul 01 2025 01: +0,5.589,894,Chroma Case
Jul 02 2025 01: +0,5.762,1234,Chroma Case
Jul 03 2025 01: +0,5.673,926,Chroma Case
Jul 04 2025 01: +0,5.833,846,Chroma Case
Jul 05 2025 01: +0,5.762,758,Chroma Case
Jul 06 2025 01: +0,5.761,743,Chroma Case
Jul 07 2025 01: +0,5.728,954,Chroma Case
Jul 08 2025 01: +0,5.829,1012,Chroma Case
Jul 09 2025 01: +0,5.827,969,Chroma Case
Jul 10 2025 01: +0,5.752,763,Chroma Case
Jul 11 2025 01: +0,5.899,1094,Chroma Case
Jul 12 2025 01: +0,5.978,885,Chroma Case
Jul 13 2025 01: +0,6.048,748,Chroma Case
Jul 14 2025 01: +0,6.053,679,Chroma Case
Jul 15 2025 01: +0,5.996,688,Chroma Case
Jul 16 2025 01: +0,5.922,674,Chroma Case
Jul 17 2025 01: +0,5.843,974,Chroma Case
Jul 18 2025 01: +0,5.911,733,Chroma Case
Jul 19 2025 01: +0,5.988,722,Chroma Case
Jul 20 2025 01: +0,5.842,828,Chroma Case
Jul 21 2025 01: +0,5.884,746,Chroma Case
Jul 22 2025 01: +0,5.725,562,Chroma Case
Jul 23 2025 01: +0,5.804,547,Chroma Case
Jul 24 2025 01: +0,5.72,735,Chroma Case
Jul 25 2025 01: +0,6.012,817,Chroma Case
Jul 26 2025 01: +0,5.903,628,Chroma Case
Jul 27 2025 01: +0,5.739,722,Chroma Case
Jul 28 2025 01: +0,5.877,489,Chroma Case
Jul 29 2025 01: +0,5.95,1071,Chroma Case
Jul 30 2025 01: +0,5.78,759,Chroma Case
Jul 31 2025 01: +0,5.746,610,Chroma Case
Aug 01 2025 01: +0,5.844,866,Chroma Case
Aug 02 2025 01: +0,5.957,1082,Chroma Case
Aug 03 2025 01: +0,5.78,673,Chroma Case
Aug 04 2025 01: +0,5.98,994,Chroma Case
Aug 05 2025 01: +0,5.902,583,Chroma Case
Aug 06 2025 01: +0,5.706,667,Chroma Case
Aug 07 2025 01: +0,5.844,700,Chroma Case
Aug 08 2025 01: +0,6.128,870,Chroma Case
Aug 09 2025 01: +0,5.978,692,Chroma Case
Aug 10 2025 01: +0,6.138,889,Chroma Case
Aug 11 2025 01: +0,6.141,664,Chroma Case
Aug 12 2025 01: +0,5.927,565,Chroma Case
Aug 13 2025 01: +0,5.873,549,Chroma Case
Aug 14 2025 01: +0,5.808,1199,Chroma Case
Aug 15 2025 01: +0,5.908,1028,Chroma Case
Aug 16 2025 01: +0,6.002,658,Chroma Case
Aug 17 2025 01: +0,6.166,978,Chroma Case
Aug 18 2025 01: +0,6.084,801,Chroma Case
Aug 19 2025 01: +0,5.915,678,Chroma Case
Aug 20 2025 01: +0,5.885,853,Chroma Case
Aug 21 2025 01: +0,5.769,722,Chroma Case
Aug 22 2025 01: +0,5.941,958,Chroma Case
Aug 23 2025 01: +0,5.897,856,Chroma Case
Aug 24 2025 01: +0,5.852,752,Chroma Case
Aug 25 2025 01: +0,6.072,922,Chroma Case
Aug 26 2025 01: +0,6.212,820,Chroma Case
Aug 27 2025 01: +0,5.851,674,Chroma Case
Aug 28 2025 01: +0,5.915,850,Chroma Case
Aug 29 2025 01: +0,6.017,748,Chroma Case
Aug 30 2025 01: +0,6.161,784,Chroma Case
Aug 31 2025 01: +0,6.03,918,Chroma Case
Sep 01 2025 01: +0,5.961,697,Chroma Case
Sep 02 2025 01: +0,5.905,571,Chroma Case
Sep 03 2025 01: +0,5.714,1702,Chroma Case
Sep 04 2025 01: +0,5.726,861,Chroma Case
Sep 05 2025 01: +0,5.912,886,Chroma Case
Sep 06 2025 01: +0,5.967,799,Chroma Case
Sep 07 2025 01: +0,6.101,1121,Chroma Case
Sep 08 2025 01: +0,6.082,889,Chroma Case
Sep 09 2025 01: +0,6.132,740,Chroma Case
Sep 10 2025 01: +0,5.951,644,Chroma Case
Sep 11 2025 01: +0,5.884,921,Chroma Case
Sep 12 2025 01: +0,5.987,986,Chroma Case
Sep 13 2025 01: +0,5.972,978,Chroma Case
Sep 14 2025 01: +0,5.904,770,Chroma Case
Sep 15 2025 01: +0,5.954,890,Chroma Case
Sep 16 2025 01: +0,5.969,827,Chroma Case
Sep 17 2025 01: +0,5.663,792,Chroma Case
Sep 18 2025 01: +0,5.638,843,Chroma Case
Sep 19 2025 01: +0,5.79,870,Chroma Case
Sep 20 2025 01: +0,5.715,938,Chroma Case
Sep 21 2025 01: +0,5.847,850,Chroma Case
Sep 22 2025 01: +0,5.696,614,Chroma Case
Sep 23 2025 01: +0,5.621,888,Chroma Case
Sep 24 2025 01: +0,5.605,949,Chroma Case
Sep 25 2025 01: +0,5.629,914,Chroma Case
Sep 26 2025 01: +0,5.507,824,Chroma Case
Sep 27 2025 01: +0,5.451,829,Chroma Case
Sep 28 2025 01: +0,5.373,690,Chroma Case
Sep 29 2025 01: +0,5.365,778,Chroma Case
Sep 30 2025 01: +0,5.278,1028,Chroma Case
Oct 01 2025 01: +0,5.278,931,Chroma Case
Oct 02 2025 01: +0,5.427,1248,Chroma Case
Oct 03 2025 01: +0,5.468,1037,Chroma Case
Oct 04 2025 01: +0,5.603,1111,Chroma Case
Oct 05 2025 01: +0,5.492,1052,Chroma Case
Oct 06 2025 01: +0,5.582,818,Chroma Case
Oct 07 2025 01: +0,5.747,1232,Chroma Case
Oct 08 2025 01: +0,5.601,919,Chroma Case
Oct 09 2025 01: +0,5.549,855,Chroma Case
Oct 10 2025 01: +0,5.479,1330,Chroma Case
Oct 11 2025 01: +0,5.528,909,Chroma Case
Oct 12 2025 01: +0,5.543,1038,Chroma Case
Oct 13 2025 01: +0,5.619,1070,Chroma Case
Oct 14 2025 01: +0,5.554,854,Chroma Case
Oct 15 2025 01: +0,5.549,996,Chroma Case
Oct 16 2025 01: +0,5.567,732,Chroma Case
Oct 17 2025 01: +0,5.707,1036,Chroma Case
Oct 18 2025 01: +0,5.762,1361,Chroma Case
Oct 19 2025 01: +0,5.618,821,Chroma Case
Oct 20 2025 01: +0,5.74,719,Chroma Case
Oct 21 2025 01: +0,5.638,663,Chroma Case
Oct 22 2025 01: +0,5.614,811,Chroma Case
Oct 23 2025 01: +0,4.717,4233,Chroma Case
Oct 24 2025 01: +0,3.893,4008,Chroma Case
Oct 25 2025 01: +0,4.526,1989,Chroma Case
Oct 26 2025 01: +0,4.714,1625,Chroma Case
Oct 27 2025 01: +0,4.744,1400,Chroma Case
Oct 28 2025 01: +0,4.671,1028,Chroma Case
Oct 29 2025 01: +0,4.102,1113,Chroma Case
Oct 30 2025 01: +0,4.269,1577,Chroma Case
Oct 31 2025 01: +0,4.67,1697,Chroma Case
Nov 01 2025 01: +0,5.149,1381,Chroma Case
Nov 02 2025 01: +0,5.306,1211,Chroma Case
Nov 03 2025 01: +0,5.307,1175,Chroma Case
Nov 04 2025 01: +0,5.158,987,Chroma Case
Nov 05 2025 01: +0,5.186,1200,Chroma Case
Nov 06 2025 01: +0,5.428,1397,Chroma Case
Nov 07 2025 01: +0,5.545,1322,Chroma Case
Nov 08 2025 01: +0,5.363,1274,Chroma Case
Nov 09 2025 01: +0,5.392,1037,Chroma Case
Nov 10 2025 01: +0,5.459,1288,Chroma Case
Nov 11 2025 01: +0,5.469,853,Chroma Case
Nov 12 2025 01: +0,5.392,1082,Chroma Case
Nov 13 2025 01: +0,5.073,1152,Chroma Case
Nov 14 2025 01: +0,5.292,1016,Chroma Case
Nov 15 2025 01: +0,5.204,1161,Chroma Case
Nov 16 2025 01: +0,5.091,906,Chroma Case
Nov 17 2025 01: +0,5.146,1043,Chroma Case
Nov 18 2025 01: +0,4.932,778,Chroma Case
Nov 19 2025 01: +0,4.727,761,Chroma Case
Nov 20 2025 01: +0,4.834,649,Chroma Case
Nov 21 2025 01: +0,4.882,875,Chroma Case
Nov 22 2025 01: +0,4.93,937,Chroma Case
Nov 23 2025 01: +0,4.835,873,Chroma Case
Nov 24 2025 01: +0,4.929,810,Chroma Case
Nov 25 2025 01: +0,5.071,771,Chroma Case
Nov 26 2025 01: +0,4.886,897,Chroma Case
Nov 27 2025 01: +0,4.797,714,Chroma Case
Nov 28 2025 01: +0,4.963,754,Chroma Case
Nov 29 2025 01: +0,5.053,812,Chroma Case
Nov 30 2025 01: +0,5.06,847,Chroma Case
Dec 01 2025 01: +0,4.95,658,Chroma Case
Dec 02 2025 01: +0,5.756,5633,Chroma Case
Dec 03 2025 01: +0,6.113,1245,Chroma Case
Dec 04 2025 01: +0,5.838,736,Chroma Case
Dec 05 2025 01: +0,5.602,622,Chroma Case
Dec 06 2025 01: +0,5.532,567,Chroma Case
Dec 07 2025 01: +0,5.339,970,Chroma Case
Dec 08 2025 01: +0,5.29,627,Chroma Case
Dec 09 2025 01: +0,5.267,581,Chroma Case
Dec 10 2025 01: +0,5.141,716,Chroma Case
Dec 11 2025 01: +0,5.098,594,Chroma Case
Dec 12 2025 01: +0,5.3,730,Chroma Case
Dec 13 2025 01: +0,5.144,769,Chroma Case
Dec 14 2025 01: +0,5.033,689,Chroma Case
Dec 15 2025 01: +0,5.079,541,Chroma Case
Dec 16 2025 01: +0,4.946,548,Chroma Case
Dec 17 2025 01: +0,4.992,547,Chroma Case
Dec 18 2025 01: +0,5.17,1635,Chroma Case
Dec 19 2025 01: +0,6.254,1832,Chroma Case
Dec 20 2025 01: +0,5.503,884,Chroma Case
Dec 21 2025 01: +0,5.603,825,Chroma Case
Dec 22 2025 01: +0,5.414,836,Chroma Case
Dec 23 2025 01: +0,5.677,813,Chroma Case
Dec 24 2025 01: +0,5.684,520,Chroma Case
Dec 25 2025 01: +0,5.868,823,Chroma Case
Dec 26 2025 01: +0,5.721,653,Chroma Case
Dec 27 2025 01: +0,5.707,667,Chroma Case
Dec 28 2025 01: +0,5.465,726,Chroma Case
Dec 29 2025 01: +0,5.44,874,Chroma Case
Dec 30 2025 01: +0,5.436,564,Chroma Case
Dec 31 2025 01: +0,5.488,500,Chroma Case
Jan 01 2026 01: +0,5.469,601,Chroma Case
Jan 02 2026 01: +0,5.177,652,Chroma Case
Jan 03 2026 01: +0,5.365,739,Chroma Case
Jan 04 2026 01: +0,5.272,770,Chroma Case
Jan 05 2026 01: +0,5.255,594,Chroma Case
Jan 06 2026 01: +0,5.474,768,Chroma Case
Jan 07 2026 01: +0,5.457,422,Chroma Case
Jan 08 2026 01: +0,5.627,535,Chroma Case
Jan 09 2026 01: +0,5.481,456,Chroma Case
Jan 10 2026 01: +0,5.5,661,Chroma Case
Jan 11 2026 01: +0,5.535,646,Chroma Case
Jan 12 2026 01: +0,5.527,472,Chroma Case
Jan 13 2026 01: +0,5.516,535,Chroma Case
Jan 14 2026 01: +0,5.641,687,Chroma Case
Jan 15 2026 01: +0,5.627,552,Chroma Case
Jan 16 2026 01: +0,5.627,718,Chroma Case
Jan 17 2026 01: +0,5.552,1076,Chroma Case
Jan 18 2026 01: +0,5.525,683,Chroma Case
Jan 19 2026 01: +0,5.487,521,Chroma Case
Jan 20 2026 01: +0,5.451,425,Chroma Case
Jan 21 2026 01: +0,5.403,414,Chroma Case
Jan 22 2026 01: +0,5.44,563,Chroma Case
Jan 23 2026 01: +0,5.616,878,Chroma Case
Jan 24 2026 01: +0,5.572,710,Chroma Case
Jan 25 2026 01: +0,5.589,727,Chroma Case
Jan 26 2026 01: +0,5.409,488,Chroma Case
Jan 27 2026 01: +0,5.546,599,Chroma Case
Jan 28 2026 01: +0,5.468,665,Chroma Case
Jan 29 2026 01: +0,5.507,574,Chroma Case
Jan 30 2026 01: +0,5.661,1107,Chroma Case
Jan 31 2026 01: +0,5.597,721,Chroma Case
Feb 01 2026 01: +0,5.495,796,Chroma Case
Feb 02 2026 01: +0,5.506,767,Chroma Case
Feb 03 2026 01: +0,5.534,466,Chroma Case
Feb 04 2026 01: +0,5.389,538,Chroma Case
Feb 05 2026 01: +0,5.407,712,Chroma Case
Feb 06 2026 01: +0,5.505,561,Chroma Case
Feb 07 2026 01: +0,5.658,786,Chroma Case
Feb 08 2026 01: +0,5.703,740,Chroma Case
Feb 09 2026 01: +0,5.514,467,Chroma Case
Feb 10 2026 01: +0,5.565,1042,Chroma Case
Feb 11 2026 01: +0,5.752,973,Chroma Case
Feb 12 2026 01: +0,5.82,1167,Chroma Case
Feb 13 2026 01: +0,5.835,791,Chroma Case
Feb 14 2026 01: +0,5.771,642,Chroma Case
Feb 15 2026 01: +0,5.734,597,Chroma Case
Feb 16 2026 01: +0,5.641,575,Chroma Case
Feb 17 2026 01: +0,5.561,506,Chroma Case
Feb 18 2026 01: +0,5.74,657,Chroma Case
Feb 19 2026 01: +0,5.638,738,Chroma Case
Feb 20 2026 01: +0,5.68,597,Chroma Case
Feb 21 2026 01: +0,5.561,673,Chroma Case
Feb 22 2026 01: +0,5.597,593,Chroma Case
Feb 23 2026 01: +0,5.659,781,Chroma Case
Feb 24 2026 01: +0,5.771,732,Chroma Case
Feb 25 2026 01: +0,5.748,534,Chroma Case
Feb 26 2026 01: +0,5.624,612,Chroma Case
Feb 27 2026 01: +0,5.736,793,Chroma Case
Feb 28 2026 01: +0,5.665,659,Chroma Case
Mar 01 2026 01: +0,5.649,557,Chroma Case
Mar 02 2026 01: +0,5.635,457,Chroma Case
Mar 03 2026 01: +0,5.775,632,Chroma Case
Mar 04 2026 01: +0,5.846,594,Chroma Case
Mar 05 2026 01: +0,5.612,638,Chroma Case
Mar 06 2026 01: +0,5.785,999,Chroma Case
Mar 07 2026 01: +0,5.717,809,Chroma Case
Mar 08 2026 01: +0,5.57,813,Chroma Case
Mar 09 2026 01: +0,5.805,935,Chroma Case
Mar 10 2026 01: +0,5.766,617,Chroma Case
Mar 11 2026 01: +0,5.535,796,Chroma Case
Mar 12 2026 01: +0,5.709,785,Chroma Case
Mar 13 2026 01: +0,5.808,687,Chroma Case
Mar 14 2026 01: +0,5.784,907,Chroma Case
Mar 15 2026 01: +0,5.788,784,Chroma Case
Mar 16 2026 01: +0,5.868,868,Chroma Case
Mar 17 2026 01: +0,5.901,870,Chroma Case
Mar 18 2026 01: +0,5.939,934,Chroma Case
Mar 19 2026 01: +0,5.931,907,Chroma Case
Mar 20 2026 01: +0,5.849,873,Chroma Case
Mar 21 2026 01: +0,5.907,891,Chroma Case
Mar 22 2026 01: +0,6.002,960,Chroma Case
Mar 23 2026 01: +0,5.932,701,Chroma Case
Mar 24 2026 01: +0,5.9,712,Chroma Case
Mar 25 2026 01: +0,6.152,966,Chroma Case
Mar 26 2026 01: +0,6.063,584,Chroma Case
Mar 27 2026 01: +0,6.266,970,Chroma Case
Mar 28 2026 01: +0,6.334,1250,Chroma Case
Mar 29 2026 01: +0,6.286,706,Chroma Case
Mar 30 2026 01: +0,6.268,841,Chroma Case
Mar 31 2026 01: +0,6.296,715,Chroma Case
Apr 01 2026 01: +0,6.261,809,Chroma Case
Apr 02 2026 01: +0,6.261,877,Chroma Case
Apr 03 2026 01: +0,6.496,850,Chroma Case
Apr 04 2026 01: +0,6.263,738,Chroma Case
Apr 05 2026 01: +0,6.347,817,Chroma Case
Apr 06 2026 01: +0,6.136,816,Chroma Case
Apr 07 2026 01: +0,6.544,896,Chroma Case
Apr 08 2026 01: +0,6.68,928,Chroma Case
Apr 09 2026 01: +0,6.711,840,Chroma Case
Apr 10 2026 01: +0,6.769,880,Chroma Case
Apr 11 2026 01: +0,6.814,968,Chroma Case
Apr 12 2026 01: +0,6.66,484,Chroma Case
Apr 12 2026 14: +0,6.66,16,Chroma Case
Apr 12 2026 15: +0,5.951,12,Chroma Case
Apr 12 2026 16: +0,6.264,10,Chroma Case
Apr 12 2026 17: +0,6.326,16,Chroma Case
Apr 12 2026 18: +0,6.686,146,Chroma Case
Apr 12 2026 19: +0,6.717,49,Chroma Case
Apr 12 2026 20: +0,6.792,42,Chroma Case
Apr 12 2026 21: +0,6.801,72,Chroma Case
Apr 12 2026 22: +0,6.698,19,Chroma Case
Apr 12 2026 23: +0,6.869,86,Chroma Case
Apr 13 2026 00: +0,6.869,33,Chroma Case
Apr 13 2026 01: +0,6.878,9,Chroma Case
Apr 13 2026 02: +0,6.877,14,Chroma Case
Apr 13 2026 03: +0,6.878,33,Chroma Case
Apr 13 2026 04: +0,6.903,33,Chroma Case
Apr 13 2026 05: +0,6.903,48,Chroma Case
Apr 13 2026 06: +0,6.912,9,Chroma Case
Apr 13 2026 07: +0,6.912,8,Chroma Case
Apr 13 2026 08: +0,6.851,16,Chroma Case
Apr 13 2026 09: +0,6.909,14,Chroma Case
Apr 13 2026 10: +0,6.798,13,Chroma Case
Apr 13 2026 11: +0,6.881,7,Chroma Case
Apr 13 2026 12: +0,6.78,11,Chroma Case
Apr 13 2026 13: +0,6.36,16,Chroma Case
Apr 13 2026 14: +0,6.836,3,Chroma Case
Apr 13 2026 15: +0,5.983,7,Chroma Case
Apr 13 2026 16: +0,6.75,25,Chroma Case
Apr 13 2026 17: +0,6.734,35,Chroma Case
Apr 13 2026 18: +0,6.767,37,Chroma Case
Apr 13 2026 19: +0,6.402,15,Chroma Case
Apr 13 2026 20: +0,6.385,22,Chroma Case
Apr 13 2026 21: +0,6.377,23,Chroma Case
Apr 13 2026 22: +0,6.732,45,Chroma Case
Apr 13 2026 23: +0,6.728,28,Chroma Case
Apr 14 2026 00: +0,6.733,27,Chroma Case
Apr 14 2026 01: +0,6.793,22,Chroma Case
Apr 14 2026 02: +0,6.793,31,Chroma Case
Apr 14 2026 03: +0,6.784,6,Chroma Case
Apr 14 2026 04: +0,6.793,30,Chroma Case
Apr 14 2026 05: +0,6.81,19,Chroma Case
Apr 14 2026 06: +0,6.81,13,Chroma Case
Apr 14 2026 07: +0,6.674,2,Chroma Case
Apr 14 2026 08: +0,6.742,3,Chroma Case
Apr 14 2026 09: +0,6.755,34,Chroma Case
Apr 14 2026 10: +0,6.709,11,Chroma Case
Apr 14 2026 11: +0,6.772,27,Chroma Case
Apr 14 2026 12: +0,6.749,14,Chroma Case
Apr 14 2026 13: +0,6.782,37,Chroma Case
Apr 14 2026 14: +0,6.767,14,Chroma Case
Apr 14 2026 15: +0,6.797,38,Chroma Case
Apr 14 2026 16: +0,6.762,18,Chroma Case
Apr 14 2026 17: +0,6.801,35,Chroma Case
Apr 14 2026 18: +0,6.733,26,Chroma Case
Apr 14 2026 19: +0,6.514,49,Chroma Case
Apr 14 2026 20: +0,6.756,39,Chroma Case
Apr 14 2026 21: +0,6.759,18,Chroma Case
Apr 14 2026 22: +0,6.81,15,Chroma Case
Apr 14 2026 23: +0,6.835,40,Chroma Case
Apr 15 2026 00: +0,6.861,31,Chroma Case
Apr 15 2026 01: +0,6.878,30,Chroma Case
Apr 15 2026 02: +0,6.903,32,Chroma Case
Apr 15 2026 03: +0,6.912,35,Chroma Case
Apr 15 2026 04: +0,6.934,31,Chroma Case
Apr 15 2026 05: +0,6.777,11,Chroma Case
Apr 15 2026 06: +0,6.962,16,Chroma Case
Apr 15 2026 07: +0,6.999,46,Chroma Case
Apr 15 2026 08: +0,6.988,55,Chroma Case
Apr 15 2026 09: +0,6.998,16,Chroma Case
Apr 15 2026 10: +0,7.0,30,Chroma Case
Apr 15 2026 11: +0,6.992,36,Chroma Case
Apr 15 2026 12: +0,6.962,22,Chroma Case
Apr 15 2026 13: +0,6.33,13,Chroma Case
Apr 15 2026 14: +0,6.903,55,Chroma Case
Apr 15 2026 15: +0,6.961,19,Chroma Case
Apr 15 2026 16: +0,5.969,41,Chroma Case
Apr 15 2026 17: +0,5.96,25,Chroma Case
Apr 15 2026 18: +0,5.96,18,Chroma Case
Apr 15 2026 19: +0,5.96,29,Chroma Case
Apr 15 2026 20: +0,5.969,40,Chroma Case
Apr 15 2026 21: +0,6.336,67,Chroma Case
Apr 15 2026 22: +0,6.988,93,Chroma Case
Apr 15 2026 23: +0,6.996,61,Chroma Case
Apr 16 2026 00: +0,6.996,47,Chroma Case
Apr 16 2026 01: +0,6.996,24,Chroma Case
Apr 16 2026 02: +0,6.996,39,Chroma Case
Apr 16 2026 03: +0,6.996,24,Chroma Case
Apr 16 2026 04: +0,6.996,35,Chroma Case
Apr 16 2026 05: +0,7.005,12,Chroma Case
Apr 16 2026 06: +0,7.03,45,Chroma Case
Apr 16 2026 07: +0,7.039,13,Chroma Case
Apr 16 2026 08: +0,6.496,12,Chroma Case
Apr 16 2026 09: +0,6.088,25,Chroma Case
Apr 16 2026 10: +0,6.928,15,Chroma Case
Apr 16 2026 11: +0,6.856,32,Chroma Case
Apr 16 2026 12: +0,6.962,60,Chroma Case
Apr 16 2026 13: +0,6.988,55,Chroma Case
Apr 16 2026 14: +0,6.514,20,Chroma Case
Apr 16 2026 15: +0,7.011,44,Chroma Case
Apr 16 2026 16: +0,6.996,79,Chroma Case
Apr 16 2026 17: +0,7.021,45,Chroma Case
Apr 16 2026 18: +0,7.027,17,Chroma Case
Apr 16 2026 19: +0,6.931,25,Chroma Case
Apr 16 2026 20: +0,7.039,43,Chroma Case
Apr 16 2026 21: +0,7.056,61,Chroma Case
Apr 16 2026 22: +0,7.049,57,Chroma Case
Apr 16 2026 23: +0,6.657,50,Chroma Case
Apr 17 2026 00: +0,7.073,45,Chroma Case
Apr 17 2026 01: +0,7.107,48,Chroma Case
Apr 17 2026 02: +0,7.011,32,Chroma Case
Apr 17 2026 03: +0,7.124,33,Chroma Case
Apr 17 2026 04: +0,7.2,87,Chroma Case
Apr 17 2026 05: +0,7.268,26,Chroma Case
Apr 17 2026 06: +0,7.243,23,Chroma Case
Apr 17 2026 07: +0,7.319,74,Chroma Case
Apr 17 2026 08: +0,7.387,20,Chroma Case
Apr 17 2026 09: +0,7.387,33,Chroma Case
Apr 17 2026 10: +0,6.699,8,Chroma Case
Apr 17 2026 11: +0,5.985,17,Chroma Case
Apr 17 2026 12: +0,6.699,34,Chroma Case
Apr 17 2026 13: +0,6.665,11,Chroma Case
Apr 17 2026 14: +0,7.285,33,Chroma Case
Apr 17 2026 15: +0,7.395,33,Chroma Case
Apr 17 2026 16: +0,7.418,29,Chroma Case
Apr 17 2026 17: +0,7.419,37,Chroma Case
Apr 17 2026 18: +0,7.1,49,Chroma Case
Apr 17 2026 19: +0,6.325,33,Chroma Case
Apr 17 2026 20: +0,7.323,35,Chroma Case
Apr 17 2026 21: +0,7.345,44,Chroma Case
Apr 17 2026 22: +0,6.521,33,Chroma Case
Apr 17 2026 23: +0,7.378,26,Chroma Case
Apr 18 2026 00: +0,7.396,121,Chroma Case
Apr 18 2026 01: +0,7.528,66,Chroma Case
Apr 18 2026 02: +0,7.336,30,Chroma Case
Apr 18 2026 03: +0,7.336,49,Chroma Case
Apr 18 2026 04: +0,7.633,50,Chroma Case
Apr 18 2026 05: +0,7.667,11,Chroma Case
Apr 18 2026 06: +0,7.528,18,Chroma Case
Apr 18 2026 07: +0,7.693,56,Chroma Case
Apr 18 2026 08: +0,7.735,36,Chroma Case
Apr 18 2026 09: +0,7.149,11,Chroma Case
Apr 18 2026 10: +0,7.472,48,Chroma Case
Apr 18 2026 11: +0,7.489,21,Chroma Case
Apr 18 2026 12: +0,7.54,19,Chroma Case
Apr 18 2026 13: +0,7.618,24,Chroma Case
Apr 18 2026 14: +0,6.179,5,Chroma Case
Apr 18 2026 15: +0,7.514,10,Chroma Case
Apr 18 2026 16: +0,7.48,28,Chroma Case
Apr 18 2026 17: +0,7.353,33,Chroma Case
Apr 18 2026 18: +0,6.742,27,Chroma Case
Apr 18 2026 19: +0,6.833,30,Chroma Case
Apr 18 2026 20: +0,6.92,17,Chroma Case
Apr 18 2026 21: +0,6.979,21,Chroma Case
Apr 18 2026 22: +0,7.128,58,Chroma Case
Apr 18 2026 23: +0,7.608,120,Chroma Case
Apr 19 2026 00: +0,7.778,50,Chroma Case
Apr 19 2026 01: +0,7.82,37,Chroma Case
Apr 19 2026 02: +0,7.854,33,Chroma Case
Apr 19 2026 03: +0,7.862,26,Chroma Case
Apr 19 2026 04: +0,7.845,14,Chroma Case
Apr 19 2026 05: +0,7.829,12,Chroma Case
Apr 19 2026 06: +0,7.839,70,Chroma Case
Apr 19 2026 07: +0,7.854,34,Chroma Case
Apr 19 2026 08: +0,7.451,14,Chroma Case
Apr 19 2026 09: +0,7.727,20,Chroma Case
Apr 19 2026 10: +0,6.825,15,Chroma Case
Apr 19 2026 11: +0,7.546,26,Chroma Case
Apr 19 2026 12: +0,7.316,9,Chroma Case
Apr 19 2026 13: +0,7.244,11,Chroma Case
Apr 19 2026 14: +0,7.155,13,Chroma Case
Apr 19 2026 15: +0,7.039,15,Chroma Case
Apr 19 2026 16: +0,7.146,66,Chroma Case
Apr 19 2026 17: +0,7.16,40,Chroma Case
Apr 19 2026 18: +0,7.319,17,Chroma Case
Apr 19 2026 19: +0,7.247,16,Chroma Case
Apr 19 2026 20: +0,7.36,44,Chroma Case
Apr 19 2026 21: +0,7.188,16,Chroma Case
Apr 19 2026 22: +0,7.378,42,Chroma Case
Apr 19 2026 23: +0,7.054,12,Chroma Case
Apr 20 2026 00: +0,7.487,20,Chroma Case
Apr 20 2026 01: +0,6.835,9,Chroma Case
Apr 20 2026 02: +0,7.463,18,Chroma Case
Apr 20 2026 03: +0,7.463,17,Chroma Case
Apr 20 2026 04: +0,7.455,21,Chroma Case
Apr 20 2026 05: +0,7.345,29,Chroma Case
Apr 20 2026 06: +0,7.487,41,Chroma Case
Apr 20 2026 07: +0,7.527,20,Chroma Case
Apr 20 2026 08: +0,7.323,12,Chroma Case
Apr 20 2026 09: +0,6.08,9,Chroma Case
Apr 20 2026 10: +0,7.2,3,Chroma Case
Apr 20 2026 11: +0,6.525,13,Chroma Case
Apr 20 2026 12: +0,6.807,11,Chroma Case
Apr 20 2026 13: +0,6.788,6,Chroma Case
Apr 20 2026 14: +0,6.818,17,Chroma Case
Apr 20 2026 15: +0,7.426,49,Chroma Case
Apr 20 2026 16: +0,7.232,26,Chroma Case
Apr 20 2026 17: +0,7.438,66,Chroma Case
Apr 20 2026 18: +0,7.276,18,Chroma Case
Apr 20 2026 19: +0,7.038,19,Chroma Case
Apr 20 2026 20: +0,6.674,21,Chroma Case
Apr 20 2026 21: +0,6.646,57,Chroma Case
Apr 20 2026 22: +0,7.03,28,Chroma Case
Apr 20 2026 23: +0,7.019,26,Chroma Case
Apr 21 2026 00: +0,6.793,22,Chroma Case
Apr 21 2026 01: +0,7.302,21,Chroma Case
Apr 21 2026 02: +0,7.394,9,Chroma Case
Apr 21 2026 03: +0,6.495,11,Chroma Case
Apr 21 2026 04: +0,7.382,48,Chroma Case
Apr 21 2026 05: +0,7.37,15,Chroma Case
Apr 21 2026 06: +0,7.378,11,Chroma Case
Apr 21 2026 07: +0,7.255,8,Chroma Case
Apr 21 2026 08: +0,7.243,16,Chroma Case
Apr 21 2026 09: +0,6.964,8,Chroma Case
Apr 21 2026 10: +0,6.862,6,Chroma Case
Apr 21 2026 11: +0,6.504,15,Chroma Case
Apr 21 2026 12: +0,6.807,11,Chroma Case
Apr 21 2026 13: +0,6.904,17,Chroma Case
Apr 21 2026 14: +0,6.902,32,Chroma Case
Apr 21 2026 15: +0,7.2,27,Chroma Case
Apr 21 2026 16: +0,7.394,80,Chroma Case
Apr 21 2026 17: +0,7.195,33,Chroma Case
Apr 21 2026 18: +0,7.204,39,Chroma Case
Apr 21 2026 19: +0,7.299,28,Chroma Case
Apr 21 2026 20: +0,7.314,28,Chroma Case
Apr 21 2026 21: +0,7.265,14,Chroma Case
Apr 21 2026 22: +0,7.387,90,Chroma Case
Apr 21 2026 23: +0,7.404,18,Chroma Case
Apr 22 2026 00: +0,7.438,29,Chroma Case
Apr 22 2026 01: +0,7.489,22,Chroma Case
Apr 22 2026 02: +0,6.614,23,Chroma Case
Apr 22 2026 03: +0,7.497,32,Chroma Case
Apr 22 2026 04: +0,7.497,19,Chroma Case
Apr 22 2026 05: +0,7.497,8,Chroma Case
Apr 22 2026 06: +0,7.234,9,Chroma Case
Apr 22 2026 07: +0,7.217,8,Chroma Case
Apr 22 2026 08: +0,7.285,25,Chroma Case
Apr 22 2026 09: +0,6.389,25,Chroma Case
Apr 22 2026 10: +0,7.284,16,Chroma Case
Apr 22 2026 11: +0,6.674,20,Chroma Case
Apr 22 2026 12: +0,7.108,11,Chroma Case
Apr 22 2026 13: +0,6.503,13,Chroma Case
Apr 22 2026 14: +0,6.864,11,Chroma Case
Apr 22 2026 15: +0,6.633,7,Chroma Case
Apr 22 2026 16: +0,7.076,13,Chroma Case
Apr 22 2026 17: +0,6.697,14,Chroma Case
Apr 22 2026 18: +0,7.287,27,Chroma Case
Apr 22 2026 19: +0,7.132,37,Chroma Case
Apr 22 2026 20: +0,7.353,39,Chroma Case
Apr 22 2026 21: +0,7.37,39,Chroma Case
Apr 22 2026 22: +0,7.295,20,Chroma Case
Apr 22 2026 23: +0,6.366,40,Chroma Case
Apr 23 2026 00: +0,7.37,90,Chroma Case
Apr 23 2026 01: +0,7.395,50,Chroma Case
Apr 23 2026 02: +0,7.395,94,Chroma Case
Apr 23 2026 03: +0,7.446,21,Chroma Case
Apr 23 2026 04: +0,7.446,18,Chroma Case
Apr 23 2026 05: +0,7.446,8,Chroma Case
Apr 23 2026 06: +0,7.446,38,Chroma Case
Apr 23 2026 07: +0,7.046,6,Chroma Case
Apr 23 2026 08: +0,7.429,21,Chroma Case
Apr 23 2026 09: +0,7.319,33,Chroma Case
Apr 23 2026 10: +0,7.149,16,Chroma Case
Apr 23 2026 11: +0,7.419,10,Chroma Case
Apr 23 2026 12: +0,6.21,35,Chroma Case
Apr 23 2026 13: +0,7.166,23,Chroma Case
Apr 23 2026 14: +0,7.251,23,Chroma Case
Apr 23 2026 15: +0,7.251,46,Chroma Case
Apr 23 2026 16: +0,6.971,37,Chroma Case
Apr 23 2026 17: +0,6.357,24,Chroma Case
Apr 23 2026 18: +0,7.161,25,Chroma Case
Apr 23 2026 19: +0,7.251,30,Chroma Case
Apr 23 2026 20: +0,7.251,73,Chroma Case
Apr 23 2026 21: +0,6.816,43,Chroma Case
Apr 23 2026 22: +0,7.355,86,Chroma Case
Apr 23 2026 23: +0,7.378,46,Chroma Case
Apr 24 2026 00: +0,7.376,72,Chroma Case
Apr 24 2026 01: +0,7.2,17,Chroma Case
Apr 24 2026 02: +0,7.226,33,Chroma Case
Apr 24 2026 03: +0,7.378,15,Chroma Case
Apr 24 2026 04: +0,7.378,28,Chroma Case
Apr 24 2026 05: +0,7.364,12,Chroma Case
Apr 24 2026 06: +0,6.767,2,Chroma Case
Apr 24 2026 07: +0,6.852,34,Chroma Case
Apr 24 2026 08: +0,7.37,36,Chroma Case
Apr 24 2026 09: +0,7.37,23,Chroma Case
Apr 24 2026 10: +0,6.846,9,Chroma Case
Apr 24 2026 11: +0,6.844,6,Chroma Case
Apr 24 2026 12: +0,6.846,48,Chroma Case
Apr 24 2026 13: +0,6.846,49,Chroma Case
Apr 24 2026 14: +0,6.636,24,Chroma Case
Apr 24 2026 15: +0,6.576,33,Chroma Case
Apr 24 2026 16: +0,6.846,34,Chroma Case
Apr 24 2026 17: +0,6.844,17,Chroma Case
Apr 24 2026 18: +0,6.892,74,Chroma Case
Apr 24 2026 19: +0,7.103,37,Chroma Case
Apr 24 2026 20: +0,7.169,65,Chroma Case
Apr 24 2026 21: +0,6.795,40,Chroma Case
Apr 24 2026 22: +0,7.178,52,Chroma Case
Apr 24 2026 23: +0,7.279,32,Chroma Case
Apr 25 2026 00: +0,7.281,78,Chroma Case
Apr 25 2026 01: +0,7.285,53,Chroma Case
Apr 25 2026 02: +0,7.295,30,Chroma Case
Apr 25 2026 03: +0,7.336,46,Chroma Case
Apr 25 2026 04: +0,7.336,27,Chroma Case
Apr 25 2026 05: +0,7.292,21,Chroma Case
Apr 25 2026 06: +0,7.285,30,Chroma Case
Apr 25 2026 07: +0,7.285,34,Chroma Case
Apr 25 2026 08: +0,6.733,13,Chroma Case
Apr 25 2026 09: +0,7.047,18,Chroma Case
Apr 25 2026 10: +0,6.962,16,Chroma Case
Apr 25 2026 11: +0,7.024,4,Chroma Case
Apr 25 2026 12: +0,6.449,22,Chroma Case
Apr 25 2026 13: +0,6.775,14,Chroma Case
Apr 25 2026 14: +0,6.903,17,Chroma Case
Apr 25 2026 15: +0,6.806,34,Chroma Case
Apr 25 2026 16: +0,6.784,45,Chroma Case
Apr 25 2026 17: +0,6.932,48,Chroma Case
Apr 25 2026 18: +0,6.937,36,Chroma Case
Apr 25 2026 19: +0,6.93,42,Chroma Case
Apr 25 2026 20: +0,6.895,15,Chroma Case
Apr 25 2026 21: +0,6.878,27,Chroma Case
Apr 25 2026 22: +0,6.886,24,Chroma Case
Apr 25 2026 23: +0,6.903,34,Chroma Case
Apr 26 2026 00: +0,6.895,35,Chroma Case
Apr 26 2026 01: +0,6.894,30,Chroma Case
Apr 26 2026 02: +0,6.895,77,Chroma Case
Apr 26 2026 03: +0,6.368,10,Chroma Case
Apr 26 2026 04: +0,6.394,34,Chroma Case
Apr 26 2026 05: +0,6.894,61,Chroma Case
Apr 26 2026 06: +0,6.784,55,Chroma Case
Apr 26 2026 07: +0,6.783,46,Chroma Case
Apr 26 2026 08: +0,6.776,28,Chroma Case
Apr 26 2026 09: +0,6.768,40,Chroma Case
Apr 26 2026 10: +0,6.776,43,Chroma Case
Apr 26 2026 11: +0,6.769,36,Chroma Case
Apr 26 2026 12: +0,6.775,47,Chroma Case
Apr 26 2026 13: +0,6.716,36,Chroma Case
Apr 26 2026 14: +0,6.762,37,Chroma Case
Apr 26 2026 15: +0,6.742,50,Chroma Case
Apr 26 2026 16: +0,6.742,30,Chroma Case
Apr 26 2026 17: +0,6.614,19,Chroma Case
Apr 26 2026 18: +0,6.717,31,Chroma Case
Apr 26 2026 19: +0,6.708,31,Chroma Case
Apr 26 2026 20: +0,6.657,37,Chroma Case
Apr 26 2026 21: +0,6.759,70,Chroma Case
Apr 26 2026 22: +0,6.756,71,Chroma Case
Apr 26 2026 23: +0,6.751,26,Chroma Case
Apr 27 2026 00: +0,6.758,30,Chroma Case
Apr 27 2026 01: +0,6.759,56,Chroma Case
Apr 27 2026 02: +0,6.776,38,Chroma Case
Apr 27 2026 03: +0,6.776,25,Chroma Case
Apr 27 2026 04: +0,6.784,57,Chroma Case
Apr 27 2026 05: +0,6.156,16,Chroma Case
Apr 27 2026 06: +0,6.784,27,Chroma Case
Apr 27 2026 07: +0,6.81,21,Chroma Case
Apr 27 2026 08: +0,6.793,68,Chroma Case
Apr 27 2026 09: +0,6.742,18,Chroma Case
Apr 27 2026 10: +0,6.14,17,Chroma Case
Apr 27 2026 11: +0,6.14,17,Chroma Case
Apr 27 2026 12: +0,6.249,15,Chroma Case
Apr 27 2026 13: +0,6.759,55,Chroma Case
Apr 27 2026 14: +0,6.802,23,Chroma Case
Apr 27 2026 15: +0,6.781,21,Chroma Case
Apr 27 2026 16: +0,6.801,45,Chroma Case
Apr 27 2026 17: +0,6.659,12,Chroma Case
Apr 27 2026 18: +0,6.736,38,Chroma Case
Apr 27 2026 19: +0,6.784,46,Chroma Case
Apr 27 2026 20: +0,6.657,37,Chroma Case
Apr 27 2026 21: +0,6.776,29,Chroma Case
Apr 27 2026 22: +0,6.783,43,Chroma Case
Apr 27 2026 23: +0,6.733,52,Chroma Case
Apr 28 2026 00: +0,6.801,48,Chroma Case
Apr 28 2026 01: +0,6.81,89,Chroma Case
Apr 28 2026 02: +0,6.81,66,Chroma Case
Apr 28 2026 03: +0,6.81,19,Chroma Case
Apr 28 2026 04: +0,6.81,35,Chroma Case
Apr 28 2026 05: +0,6.793,23,Chroma Case
Apr 28 2026 06: +0,6.784,53,Chroma Case
Apr 28 2026 07: +0,6.801,17,Chroma Case
Apr 28 2026 08: +0,6.703,9,Chroma Case
Apr 28 2026 09: +0,6.453,3,Chroma Case
Apr 28 2026 10: +0,6.42,12,Chroma Case
Apr 28 2026 11: +0,6.759,45,Chroma Case
Apr 28 2026 12: +0,6.743,29,Chroma Case
Apr 28 2026 13: +0,6.779,26,Chroma Case
Apr 28 2026 14: +0,6.791,35,Chroma Case
Apr 28 2026 15: +0,6.663,22,Chroma Case
Apr 28 2026 16: +0,6.683,8,Chroma Case
Apr 28 2026 17: +0,6.667,63,Chroma Case
Apr 28 2026 18: +0,6.665,54,Chroma Case
Apr 28 2026 19: +0,6.665,85,Chroma Case
Apr 28 2026 20: +0,6.763,81,Chroma Case
Apr 28 2026 21: +0,6.691,36,Chroma Case
Apr 28 2026 22: +0,6.742,49,Chroma Case
Apr 28 2026 23: +0,6.502,17,Chroma Case
Apr 29 2026 00: +0,6.608,26,Chroma Case
Apr 29 2026 01: +0,6.75,29,Chroma Case
Apr 29 2026 02: +0,6.75,33,Chroma Case
Apr 29 2026 03: +0,6.776,25,Chroma Case
Apr 29 2026 04: +0,6.801,49,Chroma Case
Apr 29 2026 05: +0,6.659,34,Chroma Case
Apr 29 2026 06: +0,6.81,24,Chroma Case
Apr 29 2026 07: +0,6.801,23,Chroma Case
Apr 29 2026 08: +0,6.801,16,Chroma Case
Apr 29 2026 09: +0,6.784,18,Chroma Case
Apr 29 2026 10: +0,6.802,22,Chroma Case
Apr 29 2026 11: +0,6.716,11,Chroma Case
Apr 29 2026 12: +0,6.642,8,Chroma Case
Apr 29 2026 13: +0,6.287,13,Chroma Case
Apr 29 2026 14: +0,6.699,47,Chroma Case
Apr 29 2026 15: +0,6.743,18,Chroma Case
Apr 29 2026 16: +0,6.665,7,Chroma Case
Apr 29 2026 17: +0,6.692,12,Chroma Case
Apr 29 2026 18: +0,6.074,32,Chroma Case
Apr 29 2026 19: +0,6.232,70,Chroma Case
Apr 29 2026 20: +0,6.793,79,Chroma Case
Apr 29 2026 21: +0,6.81,97,Chroma Case
Apr 29 2026 22: +0,6.844,87,Chroma Case
Apr 29 2026 23: +0,6.912,47,Chroma Case
Apr 30 2026 00: +0,6.937,36,Chroma Case
Apr 30 2026 01: +0,6.343,43,Chroma Case
Apr 30 2026 02: +0,6.945,57,Chroma Case
Apr 30 2026 03: +0,6.962,11,Chroma Case
Apr 30 2026 04: +0,6.979,40,Chroma Case
Apr 30 2026 05: +0,6.606,12,Chroma Case
Apr 30 2026 06: +0,7.03,61,Chroma Case
Apr 30 2026 07: +0,7.039,23,Chroma Case
Apr 30 2026 08: +0,7.06,6,Chroma Case
Apr 30 2026 09: +0,7.055,21,Chroma Case
Apr 30 2026 10: +0,6.899,12,Chroma Case
Apr 30 2026 11: +0,7.029,51,Chroma Case
Apr 30 2026 12: +0,7.098,36,Chroma Case
Apr 30 2026 13: +0,7.107,34,Chroma Case
Apr 30 2026 14: +0,7.124,30,Chroma Case
Apr 30 2026 15: +0,7.141,56,Chroma Case
Apr 30 2026 16: +0,7.141,61,Chroma Case
Apr 30 2026 17: +0,7.123,26,Chroma Case
Apr 30 2026 18: +0,6.976,26,Chroma Case
Apr 30 2026 19: +0,6.759,19,Chroma Case
Apr 30 2026 20: +0,7.09,42,Chroma Case
Apr 30 2026 21: +0,7.14,25,Chroma Case
Apr 30 2026 22: +0,6.945,16,Chroma Case
Apr 30 2026 23: +0,7.124,32,Chroma Case
May 01 2026 00: +0,7.12,43,Chroma Case
May 01 2026 01: +0,7.113,13,Chroma Case
May 01 2026 02: +0,7.119,26,Chroma Case
May 01 2026 03: +0,7.056,15,Chroma Case
May 01 2026 04: +0,7.141,25,Chroma Case
May 01 2026 05: +0,7.141,48,Chroma Case
May 01 2026 06: +0,7.183,18,Chroma Case
May 01 2026 07: +0,7.183,7,Chroma Case
May 01 2026 08: +0,6.122,68,Chroma Case
May 01 2026 09: +0,6.122,42,Chroma Case
May 01 2026 10: +0,7.211,29,Chroma Case
May 01 2026 11: +0,6.752,12,Chroma Case
May 01 2026 12: +0,5.972,41,Chroma Case
May 01 2026 13: +0,6.767,14,Chroma Case
May 01 2026 14: +0,6.768,10,Chroma Case
May 01 2026 15: +0,6.945,13,Chroma Case
May 01 2026 16: +0,6.983,20,Chroma Case
May 01 2026 17: +0,7.047,34,Chroma Case
May 01 2026 18: +0,6.797,25,Chroma Case
May 01 2026 19: +0,6.844,8,Chroma Case
May 01 2026 20: +0,6.575,9,Chroma Case
May 01 2026 21: +0,6.589,26,Chroma Case
May 01 2026 22: +0,5.977,93,Chroma Case
May 01 2026 23: +0,6.937,46,Chroma Case
May 02 2026 00: +0,6.835,29,Chroma Case
May 02 2026 01: +0,7.132,37,Chroma Case
May 02 2026 02: +0,6.478,32,Chroma Case
May 02 2026 03: +0,7.149,40,Chroma Case
May 02 2026 04: +0,7.149,23,Chroma Case
May 02 2026 05: +0,7.153,40,Chroma Case
May 02 2026 06: +0,7.149,21,Chroma Case
May 02 2026 07: +0,7.047,10,Chroma Case
May 02 2026 08: +0,6.648,21,Chroma Case
May 02 2026 09: +0,6.509,17,Chroma Case
May 02 2026 10: +0,6.648,13,Chroma Case
May 02 2026 11: +0,6.849,18,Chroma Case
May 02 2026 12: +0,6.784,10,Chroma Case
May 02 2026 13: +0,6.583,5,Chroma Case
May 02 2026 14: +0,6.589,30,Chroma Case
May 02 2026 15: +0,6.647,11,Chroma Case
May 02 2026 16: +0,6.64,24,Chroma Case
May 02 2026 17: +0,6.793,26,Chroma Case
May 02 2026 18: +0,7.047,66,Chroma Case
May 02 2026 19: +0,6.309,49,Chroma Case
May 02 2026 20: +0,6.316,39,Chroma Case
May 02 2026 21: +0,6.316,76,Chroma Case
May 02 2026 22: +0,7.128,76,Chroma Case
May 02 2026 23: +0,7.154,55,Chroma Case
May 03 2026 00: +0,6.793,12,Chroma Case
May 03 2026 01: +0,7.153,20,Chroma Case
May 03 2026 02: +0,7.152,51,Chroma Case
May 03 2026 03: +0,7.166,34,Chroma Case
May 03 2026 04: +0,6.878,36,Chroma Case
May 03 2026 05: +0,7.158,12,Chroma Case
May 03 2026 06: +0,7.166,59,Chroma Case
May 03 2026 07: +0,6.395,12,Chroma Case
May 03 2026 08: +0,6.886,15,Chroma Case
May 03 2026 09: +0,6.793,38,Chroma Case
May 03 2026 10: +0,6.793,20,Chroma Case
May 03 2026 11: +0,6.487,6,Chroma Case
May 03 2026 12: +0,6.665,15,Chroma Case
May 03 2026 13: +0,6.793,25,Chroma Case
May 03 2026 14: +0,6.797,31,Chroma Case
May 03 2026 15: +0,6.375,8,Chroma Case
May 03 2026 16: +0,6.489,23,Chroma Case
May 03 2026 17: +0,6.25,18,Chroma Case
May 03 2026 18: +0,6.453,31,Chroma Case
May 03 2026 19: +0,6.496,24,Chroma Case
May 03 2026 20: +0,6.784,85,Chroma Case
May 03 2026 21: +0,6.805,48,Chroma Case
May 03 2026 22: +0,6.912,68,Chroma Case
May 03 2026 23: +0,6.979,14,Chroma Case
May 04 2026 00: +0,7.022,24,Chroma Case
May 04 2026 01: +0,7.029,33,Chroma Case
May 04 2026 02: +0,7.132,21,Chroma Case
May 04 2026 03: +0,7.047,17,Chroma Case
May 04 2026 04: +0,6.968,10,Chroma Case
May 04 2026 05: +0,7.124,14,Chroma Case
May 04 2026 06: +0,6.895,12,Chroma Case
May 04 2026 07: +0,6.928,31,Chroma Case
May 04 2026 08: +0,6.813,3,Chroma Case
May 04 2026 09: +0,6.7,2,Chroma Case
May 04 2026 10: +0,6.745,19,Chroma Case
May 04 2026 11: +0,6.79,10,Chroma Case
May 04 2026 12: +0,6.785,26,Chroma Case
May 04 2026 13: +0,6.785,28,Chroma Case
May 04 2026 14: +0,6.194,72,Chroma Case
May 04 2026 15: +0,6.816,84,Chroma Case
May 04 2026 16: +0,7.045,43,Chroma Case
May 04 2026 17: +0,7.114,45,Chroma Case
May 04 2026 18: +0,7.054,23,Chroma Case
May 04 2026 19: +0,6.495,11,Chroma Case
May 04 2026 20: +0,6.478,27,Chroma Case
May 04 2026 21: +0,6.744,26,Chroma Case
May 04 2026 22: +0,6.775,21,Chroma Case
May 04 2026 23: +0,6.793,13,Chroma Case
May 05 2026 00: +0,6.912,21,Chroma Case
May 05 2026 01: +0,6.617,29,Chroma Case
May 05 2026 02: +0,7.005,33,Chroma Case
May 05 2026 03: +0,7.019,22,Chroma Case
May 05 2026 04: +0,6.198,15,Chroma Case
May 05 2026 05: +0,7.028,25,Chroma Case
May 05 2026 06: +0,7.029,44,Chroma Case
May 05 2026 07: +0,7.028,18,Chroma Case
May 05 2026 08: +0,7.015,57,Chroma Case
May 05 2026 09: +0,6.962,9,Chroma Case
May 05 2026 10: +0,6.736,16,Chroma Case
May 05 2026 11: +0,6.708,17,Chroma Case
May 05 2026 12: +0,6.736,16,Chroma Case
May 05 2026 13: +0,6.742,42,Chroma Case
May 05 2026 14: +0,6.946,32,Chroma Case
May 05 2026 15: +0,7.064,43,Chroma Case
May 05 2026 16: +0,7.064,61,Chroma Case
May 05 2026 17: +0,7.055,19,Chroma Case
May 05 2026 18: +0,7.05,51,Chroma Case
May 05 2026 19: +0,7.081,21,Chroma Case
May 05 2026 20: +0,6.796,23,Chroma Case
May 05 2026 21: +0,6.937,63,Chroma Case
May 05 2026 22: +0,7.064,42,Chroma Case
May 05 2026 23: +0,6.733,7,Chroma Case
May 06 2026 00: +0,6.823,19,Chroma Case
May 06 2026 01: +0,6.852,23,Chroma Case
May 06 2026 02: +0,7.056,14,Chroma Case
May 06 2026 03: +0,7.064,28,Chroma Case
May 06 2026 04: +0,7.047,19,Chroma Case
May 06 2026 05: +0,7.064,49,Chroma Case
May 06 2026 06: +0,7.098,16,Chroma Case
May 06 2026 07: +0,7.098,22,Chroma Case
May 06 2026 08: +0,6.054,8,Chroma Case
May 06 2026 09: +0,7.057,7,Chroma Case
May 06 2026 10: +0,6.563,8,Chroma Case
May 06 2026 11: +0,7.096,38,Chroma Case
May 06 2026 12: +0,7.098,30,Chroma Case
May 06 2026 13: +0,7.092,15,Chroma Case
May 06 2026 14: +0,6.733,19,Chroma Case
May 06 2026 15: +0,7.076,25,Chroma Case
May 06 2026 16: +0,7.057,12,Chroma Case
May 06 2026 17: +0,6.426,10,Chroma Case
May 06 2026 18: +0,7.045,36,Chroma Case
May 06 2026 19: +0,6.958,31,Chroma Case
May 06 2026 20: +0,6.938,30,Chroma Case
May 06 2026 21: +0,6.801,16,Chroma Case
May 06 2026 22: +0,6.827,17,Chroma Case
May 06 2026 23: +0,6.852,27,Chroma Case
May 07 2026 00: +0,6.878,20,Chroma Case
May 07 2026 01: +0,7.084,54,Chroma Case
May 07 2026 02: +0,7.09,18,Chroma Case
May 07 2026 03: +0,7.081,7,Chroma Case
May 07 2026 04: +0,7.114,13,Chroma Case
May 07 2026 05: +0,7.132,7,Chroma Case
May 07 2026 06: +0,7.132,16,Chroma Case
May 07 2026 07: +0,7.124,17,Chroma Case
May 07 2026 08: +0,6.562,3,Chroma Case
May 07 2026 09: +0,6.451,15,Chroma Case
May 07 2026 10: +0,6.484,23,Chroma Case
May 07 2026 11: +0,6.693,10,Chroma Case
May 07 2026 12: +0,7.101,29,Chroma Case
May 07 2026 13: +0,7.113,12,Chroma Case
May 07 2026 14: +0,7.1,11,Chroma Case
May 07 2026 15: +0,7.124,28,Chroma Case
May 07 2026 16: +0,7.1,22,Chroma Case
May 07 2026 17: +0,7.057,27,Chroma Case
May 07 2026 18: +0,7.112,24,Chroma Case
May 07 2026 19: +0,7.033,11,Chroma Case
May 07 2026 20: +0,7.018,10,Chroma Case
May 07 2026 21: +0,6.793,39,Chroma Case
May 07 2026 22: +0,7.126,42,Chroma Case
May 07 2026 23: +0,6.996,51,Chroma Case
May 08 2026 00: +0,7.141,59,Chroma Case
May 08 2026 01: +0,7.149,23,Chroma Case
May 08 2026 02: +0,7.149,29,Chroma Case
May 08 2026 03: +0,7.149,17,Chroma Case
May 08 2026 04: +0,6.939,13,Chroma Case
May 08 2026 05: +0,7.149,15,Chroma Case
May 08 2026 06: +0,7.149,28,Chroma Case
May 08 2026 07: +0,6.485,2,Chroma Case
May 08 2026 08: +0,7.047,5,Chroma Case
May 08 2026 09: +0,7.001,10,Chroma Case
May 08 2026 10: +0,6.954,17,Chroma Case
May 08 2026 11: +0,7.09,21,Chroma Case
May 08 2026 12: +0,7.103,4,Chroma Case
May 08 2026 13: +0,6.546,5,Chroma Case
May 08 2026 14: +0,6.546,31,Chroma Case
May 08 2026 15: +0,7.087,31,Chroma Case
May 08 2026 16: +0,7.076,19,Chroma Case
May 08 2026 17: +0,7.087,52,Chroma Case
May 08 2026 18: +0,6.938,34,Chroma Case
May 08 2026 19: +0,6.207,96,Chroma Case
May 08 2026 20: +0,6.826,45,Chroma Case
May 08 2026 21: +0,6.993,49,Chroma Case
May 08 2026 22: +0,7.087,37,Chroma Case
May 08 2026 23: +0,7.122,50,Chroma Case
May 09 2026 00: +0,7.124,15,Chroma Case
May 09 2026 01: +0,6.886,17,Chroma Case
May 09 2026 02: +0,7.124,57,Chroma Case
May 09 2026 03: +0,7.132,33,Chroma Case
May 09 2026 04: +0,7.136,30,Chroma Case
May 09 2026 05: +0,7.141,44,Chroma Case
May 09 2026 06: +0,7.141,25,Chroma Case
May 09 2026 07: +0,6.905,9,Chroma Case
May 09 2026 08: +0,7.141,32,Chroma Case
May 09 2026 09: +0,6.557,8,Chroma Case
May 09 2026 10: +0,6.497,20,Chroma Case
May 09 2026 11: +0,6.988,27,Chroma Case
May 09 2026 12: +0,6.817,16,Chroma Case
May 09 2026 13: +0,6.69,9,Chroma Case
May 09 2026 14: +0,6.652,8,Chroma Case
May 09 2026 15: +0,6.859,15,Chroma Case
May 09 2026 16: +0,6.96,17,Chroma Case
May 09 2026 17: +0,6.988,32,Chroma Case
May 09 2026 18: +0,7.056,29,Chroma Case
May 09 2026 19: +0,7.073,29,Chroma Case
May 09 2026 20: +0,7.124,107,Chroma Case
May 09 2026 21: +0,7.127,71,Chroma Case
May 09 2026 22: +0,7.157,96,Chroma Case
May 09 2026 23: +0,7.175,16,Chroma Case
May 10 2026 00: +0,7.175,33,Chroma Case
May 10 2026 01: +0,7.183,13,Chroma Case
May 10 2026 02: +0,7.192,22,Chroma Case
May 10 2026 03: +0,7.175,18,Chroma Case
May 10 2026 04: +0,7.192,123,Chroma Case
May 10 2026 05: +0,7.211,12,Chroma Case
May 10 2026 06: +0,7.268,13,Chroma Case
May 10 2026 07: +0,6.714,5,Chroma Case
May 10 2026 08: +0,6.971,13,Chroma Case
May 10 2026 09: +0,6.443,12,Chroma Case
May 10 2026 10: +0,6.357,7,Chroma Case
May 10 2026 11: +0,6.42,4,Chroma Case
May 10 2026 12: +0,6.217,7,Chroma Case
May 10 2026 13: +0,6.227,19,Chroma Case
May 10 2026 14: +0,6.316,16,Chroma Case
May 10 2026 15: +0,6.447,23,Chroma Case
May 10 2026 16: +0,6.486,18,Chroma Case
May 10 2026 17: +0,6.411,19,Chroma Case
May 10 2026 18: +0,6.385,39,Chroma Case
May 10 2026 19: +0,6.397,21,Chroma Case
May 10 2026 20: +0,6.878,15,Chroma Case
May 10 2026 21: +0,6.867,31,Chroma Case
May 10 2026 22: +0,6.797,38,Chroma Case
May 10 2026 23: +0,6.377,31,Chroma Case
May 11 2026 00: +0,6.866,21,Chroma Case
May 11 2026 01: +0,6.886,30,Chroma Case
May 11 2026 02: +0,6.878,12,Chroma Case
May 11 2026 03: +0,6.587,11,Chroma Case
May 11 2026 04: +0,6.861,10,Chroma Case
May 11 2026 05: +0,6.895,10,Chroma Case
May 11 2026 06: +0,6.954,22,Chroma Case
May 11 2026 07: +0,6.776,9,Chroma Case
May 11 2026 08: +0,6.266,26,Chroma Case
May 11 2026 09: +0,6.597,3,Chroma Case
May 11 2026 10: +0,6.243,5,Chroma Case
May 11 2026 11: +0,6.317,13,Chroma Case
May 11 2026 12: +0,6.512,19,Chroma Case
May 11 2026 13: +0,6.962,12,Chroma Case
May 11 2026 14: +0,6.31,4,Chroma Case
May 11 2026 15: +0,6.367,17,Chroma Case
May 11 2026 16: +0,6.657,14,Chroma Case
May 11 2026 17: +0,6.827,47,Chroma Case
May 11 2026 18: +0,6.971,79,Chroma Case
May 11 2026 19: +0,6.942,32,Chroma Case
May 11 2026 20: +0,6.612,14,Chroma Case
May 11 2026 21: +0,6.87,22,Chroma Case
May 11 2026 22: +0,6.572,12,Chroma Case
May 11 2026 23: +0,6.597,36,Chroma Case
May 12 2026 00: +0,6.793,53,Chroma Case
May 12 2026 01: +0,6.657,18,Chroma Case
May 12 2026 02: +0,6.945,19,Chroma Case
May 12 2026 03: +0,6.97,15,Chroma Case
May 12 2026 04: +0,6.962,7,Chroma Case
May 12 2026 05: +0,6.962,5,Chroma Case
May 12 2026 06: +0,6.962,48,Chroma Case
May 12 2026 07: +0,6.945,61,Chroma Case
May 12 2026 08: +0,6.86,22,Chroma Case
May 12 2026 09: +0,6.928,18,Chroma Case
May 12 2026 10: +0,6.681,24,Chroma Case
May 12 2026 11: +0,6.914,31,Chroma Case
May 12 2026 12: +0,6.8,11,Chroma Case
Dec 09 2015 01: +0,7.015,132808,Revolver Case
Dec 10 2015 01: +0,3.406,130328,Revolver Case
Dec 11 2015 01: +0,2.367,126642,Revolver Case
Dec 12 2015 01: +0,1.45,145214,Revolver Case
Dec 13 2015 01: +0,1.003,142921,Revolver Case
Dec 14 2015 01: +0,0.957,105522,Revolver Case
Dec 15 2015 01: +0,0.828,99286,Revolver Case
Dec 16 2015 01: +0,0.715,90332,Revolver Case
Dec 17 2015 01: +0,0.564,95675,Revolver Case
Dec 18 2015 01: +0,0.475,103558,Revolver Case
Dec 19 2015 01: +0,0.378,111600,Revolver Case
Dec 20 2015 01: +0,0.291,117279,Revolver Case
Dec 21 2015 01: +0,0.28,99142,Revolver Case
Dec 22 2015 01: +0,0.272,97851,Revolver Case
Dec 23 2015 01: +0,0.267,100348,Revolver Case
Dec 24 2015 01: +0,0.275,100473,Revolver Case
Dec 25 2015 01: +0,0.377,107868,Revolver Case
Dec 26 2015 01: +0,0.379,107189,Revolver Case
Dec 27 2015 01: +0,0.227,106444,Revolver Case
Dec 28 2015 01: +0,0.198,105383,Revolver Case
Dec 29 2015 01: +0,0.179,96093,Revolver Case
Dec 30 2015 01: +0,0.164,95931,Revolver Case
Dec 31 2015 01: +0,0.154,86298,Revolver Case
Jan 01 2016 01: +0,0.151,93122,Revolver Case
Jan 02 2016 01: +0,0.121,82989,Revolver Case
Jan 03 2016 01: +0,0.078,72980,Revolver Case
Jan 04 2016 01: +0,0.068,71960,Revolver Case
Jan 05 2016 01: +0,0.069,69291,Revolver Case
Jan 06 2016 01: +0,0.069,70054,Revolver Case
Jan 07 2016 01: +0,0.063,65094,Revolver Case
Jan 08 2016 01: +0,0.063,74173,Revolver Case
Jan 09 2016 01: +0,0.063,82783,Revolver Case
Jan 10 2016 01: +0,0.058,67088,Revolver Case
Jan 11 2016 01: +0,0.053,54678,Revolver Case
Jan 12 2016 01: +0,0.045,59375,Revolver Case
Jan 13 2016 01: +0,0.049,52762,Revolver Case
Jan 14 2016 01: +0,0.046,61929,Revolver Case
Jan 15 2016 01: +0,0.044,72997,Revolver Case
Jan 16 2016 01: +0,0.042,82764,Revolver Case
Jan 17 2016 01: +0,0.035,74647,Revolver Case
Jan 18 2016 01: +0,0.035,67645,Revolver Case
Jan 19 2016 01: +0,0.033,61119,Revolver Case
Jan 20 2016 01: +0,0.033,58102,Revolver Case
Jan 21 2016 01: +0,0.031,63197,Revolver Case
Jan 22 2016 01: +0,0.033,59435,Revolver Case
Jan 23 2016 01: +0,0.034,85076,Revolver Case
Jan 24 2016 01: +0,0.034,64358,Revolver Case
Jan 25 2016 01: +0,0.034,62451,Revolver Case
Jan 26 2016 01: +0,0.033,63332,Revolver Case
Jan 27 2016 01: +0,0.034,62566,Revolver Case
Jan 28 2016 01: +0,0.033,59674,Revolver Case
Jan 29 2016 01: +0,0.034,68914,Revolver Case
Jan 30 2016 01: +0,0.036,76198,Revolver Case
Jan 31 2016 01: +0,0.033,69652,Revolver Case
Feb 01 2016 01: +0,0.031,64781,Revolver Case
Feb 02 2016 01: +0,0.032,58836,Revolver Case
Feb 03 2016 01: +0,0.031,60152,Revolver Case
Feb 04 2016 01: +0,0.03,63207,Revolver Case
Feb 05 2016 01: +0,0.03,68134,Revolver Case
Feb 06 2016 01: +0,0.03,83291,Revolver Case
Feb 07 2016 01: +0,0.03,60725,Revolver Case
Feb 08 2016 01: +0,0.03,49227,Revolver Case
Feb 09 2016 01: +0,0.03,46552,Revolver Case
Feb 10 2016 01: +0,0.03,53760,Revolver Case
Feb 11 2016 01: +0,0.03,50989,Revolver Case
Feb 12 2016 01: +0,0.03,60246,Revolver Case
Feb 13 2016 01: +0,0.03,68418,Revolver Case
Feb 14 2016 01: +0,0.03,69554,Revolver Case
Feb 15 2016 01: +0,0.03,59817,Revolver Case
Feb 16 2016 01: +0,0.03,55499,Revolver Case
Feb 17 2016 01: +0,0.03,59129,Revolver Case
Feb 18 2016 01: +0,0.03,61814,Revolver Case
Feb 19 2016 01: +0,0.03,53662,Revolver Case
Feb 20 2016 01: +0,0.03,54860,Revolver Case
Feb 21 2016 01: +0,0.03,62421,Revolver Case
Feb 22 2016 01: +0,0.03,46445,Revolver Case
Feb 23 2016 01: +0,0.03,44518,Revolver Case
Feb 24 2016 01: +0,0.03,43167,Revolver Case
Feb 25 2016 01: +0,0.03,49059,Revolver Case
Feb 26 2016 01: +0,0.03,52280,Revolver Case
Feb 27 2016 01: +0,0.03,54094,Revolver Case
Feb 28 2016 01: +0,0.03,43042,Revolver Case
Feb 29 2016 01: +0,0.03,46343,Revolver Case
Mar 01 2016 01: +0,0.03,44683,Revolver Case
Mar 02 2016 01: +0,0.03,42279,Revolver Case
Mar 03 2016 01: +0,0.03,46019,Revolver Case
Mar 04 2016 01: +0,0.03,44328,Revolver Case
Mar 05 2016 01: +0,0.03,53700,Revolver Case
Mar 06 2016 01: +0,0.03,48974,Revolver Case
Mar 07 2016 01: +0,0.03,42756,Revolver Case
Mar 08 2016 01: +0,0.03,40288,Revolver Case
Mar 09 2016 01: +0,0.03,37374,Revolver Case
Mar 10 2016 01: +0,0.03,26231,Revolver Case
Mar 11 2016 01: +0,0.03,28182,Revolver Case
Mar 12 2016 01: +0,0.03,30652,Revolver Case
Mar 13 2016 01: +0,0.03,35210,Revolver Case
Mar 14 2016 01: +0,0.03,31278,Revolver Case
Mar 15 2016 01: +0,0.03,32040,Revolver Case
Mar 16 2016 01: +0,0.03,29971,Revolver Case
Mar 17 2016 01: +0,0.03,29170,Revolver Case
Mar 18 2016 01: +0,0.03,34289,Revolver Case
Mar 19 2016 01: +0,0.03,39258,Revolver Case
Mar 20 2016 01: +0,0.03,34695,Revolver Case
Mar 21 2016 01: +0,0.03,27321,Revolver Case
Mar 22 2016 01: +0,0.03,28857,Revolver Case
Mar 23 2016 01: +0,0.03,29420,Revolver Case
Mar 24 2016 01: +0,0.03,31770,Revolver Case
Mar 25 2016 01: +0,0.03,38267,Revolver Case
Mar 26 2016 01: +0,0.03,37371,Revolver Case
Mar 27 2016 01: +0,0.03,42247,Revolver Case
Mar 28 2016 01: +0,0.03,34370,Revolver Case
Mar 29 2016 01: +0,0.03,35799,Revolver Case
Mar 30 2016 01: +0,0.03,31766,Revolver Case
Mar 31 2016 01: +0,0.03,37411,Revolver Case
Apr 01 2016 01: +0,0.03,46624,Revolver Case
Apr 02 2016 01: +0,0.03,43918,Revolver Case
Apr 03 2016 01: +0,0.03,54250,Revolver Case
Apr 04 2016 01: +0,0.03,38789,Revolver Case
Apr 05 2016 01: +0,0.03,38746,Revolver Case
Apr 06 2016 01: +0,0.03,35844,Revolver Case
Apr 07 2016 01: +0,0.03,38631,Revolver Case
Apr 08 2016 01: +0,0.03,42345,Revolver Case
Apr 09 2016 01: +0,0.03,48076,Revolver Case
Apr 10 2016 01: +0,0.03,48841,Revolver Case
Apr 11 2016 01: +0,0.03,42290,Revolver Case
Apr 12 2016 01: +0,0.03,34277,Revolver Case
Apr 13 2016 01: +0,0.03,37753,Revolver Case
Apr 14 2016 01: +0,0.03,37291,Revolver Case
Apr 15 2016 01: +0,0.03,37939,Revolver Case
Apr 16 2016 01: +0,0.03,45398,Revolver Case
Apr 17 2016 01: +0,0.03,41659,Revolver Case
Apr 18 2016 01: +0,0.03,38007,Revolver Case
Apr 19 2016 01: +0,0.03,39375,Revolver Case
Apr 20 2016 01: +0,0.03,36139,Revolver Case
Apr 21 2016 01: +0,0.03,38250,Revolver Case
Apr 22 2016 01: +0,0.03,39899,Revolver Case
Apr 23 2016 01: +0,0.03,39882,Revolver Case
Apr 24 2016 01: +0,0.03,44066,Revolver Case
Apr 25 2016 01: +0,0.03,38276,Revolver Case
Apr 26 2016 01: +0,0.03,33768,Revolver Case
Apr 27 2016 01: +0,0.03,39185,Revolver Case
Apr 28 2016 01: +0,0.03,42692,Revolver Case
Apr 29 2016 01: +0,0.03,51231,Revolver Case
Apr 30 2016 01: +0,0.03,57430,Revolver Case
May 01 2016 01: +0,0.03,50237,Revolver Case
May 02 2016 01: +0,0.03,51521,Revolver Case
May 03 2016 01: +0,0.03,48916,Revolver Case
May 04 2016 01: +0,0.03,45001,Revolver Case
May 05 2016 01: +0,0.03,46446,Revolver Case
May 06 2016 01: +0,0.03,54942,Revolver Case
May 07 2016 01: +0,0.03,53333,Revolver Case
May 08 2016 01: +0,0.03,52489,Revolver Case
May 09 2016 01: +0,0.03,47518,Revolver Case
May 10 2016 01: +0,0.03,46150,Revolver Case
May 11 2016 01: +0,0.03,41278,Revolver Case
May 12 2016 01: +0,0.03,44830,Revolver Case
May 13 2016 01: +0,0.03,44551,Revolver Case
May 14 2016 01: +0,0.03,52181,Revolver Case
May 15 2016 01: +0,0.03,51186,Revolver Case
May 16 2016 01: +0,0.03,41874,Revolver Case
May 17 2016 01: +0,0.03,38535,Revolver Case
May 18 2016 01: +0,0.03,40150,Revolver Case
May 19 2016 01: +0,0.03,36324,Revolver Case
May 20 2016 01: +0,0.03,39552,Revolver Case
May 21 2016 01: +0,0.03,42668,Revolver Case
May 22 2016 01: +0,0.03,44653,Revolver Case
May 23 2016 01: +0,0.03,34207,Revolver Case
May 24 2016 01: +0,0.03,33729,Revolver Case
May 25 2016 01: +0,0.03,37785,Revolver Case
May 26 2016 01: +0,0.03,36998,Revolver Case
May 27 2016 01: +0,0.03,34611,Revolver Case
May 28 2016 01: +0,0.03,40235,Revolver Case
May 29 2016 01: +0,0.03,41769,Revolver Case
May 30 2016 01: +0,0.03,39021,Revolver Case
May 31 2016 01: +0,0.03,37684,Revolver Case
Jun 01 2016 01: +0,0.03,39435,Revolver Case
Jun 02 2016 01: +0,0.03,36506,Revolver Case
Jun 03 2016 01: +0,0.03,39827,Revolver Case
Jun 04 2016 01: +0,0.03,38043,Revolver Case
Jun 05 2016 01: +0,0.03,42711,Revolver Case
Jun 06 2016 01: +0,0.03,40570,Revolver Case
Jun 07 2016 01: +0,0.03,32476,Revolver Case
Jun 08 2016 01: +0,0.03,37759,Revolver Case
Jun 09 2016 01: +0,0.03,34833,Revolver Case
Jun 10 2016 01: +0,0.03,36039,Revolver Case
Jun 11 2016 01: +0,0.03,39048,Revolver Case
Jun 12 2016 01: +0,0.03,39151,Revolver Case
Jun 13 2016 01: +0,0.03,37682,Revolver Case
Jun 14 2016 01: +0,0.03,40682,Revolver Case
Jun 15 2016 01: +0,0.03,34427,Revolver Case
Jun 16 2016 01: +0,0.03,155457,Revolver Case
Jun 17 2016 01: +0,0.03,45535,Revolver Case
Jun 18 2016 01: +0,0.03,41257,Revolver Case
Jun 19 2016 01: +0,0.03,39679,Revolver Case
Jun 20 2016 01: +0,0.03,37468,Revolver Case
Jun 21 2016 01: +0,0.03,34680,Revolver Case
Jun 22 2016 01: +0,0.03,34731,Revolver Case
Jun 23 2016 01: +0,0.03,29616,Revolver Case
Jun 24 2016 01: +0,0.03,34525,Revolver Case
Jun 25 2016 01: +0,0.03,28885,Revolver Case
Jun 26 2016 01: +0,0.03,29895,Revolver Case
Jun 27 2016 01: +0,0.03,27693,Revolver Case
Jun 28 2016 01: +0,0.03,27824,Revolver Case
Jun 29 2016 01: +0,0.03,24792,Revolver Case
Jun 30 2016 01: +0,0.03,23182,Revolver Case
Jul 01 2016 01: +0,0.03,22799,Revolver Case
Jul 02 2016 01: +0,0.03,22427,Revolver Case
Jul 03 2016 01: +0,0.03,24134,Revolver Case
Jul 04 2016 01: +0,0.03,29268,Revolver Case
Jul 05 2016 01: +0,0.03,21112,Revolver Case
Jul 06 2016 01: +0,0.03,23191,Revolver Case
Jul 07 2016 01: +0,0.03,23906,Revolver Case
Jul 08 2016 01: +0,0.03,21651,Revolver Case
Jul 09 2016 01: +0,0.03,20689,Revolver Case
Jul 10 2016 01: +0,0.03,21553,Revolver Case
Jul 11 2016 01: +0,0.03,22463,Revolver Case
Jul 12 2016 01: +0,0.03,18763,Revolver Case
Jul 13 2016 01: +0,0.03,18391,Revolver Case
Jul 14 2016 01: +0,0.03,20898,Revolver Case
Jul 15 2016 01: +0,0.03,18679,Revolver Case
Jul 16 2016 01: +0,0.03,22371,Revolver Case
Jul 17 2016 01: +0,0.03,20307,Revolver Case
Jul 18 2016 01: +0,0.03,25699,Revolver Case
Jul 19 2016 01: +0,0.03,19028,Revolver Case
Jul 20 2016 01: +0,0.03,20170,Revolver Case
Jul 21 2016 01: +0,0.03,17712,Revolver Case
Jul 22 2016 01: +0,0.03,15904,Revolver Case
Jul 23 2016 01: +0,0.03,15374,Revolver Case
Jul 24 2016 01: +0,0.03,20846,Revolver Case
Jul 25 2016 01: +0,0.03,15563,Revolver Case
Jul 26 2016 01: +0,0.03,17726,Revolver Case
Jul 27 2016 01: +0,0.03,19401,Revolver Case
Jul 28 2016 01: +0,0.03,19637,Revolver Case
Jul 29 2016 01: +0,0.03,21808,Revolver Case
Jul 30 2016 01: +0,0.03,20515,Revolver Case
Jul 31 2016 01: +0,0.03,18846,Revolver Case
Aug 01 2016 01: +0,0.03,16666,Revolver Case
Aug 02 2016 01: +0,0.03,16742,Revolver Case
Aug 03 2016 01: +0,0.03,18560,Revolver Case
Aug 04 2016 01: +0,0.03,21637,Revolver Case
Aug 05 2016 01: +0,0.03,14112,Revolver Case
Aug 06 2016 01: +0,0.03,16383,Revolver Case
Aug 07 2016 01: +0,0.03,15758,Revolver Case
Aug 08 2016 01: +0,0.03,16681,Revolver Case
Aug 09 2016 01: +0,0.03,12843,Revolver Case
Aug 10 2016 01: +0,0.03,15891,Revolver Case
Aug 11 2016 01: +0,0.03,16747,Revolver Case
Aug 12 2016 01: +0,0.03,16675,Revolver Case
Aug 13 2016 01: +0,0.03,13552,Revolver Case
Aug 14 2016 01: +0,0.03,13203,Revolver Case
Aug 15 2016 01: +0,0.03,18598,Revolver Case
Aug 16 2016 01: +0,0.03,20326,Revolver Case
Aug 17 2016 01: +0,0.03,15315,Revolver Case
Aug 18 2016 01: +0,0.03,14946,Revolver Case
Aug 19 2016 01: +0,0.03,18071,Revolver Case
Aug 20 2016 01: +0,0.03,16672,Revolver Case
Aug 21 2016 01: +0,0.03,17736,Revolver Case
Aug 22 2016 01: +0,0.03,17267,Revolver Case
Aug 23 2016 01: +0,0.03,15848,Revolver Case
Aug 24 2016 01: +0,0.03,19376,Revolver Case
Aug 25 2016 01: +0,0.03,14599,Revolver Case
Aug 26 2016 01: +0,0.03,15088,Revolver Case
Aug 27 2016 01: +0,0.03,17347,Revolver Case
Aug 28 2016 01: +0,0.03,16747,Revolver Case
Aug 29 2016 01: +0,0.03,17202,Revolver Case
Aug 30 2016 01: +0,0.03,16647,Revolver Case
Aug 31 2016 01: +0,0.03,16566,Revolver Case
Sep 01 2016 01: +0,0.03,13704,Revolver Case
Sep 02 2016 01: +0,0.03,13234,Revolver Case
Sep 03 2016 01: +0,0.03,14777,Revolver Case
Sep 04 2016 01: +0,0.03,15995,Revolver Case
Sep 05 2016 01: +0,0.03,16250,Revolver Case
Sep 06 2016 01: +0,0.03,13665,Revolver Case
Sep 07 2016 01: +0,0.03,13356,Revolver Case
Sep 08 2016 01: +0,0.03,15648,Revolver Case
Sep 09 2016 01: +0,0.03,13601,Revolver Case
Sep 10 2016 01: +0,0.03,12919,Revolver Case
Sep 11 2016 01: +0,0.03,15276,Revolver Case
Sep 12 2016 01: +0,0.03,14023,Revolver Case
Sep 13 2016 01: +0,0.03,12444,Revolver Case
Sep 14 2016 01: +0,0.03,12500,Revolver Case
Sep 15 2016 01: +0,0.03,15146,Revolver Case
Sep 16 2016 01: +0,0.03,14317,Revolver Case
Sep 17 2016 01: +0,0.03,12660,Revolver Case
Sep 18 2016 01: +0,0.03,17021,Revolver Case
Sep 19 2016 01: +0,0.03,12434,Revolver Case
Sep 20 2016 01: +0,0.03,11602,Revolver Case
Sep 21 2016 01: +0,0.03,11749,Revolver Case
Sep 22 2016 01: +0,0.03,10516,Revolver Case
Sep 23 2016 01: +0,0.03,13813,Revolver Case
Sep 24 2016 01: +0,0.03,14047,Revolver Case
Sep 25 2016 01: +0,0.03,15188,Revolver Case
Sep 26 2016 01: +0,0.03,11281,Revolver Case
Sep 27 2016 01: +0,0.03,13489,Revolver Case
Sep 28 2016 01: +0,0.03,11609,Revolver Case
Sep 29 2016 01: +0,0.03,11687,Revolver Case
Sep 30 2016 01: +0,0.03,10380,Revolver Case
Oct 01 2016 01: +0,0.03,13066,Revolver Case
Oct 02 2016 01: +0,0.03,12858,Revolver Case
Oct 03 2016 01: +0,0.03,9532,Revolver Case
Oct 04 2016 01: +0,0.03,14887,Revolver Case
Oct 05 2016 01: +0,0.03,14126,Revolver Case
Oct 06 2016 01: +0,0.03,10783,Revolver Case
Oct 07 2016 01: +0,0.03,13895,Revolver Case
Oct 08 2016 01: +0,0.03,13145,Revolver Case
Oct 09 2016 01: +0,0.03,12967,Revolver Case
Oct 10 2016 01: +0,0.03,11052,Revolver Case
Oct 11 2016 01: +0,0.03,10623,Revolver Case
Oct 12 2016 01: +0,0.03,9311,Revolver Case
Oct 13 2016 01: +0,0.03,9067,Revolver Case
Oct 14 2016 01: +0,0.03,8928,Revolver Case
Oct 15 2016 01: +0,0.03,12987,Revolver Case
Oct 16 2016 01: +0,0.03,13443,Revolver Case
Oct 17 2016 01: +0,0.03,10106,Revolver Case
Oct 18 2016 01: +0,0.03,12967,Revolver Case
Oct 19 2016 01: +0,0.03,9333,Revolver Case
Oct 20 2016 01: +0,0.03,12792,Revolver Case
Oct 21 2016 01: +0,0.03,11702,Revolver Case
Oct 22 2016 01: +0,0.03,10878,Revolver Case
Oct 23 2016 01: +0,0.03,13255,Revolver Case
Oct 24 2016 01: +0,0.03,11570,Revolver Case
Oct 25 2016 01: +0,0.03,9641,Revolver Case
Oct 26 2016 01: +0,0.03,10598,Revolver Case
Oct 27 2016 01: +0,0.03,12251,Revolver Case
Oct 28 2016 01: +0,0.03,12699,Revolver Case
Oct 29 2016 01: +0,0.03,12527,Revolver Case
Oct 30 2016 01: +0,0.03,12097,Revolver Case
Oct 31 2016 01: +0,0.03,10904,Revolver Case
Nov 01 2016 01: +0,0.03,13360,Revolver Case
Nov 02 2016 01: +0,0.03,14056,Revolver Case
Nov 03 2016 01: +0,0.03,8741,Revolver Case
Nov 04 2016 01: +0,0.03,13767,Revolver Case
Nov 05 2016 01: +0,0.03,16605,Revolver Case
Nov 06 2016 01: +0,0.03,14192,Revolver Case
Nov 07 2016 01: +0,0.03,13840,Revolver Case
Nov 08 2016 01: +0,0.03,14423,Revolver Case
Nov 09 2016 01: +0,0.03,13043,Revolver Case
Nov 10 2016 01: +0,0.03,14440,Revolver Case
Nov 11 2016 01: +0,0.03,20332,Revolver Case
Nov 12 2016 01: +0,0.03,15005,Revolver Case
Nov 13 2016 01: +0,0.03,16528,Revolver Case
Nov 14 2016 01: +0,0.03,15392,Revolver Case
Nov 15 2016 01: +0,0.03,11293,Revolver Case
Nov 16 2016 01: +0,0.03,13973,Revolver Case
Nov 17 2016 01: +0,0.03,14090,Revolver Case
Nov 18 2016 01: +0,0.03,13146,Revolver Case
Nov 19 2016 01: +0,0.03,16273,Revolver Case
Nov 20 2016 01: +0,0.03,13725,Revolver Case
Nov 21 2016 01: +0,0.03,15799,Revolver Case
Nov 22 2016 01: +0,0.03,13042,Revolver Case
Nov 23 2016 01: +0,0.03,10363,Revolver Case
Nov 24 2016 01: +0,0.03,10119,Revolver Case
Nov 25 2016 01: +0,0.03,13154,Revolver Case
Nov 26 2016 01: +0,0.03,12109,Revolver Case
Nov 27 2016 01: +0,0.03,15638,Revolver Case
Nov 28 2016 01: +0,0.03,10025,Revolver Case
Nov 29 2016 01: +0,0.03,11117,Revolver Case
Nov 30 2016 01: +0,0.03,11072,Revolver Case
Dec 01 2016 01: +0,0.03,11392,Revolver Case
Dec 02 2016 01: +0,0.03,13953,Revolver Case
Dec 03 2016 01: +0,0.03,12004,Revolver Case
Dec 04 2016 01: +0,0.03,12363,Revolver Case
Dec 05 2016 01: +0,0.03,12423,Revolver Case
Dec 06 2016 01: +0,0.03,9105,Revolver Case
Dec 07 2016 01: +0,0.03,8935,Revolver Case
Dec 08 2016 01: +0,0.03,16370,Revolver Case
Dec 09 2016 01: +0,0.03,12039,Revolver Case
Dec 10 2016 01: +0,0.03,9429,Revolver Case
Dec 11 2016 01: +0,0.03,8545,Revolver Case
Dec 12 2016 01: +0,0.03,14200,Revolver Case
Dec 13 2016 01: +0,0.03,9161,Revolver Case
Dec 14 2016 01: +0,0.03,10357,Revolver Case
Dec 15 2016 01: +0,0.03,9735,Revolver Case
Dec 16 2016 01: +0,0.03,8974,Revolver Case
Dec 17 2016 01: +0,0.03,11295,Revolver Case
Dec 18 2016 01: +0,0.03,13619,Revolver Case
Dec 19 2016 01: +0,0.03,11001,Revolver Case
Dec 20 2016 01: +0,0.03,8682,Revolver Case
Dec 21 2016 01: +0,0.03,7371,Revolver Case
Dec 22 2016 01: +0,0.03,9727,Revolver Case
Dec 23 2016 01: +0,0.03,7105,Revolver Case
Dec 24 2016 01: +0,0.03,14533,Revolver Case
Dec 25 2016 01: +0,0.03,14287,Revolver Case
Dec 26 2016 01: +0,0.03,18597,Revolver Case
Dec 27 2016 01: +0,0.03,12426,Revolver Case
Dec 28 2016 01: +0,0.03,10421,Revolver Case
Dec 29 2016 01: +0,0.03,9858,Revolver Case
Dec 30 2016 01: +0,0.03,10464,Revolver Case
Dec 31 2016 01: +0,0.03,9214,Revolver Case
Jan 01 2017 01: +0,0.03,9395,Revolver Case
Jan 02 2017 01: +0,0.03,11405,Revolver Case
Jan 03 2017 01: +0,0.03,10086,Revolver Case
Jan 04 2017 01: +0,0.03,8258,Revolver Case
Jan 05 2017 01: +0,0.03,8029,Revolver Case
Jan 06 2017 01: +0,0.03,9995,Revolver Case
Jan 07 2017 01: +0,0.03,11431,Revolver Case
Jan 08 2017 01: +0,0.03,10417,Revolver Case
Jan 09 2017 01: +0,0.03,9475,Revolver Case
Jan 10 2017 01: +0,0.03,8366,Revolver Case
Jan 11 2017 01: +0,0.03,8857,Revolver Case
Jan 12 2017 01: +0,0.03,10622,Revolver Case
Jan 13 2017 01: +0,0.03,8912,Revolver Case
Jan 14 2017 01: +0,0.03,12798,Revolver Case
Jan 15 2017 01: +0,0.03,9497,Revolver Case
Jan 16 2017 01: +0,0.03,9854,Revolver Case
Jan 17 2017 01: +0,0.03,10343,Revolver Case
Jan 18 2017 01: +0,0.03,7223,Revolver Case
Jan 19 2017 01: +0,0.03,10890,Revolver Case
Jan 20 2017 01: +0,0.03,10371,Revolver Case
Jan 21 2017 01: +0,0.03,13283,Revolver Case
Jan 22 2017 01: +0,0.03,17367,Revolver Case
Jan 23 2017 01: +0,0.03,10072,Revolver Case
Jan 24 2017 01: +0,0.03,8388,Revolver Case
Jan 25 2017 01: +0,0.03,8261,Revolver Case
Jan 26 2017 01: +0,0.03,8515,Revolver Case
Jan 27 2017 01: +0,0.03,8754,Revolver Case
Jan 28 2017 01: +0,0.03,9952,Revolver Case
Jan 29 2017 01: +0,0.03,11200,Revolver Case
Jan 30 2017 01: +0,0.03,11196,Revolver Case
Jan 31 2017 01: +0,0.03,9598,Revolver Case
Feb 01 2017 01: +0,0.03,8517,Revolver Case
Feb 02 2017 01: +0,0.03,7926,Revolver Case
Feb 03 2017 01: +0,0.03,9073,Revolver Case
Feb 04 2017 01: +0,0.03,12048,Revolver Case
Feb 05 2017 01: +0,0.03,11038,Revolver Case
Feb 06 2017 01: +0,0.03,11405,Revolver Case
Feb 07 2017 01: +0,0.03,8143,Revolver Case
Feb 08 2017 01: +0,0.03,8376,Revolver Case
Feb 09 2017 01: +0,0.03,8620,Revolver Case
Feb 10 2017 01: +0,0.03,10489,Revolver Case
Feb 11 2017 01: +0,0.03,10661,Revolver Case
Feb 12 2017 01: +0,0.03,13029,Revolver Case
Feb 13 2017 01: +0,0.03,12317,Revolver Case
Feb 14 2017 01: +0,0.03,12014,Revolver Case
Feb 15 2017 01: +0,0.03,9334,Revolver Case
Feb 16 2017 01: +0,0.03,10146,Revolver Case
Feb 17 2017 01: +0,0.03,11459,Revolver Case
Feb 18 2017 01: +0,0.03,11860,Revolver Case
Feb 19 2017 01: +0,0.03,10970,Revolver Case
Feb 20 2017 01: +0,0.03,9617,Revolver Case
Feb 21 2017 01: +0,0.03,7835,Revolver Case
Feb 22 2017 01: +0,0.03,10116,Revolver Case
Feb 23 2017 01: +0,0.03,12723,Revolver Case
Feb 24 2017 01: +0,0.03,10992,Revolver Case
Feb 25 2017 01: +0,0.03,14056,Revolver Case
Feb 26 2017 01: +0,0.03,11618,Revolver Case
Feb 27 2017 01: +0,0.03,9661,Revolver Case
Feb 28 2017 01: +0,0.03,11206,Revolver Case
Mar 01 2017 01: +0,0.03,9684,Revolver Case
Mar 02 2017 01: +0,0.03,11324,Revolver Case
Mar 03 2017 01: +0,0.03,11882,Revolver Case
Mar 04 2017 01: +0,0.03,11017,Revolver Case
Mar 05 2017 01: +0,0.03,12987,Revolver Case
Mar 06 2017 01: +0,0.03,9776,Revolver Case
Mar 07 2017 01: +0,0.03,12029,Revolver Case
Mar 08 2017 01: +0,0.03,12622,Revolver Case
Mar 09 2017 01: +0,0.03,11390,Revolver Case
Mar 10 2017 01: +0,0.03,10188,Revolver Case
Mar 11 2017 01: +0,0.03,15638,Revolver Case
Mar 12 2017 01: +0,0.03,13712,Revolver Case
Mar 13 2017 01: +0,0.03,10458,Revolver Case
Mar 14 2017 01: +0,0.03,10452,Revolver Case
Mar 15 2017 01: +0,0.03,8275,Revolver Case
Mar 16 2017 01: +0,0.03,9878,Revolver Case
Mar 17 2017 01: +0,0.03,11312,Revolver Case
Mar 18 2017 01: +0,0.03,14340,Revolver Case
Mar 19 2017 01: +0,0.03,15917,Revolver Case
Mar 20 2017 01: +0,0.03,12012,Revolver Case
Mar 21 2017 01: +0,0.03,10814,Revolver Case
Mar 22 2017 01: +0,0.03,10335,Revolver Case
Mar 23 2017 01: +0,0.03,10757,Revolver Case
Mar 24 2017 01: +0,0.03,12202,Revolver Case
Mar 25 2017 01: +0,0.03,17576,Revolver Case
Mar 26 2017 01: +0,0.03,13549,Revolver Case
Mar 27 2017 01: +0,0.03,12557,Revolver Case
Mar 28 2017 01: +0,0.03,12556,Revolver Case
Mar 29 2017 01: +0,0.03,12196,Revolver Case
Mar 30 2017 01: +0,0.03,11991,Revolver Case
Mar 31 2017 01: +0,0.03,11397,Revolver Case
Apr 01 2017 01: +0,0.03,11369,Revolver Case
Apr 02 2017 01: +0,0.03,10357,Revolver Case
Apr 03 2017 01: +0,0.03,12429,Revolver Case
Apr 04 2017 01: +0,0.03,9744,Revolver Case
Apr 05 2017 01: +0,0.03,9173,Revolver Case
Apr 06 2017 01: +0,0.03,8363,Revolver Case
Apr 07 2017 01: +0,0.03,8759,Revolver Case
Apr 08 2017 01: +0,0.03,10659,Revolver Case
Apr 09 2017 01: +0,0.03,12399,Revolver Case
Apr 10 2017 01: +0,0.03,10142,Revolver Case
Apr 11 2017 01: +0,0.03,10258,Revolver Case
Apr 12 2017 01: +0,0.03,11030,Revolver Case
Apr 13 2017 01: +0,0.03,10786,Revolver Case
Apr 14 2017 01: +0,0.03,11310,Revolver Case
Apr 15 2017 01: +0,0.03,11569,Revolver Case
Apr 16 2017 01: +0,0.03,15019,Revolver Case
Apr 17 2017 01: +0,0.03,11226,Revolver Case
Apr 18 2017 01: +0,0.03,10713,Revolver Case
Apr 19 2017 01: +0,0.03,9399,Revolver Case
Apr 20 2017 01: +0,0.03,11088,Revolver Case
Apr 21 2017 01: +0,0.03,11393,Revolver Case
Apr 22 2017 01: +0,0.03,14180,Revolver Case
Apr 23 2017 01: +0,0.03,13917,Revolver Case
Apr 24 2017 01: +0,0.03,11232,Revolver Case
Apr 25 2017 01: +0,0.03,9646,Revolver Case
Apr 26 2017 01: +0,0.03,9133,Revolver Case
Apr 27 2017 01: +0,0.03,8588,Revolver Case
Apr 28 2017 01: +0,0.03,10191,Revolver Case
Apr 29 2017 01: +0,0.03,8258,Revolver Case
Apr 30 2017 01: +0,0.03,9765,Revolver Case
May 01 2017 01: +0,0.03,9758,Revolver Case
May 02 2017 01: +0,0.03,11176,Revolver Case
May 03 2017 01: +0,0.03,8751,Revolver Case
May 04 2017 01: +0,0.03,7059,Revolver Case
May 05 2017 01: +0,0.03,8514,Revolver Case
May 06 2017 01: +0,0.03,9318,Revolver Case
May 07 2017 01: +0,0.03,10073,Revolver Case
May 08 2017 01: +0,0.03,11604,Revolver Case
May 09 2017 01: +0,0.03,10642,Revolver Case
May 10 2017 01: +0,0.03,10120,Revolver Case
May 11 2017 01: +0,0.03,10690,Revolver Case
May 12 2017 01: +0,0.03,11363,Revolver Case
May 13 2017 01: +0,0.03,10738,Revolver Case
May 14 2017 01: +0,0.03,13222,Revolver Case
May 15 2017 01: +0,0.03,14265,Revolver Case
May 16 2017 01: +0,0.03,9089,Revolver Case
May 17 2017 01: +0,0.03,8179,Revolver Case
May 18 2017 01: +0,0.03,9075,Revolver Case
May 19 2017 01: +0,0.03,7869,Revolver Case
May 20 2017 01: +0,0.03,9464,Revolver Case
May 21 2017 01: +0,0.03,8761,Revolver Case
May 22 2017 01: +0,0.03,8801,Revolver Case
May 23 2017 01: +0,0.03,8705,Revolver Case
May 24 2017 01: +0,0.03,9904,Revolver Case
May 25 2017 01: +0,0.03,9716,Revolver Case
May 26 2017 01: +0,0.03,11061,Revolver Case
May 27 2017 01: +0,0.03,10224,Revolver Case
May 28 2017 01: +0,0.03,8423,Revolver Case
May 29 2017 01: +0,0.03,9484,Revolver Case
May 30 2017 01: +0,0.03,11663,Revolver Case
May 31 2017 01: +0,0.03,7933,Revolver Case
Jun 01 2017 01: +0,0.03,11114,Revolver Case
Jun 02 2017 01: +0,0.03,11674,Revolver Case
Jun 03 2017 01: +0,0.03,10349,Revolver Case
Jun 04 2017 01: +0,0.03,9257,Revolver Case
Jun 05 2017 01: +0,0.03,9077,Revolver Case
Jun 06 2017 01: +0,0.03,9792,Revolver Case
Jun 07 2017 01: +0,0.03,10465,Revolver Case
Jun 08 2017 01: +0,0.03,11501,Revolver Case
Jun 09 2017 01: +0,0.03,8015,Revolver Case
Jun 10 2017 01: +0,0.03,6892,Revolver Case
Jun 11 2017 01: +0,0.03,9565,Revolver Case
Jun 12 2017 01: +0,0.03,9376,Revolver Case
Jun 13 2017 01: +0,0.03,11534,Revolver Case
Jun 14 2017 01: +0,0.03,9293,Revolver Case
Jun 15 2017 01: +0,0.03,12237,Revolver Case
Jun 16 2017 01: +0,0.03,7246,Revolver Case
Jun 17 2017 01: +0,0.03,7561,Revolver Case
Jun 18 2017 01: +0,0.03,7151,Revolver Case
Jun 19 2017 01: +0,0.03,9660,Revolver Case
Jun 20 2017 01: +0,0.03,7766,Revolver Case
Jun 21 2017 01: +0,0.03,8921,Revolver Case
Jun 22 2017 01: +0,0.03,7088,Revolver Case
Jun 23 2017 01: +0,0.03,7241,Revolver Case
Jun 24 2017 01: +0,0.03,7418,Revolver Case
Jun 25 2017 01: +0,0.03,7511,Revolver Case
Jun 26 2017 01: +0,0.03,6209,Revolver Case
Jun 27 2017 01: +0,0.03,5933,Revolver Case
Jun 28 2017 01: +0,0.03,6315,Revolver Case
Jun 29 2017 01: +0,0.03,5821,Revolver Case
Jun 30 2017 01: +0,0.03,5969,Revolver Case
Jul 01 2017 01: +0,0.03,7532,Revolver Case
Jul 02 2017 01: +0,0.03,8310,Revolver Case
Jul 03 2017 01: +0,0.03,6389,Revolver Case
Jul 04 2017 01: +0,0.03,5600,Revolver Case
Jul 05 2017 01: +0,0.03,5672,Revolver Case
Jul 06 2017 01: +0,0.03,4743,Revolver Case
Jul 07 2017 01: +0,0.03,8010,Revolver Case
Jul 08 2017 01: +0,0.03,5288,Revolver Case
Jul 09 2017 01: +0,0.03,6111,Revolver Case
Jul 10 2017 01: +0,0.03,6969,Revolver Case
Jul 11 2017 01: +0,0.03,6579,Revolver Case
Jul 12 2017 01: +0,0.03,9676,Revolver Case
Jul 13 2017 01: +0,0.03,6385,Revolver Case
Jul 14 2017 01: +0,0.03,6912,Revolver Case
Jul 15 2017 01: +0,0.03,9532,Revolver Case
Jul 16 2017 01: +0,0.03,8227,Revolver Case
Jul 17 2017 01: +0,0.03,9455,Revolver Case
Jul 18 2017 01: +0,0.03,6021,Revolver Case
Jul 19 2017 01: +0,0.03,6923,Revolver Case
Jul 20 2017 01: +0,0.03,6649,Revolver Case
Jul 21 2017 01: +0,0.03,7204,Revolver Case
Jul 22 2017 01: +0,0.03,5472,Revolver Case
Jul 23 2017 01: +0,0.03,7451,Revolver Case
Jul 24 2017 01: +0,0.03,7297,Revolver Case
Jul 25 2017 01: +0,0.03,8713,Revolver Case
Jul 26 2017 01: +0,0.03,9576,Revolver Case
Jul 27 2017 01: +0,0.03,8189,Revolver Case
Jul 28 2017 01: +0,0.03,10718,Revolver Case
Jul 29 2017 01: +0,0.03,9109,Revolver Case
Jul 30 2017 01: +0,0.03,7274,Revolver Case
Jul 31 2017 01: +0,0.03,9276,Revolver Case
Aug 01 2017 01: +0,0.03,6795,Revolver Case
Aug 02 2017 01: +0,0.03,10648,Revolver Case
Aug 03 2017 01: +0,0.03,8834,Revolver Case
Aug 04 2017 01: +0,0.03,7440,Revolver Case
Aug 05 2017 01: +0,0.03,7382,Revolver Case
Aug 06 2017 01: +0,0.03,7337,Revolver Case
Aug 07 2017 01: +0,0.03,6633,Revolver Case
Aug 08 2017 01: +0,0.03,8668,Revolver Case
Aug 09 2017 01: +0,0.03,11014,Revolver Case
Aug 10 2017 01: +0,0.03,7793,Revolver Case
Aug 11 2017 01: +0,0.03,7132,Revolver Case
Aug 12 2017 01: +0,0.03,7894,Revolver Case
Aug 13 2017 01: +0,0.03,7402,Revolver Case
Aug 14 2017 01: +0,0.03,8705,Revolver Case
Aug 15 2017 01: +0,0.03,6114,Revolver Case
Aug 16 2017 01: +0,0.03,7190,Revolver Case
Aug 17 2017 01: +0,0.03,9151,Revolver Case
Aug 18 2017 01: +0,0.03,5868,Revolver Case
Aug 19 2017 01: +0,0.03,5839,Revolver Case
Aug 20 2017 01: +0,0.03,3852,Revolver Case
Aug 21 2017 01: +0,0.03,7625,Revolver Case
Aug 22 2017 01: +0,0.03,8383,Revolver Case
Aug 23 2017 01: +0,0.03,4232,Revolver Case
Aug 24 2017 01: +0,0.03,5387,Revolver Case
Aug 25 2017 01: +0,0.03,4235,Revolver Case
Aug 26 2017 01: +0,0.03,4722,Revolver Case
Aug 27 2017 01: +0,0.03,4750,Revolver Case
Aug 28 2017 01: +0,0.03,6320,Revolver Case
Aug 29 2017 01: +0,0.03,5421,Revolver Case
Aug 30 2017 01: +0,0.03,4931,Revolver Case
Aug 31 2017 01: +0,0.03,4111,Revolver Case
Sep 01 2017 01: +0,0.03,5143,Revolver Case
Sep 02 2017 01: +0,0.03,4757,Revolver Case
Sep 03 2017 01: +0,0.03,5485,Revolver Case
Sep 04 2017 01: +0,0.03,5428,Revolver Case
Sep 05 2017 01: +0,0.03,4627,Revolver Case
Sep 06 2017 01: +0,0.03,5914,Revolver Case
Sep 07 2017 01: +0,0.03,4193,Revolver Case
Sep 08 2017 01: +0,0.03,6242,Revolver Case
Sep 09 2017 01: +0,0.03,6176,Revolver Case
Sep 10 2017 01: +0,0.03,4615,Revolver Case
Sep 11 2017 01: +0,0.03,4222,Revolver Case
Sep 12 2017 01: +0,0.03,4592,Revolver Case
Sep 13 2017 01: +0,0.03,5350,Revolver Case
Sep 14 2017 01: +0,0.03,6039,Revolver Case
Sep 15 2017 01: +0,0.03,6133,Revolver Case
Sep 16 2017 01: +0,0.03,6834,Revolver Case
Sep 17 2017 01: +0,0.03,7635,Revolver Case
Sep 18 2017 01: +0,0.03,7230,Revolver Case
Sep 19 2017 01: +0,0.03,4474,Revolver Case
Sep 20 2017 01: +0,0.03,5917,Revolver Case
Sep 21 2017 01: +0,0.03,6395,Revolver Case
Sep 22 2017 01: +0,0.03,6102,Revolver Case
Sep 23 2017 01: +0,0.03,6463,Revolver Case
Sep 24 2017 01: +0,0.03,9317,Revolver Case
Sep 25 2017 01: +0,0.03,5953,Revolver Case
Sep 26 2017 01: +0,0.03,4630,Revolver Case
Sep 27 2017 01: +0,0.03,6681,Revolver Case
Sep 28 2017 01: +0,0.03,6781,Revolver Case
Sep 29 2017 01: +0,0.03,6263,Revolver Case
Sep 30 2017 01: +0,0.03,8185,Revolver Case
Oct 01 2017 01: +0,0.03,8107,Revolver Case
Oct 02 2017 01: +0,0.03,5942,Revolver Case
Oct 03 2017 01: +0,0.03,6218,Revolver Case
Oct 04 2017 01: +0,0.03,6938,Revolver Case
Oct 05 2017 01: +0,0.03,6363,Revolver Case
Oct 06 2017 01: +0,0.03,5146,Revolver Case
Oct 07 2017 01: +0,0.03,6357,Revolver Case
Oct 08 2017 01: +0,0.03,6065,Revolver Case
Oct 09 2017 01: +0,0.03,6664,Revolver Case
Oct 10 2017 01: +0,0.03,6520,Revolver Case
Oct 11 2017 01: +0,0.03,6318,Revolver Case
Oct 12 2017 01: +0,0.03,7419,Revolver Case
Oct 13 2017 01: +0,0.03,4939,Revolver Case
Oct 14 2017 01: +0,0.03,4828,Revolver Case
Oct 15 2017 01: +0,0.03,8744,Revolver Case
Oct 16 2017 01: +0,0.03,9575,Revolver Case
Oct 17 2017 01: +0,0.03,9132,Revolver Case
Oct 18 2017 01: +0,0.03,11027,Revolver Case
Oct 19 2017 01: +0,0.03,5656,Revolver Case
Oct 20 2017 01: +0,0.03,5645,Revolver Case
Oct 21 2017 01: +0,0.03,7064,Revolver Case
Oct 22 2017 01: +0,0.03,7127,Revolver Case
Oct 23 2017 01: +0,0.03,7286,Revolver Case
Oct 24 2017 01: +0,0.03,6705,Revolver Case
Oct 25 2017 01: +0,0.03,5241,Revolver Case
Oct 26 2017 01: +0,0.03,3687,Revolver Case
Oct 27 2017 01: +0,0.03,4579,Revolver Case
Oct 28 2017 01: +0,0.03,4497,Revolver Case
Oct 29 2017 01: +0,0.03,12844,Revolver Case
Oct 30 2017 01: +0,0.03,6027,Revolver Case
Oct 31 2017 01: +0,0.03,4091,Revolver Case
Nov 01 2017 01: +0,0.03,4122,Revolver Case
Nov 02 2017 01: +0,0.03,3672,Revolver Case
Nov 03 2017 01: +0,0.03,5309,Revolver Case
Nov 04 2017 01: +0,0.03,5013,Revolver Case
Nov 05 2017 01: +0,0.03,5403,Revolver Case
Nov 06 2017 01: +0,0.03,3868,Revolver Case
Nov 07 2017 01: +0,0.03,5279,Revolver Case
Nov 08 2017 01: +0,0.03,5353,Revolver Case
Nov 09 2017 01: +0,0.03,5095,Revolver Case
Nov 10 2017 01: +0,0.03,2935,Revolver Case
Nov 11 2017 01: +0,0.03,3769,Revolver Case
Nov 12 2017 01: +0,0.03,4145,Revolver Case
Nov 13 2017 01: +0,0.03,5703,Revolver Case
Nov 14 2017 01: +0,0.03,4765,Revolver Case
Nov 15 2017 01: +0,0.03,4922,Revolver Case
Nov 16 2017 01: +0,0.03,8951,Revolver Case
Nov 17 2017 01: +0,0.03,8830,Revolver Case
Nov 18 2017 01: +0,0.03,4295,Revolver Case
Nov 19 2017 01: +0,0.03,3834,Revolver Case
Nov 20 2017 01: +0,0.03,4111,Revolver Case
Nov 21 2017 01: +0,0.03,4091,Revolver Case
Nov 22 2017 01: +0,0.03,4943,Revolver Case
Nov 23 2017 01: +0,0.03,3413,Revolver Case
Nov 24 2017 01: +0,0.03,4127,Revolver Case
Nov 25 2017 01: +0,0.03,4493,Revolver Case
Nov 26 2017 01: +0,0.03,3930,Revolver Case
Nov 27 2017 01: +0,0.03,3159,Revolver Case
Nov 28 2017 01: +0,0.03,7566,Revolver Case
Nov 29 2017 01: +0,0.03,2665,Revolver Case
Nov 30 2017 01: +0,0.03,2748,Revolver Case
Dec 01 2017 01: +0,0.03,4381,Revolver Case
Dec 02 2017 01: +0,0.03,3352,Revolver Case
Dec 03 2017 01: +0,0.03,3710,Revolver Case
Dec 04 2017 01: +0,0.03,4941,Revolver Case
Dec 05 2017 01: +0,0.03,5000,Revolver Case
Dec 06 2017 01: +0,0.03,3821,Revolver Case
Dec 07 2017 01: +0,0.03,3859,Revolver Case
Dec 08 2017 01: +0,0.03,3427,Revolver Case
Dec 09 2017 01: +0,0.03,7523,Revolver Case
Dec 10 2017 01: +0,0.03,5126,Revolver Case
Dec 11 2017 01: +0,0.03,3041,Revolver Case
Dec 12 2017 01: +0,0.03,3159,Revolver Case
Dec 13 2017 01: +0,0.03,3598,Revolver Case
Dec 14 2017 01: +0,0.03,3545,Revolver Case
Dec 15 2017 01: +0,0.03,2999,Revolver Case
Dec 16 2017 01: +0,0.03,3036,Revolver Case
Dec 17 2017 01: +0,0.03,6114,Revolver Case
Dec 18 2017 01: +0,0.03,3867,Revolver Case
Dec 19 2017 01: +0,0.03,4928,Revolver Case
Dec 20 2017 01: +0,0.03,4873,Revolver Case
Dec 21 2017 01: +0,0.03,3010,Revolver Case
Dec 22 2017 01: +0,0.03,3809,Revolver Case
Dec 23 2017 01: +0,0.03,3459,Revolver Case
Dec 24 2017 01: +0,0.03,4372,Revolver Case
Dec 25 2017 01: +0,0.03,4155,Revolver Case
Dec 26 2017 01: +0,0.03,4141,Revolver Case
Dec 27 2017 01: +0,0.03,4266,Revolver Case
Dec 28 2017 01: +0,0.03,5054,Revolver Case
Dec 29 2017 01: +0,0.03,4267,Revolver Case
Dec 30 2017 01: +0,0.03,4526,Revolver Case
Dec 31 2017 01: +0,0.03,3704,Revolver Case
Jan 01 2018 01: +0,0.03,4269,Revolver Case
Jan 02 2018 01: +0,0.03,4170,Revolver Case
Jan 03 2018 01: +0,0.03,3384,Revolver Case
Jan 04 2018 01: +0,0.03,4128,Revolver Case
Jan 05 2018 01: +0,0.03,3952,Revolver Case
Jan 06 2018 01: +0,0.03,3322,Revolver Case
Jan 07 2018 01: +0,0.03,2838,Revolver Case
Jan 08 2018 01: +0,0.03,3843,Revolver Case
Jan 09 2018 01: +0,0.03,8557,Revolver Case
Jan 10 2018 01: +0,0.03,3883,Revolver Case
Jan 11 2018 01: +0,0.03,3477,Revolver Case
Jan 12 2018 01: +0,0.03,3483,Revolver Case
Jan 13 2018 01: +0,0.03,5180,Revolver Case
Jan 14 2018 01: +0,0.03,4471,Revolver Case
Jan 15 2018 01: +0,0.03,4157,Revolver Case
Jan 16 2018 01: +0,0.03,2524,Revolver Case
Jan 17 2018 01: +0,0.03,3770,Revolver Case
Jan 18 2018 01: +0,0.03,3805,Revolver Case
Jan 19 2018 01: +0,0.03,5548,Revolver Case
Jan 20 2018 01: +0,0.03,3950,Revolver Case
Jan 21 2018 01: +0,0.03,6212,Revolver Case
Jan 22 2018 01: +0,0.03,4061,Revolver Case
Jan 23 2018 01: +0,0.03,4798,Revolver Case
Jan 24 2018 01: +0,0.03,4458,Revolver Case
Jan 25 2018 01: +0,0.03,5156,Revolver Case
Jan 26 2018 01: +0,0.03,4741,Revolver Case
Jan 27 2018 01: +0,0.03,5158,Revolver Case
Jan 28 2018 01: +0,0.03,3923,Revolver Case
Jan 29 2018 01: +0,0.03,5923,Revolver Case
Jan 30 2018 01: +0,0.03,3987,Revolver Case
Jan 31 2018 01: +0,0.03,5676,Revolver Case
Feb 01 2018 01: +0,0.03,5015,Revolver Case
Feb 02 2018 01: +0,0.03,4841,Revolver Case
Feb 03 2018 01: +0,0.03,5090,Revolver Case
Feb 04 2018 01: +0,0.03,3953,Revolver Case
Feb 05 2018 01: +0,0.03,4910,Revolver Case
Feb 06 2018 01: +0,0.03,3039,Revolver Case
Feb 07 2018 01: +0,0.03,3429,Revolver Case
Feb 08 2018 01: +0,0.03,4049,Revolver Case
Feb 09 2018 01: +0,0.03,4469,Revolver Case
Feb 10 2018 01: +0,0.03,3276,Revolver Case
Feb 11 2018 01: +0,0.03,5374,Revolver Case
Feb 12 2018 01: +0,0.03,3404,Revolver Case
Feb 13 2018 01: +0,0.03,2535,Revolver Case
Feb 14 2018 01: +0,0.03,3449,Revolver Case
Feb 15 2018 01: +0,0.03,4639,Revolver Case
Feb 16 2018 01: +0,0.03,2780,Revolver Case
Feb 17 2018 01: +0,0.03,5087,Revolver Case
Feb 18 2018 01: +0,0.03,4085,Revolver Case
Feb 19 2018 01: +0,0.03,3069,Revolver Case
Feb 20 2018 01: +0,0.03,4387,Revolver Case
Feb 21 2018 01: +0,0.03,5120,Revolver Case
Feb 22 2018 01: +0,0.03,4989,Revolver Case
Feb 23 2018 01: +0,0.03,6330,Revolver Case
Feb 24 2018 01: +0,0.03,5756,Revolver Case
Feb 25 2018 01: +0,0.03,5309,Revolver Case
Feb 26 2018 01: +0,0.03,4913,Revolver Case
Feb 27 2018 01: +0,0.03,5051,Revolver Case
Feb 28 2018 01: +0,0.03,5438,Revolver Case
Mar 01 2018 01: +0,0.03,4690,Revolver Case
Mar 02 2018 01: +0,0.03,6497,Revolver Case
Mar 03 2018 01: +0,0.03,5090,Revolver Case
Mar 04 2018 01: +0,0.03,5464,Revolver Case
Mar 05 2018 01: +0,0.03,4339,Revolver Case
Mar 06 2018 01: +0,0.03,3088,Revolver Case
Mar 07 2018 01: +0,0.03,4721,Revolver Case
Mar 08 2018 01: +0,0.03,3234,Revolver Case
Mar 09 2018 01: +0,0.03,2827,Revolver Case
Mar 10 2018 01: +0,0.03,4780,Revolver Case
Mar 11 2018 01: +0,0.03,3651,Revolver Case
Mar 12 2018 01: +0,0.03,2853,Revolver Case
Mar 13 2018 01: +0,0.03,2877,Revolver Case
Mar 14 2018 01: +0,0.03,2602,Revolver Case
Mar 15 2018 01: +0,0.03,3157,Revolver Case
Mar 16 2018 01: +0,0.03,2779,Revolver Case
Mar 17 2018 01: +0,0.03,4198,Revolver Case
Mar 18 2018 01: +0,0.03,4059,Revolver Case
Mar 19 2018 01: +0,0.03,2734,Revolver Case
Mar 20 2018 01: +0,0.03,2507,Revolver Case
Mar 21 2018 01: +0,0.03,4250,Revolver Case
Mar 22 2018 01: +0,0.03,2241,Revolver Case
Mar 23 2018 01: +0,0.03,3099,Revolver Case
Mar 24 2018 01: +0,0.03,2993,Revolver Case
Mar 25 2018 01: +0,0.03,2864,Revolver Case
Mar 26 2018 01: +0,0.03,2741,Revolver Case
Mar 27 2018 01: +0,0.03,2466,Revolver Case
Mar 28 2018 01: +0,0.03,2578,Revolver Case
Mar 29 2018 01: +0,0.03,4453,Revolver Case
Mar 30 2018 01: +0,0.03,3772,Revolver Case
Mar 31 2018 01: +0,0.03,2246,Revolver Case
Apr 01 2018 01: +0,0.03,2401,Revolver Case
Apr 02 2018 01: +0,0.03,3930,Revolver Case
Apr 03 2018 01: +0,0.03,3187,Revolver Case
Apr 04 2018 01: +0,0.03,2193,Revolver Case
Apr 05 2018 01: +0,0.03,1821,Revolver Case
Apr 06 2018 01: +0,0.03,1772,Revolver Case
Apr 07 2018 01: +0,0.03,3552,Revolver Case
Apr 08 2018 01: +0,0.03,4719,Revolver Case
Apr 09 2018 01: +0,0.03,1538,Revolver Case
Apr 10 2018 01: +0,0.03,2741,Revolver Case
Apr 11 2018 01: +0,0.03,1754,Revolver Case
Apr 12 2018 01: +0,0.03,2111,Revolver Case
Apr 13 2018 01: +0,0.03,2032,Revolver Case
Apr 14 2018 01: +0,0.03,2690,Revolver Case
Apr 15 2018 01: +0,0.03,2894,Revolver Case
Apr 16 2018 01: +0,0.03,2451,Revolver Case
Apr 17 2018 01: +0,0.03,3063,Revolver Case
Apr 18 2018 01: +0,0.03,1951,Revolver Case
Apr 19 2018 01: +0,0.03,1670,Revolver Case
Apr 20 2018 01: +0,0.03,3636,Revolver Case
Apr 21 2018 01: +0,0.03,1702,Revolver Case
Apr 22 2018 01: +0,0.03,3570,Revolver Case
Apr 23 2018 01: +0,0.03,4288,Revolver Case
Apr 24 2018 01: +0,0.03,3149,Revolver Case
Apr 25 2018 01: +0,0.03,6469,Revolver Case
Apr 26 2018 01: +0,0.03,2630,Revolver Case
Apr 27 2018 01: +0,0.03,1928,Revolver Case
Apr 28 2018 01: +0,0.03,4050,Revolver Case
Apr 29 2018 01: +0,0.03,6138,Revolver Case
Apr 30 2018 01: +0,0.03,4041,Revolver Case
May 01 2018 01: +0,0.03,2388,Revolver Case
May 02 2018 01: +0,0.03,2511,Revolver Case
May 03 2018 01: +0,0.03,2221,Revolver Case
May 04 2018 01: +0,0.03,1844,Revolver Case
May 05 2018 01: +0,0.03,1595,Revolver Case
May 06 2018 01: +0,0.03,1736,Revolver Case
May 07 2018 01: +0,0.03,1386,Revolver Case
May 08 2018 01: +0,0.03,1530,Revolver Case
May 09 2018 01: +0,0.03,1322,Revolver Case
May 10 2018 01: +0,0.03,1762,Revolver Case
May 11 2018 01: +0,0.03,2214,Revolver Case
May 12 2018 01: +0,0.03,2213,Revolver Case
May 13 2018 01: +0,0.03,1657,Revolver Case
May 14 2018 01: +0,0.03,1381,Revolver Case
May 15 2018 01: +0,0.03,1586,Revolver Case
May 16 2018 01: +0,0.03,1846,Revolver Case
May 17 2018 01: +0,0.03,1878,Revolver Case
May 18 2018 01: +0,0.03,1286,Revolver Case
May 19 2018 01: +0,0.03,1337,Revolver Case
May 20 2018 01: +0,0.03,1351,Revolver Case
May 21 2018 01: +0,0.03,1001,Revolver Case
May 22 2018 01: +0,0.03,1016,Revolver Case
May 23 2018 01: +0,0.03,1201,Revolver Case
May 24 2018 01: +0,0.03,986,Revolver Case
May 25 2018 01: +0,0.03,1379,Revolver Case
May 26 2018 01: +0,0.03,2598,Revolver Case
May 27 2018 01: +0,0.03,1060,Revolver Case
May 28 2018 01: +0,0.03,2221,Revolver Case
May 29 2018 01: +0,0.03,1251,Revolver Case
May 30 2018 01: +0,0.03,1246,Revolver Case
May 31 2018 01: +0,0.03,1283,Revolver Case
Jun 01 2018 01: +0,0.03,1467,Revolver Case
Jun 02 2018 01: +0,0.03,1527,Revolver Case
Jun 03 2018 01: +0,0.03,1313,Revolver Case
Jun 04 2018 01: +0,0.03,1275,Revolver Case
Jun 05 2018 01: +0,0.03,1444,Revolver Case
Jun 06 2018 01: +0,0.03,1659,Revolver Case
Jun 07 2018 01: +0,0.03,2027,Revolver Case
Jun 08 2018 01: +0,0.03,1775,Revolver Case
Jun 09 2018 01: +0,0.03,1684,Revolver Case
Jun 10 2018 01: +0,0.03,1258,Revolver Case
Jun 11 2018 01: +0,0.03,1458,Revolver Case
Jun 12 2018 01: +0,0.03,2086,Revolver Case
Jun 13 2018 01: +0,0.03,1213,Revolver Case
Jun 14 2018 01: +0,0.03,1553,Revolver Case
Jun 15 2018 01: +0,0.03,1451,Revolver Case
Jun 16 2018 01: +0,0.03,1078,Revolver Case
Jun 17 2018 01: +0,0.03,1376,Revolver Case
Jun 18 2018 01: +0,0.03,1043,Revolver Case
Jun 19 2018 01: +0,0.03,1049,Revolver Case
Jun 20 2018 01: +0,0.03,2090,Revolver Case
Jun 21 2018 01: +0,0.03,1619,Revolver Case
Jun 22 2018 01: +0,0.03,2136,Revolver Case
Jun 23 2018 01: +0,0.03,1284,Revolver Case
Jun 24 2018 01: +0,0.03,2308,Revolver Case
Jun 25 2018 01: +0,0.03,1325,Revolver Case
Jun 26 2018 01: +0,0.03,1398,Revolver Case
Jun 27 2018 01: +0,0.03,2378,Revolver Case
Jun 28 2018 01: +0,0.03,1684,Revolver Case
Jun 29 2018 01: +0,0.03,2310,Revolver Case
Jun 30 2018 01: +0,0.03,1999,Revolver Case
Jul 01 2018 01: +0,0.03,1328,Revolver Case
Jul 02 2018 01: +0,0.03,1394,Revolver Case
Jul 03 2018 01: +0,0.03,1094,Revolver Case
Jul 04 2018 01: +0,0.03,1231,Revolver Case
Jul 05 2018 01: +0,0.03,1591,Revolver Case
Jul 06 2018 01: +0,0.03,1223,Revolver Case
Jul 07 2018 01: +0,0.03,1267,Revolver Case
Jul 08 2018 01: +0,0.03,1050,Revolver Case
Jul 09 2018 01: +0,0.03,987,Revolver Case
Jul 10 2018 01: +0,0.03,1836,Revolver Case
Jul 11 2018 01: +0,0.03,1199,Revolver Case
Jul 12 2018 01: +0,0.03,1081,Revolver Case
Jul 13 2018 01: +0,0.03,1336,Revolver Case
Jul 14 2018 01: +0,0.03,1855,Revolver Case
Jul 15 2018 01: +0,0.03,2046,Revolver Case
Jul 16 2018 01: +0,0.03,2175,Revolver Case
Jul 17 2018 01: +0,0.03,1269,Revolver Case
Jul 18 2018 01: +0,0.03,1302,Revolver Case
Jul 19 2018 01: +0,0.03,1281,Revolver Case
Jul 20 2018 01: +0,0.03,1225,Revolver Case
Jul 21 2018 01: +0,0.03,2001,Revolver Case
Jul 22 2018 01: +0,0.03,1745,Revolver Case
Jul 23 2018 01: +0,0.03,1415,Revolver Case
Jul 24 2018 01: +0,0.03,1491,Revolver Case
Jul 25 2018 01: +0,0.03,1270,Revolver Case
Jul 26 2018 01: +0,0.03,1328,Revolver Case
Jul 27 2018 01: +0,0.03,2794,Revolver Case
Jul 28 2018 01: +0,0.03,1690,Revolver Case
Jul 29 2018 01: +0,0.03,1561,Revolver Case
Jul 30 2018 01: +0,0.03,1638,Revolver Case
Jul 31 2018 01: +0,0.03,2421,Revolver Case
Aug 01 2018 01: +0,0.03,4012,Revolver Case
Aug 02 2018 01: +0,0.03,2400,Revolver Case
Aug 03 2018 01: +0,0.03,1757,Revolver Case
Aug 04 2018 01: +0,0.03,2825,Revolver Case
Aug 05 2018 01: +0,0.03,2709,Revolver Case
Aug 06 2018 01: +0,0.03,1960,Revolver Case
Aug 07 2018 01: +0,0.03,1620,Revolver Case
Aug 08 2018 01: +0,0.03,3694,Revolver Case
Aug 09 2018 01: +0,0.03,2488,Revolver Case
Aug 10 2018 01: +0,0.03,2353,Revolver Case
Aug 11 2018 01: +0,0.03,3669,Revolver Case
Aug 12 2018 01: +0,0.03,2925,Revolver Case
Aug 13 2018 01: +0,0.03,3181,Revolver Case
Aug 14 2018 01: +0,0.03,3549,Revolver Case
Aug 15 2018 01: +0,0.03,2805,Revolver Case
Aug 16 2018 01: +0,0.03,2011,Revolver Case
Aug 17 2018 01: +0,0.03,2612,Revolver Case
Aug 18 2018 01: +0,0.03,1792,Revolver Case
Aug 19 2018 01: +0,0.03,1668,Revolver Case
Aug 20 2018 01: +0,0.03,1824,Revolver Case
Aug 21 2018 01: +0,0.03,2410,Revolver Case
Aug 22 2018 01: +0,0.03,1377,Revolver Case
Aug 23 2018 01: +0,0.03,2399,Revolver Case
Aug 24 2018 01: +0,0.03,1694,Revolver Case
Aug 25 2018 01: +0,0.03,2351,Revolver Case
Aug 26 2018 01: +0,0.03,2042,Revolver Case
Aug 27 2018 01: +0,0.03,1826,Revolver Case
Aug 28 2018 01: +0,0.03,1889,Revolver Case
Aug 29 2018 01: +0,0.03,2626,Revolver Case
Aug 30 2018 01: +0,0.03,1668,Revolver Case
Aug 31 2018 01: +0,0.03,2355,Revolver Case
Sep 01 2018 01: +0,0.03,1406,Revolver Case
Sep 02 2018 01: +0,0.03,1450,Revolver Case
Sep 03 2018 01: +0,0.03,2124,Revolver Case
Sep 04 2018 01: +0,0.03,862,Revolver Case
Sep 05 2018 01: +0,0.03,1259,Revolver Case
Sep 06 2018 01: +0,0.03,1386,Revolver Case
Sep 07 2018 01: +0,0.03,1475,Revolver Case
Sep 08 2018 01: +0,0.03,1556,Revolver Case
Sep 09 2018 01: +0,0.03,1446,Revolver Case
Sep 10 2018 01: +0,0.03,1874,Revolver Case
Sep 11 2018 01: +0,0.03,1233,Revolver Case
Sep 12 2018 01: +0,0.03,1436,Revolver Case
Sep 13 2018 01: +0,0.03,2307,Revolver Case
Sep 14 2018 01: +0,0.03,1207,Revolver Case
Sep 15 2018 01: +0,0.03,2308,Revolver Case
Sep 16 2018 01: +0,0.03,1617,Revolver Case
Sep 17 2018 01: +0,0.03,1584,Revolver Case
Sep 18 2018 01: +0,0.03,1728,Revolver Case
Sep 19 2018 01: +0,0.03,936,Revolver Case
Sep 20 2018 01: +0,0.03,1021,Revolver Case
Sep 21 2018 01: +0,0.03,1431,Revolver Case
Sep 22 2018 01: +0,0.03,2224,Revolver Case
Sep 23 2018 01: +0,0.03,3168,Revolver Case
Sep 24 2018 01: +0,0.03,1669,Revolver Case
Sep 25 2018 01: +0,0.03,1539,Revolver Case
Sep 26 2018 01: +0,0.03,2380,Revolver Case
Sep 27 2018 01: +0,0.03,1375,Revolver Case
Sep 28 2018 01: +0,0.03,1312,Revolver Case
Sep 29 2018 01: +0,0.03,1885,Revolver Case
Sep 30 2018 01: +0,0.03,1791,Revolver Case
Oct 01 2018 01: +0,0.03,1342,Revolver Case
Oct 02 2018 01: +0,0.03,1052,Revolver Case
Oct 03 2018 01: +0,0.03,1847,Revolver Case
Oct 04 2018 01: +0,0.03,4111,Revolver Case
Oct 05 2018 01: +0,0.03,1452,Revolver Case
Oct 06 2018 01: +0,0.03,2922,Revolver Case
Oct 07 2018 01: +0,0.03,2214,Revolver Case
Oct 08 2018 01: +0,0.03,2412,Revolver Case
Oct 09 2018 01: +0,0.03,1577,Revolver Case
Oct 10 2018 01: +0,0.03,2569,Revolver Case
Oct 11 2018 01: +0,0.03,1761,Revolver Case
Oct 12 2018 01: +0,0.03,2682,Revolver Case
Oct 13 2018 01: +0,0.03,2449,Revolver Case
Oct 14 2018 01: +0,0.03,2061,Revolver Case
Oct 15 2018 01: +0,0.03,1726,Revolver Case
Oct 16 2018 01: +0,0.03,1269,Revolver Case
Oct 17 2018 01: +0,0.03,2517,Revolver Case
Oct 18 2018 01: +0,0.03,1696,Revolver Case
Oct 19 2018 01: +0,0.03,2065,Revolver Case
Oct 20 2018 01: +0,0.03,2103,Revolver Case
Oct 21 2018 01: +0,0.03,3076,Revolver Case
Oct 22 2018 01: +0,0.03,2508,Revolver Case
Oct 23 2018 01: +0,0.03,2142,Revolver Case
Oct 24 2018 01: +0,0.03,2645,Revolver Case
Oct 25 2018 01: +0,0.03,1959,Revolver Case
Oct 26 2018 01: +0,0.03,2294,Revolver Case
Oct 27 2018 01: +0,0.03,3957,Revolver Case
Oct 28 2018 01: +0,0.03,1887,Revolver Case
Oct 29 2018 01: +0,0.03,2167,Revolver Case
Oct 30 2018 01: +0,0.03,2392,Revolver Case
Oct 31 2018 01: +0,0.03,2705,Revolver Case
Nov 01 2018 01: +0,0.03,1504,Revolver Case
Nov 02 2018 01: +0,0.03,2694,Revolver Case
Nov 03 2018 01: +0,0.03,2070,Revolver Case
Nov 04 2018 01: +0,0.03,2426,Revolver Case
Nov 05 2018 01: +0,0.03,1288,Revolver Case
Nov 06 2018 01: +0,0.03,1306,Revolver Case
Nov 07 2018 01: +0,0.03,2105,Revolver Case
Nov 08 2018 01: +0,0.03,2062,Revolver Case
Nov 09 2018 01: +0,0.03,1869,Revolver Case
Nov 10 2018 01: +0,0.03,2333,Revolver Case
Nov 11 2018 01: +0,0.03,2035,Revolver Case
Nov 12 2018 01: +0,0.03,1393,Revolver Case
Nov 13 2018 01: +0,0.03,3511,Revolver Case
Nov 14 2018 01: +0,0.03,2262,Revolver Case
Nov 15 2018 01: +0,0.03,2459,Revolver Case
Nov 16 2018 01: +0,0.03,1272,Revolver Case
Nov 17 2018 01: +0,0.03,1508,Revolver Case
Nov 18 2018 01: +0,0.03,2093,Revolver Case
Nov 19 2018 01: +0,0.03,1276,Revolver Case
Nov 20 2018 01: +0,0.03,1195,Revolver Case
Nov 21 2018 01: +0,0.03,1028,Revolver Case
Nov 22 2018 01: +0,0.03,1810,Revolver Case
Nov 23 2018 01: +0,0.03,1899,Revolver Case
Nov 24 2018 01: +0,0.03,2123,Revolver Case
Nov 25 2018 01: +0,0.03,1909,Revolver Case
Nov 26 2018 01: +0,0.03,1571,Revolver Case
Nov 27 2018 01: +0,0.03,1323,Revolver Case
Nov 28 2018 01: +0,0.03,1479,Revolver Case
Nov 29 2018 01: +0,0.03,2246,Revolver Case
Nov 30 2018 01: +0,0.03,1447,Revolver Case
Dec 01 2018 01: +0,0.03,1772,Revolver Case
Dec 02 2018 01: +0,0.03,2061,Revolver Case
Dec 03 2018 01: +0,0.03,2288,Revolver Case
Dec 04 2018 01: +0,0.03,2147,Revolver Case
Dec 05 2018 01: +0,0.03,2504,Revolver Case
Dec 06 2018 01: +0,0.03,2356,Revolver Case
Dec 07 2018 01: +0,0.03,2740,Revolver Case
Dec 08 2018 01: +0,0.03,2165,Revolver Case
Dec 09 2018 01: +0,0.03,2888,Revolver Case
Dec 10 2018 01: +0,0.03,2478,Revolver Case
Dec 11 2018 01: +0,0.03,2204,Revolver Case
Dec 12 2018 01: +0,0.03,3216,Revolver Case
Dec 13 2018 01: +0,0.03,2798,Revolver Case
Dec 14 2018 01: +0,0.03,2039,Revolver Case
Dec 15 2018 01: +0,0.03,2496,Revolver Case
Dec 16 2018 01: +0,0.03,2590,Revolver Case
Dec 17 2018 01: +0,0.03,1732,Revolver Case
Dec 18 2018 01: +0,0.03,2242,Revolver Case
Dec 19 2018 01: +0,0.03,1260,Revolver Case
Dec 20 2018 01: +0,0.03,1879,Revolver Case
Dec 21 2018 01: +0,0.03,2166,Revolver Case
Dec 22 2018 01: +0,0.03,2810,Revolver Case
Dec 23 2018 01: +0,0.03,2699,Revolver Case
Dec 24 2018 01: +0,0.03,2601,Revolver Case
Dec 25 2018 01: +0,0.03,3342,Revolver Case
Dec 26 2018 01: +0,0.03,3631,Revolver Case
Dec 27 2018 01: +0,0.03,2278,Revolver Case
Dec 28 2018 01: +0,0.03,1987,Revolver Case
Dec 29 2018 01: +0,0.03,3681,Revolver Case
Dec 30 2018 01: +0,0.03,3108,Revolver Case
Dec 31 2018 01: +0,0.03,2112,Revolver Case
Jan 01 2019 01: +0,0.03,3908,Revolver Case
Jan 02 2019 01: +0,0.03,2361,Revolver Case
Jan 03 2019 01: +0,0.03,2069,Revolver Case
Jan 04 2019 01: +0,0.03,2367,Revolver Case
Jan 05 2019 01: +0,0.03,1751,Revolver Case
Jan 06 2019 01: +0,0.03,1955,Revolver Case
Jan 07 2019 01: +0,0.03,2122,Revolver Case
Jan 08 2019 01: +0,0.03,2363,Revolver Case
Jan 09 2019 01: +0,0.03,2279,Revolver Case
Jan 10 2019 01: +0,0.03,1878,Revolver Case
Jan 11 2019 01: +0,0.03,2380,Revolver Case
Jan 12 2019 01: +0,0.03,2334,Revolver Case
Jan 13 2019 01: +0,0.03,2264,Revolver Case
Jan 14 2019 01: +0,0.03,2598,Revolver Case
Jan 15 2019 01: +0,0.03,2376,Revolver Case
Jan 16 2019 01: +0,0.03,1499,Revolver Case
Jan 17 2019 01: +0,0.03,2489,Revolver Case
Jan 18 2019 01: +0,0.03,1768,Revolver Case
Jan 19 2019 01: +0,0.03,1813,Revolver Case
Jan 20 2019 01: +0,0.03,3421,Revolver Case
Jan 21 2019 01: +0,0.03,9490,Revolver Case
Jan 22 2019 01: +0,0.03,2164,Revolver Case
Jan 23 2019 01: +0,0.03,2199,Revolver Case
Jan 24 2019 01: +0,0.03,1944,Revolver Case
Jan 25 2019 01: +0,0.03,2259,Revolver Case
Jan 26 2019 01: +0,0.03,3613,Revolver Case
Jan 27 2019 01: +0,0.03,2862,Revolver Case
Jan 28 2019 01: +0,0.03,2089,Revolver Case
Jan 29 2019 01: +0,0.03,3132,Revolver Case
Jan 30 2019 01: +0,0.03,2697,Revolver Case
Jan 31 2019 01: +0,0.03,2457,Revolver Case
Feb 01 2019 01: +0,0.03,2717,Revolver Case
Feb 02 2019 01: +0,0.03,1959,Revolver Case
Feb 03 2019 01: +0,0.03,1605,Revolver Case
Feb 04 2019 01: +0,0.03,2061,Revolver Case
Feb 05 2019 01: +0,0.03,2354,Revolver Case
Feb 06 2019 01: +0,0.03,2875,Revolver Case
Feb 07 2019 01: +0,0.03,2097,Revolver Case
Feb 08 2019 01: +0,0.03,4619,Revolver Case
Feb 09 2019 01: +0,0.03,2784,Revolver Case
Feb 10 2019 01: +0,0.03,2663,Revolver Case
Feb 11 2019 01: +0,0.03,1664,Revolver Case
Feb 12 2019 01: +0,0.03,1856,Revolver Case
Feb 13 2019 01: +0,0.03,1306,Revolver Case
Feb 14 2019 01: +0,0.03,2078,Revolver Case
Feb 15 2019 01: +0,0.03,3596,Revolver Case
Feb 16 2019 01: +0,0.03,2384,Revolver Case
Feb 17 2019 01: +0,0.03,2245,Revolver Case
Feb 18 2019 01: +0,0.03,2221,Revolver Case
Feb 19 2019 01: +0,0.03,2058,Revolver Case
Feb 20 2019 01: +0,0.03,1746,Revolver Case
Feb 21 2019 01: +0,0.03,2142,Revolver Case
Feb 22 2019 01: +0,0.03,2081,Revolver Case
Feb 23 2019 01: +0,0.03,3706,Revolver Case
Feb 24 2019 01: +0,0.03,2998,Revolver Case
Feb 25 2019 01: +0,0.03,3211,Revolver Case
Feb 26 2019 01: +0,0.03,2206,Revolver Case
Feb 27 2019 01: +0,0.03,2918,Revolver Case
Feb 28 2019 01: +0,0.03,3204,Revolver Case
Mar 01 2019 01: +0,0.03,2371,Revolver Case
Mar 02 2019 01: +0,0.03,4737,Revolver Case
Mar 03 2019 01: +0,0.03,2985,Revolver Case
Mar 04 2019 01: +0,0.03,3298,Revolver Case
Mar 05 2019 01: +0,0.03,2048,Revolver Case
Mar 06 2019 01: +0,0.03,2049,Revolver Case
Mar 07 2019 01: +0,0.03,1453,Revolver Case
Mar 08 2019 01: +0,0.03,2549,Revolver Case
Mar 09 2019 01: +0,0.03,2244,Revolver Case
Mar 10 2019 01: +0,0.03,1751,Revolver Case
Mar 11 2019 01: +0,0.03,1923,Revolver Case
Mar 12 2019 01: +0,0.03,2029,Revolver Case
Mar 13 2019 01: +0,0.03,4092,Revolver Case
Mar 14 2019 01: +0,0.03,2364,Revolver Case
Mar 15 2019 01: +0,0.03,2385,Revolver Case
Mar 16 2019 01: +0,0.03,6122,Revolver Case
Mar 17 2019 01: +0,0.03,4035,Revolver Case
Mar 18 2019 01: +0,0.03,2349,Revolver Case
Mar 19 2019 01: +0,0.03,3076,Revolver Case
Mar 20 2019 01: +0,0.03,2980,Revolver Case
Mar 21 2019 01: +0,0.03,3116,Revolver Case
Mar 22 2019 01: +0,0.03,2623,Revolver Case
Mar 23 2019 01: +0,0.03,2517,Revolver Case
Mar 24 2019 01: +0,0.03,3250,Revolver Case
Mar 25 2019 01: +0,0.03,2164,Revolver Case
Mar 26 2019 01: +0,0.03,3503,Revolver Case
Mar 27 2019 01: +0,0.03,3188,Revolver Case
Mar 28 2019 01: +0,0.03,2820,Revolver Case
Mar 29 2019 01: +0,0.03,2422,Revolver Case
Mar 30 2019 01: +0,0.03,10632,Revolver Case
Mar 31 2019 01: +0,0.03,16967,Revolver Case
Apr 01 2019 01: +0,0.03,7247,Revolver Case
Apr 02 2019 01: +0,0.03,4691,Revolver Case
Apr 03 2019 01: +0,0.03,3213,Revolver Case
Apr 04 2019 01: +0,0.03,3388,Revolver Case
Apr 05 2019 01: +0,0.03,3502,Revolver Case
Apr 06 2019 01: +0,0.03,4008,Revolver Case
Apr 07 2019 01: +0,0.03,4132,Revolver Case
Apr 08 2019 01: +0,0.03,3925,Revolver Case
Apr 09 2019 01: +0,0.03,2770,Revolver Case
Apr 10 2019 01: +0,0.03,4234,Revolver Case
Apr 11 2019 01: +0,0.03,3158,Revolver Case
Apr 12 2019 01: +0,0.03,4324,Revolver Case
Apr 13 2019 01: +0,0.03,6038,Revolver Case
Apr 14 2019 01: +0,0.03,16051,Revolver Case
Apr 15 2019 01: +0,0.03,36169,Revolver Case
Apr 16 2019 01: +0,0.03,23778,Revolver Case
Apr 17 2019 01: +0,0.03,46149,Revolver Case
Apr 18 2019 01: +0,0.03,24959,Revolver Case
Apr 19 2019 01: +0,0.03,12208,Revolver Case
Apr 20 2019 01: +0,0.03,11923,Revolver Case
Apr 21 2019 01: +0,0.03,11308,Revolver Case
Apr 22 2019 01: +0,0.03,9728,Revolver Case
Apr 23 2019 01: +0,0.03,4576,Revolver Case
Apr 24 2019 01: +0,0.03,5064,Revolver Case
Apr 25 2019 01: +0,0.03,3524,Revolver Case
Apr 26 2019 01: +0,0.03,4366,Revolver Case
Apr 27 2019 01: +0,0.03,4256,Revolver Case
Apr 28 2019 01: +0,0.03,4753,Revolver Case
Apr 29 2019 01: +0,0.03,3403,Revolver Case
Apr 30 2019 01: +0,0.03,3011,Revolver Case
May 01 2019 01: +0,0.03,2782,Revolver Case
May 02 2019 01: +0,0.03,3239,Revolver Case
May 03 2019 01: +0,0.03,2918,Revolver Case
May 04 2019 01: +0,0.03,4762,Revolver Case
May 05 2019 01: +0,0.03,4620,Revolver Case
May 06 2019 01: +0,0.03,2905,Revolver Case
May 07 2019 01: +0,0.03,3604,Revolver Case
May 08 2019 01: +0,0.03,6475,Revolver Case
May 09 2019 01: +0,0.03,3186,Revolver Case
May 10 2019 01: +0,0.03,2779,Revolver Case
May 11 2019 01: +0,0.03,2635,Revolver Case
May 12 2019 01: +0,0.03,3682,Revolver Case
May 13 2019 01: +0,0.03,3428,Revolver Case
May 14 2019 01: +0,0.03,3216,Revolver Case
May 15 2019 01: +0,0.03,2919,Revolver Case
May 16 2019 01: +0,0.03,2171,Revolver Case
May 17 2019 01: +0,0.03,6971,Revolver Case
May 18 2019 01: +0,0.03,3134,Revolver Case
May 19 2019 01: +0,0.03,2846,Revolver Case
May 20 2019 01: +0,0.03,2475,Revolver Case
May 21 2019 01: +0,0.03,2558,Revolver Case
May 22 2019 01: +0,0.03,3176,Revolver Case
May 23 2019 01: +0,0.03,2241,Revolver Case
May 24 2019 01: +0,0.03,4046,Revolver Case
May 25 2019 01: +0,0.03,4034,Revolver Case
May 26 2019 01: +0,0.03,3898,Revolver Case
May 27 2019 01: +0,0.03,3605,Revolver Case
May 28 2019 01: +0,0.03,3849,Revolver Case
May 29 2019 01: +0,0.03,2993,Revolver Case
May 30 2019 01: +0,0.03,3752,Revolver Case
May 31 2019 01: +0,0.03,3032,Revolver Case
Jun 01 2019 01: +0,0.03,3820,Revolver Case
Jun 02 2019 01: +0,0.03,4295,Revolver Case
Jun 03 2019 01: +0,0.03,4514,Revolver Case
Jun 04 2019 01: +0,0.03,3552,Revolver Case
Jun 05 2019 01: +0,0.03,4137,Revolver Case
Jun 06 2019 01: +0,0.03,3921,Revolver Case
Jun 07 2019 01: +0,0.03,3745,Revolver Case
Jun 08 2019 01: +0,0.03,4752,Revolver Case
Jun 09 2019 01: +0,0.03,5508,Revolver Case
Jun 10 2019 01: +0,0.03,7515,Revolver Case
Jun 11 2019 01: +0,0.03,5186,Revolver Case
Jun 12 2019 01: +0,0.03,7127,Revolver Case
Jun 13 2019 01: +0,0.03,5329,Revolver Case
Jun 14 2019 01: +0,0.03,5675,Revolver Case
Jun 15 2019 01: +0,0.03,5131,Revolver Case
Jun 16 2019 01: +0,0.03,6586,Revolver Case
Jun 17 2019 01: +0,0.03,7412,Revolver Case
Jun 18 2019 01: +0,0.03,3977,Revolver Case
Jun 19 2019 01: +0,0.03,4264,Revolver Case
Jun 20 2019 01: +0,0.03,5221,Revolver Case
Jun 21 2019 01: +0,0.03,7034,Revolver Case
Jun 22 2019 01: +0,0.03,8836,Revolver Case
Jun 23 2019 01: +0,0.03,7519,Revolver Case
Jun 24 2019 01: +0,0.03,3929,Revolver Case
Jun 25 2019 01: +0,0.03,4188,Revolver Case
Jun 26 2019 01: +0,0.03,4228,Revolver Case
Jun 27 2019 01: +0,0.03,5063,Revolver Case
Jun 28 2019 01: +0,0.03,6887,Revolver Case
Jun 29 2019 01: +0,0.032,3671,Revolver Case
Jun 30 2019 01: +0,0.03,6142,Revolver Case
Jul 01 2019 01: +0,0.03,3636,Revolver Case
Jul 02 2019 01: +0,0.03,4709,Revolver Case
Jul 03 2019 01: +0,0.03,5263,Revolver Case
Jul 04 2019 01: +0,0.031,3725,Revolver Case
Jul 05 2019 01: +0,0.03,3864,Revolver Case
Jul 06 2019 01: +0,0.03,3466,Revolver Case
Jul 07 2019 01: +0,0.03,3412,Revolver Case
Jul 08 2019 01: +0,0.03,3729,Revolver Case
Jul 09 2019 01: +0,0.03,3618,Revolver Case
Jul 10 2019 01: +0,0.03,5038,Revolver Case
Jul 11 2019 01: +0,0.03,3757,Revolver Case
Jul 12 2019 01: +0,0.03,4700,Revolver Case
Jul 13 2019 01: +0,0.032,3341,Revolver Case
Jul 14 2019 01: +0,0.03,3730,Revolver Case
Jul 15 2019 01: +0,0.03,3730,Revolver Case
Jul 16 2019 01: +0,0.03,3253,Revolver Case
Jul 17 2019 01: +0,0.03,3128,Revolver Case
Jul 18 2019 01: +0,0.03,3309,Revolver Case
Jul 19 2019 01: +0,0.03,2875,Revolver Case
Jul 20 2019 01: +0,0.03,4084,Revolver Case
Jul 21 2019 01: +0,0.03,2550,Revolver Case
Jul 22 2019 01: +0,0.03,3199,Revolver Case
Jul 23 2019 01: +0,0.03,2827,Revolver Case
Jul 24 2019 01: +0,0.03,2934,Revolver Case
Jul 25 2019 01: +0,0.03,4580,Revolver Case
Jul 26 2019 01: +0,0.03,2998,Revolver Case
Jul 27 2019 01: +0,0.03,3537,Revolver Case
Jul 28 2019 01: +0,0.03,4337,Revolver Case
Jul 29 2019 01: +0,0.03,4061,Revolver Case
Jul 30 2019 01: +0,0.03,3167,Revolver Case
Jul 31 2019 01: +0,0.03,4958,Revolver Case
Aug 01 2019 01: +0,0.03,3546,Revolver Case
Aug 02 2019 01: +0,0.03,4872,Revolver Case
Aug 03 2019 01: +0,0.03,3567,Revolver Case
Aug 04 2019 01: +0,0.03,4892,Revolver Case
Aug 05 2019 01: +0,0.03,3227,Revolver Case
Aug 06 2019 01: +0,0.03,2818,Revolver Case
Aug 07 2019 01: +0,0.03,4510,Revolver Case
Aug 08 2019 01: +0,0.03,4207,Revolver Case
Aug 09 2019 01: +0,0.03,4262,Revolver Case
Aug 10 2019 01: +0,0.03,4466,Revolver Case
Aug 11 2019 01: +0,0.03,4002,Revolver Case
Aug 12 2019 01: +0,0.03,5177,Revolver Case
Aug 13 2019 01: +0,0.03,7936,Revolver Case
Aug 14 2019 01: +0,0.03,6053,Revolver Case
Aug 15 2019 01: +0,0.03,2883,Revolver Case
Aug 16 2019 01: +0,0.03,4260,Revolver Case
Aug 17 2019 01: +0,0.03,2816,Revolver Case
Aug 18 2019 01: +0,0.03,4093,Revolver Case
Aug 19 2019 01: +0,0.03,3935,Revolver Case
Aug 20 2019 01: +0,0.03,4205,Revolver Case
Aug 21 2019 01: +0,0.03,4312,Revolver Case
Aug 22 2019 01: +0,0.03,3710,Revolver Case
Aug 23 2019 01: +0,0.03,8229,Revolver Case
Aug 24 2019 01: +0,0.03,5626,Revolver Case
Aug 25 2019 01: +0,0.03,2784,Revolver Case
Aug 26 2019 01: +0,0.03,3734,Revolver Case
Aug 27 2019 01: +0,0.03,2780,Revolver Case
Aug 28 2019 01: +0,0.03,2794,Revolver Case
Aug 29 2019 01: +0,0.03,3382,Revolver Case
Aug 30 2019 01: +0,0.03,4154,Revolver Case
Aug 31 2019 01: +0,0.03,3926,Revolver Case
Sep 01 2019 01: +0,0.03,5741,Revolver Case
Sep 02 2019 01: +0,0.03,3523,Revolver Case
Sep 03 2019 01: +0,0.03,3757,Revolver Case
Sep 04 2019 01: +0,0.03,3466,Revolver Case
Sep 05 2019 01: +0,0.03,3284,Revolver Case
Sep 06 2019 01: +0,0.03,3108,Revolver Case
Sep 07 2019 01: +0,0.03,4744,Revolver Case
Sep 08 2019 01: +0,0.03,4690,Revolver Case
Sep 09 2019 01: +0,0.03,5555,Revolver Case
Sep 10 2019 01: +0,0.03,3360,Revolver Case
Sep 11 2019 01: +0,0.03,3445,Revolver Case
Sep 12 2019 01: +0,0.03,4289,Revolver Case
Sep 13 2019 01: +0,0.03,3659,Revolver Case
Sep 14 2019 01: +0,0.03,4662,Revolver Case
Sep 15 2019 01: +0,0.03,5632,Revolver Case
Sep 16 2019 01: +0,0.03,5276,Revolver Case
Sep 17 2019 01: +0,0.03,3808,Revolver Case
Sep 18 2019 01: +0,0.03,3248,Revolver Case
Sep 19 2019 01: +0,0.03,2773,Revolver Case
Sep 20 2019 01: +0,0.03,3688,Revolver Case
Sep 21 2019 01: +0,0.03,2923,Revolver Case
Sep 22 2019 01: +0,0.03,3207,Revolver Case
Sep 23 2019 01: +0,0.03,3417,Revolver Case
Sep 24 2019 01: +0,0.03,5972,Revolver Case
Sep 25 2019 01: +0,0.03,4512,Revolver Case
Sep 26 2019 01: +0,0.03,3607,Revolver Case
Sep 27 2019 01: +0,0.03,4446,Revolver Case
Sep 28 2019 01: +0,0.03,9562,Revolver Case
Sep 29 2019 01: +0,0.03,6690,Revolver Case
Sep 30 2019 01: +0,0.03,6344,Revolver Case
Oct 01 2019 01: +0,0.03,4053,Revolver Case
Oct 02 2019 01: +0,0.03,12498,Revolver Case
Oct 03 2019 01: +0,0.03,9817,Revolver Case
Oct 04 2019 01: +0,0.03,7190,Revolver Case
Oct 05 2019 01: +0,0.03,8544,Revolver Case
Oct 06 2019 01: +0,0.03,7096,Revolver Case
Oct 07 2019 01: +0,0.03,4517,Revolver Case
Oct 08 2019 01: +0,0.03,5484,Revolver Case
Oct 09 2019 01: +0,0.033,6253,Revolver Case
Oct 10 2019 01: +0,0.031,9159,Revolver Case
Oct 11 2019 01: +0,0.03,4936,Revolver Case
Oct 12 2019 01: +0,0.033,7870,Revolver Case
Oct 13 2019 01: +0,0.036,9637,Revolver Case
Oct 14 2019 01: +0,0.036,5325,Revolver Case
Oct 15 2019 01: +0,0.033,6388,Revolver Case
Oct 16 2019 01: +0,0.035,7355,Revolver Case
Oct 17 2019 01: +0,0.035,5780,Revolver Case
Oct 18 2019 01: +0,0.035,5859,Revolver Case
Oct 19 2019 01: +0,0.033,7100,Revolver Case
Oct 20 2019 01: +0,0.034,6023,Revolver Case
Oct 21 2019 01: +0,0.031,5342,Revolver Case
Oct 22 2019 01: +0,0.03,5768,Revolver Case
Oct 23 2019 01: +0,0.031,4647,Revolver Case
Oct 24 2019 01: +0,0.033,6190,Revolver Case
Oct 25 2019 01: +0,0.03,4366,Revolver Case
Oct 26 2019 01: +0,0.032,6994,Revolver Case
Oct 27 2019 01: +0,0.031,6509,Revolver Case
Oct 28 2019 01: +0,0.03,4753,Revolver Case
Oct 29 2019 01: +0,0.03,6020,Revolver Case
Oct 30 2019 01: +0,0.03,5350,Revolver Case
Oct 31 2019 01: +0,0.03,5237,Revolver Case
Nov 01 2019 01: +0,0.03,4782,Revolver Case
Nov 02 2019 01: +0,0.03,4075,Revolver Case
Nov 03 2019 01: +0,0.03,4370,Revolver Case
Nov 04 2019 01: +0,0.03,4257,Revolver Case
Nov 05 2019 01: +0,0.03,2698,Revolver Case
Nov 06 2019 01: +0,0.03,3069,Revolver Case
Nov 07 2019 01: +0,0.03,3792,Revolver Case
Nov 08 2019 01: +0,0.03,4025,Revolver Case
Nov 09 2019 01: +0,0.03,5881,Revolver Case
Nov 10 2019 01: +0,0.03,6217,Revolver Case
Nov 11 2019 01: +0,0.03,3874,Revolver Case
Nov 12 2019 01: +0,0.03,3926,Revolver Case
Nov 13 2019 01: +0,0.03,3443,Revolver Case
Nov 14 2019 01: +0,0.03,3027,Revolver Case
Nov 15 2019 01: +0,0.03,3480,Revolver Case
Nov 16 2019 01: +0,0.03,5199,Revolver Case
Nov 17 2019 01: +0,0.03,4926,Revolver Case
Nov 18 2019 01: +0,0.03,4411,Revolver Case
Nov 19 2019 01: +0,0.03,6558,Revolver Case
Nov 20 2019 01: +0,0.03,4290,Revolver Case
Nov 21 2019 01: +0,0.03,4453,Revolver Case
Nov 22 2019 01: +0,0.03,3198,Revolver Case
Nov 23 2019 01: +0,0.03,5587,Revolver Case
Nov 24 2019 01: +0,0.03,4557,Revolver Case
Nov 25 2019 01: +0,0.03,3465,Revolver Case
Nov 26 2019 01: +0,0.03,4462,Revolver Case
Nov 27 2019 01: +0,0.03,6261,Revolver Case
Nov 28 2019 01: +0,0.03,4675,Revolver Case
Nov 29 2019 01: +0,0.03,4156,Revolver Case
Nov 30 2019 01: +0,0.03,4304,Revolver Case
Dec 01 2019 01: +0,0.03,6743,Revolver Case
Dec 02 2019 01: +0,0.03,3641,Revolver Case
Dec 03 2019 01: +0,0.03,3345,Revolver Case
Dec 04 2019 01: +0,0.03,6426,Revolver Case
Dec 05 2019 01: +0,0.03,5003,Revolver Case
Dec 06 2019 01: +0,0.03,3066,Revolver Case
Dec 07 2019 01: +0,0.03,7639,Revolver Case
Dec 08 2019 01: +0,0.03,5184,Revolver Case
Dec 09 2019 01: +0,0.03,6344,Revolver Case
Dec 10 2019 01: +0,0.03,5774,Revolver Case
Dec 11 2019 01: +0,0.03,5010,Revolver Case
Dec 12 2019 01: +0,0.03,4161,Revolver Case
Dec 13 2019 01: +0,0.03,4639,Revolver Case
Dec 14 2019 01: +0,0.03,5258,Revolver Case
Dec 15 2019 01: +0,0.03,5360,Revolver Case
Dec 16 2019 01: +0,0.03,4138,Revolver Case
Dec 17 2019 01: +0,0.03,4617,Revolver Case
Dec 18 2019 01: +0,0.03,5384,Revolver Case
Dec 19 2019 01: +0,0.03,4272,Revolver Case
Dec 20 2019 01: +0,0.03,7531,Revolver Case
Dec 21 2019 01: +0,0.03,5788,Revolver Case
Dec 22 2019 01: +0,0.03,5854,Revolver Case
Dec 23 2019 01: +0,0.03,5914,Revolver Case
Dec 24 2019 01: +0,0.03,4768,Revolver Case
Dec 25 2019 01: +0,0.03,5905,Revolver Case
Dec 26 2019 01: +0,0.03,6029,Revolver Case
Dec 27 2019 01: +0,0.03,8511,Revolver Case
Dec 28 2019 01: +0,0.03,12738,Revolver Case
Dec 29 2019 01: +0,0.03,6386,Revolver Case
Dec 30 2019 01: +0,0.03,5295,Revolver Case
Dec 31 2019 01: +0,0.03,5253,Revolver Case
Jan 01 2020 01: +0,0.03,6631,Revolver Case
Jan 02 2020 01: +0,0.03,5880,Revolver Case
Jan 03 2020 01: +0,0.03,5904,Revolver Case
Jan 04 2020 01: +0,0.03,9473,Revolver Case
Jan 05 2020 01: +0,0.03,8479,Revolver Case
Jan 06 2020 01: +0,0.03,7494,Revolver Case
Jan 07 2020 01: +0,0.03,6130,Revolver Case
Jan 08 2020 01: +0,0.03,10312,Revolver Case
Jan 09 2020 01: +0,0.03,8655,Revolver Case
Jan 10 2020 01: +0,0.03,7015,Revolver Case
Jan 11 2020 01: +0,0.03,7647,Revolver Case
Jan 12 2020 01: +0,0.03,11279,Revolver Case
Jan 13 2020 01: +0,0.03,7975,Revolver Case
Jan 14 2020 01: +0,0.03,8625,Revolver Case
Jan 15 2020 01: +0,0.03,7158,Revolver Case
Jan 16 2020 01: +0,0.03,8425,Revolver Case
Jan 17 2020 01: +0,0.03,10895,Revolver Case
Jan 18 2020 01: +0,0.03,10445,Revolver Case
Jan 19 2020 01: +0,0.03,20098,Revolver Case
Jan 20 2020 01: +0,0.03,15696,Revolver Case
Jan 21 2020 01: +0,0.03,23551,Revolver Case
Jan 22 2020 01: +0,0.032,17576,Revolver Case
Jan 23 2020 01: +0,0.035,13237,Revolver Case
Jan 24 2020 01: +0,0.034,8596,Revolver Case
Jan 25 2020 01: +0,0.037,8991,Revolver Case
Jan 26 2020 01: +0,0.039,9327,Revolver Case
Jan 27 2020 01: +0,0.04,9094,Revolver Case
Jan 28 2020 01: +0,0.04,9487,Revolver Case
Jan 29 2020 01: +0,0.042,10485,Revolver Case
Jan 30 2020 01: +0,0.038,9321,Revolver Case
Jan 31 2020 01: +0,0.037,10888,Revolver Case
Feb 01 2020 01: +0,0.036,9205,Revolver Case
Feb 02 2020 01: +0,0.035,11384,Revolver Case
Feb 03 2020 01: +0,0.037,9345,Revolver Case
Feb 04 2020 01: +0,0.036,10921,Revolver Case
Feb 05 2020 01: +0,0.033,9527,Revolver Case
Feb 06 2020 01: +0,0.035,12037,Revolver Case
Feb 07 2020 01: +0,0.033,10124,Revolver Case
Feb 08 2020 01: +0,0.037,9887,Revolver Case
Feb 09 2020 01: +0,0.032,9892,Revolver Case
Feb 10 2020 01: +0,0.034,8836,Revolver Case
Feb 11 2020 01: +0,0.031,8253,Revolver Case
Feb 12 2020 01: +0,0.031,10232,Revolver Case
Feb 13 2020 01: +0,0.037,9326,Revolver Case
Feb 14 2020 01: +0,0.037,10332,Revolver Case
Feb 15 2020 01: +0,0.034,10775,Revolver Case
Feb 16 2020 01: +0,0.034,10313,Revolver Case
Feb 17 2020 01: +0,0.034,10016,Revolver Case
Feb 18 2020 01: +0,0.039,10760,Revolver Case
Feb 19 2020 01: +0,0.035,9804,Revolver Case
Feb 20 2020 01: +0,0.034,7164,Revolver Case
Feb 21 2020 01: +0,0.034,9942,Revolver Case
Feb 22 2020 01: +0,0.038,13308,Revolver Case
Feb 23 2020 01: +0,0.038,19603,Revolver Case
Feb 24 2020 01: +0,0.048,19906,Revolver Case
Feb 25 2020 01: +0,0.046,14942,Revolver Case
Feb 26 2020 01: +0,0.041,11390,Revolver Case
Feb 27 2020 01: +0,0.038,11775,Revolver Case
Feb 28 2020 01: +0,0.037,12480,Revolver Case
Feb 29 2020 01: +0,0.039,13088,Revolver Case
Mar 01 2020 01: +0,0.039,13560,Revolver Case
Mar 02 2020 01: +0,0.035,13770,Revolver Case
Mar 03 2020 01: +0,0.034,9501,Revolver Case
Mar 04 2020 01: +0,0.033,11596,Revolver Case
Mar 05 2020 01: +0,0.036,9869,Revolver Case
Mar 06 2020 01: +0,0.038,9351,Revolver Case
Mar 07 2020 01: +0,0.031,11553,Revolver Case
Mar 08 2020 01: +0,0.03,11800,Revolver Case
Mar 09 2020 01: +0,0.03,11363,Revolver Case
Mar 10 2020 01: +0,0.032,8246,Revolver Case
Mar 11 2020 01: +0,0.035,9618,Revolver Case
Mar 12 2020 01: +0,0.033,10798,Revolver Case
Mar 13 2020 01: +0,0.03,10911,Revolver Case
Mar 14 2020 01: +0,0.031,11870,Revolver Case
Mar 15 2020 01: +0,0.03,10487,Revolver Case
Mar 16 2020 01: +0,0.03,10390,Revolver Case
Mar 17 2020 01: +0,0.03,10193,Revolver Case
Mar 18 2020 01: +0,0.03,9249,Revolver Case
Mar 19 2020 01: +0,0.03,9390,Revolver Case
Mar 20 2020 01: +0,0.03,8967,Revolver Case
Mar 21 2020 01: +0,0.03,9220,Revolver Case
Mar 22 2020 01: +0,0.03,10747,Revolver Case
Mar 23 2020 01: +0,0.03,11603,Revolver Case
Mar 24 2020 01: +0,0.03,9137,Revolver Case
Mar 25 2020 01: +0,0.03,8840,Revolver Case
Mar 26 2020 01: +0,0.03,9705,Revolver Case
Mar 27 2020 01: +0,0.03,11898,Revolver Case
Mar 28 2020 01: +0,0.03,12054,Revolver Case
Mar 29 2020 01: +0,0.03,9301,Revolver Case
Mar 30 2020 01: +0,0.03,11084,Revolver Case
Mar 31 2020 01: +0,0.03,13529,Revolver Case
Apr 01 2020 01: +0,0.03,14997,Revolver Case
Apr 02 2020 01: +0,0.03,13873,Revolver Case
Apr 03 2020 01: +0,0.03,13661,Revolver Case
Apr 04 2020 01: +0,0.03,13024,Revolver Case
Apr 05 2020 01: +0,0.03,14602,Revolver Case
Apr 06 2020 01: +0,0.03,16820,Revolver Case
Apr 07 2020 01: +0,0.03,15038,Revolver Case
Apr 08 2020 01: +0,0.03,16288,Revolver Case
Apr 09 2020 01: +0,0.03,14056,Revolver Case
Apr 10 2020 01: +0,0.03,16507,Revolver Case
Apr 11 2020 01: +0,0.03,14213,Revolver Case
Apr 12 2020 01: +0,0.03,16308,Revolver Case
Apr 13 2020 01: +0,0.03,13166,Revolver Case
Apr 14 2020 01: +0,0.03,14104,Revolver Case
Apr 15 2020 01: +0,0.03,14129,Revolver Case
Apr 16 2020 01: +0,0.03,16776,Revolver Case
Apr 17 2020 01: +0,0.03,16970,Revolver Case
Apr 18 2020 01: +0,0.03,16660,Revolver Case
Apr 19 2020 01: +0,0.03,17327,Revolver Case
Apr 20 2020 01: +0,0.03,14609,Revolver Case
Apr 21 2020 01: +0,0.03,15105,Revolver Case
Apr 22 2020 01: +0,0.03,19776,Revolver Case
Apr 23 2020 01: +0,0.03,15874,Revolver Case
Apr 24 2020 01: +0,0.03,14909,Revolver Case
Apr 25 2020 01: +0,0.03,15320,Revolver Case
Apr 26 2020 01: +0,0.03,13804,Revolver Case
Apr 27 2020 01: +0,0.03,14491,Revolver Case
Apr 28 2020 01: +0,0.03,14469,Revolver Case
Apr 29 2020 01: +0,0.03,12304,Revolver Case
Apr 30 2020 01: +0,0.03,16248,Revolver Case
May 01 2020 01: +0,0.03,20262,Revolver Case
May 02 2020 01: +0,0.03,25671,Revolver Case
May 03 2020 01: +0,0.03,16123,Revolver Case
May 04 2020 01: +0,0.03,16361,Revolver Case
May 05 2020 01: +0,0.03,14880,Revolver Case
May 06 2020 01: +0,0.03,15883,Revolver Case
May 07 2020 01: +0,0.03,17849,Revolver Case
May 08 2020 01: +0,0.03,17911,Revolver Case
May 09 2020 01: +0,0.03,17273,Revolver Case
May 10 2020 01: +0,0.03,18476,Revolver Case
May 11 2020 01: +0,0.03,16724,Revolver Case
May 12 2020 01: +0,0.03,16016,Revolver Case
May 13 2020 01: +0,0.03,16806,Revolver Case
May 14 2020 01: +0,0.03,16094,Revolver Case
May 15 2020 01: +0,0.03,14662,Revolver Case
May 16 2020 01: +0,0.03,19303,Revolver Case
May 17 2020 01: +0,0.03,19388,Revolver Case
May 18 2020 01: +0,0.03,19490,Revolver Case
May 19 2020 01: +0,0.03,13873,Revolver Case
May 20 2020 01: +0,0.03,17177,Revolver Case
May 21 2020 01: +0,0.03,16049,Revolver Case
May 22 2020 01: +0,0.03,17056,Revolver Case
May 23 2020 01: +0,0.033,17434,Revolver Case
May 24 2020 01: +0,0.031,18283,Revolver Case
May 25 2020 01: +0,0.03,14198,Revolver Case
May 26 2020 01: +0,0.031,19407,Revolver Case
May 27 2020 01: +0,0.03,13997,Revolver Case
May 28 2020 01: +0,0.03,13399,Revolver Case
May 29 2020 01: +0,0.031,17239,Revolver Case
May 30 2020 01: +0,0.03,12831,Revolver Case
May 31 2020 01: +0,0.03,15652,Revolver Case
Jun 01 2020 01: +0,0.03,13229,Revolver Case
Jun 02 2020 01: +0,0.03,14184,Revolver Case
Jun 03 2020 01: +0,0.03,12303,Revolver Case
Jun 04 2020 01: +0,0.031,16638,Revolver Case
Jun 05 2020 01: +0,0.031,16125,Revolver Case
Jun 06 2020 01: +0,0.033,17508,Revolver Case
Jun 07 2020 01: +0,0.033,14969,Revolver Case
Jun 08 2020 01: +0,0.034,17264,Revolver Case
Jun 09 2020 01: +0,0.035,19156,Revolver Case
Jun 10 2020 01: +0,0.032,15756,Revolver Case
Jun 11 2020 01: +0,0.032,16449,Revolver Case
Jun 12 2020 01: +0,0.035,15540,Revolver Case
Jun 13 2020 01: +0,0.032,15800,Revolver Case
Jun 14 2020 01: +0,0.035,14595,Revolver Case
Jun 15 2020 01: +0,0.033,13370,Revolver Case
Jun 16 2020 01: +0,0.033,14343,Revolver Case
Jun 17 2020 01: +0,0.032,12662,Revolver Case
Jun 18 2020 01: +0,0.034,14929,Revolver Case
Jun 19 2020 01: +0,0.03,12503,Revolver Case
Jun 20 2020 01: +0,0.034,15762,Revolver Case
Jun 21 2020 01: +0,0.033,15969,Revolver Case
Jun 22 2020 01: +0,0.03,11355,Revolver Case
Jun 23 2020 01: +0,0.031,14595,Revolver Case
Jun 24 2020 01: +0,0.03,16393,Revolver Case
Jun 25 2020 01: +0,0.03,15923,Revolver Case
Jun 26 2020 01: +0,0.03,19042,Revolver Case
Jun 27 2020 01: +0,0.031,19416,Revolver Case
Jun 28 2020 01: +0,0.033,13699,Revolver Case
Jun 29 2020 01: +0,0.032,19691,Revolver Case
Jun 30 2020 01: +0,0.033,16425,Revolver Case
Jul 01 2020 01: +0,0.032,14694,Revolver Case
Jul 02 2020 01: +0,0.034,15223,Revolver Case
Jul 03 2020 01: +0,0.032,15049,Revolver Case
Jul 04 2020 01: +0,0.035,24620,Revolver Case
Jul 05 2020 01: +0,0.035,26082,Revolver Case
Jul 06 2020 01: +0,0.035,15222,Revolver Case
Jul 07 2020 01: +0,0.035,15431,Revolver Case
Jul 08 2020 01: +0,0.036,28673,Revolver Case
Jul 09 2020 01: +0,0.04,25796,Revolver Case
Jul 10 2020 01: +0,0.041,24577,Revolver Case
Jul 11 2020 01: +0,0.042,28228,Revolver Case
Jul 12 2020 01: +0,0.04,16439,Revolver Case
Jul 13 2020 01: +0,0.039,17137,Revolver Case
Jul 14 2020 01: +0,0.041,20232,Revolver Case
Jul 15 2020 01: +0,0.041,21000,Revolver Case
Jul 16 2020 01: +0,0.037,16484,Revolver Case
Jul 17 2020 01: +0,0.04,19991,Revolver Case
Jul 18 2020 01: +0,0.04,17427,Revolver Case
Jul 19 2020 01: +0,0.038,15898,Revolver Case
Jul 20 2020 01: +0,0.039,22223,Revolver Case
Jul 21 2020 01: +0,0.04,20323,Revolver Case
Jul 22 2020 01: +0,0.04,23997,Revolver Case
Jul 23 2020 01: +0,0.041,20595,Revolver Case
Jul 24 2020 01: +0,0.043,20529,Revolver Case
Jul 25 2020 01: +0,0.047,34155,Revolver Case
Jul 26 2020 01: +0,0.051,45305,Revolver Case
Jul 27 2020 01: +0,0.052,22513,Revolver Case
Jul 28 2020 01: +0,0.051,22900,Revolver Case
Jul 29 2020 01: +0,0.048,16971,Revolver Case
Jul 30 2020 01: +0,0.053,16882,Revolver Case
Jul 31 2020 01: +0,0.051,16951,Revolver Case
Aug 01 2020 01: +0,0.052,15605,Revolver Case
Aug 02 2020 01: +0,0.049,14139,Revolver Case
Aug 03 2020 01: +0,0.045,16917,Revolver Case
Aug 04 2020 01: +0,0.045,13930,Revolver Case
Aug 05 2020 01: +0,0.044,15369,Revolver Case
Aug 06 2020 01: +0,0.044,16980,Revolver Case
Aug 07 2020 01: +0,0.049,19384,Revolver Case
Aug 08 2020 01: +0,0.044,14640,Revolver Case
Aug 09 2020 01: +0,0.045,17015,Revolver Case
Aug 10 2020 01: +0,0.046,19146,Revolver Case
Aug 11 2020 01: +0,0.047,26157,Revolver Case
Aug 12 2020 01: +0,0.043,17164,Revolver Case
Aug 13 2020 01: +0,0.046,24569,Revolver Case
Aug 14 2020 01: +0,0.045,19106,Revolver Case
Aug 15 2020 01: +0,0.042,11690,Revolver Case
Aug 16 2020 01: +0,0.041,15368,Revolver Case
Aug 17 2020 01: +0,0.039,12076,Revolver Case
Aug 18 2020 01: +0,0.039,18019,Revolver Case
Aug 19 2020 01: +0,0.041,21328,Revolver Case
Aug 20 2020 01: +0,0.04,14507,Revolver Case
Aug 21 2020 01: +0,0.036,12171,Revolver Case
Aug 22 2020 01: +0,0.035,12309,Revolver Case
Aug 23 2020 01: +0,0.035,11481,Revolver Case
Aug 24 2020 01: +0,0.034,14372,Revolver Case
Aug 25 2020 01: +0,0.034,14759,Revolver Case
Aug 26 2020 01: +0,0.032,13044,Revolver Case
Aug 27 2020 01: +0,0.033,14178,Revolver Case
Aug 28 2020 01: +0,0.033,15459,Revolver Case
Aug 29 2020 01: +0,0.032,12573,Revolver Case
Aug 30 2020 01: +0,0.032,12848,Revolver Case
Aug 31 2020 01: +0,0.031,12377,Revolver Case
Sep 01 2020 01: +0,0.032,11377,Revolver Case
Sep 02 2020 01: +0,0.031,11106,Revolver Case
Sep 03 2020 01: +0,0.031,10047,Revolver Case
Sep 04 2020 01: +0,0.03,11446,Revolver Case
Sep 05 2020 01: +0,0.03,13733,Revolver Case
Sep 06 2020 01: +0,0.03,12743,Revolver Case
Sep 07 2020 01: +0,0.03,10717,Revolver Case
Sep 08 2020 01: +0,0.03,12855,Revolver Case
Sep 09 2020 01: +0,0.03,13558,Revolver Case
Sep 10 2020 01: +0,0.032,15612,Revolver Case
Sep 11 2020 01: +0,0.03,15311,Revolver Case
Sep 12 2020 01: +0,0.03,19183,Revolver Case
Sep 13 2020 01: +0,0.03,15994,Revolver Case
Sep 14 2020 01: +0,0.03,12861,Revolver Case
Sep 15 2020 01: +0,0.03,14391,Revolver Case
Sep 16 2020 01: +0,0.03,16544,Revolver Case
Sep 17 2020 01: +0,0.03,13180,Revolver Case
Sep 18 2020 01: +0,0.03,12607,Revolver Case
Sep 19 2020 01: +0,0.03,15030,Revolver Case
Sep 20 2020 01: +0,0.03,12759,Revolver Case
Sep 21 2020 01: +0,0.03,13177,Revolver Case
Sep 22 2020 01: +0,0.03,13008,Revolver Case
Sep 23 2020 01: +0,0.03,15269,Revolver Case
Sep 24 2020 01: +0,0.03,12371,Revolver Case
Sep 25 2020 01: +0,0.03,14532,Revolver Case
Sep 26 2020 01: +0,0.03,13244,Revolver Case
Sep 27 2020 01: +0,0.03,11720,Revolver Case
Sep 28 2020 01: +0,0.03,15502,Revolver Case
Sep 29 2020 01: +0,0.03,12322,Revolver Case
Sep 30 2020 01: +0,0.03,12490,Revolver Case
Oct 01 2020 01: +0,0.03,12659,Revolver Case
Oct 02 2020 01: +0,0.03,13386,Revolver Case
Oct 03 2020 01: +0,0.03,12655,Revolver Case
Oct 04 2020 01: +0,0.03,11797,Revolver Case
Oct 05 2020 01: +0,0.03,13357,Revolver Case
Oct 06 2020 01: +0,0.03,13505,Revolver Case
Oct 07 2020 01: +0,0.03,15356,Revolver Case
Oct 08 2020 01: +0,0.03,11851,Revolver Case
Oct 09 2020 01: +0,0.03,13043,Revolver Case
Oct 10 2020 01: +0,0.03,14618,Revolver Case
Oct 11 2020 01: +0,0.03,11865,Revolver Case
Oct 12 2020 01: +0,0.03,13115,Revolver Case
Oct 13 2020 01: +0,0.03,13825,Revolver Case
Oct 14 2020 01: +0,0.03,14325,Revolver Case
Oct 15 2020 01: +0,0.03,14407,Revolver Case
Oct 16 2020 01: +0,0.03,13625,Revolver Case
Oct 17 2020 01: +0,0.03,14872,Revolver Case
Oct 18 2020 01: +0,0.03,12852,Revolver Case
Oct 19 2020 01: +0,0.03,17541,Revolver Case
Oct 20 2020 01: +0,0.03,15369,Revolver Case
Oct 21 2020 01: +0,0.03,23744,Revolver Case
Oct 22 2020 01: +0,0.03,14556,Revolver Case
Oct 23 2020 01: +0,0.03,21215,Revolver Case
Oct 24 2020 01: +0,0.03,15316,Revolver Case
Oct 25 2020 01: +0,0.03,15797,Revolver Case
Oct 26 2020 01: +0,0.03,17135,Revolver Case
Oct 27 2020 01: +0,0.03,15903,Revolver Case
Oct 28 2020 01: +0,0.03,15418,Revolver Case
Oct 29 2020 01: +0,0.03,24996,Revolver Case
Oct 30 2020 01: +0,0.03,14339,Revolver Case
Oct 31 2020 01: +0,0.03,14100,Revolver Case
Nov 01 2020 01: +0,0.03,13840,Revolver Case
Nov 02 2020 01: +0,0.03,11729,Revolver Case
Nov 03 2020 01: +0,0.03,14750,Revolver Case
Nov 04 2020 01: +0,0.03,12681,Revolver Case
Nov 05 2020 01: +0,0.03,14745,Revolver Case
Nov 06 2020 01: +0,0.03,13895,Revolver Case
Nov 07 2020 01: +0,0.03,14192,Revolver Case
Nov 08 2020 01: +0,0.03,17194,Revolver Case
Nov 09 2020 01: +0,0.03,15174,Revolver Case
Nov 10 2020 01: +0,0.03,22031,Revolver Case
Nov 11 2020 01: +0,0.03,11779,Revolver Case
Nov 12 2020 01: +0,0.03,12663,Revolver Case
Nov 13 2020 01: +0,0.03,12974,Revolver Case
Nov 14 2020 01: +0,0.03,13787,Revolver Case
Nov 15 2020 01: +0,0.03,14531,Revolver Case
Nov 16 2020 01: +0,0.03,13544,Revolver Case
Nov 17 2020 01: +0,0.03,17028,Revolver Case
Nov 18 2020 01: +0,0.03,13890,Revolver Case
Nov 19 2020 01: +0,0.03,15688,Revolver Case
Nov 20 2020 01: +0,0.03,15258,Revolver Case
Nov 21 2020 01: +0,0.03,15896,Revolver Case
Nov 22 2020 01: +0,0.03,16634,Revolver Case
Nov 23 2020 01: +0,0.03,13158,Revolver Case
Nov 24 2020 01: +0,0.03,21093,Revolver Case
Nov 25 2020 01: +0,0.03,48858,Revolver Case
Nov 26 2020 01: +0,0.03,20018,Revolver Case
Nov 27 2020 01: +0,0.03,20622,Revolver Case
Nov 28 2020 01: +0,0.03,20907,Revolver Case
Nov 29 2020 01: +0,0.03,19525,Revolver Case
Nov 30 2020 01: +0,0.03,19745,Revolver Case
Dec 01 2020 01: +0,0.03,20130,Revolver Case
Dec 02 2020 01: +0,0.03,17391,Revolver Case
Dec 03 2020 01: +0,0.03,16800,Revolver Case
Dec 04 2020 01: +0,0.03,21265,Revolver Case
Dec 05 2020 01: +0,0.03,16857,Revolver Case
Dec 06 2020 01: +0,0.03,21971,Revolver Case
Dec 07 2020 01: +0,0.03,26162,Revolver Case
Dec 08 2020 01: +0,0.03,15951,Revolver Case
Dec 09 2020 01: +0,0.03,17458,Revolver Case
Dec 10 2020 01: +0,0.03,19206,Revolver Case
Dec 11 2020 01: +0,0.03,21379,Revolver Case
Dec 12 2020 01: +0,0.03,22466,Revolver Case
Dec 13 2020 01: +0,0.032,22294,Revolver Case
Dec 14 2020 01: +0,0.03,14775,Revolver Case
Dec 15 2020 01: +0,0.03,15664,Revolver Case
Dec 16 2020 01: +0,0.03,15895,Revolver Case
Dec 17 2020 01: +0,0.03,12400,Revolver Case
Dec 18 2020 01: +0,0.03,12427,Revolver Case
Dec 19 2020 01: +0,0.03,15070,Revolver Case
Dec 20 2020 01: +0,0.03,14064,Revolver Case
Dec 21 2020 01: +0,0.03,13643,Revolver Case
Dec 22 2020 01: +0,0.03,14064,Revolver Case
Dec 23 2020 01: +0,0.03,15914,Revolver Case
Dec 24 2020 01: +0,0.03,16005,Revolver Case
Dec 25 2020 01: +0,0.03,18573,Revolver Case
Dec 26 2020 01: +0,0.03,19220,Revolver Case
Dec 27 2020 01: +0,0.03,12645,Revolver Case
Dec 28 2020 01: +0,0.03,17016,Revolver Case
Dec 29 2020 01: +0,0.03,14321,Revolver Case
Dec 30 2020 01: +0,0.03,17666,Revolver Case
Dec 31 2020 01: +0,0.03,18730,Revolver Case
Jan 01 2021 01: +0,0.03,17506,Revolver Case
Jan 02 2021 01: +0,0.03,15610,Revolver Case
Jan 03 2021 01: +0,0.03,20085,Revolver Case
Jan 04 2021 01: +0,0.03,16162,Revolver Case
Jan 05 2021 01: +0,0.03,20079,Revolver Case
Jan 06 2021 01: +0,0.03,22013,Revolver Case
Jan 07 2021 01: +0,0.03,19667,Revolver Case
Jan 08 2021 01: +0,0.03,20351,Revolver Case
Jan 09 2021 01: +0,0.03,24814,Revolver Case
Jan 10 2021 01: +0,0.03,21057,Revolver Case
Jan 11 2021 01: +0,0.03,21553,Revolver Case
Jan 12 2021 01: +0,0.03,20981,Revolver Case
Jan 13 2021 01: +0,0.03,18841,Revolver Case
Jan 14 2021 01: +0,0.03,19702,Revolver Case
Jan 15 2021 01: +0,0.03,20054,Revolver Case
Jan 16 2021 01: +0,0.03,19855,Revolver Case
Jan 17 2021 01: +0,0.03,22020,Revolver Case
Jan 18 2021 01: +0,0.03,27568,Revolver Case
Jan 19 2021 01: +0,0.031,23136,Revolver Case
Jan 20 2021 01: +0,0.032,23945,Revolver Case
Jan 21 2021 01: +0,0.034,29313,Revolver Case
Jan 22 2021 01: +0,0.037,34226,Revolver Case
Jan 23 2021 01: +0,0.037,26119,Revolver Case
Jan 24 2021 01: +0,0.038,33735,Revolver Case
Jan 25 2021 01: +0,0.038,57481,Revolver Case
Jan 26 2021 01: +0,0.04,48621,Revolver Case
Jan 27 2021 01: +0,0.043,31758,Revolver Case
Jan 28 2021 01: +0,0.037,35515,Revolver Case
Jan 29 2021 01: +0,0.036,26036,Revolver Case
Jan 30 2021 01: +0,0.035,25160,Revolver Case
Jan 31 2021 01: +0,0.035,24253,Revolver Case
Feb 01 2021 01: +0,0.037,30482,Revolver Case
Feb 02 2021 01: +0,0.036,26228,Revolver Case
Feb 03 2021 01: +0,0.035,26684,Revolver Case
Feb 04 2021 01: +0,0.031,23312,Revolver Case
Feb 05 2021 01: +0,0.035,29763,Revolver Case
Feb 06 2021 01: +0,0.041,25751,Revolver Case
Feb 07 2021 01: +0,0.036,23257,Revolver Case
Feb 08 2021 01: +0,0.035,25333,Revolver Case
Feb 09 2021 01: +0,0.034,24201,Revolver Case
Feb 10 2021 01: +0,0.032,28776,Revolver Case
Feb 11 2021 01: +0,0.03,25894,Revolver Case
Feb 12 2021 01: +0,0.03,23534,Revolver Case
Feb 13 2021 01: +0,0.031,26183,Revolver Case
Feb 14 2021 01: +0,0.03,25414,Revolver Case
Feb 15 2021 01: +0,0.03,22157,Revolver Case
Feb 16 2021 01: +0,0.03,23883,Revolver Case
Feb 17 2021 01: +0,0.03,20560,Revolver Case
Feb 18 2021 01: +0,0.03,21082,Revolver Case
Feb 19 2021 01: +0,0.03,21694,Revolver Case
Feb 20 2021 01: +0,0.03,20442,Revolver Case
Feb 21 2021 01: +0,0.03,24565,Revolver Case
Feb 22 2021 01: +0,0.03,19673,Revolver Case
Feb 23 2021 01: +0,0.03,19407,Revolver Case
Feb 24 2021 01: +0,0.03,22504,Revolver Case
Feb 25 2021 01: +0,0.035,42947,Revolver Case
Feb 26 2021 01: +0,0.038,34668,Revolver Case
Feb 27 2021 01: +0,0.033,28632,Revolver Case
Feb 28 2021 01: +0,0.037,40878,Revolver Case
Mar 01 2021 01: +0,0.037,30168,Revolver Case
Mar 02 2021 01: +0,0.038,33059,Revolver Case
Mar 03 2021 01: +0,0.039,50421,Revolver Case
Mar 04 2021 01: +0,0.043,58634,Revolver Case
Mar 05 2021 01: +0,0.048,57337,Revolver Case
Mar 06 2021 01: +0,0.048,61767,Revolver Case
Mar 07 2021 01: +0,0.053,58374,Revolver Case
Mar 08 2021 01: +0,0.051,38952,Revolver Case
Mar 09 2021 01: +0,0.052,47109,Revolver Case
Mar 10 2021 01: +0,0.058,77569,Revolver Case
Mar 11 2021 01: +0,0.064,99053,Revolver Case
Mar 12 2021 01: +0,0.064,63494,Revolver Case
Mar 13 2021 01: +0,0.066,54333,Revolver Case
Mar 14 2021 01: +0,0.063,47179,Revolver Case
Mar 15 2021 01: +0,0.056,55406,Revolver Case
Mar 16 2021 01: +0,0.052,44467,Revolver Case
Mar 17 2021 01: +0,0.05,37322,Revolver Case
Mar 18 2021 01: +0,0.051,34736,Revolver Case
Mar 19 2021 01: +0,0.051,39084,Revolver Case
Mar 20 2021 01: +0,0.053,37209,Revolver Case
Mar 21 2021 01: +0,0.049,33869,Revolver Case
Mar 22 2021 01: +0,0.047,29995,Revolver Case
Mar 23 2021 01: +0,0.044,35589,Revolver Case
Mar 24 2021 01: +0,0.045,37238,Revolver Case
Mar 25 2021 01: +0,0.048,36251,Revolver Case
Mar 26 2021 01: +0,0.052,48143,Revolver Case
Mar 27 2021 01: +0,0.053,38180,Revolver Case
Mar 28 2021 01: +0,0.056,40311,Revolver Case
Mar 29 2021 01: +0,0.06,36643,Revolver Case
Mar 30 2021 01: +0,0.061,37065,Revolver Case
Mar 31 2021 01: +0,0.062,48377,Revolver Case
Apr 01 2021 01: +0,0.058,33941,Revolver Case
Apr 02 2021 01: +0,0.059,40620,Revolver Case
Apr 03 2021 01: +0,0.06,36310,Revolver Case
Apr 04 2021 01: +0,0.064,31178,Revolver Case
Apr 05 2021 01: +0,0.064,47241,Revolver Case
Apr 06 2021 01: +0,0.066,47809,Revolver Case
Apr 07 2021 01: +0,0.057,23739,Revolver Case
Apr 08 2021 01: +0,0.054,36637,Revolver Case
Apr 09 2021 01: +0,0.049,47543,Revolver Case
Apr 10 2021 01: +0,0.052,54975,Revolver Case
Apr 11 2021 01: +0,0.055,36044,Revolver Case
Apr 12 2021 01: +0,0.048,37360,Revolver Case
Apr 13 2021 01: +0,0.053,36893,Revolver Case
Apr 14 2021 01: +0,0.057,12769,Revolver Case
Apr 15 2021 01: +0,0.052,35962,Revolver Case
Apr 16 2021 01: +0,0.045,40245,Revolver Case
Apr 17 2021 01: +0,0.044,37221,Revolver Case
Apr 18 2021 01: +0,0.049,33710,Revolver Case
Apr 19 2021 01: +0,0.045,34997,Revolver Case
Apr 20 2021 01: +0,0.043,37668,Revolver Case
Apr 21 2021 01: +0,0.046,36473,Revolver Case
Apr 22 2021 01: +0,0.042,33797,Revolver Case
Apr 23 2021 01: +0,0.042,36777,Revolver Case
Apr 24 2021 01: +0,0.047,41182,Revolver Case
Apr 25 2021 01: +0,0.055,29764,Revolver Case
Apr 26 2021 01: +0,0.052,35330,Revolver Case
Apr 27 2021 01: +0,0.051,32850,Revolver Case
Apr 28 2021 01: +0,0.052,39072,Revolver Case
Apr 29 2021 01: +0,0.053,33876,Revolver Case
Apr 30 2021 01: +0,0.056,35072,Revolver Case
May 01 2021 01: +0,0.055,35240,Revolver Case
May 02 2021 01: +0,0.051,29908,Revolver Case
May 03 2021 01: +0,0.05,36665,Revolver Case
May 04 2021 01: +0,0.052,40290,Revolver Case
May 05 2021 01: +0,0.049,32211,Revolver Case
May 06 2021 01: +0,0.046,40621,Revolver Case
May 07 2021 01: +0,0.045,34189,Revolver Case
May 08 2021 01: +0,0.044,40474,Revolver Case
May 09 2021 01: +0,0.043,38706,Revolver Case
May 10 2021 01: +0,0.042,39912,Revolver Case
May 11 2021 01: +0,0.041,42199,Revolver Case
May 12 2021 01: +0,0.042,50537,Revolver Case
May 13 2021 01: +0,0.042,45148,Revolver Case
May 14 2021 01: +0,0.041,41346,Revolver Case
May 15 2021 01: +0,0.039,48456,Revolver Case
May 16 2021 01: +0,0.038,48593,Revolver Case
May 17 2021 01: +0,0.038,38980,Revolver Case
May 18 2021 01: +0,0.039,40842,Revolver Case
May 19 2021 01: +0,0.043,31791,Revolver Case
May 20 2021 01: +0,0.039,33996,Revolver Case
May 21 2021 01: +0,0.04,42764,Revolver Case
May 22 2021 01: +0,0.045,44019,Revolver Case
May 23 2021 01: +0,0.052,32574,Revolver Case
May 24 2021 01: +0,0.042,35842,Revolver Case
May 25 2021 01: +0,0.041,35683,Revolver Case
May 26 2021 01: +0,0.042,34541,Revolver Case
May 27 2021 01: +0,0.041,38721,Revolver Case
May 28 2021 01: +0,0.043,41014,Revolver Case
May 29 2021 01: +0,0.045,51572,Revolver Case
May 30 2021 01: +0,0.045,48343,Revolver Case
May 31 2021 01: +0,0.043,46188,Revolver Case
Jun 01 2021 01: +0,0.045,42230,Revolver Case
Jun 02 2021 01: +0,0.048,45622,Revolver Case
Jun 03 2021 01: +0,0.048,46743,Revolver Case
Jun 04 2021 01: +0,0.094,429074,Revolver Case
Jun 05 2021 01: +0,0.107,101469,Revolver Case
Jun 06 2021 01: +0,0.094,50812,Revolver Case
Jun 07 2021 01: +0,0.102,37069,Revolver Case
Jun 08 2021 01: +0,0.095,33322,Revolver Case
Jun 09 2021 01: +0,0.091,41925,Revolver Case
Jun 10 2021 01: +0,0.092,32030,Revolver Case
Jun 11 2021 01: +0,0.097,33527,Revolver Case
Jun 12 2021 01: +0,0.104,42358,Revolver Case
Jun 13 2021 01: +0,0.108,32410,Revolver Case
Jun 14 2021 01: +0,0.101,31655,Revolver Case
Jun 15 2021 01: +0,0.1,29021,Revolver Case
Jun 16 2021 01: +0,0.1,23470,Revolver Case
Jun 17 2021 01: +0,0.099,23794,Revolver Case
Jun 18 2021 01: +0,0.096,22036,Revolver Case
Jun 19 2021 01: +0,0.095,21949,Revolver Case
Jun 20 2021 01: +0,0.094,22611,Revolver Case
Jun 21 2021 01: +0,0.096,26402,Revolver Case
Jun 22 2021 01: +0,0.095,19640,Revolver Case
Jun 23 2021 01: +0,0.093,21088,Revolver Case
Jun 24 2021 01: +0,0.091,29191,Revolver Case
Jun 25 2021 01: +0,0.085,25791,Revolver Case
Jun 26 2021 01: +0,0.086,24085,Revolver Case
Jun 27 2021 01: +0,0.09,19449,Revolver Case
Jun 28 2021 01: +0,0.088,21472,Revolver Case
Jun 29 2021 01: +0,0.086,20983,Revolver Case
Jun 30 2021 01: +0,0.092,19279,Revolver Case
Jul 01 2021 01: +0,0.092,16343,Revolver Case
Jul 02 2021 01: +0,0.093,23261,Revolver Case
Jul 03 2021 01: +0,0.085,15965,Revolver Case
Jul 04 2021 01: +0,0.087,17605,Revolver Case
Jul 05 2021 01: +0,0.085,18428,Revolver Case
Jul 06 2021 01: +0,0.087,19435,Revolver Case
Jul 07 2021 01: +0,0.084,20375,Revolver Case
Jul 08 2021 01: +0,0.088,20663,Revolver Case
Jul 09 2021 01: +0,0.092,22448,Revolver Case
Jul 10 2021 01: +0,0.095,16084,Revolver Case
Jul 11 2021 01: +0,0.097,15052,Revolver Case
Jul 12 2021 01: +0,0.093,22738,Revolver Case
Jul 13 2021 01: +0,0.1,22983,Revolver Case
Jul 14 2021 01: +0,0.103,20409,Revolver Case
Jul 15 2021 01: +0,0.104,18559,Revolver Case
Jul 16 2021 01: +0,0.098,14065,Revolver Case
Jul 17 2021 01: +0,0.097,13201,Revolver Case
Jul 18 2021 01: +0,0.096,15936,Revolver Case
Jul 19 2021 01: +0,0.099,20206,Revolver Case
Jul 20 2021 01: +0,0.098,13334,Revolver Case
Jul 21 2021 01: +0,0.097,14167,Revolver Case
Jul 22 2021 01: +0,0.098,14310,Revolver Case
Jul 23 2021 01: +0,0.098,13778,Revolver Case
Jul 24 2021 01: +0,0.101,13342,Revolver Case
Jul 25 2021 01: +0,0.1,13401,Revolver Case
Jul 26 2021 01: +0,0.099,11425,Revolver Case
Jul 27 2021 01: +0,0.104,7531,Revolver Case
Jul 28 2021 01: +0,0.105,17402,Revolver Case
Jul 29 2021 01: +0,0.104,17414,Revolver Case
Jul 30 2021 01: +0,0.103,14580,Revolver Case
Jul 31 2021 01: +0,0.099,12495,Revolver Case
Aug 01 2021 01: +0,0.102,15316,Revolver Case
Aug 02 2021 01: +0,0.101,15243,Revolver Case
Aug 03 2021 01: +0,0.1,11257,Revolver Case
Aug 04 2021 01: +0,0.104,10787,Revolver Case
Aug 05 2021 01: +0,0.104,11977,Revolver Case
Aug 06 2021 01: +0,0.099,13319,Revolver Case
Aug 07 2021 01: +0,0.099,14512,Revolver Case
Aug 08 2021 01: +0,0.102,14240,Revolver Case
Aug 09 2021 01: +0,0.102,14350,Revolver Case
Aug 10 2021 01: +0,0.101,13419,Revolver Case
Aug 11 2021 01: +0,0.1,14314,Revolver Case
Aug 12 2021 01: +0,0.097,13216,Revolver Case
Aug 13 2021 01: +0,0.097,16893,Revolver Case
Aug 14 2021 01: +0,0.099,14114,Revolver Case
Aug 15 2021 01: +0,0.099,12811,Revolver Case
Aug 16 2021 01: +0,0.097,12534,Revolver Case
Aug 17 2021 01: +0,0.098,16583,Revolver Case
Aug 18 2021 01: +0,0.094,11509,Revolver Case
Aug 19 2021 01: +0,0.093,13308,Revolver Case
Aug 20 2021 01: +0,0.092,15751,Revolver Case
Aug 21 2021 01: +0,0.092,12536,Revolver Case
Aug 22 2021 01: +0,0.09,13728,Revolver Case
Aug 23 2021 01: +0,0.09,12275,Revolver Case
Aug 24 2021 01: +0,0.091,15176,Revolver Case
Aug 25 2021 01: +0,0.097,17536,Revolver Case
Aug 26 2021 01: +0,0.097,14343,Revolver Case
Aug 27 2021 01: +0,0.096,11746,Revolver Case
Aug 28 2021 01: +0,0.095,12661,Revolver Case
Aug 29 2021 01: +0,0.094,22267,Revolver Case
Aug 30 2021 01: +0,0.097,13282,Revolver Case
Aug 31 2021 01: +0,0.103,17346,Revolver Case
Sep 01 2021 01: +0,0.102,12760,Revolver Case
Sep 02 2021 01: +0,0.101,10881,Revolver Case
Sep 03 2021 01: +0,0.105,14888,Revolver Case
Sep 04 2021 01: +0,0.104,11414,Revolver Case
Sep 05 2021 01: +0,0.105,13917,Revolver Case
Sep 06 2021 01: +0,0.106,13519,Revolver Case
Sep 07 2021 01: +0,0.105,14563,Revolver Case
Sep 08 2021 01: +0,0.108,18068,Revolver Case
Sep 09 2021 01: +0,0.106,14670,Revolver Case
Sep 10 2021 01: +0,0.107,15577,Revolver Case
Sep 11 2021 01: +0,0.11,19772,Revolver Case
Sep 12 2021 01: +0,0.113,25320,Revolver Case
Sep 13 2021 01: +0,0.114,29100,Revolver Case
Sep 14 2021 01: +0,0.119,18787,Revolver Case
Sep 15 2021 01: +0,0.116,15820,Revolver Case
Sep 16 2021 01: +0,0.125,20131,Revolver Case
Sep 17 2021 01: +0,0.133,28019,Revolver Case
Sep 18 2021 01: +0,0.131,14484,Revolver Case
Sep 19 2021 01: +0,0.131,19237,Revolver Case
Sep 20 2021 01: +0,0.131,24451,Revolver Case
Sep 21 2021 01: +0,0.142,20244,Revolver Case
Sep 22 2021 01: +0,0.111,59203,Revolver Case
Sep 23 2021 01: +0,0.109,19245,Revolver Case
Sep 24 2021 01: +0,0.109,11176,Revolver Case
Sep 25 2021 01: +0,0.109,13015,Revolver Case
Sep 26 2021 01: +0,0.107,10031,Revolver Case
Sep 27 2021 01: +0,0.112,12180,Revolver Case
Sep 28 2021 01: +0,0.111,9661,Revolver Case
Sep 29 2021 01: +0,0.104,11747,Revolver Case
Sep 30 2021 01: +0,0.102,9794,Revolver Case
Oct 01 2021 01: +0,0.105,10408,Revolver Case
Oct 02 2021 01: +0,0.106,17104,Revolver Case
Oct 03 2021 01: +0,0.109,10581,Revolver Case
Oct 04 2021 01: +0,0.105,14174,Revolver Case
Oct 05 2021 01: +0,0.108,14710,Revolver Case
Oct 06 2021 01: +0,0.111,17625,Revolver Case
Oct 07 2021 01: +0,0.117,14457,Revolver Case
Oct 08 2021 01: +0,0.116,10894,Revolver Case
Oct 09 2021 01: +0,0.115,14023,Revolver Case
Oct 10 2021 01: +0,0.109,12179,Revolver Case
Oct 11 2021 01: +0,0.107,9482,Revolver Case
Oct 12 2021 01: +0,0.108,15200,Revolver Case
Oct 13 2021 01: +0,0.104,8778,Revolver Case
Oct 14 2021 01: +0,0.107,14293,Revolver Case
Oct 15 2021 01: +0,0.1,8850,Revolver Case
Oct 16 2021 01: +0,0.101,9513,Revolver Case
Oct 17 2021 01: +0,0.102,8629,Revolver Case
Oct 18 2021 01: +0,0.096,7472,Revolver Case
Oct 19 2021 01: +0,0.096,11120,Revolver Case
Oct 20 2021 01: +0,0.1,11569,Revolver Case
Oct 21 2021 01: +0,0.097,8538,Revolver Case
Oct 22 2021 01: +0,0.09,13353,Revolver Case
Oct 23 2021 01: +0,0.086,12134,Revolver Case
Oct 24 2021 01: +0,0.086,11016,Revolver Case
Oct 25 2021 01: +0,0.09,10048,Revolver Case
Oct 26 2021 01: +0,0.088,10975,Revolver Case
Oct 27 2021 01: +0,0.087,9321,Revolver Case
Oct 28 2021 01: +0,0.085,9123,Revolver Case
Oct 29 2021 01: +0,0.085,10234,Revolver Case
Oct 30 2021 01: +0,0.085,9471,Revolver Case
Oct 31 2021 01: +0,0.083,9273,Revolver Case
Nov 01 2021 01: +0,0.085,10895,Revolver Case
Nov 02 2021 01: +0,0.085,8232,Revolver Case
Nov 03 2021 01: +0,0.082,9766,Revolver Case
Nov 04 2021 01: +0,0.082,10572,Revolver Case
Nov 05 2021 01: +0,0.08,12882,Revolver Case
Nov 06 2021 01: +0,0.079,9228,Revolver Case
Nov 07 2021 01: +0,0.08,11867,Revolver Case
Nov 08 2021 01: +0,0.08,8747,Revolver Case
Nov 09 2021 01: +0,0.082,10107,Revolver Case
Nov 10 2021 01: +0,0.082,13075,Revolver Case
Nov 11 2021 01: +0,0.08,8494,Revolver Case
Nov 12 2021 01: +0,0.08,10831,Revolver Case
Nov 13 2021 01: +0,0.087,11396,Revolver Case
Nov 14 2021 01: +0,0.087,10268,Revolver Case
Nov 15 2021 01: +0,0.086,8118,Revolver Case
Nov 16 2021 01: +0,0.086,8196,Revolver Case
Nov 17 2021 01: +0,0.082,7488,Revolver Case
Nov 18 2021 01: +0,0.083,7451,Revolver Case
Nov 19 2021 01: +0,0.084,7741,Revolver Case
Nov 20 2021 01: +0,0.083,9448,Revolver Case
Nov 21 2021 01: +0,0.09,15920,Revolver Case
Nov 22 2021 01: +0,0.086,8392,Revolver Case
Nov 23 2021 01: +0,0.088,15459,Revolver Case
Nov 24 2021 01: +0,0.091,9538,Revolver Case
Nov 25 2021 01: +0,0.087,8336,Revolver Case
Nov 26 2021 01: +0,0.091,11072,Revolver Case
Nov 27 2021 01: +0,0.092,12338,Revolver Case
Nov 28 2021 01: +0,0.087,11839,Revolver Case
Nov 29 2021 01: +0,0.085,9432,Revolver Case
Nov 30 2021 01: +0,0.088,13369,Revolver Case
Dec 01 2021 01: +0,0.084,10420,Revolver Case
Dec 02 2021 01: +0,0.083,8449,Revolver Case
Dec 03 2021 01: +0,0.083,8685,Revolver Case
Dec 04 2021 01: +0,0.087,10537,Revolver Case
Dec 05 2021 01: +0,0.084,10085,Revolver Case
Dec 06 2021 01: +0,0.083,6892,Revolver Case
Dec 07 2021 01: +0,0.084,6854,Revolver Case
Dec 08 2021 01: +0,0.084,7835,Revolver Case
Dec 09 2021 01: +0,0.081,10691,Revolver Case
Dec 10 2021 01: +0,0.079,7461,Revolver Case
Dec 11 2021 01: +0,0.081,10127,Revolver Case
Dec 12 2021 01: +0,0.08,8977,Revolver Case
Dec 13 2021 01: +0,0.08,10809,Revolver Case
Dec 14 2021 01: +0,0.086,7179,Revolver Case
Dec 15 2021 01: +0,0.08,8153,Revolver Case
Dec 16 2021 01: +0,0.083,9017,Revolver Case
Dec 17 2021 01: +0,0.08,6215,Revolver Case
Dec 18 2021 01: +0,0.078,7609,Revolver Case
Dec 19 2021 01: +0,0.081,7795,Revolver Case
Dec 20 2021 01: +0,0.076,10135,Revolver Case
Dec 21 2021 01: +0,0.077,9081,Revolver Case
Dec 22 2021 01: +0,0.076,5969,Revolver Case
Dec 23 2021 01: +0,0.077,6919,Revolver Case
Dec 24 2021 01: +0,0.082,11093,Revolver Case
Dec 25 2021 01: +0,0.088,11486,Revolver Case
Dec 26 2021 01: +0,0.083,9889,Revolver Case
Dec 27 2021 01: +0,0.086,8963,Revolver Case
Dec 28 2021 01: +0,0.088,13355,Revolver Case
Dec 29 2021 01: +0,0.088,9591,Revolver Case
Dec 30 2021 01: +0,0.09,9704,Revolver Case
Dec 31 2021 01: +0,0.094,11710,Revolver Case
Jan 01 2022 01: +0,0.095,12082,Revolver Case
Jan 02 2022 01: +0,0.09,11126,Revolver Case
Jan 03 2022 01: +0,0.092,10197,Revolver Case
Jan 04 2022 01: +0,0.094,9542,Revolver Case
Jan 05 2022 01: +0,0.095,11524,Revolver Case
Jan 06 2022 01: +0,0.093,10482,Revolver Case
Jan 07 2022 01: +0,0.097,10210,Revolver Case
Jan 08 2022 01: +0,0.097,9502,Revolver Case
Jan 09 2022 01: +0,0.098,7969,Revolver Case
Jan 10 2022 01: +0,0.104,10877,Revolver Case
Jan 11 2022 01: +0,0.102,10267,Revolver Case
Jan 12 2022 01: +0,0.103,10967,Revolver Case
Jan 13 2022 01: +0,0.104,12621,Revolver Case
Jan 14 2022 01: +0,0.104,10633,Revolver Case
Jan 15 2022 01: +0,0.101,9653,Revolver Case
Jan 16 2022 01: +0,0.098,9137,Revolver Case
Jan 17 2022 01: +0,0.101,9774,Revolver Case
Jan 18 2022 01: +0,0.099,9227,Revolver Case
Jan 19 2022 01: +0,0.107,15574,Revolver Case
Jan 20 2022 01: +0,0.112,11961,Revolver Case
Jan 21 2022 01: +0,0.113,22073,Revolver Case
Jan 22 2022 01: +0,0.117,15852,Revolver Case
Jan 23 2022 01: +0,0.12,17501,Revolver Case
Jan 24 2022 01: +0,0.123,13117,Revolver Case
Jan 25 2022 01: +0,0.126,19634,Revolver Case
Jan 26 2022 01: +0,0.123,20447,Revolver Case
Jan 27 2022 01: +0,0.132,17627,Revolver Case
Jan 28 2022 01: +0,0.13,16109,Revolver Case
Jan 29 2022 01: +0,0.122,12215,Revolver Case
Jan 30 2022 01: +0,0.118,15738,Revolver Case
Jan 31 2022 01: +0,0.118,11266,Revolver Case
Feb 01 2022 01: +0,0.119,11303,Revolver Case
Feb 02 2022 01: +0,0.122,12167,Revolver Case
Feb 03 2022 01: +0,0.124,11214,Revolver Case
Feb 04 2022 01: +0,0.123,11689,Revolver Case
Feb 05 2022 01: +0,0.123,15010,Revolver Case
Feb 06 2022 01: +0,0.123,13033,Revolver Case
Feb 07 2022 01: +0,0.122,12732,Revolver Case
Feb 08 2022 01: +0,0.122,9165,Revolver Case
Feb 09 2022 01: +0,0.121,11910,Revolver Case
Feb 10 2022 01: +0,0.124,10989,Revolver Case
Feb 11 2022 01: +0,0.124,12704,Revolver Case
Feb 12 2022 01: +0,0.121,13613,Revolver Case
Feb 13 2022 01: +0,0.127,13225,Revolver Case
Feb 14 2022 01: +0,0.127,12537,Revolver Case
Feb 15 2022 01: +0,0.129,11762,Revolver Case
Feb 16 2022 01: +0,0.131,13070,Revolver Case
Feb 17 2022 01: +0,0.13,11784,Revolver Case
Feb 18 2022 01: +0,0.13,11955,Revolver Case
Feb 19 2022 01: +0,0.129,10523,Revolver Case
Feb 20 2022 01: +0,0.13,15192,Revolver Case
Feb 21 2022 01: +0,0.127,9769,Revolver Case
Feb 22 2022 01: +0,0.129,9176,Revolver Case
Feb 23 2022 01: +0,0.127,9309,Revolver Case
Feb 24 2022 01: +0,0.125,9756,Revolver Case
Feb 25 2022 01: +0,0.123,12792,Revolver Case
Feb 26 2022 01: +0,0.124,12079,Revolver Case
Feb 27 2022 01: +0,0.131,11838,Revolver Case
Feb 28 2022 01: +0,0.133,15155,Revolver Case
Mar 01 2022 01: +0,0.131,13683,Revolver Case
Mar 02 2022 01: +0,0.133,13931,Revolver Case
Mar 03 2022 01: +0,0.131,12188,Revolver Case
Mar 04 2022 01: +0,0.13,11342,Revolver Case
Mar 05 2022 01: +0,0.13,14356,Revolver Case
Mar 06 2022 01: +0,0.129,13761,Revolver Case
Mar 07 2022 01: +0,0.128,16260,Revolver Case
Mar 08 2022 01: +0,0.123,29257,Revolver Case
Mar 09 2022 01: +0,0.12,14598,Revolver Case
Mar 10 2022 01: +0,0.115,12592,Revolver Case
Mar 11 2022 01: +0,0.121,12803,Revolver Case
Mar 12 2022 01: +0,0.123,13515,Revolver Case
Mar 13 2022 01: +0,0.121,11550,Revolver Case
Mar 14 2022 01: +0,0.122,10024,Revolver Case
Mar 15 2022 01: +0,0.127,10286,Revolver Case
Mar 16 2022 01: +0,0.127,12700,Revolver Case
Mar 17 2022 01: +0,0.13,11200,Revolver Case
Mar 18 2022 01: +0,0.134,10529,Revolver Case
Mar 19 2022 01: +0,0.132,10955,Revolver Case
Mar 20 2022 01: +0,0.133,11487,Revolver Case
Mar 21 2022 01: +0,0.137,8933,Revolver Case
Mar 22 2022 01: +0,0.138,9541,Revolver Case
Mar 23 2022 01: +0,0.145,11570,Revolver Case
Mar 24 2022 01: +0,0.142,12265,Revolver Case
Mar 25 2022 01: +0,0.143,12041,Revolver Case
Mar 26 2022 01: +0,0.144,11484,Revolver Case
Mar 27 2022 01: +0,0.14,14842,Revolver Case
Mar 28 2022 01: +0,0.144,10458,Revolver Case
Mar 29 2022 01: +0,0.142,10804,Revolver Case
Mar 30 2022 01: +0,0.15,10306,Revolver Case
Mar 31 2022 01: +0,0.151,8686,Revolver Case
Apr 01 2022 01: +0,0.154,11350,Revolver Case
Apr 02 2022 01: +0,0.156,10427,Revolver Case
Apr 03 2022 01: +0,0.166,14066,Revolver Case
Apr 04 2022 01: +0,0.172,14428,Revolver Case
Apr 05 2022 01: +0,0.183,15175,Revolver Case
Apr 06 2022 01: +0,0.197,23353,Revolver Case
Apr 07 2022 01: +0,0.215,16624,Revolver Case
Apr 08 2022 01: +0,0.211,18972,Revolver Case
Apr 09 2022 01: +0,0.213,14868,Revolver Case
Apr 10 2022 01: +0,0.204,18461,Revolver Case
Apr 11 2022 01: +0,0.188,15647,Revolver Case
Apr 12 2022 01: +0,0.178,15359,Revolver Case
Apr 13 2022 01: +0,0.187,10814,Revolver Case
Apr 14 2022 01: +0,0.187,13141,Revolver Case
Apr 15 2022 01: +0,0.193,11435,Revolver Case
Apr 16 2022 01: +0,0.199,19193,Revolver Case
Apr 17 2022 01: +0,0.203,13971,Revolver Case
Apr 18 2022 01: +0,0.21,16122,Revolver Case
Apr 19 2022 01: +0,0.211,12675,Revolver Case
Apr 20 2022 01: +0,0.206,16618,Revolver Case
Apr 21 2022 01: +0,0.204,11834,Revolver Case
Apr 22 2022 01: +0,0.201,16111,Revolver Case
Apr 23 2022 01: +0,0.208,13331,Revolver Case
Apr 24 2022 01: +0,0.212,15319,Revolver Case
Apr 25 2022 01: +0,0.213,10510,Revolver Case
Apr 26 2022 01: +0,0.2,16439,Revolver Case
Apr 27 2022 01: +0,0.197,11678,Revolver Case
Apr 28 2022 01: +0,0.197,11068,Revolver Case
Apr 29 2022 01: +0,0.203,14363,Revolver Case
Apr 30 2022 01: +0,0.202,15206,Revolver Case
May 01 2022 01: +0,0.207,14434,Revolver Case
May 02 2022 01: +0,0.212,13675,Revolver Case
May 03 2022 01: +0,0.214,14713,Revolver Case
May 04 2022 01: +0,0.202,15274,Revolver Case
May 05 2022 01: +0,0.201,15000,Revolver Case
May 06 2022 01: +0,0.205,11022,Revolver Case
May 07 2022 01: +0,0.197,10309,Revolver Case
May 08 2022 01: +0,0.193,10508,Revolver Case
May 09 2022 01: +0,0.197,15081,Revolver Case
May 10 2022 01: +0,0.194,12019,Revolver Case
May 11 2022 01: +0,0.196,11837,Revolver Case
May 12 2022 01: +0,0.205,12860,Revolver Case
May 13 2022 01: +0,0.208,11676,Revolver Case
May 14 2022 01: +0,0.212,10177,Revolver Case
May 15 2022 01: +0,0.205,10581,Revolver Case
May 16 2022 01: +0,0.215,7754,Revolver Case
May 17 2022 01: +0,0.21,8693,Revolver Case
May 18 2022 01: +0,0.204,14135,Revolver Case
May 19 2022 01: +0,0.202,9374,Revolver Case
May 20 2022 01: +0,0.214,12238,Revolver Case
May 21 2022 01: +0,0.216,13366,Revolver Case
May 22 2022 01: +0,0.216,11107,Revolver Case
May 23 2022 01: +0,0.223,15484,Revolver Case
May 24 2022 01: +0,0.225,11924,Revolver Case
May 25 2022 01: +0,0.228,17233,Revolver Case
May 26 2022 01: +0,0.228,14466,Revolver Case
May 27 2022 01: +0,0.231,15430,Revolver Case
May 28 2022 01: +0,0.235,15577,Revolver Case
May 29 2022 01: +0,0.233,16732,Revolver Case
May 30 2022 01: +0,0.229,12787,Revolver Case
May 31 2022 01: +0,0.23,12273,Revolver Case
Jun 01 2022 01: +0,0.234,13891,Revolver Case
Jun 02 2022 01: +0,0.232,16620,Revolver Case
Jun 03 2022 01: +0,0.225,17913,Revolver Case
Jun 04 2022 01: +0,0.228,13766,Revolver Case
Jun 05 2022 01: +0,0.23,12558,Revolver Case
Jun 06 2022 01: +0,0.228,10854,Revolver Case
Jun 07 2022 01: +0,0.228,11693,Revolver Case
Jun 08 2022 01: +0,0.229,10270,Revolver Case
Jun 09 2022 01: +0,0.226,13262,Revolver Case
Jun 10 2022 01: +0,0.224,10824,Revolver Case
Jun 11 2022 01: +0,0.221,10812,Revolver Case
Jun 12 2022 01: +0,0.221,9851,Revolver Case
Jun 13 2022 01: +0,0.21,8959,Revolver Case
Jun 14 2022 01: +0,0.209,9849,Revolver Case
Jun 15 2022 01: +0,0.201,9207,Revolver Case
Jun 16 2022 01: +0,0.199,11015,Revolver Case
Jun 17 2022 01: +0,0.199,10874,Revolver Case
Jun 18 2022 01: +0,0.192,8888,Revolver Case
Jun 19 2022 01: +0,0.192,10400,Revolver Case
Jun 20 2022 01: +0,0.196,8722,Revolver Case
Jun 21 2022 01: +0,0.194,8368,Revolver Case
Jun 22 2022 01: +0,0.192,9818,Revolver Case
Jun 23 2022 01: +0,0.189,11387,Revolver Case
Jun 24 2022 01: +0,0.188,10507,Revolver Case
Jun 25 2022 01: +0,0.193,10763,Revolver Case
Jun 26 2022 01: +0,0.194,10134,Revolver Case
Jun 27 2022 01: +0,0.206,10186,Revolver Case
Jun 28 2022 01: +0,0.198,9334,Revolver Case
Jun 29 2022 01: +0,0.209,8682,Revolver Case
Jun 30 2022 01: +0,0.206,10943,Revolver Case
Jul 01 2022 01: +0,0.209,12546,Revolver Case
Jul 02 2022 01: +0,0.214,12911,Revolver Case
Jul 03 2022 01: +0,0.217,16763,Revolver Case
Jul 04 2022 01: +0,0.235,17707,Revolver Case
Jul 05 2022 01: +0,0.235,19347,Revolver Case
Jul 06 2022 01: +0,0.233,15813,Revolver Case
Jul 07 2022 01: +0,0.236,15427,Revolver Case
Jul 08 2022 01: +0,0.247,14991,Revolver Case
Jul 09 2022 01: +0,0.246,14403,Revolver Case
Jul 10 2022 01: +0,0.259,13914,Revolver Case
Jul 11 2022 01: +0,0.274,14377,Revolver Case
Jul 12 2022 01: +0,0.269,12493,Revolver Case
Jul 13 2022 01: +0,0.272,9056,Revolver Case
Jul 14 2022 01: +0,0.275,10348,Revolver Case
Jul 15 2022 01: +0,0.273,12899,Revolver Case
Jul 16 2022 01: +0,0.273,9586,Revolver Case
Jul 17 2022 01: +0,0.276,10786,Revolver Case
Jul 18 2022 01: +0,0.279,11056,Revolver Case
Jul 19 2022 01: +0,0.268,11766,Revolver Case
Jul 20 2022 01: +0,0.275,8038,Revolver Case
Jul 21 2022 01: +0,0.28,15388,Revolver Case
Jul 22 2022 01: +0,0.291,14371,Revolver Case
Jul 23 2022 01: +0,0.301,12620,Revolver Case
Jul 24 2022 01: +0,0.306,11096,Revolver Case
Jul 25 2022 01: +0,0.313,13152,Revolver Case
Jul 26 2022 01: +0,0.323,13926,Revolver Case
Jul 27 2022 01: +0,0.319,13087,Revolver Case
Jul 28 2022 01: +0,0.327,13683,Revolver Case
Jul 29 2022 01: +0,0.33,12297,Revolver Case
Jul 30 2022 01: +0,0.338,15750,Revolver Case
Jul 31 2022 01: +0,0.336,11946,Revolver Case
Aug 01 2022 01: +0,0.334,11551,Revolver Case
Aug 02 2022 01: +0,0.336,9306,Revolver Case
Aug 03 2022 01: +0,0.33,11681,Revolver Case
Aug 04 2022 01: +0,0.324,11103,Revolver Case
Aug 05 2022 01: +0,0.319,10370,Revolver Case
Aug 06 2022 01: +0,0.319,10188,Revolver Case
Aug 07 2022 01: +0,0.318,12974,Revolver Case
Aug 08 2022 01: +0,0.318,11106,Revolver Case
Aug 09 2022 01: +0,0.318,5921,Revolver Case
Aug 10 2022 01: +0,0.32,9018,Revolver Case
Aug 11 2022 01: +0,0.324,8803,Revolver Case
Aug 12 2022 01: +0,0.331,8668,Revolver Case
Aug 13 2022 01: +0,0.329,7996,Revolver Case
Aug 14 2022 01: +0,0.322,10674,Revolver Case
Aug 15 2022 01: +0,0.332,12514,Revolver Case
Aug 16 2022 01: +0,0.336,12286,Revolver Case
Aug 17 2022 01: +0,0.33,10983,Revolver Case
Aug 18 2022 01: +0,0.335,12076,Revolver Case
Aug 19 2022 01: +0,0.339,12376,Revolver Case
Aug 20 2022 01: +0,0.34,12664,Revolver Case
Aug 21 2022 01: +0,0.342,13147,Revolver Case
Aug 22 2022 01: +0,0.343,9490,Revolver Case
Aug 23 2022 01: +0,0.345,9933,Revolver Case
Aug 24 2022 01: +0,0.334,11335,Revolver Case
Aug 25 2022 01: +0,0.337,9342,Revolver Case
Aug 26 2022 01: +0,0.334,8881,Revolver Case
Aug 27 2022 01: +0,0.336,10108,Revolver Case
Aug 28 2022 01: +0,0.326,9192,Revolver Case
Aug 29 2022 01: +0,0.331,11220,Revolver Case
Aug 30 2022 01: +0,0.331,11320,Revolver Case
Aug 31 2022 01: +0,0.336,10447,Revolver Case
Sep 01 2022 01: +0,0.334,12536,Revolver Case
Sep 02 2022 01: +0,0.332,14272,Revolver Case
Sep 03 2022 01: +0,0.337,12625,Revolver Case
Sep 04 2022 01: +0,0.332,11853,Revolver Case
Sep 05 2022 01: +0,0.332,10693,Revolver Case
Sep 06 2022 01: +0,0.332,12574,Revolver Case
Sep 07 2022 01: +0,0.33,12556,Revolver Case
Sep 08 2022 01: +0,0.337,14586,Revolver Case
Sep 09 2022 01: +0,0.351,12204,Revolver Case
Sep 10 2022 01: +0,0.367,13948,Revolver Case
Sep 11 2022 01: +0,0.392,15150,Revolver Case
Sep 12 2022 01: +0,0.394,8250,Revolver Case
Sep 13 2022 01: +0,0.406,9838,Revolver Case
Sep 14 2022 01: +0,0.405,10578,Revolver Case
Sep 15 2022 01: +0,0.39,15340,Revolver Case
Sep 16 2022 01: +0,0.39,10933,Revolver Case
Sep 17 2022 01: +0,0.389,12139,Revolver Case
Sep 18 2022 01: +0,0.378,11131,Revolver Case
Sep 19 2022 01: +0,0.379,10434,Revolver Case
Sep 20 2022 01: +0,0.386,9706,Revolver Case
Sep 21 2022 01: +0,0.384,8212,Revolver Case
Sep 22 2022 01: +0,0.386,8427,Revolver Case
Sep 23 2022 01: +0,0.388,10882,Revolver Case
Sep 24 2022 01: +0,0.382,9751,Revolver Case
Sep 25 2022 01: +0,0.382,9460,Revolver Case
Sep 26 2022 01: +0,0.372,7825,Revolver Case
Sep 27 2022 01: +0,0.376,8608,Revolver Case
Sep 28 2022 01: +0,0.367,9571,Revolver Case
Sep 29 2022 01: +0,0.365,8681,Revolver Case
Sep 30 2022 01: +0,0.36,12518,Revolver Case
Oct 01 2022 01: +0,0.361,12057,Revolver Case
Oct 02 2022 01: +0,0.361,9887,Revolver Case
Oct 03 2022 01: +0,0.358,11620,Revolver Case
Oct 04 2022 01: +0,0.38,10632,Revolver Case
Oct 05 2022 01: +0,0.372,9826,Revolver Case
Oct 06 2022 01: +0,0.36,13750,Revolver Case
Oct 07 2022 01: +0,0.362,7779,Revolver Case
Oct 08 2022 01: +0,0.362,9316,Revolver Case
Oct 09 2022 01: +0,0.364,7850,Revolver Case
Oct 10 2022 01: +0,0.361,9565,Revolver Case
Oct 11 2022 01: +0,0.371,10378,Revolver Case
Oct 12 2022 01: +0,0.356,10981,Revolver Case
Oct 13 2022 01: +0,0.349,8736,Revolver Case
Oct 14 2022 01: +0,0.343,7623,Revolver Case
Oct 15 2022 01: +0,0.347,10354,Revolver Case
Oct 16 2022 01: +0,0.35,11192,Revolver Case
Oct 17 2022 01: +0,0.348,8810,Revolver Case
Oct 18 2022 01: +0,0.346,7922,Revolver Case
Oct 19 2022 01: +0,0.347,6989,Revolver Case
Oct 20 2022 01: +0,0.352,8177,Revolver Case
Oct 21 2022 01: +0,0.356,11080,Revolver Case
Oct 22 2022 01: +0,0.369,12591,Revolver Case
Oct 23 2022 01: +0,0.378,11071,Revolver Case
Oct 24 2022 01: +0,0.378,8800,Revolver Case
Oct 25 2022 01: +0,0.371,8880,Revolver Case
Oct 26 2022 01: +0,0.365,7845,Revolver Case
Oct 27 2022 01: +0,0.363,9733,Revolver Case
Oct 28 2022 01: +0,0.357,11326,Revolver Case
Oct 29 2022 01: +0,0.353,8662,Revolver Case
Oct 30 2022 01: +0,0.351,12195,Revolver Case
Oct 31 2022 01: +0,0.353,12019,Revolver Case
Nov 01 2022 01: +0,0.357,7610,Revolver Case
Nov 02 2022 01: +0,0.343,6248,Revolver Case
Nov 03 2022 01: +0,0.346,7452,Revolver Case
Nov 04 2022 01: +0,0.346,11691,Revolver Case
Nov 05 2022 01: +0,0.351,13271,Revolver Case
Nov 06 2022 01: +0,0.356,8034,Revolver Case
Nov 07 2022 01: +0,0.351,7860,Revolver Case
Nov 08 2022 01: +0,0.344,12891,Revolver Case
Nov 09 2022 01: +0,0.342,9767,Revolver Case
Nov 10 2022 01: +0,0.341,16629,Revolver Case
Nov 11 2022 01: +0,0.349,9191,Revolver Case
Nov 12 2022 01: +0,0.351,7808,Revolver Case
Nov 13 2022 01: +0,0.346,12452,Revolver Case
Nov 14 2022 01: +0,0.347,8010,Revolver Case
Nov 15 2022 01: +0,0.348,10829,Revolver Case
Nov 16 2022 01: +0,0.34,9546,Revolver Case
Nov 17 2022 01: +0,0.342,7514,Revolver Case
Nov 18 2022 01: +0,0.339,8091,Revolver Case
Nov 19 2022 01: +0,0.338,9491,Revolver Case
Nov 20 2022 01: +0,0.324,8861,Revolver Case
Nov 21 2022 01: +0,0.309,6404,Revolver Case
Nov 22 2022 01: +0,0.327,11363,Revolver Case
Nov 23 2022 01: +0,0.323,13786,Revolver Case
Nov 24 2022 01: +0,0.32,15270,Revolver Case
Nov 25 2022 01: +0,0.31,8490,Revolver Case
Nov 26 2022 01: +0,0.313,9882,Revolver Case
Nov 27 2022 01: +0,0.304,13554,Revolver Case
Nov 28 2022 01: +0,0.293,9594,Revolver Case
Nov 29 2022 01: +0,0.299,8415,Revolver Case
Nov 30 2022 01: +0,0.315,7780,Revolver Case
Dec 01 2022 01: +0,0.325,11670,Revolver Case
Dec 02 2022 01: +0,0.338,12750,Revolver Case
Dec 03 2022 01: +0,0.346,10926,Revolver Case
Dec 04 2022 01: +0,0.346,10508,Revolver Case
Dec 05 2022 01: +0,0.357,9005,Revolver Case
Dec 06 2022 01: +0,0.36,7308,Revolver Case
Dec 07 2022 01: +0,0.356,7866,Revolver Case
Dec 08 2022 01: +0,0.352,7325,Revolver Case
Dec 09 2022 01: +0,0.373,8799,Revolver Case
Dec 10 2022 01: +0,0.371,9467,Revolver Case
Dec 11 2022 01: +0,0.374,10100,Revolver Case
Dec 12 2022 01: +0,0.367,10296,Revolver Case
Dec 13 2022 01: +0,0.354,11728,Revolver Case
Dec 14 2022 01: +0,0.358,6573,Revolver Case
Dec 15 2022 01: +0,0.358,7780,Revolver Case
Dec 16 2022 01: +0,0.355,8255,Revolver Case
Dec 17 2022 01: +0,0.366,7989,Revolver Case
Dec 18 2022 01: +0,0.359,7569,Revolver Case
Dec 19 2022 01: +0,0.353,7479,Revolver Case
Dec 20 2022 01: +0,0.35,8234,Revolver Case
Dec 21 2022 01: +0,0.346,7772,Revolver Case
Dec 22 2022 01: +0,0.356,10033,Revolver Case
Dec 23 2022 01: +0,0.358,12467,Revolver Case
Dec 24 2022 01: +0,0.365,13692,Revolver Case
Dec 25 2022 01: +0,0.365,13960,Revolver Case
Dec 26 2022 01: +0,0.37,12276,Revolver Case
Dec 27 2022 01: +0,0.376,9657,Revolver Case
Dec 28 2022 01: +0,0.378,9772,Revolver Case
Dec 29 2022 01: +0,0.382,11321,Revolver Case
Dec 30 2022 01: +0,0.388,9758,Revolver Case
Dec 31 2022 01: +0,0.398,12385,Revolver Case
Jan 01 2023 01: +0,0.409,11514,Revolver Case
Jan 02 2023 01: +0,0.412,11372,Revolver Case
Jan 03 2023 01: +0,0.408,10303,Revolver Case
Jan 04 2023 01: +0,0.407,10414,Revolver Case
Jan 05 2023 01: +0,0.406,8974,Revolver Case
Jan 06 2023 01: +0,0.418,7981,Revolver Case
Jan 07 2023 01: +0,0.418,10657,Revolver Case
Jan 08 2023 01: +0,0.413,8644,Revolver Case
Jan 09 2023 01: +0,0.412,7685,Revolver Case
Jan 10 2023 01: +0,0.416,7190,Revolver Case
Jan 11 2023 01: +0,0.416,8873,Revolver Case
Jan 12 2023 01: +0,0.418,10730,Revolver Case
Jan 13 2023 01: +0,0.426,9136,Revolver Case
Jan 14 2023 01: +0,0.426,9849,Revolver Case
Jan 15 2023 01: +0,0.419,12412,Revolver Case
Jan 16 2023 01: +0,0.432,11159,Revolver Case
Jan 17 2023 01: +0,0.442,10874,Revolver Case
Jan 18 2023 01: +0,0.442,8473,Revolver Case
Jan 19 2023 01: +0,0.435,8247,Revolver Case
Jan 20 2023 01: +0,0.451,11070,Revolver Case
Jan 21 2023 01: +0,0.457,11174,Revolver Case
Jan 22 2023 01: +0,0.458,12481,Revolver Case
Jan 23 2023 01: +0,0.459,10374,Revolver Case
Jan 24 2023 01: +0,0.456,10299,Revolver Case
Jan 25 2023 01: +0,0.447,9031,Revolver Case
Jan 26 2023 01: +0,0.455,9096,Revolver Case
Jan 27 2023 01: +0,0.472,12157,Revolver Case
Jan 28 2023 01: +0,0.502,20365,Revolver Case
Jan 29 2023 01: +0,0.523,14051,Revolver Case
Jan 30 2023 01: +0,0.523,11167,Revolver Case
Jan 31 2023 01: +0,0.531,12747,Revolver Case
Feb 01 2023 01: +0,0.54,14921,Revolver Case
Feb 02 2023 01: +0,0.57,13343,Revolver Case
Feb 03 2023 01: +0,0.579,13452,Revolver Case
Feb 04 2023 01: +0,0.592,18706,Revolver Case
Feb 05 2023 01: +0,0.613,16021,Revolver Case
Feb 06 2023 01: +0,0.606,12197,Revolver Case
Feb 07 2023 01: +0,0.604,12895,Revolver Case
Feb 08 2023 01: +0,0.596,9900,Revolver Case
Feb 09 2023 01: +0,0.598,12380,Revolver Case
Feb 10 2023 01: +0,0.6,14470,Revolver Case
Feb 11 2023 01: +0,0.612,17084,Revolver Case
Feb 12 2023 01: +0,0.612,16062,Revolver Case
Feb 13 2023 01: +0,0.643,18387,Revolver Case
Feb 14 2023 01: +0,0.665,13808,Revolver Case
Feb 15 2023 01: +0,0.698,14640,Revolver Case
Feb 16 2023 01: +0,0.77,16381,Revolver Case
Feb 17 2023 01: +0,0.776,16055,Revolver Case
Feb 18 2023 01: +0,0.809,15953,Revolver Case
Feb 19 2023 01: +0,0.756,13582,Revolver Case
Feb 20 2023 01: +0,0.689,13835,Revolver Case
Feb 21 2023 01: +0,0.717,10063,Revolver Case
Feb 22 2023 01: +0,0.723,10960,Revolver Case
Feb 23 2023 01: +0,0.703,9831,Revolver Case
Feb 24 2023 01: +0,0.695,11891,Revolver Case
Feb 25 2023 01: +0,0.733,14407,Revolver Case
Feb 26 2023 01: +0,0.741,12305,Revolver Case
Feb 27 2023 01: +0,0.728,9990,Revolver Case
Feb 28 2023 01: +0,0.758,10208,Revolver Case
Mar 01 2023 01: +0,0.75,11948,Revolver Case
Mar 02 2023 01: +0,0.74,13414,Revolver Case
Mar 03 2023 01: +0,0.756,14442,Revolver Case
Mar 04 2023 01: +0,0.765,14509,Revolver Case
Mar 05 2023 01: +0,0.757,17595,Revolver Case
Mar 06 2023 01: +0,0.747,12168,Revolver Case
Mar 07 2023 01: +0,0.737,14424,Revolver Case
Mar 08 2023 01: +0,0.738,15863,Revolver Case
Mar 09 2023 01: +0,0.757,18982,Revolver Case
Mar 10 2023 01: +0,0.778,15430,Revolver Case
Mar 11 2023 01: +0,0.774,17253,Revolver Case
Mar 12 2023 01: +0,0.788,16480,Revolver Case
Mar 13 2023 01: +0,0.786,12134,Revolver Case
Mar 14 2023 01: +0,0.78,16113,Revolver Case
Mar 15 2023 01: +0,0.804,20433,Revolver Case
Mar 16 2023 01: +0,0.807,18516,Revolver Case
Mar 17 2023 01: +0,0.817,21566,Revolver Case
Mar 18 2023 01: +0,0.821,21438,Revolver Case
Mar 19 2023 01: +0,0.833,18649,Revolver Case
Mar 20 2023 01: +0,0.845,17363,Revolver Case
Mar 21 2023 01: +0,0.858,17067,Revolver Case
Mar 22 2023 01: +0,0.897,31237,Revolver Case
Mar 23 2023 01: +0,0.91,24692,Revolver Case
Mar 24 2023 01: +0,0.975,22375,Revolver Case
Mar 25 2023 01: +0,1.017,22331,Revolver Case
Mar 26 2023 01: +0,1.052,23976,Revolver Case
Mar 27 2023 01: +0,1.098,22052,Revolver Case
Mar 28 2023 01: +0,1.156,23680,Revolver Case
Mar 29 2023 01: +0,1.194,20102,Revolver Case
Mar 30 2023 01: +0,1.267,22926,Revolver Case
Mar 31 2023 01: +0,1.449,23652,Revolver Case
Apr 01 2023 01: +0,1.424,27807,Revolver Case
Apr 02 2023 01: +0,1.452,23444,Revolver Case
Apr 03 2023 01: +0,1.39,21567,Revolver Case
Apr 04 2023 01: +0,1.35,20068,Revolver Case
Apr 05 2023 01: +0,1.343,18922,Revolver Case
Apr 06 2023 01: +0,1.362,22729,Revolver Case
Apr 07 2023 01: +0,1.386,23374,Revolver Case
Apr 08 2023 01: +0,1.472,24374,Revolver Case
Apr 09 2023 01: +0,1.563,21815,Revolver Case
Apr 10 2023 01: +0,1.577,18423,Revolver Case
Apr 11 2023 01: +0,1.546,16647,Revolver Case
Apr 12 2023 01: +0,1.515,21028,Revolver Case
Apr 13 2023 01: +0,1.588,22679,Revolver Case
Apr 14 2023 01: +0,1.759,22468,Revolver Case
Apr 15 2023 01: +0,1.959,24822,Revolver Case
Apr 16 2023 01: +0,2.072,19829,Revolver Case
Apr 17 2023 01: +0,2.015,20636,Revolver Case
Apr 18 2023 01: +0,2.095,22658,Revolver Case
Apr 19 2023 01: +0,2.058,17840,Revolver Case
Apr 20 2023 01: +0,1.863,25435,Revolver Case
Apr 21 2023 01: +0,1.776,21371,Revolver Case
Apr 22 2023 01: +0,1.698,17512,Revolver Case
Apr 23 2023 01: +0,1.442,26142,Revolver Case
Apr 24 2023 01: +0,1.46,18345,Revolver Case
Apr 25 2023 01: +0,1.343,22756,Revolver Case
Apr 26 2023 01: +0,1.334,16711,Revolver Case
Apr 27 2023 01: +0,1.43,18910,Revolver Case
Apr 28 2023 01: +0,1.546,17020,Revolver Case
Apr 29 2023 01: +0,1.625,17856,Revolver Case
Apr 30 2023 01: +0,1.579,15609,Revolver Case
May 01 2023 01: +0,1.498,13004,Revolver Case
May 02 2023 01: +0,1.506,16242,Revolver Case
May 03 2023 01: +0,1.525,17577,Revolver Case
May 04 2023 01: +0,1.584,15318,Revolver Case
May 05 2023 01: +0,1.447,17088,Revolver Case
May 06 2023 01: +0,1.506,14688,Revolver Case
May 07 2023 01: +0,1.458,13759,Revolver Case
May 08 2023 01: +0,1.375,16249,Revolver Case
May 09 2023 01: +0,1.36,14652,Revolver Case
May 10 2023 01: +0,1.393,20140,Revolver Case
May 11 2023 01: +0,1.466,17902,Revolver Case
May 12 2023 01: +0,1.495,18615,Revolver Case
May 13 2023 01: +0,1.525,16600,Revolver Case
May 14 2023 01: +0,1.496,15023,Revolver Case
May 15 2023 01: +0,1.501,14872,Revolver Case
May 16 2023 01: +0,1.482,11654,Revolver Case
May 17 2023 01: +0,1.482,11955,Revolver Case
May 18 2023 01: +0,1.497,11918,Revolver Case
May 19 2023 01: +0,1.494,12329,Revolver Case
May 20 2023 01: +0,1.466,13729,Revolver Case
May 21 2023 01: +0,1.455,12562,Revolver Case
May 22 2023 01: +0,1.448,14016,Revolver Case
May 23 2023 01: +0,1.489,14778,Revolver Case
May 24 2023 01: +0,1.485,12903,Revolver Case
May 25 2023 01: +0,1.505,13603,Revolver Case
May 26 2023 01: +0,1.492,12464,Revolver Case
May 27 2023 01: +0,1.509,14238,Revolver Case
May 28 2023 01: +0,1.526,16291,Revolver Case
May 29 2023 01: +0,1.606,12631,Revolver Case
May 30 2023 01: +0,1.632,12862,Revolver Case
May 31 2023 01: +0,1.615,14843,Revolver Case
Jun 01 2023 01: +0,1.691,14832,Revolver Case
Jun 02 2023 01: +0,1.756,17097,Revolver Case
Jun 03 2023 01: +0,1.843,13737,Revolver Case
Jun 04 2023 01: +0,1.862,11698,Revolver Case
Jun 05 2023 01: +0,1.796,9991,Revolver Case
Jun 06 2023 01: +0,1.833,10031,Revolver Case
Jun 07 2023 01: +0,1.812,12244,Revolver Case
Jun 08 2023 01: +0,1.843,12509,Revolver Case
Jun 09 2023 01: +0,1.861,11972,Revolver Case
Jun 10 2023 01: +0,1.909,12958,Revolver Case
Jun 11 2023 01: +0,1.858,10171,Revolver Case
Jun 12 2023 01: +0,1.885,10895,Revolver Case
Jun 13 2023 01: +0,1.926,10777,Revolver Case
Jun 14 2023 01: +0,1.924,9145,Revolver Case
Jun 15 2023 01: +0,1.89,9592,Revolver Case
Jun 16 2023 01: +0,1.926,9019,Revolver Case
Jun 17 2023 01: +0,1.932,9436,Revolver Case
Jun 18 2023 01: +0,1.927,8860,Revolver Case
Jun 19 2023 01: +0,1.847,6866,Revolver Case
Jun 20 2023 01: +0,1.855,7738,Revolver Case
Jun 21 2023 01: +0,1.874,9042,Revolver Case
Jun 22 2023 01: +0,1.871,7821,Revolver Case
Jun 23 2023 01: +0,1.798,8439,Revolver Case
Jun 24 2023 01: +0,1.803,7448,Revolver Case
Jun 25 2023 01: +0,1.763,7355,Revolver Case
Jun 26 2023 01: +0,1.757,6887,Revolver Case
Jun 27 2023 01: +0,1.748,7250,Revolver Case
Jun 28 2023 01: +0,1.716,6908,Revolver Case
Jun 29 2023 01: +0,1.627,7095,Revolver Case
Jun 30 2023 01: +0,1.513,9206,Revolver Case
Jul 01 2023 01: +0,1.519,8082,Revolver Case
Jul 02 2023 01: +0,1.496,8150,Revolver Case
Jul 03 2023 01: +0,1.528,9064,Revolver Case
Jul 04 2023 01: +0,1.563,9631,Revolver Case
Jul 05 2023 01: +0,1.581,8388,Revolver Case
Jul 06 2023 01: +0,1.66,10364,Revolver Case
Jul 07 2023 01: +0,1.788,15168,Revolver Case
Jul 08 2023 01: +0,1.801,10141,Revolver Case
Jul 09 2023 01: +0,1.777,9819,Revolver Case
Jul 10 2023 01: +0,1.768,10651,Revolver Case
Jul 11 2023 01: +0,1.715,8597,Revolver Case
Jul 12 2023 01: +0,1.68,9643,Revolver Case
Jul 13 2023 01: +0,1.736,10326,Revolver Case
Jul 14 2023 01: +0,1.797,11993,Revolver Case
Jul 15 2023 01: +0,1.852,12452,Revolver Case
Jul 16 2023 01: +0,1.878,8932,Revolver Case
Jul 17 2023 01: +0,1.881,10795,Revolver Case
Jul 18 2023 01: +0,1.863,7244,Revolver Case
Jul 19 2023 01: +0,1.877,9121,Revolver Case
Jul 20 2023 01: +0,1.86,7790,Revolver Case
Jul 21 2023 01: +0,1.834,8976,Revolver Case
Jul 22 2023 01: +0,1.888,7806,Revolver Case
Jul 23 2023 01: +0,1.883,9572,Revolver Case
Jul 24 2023 01: +0,1.896,9409,Revolver Case
Jul 25 2023 01: +0,1.918,9537,Revolver Case
Jul 26 2023 01: +0,1.887,8502,Revolver Case
Jul 27 2023 01: +0,1.906,8009,Revolver Case
Jul 28 2023 01: +0,1.917,9876,Revolver Case
Jul 29 2023 01: +0,1.931,9427,Revolver Case
Jul 30 2023 01: +0,1.904,7895,Revolver Case
Jul 31 2023 01: +0,1.924,6831,Revolver Case
Aug 01 2023 01: +0,1.905,7309,Revolver Case
Aug 02 2023 01: +0,1.872,6715,Revolver Case
Aug 03 2023 01: +0,1.867,8709,Revolver Case
Aug 04 2023 01: +0,1.861,7973,Revolver Case
Aug 05 2023 01: +0,1.867,9684,Revolver Case
Aug 06 2023 01: +0,1.849,8343,Revolver Case
Aug 07 2023 01: +0,1.766,6501,Revolver Case
Aug 08 2023 01: +0,1.761,6122,Revolver Case
Aug 09 2023 01: +0,1.772,7410,Revolver Case
Aug 10 2023 01: +0,1.752,6608,Revolver Case
Aug 11 2023 01: +0,1.745,7676,Revolver Case
Aug 12 2023 01: +0,1.747,8125,Revolver Case
Aug 13 2023 01: +0,1.735,6649,Revolver Case
Aug 14 2023 01: +0,1.746,7775,Revolver Case
Aug 15 2023 01: +0,1.767,8552,Revolver Case
Aug 16 2023 01: +0,1.754,7063,Revolver Case
Aug 17 2023 01: +0,1.761,7275,Revolver Case
Aug 18 2023 01: +0,1.781,8665,Revolver Case
Aug 19 2023 01: +0,1.798,9593,Revolver Case
Aug 20 2023 01: +0,1.794,7458,Revolver Case
Aug 21 2023 01: +0,1.762,6499,Revolver Case
Aug 22 2023 01: +0,1.749,6345,Revolver Case
Aug 23 2023 01: +0,1.715,6563,Revolver Case
Aug 24 2023 01: +0,1.703,8065,Revolver Case
Aug 25 2023 01: +0,1.713,8884,Revolver Case
Aug 26 2023 01: +0,1.72,8816,Revolver Case
Aug 27 2023 01: +0,1.715,6952,Revolver Case
Aug 28 2023 01: +0,1.701,5406,Revolver Case
Aug 29 2023 01: +0,1.703,5525,Revolver Case
Aug 30 2023 01: +0,1.707,6970,Revolver Case
Aug 31 2023 01: +0,1.698,7006,Revolver Case
Sep 01 2023 01: +0,1.738,7461,Revolver Case
Sep 02 2023 01: +0,1.776,8134,Revolver Case
Sep 03 2023 01: +0,1.767,6940,Revolver Case
Sep 04 2023 01: +0,1.729,7735,Revolver Case
Sep 05 2023 01: +0,1.71,6273,Revolver Case
Sep 06 2023 01: +0,1.722,6125,Revolver Case
Sep 07 2023 01: +0,1.74,7177,Revolver Case
Sep 08 2023 01: +0,1.715,8043,Revolver Case
Sep 09 2023 01: +0,1.771,7036,Revolver Case
Sep 10 2023 01: +0,1.767,6781,Revolver Case
Sep 11 2023 01: +0,1.763,6883,Revolver Case
Sep 12 2023 01: +0,1.682,5185,Revolver Case
Sep 13 2023 01: +0,1.743,5621,Revolver Case
Sep 14 2023 01: +0,1.758,5649,Revolver Case
Sep 15 2023 01: +0,1.791,6632,Revolver Case
Sep 16 2023 01: +0,1.765,7975,Revolver Case
Sep 17 2023 01: +0,1.743,6437,Revolver Case
Sep 18 2023 01: +0,1.767,6501,Revolver Case
Sep 19 2023 01: +0,1.79,6897,Revolver Case
Sep 20 2023 01: +0,1.753,6026,Revolver Case
Sep 21 2023 01: +0,1.75,5112,Revolver Case
Sep 22 2023 01: +0,1.76,5127,Revolver Case
Sep 23 2023 01: +0,1.764,5913,Revolver Case
Sep 24 2023 01: +0,1.772,6568,Revolver Case
Sep 25 2023 01: +0,1.767,4753,Revolver Case
Sep 26 2023 01: +0,1.757,5450,Revolver Case
Sep 27 2023 01: +0,1.77,18562,Revolver Case
Sep 28 2023 01: +0,1.879,15484,Revolver Case
Sep 29 2023 01: +0,1.911,13284,Revolver Case
Sep 30 2023 01: +0,1.889,12410,Revolver Case
Oct 01 2023 01: +0,1.872,12810,Revolver Case
Oct 02 2023 01: +0,1.897,10312,Revolver Case
Oct 03 2023 01: +0,1.862,8305,Revolver Case
Oct 04 2023 01: +0,1.861,9759,Revolver Case
Oct 05 2023 01: +0,1.902,10311,Revolver Case
Oct 06 2023 01: +0,1.9,11601,Revolver Case
Oct 07 2023 01: +0,1.927,11437,Revolver Case
Oct 08 2023 01: +0,1.89,10612,Revolver Case
Oct 09 2023 01: +0,1.907,9619,Revolver Case
Oct 10 2023 01: +0,1.905,8368,Revolver Case
Oct 11 2023 01: +0,1.915,8698,Revolver Case
Oct 12 2023 01: +0,1.91,9092,Revolver Case
Oct 13 2023 01: +0,1.923,10132,Revolver Case
Oct 14 2023 01: +0,1.929,10651,Revolver Case
Oct 15 2023 01: +0,1.922,9694,Revolver Case
Oct 16 2023 01: +0,1.917,8571,Revolver Case
Oct 17 2023 01: +0,1.936,8334,Revolver Case
Oct 18 2023 01: +0,1.924,8913,Revolver Case
Oct 19 2023 01: +0,1.921,8769,Revolver Case
Oct 20 2023 01: +0,1.981,10979,Revolver Case
Oct 21 2023 01: +0,1.928,9958,Revolver Case
Oct 22 2023 01: +0,1.946,8456,Revolver Case
Oct 23 2023 01: +0,1.939,8387,Revolver Case
Oct 24 2023 01: +0,1.978,8118,Revolver Case
Oct 25 2023 01: +0,1.987,7701,Revolver Case
Oct 26 2023 01: +0,1.966,7338,Revolver Case
Oct 27 2023 01: +0,1.969,9324,Revolver Case
Oct 28 2023 01: +0,1.956,8993,Revolver Case
Oct 29 2023 01: +0,1.908,7478,Revolver Case
Oct 30 2023 01: +0,1.879,7368,Revolver Case
Oct 31 2023 01: +0,1.899,7176,Revolver Case
Nov 01 2023 01: +0,1.919,7264,Revolver Case
Nov 02 2023 01: +0,1.881,6457,Revolver Case
Nov 03 2023 01: +0,1.97,8393,Revolver Case
Nov 04 2023 01: +0,1.981,7810,Revolver Case
Nov 05 2023 01: +0,1.964,7912,Revolver Case
Nov 06 2023 01: +0,1.956,6926,Revolver Case
Nov 07 2023 01: +0,1.981,5813,Revolver Case
Nov 08 2023 01: +0,1.964,5739,Revolver Case
Nov 09 2023 01: +0,1.946,5895,Revolver Case
Nov 10 2023 01: +0,1.94,6059,Revolver Case
Nov 11 2023 01: +0,1.942,5349,Revolver Case
Nov 12 2023 01: +0,1.895,5337,Revolver Case
Nov 13 2023 01: +0,1.847,4927,Revolver Case
Nov 14 2023 01: +0,1.804,4699,Revolver Case
Nov 15 2023 01: +0,1.767,4871,Revolver Case
Nov 16 2023 01: +0,1.681,4589,Revolver Case
Nov 17 2023 01: +0,1.648,5359,Revolver Case
Nov 18 2023 01: +0,1.717,6287,Revolver Case
Nov 19 2023 01: +0,1.698,4778,Revolver Case
Nov 20 2023 01: +0,1.665,4051,Revolver Case
Nov 21 2023 01: +0,1.663,4128,Revolver Case
Nov 22 2023 01: +0,1.607,5672,Revolver Case
Nov 23 2023 01: +0,1.609,5632,Revolver Case
Nov 24 2023 01: +0,1.6,5474,Revolver Case
Nov 25 2023 01: +0,1.601,5180,Revolver Case
Nov 26 2023 01: +0,1.585,5472,Revolver Case
Nov 27 2023 01: +0,1.547,4346,Revolver Case
Nov 28 2023 01: +0,1.589,4901,Revolver Case
Nov 29 2023 01: +0,1.63,4284,Revolver Case
Nov 30 2023 01: +0,1.692,4368,Revolver Case
Dec 01 2023 01: +0,1.743,4555,Revolver Case
Dec 02 2023 01: +0,1.738,4266,Revolver Case
Dec 03 2023 01: +0,1.778,4572,Revolver Case
Dec 04 2023 01: +0,1.765,3965,Revolver Case
Dec 05 2023 01: +0,1.758,3858,Revolver Case
Dec 06 2023 01: +0,1.738,3944,Revolver Case
Dec 07 2023 01: +0,1.747,4348,Revolver Case
Dec 08 2023 01: +0,1.757,4957,Revolver Case
Dec 09 2023 01: +0,1.749,4947,Revolver Case
Dec 10 2023 01: +0,1.754,5350,Revolver Case
Dec 11 2023 01: +0,1.754,3879,Revolver Case
Dec 12 2023 01: +0,1.755,3416,Revolver Case
Dec 13 2023 01: +0,1.747,4069,Revolver Case
Dec 14 2023 01: +0,1.785,5031,Revolver Case
Dec 15 2023 01: +0,1.768,4866,Revolver Case
Dec 16 2023 01: +0,1.74,4845,Revolver Case
Dec 17 2023 01: +0,1.755,5052,Revolver Case
Dec 18 2023 01: +0,1.719,3449,Revolver Case
Dec 19 2023 01: +0,1.721,3949,Revolver Case
Dec 20 2023 01: +0,1.708,4361,Revolver Case
Dec 21 2023 01: +0,1.676,4972,Revolver Case
Dec 22 2023 01: +0,1.672,5700,Revolver Case
Dec 23 2023 01: +0,1.678,4697,Revolver Case
Dec 24 2023 01: +0,1.692,4706,Revolver Case
Dec 25 2023 01: +0,1.699,4596,Revolver Case
Dec 26 2023 01: +0,1.69,4795,Revolver Case
Dec 27 2023 01: +0,1.664,5876,Revolver Case
Dec 28 2023 01: +0,1.693,5676,Revolver Case
Dec 29 2023 01: +0,1.716,6585,Revolver Case
Dec 30 2023 01: +0,1.7,5003,Revolver Case
Dec 31 2023 01: +0,1.71,5625,Revolver Case
Jan 01 2024 01: +0,1.725,13502,Revolver Case
Jan 02 2024 01: +0,1.638,4103,Revolver Case
Jan 03 2024 01: +0,1.615,4531,Revolver Case
Jan 04 2024 01: +0,1.611,4883,Revolver Case
Jan 05 2024 01: +0,1.678,4851,Revolver Case
Jan 06 2024 01: +0,1.695,4866,Revolver Case
Jan 07 2024 01: +0,1.654,4277,Revolver Case
Jan 08 2024 01: +0,1.681,3874,Revolver Case
Jan 09 2024 01: +0,1.68,3857,Revolver Case
Jan 10 2024 01: +0,1.642,3499,Revolver Case
Jan 11 2024 01: +0,1.659,5328,Revolver Case
Jan 12 2024 01: +0,1.665,4701,Revolver Case
Jan 13 2024 01: +0,1.665,4509,Revolver Case
Jan 14 2024 01: +0,1.624,3549,Revolver Case
Jan 15 2024 01: +0,1.661,4140,Revolver Case
Jan 16 2024 01: +0,1.703,3926,Revolver Case
Jan 17 2024 01: +0,1.633,3563,Revolver Case
Jan 18 2024 01: +0,1.656,3810,Revolver Case
Jan 19 2024 01: +0,1.632,4671,Revolver Case
Jan 20 2024 01: +0,1.617,5484,Revolver Case
Jan 21 2024 01: +0,1.566,5258,Revolver Case
Jan 22 2024 01: +0,1.507,5052,Revolver Case
Jan 23 2024 01: +0,1.473,4341,Revolver Case
Jan 24 2024 01: +0,1.453,4837,Revolver Case
Jan 25 2024 01: +0,1.458,4757,Revolver Case
Jan 26 2024 01: +0,1.483,4725,Revolver Case
Jan 27 2024 01: +0,1.464,5754,Revolver Case
Jan 28 2024 01: +0,1.416,6195,Revolver Case
Jan 29 2024 01: +0,1.445,4140,Revolver Case
Jan 30 2024 01: +0,1.429,4829,Revolver Case
Jan 31 2024 01: +0,1.525,6453,Revolver Case
Feb 01 2024 01: +0,1.551,5418,Revolver Case
Feb 02 2024 01: +0,1.586,5387,Revolver Case
Feb 03 2024 01: +0,1.607,5097,Revolver Case
Feb 04 2024 01: +0,1.598,5046,Revolver Case
Feb 05 2024 01: +0,1.576,3837,Revolver Case
Feb 06 2024 01: +0,1.563,4197,Revolver Case
Feb 07 2024 01: +0,1.482,6041,Revolver Case
Feb 08 2024 01: +0,1.445,4805,Revolver Case
Feb 09 2024 01: +0,1.494,6385,Revolver Case
Feb 10 2024 01: +0,1.511,5500,Revolver Case
Feb 11 2024 01: +0,1.444,6365,Revolver Case
Feb 12 2024 01: +0,1.525,5340,Revolver Case
Feb 13 2024 01: +0,1.502,4484,Revolver Case
Feb 14 2024 01: +0,1.449,4665,Revolver Case
Feb 15 2024 01: +0,1.509,5093,Revolver Case
Feb 16 2024 01: +0,1.525,6603,Revolver Case
Feb 17 2024 01: +0,1.526,6320,Revolver Case
Feb 18 2024 01: +0,1.509,6049,Revolver Case
Feb 19 2024 01: +0,1.523,4435,Revolver Case
Feb 20 2024 01: +0,1.524,5105,Revolver Case
Feb 21 2024 01: +0,1.502,4444,Revolver Case
Feb 22 2024 01: +0,1.518,4531,Revolver Case
Feb 23 2024 01: +0,1.573,5780,Revolver Case
Feb 24 2024 01: +0,1.608,5120,Revolver Case
Feb 25 2024 01: +0,1.621,5452,Revolver Case
Feb 26 2024 01: +0,1.595,4856,Revolver Case
Feb 27 2024 01: +0,1.622,4454,Revolver Case
Feb 28 2024 01: +0,1.59,4628,Revolver Case
Feb 29 2024 01: +0,1.641,4564,Revolver Case
Mar 01 2024 01: +0,1.673,5663,Revolver Case
Mar 02 2024 01: +0,1.649,5939,Revolver Case
Mar 03 2024 01: +0,1.636,5195,Revolver Case
Mar 04 2024 01: +0,1.628,3821,Revolver Case
Mar 05 2024 01: +0,1.587,4135,Revolver Case
Mar 06 2024 01: +0,1.582,3493,Revolver Case
Mar 07 2024 01: +0,1.585,3444,Revolver Case
Mar 08 2024 01: +0,1.628,4584,Revolver Case
Mar 09 2024 01: +0,1.635,4726,Revolver Case
Mar 10 2024 01: +0,1.609,3615,Revolver Case
Mar 11 2024 01: +0,1.609,4093,Revolver Case
Mar 12 2024 01: +0,1.588,3446,Revolver Case
Mar 13 2024 01: +0,1.585,3845,Revolver Case
Mar 14 2024 01: +0,1.493,4862,Revolver Case
Mar 15 2024 01: +0,1.492,4595,Revolver Case
Mar 16 2024 01: +0,1.494,4711,Revolver Case
Mar 17 2024 01: +0,1.497,4238,Revolver Case
Mar 18 2024 01: +0,1.494,3435,Revolver Case
Mar 19 2024 01: +0,1.477,3548,Revolver Case
Mar 20 2024 01: +0,1.447,4496,Revolver Case
Mar 21 2024 01: +0,1.464,3877,Revolver Case
Mar 22 2024 01: +0,1.526,4194,Revolver Case
Mar 23 2024 01: +0,1.53,3639,Revolver Case
Mar 24 2024 01: +0,1.52,2998,Revolver Case
Mar 25 2024 01: +0,1.513,3552,Revolver Case
Mar 26 2024 01: +0,1.511,2727,Revolver Case
Mar 27 2024 01: +0,1.545,4856,Revolver Case
Mar 28 2024 01: +0,1.544,4901,Revolver Case
Mar 29 2024 01: +0,1.565,5715,Revolver Case
Mar 30 2024 01: +0,1.603,4378,Revolver Case
Mar 31 2024 01: +0,1.571,4405,Revolver Case
Apr 01 2024 01: +0,1.54,4438,Revolver Case
Apr 02 2024 01: +0,1.62,4428,Revolver Case
Apr 03 2024 01: +0,1.62,3698,Revolver Case
Apr 04 2024 01: +0,1.66,4664,Revolver Case
Apr 05 2024 01: +0,1.706,5552,Revolver Case
Apr 06 2024 01: +0,1.724,4997,Revolver Case
Apr 07 2024 01: +0,1.725,5327,Revolver Case
Apr 08 2024 01: +0,1.735,4112,Revolver Case
Apr 09 2024 01: +0,1.741,3956,Revolver Case
Apr 10 2024 01: +0,1.737,3898,Revolver Case
Apr 11 2024 01: +0,1.696,4030,Revolver Case
Apr 12 2024 01: +0,1.73,4078,Revolver Case
Apr 13 2024 01: +0,1.725,4727,Revolver Case
Apr 14 2024 01: +0,1.743,4417,Revolver Case
Apr 15 2024 01: +0,1.741,3672,Revolver Case
Apr 16 2024 01: +0,1.724,3100,Revolver Case
Apr 17 2024 01: +0,1.7,2946,Revolver Case
Apr 18 2024 01: +0,1.671,3404,Revolver Case
Apr 19 2024 01: +0,1.717,4032,Revolver Case
Apr 20 2024 01: +0,1.712,4898,Revolver Case
Apr 21 2024 01: +0,1.716,3734,Revolver Case
Apr 22 2024 01: +0,1.68,4028,Revolver Case
Apr 23 2024 01: +0,1.722,3639,Revolver Case
Apr 24 2024 01: +0,1.699,3355,Revolver Case
Apr 25 2024 01: +0,1.708,3429,Revolver Case
Apr 26 2024 01: +0,1.694,4495,Revolver Case
Apr 27 2024 01: +0,1.734,5024,Revolver Case
Apr 28 2024 01: +0,1.704,6342,Revolver Case
Apr 29 2024 01: +0,1.654,3503,Revolver Case
Apr 30 2024 01: +0,1.695,3285,Revolver Case
May 01 2024 01: +0,1.702,3278,Revolver Case
May 02 2024 01: +0,1.732,4488,Revolver Case
May 03 2024 01: +0,1.706,3818,Revolver Case
May 04 2024 01: +0,1.758,4169,Revolver Case
May 05 2024 01: +0,1.728,4587,Revolver Case
May 06 2024 01: +0,1.719,3412,Revolver Case
May 07 2024 01: +0,1.756,4124,Revolver Case
May 08 2024 01: +0,1.755,4293,Revolver Case
May 09 2024 01: +0,1.748,3567,Revolver Case
May 10 2024 01: +0,1.788,3484,Revolver Case
May 11 2024 01: +0,1.779,3827,Revolver Case
May 12 2024 01: +0,1.804,3391,Revolver Case
May 13 2024 01: +0,1.777,3044,Revolver Case
May 14 2024 01: +0,1.776,5031,Revolver Case
May 15 2024 01: +0,1.764,3686,Revolver Case
May 16 2024 01: +0,1.813,4321,Revolver Case
May 17 2024 01: +0,1.813,4341,Revolver Case
May 18 2024 01: +0,1.78,4168,Revolver Case
May 19 2024 01: +0,1.767,3739,Revolver Case
May 20 2024 01: +0,1.762,3601,Revolver Case
May 21 2024 01: +0,1.755,2899,Revolver Case
May 22 2024 01: +0,1.737,2670,Revolver Case
May 23 2024 01: +0,1.693,3618,Revolver Case
May 24 2024 01: +0,1.678,4544,Revolver Case
May 25 2024 01: +0,1.665,4094,Revolver Case
May 26 2024 01: +0,1.679,5011,Revolver Case
May 27 2024 01: +0,1.693,3793,Revolver Case
May 28 2024 01: +0,1.718,3516,Revolver Case
May 29 2024 01: +0,1.707,3030,Revolver Case
May 30 2024 01: +0,1.69,4304,Revolver Case
May 31 2024 01: +0,1.727,5446,Revolver Case
Jun 01 2024 01: +0,1.746,4569,Revolver Case
Jun 02 2024 01: +0,1.745,4096,Revolver Case
Jun 03 2024 01: +0,1.737,4152,Revolver Case
Jun 04 2024 01: +0,1.741,5429,Revolver Case
Jun 05 2024 01: +0,1.777,4483,Revolver Case
Jun 06 2024 01: +0,1.784,3145,Revolver Case
Jun 07 2024 01: +0,1.798,4088,Revolver Case
Jun 08 2024 01: +0,1.796,4450,Revolver Case
Jun 09 2024 01: +0,1.816,5149,Revolver Case
Jun 10 2024 01: +0,1.825,4406,Revolver Case
Jun 11 2024 01: +0,1.799,3318,Revolver Case
Jun 12 2024 01: +0,1.795,3258,Revolver Case
Jun 13 2024 01: +0,1.803,3689,Revolver Case
Jun 14 2024 01: +0,1.797,4038,Revolver Case
Jun 15 2024 01: +0,1.799,4850,Revolver Case
Jun 16 2024 01: +0,1.801,5434,Revolver Case
Jun 17 2024 01: +0,1.759,3135,Revolver Case
Jun 18 2024 01: +0,1.753,4039,Revolver Case
Jun 19 2024 01: +0,1.746,4725,Revolver Case
Jun 20 2024 01: +0,1.738,3807,Revolver Case
Jun 21 2024 01: +0,1.74,4046,Revolver Case
Jun 22 2024 01: +0,1.714,3193,Revolver Case
Jun 23 2024 01: +0,1.74,3997,Revolver Case
Jun 24 2024 01: +0,1.707,3076,Revolver Case
Jun 25 2024 01: +0,1.73,3142,Revolver Case
Jun 26 2024 01: +0,1.707,3103,Revolver Case
Jun 27 2024 01: +0,1.693,4085,Revolver Case
Jun 28 2024 01: +0,1.68,3985,Revolver Case
Jun 29 2024 01: +0,1.671,3814,Revolver Case
Jun 30 2024 01: +0,1.699,4915,Revolver Case
Jul 01 2024 01: +0,1.702,3035,Revolver Case
Jul 02 2024 01: +0,1.714,4321,Revolver Case
Jul 03 2024 01: +0,1.715,4028,Revolver Case
Jul 04 2024 01: +0,1.728,4466,Revolver Case
Jul 05 2024 01: +0,1.74,5156,Revolver Case
Jul 06 2024 01: +0,1.72,4418,Revolver Case
Jul 07 2024 01: +0,1.725,3267,Revolver Case
Jul 08 2024 01: +0,1.737,4137,Revolver Case
Jul 09 2024 01: +0,1.737,4275,Revolver Case
Jul 10 2024 01: +0,1.716,4651,Revolver Case
Jul 11 2024 01: +0,1.674,3936,Revolver Case
Jul 12 2024 01: +0,1.714,5100,Revolver Case
Jul 13 2024 01: +0,1.743,3028,Revolver Case
Jul 14 2024 01: +0,1.781,3620,Revolver Case
Jul 15 2024 01: +0,1.767,3089,Revolver Case
Jul 16 2024 01: +0,1.784,3192,Revolver Case
Jul 17 2024 01: +0,1.794,2948,Revolver Case
Jul 18 2024 01: +0,1.815,3296,Revolver Case
Jul 19 2024 01: +0,1.814,4348,Revolver Case
Jul 20 2024 01: +0,1.809,3813,Revolver Case
Jul 21 2024 01: +0,1.829,4398,Revolver Case
Jul 22 2024 01: +0,1.81,2770,Revolver Case
Jul 23 2024 01: +0,1.81,3080,Revolver Case
Jul 24 2024 01: +0,1.802,3259,Revolver Case
Jul 25 2024 01: +0,1.8,3535,Revolver Case
Jul 26 2024 01: +0,1.812,3880,Revolver Case
Jul 27 2024 01: +0,1.813,3699,Revolver Case
Jul 28 2024 01: +0,1.799,3136,Revolver Case
Jul 29 2024 01: +0,1.797,3686,Revolver Case
Jul 30 2024 01: +0,1.795,3433,Revolver Case
Jul 31 2024 01: +0,1.813,3457,Revolver Case
Aug 01 2024 01: +0,1.829,3595,Revolver Case
Aug 02 2024 01: +0,1.885,5418,Revolver Case
Aug 03 2024 01: +0,1.91,3987,Revolver Case
Aug 04 2024 01: +0,1.9,4377,Revolver Case
Aug 05 2024 01: +0,1.897,3053,Revolver Case
Aug 06 2024 01: +0,1.925,3644,Revolver Case
Aug 07 2024 01: +0,1.951,4218,Revolver Case
Aug 08 2024 01: +0,1.934,3305,Revolver Case
Aug 09 2024 01: +0,1.928,3330,Revolver Case
Aug 10 2024 01: +0,1.905,4308,Revolver Case
Aug 11 2024 01: +0,1.945,4577,Revolver Case
Aug 12 2024 01: +0,1.932,3465,Revolver Case
Aug 13 2024 01: +0,1.923,3917,Revolver Case
Aug 14 2024 01: +0,1.935,5346,Revolver Case
Aug 15 2024 01: +0,1.945,5169,Revolver Case
Aug 16 2024 01: +0,1.981,6652,Revolver Case
Aug 17 2024 01: +0,2.046,5510,Revolver Case
Aug 18 2024 01: +0,2.002,3737,Revolver Case
Aug 19 2024 01: +0,1.972,3349,Revolver Case
Aug 20 2024 01: +0,1.965,3790,Revolver Case
Aug 21 2024 01: +0,1.97,4022,Revolver Case
Aug 22 2024 01: +0,1.988,4407,Revolver Case
Aug 23 2024 01: +0,1.99,4459,Revolver Case
Aug 24 2024 01: +0,1.99,3630,Revolver Case
Aug 25 2024 01: +0,1.973,3675,Revolver Case
Aug 26 2024 01: +0,2.001,3825,Revolver Case
Aug 27 2024 01: +0,2.005,4222,Revolver Case
Aug 28 2024 01: +0,1.98,3886,Revolver Case
Aug 29 2024 01: +0,2.009,4558,Revolver Case
Aug 30 2024 01: +0,2.018,4778,Revolver Case
Aug 31 2024 01: +0,2.033,4501,Revolver Case
Sep 01 2024 01: +0,2.022,3698,Revolver Case
Sep 02 2024 01: +0,2.027,4612,Revolver Case
Sep 03 2024 01: +0,2.01,3035,Revolver Case
Sep 04 2024 01: +0,2.0,4618,Revolver Case
Sep 05 2024 01: +0,1.987,3792,Revolver Case
Sep 06 2024 01: +0,1.996,4273,Revolver Case
Sep 07 2024 01: +0,2.026,4116,Revolver Case
Sep 08 2024 01: +0,2.036,4628,Revolver Case
Sep 09 2024 01: +0,2.029,3832,Revolver Case
Sep 10 2024 01: +0,2.035,3635,Revolver Case
Sep 11 2024 01: +0,2.028,4061,Revolver Case
Sep 12 2024 01: +0,2.046,5004,Revolver Case
Sep 13 2024 01: +0,2.037,5166,Revolver Case
Sep 14 2024 01: +0,2.044,4600,Revolver Case
Sep 15 2024 01: +0,2.043,3952,Revolver Case
Sep 16 2024 01: +0,2.055,4042,Revolver Case
Sep 17 2024 01: +0,2.046,3237,Revolver Case
Sep 18 2024 01: +0,2.048,2836,Revolver Case
Sep 19 2024 01: +0,2.047,3048,Revolver Case
Sep 20 2024 01: +0,2.037,3459,Revolver Case
Sep 21 2024 01: +0,2.022,3754,Revolver Case
Sep 22 2024 01: +0,2.0,3234,Revolver Case
Sep 23 2024 01: +0,1.978,2523,Revolver Case
Sep 24 2024 01: +0,1.968,3238,Revolver Case
Sep 25 2024 01: +0,1.963,3461,Revolver Case
Sep 26 2024 01: +0,1.937,4157,Revolver Case
Sep 27 2024 01: +0,1.962,3808,Revolver Case
Sep 28 2024 01: +0,1.998,3898,Revolver Case
Sep 29 2024 01: +0,1.995,4958,Revolver Case
Sep 30 2024 01: +0,2.036,3582,Revolver Case
Oct 01 2024 01: +0,2.03,4207,Revolver Case
Oct 02 2024 01: +0,2.014,3684,Revolver Case
Oct 03 2024 01: +0,1.874,5508,Revolver Case
Oct 04 2024 01: +0,1.921,4087,Revolver Case
Oct 05 2024 01: +0,1.93,3120,Revolver Case
Oct 06 2024 01: +0,1.946,2831,Revolver Case
Oct 07 2024 01: +0,1.96,2509,Revolver Case
Oct 08 2024 01: +0,1.944,1932,Revolver Case
Oct 09 2024 01: +0,1.964,2834,Revolver Case
Oct 10 2024 01: +0,1.92,3188,Revolver Case
Oct 11 2024 01: +0,1.952,3595,Revolver Case
Oct 12 2024 01: +0,1.939,3161,Revolver Case
Oct 13 2024 01: +0,1.939,2649,Revolver Case
Oct 14 2024 01: +0,1.971,3306,Revolver Case
Oct 15 2024 01: +0,1.945,3308,Revolver Case
Oct 16 2024 01: +0,1.919,2829,Revolver Case
Oct 17 2024 01: +0,1.958,3254,Revolver Case
Oct 18 2024 01: +0,1.972,4693,Revolver Case
Oct 19 2024 01: +0,1.98,3721,Revolver Case
Oct 20 2024 01: +0,1.971,3810,Revolver Case
Oct 21 2024 01: +0,1.929,3228,Revolver Case
Oct 22 2024 01: +0,1.97,2951,Revolver Case
Oct 23 2024 01: +0,1.98,3750,Revolver Case
Oct 24 2024 01: +0,1.975,4324,Revolver Case
Oct 25 2024 01: +0,1.954,2984,Revolver Case
Oct 26 2024 01: +0,2.019,3657,Revolver Case
Oct 27 2024 01: +0,1.999,3704,Revolver Case
Oct 28 2024 01: +0,1.959,3476,Revolver Case
Oct 29 2024 01: +0,1.989,3673,Revolver Case
Oct 30 2024 01: +0,1.976,3592,Revolver Case
Oct 31 2024 01: +0,1.988,4480,Revolver Case
Nov 01 2024 01: +0,2.002,4697,Revolver Case
Nov 02 2024 01: +0,2.018,4827,Revolver Case
Nov 03 2024 01: +0,2.045,6007,Revolver Case
Nov 04 2024 01: +0,2.038,2964,Revolver Case
Nov 05 2024 01: +0,2.05,3646,Revolver Case
Nov 06 2024 01: +0,2.054,3228,Revolver Case
Nov 07 2024 01: +0,2.042,3541,Revolver Case
Nov 08 2024 01: +0,2.05,3459,Revolver Case
Nov 09 2024 01: +0,2.077,4360,Revolver Case
Nov 10 2024 01: +0,2.074,3376,Revolver Case
Nov 11 2024 01: +0,2.075,3227,Revolver Case
Nov 12 2024 01: +0,2.083,3236,Revolver Case
Nov 13 2024 01: +0,2.053,2729,Revolver Case
Nov 14 2024 01: +0,2.05,4180,Revolver Case
Nov 15 2024 01: +0,2.053,3041,Revolver Case
Nov 16 2024 01: +0,2.058,2556,Revolver Case
Nov 17 2024 01: +0,2.061,3946,Revolver Case
Nov 18 2024 01: +0,2.04,3157,Revolver Case
Nov 19 2024 01: +0,2.105,3903,Revolver Case
Nov 20 2024 01: +0,2.061,2582,Revolver Case
Nov 21 2024 01: +0,2.076,2479,Revolver Case
Nov 22 2024 01: +0,2.062,3166,Revolver Case
Nov 23 2024 01: +0,2.033,2775,Revolver Case
Nov 24 2024 01: +0,2.014,2362,Revolver Case
Nov 25 2024 01: +0,1.996,3321,Revolver Case
Nov 26 2024 01: +0,2.016,4759,Revolver Case
Nov 27 2024 01: +0,2.034,3562,Revolver Case
Nov 28 2024 01: +0,2.0,3913,Revolver Case
Nov 29 2024 01: +0,2.029,4258,Revolver Case
Nov 30 2024 01: +0,2.031,3847,Revolver Case
Dec 01 2024 01: +0,1.987,3158,Revolver Case
Dec 02 2024 01: +0,2.048,3456,Revolver Case
Dec 03 2024 01: +0,2.032,2968,Revolver Case
Dec 04 2024 01: +0,2.037,3484,Revolver Case
Dec 05 2024 01: +0,2.059,3372,Revolver Case
Dec 06 2024 01: +0,2.09,3491,Revolver Case
Dec 07 2024 01: +0,2.087,3662,Revolver Case
Dec 08 2024 01: +0,2.058,3511,Revolver Case
Dec 09 2024 01: +0,2.085,3104,Revolver Case
Dec 10 2024 01: +0,2.092,3263,Revolver Case
Dec 11 2024 01: +0,2.088,3394,Revolver Case
Dec 12 2024 01: +0,2.059,3190,Revolver Case
Dec 13 2024 01: +0,2.096,3979,Revolver Case
Dec 14 2024 01: +0,2.063,3703,Revolver Case
Dec 15 2024 01: +0,2.069,3286,Revolver Case
Dec 16 2024 01: +0,2.077,3300,Revolver Case
Dec 17 2024 01: +0,2.096,4194,Revolver Case
Dec 18 2024 01: +0,2.062,3027,Revolver Case
Dec 19 2024 01: +0,2.038,2892,Revolver Case
Dec 20 2024 01: +0,2.019,3593,Revolver Case
Dec 21 2024 01: +0,2.035,3400,Revolver Case
Dec 22 2024 01: +0,2.068,3861,Revolver Case
Dec 23 2024 01: +0,2.076,3763,Revolver Case
Dec 24 2024 01: +0,2.149,3852,Revolver Case
Dec 25 2024 01: +0,2.195,5284,Revolver Case
Dec 26 2024 01: +0,2.242,4614,Revolver Case
Dec 27 2024 01: +0,2.263,4734,Revolver Case
Dec 28 2024 01: +0,2.287,4827,Revolver Case
Dec 29 2024 01: +0,2.272,3895,Revolver Case
Dec 30 2024 01: +0,2.297,3572,Revolver Case
Dec 31 2024 01: +0,2.347,3679,Revolver Case
Jan 01 2025 01: +0,2.321,3836,Revolver Case
Jan 02 2025 01: +0,2.299,3210,Revolver Case
Jan 03 2025 01: +0,2.355,3623,Revolver Case
Jan 04 2025 01: +0,2.406,4554,Revolver Case
Jan 05 2025 01: +0,2.427,3052,Revolver Case
Jan 06 2025 01: +0,2.409,2579,Revolver Case
Jan 07 2025 01: +0,2.475,2871,Revolver Case
Jan 08 2025 01: +0,2.446,2747,Revolver Case
Jan 09 2025 01: +0,2.402,2745,Revolver Case
Jan 10 2025 01: +0,2.429,2854,Revolver Case
Jan 11 2025 01: +0,2.447,4506,Revolver Case
Jan 12 2025 01: +0,2.362,3363,Revolver Case
Jan 13 2025 01: +0,2.458,3814,Revolver Case
Jan 14 2025 01: +0,2.431,2915,Revolver Case
Jan 15 2025 01: +0,2.372,2487,Revolver Case
Jan 16 2025 01: +0,2.348,2641,Revolver Case
Jan 17 2025 01: +0,2.398,3290,Revolver Case
Jan 18 2025 01: +0,2.407,3675,Revolver Case
Jan 19 2025 01: +0,2.395,3069,Revolver Case
Jan 20 2025 01: +0,2.424,2995,Revolver Case
Jan 21 2025 01: +0,2.423,3080,Revolver Case
Jan 22 2025 01: +0,2.421,3301,Revolver Case
Jan 23 2025 01: +0,2.469,3343,Revolver Case
Jan 24 2025 01: +0,2.483,4467,Revolver Case
Jan 25 2025 01: +0,2.46,3193,Revolver Case
Jan 26 2025 01: +0,2.504,4553,Revolver Case
Jan 27 2025 01: +0,2.541,3570,Revolver Case
Jan 28 2025 01: +0,2.569,2917,Revolver Case
Jan 29 2025 01: +0,2.561,3158,Revolver Case
Jan 30 2025 01: +0,2.516,3772,Revolver Case
Jan 31 2025 01: +0,2.636,4237,Revolver Case
Feb 01 2025 01: +0,2.772,3652,Revolver Case
Feb 02 2025 01: +0,2.711,3066,Revolver Case
Feb 03 2025 01: +0,2.773,2869,Revolver Case
Feb 04 2025 01: +0,2.695,3243,Revolver Case
Feb 05 2025 01: +0,2.777,2941,Revolver Case
Feb 06 2025 01: +0,2.741,3260,Revolver Case
Feb 07 2025 01: +0,2.803,3086,Revolver Case
Feb 08 2025 01: +0,2.792,3186,Revolver Case
Feb 09 2025 01: +0,2.761,2872,Revolver Case
Feb 10 2025 01: +0,2.768,2614,Revolver Case
Feb 11 2025 01: +0,2.739,2590,Revolver Case
Feb 12 2025 01: +0,2.799,2874,Revolver Case
Feb 13 2025 01: +0,2.765,2666,Revolver Case
Feb 14 2025 01: +0,2.783,2975,Revolver Case
Feb 15 2025 01: +0,2.79,2972,Revolver Case
Feb 16 2025 01: +0,2.84,3158,Revolver Case
Feb 17 2025 01: +0,2.847,3061,Revolver Case
Feb 18 2025 01: +0,2.853,2935,Revolver Case
Feb 19 2025 01: +0,2.835,3591,Revolver Case
Feb 20 2025 01: +0,2.824,3649,Revolver Case
Feb 21 2025 01: +0,2.852,3490,Revolver Case
Feb 22 2025 01: +0,2.872,3495,Revolver Case
Feb 23 2025 01: +0,2.91,4165,Revolver Case
Feb 24 2025 01: +0,2.883,2753,Revolver Case
Feb 25 2025 01: +0,2.879,3553,Revolver Case
Feb 26 2025 01: +0,2.841,3130,Revolver Case
Feb 27 2025 01: +0,2.882,3070,Revolver Case
Feb 28 2025 01: +0,2.93,3425,Revolver Case
Mar 01 2025 01: +0,2.885,3866,Revolver Case
Mar 02 2025 01: +0,2.858,3221,Revolver Case
Mar 03 2025 01: +0,2.931,3074,Revolver Case
Mar 04 2025 01: +0,2.876,2280,Revolver Case
Mar 05 2025 01: +0,2.977,3285,Revolver Case
Mar 06 2025 01: +0,3.028,3469,Revolver Case
Mar 07 2025 01: +0,3.062,2889,Revolver Case
Mar 08 2025 01: +0,3.066,3028,Revolver Case
Mar 09 2025 01: +0,3.025,2413,Revolver Case
Mar 10 2025 01: +0,2.93,1881,Revolver Case
Mar 11 2025 01: +0,2.971,2261,Revolver Case
Mar 12 2025 01: +0,2.965,2296,Revolver Case
Mar 13 2025 01: +0,2.967,2696,Revolver Case
Mar 14 2025 01: +0,2.929,3428,Revolver Case
Mar 15 2025 01: +0,2.942,3026,Revolver Case
Mar 16 2025 01: +0,2.888,3070,Revolver Case
Mar 17 2025 01: +0,2.881,2639,Revolver Case
Mar 18 2025 01: +0,2.957,2511,Revolver Case
Mar 19 2025 01: +0,2.865,2531,Revolver Case
Mar 20 2025 01: +0,2.853,2738,Revolver Case
Mar 21 2025 01: +0,2.919,2736,Revolver Case
Mar 22 2025 01: +0,2.896,2876,Revolver Case
Mar 23 2025 01: +0,2.885,3095,Revolver Case
Mar 24 2025 01: +0,2.83,2219,Revolver Case
Mar 25 2025 01: +0,2.85,2542,Revolver Case
Mar 26 2025 01: +0,2.841,2875,Revolver Case
Mar 27 2025 01: +0,2.876,2758,Revolver Case
Mar 28 2025 01: +0,2.872,2834,Revolver Case
Mar 29 2025 01: +0,2.85,3313,Revolver Case
Mar 30 2025 01: +0,2.929,3415,Revolver Case
Mar 31 2025 01: +0,2.943,2488,Revolver Case
Apr 01 2025 01: +0,2.837,2724,Revolver Case
Apr 02 2025 01: +0,2.853,2540,Revolver Case
Apr 03 2025 01: +0,2.867,2200,Revolver Case
Apr 04 2025 01: +0,2.881,2554,Revolver Case
Apr 05 2025 01: +0,2.922,2944,Revolver Case
Apr 06 2025 01: +0,2.936,2611,Revolver Case
Apr 07 2025 01: +0,2.911,2458,Revolver Case
Apr 08 2025 01: +0,2.912,2391,Revolver Case
Apr 09 2025 01: +0,2.898,2529,Revolver Case
Apr 10 2025 01: +0,2.9,2096,Revolver Case
Apr 11 2025 01: +0,2.937,2420,Revolver Case
Apr 12 2025 01: +0,2.873,2214,Revolver Case
Apr 13 2025 01: +0,2.884,1901,Revolver Case
Apr 14 2025 01: +0,2.9,2138,Revolver Case
Apr 15 2025 01: +0,2.886,2089,Revolver Case
Apr 16 2025 01: +0,2.878,2330,Revolver Case
Apr 17 2025 01: +0,2.869,2126,Revolver Case
Apr 18 2025 01: +0,2.844,2603,Revolver Case
Apr 19 2025 01: +0,2.834,2246,Revolver Case
Apr 20 2025 01: +0,2.837,2356,Revolver Case
Apr 21 2025 01: +0,2.835,2467,Revolver Case
Apr 22 2025 01: +0,2.854,2103,Revolver Case
Apr 23 2025 01: +0,2.859,2963,Revolver Case
Apr 24 2025 01: +0,2.863,2493,Revolver Case
Apr 25 2025 01: +0,2.872,4132,Revolver Case
Apr 26 2025 01: +0,2.887,2587,Revolver Case
Apr 27 2025 01: +0,2.899,2650,Revolver Case
Apr 28 2025 01: +0,2.93,2090,Revolver Case
Apr 29 2025 01: +0,3.061,5629,Revolver Case
Apr 30 2025 01: +0,3.177,3015,Revolver Case
May 01 2025 01: +0,3.211,3176,Revolver Case
May 02 2025 01: +0,3.476,7930,Revolver Case
May 03 2025 01: +0,3.633,3242,Revolver Case
May 04 2025 01: +0,3.696,4108,Revolver Case
May 05 2025 01: +0,3.686,2347,Revolver Case
May 06 2025 01: +0,3.826,3045,Revolver Case
May 07 2025 01: +0,3.786,2502,Revolver Case
May 08 2025 01: +0,3.397,1907,Revolver Case
May 09 2025 01: +0,3.432,2164,Revolver Case
May 10 2025 01: +0,3.365,1696,Revolver Case
May 11 2025 01: +0,3.348,2162,Revolver Case
May 12 2025 01: +0,3.294,1793,Revolver Case
May 13 2025 01: +0,3.255,1856,Revolver Case
May 14 2025 01: +0,3.263,2238,Revolver Case
May 15 2025 01: +0,3.311,2602,Revolver Case
May 16 2025 01: +0,3.412,2263,Revolver Case
May 17 2025 01: +0,3.394,2474,Revolver Case
May 18 2025 01: +0,3.292,2302,Revolver Case
May 19 2025 01: +0,3.379,2031,Revolver Case
May 20 2025 01: +0,3.417,1877,Revolver Case
May 21 2025 01: +0,3.411,1900,Revolver Case
May 22 2025 01: +0,3.475,1869,Revolver Case
May 23 2025 01: +0,3.429,2306,Revolver Case
May 24 2025 01: +0,3.445,1926,Revolver Case
May 25 2025 01: +0,3.387,2018,Revolver Case
May 26 2025 01: +0,3.449,2479,Revolver Case
May 27 2025 01: +0,3.444,1702,Revolver Case
May 28 2025 01: +0,3.484,1736,Revolver Case
May 29 2025 01: +0,3.469,1980,Revolver Case
May 30 2025 01: +0,3.457,1980,Revolver Case
May 31 2025 01: +0,3.478,2166,Revolver Case
Jun 01 2025 01: +0,3.5,1997,Revolver Case
Jun 02 2025 01: +0,3.46,1440,Revolver Case
Jun 03 2025 01: +0,3.452,1807,Revolver Case
Jun 04 2025 01: +0,3.421,1866,Revolver Case
Jun 05 2025 01: +0,3.478,1838,Revolver Case
Jun 06 2025 01: +0,3.47,2255,Revolver Case
Jun 07 2025 01: +0,3.537,2167,Revolver Case
Jun 08 2025 01: +0,3.475,2128,Revolver Case
Jun 09 2025 01: +0,3.446,1879,Revolver Case
Jun 10 2025 01: +0,3.417,1477,Revolver Case
Jun 11 2025 01: +0,3.379,1634,Revolver Case
Jun 12 2025 01: +0,3.396,2167,Revolver Case
Jun 13 2025 01: +0,3.491,1849,Revolver Case
Jun 14 2025 01: +0,3.451,1749,Revolver Case
Jun 15 2025 01: +0,3.506,2280,Revolver Case
Jun 16 2025 01: +0,3.458,1684,Revolver Case
Jun 17 2025 01: +0,3.472,1783,Revolver Case
Jun 18 2025 01: +0,3.403,1511,Revolver Case
Jun 19 2025 01: +0,3.394,1714,Revolver Case
Jun 20 2025 01: +0,3.393,1800,Revolver Case
Jun 21 2025 01: +0,3.397,2309,Revolver Case
Jun 22 2025 01: +0,3.355,1749,Revolver Case
Jun 23 2025 01: +0,3.291,1499,Revolver Case
Jun 24 2025 01: +0,3.293,2050,Revolver Case
Jun 25 2025 01: +0,3.359,2114,Revolver Case
Jun 26 2025 01: +0,3.394,2242,Revolver Case
Jun 27 2025 01: +0,3.409,2468,Revolver Case
Jun 28 2025 01: +0,3.498,2592,Revolver Case
Jun 29 2025 01: +0,3.568,3759,Revolver Case
Jun 30 2025 01: +0,3.663,3709,Revolver Case
Jul 01 2025 01: +0,3.716,2712,Revolver Case
Jul 02 2025 01: +0,3.774,3813,Revolver Case
Jul 03 2025 01: +0,3.837,3235,Revolver Case
Jul 04 2025 01: +0,3.873,2983,Revolver Case
Jul 05 2025 01: +0,3.847,2412,Revolver Case
Jul 06 2025 01: +0,3.795,2615,Revolver Case
Jul 07 2025 01: +0,3.786,3621,Revolver Case
Jul 08 2025 01: +0,3.726,2508,Revolver Case
Jul 09 2025 01: +0,3.866,3187,Revolver Case
Jul 10 2025 01: +0,3.918,3392,Revolver Case
Jul 11 2025 01: +0,4.042,4106,Revolver Case
Jul 12 2025 01: +0,4.255,2350,Revolver Case
Jul 13 2025 01: +0,4.365,2489,Revolver Case
Jul 14 2025 01: +0,4.374,2257,Revolver Case
Jul 15 2025 01: +0,4.357,2637,Revolver Case
Jul 16 2025 01: +0,4.318,3209,Revolver Case
Jul 17 2025 01: +0,4.262,2439,Revolver Case
Jul 18 2025 01: +0,4.322,2292,Revolver Case
Jul 19 2025 01: +0,4.353,2399,Revolver Case
Jul 20 2025 01: +0,4.207,2377,Revolver Case
Jul 21 2025 01: +0,4.118,1947,Revolver Case
Jul 22 2025 01: +0,4.106,2036,Revolver Case
Jul 23 2025 01: +0,3.844,1656,Revolver Case
Jul 24 2025 01: +0,3.971,1944,Revolver Case
Jul 25 2025 01: +0,3.996,2070,Revolver Case
Jul 26 2025 01: +0,4.129,2132,Revolver Case
Jul 27 2025 01: +0,4.051,1864,Revolver Case
Jul 28 2025 01: +0,4.085,1642,Revolver Case
Jul 29 2025 01: +0,4.105,2110,Revolver Case
Jul 30 2025 01: +0,4.035,2468,Revolver Case
Jul 31 2025 01: +0,4.068,2504,Revolver Case
Aug 01 2025 01: +0,4.063,2008,Revolver Case
Aug 02 2025 01: +0,4.097,2365,Revolver Case
Aug 03 2025 01: +0,4.061,1994,Revolver Case
Aug 04 2025 01: +0,4.024,1629,Revolver Case
Aug 05 2025 01: +0,4.095,2329,Revolver Case
Aug 06 2025 01: +0,3.986,1903,Revolver Case
Aug 07 2025 01: +0,3.947,1577,Revolver Case
Aug 08 2025 01: +0,3.992,2172,Revolver Case
Aug 09 2025 01: +0,4.096,2462,Revolver Case
Aug 10 2025 01: +0,4.008,1723,Revolver Case
Aug 11 2025 01: +0,4.007,1949,Revolver Case
Aug 12 2025 01: +0,3.903,1543,Revolver Case
Aug 13 2025 01: +0,3.934,1724,Revolver Case
Aug 14 2025 01: +0,3.921,1693,Revolver Case
Aug 15 2025 01: +0,3.981,2527,Revolver Case
Aug 16 2025 01: +0,3.965,2464,Revolver Case
Aug 17 2025 01: +0,3.968,2530,Revolver Case
Aug 18 2025 01: +0,3.982,2159,Revolver Case
Aug 19 2025 01: +0,3.921,1878,Revolver Case
Aug 20 2025 01: +0,3.838,1862,Revolver Case
Aug 21 2025 01: +0,3.737,1782,Revolver Case
Aug 22 2025 01: +0,3.884,2466,Revolver Case
Aug 23 2025 01: +0,3.841,2218,Revolver Case
Aug 24 2025 01: +0,3.769,2620,Revolver Case
Aug 25 2025 01: +0,3.83,1808,Revolver Case
Aug 26 2025 01: +0,3.702,1535,Revolver Case
Aug 27 2025 01: +0,3.657,1983,Revolver Case
Aug 28 2025 01: +0,3.617,2125,Revolver Case
Aug 29 2025 01: +0,3.717,2069,Revolver Case
Aug 30 2025 01: +0,3.704,2225,Revolver Case
Aug 31 2025 01: +0,3.585,2184,Revolver Case
Sep 01 2025 01: +0,3.631,1795,Revolver Case
Sep 02 2025 01: +0,3.623,1794,Revolver Case
Sep 03 2025 01: +0,3.599,2146,Revolver Case
Sep 04 2025 01: +0,3.569,2180,Revolver Case
Sep 05 2025 01: +0,3.576,3205,Revolver Case
Sep 06 2025 01: +0,3.61,2850,Revolver Case
Sep 07 2025 01: +0,3.593,2164,Revolver Case
Sep 08 2025 01: +0,3.619,3256,Revolver Case
Sep 09 2025 01: +0,3.729,3239,Revolver Case
Sep 10 2025 01: +0,3.758,3201,Revolver Case
Sep 11 2025 01: +0,3.982,7144,Revolver Case
Sep 12 2025 01: +0,4.37,6575,Revolver Case
Sep 13 2025 01: +0,4.287,3242,Revolver Case
Sep 14 2025 01: +0,4.258,3705,Revolver Case
Sep 15 2025 01: +0,4.167,2302,Revolver Case
Sep 16 2025 01: +0,4.18,1838,Revolver Case
Sep 17 2025 01: +0,4.079,3077,Revolver Case
Sep 18 2025 01: +0,3.867,2313,Revolver Case
Sep 19 2025 01: +0,3.804,2050,Revolver Case
Sep 20 2025 01: +0,3.774,1903,Revolver Case
Sep 21 2025 01: +0,3.67,2277,Revolver Case
Sep 22 2025 01: +0,3.726,2792,Revolver Case
Sep 23 2025 01: +0,3.589,2347,Revolver Case
Sep 24 2025 01: +0,3.57,2580,Revolver Case
Sep 25 2025 01: +0,3.579,2533,Revolver Case
Sep 26 2025 01: +0,3.618,2541,Revolver Case
Sep 27 2025 01: +0,3.592,2216,Revolver Case
Sep 28 2025 01: +0,3.559,2075,Revolver Case
Sep 29 2025 01: +0,3.487,2007,Revolver Case
Sep 30 2025 01: +0,3.485,2165,Revolver Case
Oct 01 2025 01: +0,3.45,2080,Revolver Case
Oct 02 2025 01: +0,3.469,2310,Revolver Case
Oct 03 2025 01: +0,3.469,2274,Revolver Case
Oct 04 2025 01: +0,3.433,2434,Revolver Case
Oct 05 2025 01: +0,3.393,2376,Revolver Case
Oct 06 2025 01: +0,3.425,2516,Revolver Case
Oct 07 2025 01: +0,3.47,2661,Revolver Case
Oct 08 2025 01: +0,3.474,2180,Revolver Case
Oct 09 2025 01: +0,3.449,2967,Revolver Case
Oct 10 2025 01: +0,3.452,3307,Revolver Case
Oct 11 2025 01: +0,3.475,2901,Revolver Case
Oct 12 2025 01: +0,3.492,2042,Revolver Case
Oct 13 2025 01: +0,3.508,1982,Revolver Case
Oct 14 2025 01: +0,3.553,2505,Revolver Case
Oct 15 2025 01: +0,3.48,2320,Revolver Case
Oct 16 2025 01: +0,3.615,2681,Revolver Case
Oct 17 2025 01: +0,3.57,2005,Revolver Case
Oct 18 2025 01: +0,3.595,2623,Revolver Case
Oct 19 2025 01: +0,3.575,2313,Revolver Case
Oct 20 2025 01: +0,3.503,1844,Revolver Case
Oct 21 2025 01: +0,3.533,1471,Revolver Case
Oct 22 2025 01: +0,3.486,2069,Revolver Case
Oct 23 2025 01: +0,3.052,15918,Revolver Case
Oct 24 2025 01: +0,2.395,17144,Revolver Case
Oct 25 2025 01: +0,3.012,6175,Revolver Case
Oct 26 2025 01: +0,3.167,3838,Revolver Case
Oct 27 2025 01: +0,3.066,3173,Revolver Case
Oct 28 2025 01: +0,2.953,3190,Revolver Case
Oct 29 2025 01: +0,2.647,3357,Revolver Case
Oct 30 2025 01: +0,2.881,4973,Revolver Case
Oct 31 2025 01: +0,3.227,3717,Revolver Case
Nov 01 2025 01: +0,3.306,4996,Revolver Case
Nov 02 2025 01: +0,3.383,5042,Revolver Case
Nov 03 2025 01: +0,3.515,3822,Revolver Case
Nov 04 2025 01: +0,3.516,3055,Revolver Case
Nov 05 2025 01: +0,3.404,2769,Revolver Case
Nov 06 2025 01: +0,3.513,2694,Revolver Case
Nov 07 2025 01: +0,3.415,2685,Revolver Case
Nov 08 2025 01: +0,3.456,2834,Revolver Case
Nov 09 2025 01: +0,3.364,2848,Revolver Case
Nov 10 2025 01: +0,3.232,2362,Revolver Case
Nov 11 2025 01: +0,3.216,2399,Revolver Case
Nov 12 2025 01: +0,3.203,2530,Revolver Case
Nov 13 2025 01: +0,3.089,3077,Revolver Case
Nov 14 2025 01: +0,3.174,2562,Revolver Case
Nov 15 2025 01: +0,3.176,2536,Revolver Case
Nov 16 2025 01: +0,3.078,2250,Revolver Case
Nov 17 2025 01: +0,3.074,1928,Revolver Case
Nov 18 2025 01: +0,3.087,2055,Revolver Case
Nov 19 2025 01: +0,3.05,2217,Revolver Case
Nov 20 2025 01: +0,3.103,2440,Revolver Case
Nov 21 2025 01: +0,3.141,2967,Revolver Case
Nov 22 2025 01: +0,3.091,2661,Revolver Case
Nov 23 2025 01: +0,2.975,2032,Revolver Case
Nov 24 2025 01: +0,2.984,1930,Revolver Case
Nov 25 2025 01: +0,3.029,2494,Revolver Case
Nov 26 2025 01: +0,3.051,2303,Revolver Case
Nov 27 2025 01: +0,3.098,2332,Revolver Case
Nov 28 2025 01: +0,3.116,2734,Revolver Case
Nov 29 2025 01: +0,3.158,2987,Revolver Case
Nov 30 2025 01: +0,3.142,2701,Revolver Case
Dec 01 2025 01: +0,3.084,2542,Revolver Case
Dec 02 2025 01: +0,3.372,11461,Revolver Case
Dec 03 2025 01: +0,3.782,4535,Revolver Case
Dec 04 2025 01: +0,3.757,2256,Revolver Case
Dec 05 2025 01: +0,3.568,1596,Revolver Case
Dec 06 2025 01: +0,3.535,2004,Revolver Case
Dec 07 2025 01: +0,3.481,1700,Revolver Case
Dec 08 2025 01: +0,3.444,1742,Revolver Case
Dec 09 2025 01: +0,3.288,1584,Revolver Case
Dec 10 2025 01: +0,3.277,2172,Revolver Case
Dec 11 2025 01: +0,3.314,2162,Revolver Case
Dec 12 2025 01: +0,3.267,1603,Revolver Case
Dec 13 2025 01: +0,3.301,1673,Revolver Case
Dec 14 2025 01: +0,3.156,1836,Revolver Case
Dec 15 2025 01: +0,3.321,3383,Revolver Case
Dec 16 2025 01: +0,3.22,1427,Revolver Case
Dec 17 2025 01: +0,3.297,1488,Revolver Case
Dec 18 2025 01: +0,3.392,3914,Revolver Case
Dec 19 2025 01: +0,3.702,3179,Revolver Case
Dec 20 2025 01: +0,3.525,1844,Revolver Case
Dec 21 2025 01: +0,3.467,2162,Revolver Case
Dec 22 2025 01: +0,3.317,1901,Revolver Case
Dec 23 2025 01: +0,3.438,2112,Revolver Case
Dec 24 2025 01: +0,3.424,1886,Revolver Case
Dec 25 2025 01: +0,3.513,2374,Revolver Case
Dec 26 2025 01: +0,3.534,2663,Revolver Case
Dec 27 2025 01: +0,3.498,2217,Revolver Case
Dec 28 2025 01: +0,3.434,1915,Revolver Case
Dec 29 2025 01: +0,3.343,2559,Revolver Case
Dec 30 2025 01: +0,3.363,2356,Revolver Case
Dec 31 2025 01: +0,3.391,2472,Revolver Case
Jan 01 2026 01: +0,3.362,2338,Revolver Case
Jan 02 2026 01: +0,3.376,2371,Revolver Case
Jan 03 2026 01: +0,3.303,2194,Revolver Case
Jan 04 2026 01: +0,3.345,2238,Revolver Case
Jan 05 2026 01: +0,3.293,2068,Revolver Case
Jan 06 2026 01: +0,3.207,1779,Revolver Case
Jan 07 2026 01: +0,3.212,2204,Revolver Case
Jan 08 2026 01: +0,3.234,2552,Revolver Case
Jan 09 2026 01: +0,3.32,2214,Revolver Case
Jan 10 2026 01: +0,3.341,1922,Revolver Case
Jan 11 2026 01: +0,3.354,1758,Revolver Case
Jan 12 2026 01: +0,3.274,1748,Revolver Case
Jan 13 2026 01: +0,3.289,2119,Revolver Case
Jan 14 2026 01: +0,3.389,1848,Revolver Case
Jan 15 2026 01: +0,3.427,1659,Revolver Case
Jan 16 2026 01: +0,3.474,1739,Revolver Case
Jan 17 2026 01: +0,3.436,1913,Revolver Case
Jan 18 2026 01: +0,3.487,2084,Revolver Case
Jan 19 2026 01: +0,3.466,1840,Revolver Case
Jan 20 2026 01: +0,3.484,1508,Revolver Case
Jan 21 2026 01: +0,3.425,1198,Revolver Case
Jan 22 2026 01: +0,3.379,1556,Revolver Case
Jan 23 2026 01: +0,3.434,1782,Revolver Case
Jan 24 2026 01: +0,3.399,1903,Revolver Case
Jan 25 2026 01: +0,3.342,1742,Revolver Case
Jan 26 2026 01: +0,3.331,1211,Revolver Case
Jan 27 2026 01: +0,3.321,1752,Revolver Case
Jan 28 2026 01: +0,3.317,1492,Revolver Case
Jan 29 2026 01: +0,3.344,1826,Revolver Case
Jan 30 2026 01: +0,3.394,2463,Revolver Case
Jan 31 2026 01: +0,3.334,1739,Revolver Case
Feb 01 2026 01: +0,3.33,2051,Revolver Case
Feb 02 2026 01: +0,3.319,1596,Revolver Case
Feb 03 2026 01: +0,3.257,1519,Revolver Case
Feb 04 2026 01: +0,3.294,1934,Revolver Case
Feb 05 2026 01: +0,3.37,1700,Revolver Case
Feb 06 2026 01: +0,3.394,1895,Revolver Case
Feb 07 2026 01: +0,3.349,1899,Revolver Case
Feb 08 2026 01: +0,3.293,2484,Revolver Case
Feb 09 2026 01: +0,3.257,1537,Revolver Case
Feb 10 2026 01: +0,3.358,1748,Revolver Case
Feb 11 2026 01: +0,3.296,1454,Revolver Case
Feb 12 2026 01: +0,3.378,1870,Revolver Case
Feb 13 2026 01: +0,3.378,2534,Revolver Case
Feb 14 2026 01: +0,3.386,2699,Revolver Case
Feb 15 2026 01: +0,3.381,2547,Revolver Case
Feb 16 2026 01: +0,3.388,2452,Revolver Case
Feb 17 2026 01: +0,3.422,2377,Revolver Case
Feb 18 2026 01: +0,3.337,1916,Revolver Case
Feb 19 2026 01: +0,3.394,2092,Revolver Case
Feb 20 2026 01: +0,3.355,2424,Revolver Case
Feb 21 2026 01: +0,3.434,2858,Revolver Case
Feb 22 2026 01: +0,3.413,2679,Revolver Case
Feb 23 2026 01: +0,3.37,1953,Revolver Case
Feb 24 2026 01: +0,3.316,2489,Revolver Case
Feb 25 2026 01: +0,3.334,2304,Revolver Case
Feb 26 2026 01: +0,3.402,2768,Revolver Case
Feb 27 2026 01: +0,3.385,3104,Revolver Case
Feb 28 2026 01: +0,3.426,3305,Revolver Case
Mar 01 2026 01: +0,3.414,2905,Revolver Case
Mar 02 2026 01: +0,3.485,2113,Revolver Case
Mar 03 2026 01: +0,3.438,1662,Revolver Case
Mar 04 2026 01: +0,3.426,1971,Revolver Case
Mar 05 2026 01: +0,3.38,2150,Revolver Case
Mar 06 2026 01: +0,3.432,2860,Revolver Case
Mar 07 2026 01: +0,3.358,3393,Revolver Case
Mar 08 2026 01: +0,3.422,2517,Revolver Case
Mar 09 2026 01: +0,3.436,2437,Revolver Case
Mar 10 2026 01: +0,3.452,2602,Revolver Case
Mar 11 2026 01: +0,3.453,2504,Revolver Case
Mar 12 2026 01: +0,3.441,2861,Revolver Case
Mar 13 2026 01: +0,3.49,2459,Revolver Case
Mar 14 2026 01: +0,3.417,2845,Revolver Case
Mar 15 2026 01: +0,3.425,4069,Revolver Case
Mar 16 2026 01: +0,3.413,2203,Revolver Case
Mar 17 2026 01: +0,3.422,3365,Revolver Case
Mar 18 2026 01: +0,3.423,3146,Revolver Case
Mar 19 2026 01: +0,3.368,4111,Revolver Case
Mar 20 2026 01: +0,3.393,4514,Revolver Case
Mar 21 2026 01: +0,3.465,4577,Revolver Case
Mar 22 2026 01: +0,3.518,4430,Revolver Case
Mar 23 2026 01: +0,3.462,2504,Revolver Case
Mar 24 2026 01: +0,3.448,2985,Revolver Case
Mar 25 2026 01: +0,3.43,3435,Revolver Case
Mar 26 2026 01: +0,3.429,2941,Revolver Case
Mar 27 2026 01: +0,3.508,3010,Revolver Case
Mar 28 2026 01: +0,3.488,3214,Revolver Case
Mar 29 2026 01: +0,3.521,3759,Revolver Case
Mar 30 2026 01: +0,3.512,2913,Revolver Case
Mar 31 2026 01: +0,3.517,3111,Revolver Case
Apr 01 2026 01: +0,3.624,4332,Revolver Case
Apr 02 2026 01: +0,3.54,3575,Revolver Case
Apr 03 2026 01: +0,3.712,3695,Revolver Case
Apr 04 2026 01: +0,3.783,3198,Revolver Case
Apr 05 2026 01: +0,3.82,3152,Revolver Case
Apr 06 2026 01: +0,3.832,2628,Revolver Case
Apr 07 2026 01: +0,3.77,2364,Revolver Case
Apr 08 2026 01: +0,3.725,2345,Revolver Case
Apr 09 2026 01: +0,3.804,2775,Revolver Case
Apr 10 2026 01: +0,3.821,3647,Revolver Case
Apr 11 2026 01: +0,3.83,3575,Revolver Case
Apr 12 2026 01: +0,3.844,1810,Revolver Case
Apr 12 2026 14: +0,3.859,302,Revolver Case
Apr 12 2026 15: +0,3.778,61,Revolver Case
Apr 12 2026 16: +0,3.705,103,Revolver Case
Apr 12 2026 17: +0,3.801,130,Revolver Case
Apr 12 2026 18: +0,3.812,143,Revolver Case
Apr 12 2026 19: +0,3.829,202,Revolver Case
Apr 12 2026 20: +0,3.829,135,Revolver Case
Apr 12 2026 21: +0,3.829,282,Revolver Case
Apr 12 2026 22: +0,3.838,155,Revolver Case
Apr 12 2026 23: +0,3.906,147,Revolver Case
Apr 13 2026 00: +0,3.906,241,Revolver Case
Apr 13 2026 01: +0,3.906,89,Revolver Case
Apr 13 2026 02: +0,3.923,118,Revolver Case
Apr 13 2026 03: +0,3.923,122,Revolver Case
Apr 13 2026 04: +0,3.925,200,Revolver Case
Apr 13 2026 05: +0,3.906,51,Revolver Case
Apr 13 2026 06: +0,3.906,74,Revolver Case
Apr 13 2026 07: +0,3.943,127,Revolver Case
Apr 13 2026 08: +0,3.807,53,Revolver Case
Apr 13 2026 09: +0,3.847,61,Revolver Case
Apr 13 2026 10: +0,3.83,53,Revolver Case
Apr 13 2026 11: +0,3.903,268,Revolver Case
Apr 13 2026 12: +0,3.843,114,Revolver Case
Apr 13 2026 13: +0,3.913,106,Revolver Case
Apr 13 2026 14: +0,3.913,60,Revolver Case
Apr 13 2026 15: +0,3.683,57,Revolver Case
Apr 13 2026 16: +0,3.89,116,Revolver Case
Apr 13 2026 17: +0,3.899,162,Revolver Case
Apr 13 2026 18: +0,3.906,101,Revolver Case
Apr 13 2026 19: +0,3.906,171,Revolver Case
Apr 13 2026 20: +0,3.855,144,Revolver Case
Apr 13 2026 21: +0,3.902,93,Revolver Case
Apr 13 2026 22: +0,3.872,78,Revolver Case
Apr 13 2026 23: +0,3.88,175,Revolver Case
Apr 14 2026 00: +0,3.88,134,Revolver Case
Apr 14 2026 01: +0,3.906,278,Revolver Case
Apr 14 2026 02: +0,3.906,169,Revolver Case
Apr 14 2026 03: +0,3.94,172,Revolver Case
Apr 14 2026 04: +0,3.957,144,Revolver Case
Apr 14 2026 05: +0,3.96,100,Revolver Case
Apr 14 2026 06: +0,3.965,159,Revolver Case
Apr 14 2026 07: +0,3.972,111,Revolver Case
Apr 14 2026 08: +0,3.914,78,Revolver Case
Apr 14 2026 09: +0,3.823,26,Revolver Case
Apr 14 2026 10: +0,3.748,34,Revolver Case
Apr 14 2026 11: +0,3.866,141,Revolver Case
Apr 14 2026 12: +0,3.901,76,Revolver Case
Apr 14 2026 13: +0,3.872,56,Revolver Case
Apr 14 2026 14: +0,3.906,156,Revolver Case
Apr 14 2026 15: +0,3.951,90,Revolver Case
Apr 14 2026 16: +0,3.962,198,Revolver Case
Apr 14 2026 17: +0,3.957,118,Revolver Case
Apr 14 2026 18: +0,3.94,54,Revolver Case
Apr 14 2026 19: +0,3.957,176,Revolver Case
Apr 14 2026 20: +0,3.948,148,Revolver Case
Apr 14 2026 21: +0,3.957,117,Revolver Case
Apr 14 2026 22: +0,3.996,256,Revolver Case
Apr 14 2026 23: +0,3.999,214,Revolver Case
Apr 15 2026 00: +0,3.982,176,Revolver Case
Apr 15 2026 01: +0,3.982,212,Revolver Case
Apr 15 2026 02: +0,3.982,130,Revolver Case
Apr 15 2026 03: +0,4.016,218,Revolver Case
Apr 15 2026 04: +0,4.016,260,Revolver Case
Apr 15 2026 05: +0,4.016,159,Revolver Case
Apr 15 2026 06: +0,4.014,171,Revolver Case
Apr 15 2026 07: +0,4.008,100,Revolver Case
Apr 15 2026 08: +0,3.999,53,Revolver Case
Apr 15 2026 09: +0,3.923,97,Revolver Case
Apr 15 2026 10: +0,3.863,34,Revolver Case
Apr 15 2026 11: +0,3.796,49,Revolver Case
Apr 15 2026 12: +0,3.991,140,Revolver Case
Apr 15 2026 13: +0,3.992,100,Revolver Case
Apr 15 2026 14: +0,3.936,107,Revolver Case
Apr 15 2026 15: +0,3.991,229,Revolver Case
Apr 15 2026 16: +0,3.991,105,Revolver Case
Apr 15 2026 17: +0,3.976,111,Revolver Case
Apr 15 2026 18: +0,3.986,114,Revolver Case
Apr 15 2026 19: +0,3.916,95,Revolver Case
Apr 15 2026 20: +0,3.995,107,Revolver Case
Apr 15 2026 21: +0,3.986,225,Revolver Case
Apr 15 2026 22: +0,3.993,157,Revolver Case
Apr 15 2026 23: +0,3.999,180,Revolver Case
Apr 16 2026 00: +0,3.999,149,Revolver Case
Apr 16 2026 01: +0,4.008,292,Revolver Case
Apr 16 2026 02: +0,4.016,152,Revolver Case
Apr 16 2026 03: +0,4.016,193,Revolver Case
Apr 16 2026 04: +0,4.025,149,Revolver Case
Apr 16 2026 05: +0,4.025,120,Revolver Case
Apr 16 2026 06: +0,4.02,80,Revolver Case
Apr 16 2026 07: +0,4.024,113,Revolver Case
Apr 16 2026 08: +0,3.846,45,Revolver Case
Apr 16 2026 09: +0,4.003,75,Revolver Case
Apr 16 2026 10: +0,3.94,71,Revolver Case
Apr 16 2026 11: +0,3.993,84,Revolver Case
Apr 16 2026 12: +0,4.018,93,Revolver Case
Apr 16 2026 13: +0,4.016,143,Revolver Case
Apr 16 2026 14: +0,4.02,97,Revolver Case
Apr 16 2026 15: +0,3.954,63,Revolver Case
Apr 16 2026 16: +0,3.966,32,Revolver Case
Apr 16 2026 17: +0,4.019,176,Revolver Case
Apr 16 2026 18: +0,4.033,100,Revolver Case
Apr 16 2026 19: +0,4.025,149,Revolver Case
Apr 16 2026 20: +0,4.033,218,Revolver Case
Apr 16 2026 21: +0,4.025,102,Revolver Case
Apr 16 2026 22: +0,4.022,81,Revolver Case
Apr 16 2026 23: +0,4.033,170,Revolver Case
Apr 17 2026 00: +0,4.056,215,Revolver Case
Apr 17 2026 01: +0,4.059,71,Revolver Case
Apr 17 2026 02: +0,4.059,81,Revolver Case
Apr 17 2026 03: +0,4.05,91,Revolver Case
Apr 17 2026 04: +0,4.059,105,Revolver Case
Apr 17 2026 05: +0,4.09,177,Revolver Case
Apr 17 2026 06: +0,4.105,117,Revolver Case
Apr 17 2026 07: +0,4.11,70,Revolver Case
Apr 17 2026 08: +0,4.06,135,Revolver Case
Apr 17 2026 09: +0,3.77,26,Revolver Case
Apr 17 2026 10: +0,4.067,36,Revolver Case
Apr 17 2026 11: +0,4.08,114,Revolver Case
Apr 17 2026 12: +0,4.06,160,Revolver Case
Apr 17 2026 13: +0,3.991,85,Revolver Case
Apr 17 2026 14: +0,4.033,145,Revolver Case
Apr 17 2026 15: +0,4.035,78,Revolver Case
Apr 17 2026 16: +0,3.88,55,Revolver Case
Apr 17 2026 17: +0,3.88,61,Revolver Case
Apr 17 2026 18: +0,3.992,195,Revolver Case
Apr 17 2026 19: +0,4.042,169,Revolver Case
Apr 17 2026 20: +0,4.048,188,Revolver Case
Apr 17 2026 21: +0,4.059,342,Revolver Case
Apr 17 2026 22: +0,4.059,206,Revolver Case
Apr 17 2026 23: +0,4.076,254,Revolver Case
Apr 18 2026 00: +0,4.081,231,Revolver Case
Apr 18 2026 01: +0,4.118,182,Revolver Case
Apr 18 2026 02: +0,4.135,108,Revolver Case
Apr 18 2026 03: +0,4.135,166,Revolver Case
Apr 18 2026 04: +0,4.135,84,Revolver Case
Apr 18 2026 05: +0,4.135,171,Revolver Case
Apr 18 2026 06: +0,4.127,76,Revolver Case
Apr 18 2026 07: +0,4.135,50,Revolver Case
Apr 18 2026 08: +0,3.961,78,Revolver Case
Apr 18 2026 09: +0,3.906,53,Revolver Case
Apr 18 2026 10: +0,4.093,60,Revolver Case
Apr 18 2026 11: +0,4.073,83,Revolver Case
Apr 18 2026 12: +0,4.056,75,Revolver Case
Apr 18 2026 13: +0,4.069,184,Revolver Case
Apr 18 2026 14: +0,4.07,75,Revolver Case
Apr 18 2026 15: +0,4.106,161,Revolver Case
Apr 18 2026 16: +0,4.12,146,Revolver Case
Apr 18 2026 17: +0,4.127,89,Revolver Case
Apr 18 2026 18: +0,4.124,159,Revolver Case
Apr 18 2026 19: +0,4.085,108,Revolver Case
Apr 18 2026 20: +0,4.118,179,Revolver Case
Apr 18 2026 21: +0,4.095,110,Revolver Case
Apr 18 2026 22: +0,4.13,186,Revolver Case
Apr 18 2026 23: +0,4.135,87,Revolver Case
Apr 19 2026 00: +0,4.139,118,Revolver Case
Apr 19 2026 01: +0,4.135,65,Revolver Case
Apr 19 2026 02: +0,4.144,45,Revolver Case
Apr 19 2026 03: +0,4.16,311,Revolver Case
Apr 19 2026 04: +0,4.203,263,Revolver Case
Apr 19 2026 05: +0,4.245,145,Revolver Case
Apr 19 2026 06: +0,4.245,81,Revolver Case
Apr 19 2026 07: +0,4.245,75,Revolver Case
Apr 19 2026 08: +0,4.245,149,Revolver Case
Apr 19 2026 09: +0,4.241,60,Revolver Case
Apr 19 2026 10: +0,3.892,32,Revolver Case
Apr 19 2026 11: +0,3.859,77,Revolver Case
Apr 19 2026 12: +0,3.578,59,Revolver Case
Apr 19 2026 13: +0,3.825,136,Revolver Case
Apr 19 2026 14: +0,3.892,66,Revolver Case
Apr 19 2026 15: +0,4.042,103,Revolver Case
Apr 19 2026 16: +0,4.104,128,Revolver Case
Apr 19 2026 17: +0,4.16,152,Revolver Case
Apr 19 2026 18: +0,4.152,87,Revolver Case
Apr 19 2026 19: +0,4.211,198,Revolver Case
Apr 19 2026 20: +0,4.203,138,Revolver Case
Apr 19 2026 21: +0,4.211,241,Revolver Case
Apr 19 2026 22: +0,3.821,47,Revolver Case
Apr 19 2026 23: +0,4.245,156,Revolver Case
Apr 20 2026 00: +0,4.152,96,Revolver Case
Apr 20 2026 01: +0,4.239,161,Revolver Case
Apr 20 2026 02: +0,4.245,32,Revolver Case
Apr 20 2026 03: +0,4.254,166,Revolver Case
Apr 20 2026 04: +0,4.254,134,Revolver Case
Apr 20 2026 05: +0,4.254,107,Revolver Case
Apr 20 2026 06: +0,4.262,111,Revolver Case
Apr 20 2026 07: +0,4.262,119,Revolver Case
Apr 20 2026 08: +0,4.271,98,Revolver Case
Apr 20 2026 09: +0,4.271,84,Revolver Case
Apr 20 2026 10: +0,4.291,106,Revolver Case
Apr 20 2026 11: +0,4.295,60,Revolver Case
Apr 20 2026 12: +0,4.252,87,Revolver Case
Apr 20 2026 13: +0,4.229,47,Revolver Case
Apr 20 2026 14: +0,4.139,66,Revolver Case
Apr 20 2026 15: +0,4.237,96,Revolver Case
Apr 20 2026 16: +0,4.203,118,Revolver Case
Apr 20 2026 17: +0,4.195,93,Revolver Case
Apr 20 2026 18: +0,4.194,116,Revolver Case
Apr 20 2026 19: +0,4.234,222,Revolver Case
Apr 20 2026 20: +0,3.931,107,Revolver Case
Apr 20 2026 21: +0,4.203,123,Revolver Case
Apr 20 2026 22: +0,3.982,65,Revolver Case
Apr 20 2026 23: +0,4.194,108,Revolver Case
Apr 21 2026 00: +0,4.194,111,Revolver Case
Apr 21 2026 01: +0,4.228,85,Revolver Case
Apr 21 2026 02: +0,4.254,121,Revolver Case
Apr 21 2026 03: +0,4.262,41,Revolver Case
Apr 21 2026 04: +0,4.289,63,Revolver Case
Apr 21 2026 05: +0,4.144,107,Revolver Case
Apr 21 2026 06: +0,4.288,79,Revolver Case
Apr 21 2026 07: +0,4.271,45,Revolver Case
Apr 21 2026 08: +0,4.276,76,Revolver Case
Apr 21 2026 09: +0,4.136,81,Revolver Case
Apr 21 2026 10: +0,4.131,64,Revolver Case
Apr 21 2026 11: +0,4.262,60,Revolver Case
Apr 21 2026 12: +0,4.096,86,Revolver Case
Apr 21 2026 13: +0,4.256,51,Revolver Case
Apr 21 2026 14: +0,3.788,53,Revolver Case
Apr 21 2026 15: +0,4.107,101,Revolver Case
Apr 21 2026 16: +0,4.176,101,Revolver Case
Apr 21 2026 17: +0,4.109,80,Revolver Case
Apr 21 2026 18: +0,4.191,125,Revolver Case
Apr 21 2026 19: +0,4.151,128,Revolver Case
Apr 21 2026 20: +0,4.177,78,Revolver Case
Apr 21 2026 21: +0,4.16,146,Revolver Case
Apr 21 2026 22: +0,4.186,146,Revolver Case
Apr 21 2026 23: +0,4.177,62,Revolver Case
Apr 22 2026 00: +0,4.177,176,Revolver Case
Apr 22 2026 01: +0,4.194,159,Revolver Case
Apr 22 2026 02: +0,4.144,71,Revolver Case
Apr 22 2026 03: +0,3.906,78,Revolver Case
Apr 22 2026 04: +0,4.177,91,Revolver Case
Apr 22 2026 05: +0,4.194,165,Revolver Case
Apr 22 2026 06: +0,4.177,73,Revolver Case
Apr 22 2026 07: +0,4.177,58,Revolver Case
Apr 22 2026 08: +0,4.077,66,Revolver Case
Apr 22 2026 09: +0,3.978,38,Revolver Case
Apr 22 2026 10: +0,3.767,67,Revolver Case
Apr 22 2026 11: +0,4.067,112,Revolver Case
Apr 22 2026 12: +0,4.087,68,Revolver Case
Apr 22 2026 13: +0,4.031,79,Revolver Case
Apr 22 2026 14: +0,4.03,118,Revolver Case
Apr 22 2026 15: +0,4.097,127,Revolver Case
Apr 22 2026 16: +0,4.097,77,Revolver Case
Apr 22 2026 17: +0,4.067,100,Revolver Case
Apr 22 2026 18: +0,4.135,109,Revolver Case
Apr 22 2026 19: +0,4.169,275,Revolver Case
Apr 22 2026 20: +0,4.166,99,Revolver Case
Apr 22 2026 21: +0,4.163,84,Revolver Case
Apr 22 2026 22: +0,4.133,83,Revolver Case
Apr 22 2026 23: +0,4.177,71,Revolver Case
Apr 23 2026 00: +0,4.194,163,Revolver Case
Apr 23 2026 01: +0,4.16,98,Revolver Case
Apr 23 2026 02: +0,4.144,175,Revolver Case
Apr 23 2026 03: +0,4.194,140,Revolver Case
Apr 23 2026 04: +0,4.194,180,Revolver Case
Apr 23 2026 05: +0,4.194,110,Revolver Case
Apr 23 2026 06: +0,4.194,87,Revolver Case
Apr 23 2026 07: +0,4.135,31,Revolver Case
Apr 23 2026 08: +0,4.121,86,Revolver Case
Apr 23 2026 09: +0,4.178,116,Revolver Case
Apr 23 2026 10: +0,4.177,111,Revolver Case
Apr 23 2026 11: +0,4.136,241,Revolver Case
Apr 23 2026 12: +0,4.134,105,Revolver Case
Apr 23 2026 13: +0,4.157,164,Revolver Case
Apr 23 2026 14: +0,4.134,157,Revolver Case
Apr 23 2026 15: +0,4.171,156,Revolver Case
Apr 23 2026 16: +0,4.171,114,Revolver Case
Apr 23 2026 17: +0,4.169,152,Revolver Case
Apr 23 2026 18: +0,4.163,110,Revolver Case
Apr 23 2026 19: +0,3.722,150,Revolver Case
Apr 23 2026 20: +0,4.054,79,Revolver Case
Apr 23 2026 21: +0,4.177,115,Revolver Case
Apr 23 2026 22: +0,4.152,112,Revolver Case
Apr 23 2026 23: +0,4.16,88,Revolver Case
Apr 24 2026 00: +0,4.144,122,Revolver Case
Apr 24 2026 01: +0,4.133,56,Revolver Case
Apr 24 2026 02: +0,4.144,267,Revolver Case
Apr 24 2026 03: +0,4.16,203,Revolver Case
Apr 24 2026 04: +0,4.177,162,Revolver Case
Apr 24 2026 05: +0,4.177,76,Revolver Case
Apr 24 2026 06: +0,4.177,96,Revolver Case
Apr 24 2026 07: +0,4.187,109,Revolver Case
Apr 24 2026 08: +0,4.169,120,Revolver Case
Apr 24 2026 09: +0,4.135,58,Revolver Case
Apr 24 2026 10: +0,4.016,25,Revolver Case
Apr 24 2026 11: +0,4.03,57,Revolver Case
Apr 24 2026 12: +0,3.974,31,Revolver Case
Apr 24 2026 13: +0,3.974,46,Revolver Case
Apr 24 2026 14: +0,3.948,71,Revolver Case
Apr 24 2026 15: +0,4.016,141,Revolver Case
Apr 24 2026 16: +0,4.101,118,Revolver Case
Apr 24 2026 17: +0,4.107,151,Revolver Case
Apr 24 2026 18: +0,4.118,128,Revolver Case
Apr 24 2026 19: +0,4.167,434,Revolver Case
Apr 24 2026 20: +0,4.166,95,Revolver Case
Apr 24 2026 21: +0,4.202,187,Revolver Case
Apr 24 2026 22: +0,4.215,109,Revolver Case
Apr 24 2026 23: +0,4.177,105,Revolver Case
Apr 25 2026 00: +0,4.237,61,Revolver Case
Apr 25 2026 01: +0,4.237,137,Revolver Case
Apr 25 2026 02: +0,4.245,144,Revolver Case
Apr 25 2026 03: +0,4.254,80,Revolver Case
Apr 25 2026 04: +0,4.254,143,Revolver Case
Apr 25 2026 05: +0,4.254,90,Revolver Case
Apr 25 2026 06: +0,4.254,161,Revolver Case
Apr 25 2026 07: +0,4.254,86,Revolver Case
Apr 25 2026 08: +0,4.209,76,Revolver Case
Apr 25 2026 09: +0,4.228,77,Revolver Case
Apr 25 2026 10: +0,4.088,29,Revolver Case
Apr 25 2026 11: +0,4.11,69,Revolver Case
Apr 25 2026 12: +0,4.028,46,Revolver Case
Apr 25 2026 13: +0,3.924,99,Revolver Case
Apr 25 2026 14: +0,3.923,88,Revolver Case
Apr 25 2026 15: +0,4.16,89,Revolver Case
Apr 25 2026 16: +0,4.177,174,Revolver Case
Apr 25 2026 17: +0,4.151,115,Revolver Case
Apr 25 2026 18: +0,4.158,97,Revolver Case
Apr 25 2026 19: +0,4.192,76,Revolver Case
Apr 25 2026 20: +0,4.211,296,Revolver Case
Apr 25 2026 21: +0,4.228,189,Revolver Case
Apr 25 2026 22: +0,4.242,104,Revolver Case
Apr 25 2026 23: +0,4.237,131,Revolver Case
Apr 26 2026 00: +0,4.237,71,Revolver Case
Apr 26 2026 01: +0,4.245,190,Revolver Case
Apr 26 2026 02: +0,4.245,115,Revolver Case
Apr 26 2026 03: +0,4.194,212,Revolver Case
Apr 26 2026 04: +0,4.245,184,Revolver Case
Apr 26 2026 05: +0,4.244,116,Revolver Case
Apr 26 2026 06: +0,4.254,95,Revolver Case
Apr 26 2026 07: +0,4.202,48,Revolver Case
Apr 26 2026 08: +0,4.254,78,Revolver Case
Apr 26 2026 09: +0,3.931,86,Revolver Case
Apr 26 2026 10: +0,3.705,21,Revolver Case
Apr 26 2026 11: +0,3.909,109,Revolver Case
Apr 26 2026 12: +0,3.86,63,Revolver Case
Apr 26 2026 13: +0,3.805,36,Revolver Case
Apr 26 2026 14: +0,3.863,84,Revolver Case
Apr 26 2026 15: +0,3.921,81,Revolver Case
Apr 26 2026 16: +0,3.924,97,Revolver Case
Apr 26 2026 17: +0,3.957,164,Revolver Case
Apr 26 2026 18: +0,4.228,148,Revolver Case
Apr 26 2026 19: +0,4.066,86,Revolver Case
Apr 26 2026 20: +0,4.228,239,Revolver Case
Apr 26 2026 21: +0,4.237,192,Revolver Case
Apr 26 2026 22: +0,4.261,161,Revolver Case
Apr 26 2026 23: +0,4.261,169,Revolver Case
Apr 27 2026 00: +0,4.254,46,Revolver Case
Apr 27 2026 01: +0,4.271,107,Revolver Case
Apr 27 2026 02: +0,4.271,80,Revolver Case
Apr 27 2026 03: +0,4.271,90,Revolver Case
Apr 27 2026 04: +0,4.29,53,Revolver Case
Apr 27 2026 05: +0,4.22,36,Revolver Case
Apr 27 2026 06: +0,4.254,56,Revolver Case
Apr 27 2026 07: +0,4.254,36,Revolver Case
Apr 27 2026 08: +0,4.257,63,Revolver Case
Apr 27 2026 09: +0,3.777,32,Revolver Case
Apr 27 2026 10: +0,3.793,50,Revolver Case
Apr 27 2026 11: +0,3.931,21,Revolver Case
Apr 27 2026 12: +0,3.874,39,Revolver Case
Apr 27 2026 13: +0,4.015,60,Revolver Case
Apr 27 2026 14: +0,4.11,61,Revolver Case
Apr 27 2026 15: +0,4.033,80,Revolver Case
Apr 27 2026 16: +0,4.059,63,Revolver Case
Apr 27 2026 17: +0,4.112,122,Revolver Case
Apr 27 2026 18: +0,3.884,81,Revolver Case
Apr 27 2026 19: +0,4.203,146,Revolver Case
Apr 27 2026 20: +0,4.21,108,Revolver Case
Apr 27 2026 21: +0,4.129,99,Revolver Case
Apr 27 2026 22: +0,4.209,93,Revolver Case
Apr 27 2026 23: +0,4.237,191,Revolver Case
Apr 28 2026 00: +0,4.22,95,Revolver Case
Apr 28 2026 01: +0,4.245,126,Revolver Case
Apr 28 2026 02: +0,4.237,43,Revolver Case
Apr 28 2026 03: +0,4.237,147,Revolver Case
Apr 28 2026 04: +0,4.245,89,Revolver Case
Apr 28 2026 05: +0,4.245,62,Revolver Case
Apr 28 2026 06: +0,4.219,43,Revolver Case
Apr 28 2026 07: +0,4.194,95,Revolver Case
Apr 28 2026 08: +0,3.99,71,Revolver Case
Apr 28 2026 09: +0,4.016,31,Revolver Case
Apr 28 2026 10: +0,4.129,58,Revolver Case
Apr 28 2026 11: +0,4.172,50,Revolver Case
Apr 28 2026 12: +0,3.78,48,Revolver Case
Apr 28 2026 13: +0,3.832,85,Revolver Case
Apr 28 2026 14: +0,4.179,57,Revolver Case
Apr 28 2026 15: +0,4.192,84,Revolver Case
Apr 28 2026 16: +0,3.71,42,Revolver Case
Apr 28 2026 17: +0,3.711,61,Revolver Case
Apr 28 2026 18: +0,4.159,97,Revolver Case
Apr 28 2026 19: +0,4.169,89,Revolver Case
Apr 28 2026 20: +0,4.177,118,Revolver Case
Apr 28 2026 21: +0,4.168,211,Revolver Case
Apr 28 2026 22: +0,4.178,210,Revolver Case
Apr 28 2026 23: +0,4.169,113,Revolver Case
Apr 29 2026 00: +0,4.211,163,Revolver Case
Apr 29 2026 01: +0,4.22,137,Revolver Case
Apr 29 2026 02: +0,4.203,74,Revolver Case
Apr 29 2026 03: +0,4.22,77,Revolver Case
Apr 29 2026 04: +0,4.22,56,Revolver Case
Apr 29 2026 05: +0,4.22,156,Revolver Case
Apr 29 2026 06: +0,4.22,92,Revolver Case
Apr 29 2026 07: +0,4.224,69,Revolver Case
Apr 29 2026 08: +0,3.712,37,Revolver Case
Apr 29 2026 09: +0,4.007,61,Revolver Case
Apr 29 2026 10: +0,4.029,38,Revolver Case
Apr 29 2026 11: +0,3.903,34,Revolver Case
Apr 29 2026 12: +0,3.863,80,Revolver Case
Apr 29 2026 13: +0,4.197,171,Revolver Case
Apr 29 2026 14: +0,4.223,295,Revolver Case
Apr 29 2026 15: +0,4.228,232,Revolver Case
Apr 29 2026 16: +0,4.243,65,Revolver Case
Apr 29 2026 17: +0,4.237,197,Revolver Case
Apr 29 2026 18: +0,4.235,127,Revolver Case
Apr 29 2026 19: +0,4.235,94,Revolver Case
Apr 29 2026 20: +0,4.254,310,Revolver Case
Apr 29 2026 21: +0,4.277,140,Revolver Case
Apr 29 2026 22: +0,4.291,85,Revolver Case
Apr 29 2026 23: +0,4.296,100,Revolver Case
Apr 30 2026 00: +0,4.305,174,Revolver Case
Apr 30 2026 01: +0,4.211,162,Revolver Case
Apr 30 2026 02: +0,4.305,260,Revolver Case
Apr 30 2026 03: +0,4.322,111,Revolver Case
Apr 30 2026 04: +0,4.335,84,Revolver Case
Apr 30 2026 05: +0,4.339,72,Revolver Case
Apr 30 2026 06: +0,4.339,54,Revolver Case
Apr 30 2026 07: +0,4.347,70,Revolver Case
Apr 30 2026 08: +0,4.169,41,Revolver Case
Apr 30 2026 09: +0,4.126,44,Revolver Case
Apr 30 2026 10: +0,4.216,153,Revolver Case
Apr 30 2026 11: +0,4.012,73,Revolver Case
Apr 30 2026 12: +0,4.257,104,Revolver Case
Apr 30 2026 13: +0,4.19,30,Revolver Case
Apr 30 2026 14: +0,4.227,99,Revolver Case
Apr 30 2026 15: +0,4.029,52,Revolver Case
Apr 30 2026 16: +0,4.241,66,Revolver Case
Apr 30 2026 17: +0,4.207,102,Revolver Case
Apr 30 2026 18: +0,4.262,240,Revolver Case
Apr 30 2026 19: +0,4.267,188,Revolver Case
Apr 30 2026 20: +0,4.237,183,Revolver Case
Apr 30 2026 21: +0,4.264,162,Revolver Case
Apr 30 2026 22: +0,4.264,207,Revolver Case
Apr 30 2026 23: +0,4.294,188,Revolver Case
May 01 2026 00: +0,4.262,66,Revolver Case
May 01 2026 01: +0,4.322,96,Revolver Case
May 01 2026 02: +0,4.322,59,Revolver Case
May 01 2026 03: +0,4.245,163,Revolver Case
May 01 2026 04: +0,4.356,49,Revolver Case
May 01 2026 05: +0,4.364,111,Revolver Case
May 01 2026 06: +0,4.347,41,Revolver Case
May 01 2026 07: +0,4.364,84,Revolver Case
May 01 2026 08: +0,4.08,61,Revolver Case
May 01 2026 09: +0,3.896,52,Revolver Case
May 01 2026 10: +0,4.135,74,Revolver Case
May 01 2026 11: +0,3.965,58,Revolver Case
May 01 2026 12: +0,4.066,55,Revolver Case
May 01 2026 13: +0,4.033,35,Revolver Case
May 01 2026 14: +0,4.245,90,Revolver Case
May 01 2026 15: +0,4.106,64,Revolver Case
May 01 2026 16: +0,4.262,85,Revolver Case
May 01 2026 17: +0,4.262,67,Revolver Case
May 01 2026 18: +0,4.254,94,Revolver Case
May 01 2026 19: +0,4.108,100,Revolver Case
May 01 2026 20: +0,4.265,231,Revolver Case
May 01 2026 21: +0,4.305,214,Revolver Case
May 01 2026 22: +0,4.303,179,Revolver Case
May 01 2026 23: +0,4.33,133,Revolver Case
May 02 2026 00: +0,4.339,196,Revolver Case
May 02 2026 01: +0,4.347,143,Revolver Case
May 02 2026 02: +0,4.356,93,Revolver Case
May 02 2026 03: +0,4.373,192,Revolver Case
May 02 2026 04: +0,4.398,181,Revolver Case
May 02 2026 05: +0,4.415,145,Revolver Case
May 02 2026 06: +0,4.432,95,Revolver Case
May 02 2026 07: +0,4.432,45,Revolver Case
May 02 2026 08: +0,4.169,58,Revolver Case
May 02 2026 09: +0,4.176,79,Revolver Case
May 02 2026 10: +0,4.288,26,Revolver Case
May 02 2026 11: +0,4.203,23,Revolver Case
May 02 2026 12: +0,4.109,47,Revolver Case
May 02 2026 13: +0,4.281,93,Revolver Case
May 02 2026 14: +0,4.291,98,Revolver Case
May 02 2026 15: +0,4.211,142,Revolver Case
May 02 2026 16: +0,4.192,86,Revolver Case
May 02 2026 17: +0,4.211,209,Revolver Case
May 02 2026 18: +0,4.326,101,Revolver Case
May 02 2026 19: +0,4.338,125,Revolver Case
May 02 2026 20: +0,4.364,196,Revolver Case
May 02 2026 21: +0,4.373,117,Revolver Case
May 02 2026 22: +0,4.373,95,Revolver Case
May 02 2026 23: +0,4.373,194,Revolver Case
May 03 2026 00: +0,4.373,122,Revolver Case
May 03 2026 01: +0,4.373,139,Revolver Case
May 03 2026 02: +0,4.373,76,Revolver Case
May 03 2026 03: +0,4.356,57,Revolver Case
May 03 2026 04: +0,4.364,111,Revolver Case
May 03 2026 05: +0,4.39,257,Revolver Case
May 03 2026 06: +0,4.33,79,Revolver Case
May 03 2026 07: +0,4.415,187,Revolver Case
May 03 2026 08: +0,4.348,49,Revolver Case
May 03 2026 09: +0,4.36,107,Revolver Case
May 03 2026 10: +0,4.39,80,Revolver Case
May 03 2026 11: +0,4.344,108,Revolver Case
May 03 2026 12: +0,4.39,51,Revolver Case
May 03 2026 13: +0,4.39,91,Revolver Case
May 03 2026 14: +0,4.389,120,Revolver Case
May 03 2026 15: +0,4.3,52,Revolver Case
May 03 2026 16: +0,4.339,77,Revolver Case
May 03 2026 17: +0,4.336,166,Revolver Case
May 03 2026 18: +0,4.291,73,Revolver Case
May 03 2026 19: +0,4.398,197,Revolver Case
May 03 2026 20: +0,4.407,144,Revolver Case
May 03 2026 21: +0,4.3,173,Revolver Case
May 03 2026 22: +0,4.161,86,Revolver Case
May 03 2026 23: +0,4.398,126,Revolver Case
May 04 2026 00: +0,4.39,143,Revolver Case
May 04 2026 01: +0,4.415,108,Revolver Case
May 04 2026 02: +0,4.415,182,Revolver Case
May 04 2026 03: +0,4.39,64,Revolver Case
May 04 2026 04: +0,4.407,40,Revolver Case
May 04 2026 05: +0,4.432,91,Revolver Case
May 04 2026 06: +0,4.432,57,Revolver Case
May 04 2026 07: +0,4.441,66,Revolver Case
May 04 2026 08: +0,4.356,57,Revolver Case
May 04 2026 09: +0,4.4,47,Revolver Case
May 04 2026 10: +0,4.266,50,Revolver Case
May 04 2026 11: +0,4.199,29,Revolver Case
May 04 2026 12: +0,4.245,42,Revolver Case
May 04 2026 13: +0,3.999,64,Revolver Case
May 04 2026 14: +0,4.4,136,Revolver Case
May 04 2026 15: +0,4.412,138,Revolver Case
May 04 2026 16: +0,4.327,99,Revolver Case
May 04 2026 17: +0,4.402,176,Revolver Case
May 04 2026 18: +0,4.398,129,Revolver Case
May 04 2026 19: +0,4.44,197,Revolver Case
May 04 2026 20: +0,4.44,135,Revolver Case
May 04 2026 21: +0,4.334,80,Revolver Case
May 04 2026 22: +0,4.432,144,Revolver Case
May 04 2026 23: +0,4.458,156,Revolver Case
May 05 2026 00: +0,4.458,103,Revolver Case
May 05 2026 01: +0,4.441,53,Revolver Case
May 05 2026 02: +0,4.466,71,Revolver Case
May 05 2026 03: +0,4.466,144,Revolver Case
May 05 2026 04: +0,4.466,64,Revolver Case
May 05 2026 05: +0,4.466,79,Revolver Case
May 05 2026 06: +0,4.492,66,Revolver Case
May 05 2026 07: +0,4.493,60,Revolver Case
May 05 2026 08: +0,4.407,42,Revolver Case
May 05 2026 09: +0,4.377,48,Revolver Case
May 05 2026 10: +0,4.169,37,Revolver Case
May 05 2026 11: +0,4.327,54,Revolver Case
May 05 2026 12: +0,4.144,61,Revolver Case
May 05 2026 13: +0,4.137,81,Revolver Case
May 05 2026 14: +0,4.245,88,Revolver Case
May 05 2026 15: +0,4.283,69,Revolver Case
May 05 2026 16: +0,4.262,55,Revolver Case
May 05 2026 17: +0,4.281,105,Revolver Case
May 05 2026 18: +0,4.324,106,Revolver Case
May 05 2026 19: +0,4.404,54,Revolver Case
May 05 2026 20: +0,4.422,154,Revolver Case
May 05 2026 21: +0,4.407,63,Revolver Case
May 05 2026 22: +0,4.407,118,Revolver Case
May 05 2026 23: +0,4.415,99,Revolver Case
May 06 2026 00: +0,4.42,66,Revolver Case
May 06 2026 01: +0,4.424,95,Revolver Case
May 06 2026 02: +0,4.432,177,Revolver Case
May 06 2026 03: +0,4.424,104,Revolver Case
May 06 2026 04: +0,4.432,163,Revolver Case
May 06 2026 05: +0,4.458,122,Revolver Case
May 06 2026 06: +0,4.466,41,Revolver Case
May 06 2026 07: +0,4.466,45,Revolver Case
May 06 2026 08: +0,4.456,61,Revolver Case
May 06 2026 09: +0,4.415,44,Revolver Case
May 06 2026 10: +0,4.443,55,Revolver Case
May 06 2026 11: +0,4.449,35,Revolver Case
May 06 2026 12: +0,4.443,103,Revolver Case
May 06 2026 13: +0,4.415,43,Revolver Case
May 06 2026 14: +0,4.438,96,Revolver Case
May 06 2026 15: +0,4.441,110,Revolver Case
May 06 2026 16: +0,4.15,58,Revolver Case
May 06 2026 17: +0,4.449,161,Revolver Case
May 06 2026 18: +0,4.464,237,Revolver Case
May 06 2026 19: +0,4.454,99,Revolver Case
May 06 2026 20: +0,4.43,98,Revolver Case
May 06 2026 21: +0,4.449,134,Revolver Case
May 06 2026 22: +0,4.492,234,Revolver Case
May 06 2026 23: +0,4.482,184,Revolver Case
May 07 2026 00: +0,4.466,203,Revolver Case
May 07 2026 01: +0,4.424,88,Revolver Case
May 07 2026 02: +0,4.449,222,Revolver Case
May 07 2026 03: +0,4.432,70,Revolver Case
May 07 2026 04: +0,4.432,82,Revolver Case
May 07 2026 05: +0,4.424,103,Revolver Case
May 07 2026 06: +0,4.424,35,Revolver Case
May 07 2026 07: +0,4.144,25,Revolver Case
May 07 2026 08: +0,4.137,49,Revolver Case
May 07 2026 09: +0,4.312,26,Revolver Case
May 07 2026 10: +0,4.407,37,Revolver Case
May 07 2026 11: +0,4.184,52,Revolver Case
May 07 2026 12: +0,4.401,85,Revolver Case
May 07 2026 13: +0,3.97,19,Revolver Case
May 07 2026 14: +0,4.409,155,Revolver Case
May 07 2026 15: +0,4.319,53,Revolver Case
May 07 2026 16: +0,4.39,168,Revolver Case
May 07 2026 17: +0,4.419,186,Revolver Case
May 07 2026 18: +0,4.389,56,Revolver Case
May 07 2026 19: +0,4.264,56,Revolver Case
May 07 2026 20: +0,4.326,170,Revolver Case
May 07 2026 21: +0,4.356,126,Revolver Case
May 07 2026 22: +0,4.356,83,Revolver Case
May 07 2026 23: +0,4.352,86,Revolver Case
May 08 2026 00: +0,4.398,304,Revolver Case
May 08 2026 01: +0,4.415,164,Revolver Case
May 08 2026 02: +0,4.432,206,Revolver Case
May 08 2026 03: +0,4.449,89,Revolver Case
May 08 2026 04: +0,4.449,94,Revolver Case
May 08 2026 05: +0,4.441,52,Revolver Case
May 08 2026 06: +0,4.433,36,Revolver Case
May 08 2026 07: +0,4.432,50,Revolver Case
May 08 2026 08: +0,4.347,81,Revolver Case
May 08 2026 09: +0,4.337,67,Revolver Case
May 08 2026 10: +0,4.319,37,Revolver Case
May 08 2026 11: +0,4.127,35,Revolver Case
May 08 2026 12: +0,4.339,89,Revolver Case
May 08 2026 13: +0,4.347,124,Revolver Case
May 08 2026 14: +0,4.404,117,Revolver Case
May 08 2026 15: +0,4.272,58,Revolver Case
May 08 2026 16: +0,4.417,71,Revolver Case
May 08 2026 17: +0,4.428,143,Revolver Case
May 08 2026 18: +0,4.432,150,Revolver Case
May 08 2026 19: +0,4.211,69,Revolver Case
May 08 2026 20: +0,4.427,170,Revolver Case
May 08 2026 21: +0,4.432,200,Revolver Case
May 08 2026 22: +0,4.441,116,Revolver Case
May 08 2026 23: +0,4.449,232,Revolver Case
May 09 2026 00: +0,4.441,301,Revolver Case
May 09 2026 01: +0,4.441,130,Revolver Case
May 09 2026 02: +0,4.449,304,Revolver Case
May 09 2026 03: +0,4.432,180,Revolver Case
May 09 2026 04: +0,4.432,118,Revolver Case
May 09 2026 05: +0,4.432,81,Revolver Case
May 09 2026 06: +0,4.432,178,Revolver Case
May 09 2026 07: +0,4.432,61,Revolver Case
May 09 2026 08: +0,4.339,54,Revolver Case
May 09 2026 09: +0,4.441,67,Revolver Case
May 09 2026 10: +0,4.398,47,Revolver Case
May 09 2026 11: +0,4.439,69,Revolver Case
May 09 2026 12: +0,4.411,78,Revolver Case
May 09 2026 13: +0,4.078,35,Revolver Case
May 09 2026 14: +0,4.152,65,Revolver Case
May 09 2026 15: +0,4.025,88,Revolver Case
May 09 2026 16: +0,4.318,77,Revolver Case
May 09 2026 17: +0,4.204,60,Revolver Case
May 09 2026 18: +0,4.294,117,Revolver Case
May 09 2026 19: +0,4.313,90,Revolver Case
May 09 2026 20: +0,4.258,63,Revolver Case
May 09 2026 21: +0,4.305,91,Revolver Case
May 09 2026 22: +0,4.33,135,Revolver Case
May 09 2026 23: +0,4.328,160,Revolver Case
May 10 2026 00: +0,4.365,58,Revolver Case
May 10 2026 01: +0,4.39,64,Revolver Case
May 10 2026 02: +0,4.424,119,Revolver Case
May 10 2026 03: +0,4.415,142,Revolver Case
May 10 2026 04: +0,4.415,195,Revolver Case
May 10 2026 05: +0,4.416,169,Revolver Case
May 10 2026 06: +0,4.407,108,Revolver Case
May 10 2026 07: +0,4.42,183,Revolver Case
May 10 2026 08: +0,4.248,125,Revolver Case
May 10 2026 09: +0,4.296,39,Revolver Case
May 10 2026 10: +0,4.375,40,Revolver Case
May 10 2026 11: +0,4.398,139,Revolver Case
May 10 2026 12: +0,4.411,216,Revolver Case
May 10 2026 13: +0,4.322,82,Revolver Case
May 10 2026 14: +0,4.278,64,Revolver Case
May 10 2026 15: +0,4.398,92,Revolver Case
May 10 2026 16: +0,4.407,85,Revolver Case
May 10 2026 17: +0,4.322,78,Revolver Case
May 10 2026 18: +0,4.323,91,Revolver Case
May 10 2026 19: +0,4.328,101,Revolver Case
May 10 2026 20: +0,4.338,122,Revolver Case
May 10 2026 21: +0,4.393,89,Revolver Case
May 10 2026 22: +0,4.356,183,Revolver Case
May 10 2026 23: +0,4.396,96,Revolver Case
May 11 2026 00: +0,4.398,76,Revolver Case
May 11 2026 01: +0,4.398,98,Revolver Case
May 11 2026 02: +0,4.373,51,Revolver Case
May 11 2026 03: +0,4.337,62,Revolver Case
May 11 2026 04: +0,4.381,192,Revolver Case
May 11 2026 05: +0,3.923,56,Revolver Case
May 11 2026 06: +0,4.39,101,Revolver Case
May 11 2026 07: +0,4.386,128,Revolver Case
May 11 2026 08: +0,4.385,187,Revolver Case
May 11 2026 09: +0,4.367,40,Revolver Case
May 11 2026 10: +0,4.352,46,Revolver Case
May 11 2026 11: +0,4.018,50,Revolver Case
May 11 2026 12: +0,4.322,42,Revolver Case
May 11 2026 13: +0,4.262,63,Revolver Case
May 11 2026 14: +0,4.251,68,Revolver Case
May 11 2026 15: +0,4.272,125,Revolver Case
May 11 2026 16: +0,4.328,79,Revolver Case
May 11 2026 17: +0,4.251,70,Revolver Case
May 11 2026 18: +0,4.22,186,Revolver Case
May 11 2026 19: +0,4.198,150,Revolver Case
May 11 2026 20: +0,4.131,88,Revolver Case
May 11 2026 21: +0,4.22,142,Revolver Case
May 11 2026 22: +0,4.237,120,Revolver Case
May 11 2026 23: +0,4.262,112,Revolver Case
May 12 2026 00: +0,4.271,86,Revolver Case
May 12 2026 01: +0,4.305,140,Revolver Case
May 12 2026 02: +0,4.313,134,Revolver Case
May 12 2026 03: +0,4.313,74,Revolver Case
May 12 2026 04: +0,4.313,63,Revolver Case
May 12 2026 05: +0,4.271,35,Revolver Case
May 12 2026 06: +0,4.305,62,Revolver Case
May 12 2026 07: +0,4.3,38,Revolver Case
May 12 2026 08: +0,3.923,42,Revolver Case
May 12 2026 09: +0,3.914,37,Revolver Case
May 12 2026 10: +0,4.215,58,Revolver Case
May 12 2026 11: +0,4.022,34,Revolver Case
May 12 2026 12: +0,4.114,74,Revolver Case
